id,text,x1,y1,x2,y2,src_x1,src_y1,src_x2,src_y2,tile,dup_of,fragment,surya_line,surya_conf,rotation,conflict
2261,Proposed Wharf.,2168,750,2480,1108,2168,750,2480,1108,r0c2@30,,,,,30,
134,B,2162,863,2294,942,2162,863,2294,942,r0c1,,,,,0,
257,U,2378,940,2464,992,2378,940,2464,992,r0c1,,,,,0,
169,R,2529,998,2637,1068,2529,998,2637,1068,r0c2,,,,,0,
111,R,2693,1072,2804,1141,2693,1072,2804,1141,r0c2,,,,,0,
174,A,2859,1169,2968,1236,2859,1169,2968,1236,r0c2,,,,,0,
228,R,3051,1272,3148,1341,3051,1272,3148,1341,r1c2,,,,,0,
217,Viaduct,1681,1290,1796,1382,1681,1290,1796,1382,r1c1,,,,,0,
425,Proposed Wharf.,2618,1359,2892,1536,2618,1359,2892,1536,r0c2,,,,,0,
146,D,3220,1384,3302,1444,3220,1384,3302,1444,r1c2,,,,,0,
2004,ssed,1534,1385,1616,1477,1534,1385,1616,1477,r0c1@30,,,,,30,
150,Proposed,1449,1401,1607,1519,1449,1401,1607,1519,r1c1,,,,,0,
588,Freight Shed,1776,1530,1998,1690,1776,1530,1998,1690,r1c1@30,,,,,30,
1517,INLET,3559,1591,4146,2426,3559,1591,4146,2426,r1c3@60,,,,,60,
40,No3,1830,1602,1902,1651,1830,1602,1902,1651,r1c1,,,,,0,
2266,Proposed Wharf.,3229,1647,3512,1972,3229,1647,3512,1972,r1c3@30,,,,,30,
2180,a d i a n p a,1768,1758,2572,2568,1768,1758,2572,2568,r1c1@60,,,,,60,
1983,Original Water Line as on Plan,1177,1771,1595,2072,1177,1771,1595,2072,r1c1@30,,,,,30,
135,Station & Offices.,903,1799,1181,1980,903,1799,1181,1980,r1c0,,,,,0,
129,V,3703,1814,3814,1885,3703,1814,3814,1885,r1c3,,,,,0,
84,C.P.R.,997,1823,1086,1895,997,1823,1086,1895,r1c0,,,,,0,
1170,Freight Shed,2455,1837,2644,1973,2455,1837,2644,1973,r1c2@30,,,,,30,
2249,Line os on P,1382,1883,1560,2005,1382,1883,1560,2005,r1c0@30,,,,,30,
344,No4,2495,1894,2569,1948,2495,1894,2569,1948,r1c1,,,,,0,
2267,D.L.541,1157,1933,1795,2717,1157,1933,1795,2717,r1c1@60,,,,,60,
2268,ian pacific,2022,1940,2953,2593,2022,1940,2953,2593,r1c2@30,,,,,30,
139,Cordovia,1463,1958,1756,2107,1463,1958,1756,2107,r1c1,,,,,0,
1553,New C.P.R Station,1264,1995,1531,2341,1264,1995,1531,2341,r1c1@60,,,,,60,
60,Marlboro,1610,1995,1701,2072,1610,1995,1701,2072,r1c1,,,,,0,
403,a d i a m p a c,1785,2012,2633,2335,1785,2012,2633,2335,r1c1,,,,,0,
372,"43,607)D.L.",1163,2015,1426,2353,1163,2015,1426,2353,r1c1,,,,,0,
251,GRANVILLE ST.,516,2057,874,2388,516,2057,874,2388,r1c0,,,,,0,
434,S.,774,2092,836,2140,774,2092,836,2140,r2c0,,,,,0,
230,C.P.P,1335,2103,1433,2198,1335,2103,1433,2198,r1c1,,,,,0,
2185,E T,3967,2105,4145,2359,3967,2105,4145,2359,r2c3@60,,,,,60,
415,Site for Station,1404,2106,1530,2302,1404,2106,1530,2302,r1c0,,,,,0,
2173,34,1129,2108,1146,2125,1129,2108,1146,2125,r2c0@60,,,,,60,
2133,35,1137,2122,1153,2139,1137,2122,1153,2139,r2c0@60,,,,,60,
391,H,3960,2123,4046,2190,3960,2123,4046,2190,r2c3,,,,,0,
2081,36,1144,2134,1161,2152,1144,2134,1161,2152,r2c0@60,,,,,60,
430,n Pacific Railway,2228,2140,3764,2582,2228,2140,3764,2582,r1c2,,,,,0,
2025,37,1151,2147,1169,2165,1151,2147,1169,2165,r2c0@60,,,,,60,
1969,B,1384,2157,1437,2206,1384,2157,1437,2206,r2c1@30,,,,,30,
1957,38,1159,2160,1177,2178,1159,2160,1177,2178,r2c0@60,,,,,60,
1882,39,1167,2174,1184,2192,1167,2174,1184,2192,r2c0@60,,,,,60,
1861,acitic,2481,2179,2954,2516,2481,2179,2954,2516,r2c2@30,,,,,30,
163,Grain Shed,3186,2186,3351,2270,3186,2186,3351,2270,r1c2,,,,,0,
1820,40,1174,2187,1192,2205,1174,2187,1192,2205,r2c0@60,,,,,60,
131,2,888,2200,912,2223,888,2200,912,2223,r1c0,,,,,0,
427,CORDOVA ST. WEST,1134,2201,1536,2582,1134,2201,1536,2582,r1c0,,,,,0,
2100,Raiway,3049,2206,3726,2851,3049,2206,3726,2851,r2c2@60,,,,,60,
821,658,1069,2208,1097,2239,1069,2208,1097,2239,r1c0@60,,,,,60,
158,No 5,3193,2212,3268,2258,3193,2212,3268,2258,r1c2,,,,,0,
1691,42,1190,2214,1207,2232,1190,2214,1207,2232,r2c0@60,,,,,60,
156,3,920,2229,945,2253,920,2229,945,2253,r1c0,,,,,0,
1567,44,1205,2240,1223,2258,1205,2240,1223,2258,r2c0@60,,,,,60,
1493,45,1213,2253,1230,2272,1213,2253,1230,2272,r2c0@60,,,,,60,
175,4,951,2258,975,2282,951,2258,975,2282,r1c0,,,,,0,
1740,Straight Shed,4335,2266,4518,2471,4335,2266,4518,2471,r1c3@30,,,,,30,
1417,46,1220,2267,1238,2285,1220,2267,1238,2285,r2c0@60,,,,,60,
264,Hight shed,4407,2270,4448,2462,4407,2270,4448,2462,r2c3,,,,,0,
1350,47,1228,2280,1246,2298,1228,2280,1246,2298,r2c0@60,,,,,60,
199,4,983,2290,1012,2318,983,2290,1012,2318,r1c0,,,,,0,
1284,48,1236,2293,1253,2311,1236,2293,1253,2311,r2c0@60,,,,,60,
243,Grandview,974,2295,1087,2408,974,2295,1087,2408,r2c0,,,,,0,
1245,Express Co.,1756,2302,1890,2445,1756,2302,1890,2445,r2c1@60,,,,,60,
1223,49,1243,2307,1261,2325,1243,2307,1261,2325,r2c0@60,,,,,60,
1166,50,1251,2320,1269,2338,1251,2320,1269,2338,r2c0@60,,,,,60,
224,Dominion,1765,2321,1882,2387,1765,2321,1882,2387,r2c1,,,,,0,
220,100,676,2332,710,2365,676,2332,710,2365,r2c0,,,,,0,
1107,51,1259,2333,1276,2351,1259,2333,1276,2351,r2c0@60,,,,,60,
278,14,871,2345,938,2425,871,2345,938,2425,r1c0,,,,,0,
1065,52,1266,2347,1284,2365,1266,2347,1284,2365,r2c0@60,,,,,60,
202,Hotel,1012,2353,1078,2421,1012,2353,1078,2421,r2c0,,,,,0,
1094,53,1274,2360,1292,2378,1274,2360,1292,2378,r2c0@60,,,,,60,
2262,Rait,3067,2362,3416,2647,3067,2362,3416,2647,r1c2@30,,,,,30,
187,19,713,2370,740,2398,713,2370,740,2398,r2c0,,,,,0,
2256,ST.WEST,1341,2372,1537,2630,1341,2372,1537,2630,r1c1@60,,,,,60,
178,6,1074,2384,1103,2413,1074,2384,1103,2413,r2c0,,,,,0,
1058,SEYMOUR ST.,957,2386,1283,2797,957,2386,1283,2797,r2c0@30,,,,,30,
1160,55,1290,2386,1307,2405,1290,2386,1307,2405,r2c0@60,,,,,60,
176,St.Pancis,1074,2392,1180,2498,1074,2392,1180,2498,r2c0,,,,,0,
168,18,750,2399,774,2428,750,2399,774,2428,r2c0,,,,,0,
1193,56,1297,2400,1315,2418,1297,2400,1315,2418,r2c0@60,,,,,60,
1230,57,1306,2414,1323,2432,1306,2414,1323,2432,r2c0@60,,,,,60,
151,Hotel,1112,2427,1178,2501,1112,2427,1178,2501,r2c0,,,,,0,
1261,58,1313,2428,1331,2446,1313,2428,1331,2446,r2c0@60,,,,,60,
145,17,777,2433,803,2459,777,2433,803,2459,r2c0,,,,,0,
1305,59,1321,2441,1339,2459,1321,2441,1339,2459,r2c0@60,,,,,60,
806,Stinson's Wharf.,3896,2444,4074,2635,3896,2444,4074,2635,r2c3@60,,,,,60,
353,F.,1185,2451,1280,2531,1185,2451,1280,2531,r2c1,,,,,0,
1339,60,1329,2454,1346,2472,1329,2454,1346,2472,r2c0@60,,,,,60,
333,16,808,2464,836,2493,808,2464,836,2493,r1c0,,,,,0,
1378,61,1336,2468,1354,2486,1336,2468,1354,2486,r2c0@60,,,,,60,
1427,62,1344,2481,1362,2499,1344,2481,1362,2499,r2c0@60,,,,,60,
113,Chambers,809,2485,915,2582,809,2485,915,2582,r2c0,,,,,0,
109,Dogs,819,2488,885,2553,819,2488,885,2553,r2c0,,,,,0,
103,Stimons Wharf,3900,2493,4068,2590,3900,2493,4068,2590,r2c3,,,,,0,
1459,63,1352,2494,1369,2512,1352,2494,1369,2512,r2c0@60,,,,,60,
440,tway,3341,2494,3710,2627,3341,2494,3710,2627,r2c3,,,,,0,
272,Clarke & Stewart,1207,2504,1364,2666,1207,2504,1364,2666,r2c0,,,,,0,
1512,64,1360,2509,1379,2528,1360,2509,1379,2528,r2c0@60,,,,,60,
1554,65,1369,2523,1386,2542,1369,2523,1386,2542,r2c0@60,,,,,60,
2159,220',1540,2526,1574,2562,1540,2526,1574,2562,r1c1@60,,,,,60,
420,"42,945)R",1142,2530,1198,2579,1142,2530,1198,2579,r1c1,,,,,0,
649,"Kelly, Douglas",1724,2532,1929,2724,1724,2532,1929,2724,r2c1@30,,,,,30,
1593,66,1376,2537,1394,2555,1376,2537,1394,2555,r2c0@60,,,,,60,
1632,67,1384,2550,1402,2568,1384,2550,1402,2568,r2c0@60,,,,,60,
2226,13,901,2556,934,2589,901,2556,934,2589,r1c0@30,,,,,30,
248,Building,1232,2559,1339,2670,1232,2559,1339,2670,r2c0,,,,,0,
1669,68,1392,2563,1409,2581,1392,2563,1409,2581,r2c0@60,,,,,60,
597,& Company,1692,2571,1860,2732,1692,2571,1860,2732,r2c1@30,,,,,30,
589,12th,928,2575,997,2639,928,2575,997,2639,r2c0@30,,,,,30,
1704,69,1399,2577,1417,2595,1399,2577,1417,2595,r2c0@60,,,,,60,
65,4 Company,1741,2579,1807,2716,1741,2579,1807,2716,r2c1,,,,,0,
577,210,713,2585,758,2636,713,2585,758,2636,r2c0@60,,,,,60,
1741,70,1407,2590,1425,2608,1407,2590,1425,2608,r2c0@60,,,,,60,
58,St.,1776,2593,1805,2613,1776,2593,1805,2613,r2c1,,,,,0,
562,Cobalt Bros. Ltd.,1901,2600,2101,2801,1901,2600,2101,2801,r2c1@60,,,,,60,
1783,71,1415,2605,1433,2623,1415,2605,1433,2623,r2c0@60,,,,,60,
557,Gavitt Bros.,1956,2605,2071,2741,1956,2605,2071,2741,r2c1@30,,,,,30,
710,Union SS Cos Wharf.,4265,2609,4471,2787,4265,2609,4471,2787,r2c3@30,,,,,30,
50,St.,1776,2613,1805,2633,1776,2613,1805,2633,r2c1,,,,,0,
1825,72,1424,2619,1442,2639,1424,2619,1442,2639,r2c0@60,,,,,60,
255,3,1319,2628,1346,2654,1319,2628,1346,2654,r2c0,,,,,0,
46,St.,1776,2633,1805,2653,1776,2633,1805,2653,r2c1,,,,,0,
1866,73,1432,2634,1450,2652,1432,2634,1450,2652,r2c0@60,,,,,60,
519,B,1699,2644,1731,2677,1699,2644,1731,2677,r2c1@60,,,,,60,
518,5,1863,2646,1901,2683,1863,2646,1901,2683,r2c1@60,,,,,60,
1903,74,1440,2647,1458,2665,1440,2647,1458,2665,r2c0@60,,,,,60,
41,8,2838,2648,2859,2670,2838,2648,2859,2670,r2c2,,,,,0,
39,St.,1776,2653,1805,2673,1776,2653,1805,2673,r2c1,,,,,0,
1946,75,1449,2662,1466,2680,1449,2662,1466,2680,r2c0@60,,,,,60,
34,St.,1776,2673,1805,2693,1776,2673,1805,2693,r2c1,,,,,0,
509,8,2019,2673,2082,2740,2019,2673,2082,2740,r2c1@30,,,,,30,
1988,76,1456,2675,1474,2693,1456,2675,1474,2693,r2c0@60,,,,,60,
32,7,2951,2677,2968,2700,2951,2677,2968,2700,r2c2,,,,,0,
99,Union S.S.Cbs Wharf,4270,2683,4464,2717,4270,2683,4464,2717,r2c3,,,,,0,
1486,Deportemental,1214,2687,1374,2874,1214,2687,1374,2874,r2c0@30,,,,,30,
2026,77,1464,2688,1481,2707,1464,2688,1481,2707,r2c0@60,,,,,60,
534,REF,1647,2691,1699,2748,1647,2691,1699,2748,r2c1@60,,,,,60,
30,St.,1776,2693,1805,2713,1776,2693,1805,2713,r2c1,,,,,0,
698,Johnston Bros.,2116,2693,2238,2839,2116,2693,2238,2839,r2c1@30,,,,,30,
2105,FRI,2265,2694,2297,2722,2265,2694,2297,2722,r2c2@30,,,,,30,
2099,FRI,2266,2694,2298,2723,2266,2694,2298,2723,r2c2@30,,,,,30,
2060,78,1472,2702,1489,2720,1472,2702,1489,2720,r2c0@60,,,,,60,
1815,D. Speer,1210,2703,1351,2805,1210,2703,1351,2805,r2c1@60,,,,,60,
1334,FRI,2419,2704,2460,2737,2419,2704,2460,2737,r2c2@30,,,,,30,
1345,FRI,2417,2705,2459,2738,2417,2705,2459,2738,r2c2@30,,,,,30,
2017,FRI,2285,2708,2319,2739,2285,2708,2319,2739,r2c2@30,,,,,30,
23,6,3061,2708,3082,2731,3061,2708,3082,2731,r2c2,,,,,0,
525,3,2076,2709,2107,2741,2076,2709,2107,2741,r2c1@30,,,,,30,
2042,FRI,2279,2710,2314,2742,2279,2710,2314,2742,r2c2@30,,,,,30,
22,St.,1776,2713,1805,2733,1776,2713,1805,2733,r2c1,,,,,0,
2097,79,1480,2716,1498,2734,1480,2716,1498,2734,r2c0@60,,,,,60,
880,Loray Post,2222,2718,2335,2861,2222,2718,2335,2861,r2c1@30,,,,,30,
546,9,1638,2721,1669,2751,1638,2721,1669,2751,r2c1@30,,,,,30,
328,6,1413,2722,1442,2748,1413,2722,1442,2748,r2c0,,,,,0,
1222,D. Speier,1209,2726,1321,2844,1209,2726,1321,2844,r2c0@30,,,,,30,
1914,FRI,2304,2726,2338,2759,2304,2726,2338,2759,r2c2@30,,,,,30,
682,20,1075,2728,1116,2767,1075,2728,1116,2767,r2c0@30,,,,,30,
1921,FRI,2303,2728,2339,2761,2303,2728,2339,2761,r2c2@30,,,,,30,
2134,80,1488,2731,1506,2749,1488,2731,1506,2749,r2c0@60,,,,,60,
1142,FRI,2461,2732,2498,2764,2461,2732,2498,2764,r2c2@30,,,,,30,
16,St.,1776,2733,1805,2752,1776,2733,1805,2752,r2c1,,,,,0,
714,Molsons,1011,2739,1135,2851,1011,2739,1135,2851,r2c0@30,,,,,30,
1278,Budweiser,2314,2742,2448,2872,2314,2742,2448,2872,r2c1@30,,,,,30,
37,3,3174,2743,3193,2766,3174,2743,3193,2766,r2c2,,,,,0,
2155,81,1496,2744,1514,2762,1496,2744,1514,2762,r2c0@60,,,,,60,
1811,FRI,2325,2744,2360,2777,2325,2744,2360,2777,r2c2@30,,,,,30,
1794,FRI,2329,2744,2365,2778,2329,2744,2365,2778,r2c2@30,,,,,30,
2240,FRI,2216,2747,2253,2781,2216,2747,2253,2781,r2c2@30,,,,,30,
363,7,1447,2749,1475,2776,1447,2749,1475,2776,r2c0,,,,,0,
11,St.,1776,2752,1805,2772,1776,2752,1805,2772,r2c1,,,,,0,
979,FRI,2500,2754,2536,2787,2500,2754,2536,2787,r2c2@30,,,,,30,
1916,6,3646,2755,3688,2796,3646,2755,3688,2796,r2c2@60,,,,,60,
897,FRI,2535,2758,2566,2783,2535,2758,2566,2783,r2c2@30,,,,,30,
2181,82,1505,2759,1522,2777,1505,2759,1522,2777,r2c0@60,,,,,60,
1678,FRI,2353,2760,2389,2794,2353,2760,2389,2794,r2c2@30,,,,,30,
1702,FRI,2348,2762,2382,2793,2348,2762,2382,2793,r2c2@30,,,,,30,
726,19,1108,2763,1142,2797,1108,2763,1142,2797,r2c0@30,,,,,30,
2188,FRI,2240,2763,2278,2797,2240,2763,2278,2797,r2c2@30,,,,,30,
2244,FRI,2211,2769,2248,2804,2211,2769,2248,2804,r2c2@30,,,,,30,
1548,Stor,1265,2771,1354,2846,1265,2771,1354,2846,r2c1@60,,,,,60,
79,4,3282,2771,3306,2795,3282,2771,3306,2795,r2c2,,,,,0,
2200,83,1512,2772,1530,2790,1512,2772,1530,2790,r2c0@60,,,,,60,
2,St.,1776,2772,1805,2792,1776,2772,1805,2792,r2c1,,,,,0,
1075,RICHARDS ST.,1363,2777,1693,3196,1363,2777,1693,3196,r2c1@30,,,,,30,
1569,FRI,2376,2777,2413,2811,2376,2777,2413,2811,r2c2@30,,,,,30,
2116,FRI,2263,2778,2299,2812,2263,2778,2299,2812,r2c2@30,,,,,30,
1600,FRI,2369,2780,2403,2811,2369,2780,2403,2811,r2c2@30,,,,,30,
677,Bank,1025,2781,1114,2860,1025,2781,1114,2860,r2c0@30,,,,,30,
386,8,1473,2783,1504,2811,1473,2783,1504,2811,r2c0,,,,,0,
494,1055,1792,2783,1855,2838,1792,2783,1855,2838,r2c1@30,,,,,30,
2196,FRI,2236,2784,2273,2818,2236,2784,2273,2818,r2c2@30,,,,,30,
2215,84,1520,2785,1538,2805,1520,2785,1538,2805,r2c0@60,,,,,60,
1256,ST.,1277,2786,1329,2842,1277,2786,1329,2842,r2c0@30,,,,,30,
898,FRI,2534,2787,2566,2815,2534,2787,2566,2815,r2c2@30,,,,,30,
1333,13,1305,2791,1399,2877,1305,2791,1399,2877,r2c1@30,,,,,30,
811,FRI,2576,2791,2605,2814,2576,2791,2605,2814,r2c2@30,,,,,30,
3,St.,1776,2792,1805,2812,1776,2792,1805,2812,r2c1,,,,,0,
2000,FRI,2288,2794,2323,2826,2288,2794,2323,2826,r2c2@30,,,,,30,
1440,FRI,2399,2794,2435,2827,2399,2794,2435,2827,r2c2@30,,,,,30,
2165,McClary,2564,2794,2631,2857,2564,2794,2631,2857,r2c1@30,,,,,30,
1481,FRI,2391,2796,2427,2830,2391,2796,2427,2830,r2c2@30,,,,,30,
2123,FRI,2261,2798,2298,2833,2261,2798,2298,2833,r2c2@30,,,,,30,
790,18,1138,2799,1175,2835,1138,2799,1175,2835,r2c0@30,,,,,30,
1150,Company,2329,2799,2419,2919,2329,2799,2419,2919,r2c1@60,,,,,60,
140,3,3394,2802,3417,2826,3394,2802,3417,2826,r2c2,,,,,0,
828,FRI,2569,2805,2605,2837,2569,2805,2605,2837,r2c2@30,,,,,30,
1883,FRI,2310,2809,2346,2843,2310,2809,2346,2843,r2c2@30,,,,,30,
1316,FRI,2422,2811,2459,2846,2422,2811,2459,2846,r2c2@30,,,,,30,
4,St.,1776,2812,1805,2832,1776,2812,1805,2832,r2c1,,,,,0,
2231,FRI,2220,2812,2257,2846,2220,2812,2257,2846,r2c2@30,,,,,30,
2005,FRI,2287,2813,2322,2847,2287,2813,2322,2847,r2c2@30,,,,,30,
1358,FRI,2415,2814,2449,2846,2415,2814,2449,2846,r2c2@30,,,,,30,
536,05,3874,2814,3902,2841,3874,2814,3902,2841,r2c3@60,,,,,60,
422,9,1510,2815,1534,2843,1510,2815,1534,2843,r2c0,,,,,0,
1770,FRI,2334,2824,2369,2858,2334,2824,2369,2858,r2c2@30,,,,,30,
952,4,2509,2826,2551,2867,2509,2826,2551,2867,r2c2@60,,,,,60,
763,FRI,2605,2826,2641,2858,2605,2826,2641,2858,r2c2@30,,,,,30,
498,852,1959,2827,2014,2877,1959,2827,2014,2877,r2c1@30,,,,,30,
1880,FRI,2311,2827,2346,2860,2311,2827,2346,2860,r2c2@30,,,,,30,
2171,FRI,2245,2828,2281,2862,2245,2828,2281,2862,r2c2@30,,,,,30,
1210,FRI,2446,2828,2483,2862,2446,2828,2483,2862,r2c2@30,,,,,30,
844,17,1168,2830,1204,2866,1168,2830,1204,2866,r2c0@30,,,,,30,
1249,FRI,2437,2830,2473,2863,2437,2830,2473,2863,r2c2@30,,,,,30,
5,St.,1776,2832,1805,2852,1776,2832,1805,2852,r2c1,,,,,0,
222,2,3512,2832,3532,2857,3512,2832,3532,2857,r2c2,,,,,0,
1814,A,2510,2838,2554,2880,2510,2838,2554,2880,r2c1@30,,,,,30,
1660,FRI,2357,2839,2392,2873,2357,2839,2392,2873,r2c2@30,,,,,30,
678,10,1536,2840,1571,2875,1536,2840,1571,2875,r2c1@30,,,,,30,
1764,FRI,2335,2840,2370,2874,2335,2840,2370,2874,r2c2@30,,,,,30,
530,B.C. Electric Ry Co,1740,2842,2060,3089,1740,2842,2060,3089,r2c1@30,,,,,30,
679,FRI,2650,2842,2694,2881,2650,2842,2694,2881,r2c2@30,,,,,30,
2086,FRI,2269,2843,2305,2877,2269,2843,2305,2877,r2c2@30,,,,,30,
1108,FRI,2469,2845,2507,2879,2469,2845,2507,2879,r2c2@30,,,,,30,
1138,FRI,2462,2846,2496,2877,2462,2846,2496,2877,r2c2@30,,,,,30,
694,FRI,2643,2846,2681,2881,2643,2846,2681,2881,r2c2@30,,,,,30,
837,B,2280,2850,2313,2885,2280,2850,2313,2885,r2c1@60,,,,,60,
6,St.,1776,2852,1805,2874,1776,2852,1805,2874,r2c1,,,,,0,
1650,FRI,2359,2854,2395,2889,2359,2854,2395,2889,r2c2@30,,,,,30,
1543,FRI,2380,2854,2415,2888,2380,2854,2415,2888,r2c2@30,,,,,30,
916,16,1200,2857,1237,2894,1200,2857,1237,2894,r2c0@30,,,,,30,
1972,FRI,2293,2857,2328,2891,2293,2857,2328,2891,r2c2@30,,,,,30,
1039,FRI,2486,2861,2521,2893,2486,2861,2521,2893,r2c2@30,,,,,30,
1004,FRI,2494,2861,2531,2895,2494,2861,2531,2895,r2c2@30,,,,,30,
2223,FRI,2222,2865,2260,2901,2222,2865,2260,2901,r2c2@30,,,,,30,
2232,FRI,2220,2867,2258,2905,2220,2867,2258,2905,r2c2@30,,,,,30,
627,FRI,2683,2867,2718,2899,2683,2867,2718,2899,r2c2@30,,,,,30,
1522,FRI,2384,2869,2421,2903,2384,2869,2421,2903,r2c2@30,,,,,30,
1420,FRI,2403,2869,2439,2903,2403,2869,2439,2903,r2c2@30,,,,,30,
7,St.,1776,2874,1805,2894,1776,2874,1805,2894,r2c1,,,,,0,
1862,FRI,2315,2874,2351,2908,2315,2874,2351,2908,r2c2@30,,,,,30,
936,FRI,2518,2877,2556,2911,2518,2877,2556,2911,r2c2@30,,,,,30,
948,FRI,2509,2878,2543,2910,2509,2878,2543,2910,r2c2@30,,,,,30,
2166,FRI,2247,2881,2283,2916,2247,2881,2283,2916,r2c2@30,,,,,30,
558,6,3194,2881,3251,2938,3194,2881,3251,2938,r2c2@30,,,,,30,
582,FRI,2716,2883,2753,2918,2716,2883,2753,2918,r2c2@30,,,,,30,
889,B,2304,2884,2339,2919,2304,2884,2339,2919,r2c1@60,,,,,60,
1388,FRI,2409,2884,2445,2917,2409,2884,2445,2917,r2c2@30,,,,,30,
2176,FRI,2244,2885,2281,2921,2244,2885,2281,2921,r2c2@30,,,,,30,
1307,FRI,2425,2886,2462,2920,2425,2886,2462,2920,r2c2@30,,,,,30,
1743,FRI,2339,2889,2374,2923,2339,2889,2374,2923,r2c2@30,,,,,30,
994,15,1231,2890,1268,2926,1231,2890,1268,2926,r2c0@30,,,,,30,
904,FRI,2533,2892,2567,2923,2533,2892,2567,2923,r2c2@30,,,,,30,
602,FRI,2701,2893,2730,2920,2701,2893,2730,2920,r2c2@30,,,,,30,
8,St.,1776,2894,1805,2915,1776,2894,1805,2915,r2c1,,,,,0,
884,FRI,2542,2894,2579,2928,2542,2894,2579,2928,r2c2@30,,,,,30,
2083,FRI,2270,2896,2306,2931,2270,2896,2306,2931,r2c2@30,,,,,30,
551,FRI,2745,2896,2781,2929,2745,2896,2781,2929,r2c2@30,,,,,30,
1265,FRI,2433,2897,2468,2931,2433,2897,2468,2931,r2c2@30,,,,,30,
848,6,3672,2897,3690,2918,3672,2897,3690,2918,r2c3@30,,,,,30,
533,9,2763,2900,2793,2931,2763,2900,2793,2931,r2c2@30,,,,,30,
2106,FRI,2265,2902,2302,2939,2265,2902,2302,2939,r2c2@30,,,,,30,
1186,FRI,2451,2902,2485,2934,2451,2902,2485,2934,r2c2@30,,,,,30,
2129,66,4824,2903,4845,2923,4824,2903,4845,2923,r2c3@30,,,,,30,
1634,FRI,2362,2904,2396,2937,2362,2904,2396,2937,r2c2@30,,,,,30,
2125,66,4823,2904,4844,2925,4823,2904,4844,2925,r2c3@30,,,,,30,
2124,66,4822,2905,4844,2926,4822,2905,4844,2926,r2c3@30,,,,,30,
851,FRI,2557,2906,2591,2937,2557,2906,2591,2937,r2c2@30,,,,,30,
2119,66,4821,2907,4843,2927,4821,2907,4843,2927,r2c3@30,,,,,30,
2118,66,4821,2908,4842,2929,4821,2908,4842,2929,r2c3@30,,,,,30,
834,FRI,2568,2909,2605,2941,2568,2909,2605,2941,r2c2@30,,,,,30,
143,OLD GRANVILLE TOWN,2572,2909,2683,3172,2572,2909,2683,3172,r2c2,,,,,0,
2114,66,4820,2909,4841,2930,4820,2909,4841,2930,r2c3@30,,,,,30,
633,05,3792,2910,3821,2940,3792,2910,3821,2940,r2c3@60,,,,,60,
1973,FRI,2293,2911,2329,2946,2293,2911,2329,2946,r2c2@30,,,,,30,
1163,FRI,2457,2911,2492,2945,2457,2911,2492,2945,r2c2@30,,,,,30,
526,FRI,2770,2911,2806,2944,2770,2911,2806,2944,r2c2@30,,,,,30,
2113,66,4819,2911,4841,2931,4819,2911,4841,2931,r2c3@30,,,,,30,
2108,66,4818,2912,4840,2933,4818,2912,4840,2933,r2c3@30,,,,,30,
2103,66,4818,2913,4839,2934,4818,2913,4839,2934,r2c3@30,,,,,30,
9,St.,1776,2915,1805,2935,1776,2915,1805,2935,r2c1,,,,,0,
2096,66,4817,2915,4838,2935,4817,2915,4838,2935,r2c3@30,,,,,30,
2095,66,4816,2916,4838,2937,4816,2916,4838,2937,r2c3@30,,,,,30,
1523,FRI,2384,2917,2420,2951,2384,2917,2420,2951,r2c2@30,,,,,30,
2093,66,4815,2917,4837,2938,4815,2917,4837,2938,r2c3@30,,,,,30,
2217,FRI,2225,2918,2261,2953,2225,2918,2261,2953,r2c2@30,,,,,30,
1084,FRI,2475,2918,2510,2950,2475,2918,2510,2950,r2c2@30,,,,,30,
2007,FRI,2287,2919,2325,2957,2287,2919,2325,2957,r2c2@30,,,,,30,
2088,66,4814,2919,4836,2939,4814,2919,4836,2939,r2c3@30,,,,,30,
804,FRI,2581,2920,2615,2951,2581,2920,2615,2951,r2c2@30,,,,,30,
2085,66,4814,2920,4835,2941,4814,2920,4835,2941,r2c3@30,,,,,30,
57,8,3846,2921,3871,2951,3846,2921,3871,2951,r2c3,,,,,0,
2078,66,4813,2921,4834,2942,4813,2921,4834,2942,r2c3@30,,,,,30,
782,FRI,2593,2923,2629,2957,2593,2923,2629,2957,r2c2@30,,,,,30,
2077,66,4812,2923,4834,2943,4812,2923,4834,2943,r2c3@30,,,,,30,
2074,66,4811,2924,4833,2945,4811,2924,4833,2945,r2c3@30,,,,,30,
1059,FRI,2481,2925,2516,2959,2481,2925,2516,2959,r2c2@30,,,,,30,
510,FRI,2796,2925,2831,2957,2796,2925,2831,2957,r2c2@30,,,,,30,
497,5,2867,2925,2907,2964,2867,2925,2907,2964,r2c2@60,,,,,60,
2071,66,4811,2925,4832,2946,4811,2925,4832,2946,r2c3@30,,,,,30,
1856,FRI,2316,2927,2352,2963,2316,2927,2352,2963,r2c2@30,,,,,30,
2064,66,4810,2927,4831,2947,4810,2927,4831,2947,r2c3@30,,,,,30,
2063,66,4809,2928,4831,2948,4809,2928,4831,2948,r2c3@30,,,,,30,
15,10,2870,2929,2895,2954,2870,2929,2895,2954,r2c2,,,,,0,
2062,66,4808,2929,4830,2950,4808,2929,4830,2950,r2c3@30,,,,,30,
1393,FRI,2408,2931,2444,2965,2408,2931,2444,2965,r2c2@30,,,,,30,
2056,66,4808,2931,4829,2951,4808,2931,4829,2951,r2c3@30,,,,,30,
2052,66,4807,2932,4828,2952,4807,2932,4828,2952,r2c3@30,,,,,30,
2162,FRI,2248,2933,2285,2968,2248,2933,2285,2968,r2c2@30,,,,,30,
988,FRI,2498,2933,2533,2965,2498,2933,2533,2965,r2c2@30,,,,,30,
2051,66,4806,2933,4828,2954,4806,2933,4828,2954,r2c3@30,,,,,30,
764,FRI,2605,2934,2639,2965,2605,2934,2639,2965,r2c2@30,,,,,30,
10,St.,1776,2935,1805,2955,1776,2935,1805,2955,r2c1,,,,,0,
2048,66,4805,2935,4827,2955,4805,2935,4827,2955,r2c3@30,,,,,30,
2043,66,4805,2936,4826,2956,4805,2936,4826,2956,r2c3@30,,,,,30,
1890,FRI,2309,2937,2346,2973,2309,2937,2346,2973,r2c2@30,,,,,30,
736,FRI,2617,2937,2653,2970,2617,2937,2653,2970,r2c2@30,,,,,30,
2039,66,4804,2937,4825,2958,4804,2937,4825,2958,r2c3@30,,,,,30,
541,66,4323,2938,4350,2963,4323,2938,4350,2963,r2c3@30,,,,,30,
961,FRI,2505,2939,2539,2972,2505,2939,2539,2972,r2c2@30,,,,,30,
2038,66,4803,2939,4825,2959,4803,2939,4825,2959,r2c3@30,,,,,30,
503,FRI,2822,2940,2857,2972,2822,2940,2857,2972,r2c2@30,,,,,30,
2036,66,4802,2940,4824,2960,4802,2940,4824,2960,r2c3@30,,,,,30,
2031,66,4801,2941,4823,2962,4801,2941,4823,2962,r2c3@30,,,,,30,
1744,FRI,2339,2943,2375,2978,2339,2943,2375,2978,r2c2@30,,,,,30,
2027,66,4801,2943,4822,2963,4801,2943,4822,2963,r2c3@30,,,,,30,
1468,3,2394,2944,2451,3002,2394,2944,2451,3002,r2c2@60,,,,,60,
2023,66,4800,2944,4821,2964,4800,2944,4821,2964,r2c3@30,,,,,30,
1272,FRI,2432,2945,2468,2979,2432,2945,2468,2979,r2c2@30,,,,,30,
2022,66,4799,2945,4821,2966,4799,2945,4821,2966,r2c3@30,,,,,30,
2019,66,4798,2947,4820,2967,4798,2947,4820,2967,r2c3@30,,,,,30,
1270,13,1297,2948,1332,2984,1297,2948,1332,2984,r2c0@30,,,,,30,
927,FRI,2522,2948,2556,2980,2522,2948,2556,2980,r2c2@30,,,,,30,
715,FRI,2629,2948,2664,2979,2629,2948,2664,2979,r2c2@30,,,,,30,
2014,66,4798,2948,4819,2968,4798,2948,4819,2968,r2c3@30,,,,,30,
28,5,3949,2949,3978,2983,3949,2949,3978,2983,r2c3,,,,,0,
2009,66,4797,2949,4818,2970,4797,2949,4818,2970,r2c3@30,,,,,30,
2076,FRI,2271,2950,2307,2985,2271,2950,2307,2985,r2c2@30,,,,,30,
700,FRI,2640,2951,2678,2985,2640,2951,2678,2985,r2c2@30,,,,,30,
2008,66,4796,2951,4818,2971,4796,2951,4818,2971,r2c3@30,,,,,30,
917,FRI,2527,2952,2563,2986,2527,2952,2563,2986,r2c2@30,,,,,30,
2002,66,4795,2952,4817,2972,4795,2952,4817,2972,r2c3@30,,,,,30,
1997,66,4795,2953,4816,2974,4795,2953,4816,2974,r2c3@30,,,,,30,
500,FRI,2847,2954,2881,2986,2847,2954,2881,2986,r2c2@30,,,,,30,
13,St.,1776,2955,1805,2977,1776,2955,1805,2977,r2c1,,,,,0,
1991,66,4794,2955,4815,2975,4794,2955,4815,2975,r2c3@30,,,,,30,
1786,FRI,2330,2956,2367,2992,2330,2956,2367,2992,r2c2@30,,,,,30,
1990,66,4793,2956,4815,2976,4793,2956,4815,2976,r2c3@30,,,,,30,
1986,66,4792,2957,4814,2978,4792,2957,4814,2978,r2c3@30,,,,,30,
1635,FRI,2362,2958,2398,2993,2362,2958,2398,2993,r2c2@30,,,,,30,
1156,FRI,2458,2959,2494,2994,2458,2959,2494,2994,r2c2@30,,,,,30,
1980,66,4791,2959,4813,2979,4791,2959,4813,2979,r2c3@30,,,,,30,
1976,66,4791,2960,4812,2980,4791,2960,4812,2980,r2c3@30,,,,,30,
267,210,2402,2961,2445,2986,2402,2961,2445,2986,r2c2,,,,,0,
1967,66,4790,2961,4811,2982,4790,2961,4811,2982,r2c3@30,,,,,30,
671,FRI,2654,2962,2687,2992,2654,2962,2687,2992,r2c2@30,,,,,30,
504,2,2028,2963,2057,2993,2028,2963,2057,2993,r2c1@30,,,,,30,
875,FRI,2547,2963,2580,2994,2547,2963,2580,2994,r2c2@30,,,,,30,
14,11,2985,2963,3007,2984,2985,2963,3007,2984,r2c2,,,,,0,
1966,66,4789,2963,4811,2983,4789,2963,4811,2983,r2c3@30,,,,,30,
1963,66,4788,2964,4810,2984,4788,2964,4810,2984,r2c3@30,,,,,30,
1960,66,4788,2965,4809,2986,4788,2965,4809,2986,r2c3@30,,,,,30,
1974,FRI,2293,2966,2329,3001,2293,2966,2329,3001,r2c2@30,,,,,30,
867,FRI,2551,2966,2586,2999,2551,2966,2586,2999,r2c2@30,,,,,30,
654,FRI,2666,2966,2702,2999,2666,2966,2702,2999,r2c2@30,,,,,30,
1956,66,4787,2967,4808,2987,4787,2967,4808,2987,r2c3@30,,,,,30,
1955,66,4786,2968,4808,2988,4786,2968,4808,2988,r2c3@30,,,,,30,
499,FRI,2873,2969,2905,2998,2873,2969,2905,2998,r2c2@30,,,,,30,
1951,66,4785,2969,4807,2990,4785,2969,4807,2990,r2c3@30,,,,,30,
1941,66,4785,2971,4806,2991,4785,2971,4806,2991,r2c3@30,,,,,30,
1679,FRI,2353,2972,2390,3009,2353,2972,2390,3009,r2c2@30,,,,,30,
1938,66,4784,2972,4805,2992,4784,2972,4805,2992,r2c3@30,,,,,30,
1937,66,4783,2973,4805,2994,4783,2973,4805,2994,r2c3@30,,,,,30,
1524,FRI,2384,2974,2421,3009,2384,2974,2421,3009,r2c2@30,,,,,30,
1051,FRI,2483,2974,2518,3008,2483,2974,2518,3008,r2c2@30,,,,,30,
635,FRI,2677,2975,2711,3006,2677,2975,2711,3006,r2c2@30,,,,,30,
1933,66,4782,2975,4804,2995,4782,2975,4804,2995,r2c3@30,,,,,30,
1103,BANK,1356,2976,1431,3039,1356,2976,1431,3039,r2c1@30,,,,,30,
830,FRI,2569,2976,2604,3008,2569,2976,2604,3008,r2c2@30,,,,,30,
1927,66,4781,2976,4803,2996,4781,2976,4803,2996,r2c3@30,,,,,30,
20,St.,1776,2977,1805,2997,1776,2977,1805,2997,r2c1,,,,,0,
1922,66,4781,2977,4802,2998,4781,2977,4802,2998,r2c3@30,,,,,30,
816,FRI,2574,2979,2609,3013,2574,2979,2609,3013,r2c2@30,,,,,30,
614,FRI,2690,2979,2726,3013,2690,2979,2726,3013,r2c2@30,,,,,30,
1919,66,4780,2979,4801,2999,4780,2979,4801,2999,r2c3@30,,,,,30,
182,DISTRICT LOT 541,2517,2980,2626,3292,2517,2980,2626,3292,r2c2,,,,,0,
1918,66,4779,2980,4801,3000,4779,2980,4801,3000,r2c3@30,,,,,30,
1447,12,1329,2981,1366,3018,1329,2981,1366,3018,r2c0@30,,,,,30,
1911,66,4778,2981,4800,3002,4778,2981,4800,3002,r2c3@30,,,,,30,
501,FRI,2896,2982,2929,3011,2896,2982,2929,3011,r2c2@30,,,,,30,
1863,FRI,2315,2983,2352,3019,2315,2983,2352,3019,r2c2@30,,,,,30,
1907,66,4778,2983,4799,3003,4778,2983,4799,3003,r2c3@30,,,,,30,
1900,66,4777,2984,4798,3004,4777,2984,4798,3004,r2c3@30,,,,,30,
1899,66,4776,2985,4798,3006,4776,2985,4798,3006,r2c3@30,,,,,30,
24,4,4071,2986,4095,3014,4071,2986,4095,3014,r2c3,,,,,0,
1897,66,4775,2987,4797,3007,4775,2987,4797,3007,r2c3@30,,,,,30,
956,FRI,2507,2988,2542,3022,2507,2988,2542,3022,r2c2@30,,,,,30,
1892,66,4775,2988,4796,3008,4775,2988,4796,3008,r2c3@30,,,,,30,
1399,FRI,2407,2989,2444,3025,2407,2989,2444,3025,r2c2@30,,,,,30,
787,FRI,2591,2989,2628,3023,2591,2989,2628,3023,r2c2@30,,,,,30,
603,FRI,2701,2989,2735,3020,2701,2989,2735,3020,r2c2@30,,,,,30,
1887,66,4774,2989,4795,3010,4774,2989,4795,3010,r2c3@30,,,,,30,
1576,FRI,2374,2990,2411,3027,2374,2990,2411,3027,r2c2@30,,,,,30,
1886,66,4773,2991,4795,3011,4773,2991,4795,3011,r2c3@30,,,,,30,
25,12,3100,2992,3123,3015,3100,2992,3123,3015,r2c2,,,,,0,
1881,66,4772,2992,4794,3012,4772,2992,4794,3012,r2c3@30,,,,,30,
770,FRI,2598,2993,2633,3026,2598,2993,2633,3026,r2c2@30,,,,,30,
583,FRI,2714,2993,2748,3026,2714,2993,2748,3026,r2c2@30,,,,,30,
1877,66,4771,2993,4793,3014,4771,2993,4793,3014,r2c3@30,,,,,30,
1395,BANK,1293,2995,1388,3076,1293,2995,1388,3076,r2c1@30,,,,,30,
1875,66,4771,2995,4792,3015,4771,2995,4792,3015,r2c3@30,,,,,30,
502,FRI,2920,2996,2953,3024,2920,2996,2953,3024,r2c2@30,,,,,30,
1869,66,4770,2996,4791,3016,4770,2996,4791,3016,r2c3@30,,,,,30,
26,St.,1776,2997,1805,3017,1776,2997,1805,3017,r2c1,,,,,0,
1868,66,4769,2997,4791,3018,4769,2997,4791,3018,r2c3@30,,,,,30,
1746,FRI,2338,2999,2374,3034,2338,2999,2374,3034,r2c2@30,,,,,30,
1865,66,4768,2999,4790,3019,4768,2999,4790,3019,r2c3@30,,,,,30,
1858,66,4768,3000,4789,3020,4768,3000,4789,3020,r2c3@30,,,,,30,
1854,66,4767,3001,4788,3022,4767,3001,4788,3022,r2c3@30,,,,,30,
907,FRI,2531,3002,2566,3035,2531,3002,2566,3035,r2c2@30,,,,,30,
741,FRI,2615,3003,2651,3036,2615,3003,2651,3036,r2c2@30,,,,,30,
573,FRI,2725,3003,2756,3032,2725,3003,2756,3032,r2c2@30,,,,,30,
1853,66,4766,3003,4788,3023,4766,3003,4788,3023,r2c3@30,,,,,30,
1847,66,4765,3004,4787,3024,4765,3004,4787,3024,r2c3@30,,,,,30,
515,4,3167,3005,3207,3043,3167,3005,3207,3043,r2c2@60,,,,,60,
1843,66,4765,3005,4786,3026,4765,3005,4786,3026,r2c3@30,,,,,30,
1279,FRI,2430,3006,2467,3042,2430,3006,2467,3042,r2c2@30,,,,,30,
729,FRI,2622,3006,2657,3040,2622,3006,2657,3040,r2c2@30,,,,,30,
563,FRI,2736,3006,2771,3039,2736,3006,2771,3039,r2c2@30,,,,,30,
1841,66,4764,3007,4785,3027,4764,3007,4785,3027,r2c3@30,,,,,30,
1453,FRI,2397,3008,2433,3043,2397,3008,2433,3043,r2c2@30,,,,,30,
1840,66,4763,3008,4785,3028,4763,3008,4785,3028,r2c3@30,,,,,30,
719,Ice House.,4352,3009,4478,3094,4352,3009,4478,3094,r2c3@30,,,,,30,
1835,66,4762,3009,4784,3030,4762,3009,4784,3030,r2c3@30,,,,,30,
505,FRI,2944,3010,2976,3038,2944,3010,2976,3038,r2c2@30,,,,,30,
435,HASTINGS ST. WEST,1120,3011,1536,3461,1120,3011,1536,3461,r2c0,,,,,0,
1831,66,4761,3011,4783,3031,4761,3011,4783,3031,r2c3@30,,,,,30,
35,A,3168,3012,3190,3035,3168,3012,3190,3035,r2c2,,,,,0,
33,3,4181,3012,4210,3044,4181,3012,4210,3044,r2c3,,,,,0,
1823,66,4761,3012,4782,3032,4761,3012,4782,3032,r2c3@30,,,,,30,
1822,66,4760,3013,4782,3034,4760,3013,4782,3034,r2c3@30,,,,,30,
855,FRI,2555,3015,2590,3049,2555,3015,2590,3049,r2c2@30,,,,,30,
550,FRI,2746,3015,2779,3045,2746,3015,2779,3045,r2c2@30,,,,,30,
1819,66,4759,3015,4781,3035,4759,3015,4781,3035,r2c3@30,,,,,30,
1585,11,1359,3016,1392,3049,1359,3016,1392,3049,r2c0@30,,,,,30,
701,FRI,2639,3016,2675,3050,2639,3016,2675,3050,r2c2@30,,,,,30,
1813,66,4758,3016,4780,3036,4758,3016,4780,3036,r2c3@30,,,,,30,
31,St.,1776,3017,1805,3037,1776,3017,1805,3037,r2c1,,,,,0,
1651,FRI,2359,3017,2396,3053,2359,3017,2396,3053,r2c2@30,,,,,30,
1808,66,4758,3017,4779,3038,4758,3017,4779,3038,r2c3@30,,,,,30,
1803,66,4757,3019,4778,3039,4757,3019,4778,3039,r2c3@30,,,,,30,
690,FRI,2646,3020,2681,3054,2646,3020,2681,3054,r2c2@30,,,,,30,
1802,66,4756,3020,4778,3040,4756,3020,4778,3040,r2c3@30,,,,,30,
1800,66,4755,3021,4777,3042,4755,3021,4777,3042,r2c3@30,,,,,30,
1176,FRI,2454,3023,2490,3058,2454,3023,2490,3058,r2c2@30,,,,,30,
537,FRI,2759,3023,2795,3055,2759,3023,2795,3055,r2c2@30,,,,,30,
1797,66,4755,3023,4776,3043,4755,3023,4776,3043,r2c3@30,,,,,30,
548,4,2104,3024,2130,3050,2104,3024,2130,3050,r2c1@30,,,,,30,
507,FRI,2968,3024,3000,3052,2968,3024,3000,3052,r2c2@30,,,,,30,
1789,66,4754,3024,4775,3044,4754,3024,4775,3044,r2c3@30,,,,,30,
1788,66,4753,3025,4775,3046,4753,3025,4775,3046,r2c3@30,,,,,30,
1341,FRI,2418,3026,2456,3062,2418,3026,2456,3062,r2c2@30,,,,,30,
51,B,3225,3027,3245,3049,3225,3027,3245,3049,r2c2,,,,,0,
1785,66,4752,3027,4774,3047,4752,3027,4774,3047,r2c3@30,,,,,30,
1285,B,2426,3028,2449,3053,2426,3028,2449,3053,r2c1@60,,,,,60,
1781,66,4752,3028,4773,3048,4752,3028,4773,3048,r2c3@30,,,,,30,
810,FRI,2579,3029,2614,3063,2579,3029,2614,3063,r2c2@30,,,,,30,
659,FRI,2662,3029,2697,3063,2662,3029,2697,3063,r2c2@30,,,,,30,
527,FRI,2770,3029,2803,3059,2770,3029,2803,3059,r2c2@30,,,,,30,
1777,66,4751,3029,4772,3050,4751,3029,4772,3050,r2c3@30,,,,,30,
1619,B,2492,3030,2514,3054,2492,3030,2514,3054,r2c1@60,,,,,60,
1776,66,4750,3031,4772,3051,4750,3031,4772,3051,r2c3@30,,,,,30,
1772,66,4749,3032,4771,3052,4749,3032,4771,3052,r2c3@30,,,,,30,
1766,66,4748,3033,4770,3054,4748,3033,4770,3054,r2c3@30,,,,,30,
1760,66,4748,3034,4769,3055,4748,3034,4769,3055,r2c3@30,,,,,30,
1535,FRI,2381,3035,2418,3070,2381,3035,2418,3070,r2c2@30,,,,,30,
644,FRI,2671,3035,2707,3069,2671,3035,2707,3069,r2c2@30,,,,,30,
1754,66,4747,3036,4768,3056,4747,3036,4768,3056,r2c3@30,,,,,30,
36,St.,1776,3037,1805,3057,1776,3037,1805,3057,r2c1,,,,,0,
600,5,2149,3037,2176,3065,2149,3037,2176,3065,r2c1@30,,,,,30,
514,FRI,2785,3037,2820,3069,2785,3037,2820,3069,r2c2@30,,,,,30,
513,FRI,2993,3037,3023,3064,2993,3037,3023,3064,r2c2@30,,,,,30,
1753,66,4746,3037,4768,3058,4746,3037,4768,3058,r2c3@30,,,,,30,
1748,66,4745,3038,4767,3059,4745,3038,4767,3059,r2c3@30,,,,,30,
1077,FRI,2477,3040,2512,3073,2477,3040,2512,3073,r2c2@30,,,,,30,
1745,66,4745,3040,4766,3060,4745,3040,4766,3060,r2c3@30,,,,,30,
1739,66,4744,3041,4765,3062,4744,3041,4765,3062,r2c3@30,,,,,30,
625,FRI,2684,3042,2720,3076,2684,3042,2720,3076,r2c2@30,,,,,30,
517,FRI,2793,3042,2827,3073,2793,3042,2827,3073,r2c2@30,,,,,30,
1595,Co Limited,3448,3042,3622,3217,3448,3042,3622,3217,r2c2@60,,,,,60,
1738,66,4743,3042,4765,3063,4743,3042,4765,3063,r2c3@30,,,,,30,
1232,FRI,2441,3043,2478,3080,2441,3043,2478,3080,r2c2@30,,,,,30,
767,FRI,2603,3043,2638,3077,2603,3043,2638,3077,r2c2@30,,,,,30,
699,14,3310,3044,3352,3082,3310,3044,3352,3082,r2c2@30,,,,,30,
1733,66,4742,3044,4764,3064,4742,3044,4764,3064,r2c3@30,,,,,30,
1729,66,4742,3045,4763,3066,4742,3045,4763,3066,r2c3@30,,,,,30,
1724,66,4741,3046,4762,3067,4741,3046,4762,3067,r2c3@30,,,,,30,
43,2,4299,3047,4321,3077,4299,3047,4321,3077,r2c3,,,,,0,
667,6,2188,3048,2220,3079,2188,3048,2220,3079,r2c1@30,,,,,30,
1196,Pierce,3562,3048,3647,3146,3562,3048,3647,3146,r2c3@30,,,,,30,
1723,66,4740,3048,4762,3068,4740,3048,4762,3068,r2c3@30,,,,,30,
610,FRI,2695,3049,2731,3082,2695,3049,2731,3082,r2c2@30,,,,,30,
1719,66,4739,3049,4761,3070,4739,3049,4761,3070,r2c3@30,,,,,30,
520,FRI,3015,3050,3046,3077,3015,3050,3046,3077,r2c2@30,,,,,30,
1714,66,4738,3050,4760,3071,4738,3050,4760,3071,r2c3@30,,,,,30,
1421,FRI,2403,3051,2441,3088,2403,3051,2441,3088,r2c2@30,,,,,30,
523,FRI,2810,3052,2845,3084,2810,3052,2845,3084,r2c2@30,,,,,30,
1711,66,4738,3052,4759,3072,4738,3052,4759,3072,r2c3@30,,,,,30,
976,FRI,2501,3053,2535,3086,2501,3053,2535,3086,r2c2@30,,,,,30,
1708,66,4737,3053,4758,3074,4737,3053,4758,3074,r2c3@30,,,,,30,
1707,66,4736,3054,4758,3075,4736,3054,4758,3075,r2c3@30,,,,,30,
595,FRI,2708,3056,2744,3090,2708,3056,2744,3090,r2c2@30,,,,,30,
528,FRI,2817,3056,2851,3087,2817,3056,2851,3087,r2c2@30,,,,,30,
1703,66,4735,3056,4757,3076,4735,3056,4757,3076,r2c3@30,,,,,30,
42,St.,1776,3057,1805,3077,1776,3057,1805,3077,r2c1,,,,,0,
723,FRI,2626,3057,2662,3091,2626,3057,2662,3091,r2c2@30,,,,,30,
1700,66,4735,3057,4756,3078,4735,3057,4756,3078,r2c3@30,,,,,30,
1396,B,2448,3058,2471,3083,2448,3058,2471,3083,r2c1@60,,,,,60,
1696,66,4734,3058,4755,3079,4734,3058,4755,3079,r2c3@30,,,,,30,
531,FRI,2839,3060,2872,3090,2839,3060,2872,3090,r2c2@30,,,,,30,
1695,66,4733,3060,4755,3080,4733,3060,4755,3080,r2c3@30,,,,,30,
1127,FRI,2464,3061,2500,3096,2464,3061,2500,3096,r2c2@30,,,,,30,
1690,66,4732,3061,4754,3082,4732,3061,4754,3082,r2c3@30,,,,,30,
580,FRI,2719,3062,2754,3096,2719,3062,2754,3096,r2c2@30,,,,,30,
1685,66,4732,3062,4753,3083,4732,3062,4753,3083,r2c3@30,,,,,30,
532,FRI,3038,3063,3068,3090,3038,3063,3068,3090,r2c2@30,,,,,30,
1682,66,4731,3064,4752,3084,4731,3064,4752,3084,r2c3@30,,,,,30,
1681,66,4730,3065,4752,3086,4730,3065,4752,3086,r2c3@30,,,,,30,
417,7,2233,3066,2251,3087,2233,3066,2251,3087,r2c2,,,,,0,
1676,66,4729,3066,4751,3087,4729,3066,4751,3087,r2c3@30,,,,,30,
924,FRI,2523,3067,2559,3100,2523,3067,2559,3100,r2c2@30,,,,,30,
1293,FRI,2427,3068,2464,3105,2427,3068,2464,3105,r2c2@30,,,,,30,
1672,66,4728,3068,4750,3088,4728,3068,4750,3088,r2c3@30,,,,,30,
812,Griffin Brooke,1790,3069,1960,3281,1790,3069,1960,3281,r2c1@30,,,,,30,
1667,66,4728,3069,4749,3089,4728,3069,4749,3089,r2c3@30,,,,,30,
565,FRI,2732,3070,2768,3104,2732,3070,2768,3104,r2c2@30,,,,,30,
540,FRI,2841,3070,2874,3101,2841,3070,2874,3101,r2c2@30,,,,,30,
1664,66,4727,3070,4748,3091,4727,3070,4748,3091,r2c3@30,,,,,30,
680,FRI,2650,3071,2686,3104,2650,3071,2686,3104,r2c2@30,,,,,30,
1663,66,4726,3072,4748,3092,4726,3072,4748,3092,r2c3@30,,,,,30,
1791,B,2526,3073,2549,3098,2526,3073,2549,3098,r2c1@60,,,,,60,
1656,66,4725,3073,4747,3093,4725,3073,4747,3093,r2c3@30,,,,,30,
538,FRI,2865,3074,2897,3101,2865,3074,2897,3101,r2c2@30,,,,,30,
539,FRI,2896,3074,2927,3101,2896,3074,2927,3101,r2c2@30,,,,,30,
543,FRI,2926,3074,2960,3103,2926,3074,2960,3103,r2c2@30,,,,,30,
1653,66,4725,3074,4746,3095,4725,3074,4746,3095,r2c3@30,,,,,30,
1028,FRI,2488,3076,2522,3109,2488,3076,2522,3109,r2c2@30,,,,,30,
556,FRI,2743,3076,2780,3111,2743,3076,2780,3111,r2c2@30,,,,,30,
1649,66,4724,3076,4745,3096,4724,3076,4745,3096,r2c3@30,,,,,30,
48,St.,1776,3077,1805,3097,1776,3077,1805,3097,r2c1,,,,,0,
544,FRI,3061,3077,3091,3103,3061,3077,3091,3103,r2c2@30,,,,,30,
1648,66,4723,3077,4745,3097,4723,3077,4745,3097,r2c3@30,,,,,30,
374,8,2276,3078,2294,3101,2276,3078,2294,3101,r2c2,,,,,0,
902,2,2316,3078,2345,3109,2316,3078,2345,3109,r2c1@30,,,,,30,
1642,66,4722,3078,4744,3099,4722,3078,4744,3099,r2c3@30,,,,,30,
932,15,3435,3079,3473,3117,3435,3079,3473,3117,r2c2@30,,,,,30,
877,FRI,2547,3080,2583,3115,2547,3080,2583,3115,r2c2@30,,,,,30,
78,1,4405,3080,4418,3101,4405,3080,4418,3101,r2c3,,,,,0,
1637,66,4722,3080,4743,3100,4722,3080,4743,3100,r2c3@30,,,,,30,
1631,66,4721,3081,4742,3101,4721,3081,4742,3101,r2c3@30,,,,,30,
1630,66,4720,3082,4742,3103,4720,3082,4742,3103,r2c3@30,,,,,30,
560,FRI,2864,3083,2898,3115,2864,3083,2898,3115,r2c2@30,,,,,30,
561,FRI,2756,3084,2792,3118,2756,3084,2792,3118,r2c2@30,,,,,30,
1625,66,4719,3084,4741,3104,4719,3084,4741,3104,r2c3@30,,,,,30,
1626,66,4720,3084,4741,3103,4720,3084,4741,3103,r2c3@30,,,,,30,
1194,FRI,2449,3085,2486,3121,2449,3085,2486,3121,r2c2@30,,,,,30,
641,FRI,2674,3085,2710,3118,2674,3085,2710,3118,r2c2@30,,,,,30,
555,FRI,2954,3085,2986,3113,2954,3085,2986,3113,r2c2@30,,,,,30,
1617,66,4718,3085,4740,3105,4718,3085,4740,3105,r2c3@30,,,,,30,
1613,66,4718,3086,4739,3107,4718,3086,4739,3107,r2c3@30,,,,,30,
1610,66,4717,3088,4738,3108,4717,3088,4738,3108,r2c3@30,,,,,30,
1609,66,4716,3089,4738,3109,4716,3089,4738,3109,r2c3@30,,,,,30,
332,9,2319,3090,2337,3113,2319,3090,2337,3113,r2c2,,,,,0,
559,FRI,3083,3090,3112,3115,3083,3090,3112,3115,r2c2@30,,,,,30,
1604,66,4715,3090,4737,3111,4715,3090,4737,3111,r2c3@30,,,,,30,
567,FRI,2768,3091,2805,3125,2768,3091,2805,3125,r2c2@30,,,,,30,
951,FRI,2509,3092,2544,3126,2509,3092,2544,3126,r2c2@30,,,,,30,
1602,66,4715,3092,4736,3112,4715,3092,4736,3112,r2c3@30,,,,,30,
1598,66,4714,3093,4735,3113,4714,3093,4735,3113,r2c3@30,,,,,30,
825,FRI,2570,3094,2607,3129,2570,3094,2607,3129,r2c2@30,,,,,30,
1597,66,4713,3094,4735,3115,4713,3094,4735,3115,r2c3@30,,,,,30,
1592,66,4712,3096,4734,3116,4712,3096,4734,3116,r2c3@30,,,,,30,
54,St.,1776,3097,1805,3117,1776,3097,1805,3117,r2c1,,,,,0,
571,FRI,2888,3097,2922,3128,2888,3097,2922,3128,r2c2@30,,,,,30,
568,FRI,2979,3097,3011,3126,2979,3097,3011,3126,r2c2@30,,,,,30,
1587,66,4712,3097,4733,3117,4712,3097,4733,3117,r2c3@30,,,,,30,
606,FRI,2698,3098,2734,3132,2698,3098,2734,3132,r2c2@30,,,,,30,
574,FRI,2780,3098,2816,3132,2780,3098,2816,3132,r2c2@30,,,,,30,
1584,66,4711,3098,4732,3119,4711,3098,4732,3119,r2c3@30,,,,,30,
1583,66,4710,3100,4732,3120,4710,3100,4732,3120,r2c3@30,,,,,30,
1095,FRI,2472,3101,2509,3138,2472,3101,2509,3138,r2c2@30,,,,,30,
1578,66,4709,3101,4731,3121,4709,3101,4731,3121,r2c3@30,,,,,30,
570,FRI,3104,3102,3135,3128,3104,3102,3135,3128,r2c2@30,,,,,30,
1575,66,4709,3102,4730,3123,4709,3102,4730,3123,r2c3@30,,,,,30,
299,10,2355,3104,2380,3126,2355,3104,2380,3126,r2c2,,,,,0,
1572,66,4708,3104,4729,3124,4708,3104,4729,3124,r2c3@30,,,,,30,
581,FRI,2794,3105,2829,3139,2794,3105,2829,3139,r2c2@30,,,,,30,
1571,66,4707,3105,4729,3125,4707,3105,4729,3125,r2c3@30,,,,,30,
1565,66,4706,3106,4728,3127,4706,3106,4728,3127,r2c3@30,,,,,30,
1827,B,2532,3107,2556,3132,2532,3107,2556,3132,r2c1@60,,,,,60,
910,FRI,2530,3108,2568,3145,2530,3108,2568,3145,r2c2@30,,,,,30,
781,FRI,2594,3108,2631,3143,2594,3108,2631,3143,r2c2@30,,,,,30,
579,FRI,3004,3108,3035,3136,3004,3108,3035,3136,r2c2@30,,,,,30,
1560,66,4705,3108,4727,3128,4705,3108,4727,3128,r2c3@30,,,,,30,
1550,66,4705,3109,4726,3129,4705,3109,4726,3129,r2c3@30,,,,,30,
1366,16,3536,3110,3579,3150,3536,3110,3579,3150,r2c2@30,,,,,30,
1546,66,4704,3110,4725,3131,4704,3110,4725,3131,r2c3@30,,,,,30,
585,FRI,2912,3111,2946,3142,2912,3111,2946,3142,r2c2@30,,,,,30,
593,FRI,2722,3112,2759,3147,2722,3112,2759,3147,r2c2@30,,,,,30,
591,FRI,2804,3112,2840,3145,2804,3112,2840,3145,r2c2@30,,,,,30,
1545,66,4703,3112,4725,3132,4703,3112,4725,3132,r2c3@30,,,,,30,
1464,B,2459,3113,2484,3139,2459,3113,2484,3139,r2c1@60,,,,,60,
1537,66,4702,3113,4724,3133,4702,3113,4724,3133,r2c3@30,,,,,30,
1533,66,4702,3114,4723,3135,4702,3114,4723,3135,r2c3@30,,,,,30,
268,11,2402,3115,2420,3136,2402,3115,2420,3136,r2c2,,,,,0,
584,FRI,3127,3115,3159,3142,3127,3115,3159,3142,r2c2@30,,,,,30,
1530,66,4701,3116,4722,3136,4701,3116,4722,3136,r2c3@30,,,,,30,
63,St.,1776,3117,1805,3136,1776,3117,1805,3136,r2c1,,,,,0,
1529,66,4700,3117,4722,3137,4700,3117,4722,3137,r2c3@30,,,,,30,
1005,FRI,2494,3118,2531,3154,2494,3118,2531,3154,r2c2@30,,,,,30,
1525,66,4699,3118,4721,3139,4699,3118,4721,3139,r2c3@30,,,,,30,
599,FRI,2817,3119,2853,3153,2817,3119,2853,3153,r2c2@30,,,,,30,
592,FRI,3028,3119,3059,3146,3028,3119,3059,3146,r2c2@30,,,,,30,
170,168,3642,3120,3696,3153,3642,3120,3696,3153,r2c3,,,,,0,
1516,66,4699,3120,4720,3140,4699,3120,4720,3140,r2c3@30,,,,,30,
590,FRI,3085,3121,3112,3145,3085,3121,3112,3145,r2c2@30,,,,,30,
586,FRI,3134,3121,3159,3143,3134,3121,3159,3143,r2c2@30,,,,,30,
1509,66,4698,3121,4719,3141,4698,3121,4719,3141,r2c3@30,,,,,30,
1508,66,4697,3122,4719,3143,4697,3122,4719,3143,r2c3@30,,,,,30,
388,10,2260,3123,2336,3195,2260,3123,2336,3195,r2c2,,,,,0,
733,FRI,2620,3123,2656,3158,2620,3123,2656,3158,r2c2@30,,,,,30,
1504,66,4696,3124,4718,3144,4696,3124,4718,3144,r2c3@30,,,,,30,
607,FRI,2828,3125,2864,3159,2828,3125,2864,3159,r2c2@30,,,,,30,
605,FRI,2936,3125,2970,3156,2936,3125,2970,3156,r2c2@30,,,,,30,
1500,66,4695,3125,4717,3145,4695,3125,4717,3145,r2c3@30,,,,,30,
1495,66,4695,3126,4716,3147,4695,3126,4716,3147,r2c3@30,,,,,30,
237,12,2442,3127,2463,3150,2442,3127,2463,3150,r2c2,,,,,0,
863,FRI,2553,3127,2590,3163,2553,3127,2590,3163,r2c2@30,,,,,30,
611,FRI,2748,3127,2784,3161,2748,3127,2784,3161,r2c2@30,,,,,30,
604,FRI,3053,3128,3086,3156,3053,3128,3086,3156,r2c2@30,,,,,30,
2237,50,3659,3128,3693,3161,3659,3128,3693,3161,r3c3@30,,,,,30,
1491,66,4694,3128,4715,3148,4694,3128,4715,3148,r2c3@30,,,,,30,
601,FRI,3151,3129,3180,3154,3151,3129,3180,3154,r2c2@30,,,,,30,
81,1,4115,3129,4141,3175,4115,3129,4141,3175,r2c3,,,,,0,
1490,66,4693,3129,4715,3149,4693,3129,4715,3149,r2c3@30,,,,,30,
1483,66,4692,3130,4714,3151,4692,3130,4714,3151,r2c3@30,,,,,30,
1480,66,4692,3132,4713,3152,4692,3132,4713,3152,r2c3@30,,,,,30,
617,FRI,2841,3133,2877,3167,2841,3133,2877,3167,r2c2@30,,,,,30,
1475,66,4691,3133,4712,3153,4691,3133,4712,3153,r2c3@30,,,,,30,
942,FRI,2516,3134,2553,3171,2516,3134,2553,3171,r2c2@30,,,,,30,
1066,168,3593,3134,3621,3165,3593,3134,3621,3165,r2c3@30,,,,,30,
1474,66,4690,3134,4712,3155,4690,3134,4712,3155,r2c3@30,,,,,30,
73,St.,1776,3136,1805,3156,1776,3136,1805,3156,r2c1,,,,,0,
692,FRI,2644,3136,2680,3172,2644,3136,2680,3172,r2c2@30,,,,,30,
1470,66,4689,3136,4711,3156,4689,3136,4711,3156,r2c3@30,,,,,30,
479,20,1466,3137,1504,3171,1466,3137,1504,3171,r3c1,,,,,0,
480,LOT SAL,2483,3137,2552,3269,2483,3137,2552,3269,r3c1,,,,,0,
483,20,2506,3137,2521,3151,2506,3137,2521,3151,r3c1,,,,,0,
484,20,2509,3137,2523,3151,2509,3137,2523,3151,r3c1,,,,,0,
485,20,2512,3137,2524,3151,2512,3137,2524,3151,r3c1,,,,,0,
486,20,2513,3137,2524,3151,2513,3137,2524,3151,r3c1,,,,,0,
1462,66,4689,3137,4710,3157,4689,3137,4710,3157,r2c3@30,,,,,30,
207,13,2480,3138,2501,3161,2480,3138,2501,3161,r2c2,,,,,0,
609,FRI,3126,3138,3151,3160,3126,3138,3151,3160,r2c2@30,,,,,30,
1458,66,4688,3138,4709,3159,4688,3138,4709,3159,r2c3@30,,,,,30,
628,FRI,2852,3139,2888,3173,2852,3139,2888,3173,r2c2@30,,,,,30,
621,FRI,2960,3139,2993,3169,2960,3139,2993,3169,r2c2@30,,,,,30,
615,FRI,3079,3139,3110,3167,3079,3139,3110,3167,r2c2@30,,,,,30,
1457,66,4687,3140,4709,3160,4687,3140,4709,3160,r2c3@30,,,,,30,
630,FRI,2773,3141,2808,3175,2773,3141,2808,3175,r2c2@30,,,,,30,
616,FRI,3172,3141,3201,3167,3172,3141,3201,3167,r2c2@30,,,,,30,
1455,66,4686,3141,4708,3161,4686,3141,4708,3161,r2c3@30,,,,,30,
1449,66,4685,3142,4707,3163,4685,3142,4707,3163,r2c3@30,,,,,30,
814,FRI,2575,3143,2612,3180,2575,3143,2612,3180,r2c2@30,,,,,30,
1445,66,4685,3144,4706,3164,4685,3144,4706,3164,r2c3@30,,,,,30,
1437,66,4684,3145,4705,3165,4684,3145,4705,3165,r2c3@30,,,,,30,
619,FRI,3183,3146,3208,3168,3183,3146,3208,3168,r2c2@30,,,,,30,
1436,66,4683,3146,4705,3167,4683,3146,4705,3167,r2c3@30,,,,,30,
639,FRI,2865,3147,2901,3181,2865,3147,2901,3181,r2c2@30,,,,,30,
773,Building,1914,3148,2022,3259,1914,3148,2022,3259,r2c1@60,,,,,60,
1061,TOMNSITE,2481,3148,2660,3324,2481,3148,2660,3324,r2c2@60,,,,,60,
1433,66,4682,3148,4704,3168,4682,3148,4704,3168,r2c3@30,,,,,30,
411,Huckay Smi,2623,3149,2752,3212,2623,3149,2752,3212,r3c2,,,,,0,
632,FRI,3104,3149,3135,3176,3104,3149,3135,3176,r2c2@30,,,,,30,
1429,66,4682,3149,4703,3169,4682,3149,4703,3169,r2c3@30,,,,,30,
1555,B,2474,3150,2500,3178,2474,3150,2500,3178,r2c1@60,,,,,60,
651,FRI,2668,3150,2704,3185,2668,3150,2704,3185,r2c2@30,,,,,30,
1425,66,4681,3150,4702,3171,4681,3150,4702,3171,r2c3@30,,,,,30,
891,FRI,2539,3151,2576,3187,2539,3151,2576,3187,r2c2@30,,,,,30,
642,FRI,2983,3152,3017,3183,2983,3152,3017,3183,r2c2@30,,,,,30,
1424,66,4680,3152,4702,3172,4680,3152,4702,3172,r2c3@30,,,,,30,
647,FRI,2876,3153,2911,3187,2876,3153,2911,3187,r2c2@30,,,,,30,
626,FRI,3184,3153,3208,3173,3184,3153,3208,3173,r2c2@30,,,,,30,
1415,66,4679,3153,4701,3173,4679,3153,4701,3173,r2c3@30,,,,,30,
405,TOWNISITE,2518,3154,2602,3292,2518,3154,2602,3292,r3c1,,,,,0,
1413,66,4679,3154,4700,3175,4679,3154,4700,3175,r2c3@30,,,,,30,
1947,B,2556,3155,2580,3180,2556,3155,2580,3180,r2c1@60,,,,,60,
402,TOMINSITE,2583,3155,2644,3303,2583,3155,2644,3303,r3c2,,,,,0,
652,FRI,2797,3155,2832,3189,2797,3155,2832,3189,r2c2@30,,,,,30,
637,FRI,3196,3155,3225,3180,3196,3155,3225,3180,r2c2@30,,,,,30,
2170,50,3720,3155,3738,3173,3720,3155,3738,3173,r3c3@30,,,,,30,
83,St.,1776,3156,1805,3176,1776,3156,1805,3176,r2c1,,,,,0,
1408,66,4678,3156,4699,3176,4678,3156,4699,3176,r2c3@30,,,,,30,
1407,66,4677,3157,4699,3177,4677,3157,4699,3177,r2c3@30,,,,,30,
1401,66,4676,3158,4698,3179,4676,3158,4698,3179,r2c3@30,,,,,30,
691,BRON,2684,3159,2740,3210,2684,3159,2740,3210,r2c2@60,,,,,60,
650,FRI,3129,3159,3162,3188,3129,3159,3162,3188,r2c2@30,,,,,30,
1394,66,4675,3160,4697,3180,4675,3160,4697,3180,r2c3@30,,,,,30,
774,FRI,2597,3161,2634,3198,2597,3161,2634,3198,r2c2@30,,,,,30,
660,FRI,2889,3161,2925,3195,2889,3161,2925,3195,r2c2@30,,,,,30,
1390,66,4675,3161,4696,3181,4675,3161,4696,3181,r2c3@30,,,,,30,
1382,66,4674,3162,4695,3183,4674,3162,4695,3183,r2c3@30,,,,,30,
2146,50,3742,3163,3761,3180,3742,3163,3761,3180,r3c3@30,,,,,30,
669,FRI,2692,3164,2729,3200,2692,3164,2729,3200,r2c2@30,,,,,30,
1381,66,4673,3164,4695,3184,4673,3164,4695,3184,r2c3@30,,,,,30,
395,12,1685,3165,1762,3249,1685,3165,1762,3249,r3c1,,,,,0,
1377,66,4672,3165,4694,3185,4672,3165,4694,3185,r2c3@30,,,,,30,
394,16,1507,3166,1535,3197,1507,3166,1535,3197,r3c1,,,,,0,
839,FRI,2562,3166,2599,3202,2562,3166,2599,3202,r2c2@30,,,,,30,
661,FRI,3007,3166,3039,3196,3007,3166,3039,3196,r2c2@30,,,,,30,
1374,66,4672,3166,4693,3187,4672,3166,4693,3187,r2c3@30,,,,,30,
670,FRI,2900,3167,2935,3201,2900,3167,2935,3201,r2c2@30,,,,,30,
89,REP.,3076,3167,3125,3195,3076,3167,3125,3195,r2c2,,,,,0,
658,FRI,3219,3168,3249,3194,3219,3168,3249,3194,r2c2@30,,,,,30,
1371,66,4671,3168,4692,3188,4671,3168,4692,3188,r2c3@30,,,,,30,
675,FRI,2821,3169,2856,3203,2821,3169,2856,3203,r2c2@30,,,,,30,
665,FRI,3155,3169,3188,3197,3155,3169,3188,3197,r2c2@30,,,,,30,
1370,66,4670,3169,4692,3189,4670,3169,4692,3189,r2c3@30,,,,,30,
2127,50,3763,3170,3785,3192,3763,3170,3785,3192,r3c3@30,,,,,30,
93,7,3768,3170,3793,3198,3768,3170,3793,3198,r2c3,,,,,0,
1363,66,4669,3170,4691,3191,4669,3170,4691,3191,r2c3@30,,,,,30,
657,FRI,3256,3171,3281,3192,3256,3171,3281,3192,r2c2@30,,,,,30,
384,Burward,1933,3172,2026,3214,1933,3172,2026,3214,r3c1,,,,,0,
1895,OFTICAL,3609,3172,3684,3250,3609,3172,3684,3250,r2c2@60,,,,,60,
1360,66,4669,3172,4690,3192,4669,3172,4690,3192,r2c3@30,,,,,30,
1353,66,4668,3173,4689,3193,4668,3173,4689,3193,r2c3@30,,,,,30,
382,8,1884,3174,1910,3202,1884,3174,1910,3202,r3c1,,,,,0,
1352,66,4667,3174,4689,3195,4667,3174,4689,3195,r2c3@30,,,,,30,
380,210,2097,3175,2139,3215,2097,3175,2139,3215,r3c1,,,,,0,
685,FRI,2913,3175,2949,3208,2913,3175,2949,3208,r2c2@30,,,,,30,
1349,66,4666,3175,4688,3196,4666,3175,4688,3196,r2c3@30,,,,,30,
90,St.,1776,3176,1805,3196,1776,3176,1805,3196,r2c1,,,,,0,
664,FRI,3254,3176,3279,3197,3254,3176,3279,3197,r2c2@30,,,,,30,
1343,66,4665,3177,4687,3197,4665,3177,4687,3197,r2c3@30,,,,,30,
696,WATER,3311,3178,3351,3214,3311,3178,3351,3214,r2c2@30,,,,,30,
2089,50,3788,3178,3805,3195,3788,3178,3805,3195,r3c3@30,,,,,30,
1337,66,4665,3178,4686,3199,4665,3178,4686,3199,r2c3@30,,,,,30,
735,FRI,2618,3179,2655,3215,2618,3179,2655,3215,r2c2@30,,,,,30,
697,FRI,2717,3179,2754,3215,2717,3179,2754,3215,r2c2@30,,,,,30,
688,FRI,3029,3179,3062,3209,3029,3179,3062,3209,r2c2@30,,,,,30,
1336,66,4664,3179,4686,3200,4664,3179,4686,3200,r2c3@30,,,,,30,
377,Blein Co.,2647,3180,2729,3232,2647,3180,2729,3232,r3c2,,,,,0,
687,FRI,3181,3180,3213,3209,3181,3180,3213,3209,r2c2@30,,,,,30,
695,FRI,2924,3181,2958,3214,2924,3181,2958,3214,r2c2@30,,,,,30,
1331,66,4663,3181,4685,3201,4663,3181,4685,3201,r2c3@30,,,,,30,
798,FRI,2584,3182,2621,3219,2584,3182,2621,3219,r2c2@30,,,,,30,
684,FRI,3243,3182,3273,3208,3243,3182,3273,3208,r2c2@30,,,,,30,
1324,66,4662,3182,4684,3203,4662,3182,4684,3203,r2c3@30,,,,,30,
702,FRI,2845,3183,2880,3217,2845,3183,2880,3217,r2c2@30,,,,,30,
1319,66,4662,3183,4683,3204,4662,3183,4683,3204,r2c3@30,,,,,30,
2059,50,3809,3185,3827,3203,3809,3185,3827,3203,r3c3@30,,,,,30,
1315,66,4661,3185,4682,3205,4661,3185,4682,3205,r2c3@30,,,,,30,
1314,66,4660,3186,4682,3207,4660,3186,4682,3207,r2c3@30,,,,,30,
1312,66,4659,3187,4681,3208,4659,3187,4681,3208,r2c3@30,,,,,30,
1620,B,2488,3188,2514,3214,2488,3188,2514,3214,r2c1@60,,,,,60,
709,FRI,2937,3188,2973,3222,2937,3188,2973,3222,r2c2@30,,,,,30,
683,FRI,3305,3188,3329,3208,3305,3188,3329,3208,r2c2@30,,,,,30,
689,FRI,3307,3188,3333,3210,3307,3188,3333,3210,r2c2@30,,,,,30,
97,95,3074,3189,3105,3212,3074,3189,3105,3212,r2c2,,,,,0,
1309,66,4659,3189,4680,3209,4659,3189,4680,3209,r2c3@30,,,,,30,
739,FRI,3350,3190,3376,3213,3350,3190,3376,3213,r2c2@30,,,,,30,
1302,66,4658,3190,4679,3211,4658,3190,4679,3211,r2c3@30,,,,,30,
1301,66,4657,3191,4679,3212,4657,3191,4679,3212,r2c3@30,,,,,30,
705,FRI,3052,3192,3083,3221,3052,3192,3083,3221,r2c2@30,,,,,30,
718,FRI,2742,3193,2778,3228,2742,3193,2778,3228,r2c2@30,,,,,30,
708,FRI,3206,3193,3239,3222,3206,3193,3239,3222,r2c2@30,,,,,30,
2024,50,3829,3193,3847,3211,3829,3193,3847,3211,r3c3@30,,,,,30,
1296,66,4656,3193,4678,3213,4656,3193,4678,3213,r2c3@30,,,,,30,
716,FRI,2946,3194,2981,3227,2946,3194,2981,3227,r2c2@30,,,,,30,
1289,66,4656,3194,4677,3215,4656,3194,4677,3215,r2c3@30,,,,,30,
2010,B,2564,3195,2592,3223,2564,3195,2592,3223,r2c1@60,,,,,60,
725,FRI,2640,3195,2678,3233,2640,3195,2678,3233,r2c2@30,,,,,30,
704,FRI,3265,3195,3296,3221,3265,3195,3296,3221,r2c2@30,,,,,30,
193,OFFICIAL,3614,3195,3682,3226,3614,3195,3682,3226,r2c3,,,,,0,
1288,66,4655,3195,4676,3216,4655,3195,4676,3216,r2c3@30,,,,,30,
100,St.,1776,3196,1805,3216,1776,3196,1805,3216,r2c1,,,,,0,
703,FRI,3331,3196,3356,3217,3331,3196,3356,3217,r2c2@30,,,,,30,
724,FRI,2869,3197,2904,3230,2869,3197,2904,3230,r2c2@30,,,,,30,
707,FRI,3332,3197,3358,3219,3332,3197,3358,3219,r2c2@30,,,,,30,
1287,66,4654,3197,4676,3217,4654,3197,4676,3217,r2c3@30,,,,,30,
758,FRI,2607,3198,2645,3235,2607,3198,2645,3235,r2c2@30,,,,,30,
1282,66,4653,3198,4675,3219,4653,3198,4675,3219,r2c3@30,,,,,30,
1276,66,4652,3199,4674,3220,4652,3199,4674,3220,r2c3@30,,,,,30,
786,FRI,3377,3201,3401,3223,3377,3201,3401,3223,r2c2@30,,,,,30,
1982,50,3849,3201,3868,3219,3849,3201,3868,3219,r3c3@30,,,,,30,
1273,66,4652,3201,4673,3221,4652,3201,4673,3221,r2c3@30,,,,,30,
732,FRI,2961,3202,2995,3235,2961,3202,2995,3235,r2c2@30,,,,,30,
1269,66,4651,3202,4672,3223,4651,3202,4672,3223,r2c3@30,,,,,30,
360,18,1533,3203,1569,3232,1533,3203,1569,3232,r3c1,,,,,0,
1968,9,1911,3203,1944,3236,1911,3203,1944,3236,r3c1@60,,,,,60,
107,8,3880,3203,3905,3230,3880,3203,3905,3230,r2c3,,,,,0,
1268,66,4650,3203,4672,3224,4650,3203,4672,3224,r2c3@30,,,,,30,
728,FRI,3073,3204,3106,3234,3073,3204,3106,3234,r2c2@30,,,,,30,
106,236,3173,3204,3220,3230,3173,3204,3220,3230,r2c2,,,,,0,
359,Hotel,1945,3205,2011,3235,1945,3205,2011,3235,r3c1,,,,,0,
1961,BRISBERRY BLACK,2174,3205,2316,3312,2174,3205,2316,3312,r3c1@30,,,,,30,
727,FRI,3232,3205,3266,3234,3232,3205,3266,3234,r2c2@30,,,,,30,
1260,66,4649,3205,4671,3225,4649,3205,4671,3225,r2c3@30,,,,,30,
249,WATER ST.,3257,3206,3567,3333,3257,3206,3567,3333,r2c2,,,,,0,
1793,DAT.,3615,3206,3663,3248,3615,3206,3663,3248,r2c2@30,,,,,30,
1258,66,4649,3206,4670,3227,4649,3206,4670,3227,r2c3@30,,,,,30,
744,FRI,2766,3207,2802,3242,2766,3207,2802,3242,r2c2@30,,,,,30,
740,FRI,2969,3207,3003,3240,2969,3207,3003,3240,r2c2@30,,,,,30,
1255,66,4648,3207,4669,3228,4648,3207,4669,3228,r2c3@30,,,,,30,
1943,B,2636,3208,2691,3268,2636,3208,2691,3268,r3c2@60,,,,,60,
756,FRI,3361,3208,3385,3228,3361,3208,3385,3228,r2c2@30,,,,,30,
731,FRI,3289,3209,3320,3235,3289,3209,3320,3235,r2c2@30,,,,,30,
750,FRI,3359,3209,3383,3229,3359,3209,3383,3229,r2c2@30,,,,,30,
1254,66,4647,3209,4669,3229,4647,3209,4669,3229,r2c3@30,,,,,30,
747,FRI,2892,3210,2928,3244,2892,3210,2928,3244,r2c2@30,,,,,30,
1251,66,4646,3210,4668,3230,4646,3210,4668,3230,r2c3@30,,,,,30,
1928,50,3870,3211,3886,3226,3870,3211,3886,3226,r3c3@30,,,,,30,
1247,66,4646,3211,4667,3232,4646,3211,4667,3232,r2c3@30,,,,,30,
762,FRI,2662,3212,2701,3250,2662,3212,2701,3250,r2c2@30,,,,,30,
833,FRI,3400,3212,3424,3232,3400,3212,3424,3232,r2c2@30,,,,,30,
1243,66,4645,3213,4666,3233,4645,3213,4666,3233,r2c3@30,,,,,30,
765,FRI,2630,3214,2667,3251,2630,3214,2667,3251,r2c2@30,,,,,30,
746,FRI,3260,3214,3295,3244,3260,3214,3295,3244,r2c2@30,,,,,30,
1242,66,4644,3214,4666,3234,4644,3214,4666,3234,r2c3@30,,,,,30,
757,FRI,2984,3215,3019,3249,2984,3215,3019,3249,r2c2@30,,,,,30,
1239,66,4643,3215,4665,3236,4643,3215,4665,3236,r2c3@30,,,,,30,
114,St.,1776,3216,1805,3236,1776,3216,1805,3236,r2c1,,,,,0,
890,FRI,3427,3216,3453,3237,3427,3216,3453,3237,r2c2@30,,,,,30,
751,FRI,3096,3217,3129,3247,3096,3217,3129,3247,r2c2@30,,,,,30,
805,FRI,3390,3217,3412,3237,3390,3217,3412,3237,r2c2@30,,,,,30,
1235,66,4642,3217,4664,3237,4642,3217,4664,3237,r2c3@30,,,,,30,
799,FRI,3385,3218,3409,3238,3385,3218,3409,3238,r2c2@30,,,,,30,
883,FRI,3425,3218,3450,3239,3425,3218,3450,3239,r2c2@30,,,,,30,
346,D.G.T.,3617,3218,3663,3237,3617,3218,3663,3237,r3c2,,,,,0,
1229,66,4642,3218,4663,3238,4642,3218,4663,3238,r2c3@30,,,,,30,
1888,50,3890,3219,3906,3234,3890,3219,3906,3234,r3c3@30,,,,,30,
1226,66,4641,3219,4662,3240,4641,3219,4662,3240,r2c3@30,,,,,30,
766,FRI,2992,3220,3026,3253,2992,3220,3026,3253,r2c2@30,,,,,30,
339,13,2272,3221,2303,3248,2272,3221,2303,3248,r3c1,,,,,0,
769,FRI,2790,3221,2826,3256,2790,3221,2826,3256,r2c2@30,,,,,30,
1225,66,4640,3221,4662,3241,4640,3221,4662,3241,r2c3@30,,,,,30,
753,FRI,3312,3222,3342,3248,3312,3222,3342,3248,r2c2@30,,,,,30,
117,10,4438,3222,4458,3242,4438,3222,4458,3242,r2c3,,,,,0,
1220,66,4639,3222,4661,3242,4639,3222,4661,3242,r2c3@30,,,,,30,
1217,66,4639,3223,4660,3244,4639,3223,4660,3244,r2c3@30,,,,,30,
771,FRI,2916,3224,2952,3258,2916,3224,2952,3258,r2c2@30,,,,,30,
874,FRI,3419,3224,3445,3245,3419,3224,3445,3245,r2c2@30,,,,,30,
1213,66,4638,3225,4659,3245,4638,3225,4659,3245,r2c3@30,,,,,30,
1692,B,2502,3226,2528,3254,2502,3226,2528,3254,r2c1@60,,,,,60,
335,5,3064,3226,3088,3243,3064,3226,3088,3243,r3c2,,,,,0,
768,FRI,3288,3226,3321,3254,3288,3226,3321,3254,r2c2@30,,,,,30,
943,FRI,3454,3226,3478,3246,3454,3226,3478,3246,r2c2@30,,,,,30,
1212,66,4637,3226,4659,3246,4637,3226,4659,3246,r2c3@30,,,,,30,
1848,50,3910,3227,3927,3243,3910,3227,3927,3243,r3c3@30,,,,,30,
1206,66,4636,3227,4658,3248,4636,3227,4658,3248,r2c3@30,,,,,30,
793,FRI,2686,3229,2725,3268,2686,3229,2725,3268,r2c2@30,,,,,30,
784,FRI,3008,3229,3043,3263,3008,3229,3043,3263,r2c2@30,,,,,30,
939,FRI,3452,3229,3476,3249,3452,3229,3476,3249,r2c2@30,,,,,30,
1202,66,4636,3229,4657,3249,4636,3229,4657,3249,r2c3@30,,,,,30,
777,FRI,3119,3230,3150,3260,3119,3230,3150,3260,r2c2@30,,,,,30,
1199,66,4635,3230,4656,3250,4635,3230,4656,3250,r2c3@30,,,,,30,
2094,B,2583,3231,2611,3260,2583,3231,2611,3260,r2c1@60,,,,,60,
1198,66,4634,3231,4656,3252,4634,3231,4656,3252,r2c3@30,,,,,30,
795,FRI,2652,3232,2690,3269,2652,3232,2690,3269,r2c2@30,,,,,30,
791,FRI,3014,3233,3050,3267,3014,3233,3050,3267,r2c2@30,,,,,30,
935,FRI,3450,3233,3474,3253,3450,3233,3474,3253,r2c2@30,,,,,30,
125,9,3997,3233,4020,3259,3997,3233,4020,3259,r2c3,,,,,0,
1192,66,4633,3233,4655,3253,4633,3233,4655,3253,r2c3@30,,,,,30,
326,17,1570,3234,1601,3261,1570,3234,1601,3261,r3c1,,,,,0,
783,FRI,3315,3234,3347,3263,3315,3234,3347,3263,r2c2@30,,,,,30,
1188,66,4632,3234,4654,3254,4632,3234,4654,3254,r2c3@30,,,,,30,
796,FRI,2814,3235,2850,3270,2814,3235,2850,3270,r2c2@30,,,,,30,
779,FRI,3335,3235,3365,3261,3335,3235,3365,3261,r2c2@30,,,,,30,
1810,50,3930,3235,3946,3251,3930,3235,3946,3251,r3c3@30,,,,,30,
1184,66,4632,3235,4653,3256,4632,3235,4653,3256,r2c3@30,,,,,30,
122,St.,1776,3236,1805,3256,1776,3236,1805,3256,r2c1,,,,,0,
1032,FRI,3483,3237,3505,3257,3483,3237,3505,3257,r2c2@30,,,,,30,
1182,66,4631,3237,4652,3257,4631,3237,4652,3257,r2c3@30,,,,,30,
321,10,1950,3238,1977,3263,1950,3238,1977,3263,r3c1,,,,,0,
126,6,2653,3238,2677,3261,2653,3238,2677,3261,r2c2,,,,,0,
797,FRI,2940,3238,2975,3271,2940,3238,2975,3271,r2c2@30,,,,,30,
1181,66,4630,3238,4652,3258,4630,3238,4652,3258,r2c3@30,,,,,30,
1045,FRI,3483,3239,3507,3259,3483,3239,3507,3259,r2c2@30,,,,,30,
1179,66,4629,3239,4651,3260,4629,3239,4651,3260,r2c3@30,,,,,30,
929,Hotel,3009,3240,3105,3335,3009,3240,3105,3335,r2c2@60,,,,,60,
315,18,2297,3241,2326,3268,2297,3241,2326,3268,r3c1,,,,,0,
1038,FRI,3482,3241,3506,3261,3482,3241,3506,3261,r2c2@30,,,,,30,
1173,66,4629,3241,4650,3261,4629,3241,4650,3261,r2c3@30,,,,,30,
801,FRI,3140,3242,3172,3273,3140,3242,3172,3273,r2c2@30,,,,,30,
1347,70,3542,3242,3575,3276,3542,3242,3575,3276,r2c2@60,,,,,60,
1168,66,4628,3242,4649,3262,4628,3242,4649,3262,r2c3@30,,,,,30,
809,FRI,3032,3243,3067,3277,3032,3243,3067,3277,r2c2@30,,,,,30,
1677,ST. AR,3467,3243,3648,3480,3467,3243,3648,3480,r2c3@60,,,,,60,
1167,66,4627,3243,4649,3264,4627,3243,4649,3264,r2c3@30,,,,,30,
800,FRI,3341,3244,3375,3273,3341,3244,3375,3273,r2c2@30,,,,,30,
1137,FRI,3507,3244,3530,3264,3507,3244,3530,3264,r2c2@30,,,,,30,
1767,Original Water Line,3583,3244,3866,3431,3583,3244,3866,3431,r3c3@30,,,,,30,
1768,50,3952,3244,3968,3259,3952,3244,3968,3259,r3c3@30,,,,,30,
1165,66,4626,3245,4648,3265,4626,3245,4648,3265,r2c3@30,,,,,30,
820,FRI,2710,3246,2748,3284,2710,3246,2748,3284,r2c2@30,,,,,30,
287,DISTRICT,3558,3246,3620,3302,3558,3246,3620,3302,r2c2,,,,,0,
1159,66,4626,3246,4647,3266,4626,3246,4647,3266,r2c3@30,,,,,30,
813,FRI,3038,3247,3075,3281,3038,3247,3075,3281,r2c2@30,,,,,30,
1154,66,4625,3247,4646,3268,4625,3247,4646,3268,r2c3@30,,,,,30,
826,FRI,2675,3249,2714,3286,2675,3249,2714,3286,r2c2@30,,,,,30,
819,FRI,2838,3249,2874,3284,2838,3249,2874,3284,r2c2@30,,,,,30,
803,FRI,3359,3249,3389,3275,3359,3249,3389,3275,r2c2@30,,,,,30,
1310,FRI,3540,3249,3568,3271,3540,3249,3568,3271,r2c2@30,,,,,30,
1153,66,4624,3249,4646,3269,4624,3249,4646,3269,r2c3@30,,,,,30,
1161,FRI,3511,3250,3535,3270,3511,3250,3535,3270,r2c2@30,,,,,30,
1162,FRI,3511,3250,3535,3270,3511,3250,3535,3270,r2c2@30,,,,,30,
1147,66,4623,3250,4645,3270,4623,3250,4645,3270,r2c3@30,,,,,30,
822,FRI,2963,3251,2998,3285,2963,3251,2998,3285,r2c2@30,,,,,30,
307,O,3549,3251,3563,3264,3549,3251,3563,3264,r3c2,,,,,0,
1145,66,4622,3251,4644,3272,4622,3251,4644,3272,r2c3@30,,,,,30,
1726,50,3972,3252,3989,3268,3972,3252,3989,3268,r3c3@30,,,,,30,
1140,66,4622,3253,4643,3273,4622,3253,4643,3273,r2c3@30,,,,,30,
1134,66,4621,3254,4642,3274,4621,3254,4642,3274,r2c3@30,,,,,30,
818,FRI,3368,3255,3402,3284,3368,3255,3402,3284,r2c2@30,,,,,30,
1133,66,4620,3255,4642,3276,4620,3255,4642,3276,r2c3@30,,,,,30,
137,St.,1776,3256,1805,3276,1776,3256,1805,3276,r2c1,,,,,0,
829,FRI,3162,3256,3196,3287,3162,3256,3196,3287,r2c2@30,,,,,30,
1419,FRI,3564,3256,3589,3277,3564,3256,3589,3277,r2c2@30,,,,,30,
838,FRI,3056,3257,3091,3291,3056,3257,3091,3291,r2c2@30,,,,,30,
1128,66,4619,3257,4641,3277,4619,3257,4641,3277,r2c3@30,,,,,30,
849,16,1598,3258,1640,3298,1598,3258,1640,3298,r2c1@60,,,,,60,
1263,FRI,3536,3258,3559,3277,3536,3258,3559,3277,r2c2@30,,,,,30,
1271,FRI,3537,3258,3560,3276,3537,3258,3560,3276,r2c2@30,,,,,30,
1126,66,4619,3258,4640,3278,4619,3258,4640,3278,r2c3@30,,,,,30,
1122,66,4618,3259,4639,3280,4618,3259,4639,3280,r2c3@30,,,,,30,
841,FRI,3064,3261,3099,3295,3064,3261,3099,3295,r2c2@30,,,,,30,
1687,50,3993,3261,4011,3277,3993,3261,4011,3277,r3c3@30,,,,,30,
144,10,4098,3261,4129,3285,4098,3261,4129,3285,r2c3,,,,,0,
1121,66,4617,3261,4639,3281,4617,3261,4639,3281,r2c3@30,,,,,30,
847,FRI,2862,3262,2898,3297,2862,3262,2898,3297,r2c2@30,,,,,30,
835,FRI,3381,3262,3413,3289,3381,3262,3413,3289,r2c2@30,,,,,30,
1580,FRI,3591,3262,3619,3285,3591,3262,3619,3285,r2c2@30,,,,,30,
1118,66,4616,3262,4638,3282,4616,3262,4638,3282,r2c3@30,,,,,30,
856,FRI,2732,3263,2770,3301,2732,3263,2770,3301,r2c2@30,,,,,30,
840,FRI,3397,3263,3431,3293,3397,3263,3431,3293,r2c2@30,,,,,30,
1115,66,4616,3263,4637,3284,4616,3263,4637,3284,r2c3@30,,,,,30,
862,FRI,2699,3265,2737,3303,2699,3265,2737,3303,r2c2@30,,,,,30,
852,FRI,2987,3265,3022,3299,2987,3265,3022,3299,r2c2@30,,,,,30,
1111,66,4615,3265,4636,3285,4615,3265,4636,3285,r2c3@30,,,,,30,
296,17,2321,3266,2349,3291,2321,3266,2349,3291,r3c1,,,,,0,
1763,B,2514,3266,2543,3296,2514,3266,2543,3296,r2c1@60,,,,,60,
1411,FRI,3563,3266,3587,3286,3563,3266,3587,3286,r2c2@30,,,,,30,
1110,66,4614,3266,4636,3286,4614,3266,4636,3286,r2c3@30,,,,,30,
1105,66,4613,3267,4635,3288,4613,3267,4635,3288,r2c3@30,,,,,30,
854,FRI,3186,3269,3220,3300,3186,3269,3220,3300,r2c2@30,,,,,30,
1403,FRI,3562,3269,3586,3289,3562,3269,3586,3289,r2c2@30,,,,,30,
1101,66,4613,3269,4634,3289,4613,3269,4634,3289,r2c3@30,,,,,30,
1643,50,4013,3270,4030,3287,4013,3270,4030,3287,r3c3@30,,,,,30,
1098,66,4612,3270,4633,3290,4612,3270,4633,3290,r2c3@30,,,,,30,
2130,B,2594,3271,2619,3296,2594,3271,2619,3296,r2c1@60,,,,,60,
864,FRI,3080,3271,3115,3304,3080,3271,3115,3304,r2c2@30,,,,,30,
903,FRI,3426,3271,3459,3300,3426,3271,3459,3300,r2c2@30,,,,,30,
1639,inol,3635,3271,3696,3335,3635,3271,3696,3335,r3c3@60,,,,,60,
1097,66,4611,3271,4633,3292,4611,3271,4633,3292,r2c3@30,,,,,30,
1093,66,4610,3273,4632,3293,4610,3273,4632,3293,r2c3@30,,,,,30,
1088,66,4609,3274,4631,3294,4609,3274,4631,3294,r2c3@30,,,,,30,
1614,HOMER ST.,1758,3275,2081,3524,1758,3275,2081,3524,r3c1@60,,,,,60,
876,FRI,3087,3275,3123,3309,3087,3275,3123,3309,r2c2@30,,,,,30,
860,FRI,3405,3275,3435,3302,3405,3275,3435,3302,r2c2@30,,,,,30,
1557,FRI,3588,3275,3614,3296,3588,3275,3614,3296,r2c2@30,,,,,30,
1086,66,4609,3275,4630,3296,4609,3275,4630,3296,r2c3@30,,,,,30,
878,FRI,2886,3276,2922,3311,2886,3276,2922,3311,r2c2@30,,,,,30,
1605,Bullers,1531,3277,1633,3375,1531,3277,1633,3375,r3c1@60,,,,,60,
1082,66,4608,3277,4629,3297,4608,3277,4629,3297,r2c3@30,,,,,30,
290,JLockie Co,2589,3278,2724,3358,2589,3278,2724,3358,r3c2,,,,,0,
888,FRI,2755,3278,2793,3316,2755,3278,2793,3316,r2c2@30,,,,,30,
963,FRI,3454,3278,3488,3308,3454,3278,3488,3308,r2c2@30,,,,,30,
1081,66,4607,3278,4629,3298,4607,3278,4629,3298,r2c3@30,,,,,30,
881,FRI,3011,3279,3046,3313,3011,3279,3046,3313,r2c2@30,,,,,30,
1599,50,4034,3279,4051,3295,4034,3279,4051,3295,r3c3@30,,,,,30,
1079,66,4606,3279,4628,3300,4606,3279,4628,3300,r2c3@30,,,,,30,
1520,FRI,3585,3281,3608,3300,3585,3281,3608,3300,r2c2@30,,,,,30,
1074,66,4606,3281,4627,3301,4606,3281,4627,3301,r2c3@30,,,,,30,
895,FRI,2721,3282,2759,3319,2721,3282,2759,3319,r2c2@30,,,,,30,
1071,66,4605,3282,4626,3302,4605,3282,4626,3302,r2c3@30,,,,,30,
885,FRI,3210,3283,3243,3314,3210,3283,3243,3314,r2c2@30,,,,,30,
871,66',3735,3283,3763,3308,3735,3283,3763,3308,r2c3@30,,,,,30,
1070,66,4604,3283,4626,3304,4604,3283,4626,3304,r2c3@30,,,,,30,
894,FRI,3103,3284,3140,3319,3103,3284,3140,3319,r2c2@30,,,,,30,
1067,66,4603,3285,4625,3305,4603,3285,4625,3305,r2c3@30,,,,,30,
1076,FRI,3484,3286,3515,3313,3484,3286,3515,3313,r2c2@30,,,,,30,
1450,"219,915)Water Line",3707,3286,3871,3458,3707,3286,3871,3458,r2c3@60,,,,,60,
1063,66,4603,3286,4624,3306,4603,3286,4624,3306,r2c3@30,,,,,30,
1640,FRI,3615,3287,3631,3303,3615,3287,3631,3303,r2c2@30,,,,,30,
1562,50,4054,3287,4072,3304,4054,3287,4072,3304,r3c3@30,,,,,30,
1057,66,4602,3287,4623,3308,4602,3287,4623,3308,r2c3@30,,,,,30,
899,FRI,3428,3288,3458,3315,3428,3288,3458,3315,r2c2@30,,,,,30,
905,FRI,3111,3289,3147,3323,3111,3289,3147,3323,r2c2@30,,,,,30,
1056,66,4601,3289,4623,3309,4601,3289,4623,3309,r2c3@30,,,,,30,
918,15,1627,3290,1667,3330,1627,3290,1667,3330,r2c1@60,,,,,60,
906,FRI,2910,3290,2945,3324,2910,3290,2945,3324,r2c2@30,,,,,30,
1053,66,4600,3290,4622,3310,4600,3290,4622,3310,r2c3@30,,,,,30,
1049,66,4599,3291,4621,3312,4599,3291,4621,3312,r2c3@30,,,,,30,
919,FRI,2779,3292,2817,3330,2779,3292,2817,3330,r2c2@30,,,,,30,
166,11,4217,3292,4244,3318,4217,3292,4244,3318,r2c3,,,,,0,
1526,Mercoritise,1988,3293,2137,3475,1988,3293,2137,3475,r3c1@30,,,,,30,
2242,B,2633,3293,2666,3312,2633,3293,2666,3312,r2c1@60,,,,,60,
909,FRI,3035,3293,3070,3326,3035,3293,3070,3326,r2c2@30,,,,,30,
1623,FRI,3612,3293,3628,3308,3612,3293,3628,3308,r2c2@30,,,,,30,
1047,66,4599,3293,4620,3313,4599,3293,4620,3313,r2c3@30,,,,,30,
279,16,2352,3294,2380,3320,2352,3294,2380,3320,r3c1,,,,,0,
1042,66,4598,3294,4619,3314,4598,3294,4619,3314,r2c3@30,,,,,30,
2239,B,2629,3295,2662,3314,2629,3295,2662,3314,r2c1@60,,,,,60,
925,FRI,2745,3295,2783,3333,2745,3295,2783,3333,r2c2@30,,,,,30,
1185,FRI,3508,3295,3541,3325,3508,3295,3541,3325,r2c2@30,,,,,30,
1511,50,4074,3295,4092,3312,4074,3295,4092,3312,r3c3@30,,,,,30,
1041,66,4597,3295,4619,3316,4597,3295,4619,3316,r2c3@30,,,,,30,
165,6,2875,3296,2893,3318,2875,3296,2893,3318,r2c2,,,,,0,
912,FRI,3233,3296,3266,3327,3233,3296,3266,3327,r2c2@30,,,,,30,
2230,B,2625,3297,2658,3317,2625,3297,2658,3317,r2c1@60,,,,,60,
1035,66,4596,3297,4618,3317,4596,3297,4618,3317,r2c3@30,,,,,30,
1030,66,4596,3298,4617,3318,4596,3298,4617,3318,r2c3@30,,,,,30,
923,FRI,3129,3299,3164,3333,3129,3299,3164,3333,r2c2@30,,,,,30,
1026,66,4595,3299,4616,3320,4595,3299,4616,3320,r2c3@30,,,,,30,
2219,B,2621,3300,2654,3319,2621,3300,2654,3319,r2c1@60,,,,,60,
1025,66,4594,3301,4616,3321,4594,3301,4616,3321,r2c3@30,,,,,30,
2213,B,2617,3302,2650,3321,2617,3302,2650,3321,r2c1@60,,,,,60,
945,FRI,3450,3302,3481,3328,3450,3302,3481,3328,r2c2@30,,,,,30,
1021,66,4593,3302,4615,3322,4593,3302,4615,3322,r2c3@30,,,,,30,
1471,Hotel,1534,3303,1623,3383,1534,3303,1623,3383,r3c1@60,,,,,60,
937,FRI,2932,3303,2969,3338,2932,3303,2969,3338,r2c2@30,,,,,30,
933,FRI,3135,3303,3171,3337,3135,3303,3171,3337,r2c2@30,,,,,30,
1472,50,4095,3303,4112,3320,4095,3303,4112,3320,r3c3@30,,,,,30,
1018,66,4593,3303,4614,3324,4593,3303,4614,3324,r2c3@30,,,,,30,
2205,B,2613,3304,2646,3323,2613,3304,2646,3323,r2c1@60,,,,,60,
1306,FRI,3534,3305,3567,3334,3534,3305,3567,3334,r2c2@30,,,,,30,
1016,66,4592,3305,4613,3325,4592,3305,4613,3325,r2c3@30,,,,,30,
1456,CAMBIE,2406,3306,2588,3541,2406,3306,2588,3541,r3c2@30,,,,,30,
944,FRI,2803,3306,2841,3344,2803,3306,2841,3344,r2c2@30,,,,,30,
941,FRI,3059,3306,3094,3340,3059,3306,3094,3340,r2c2@30,,,,,30,
1015,66,4591,3306,4613,3326,4591,3306,4613,3326,r2c3@30,,,,,30,
2195,B,2609,3307,2642,3326,2609,3307,2642,3326,r2c1@60,,,,,60,
1012,66,4590,3307,4612,3328,4590,3307,4612,3328,r2c3@30,,,,,30,
1762,Jones Building,1657,3309,1858,3521,1657,3309,1858,3521,r2c1@30,,,,,30,
2144,B,2604,3309,2624,3326,2604,3309,2624,3326,r2c1@60,,,,,60,
2187,B,2605,3309,2638,3328,2605,3309,2638,3328,r2c1@60,,,,,60,
950,FRI,2769,3309,2807,3347,2769,3309,2807,3347,r2c2@30,,,,,30,
940,FRI,3256,3309,3288,3340,3256,3309,3288,3340,r2c2@30,,,,,30,
1007,66,4589,3309,4611,3329,4589,3309,4611,3329,r2c3@30,,,,,30,
1001,66,4589,3310,4610,3330,4589,3310,4610,3330,r2c3@30,,,,,30,
1430,T,2482,3311,2564,3405,2482,3311,2564,3405,r3c2@30,,,,,30,
2175,B,2601,3311,2634,3330,2601,3311,2634,3330,r2c1@60,,,,,60,
270,95,3760,3311,3785,3329,3760,3311,3785,3329,r3c3,,,,,0,
998,66,4588,3311,4609,3332,4588,3311,4609,3332,r2c3@30,,,,,30,
1426,50,4115,3312,4132,3328,4115,3312,4132,3328,r3c3@30,,,,,30,
2161,B,2596,3313,2630,3333,2596,3313,2630,3333,r2c1@60,,,,,60,
949,FRI,3153,3313,3188,3347,3153,3313,3188,3347,r2c2@30,,,,,30,
997,66,4587,3313,4609,3333,4587,3313,4609,3333,r2c3@30,,,,,30,
1441,FRI,3560,3314,3593,3344,3560,3314,3593,3344,r2c2@30,,,,,30,
992,66,4586,3314,4608,3334,4586,3314,4608,3334,r2c3@30,,,,,30,
1023,FRI,3473,3315,3503,3341,3473,3315,3503,3341,r2c2@30,,,,,30,
990,66,4586,3315,4607,3336,4586,3315,4607,3336,r2c3@30,,,,,30,
2149,B,2592,3316,2626,3336,2592,3316,2626,3336,r2c1@60,,,,,60,
986,66,4585,3316,4606,3337,4585,3316,4606,3337,r2c3@30,,,,,30,
964,FRI,2956,3317,2992,3352,2956,3317,2992,3352,r2c2@30,,,,,30,
957,FRI,3159,3317,3195,3350,3159,3317,3195,3350,r2c2@30,,,,,30,
2141,B,2588,3318,2622,3338,2588,3318,2622,3338,r2c1@60,,,,,60,
985,66,4584,3318,4606,3338,4584,3318,4606,3338,r2c3@30,,,,,30,
981,66,4583,3319,4605,3340,4583,3319,4605,3340,r2c3@30,,,,,30,
983,FRI,2827,3320,2865,3357,2827,3320,2865,3357,r2c2@30,,,,,30,
975,FRI,3083,3320,3120,3355,3083,3320,3120,3355,r2c2@30,,,,,30,
977,66,4583,3320,4604,3341,4583,3320,4604,3341,r2c3@30,,,,,30,
1010,14,1658,3321,1700,3363,1658,3321,1700,3363,r2c1@60,,,,,60,
2122,B,2584,3321,2617,3340,2584,3321,2617,3340,r2c1@60,,,,,60,
968,FRI,3278,3322,3312,3353,3278,3322,3312,3353,r2c2@30,,,,,30,
1373,50,4135,3322,4153,3338,4135,3322,4153,3338,r3c3@30,,,,,30,
188,12,4330,3322,4358,3350,4330,3322,4358,3350,r2c3,,,,,0,
974,66,4582,3322,4603,3342,4582,3322,4603,3342,r2c3@30,,,,,30,
2104,B,2578,3323,2613,3343,2578,3323,2613,3343,r2c1@60,,,,,60,
999,FRI,2793,3323,2831,3361,2793,3323,2831,3361,r2c2@30,,,,,30,
973,66,4581,3323,4603,3344,4581,3323,4603,3344,r2c3@30,,,,,30,
275,Alexander,4373,3324,4456,3461,4373,3324,4456,3461,r2c3,,,,,0,
970,66,4580,3324,4602,3345,4580,3324,4602,3345,r2c3@30,,,,,30,
1521,FRI,3588,3326,3608,3348,3588,3326,3608,3348,r2c2@30,,,,,30,
966,66,4579,3326,4601,3346,4579,3326,4601,3346,r2c3@30,,,,,30,
995,FRI,3177,3327,3212,3360,3177,3327,3212,3360,r2c2@30,,,,,30,
962,66,4579,3327,4600,3348,4579,3327,4600,3348,r2c3@30,,,,,30,
192,5,2999,3328,3024,3353,2999,3328,3024,3353,r2c2,,,,,0,
1119,FRI,3496,3328,3526,3354,3496,3328,3526,3354,r2c2@30,,,,,30,
959,66,4578,3328,4599,3349,4578,3328,4599,3349,r2c3@30,,,,,30,
1013,FRI,3183,3330,3219,3364,3183,3330,3219,3364,r2c2@30,,,,,30,
1325,50,4156,3330,4173,3346,4156,3330,4173,3346,r3c3@30,,,,,30,
958,66,4577,3330,4599,3350,4577,3330,4599,3350,r2c3@30,,,,,30,
1320,Buildings,2005,3331,2132,3481,2005,3331,2132,3481,r3c1@30,,,,,30,
1019,FRI,2980,3331,3016,3366,2980,3331,3016,3366,r2c2@30,,,,,30,
965,66,4576,3331,4598,3352,4576,3331,4598,3352,r2c3@30,,,,,30,
969,66,4576,3332,4597,3353,4576,3332,4597,3353,r2c3@30,,,,,30,
1046,FRI,2851,3333,2889,3371,2851,3333,2889,3371,r2c2@30,,,,,30,
972,66,4575,3334,4596,3354,4575,3334,4596,3354,r2c3@30,,,,,30,
247,15,2397,3335,2418,3361,2397,3335,2418,3361,r3c1,,,,,0,
1033,FRI,3108,3335,3145,3369,3108,3335,3145,3369,r2c2@30,,,,,30,
980,66,4574,3335,4596,3356,4574,3335,4596,3356,r2c3@30,,,,,30,
1024,FRI,3302,3336,3336,3367,3302,3336,3336,3367,r2c2@30,,,,,30,
201,10,4399,3336,4428,3365,4399,3336,4428,3365,r2c3,,,,,0,
984,66,4573,3336,4595,3357,4573,3336,4595,3357,r2c3@30,,,,,30,
1060,FRI,2817,3337,2855,3375,2817,3337,2855,3375,r2c2@30,,,,,30,
1291,O.G.T.),3925,3337,4290,3608,3925,3337,4290,3608,r3c3@30,,,,,30,
989,66,4573,3338,4594,3358,4573,3338,4594,3358,r2c3@30,,,,,30,
1283,50,4176,3339,4193,3356,4176,3339,4193,3356,r3c3@30,,,,,30,
996,66,4572,3339,4593,3360,4572,3339,4593,3360,r2c3@30,,,,,30,
1054,FRI,3201,3340,3236,3374,3201,3340,3236,3374,r2c2@30,,,,,30,
1000,66,4571,3340,4593,3361,4571,3340,4593,3361,r2c3@30,,,,,30,
1214,FRI,3520,3341,3547,3366,3520,3341,3547,3366,r2c2@30,,,,,30,
1006,66,4570,3342,4592,3362,4570,3342,4592,3362,r2c3@30,,,,,30,
1014,66,4569,3343,4591,3364,4569,3343,4591,3364,r2c3@30,,,,,30,
1068,FRI,3207,3344,3241,3377,3207,3344,3241,3377,r2c2@30,,,,,30,
1017,66,4569,3344,4590,3365,4569,3344,4590,3365,r2c3@30,,,,,30,
1080,FRI,3004,3345,3040,3380,3004,3345,3040,3380,r2c2@30,,,,,30,
1020,66,4568,3346,4590,3366,4568,3346,4590,3366,r2c3@30,,,,,30,
1096,FRI,2875,3347,2912,3384,2875,3347,2912,3384,r2c2@30,,,,,30,
1029,66,4567,3347,4589,3368,4567,3347,4589,3368,r2c3@30,,,,,30,
1244,50,4199,3348,4216,3364,4199,3348,4216,3364,r3c3@30,,,,,30,
1034,66,4566,3348,4588,3369,4566,3348,4588,3369,r2c3@30,,,,,30,
1091,FRI,3133,3349,3169,3383,3133,3349,3169,3383,r2c2@30,,,,,30,
1083,FRI,3326,3350,3360,3381,3326,3350,3360,3381,r2c2@30,,,,,30,
1040,66,4566,3350,4587,3370,4566,3350,4587,3370,r2c3@30,,,,,30,
2184,TROUNCES,2832,3351,3098,3615,2832,3351,3098,3615,r2c2@60,,,,,60,
1113,FRI,2841,3351,2879,3388,2841,3351,2879,3388,r2c2@30,,,,,30,
1048,66,4565,3351,4586,3372,4565,3351,4586,3372,r2c3@30,,,,,30,
1052,66,4564,3352,4586,3373,4564,3352,4586,3373,r2c3@30,,,,,30,
1311,FRI,3539,3353,3568,3379,3539,3353,3568,3379,r2c2@30,,,,,30,
1218,A,3101,3354,3139,3391,3101,3354,3139,3391,r3c2@60,,,,,60,
1112,FRI,3225,3354,3260,3388,3225,3354,3260,3388,r2c2@30,,,,,30,
1055,66,4563,3354,4585,3374,4563,3354,4585,3374,r2c3@30,,,,,30,
1062,66,4563,3355,4584,3375,4563,3355,4584,3375,r2c3@30,,,,,30,
1209,50,4219,3356,4236,3372,4219,3356,4236,3372,r3c3@30,,,,,30,
1069,66,4562,3356,4583,3377,4562,3356,4583,3377,r2c3@30,,,,,30,
1130,13,1689,3357,1728,3393,1689,3357,1728,3393,r2c1@60,,,,,60,
1124,FRI,3230,3357,3265,3391,3230,3357,3265,3391,r2c2@30,,,,,30,
1131,FRI,3028,3358,3064,3393,3028,3358,3064,3393,r2c2@30,,,,,30,
1073,66,4561,3358,4583,3378,4561,3358,4583,3378,r2c3@30,,,,,30,
1078,66,4560,3359,4582,3379,4560,3359,4582,3379,r2c3@30,,,,,30,
1157,FRI,2898,3360,2935,3398,2898,3360,2935,3398,r2c2@30,,,,,30,
1085,66,4560,3360,4581,3381,4560,3360,4581,3381,r2c3@30,,,,,30,
215,4,3107,3361,3130,3382,3107,3361,3130,3382,r2c2,,,,,0,
1087,66,4559,3362,4580,3382,4559,3362,4580,3382,r2c3@30,,,,,30,
1151,FRI,3157,3363,3193,3397,3157,3363,3193,3397,r2c2@30,,,,,30,
1092,66,4558,3363,4580,3383,4558,3363,4580,3383,r2c3@30,,,,,30,
245,14,2429,3364,2449,3392,2429,3364,2449,3392,r3c1,,,,,0,
1143,FRI,3350,3364,3384,3395,3350,3364,3384,3395,r2c2@30,,,,,30,
1174,50,4239,3364,4255,3379,4239,3364,4255,3379,r3c3@30,,,,,30,
1100,66,4557,3364,4579,3385,4557,3364,4579,3385,r2c3@30,,,,,30,
1177,FRI,2865,3365,2902,3402,2865,3365,2902,3402,r2c2@30,,,,,30,
1104,66,4556,3366,4578,3386,4556,3366,4578,3386,r2c3@30,,,,,30,
1109,66,4556,3367,4577,3387,4556,3367,4577,3387,r2c3@30,,,,,30,
1175,FRI,3248,3368,3284,3402,3248,3368,3284,3402,r2c2@30,,,,,30,
1117,66,4555,3368,4576,3389,4555,3368,4576,3389,r2c3@30,,,,,30,
1120,66,4554,3370,4576,3390,4554,3370,4576,3390,r2c3@30,,,,,30,
1190,FRI,3254,3371,3291,3406,3254,3371,3291,3406,r2c2@30,,,,,30,
1125,66,4553,3371,4575,3391,4553,3371,4575,3391,r2c3@30,,,,,30,
1201,FRI,3052,3372,3090,3408,3052,3372,3090,3408,r2c2@30,,,,,30,
1136,50,4259,3372,4275,3387,4259,3372,4275,3387,r3c3@30,,,,,30,
1132,66,4553,3372,4574,3393,4553,3372,4574,3393,r2c3@30,,,,,30,
1219,FRI,2922,3374,2959,3412,2922,3374,2959,3412,r2c2@30,,,,,30,
1139,66,4552,3374,4573,3394,4552,3374,4573,3394,r2c3@30,,,,,30,
1144,66,4551,3375,4573,3395,4551,3375,4573,3395,r2c3@30,,,,,30,
1152,66,4550,3376,4572,3397,4550,3376,4572,3397,r2c3@30,,,,,30,
1215,FRI,3181,3377,3217,3411,3181,3377,3217,3411,r2c2@30,,,,,30,
1231,FRI,2888,3378,2926,3415,2888,3378,2926,3415,r2c2@30,,,,,30,
1204,FRI,3374,3378,3408,3409,3374,3378,3408,3409,r2c2@30,,,,,30,
1158,66,4550,3378,4571,3398,4550,3378,4571,3398,r2c3@30,,,,,30,
1164,66,4549,3379,4570,3399,4549,3379,4570,3399,r2c3@30,,,,,30,
1102,50,4279,3380,4297,3396,4279,3380,4297,3396,r3c3@30,,,,,30,
1172,66,4548,3380,4570,3401,4548,3380,4570,3401,r2c3@30,,,,,30,
1099,9,3206,3381,3253,3424,3206,3381,3253,3424,r3c2@60,,,,,60,
1238,FRI,3272,3382,3308,3416,3272,3382,3308,3416,r2c2@30,,,,,30,
1178,66,4547,3382,4569,3402,4547,3382,4569,3402,r2c3@30,,,,,30,
1089,12,1727,3383,1759,3416,1727,3383,1759,3416,r3c1@30,,,,,30,
1180,66,4546,3383,4568,3403,4546,3383,4568,3403,r2c3@30,,,,,30,
1187,66,4546,3384,4567,3405,4546,3384,4567,3405,r2c3@30,,,,,30,
1253,FRI,3279,3386,3315,3420,3279,3386,3315,3420,r2c2@30,,,,,30,
263,ABBOTT,3524,3386,3622,3607,3524,3386,3622,3607,r3c3,,,,,0,
1191,66,4545,3386,4566,3406,4545,3386,4566,3406,r2c3@30,,,,,30,
1266,FRI,3077,3387,3115,3423,3077,3387,3115,3423,r2c2@30,,,,,30,
210,3,3214,3387,3242,3415,3214,3387,3242,3415,r3c2,,,,,0,
1197,66,4544,3387,4566,3407,4544,3387,4566,3407,r2c3@30,,,,,30,
1280,FRI,2946,3388,2983,3426,2946,3388,2983,3426,r2c2@30,,,,,30,
1072,50,4299,3388,4315,3404,4299,3388,4315,3404,r3c3@30,,,,,30,
1205,66,4543,3388,4565,3409,4543,3388,4565,3409,r2c3@30,,,,,30,
1211,66,4543,3390,4564,3410,4543,3390,4564,3410,r2c3@30,,,,,30,
1294,FRI,2912,3391,2949,3429,2912,3391,2949,3429,r2c2@30,,,,,30,
1264,FRI,3398,3391,3432,3423,3398,3391,3432,3423,r2c2@30,,,,,30,
1216,66,4542,3391,4563,3411,4542,3391,4563,3411,r2c3@30,,,,,30,
1224,66,4541,3392,4563,3413,4541,3392,4563,3413,r2c3@30,,,,,30,
1228,66,4540,3394,4562,3414,4540,3394,4562,3414,r2c3@30,,,,,30,
1043,03,3884,3395,3913,3421,3884,3395,3913,3421,r3c3@30,,,,,30,
1234,66,4540,3395,4561,3415,4540,3395,4561,3415,r2c3@30,,,,,30,
1299,FRI,3296,3396,3332,3430,3296,3396,3332,3430,r2c2@30,,,,,30,
1036,50,4320,3396,4336,3412,4320,3396,4336,3412,r3c3@30,,,,,30,
1241,66,4539,3396,4560,3417,4539,3396,4560,3417,r2c3@30,,,,,30,
1246,66,4538,3398,4560,3418,4538,3398,4560,3418,r2c3@30,,,,,30,
1250,66,4537,3399,4559,3419,4537,3399,4559,3419,r2c3@30,,,,,30,
1317,FRI,3303,3400,3340,3434,3303,3400,3340,3434,r2c2@30,,,,,30,
1303,05,3747,3400,3778,3430,3747,3400,3778,3430,r2c3@60,,,,,60,
1257,66,4536,3400,4558,3421,4536,3400,4558,3421,r2c3@30,,,,,30,
1330,FRI,3103,3401,3139,3436,3103,3401,3139,3436,r2c2@30,,,,,30,
1351,FRI,2970,3402,3007,3440,2970,3402,3007,3440,r2c2@30,,,,,30,
1259,66,4536,3402,4557,3422,4536,3402,4557,3422,r2c3@30,,,,,30,
1008,Homer,1661,3403,1750,3475,1661,3403,1750,3475,r3c1@60,,,,,60,
1267,66,4535,3403,4556,3423,4535,3403,4556,3423,r2c3@30,,,,,30,
1002,50,4340,3404,4357,3420,4340,3404,4357,3420,r3c3@30,,,,,30,
1275,66,4534,3404,4556,3425,4534,3404,4556,3425,r2c3@30,,,,,30,
1368,FRI,2936,3405,2973,3443,2936,3405,2973,3443,r2c2@30,,,,,30,
1346,FRI,3229,3405,3265,3439,3229,3405,3265,3439,r2c2@30,,,,,30,
1329,FRI,3422,3405,3456,3436,3422,3405,3456,3436,r2c2@30,,,,,30,
1281,66,4533,3406,4555,3426,4533,3406,4555,3426,r2c3@30,,,,,30,
1286,66,4533,3407,4554,3427,4533,3407,4554,3427,r2c3@30,,,,,30,
1295,66,4532,3408,4553,3429,4532,3408,4553,3429,r2c3@30,,,,,30,
982,3,2119,3409,2149,3442,2119,3409,2149,3442,r3c1@30,,,,,30,
1367,FRI,3320,3410,3356,3443,3320,3410,3356,3443,r2c2@30,,,,,30,
1300,66,4531,3410,4553,3430,4531,3410,4553,3430,r2c3@30,,,,,30,
1361,01,3927,3411,3959,3441,3927,3411,3959,3441,r2c3@60,,,,,60,
1308,66,4530,3411,4552,3431,4530,3411,4552,3431,r2c3@30,,,,,30,
1901,IBIE ST.,2344,3412,2571,3644,2344,3412,2571,3644,r3c1@60,,,,,60,
971,50,4360,3412,4376,3428,4360,3412,4376,3428,r3c3@30,,,,,30,
1313,66,4530,3412,4551,3433,4530,3412,4551,3433,r2c3@30,,,,,30,
1392,FRI,3328,3414,3364,3448,3328,3414,3364,3448,r2c2@30,,,,,30,
1318,66,4529,3414,4550,3434,4529,3414,4550,3434,r2c3@30,,,,,30,
1404,FRI,3126,3415,3163,3450,3126,3415,3163,3450,r2c2@30,,,,,30,
1323,66,4528,3415,4550,3435,4528,3415,4550,3435,r2c3@30,,,,,30,
1422,FRI,2993,3416,3031,3453,2993,3416,3031,3453,r2c2@30,,,,,30,
1335,66,4527,3416,4549,3437,4527,3416,4549,3437,r2c3@30,,,,,30,
953,11,1759,3418,1789,3449,1759,3418,1789,3449,r3c1@30,,,,,30,
1342,66,4526,3418,4548,3438,4526,3418,4548,3438,r2c3@30,,,,,30,
1443,FRI,2960,3419,2997,3457,2960,3419,2997,3457,r2c2@30,,,,,30,
1414,FRI,3253,3419,3288,3452,3253,3419,3288,3452,r2c2@30,,,,,30,
1398,FRI,3446,3419,3478,3449,3446,3419,3478,3449,r2c2@30,,,,,30,
293,Plan No 210,3962,3419,4111,3491,3962,3419,4111,3491,r2c3,,,,,0,
1348,66,4526,3419,4547,3439,4526,3419,4547,3439,r2c3@30,,,,,30,
946,50,4381,3420,4398,3437,4381,3420,4398,3437,r3c3@30,,,,,30,
1359,66,4525,3420,4546,3441,4525,3420,4546,3441,r2c3@30,,,,,30,
1362,66,4524,3422,4546,3442,4524,3422,4546,3442,r2c3@30,,,,,30,
1442,FRI,3344,3423,3380,3457,3344,3423,3380,3457,r2c2@30,,,,,30,
1369,66,4523,3423,4545,3443,4523,3423,4545,3443,r2c3@30,,,,,30,
1376,66,4523,3424,4544,3445,4523,3424,4544,3445,r2c3@30,,,,,30,
991,Dominion,3611,3426,3788,3607,3611,3426,3788,3607,r3c3@60,,,,,60,
1380,66,4522,3426,4543,3446,4522,3426,4543,3446,r2c3@30,,,,,30,
1389,66,4521,3427,4543,3447,4521,3427,4543,3447,r2c3@30,,,,,30,
1467,FRI,3352,3428,3388,3462,3352,3428,3388,3462,r2c2@30,,,,,30,
934,50,4402,3428,4420,3444,4402,3428,4420,3444,r3c3@30,,,,,30,
1400,66,4520,3428,4542,3449,4520,3428,4542,3449,r2c3@30,,,,,30,
1499,FRI,3017,3429,3057,3468,3017,3429,3057,3468,r2c2@30,,,,,30,
1479,FRI,3150,3429,3187,3464,3150,3429,3187,3464,r2c2@30,,,,,30,
1141,Winters,3392,3429,3530,3560,3392,3429,3530,3560,r3c2@60,,,,,60,
1406,66,4520,3430,4541,3450,4520,3430,4541,3450,r2c3@30,,,,,30,
928,The Bronx,2571,3431,2703,3603,2571,3431,2703,3603,r3c2@60,,,,,60,
1466,FRI,3467,3431,3500,3462,3467,3431,3500,3462,r2c2@30,,,,,30,
1412,66,4519,3431,4540,3451,4519,3431,4540,3451,r2c3@30,,,,,30,
1488,FRI,3277,3432,3312,3466,3277,3432,3312,3466,r2c2@30,,,,,30,
1423,66,4518,3432,4540,3453,4518,3432,4540,3453,r2c3@30,,,,,30,
1514,FRI,2984,3433,3021,3471,2984,3433,3021,3471,r2c2@30,,,,,30,
265,66,4295,3433,4319,3450,4295,3433,4319,3450,r2c3,,,,,0,
1428,66,4517,3434,4539,3454,4517,3434,4539,3454,r2c3@30,,,,,30,
1432,66,4517,3435,4538,3455,4517,3435,4538,3455,r2c3@30,,,,,30,
1444,66,4516,3436,4537,3457,4516,3436,4537,3457,r2c3@30,,,,,30,
1513,FRI,3368,3437,3404,3471,3368,3437,3404,3471,r2c2@30,,,,,30,
914,50,4424,3437,4440,3452,4424,3437,4440,3452,r3c3@30,,,,,30,
171,TROUNCE5,2836,3438,3082,3526,2836,3438,3082,3526,r3c2,,,,,0,
1448,66,4515,3438,4537,3458,4515,3438,4537,3458,r2c3@30,,,,,30,
1454,66,4514,3439,4536,3459,4514,3439,4536,3459,r2c3@30,,,,,30,
1461,66,4513,3440,4535,3461,4513,3440,4535,3461,r2c3@30,,,,,30,
1544,FRI,3376,3442,3412,3476,3376,3442,3412,3476,r2c2@30,,,,,30,
312,HOTEL,3693,3442,3731,3520,3693,3442,3731,3520,r2c3,,,,,0,
1469,66,4513,3442,4534,3462,4513,3442,4534,3462,r2c3@30,,,,,30,
900,4,2151,3443,2180,3473,2151,3443,2180,3473,r3c1@30,,,,,30,
1558,FRI,3174,3443,3211,3478,3174,3443,3211,3478,r2c2@30,,,,,30,
200,Hotel,3431,3443,3500,3546,3431,3443,3500,3546,r3c2,,,,,0,
1473,66,4512,3443,4533,3463,4512,3443,4533,3463,r2c3@30,,,,,30,
1581,FRI,3043,3444,3082,3483,3043,3444,3082,3483,r2c2@30,,,,,30,
1482,66,4511,3444,4533,3465,4511,3444,4533,3465,r2c3@30,,,,,30,
1542,FRI,3491,3445,3524,3476,3491,3445,3524,3476,r2c2@30,,,,,30,
896,50,4443,3445,4461,3462,4443,3445,4461,3462,r3c3@30,,,,,30,
1570,FRI,3301,3446,3336,3480,3301,3446,3336,3480,r2c2@30,,,,,30,
1489,66,4510,3446,4532,3466,4510,3446,4532,3466,r2c3@30,,,,,30,
1590,FRI,3007,3447,3047,3485,3007,3447,3047,3485,r2c2@30,,,,,30,
180,Hotel,3411,3447,3474,3523,3411,3447,3474,3523,r3c2,,,,,0,
1494,66,4510,3447,4531,3467,4510,3447,4531,3467,r2c3@30,,,,,30,
1503,66,4509,3448,4530,3469,4509,3448,4530,3469,r2c3@30,,,,,30,
1507,66,4508,3450,4530,3470,4508,3450,4530,3470,r2c3@30,,,,,30,
1589,FRI,3392,3451,3428,3485,3392,3451,3428,3485,r2c2@30,,,,,30,
1561,05,3926,3451,3955,3478,3926,3451,3955,3478,r2c3@60,,,,,60,
1515,66,4507,3451,4529,3471,4507,3451,4529,3471,r2c3@30,,,,,30,
882,50,4465,3452,4484,3470,4465,3452,4484,3470,r3c3@30,,,,,30,
1528,66,4507,3452,4528,3473,4507,3452,4528,3473,r2c3@30,,,,,30,
1532,66,4506,3454,4527,3474,4506,3454,4527,3474,r2c3@30,,,,,30,
1536,66,4505,3455,4527,3475,4505,3455,4527,3475,r2c3@30,,,,,30,
1607,FRI,3400,3456,3434,3489,3400,3456,3434,3489,r2c2@30,,,,,30,
1549,66,4504,3456,4526,3477,4504,3456,4526,3477,r2c3@30,,,,,30,
1624,FRI,3198,3457,3235,3492,3198,3457,3235,3492,r2c2@30,,,,,30,
873,50,3944,3457,3966,3477,3944,3457,3966,3477,r3c3@30,,,,,30,
1559,66,4503,3457,4525,3478,4503,3457,4525,3478,r2c3@30,,,,,30,
354,HOTEL,3647,3458,3680,3557,3647,3458,3680,3557,r2c3,,,,,0,
1647,FRI,3068,3459,3106,3496,3068,3459,3106,3496,r2c2@30,,,,,30,
1564,66,4503,3459,4524,3479,4503,3459,4524,3479,r2c3@30,,,,,30,
1628,FRI,3325,3460,3359,3493,3325,3460,3359,3493,r2c2@30,,,,,30,
1574,66,4502,3460,4523,3481,4502,3460,4523,3481,r2c3@30,,,,,30,
1666,FRI,3033,3461,3072,3500,3033,3461,3072,3500,r2c2@30,,,,,30,
865,50,4486,3461,4504,3477,4486,3461,4504,3477,r3c3@30,,,,,30,
1577,66,4501,3461,4523,3482,4501,3461,4523,3482,r2c3@30,,,,,30,
1582,66,4500,3463,4522,3483,4500,3463,4522,3483,r2c3@30,,,,,30,
1591,66,4500,3464,4521,3485,4500,3464,4521,3485,r2c3@30,,,,,30,
1661,FRI,3416,3465,3452,3499,3416,3465,3452,3499,r2c2@30,,,,,30,
1596,66,4499,3465,4520,3486,4499,3465,4520,3486,r2c3@30,,,,,30,
1601,66,4498,3467,4520,3487,4498,3467,4520,3487,r2c3@30,,,,,30,
1608,66,4497,3468,4519,3489,4497,3468,4519,3489,r2c3@30,,,,,30,
1674,FRI,3423,3469,3457,3502,3423,3469,3457,3502,r2c2@30,,,,,30,
845,50,3968,3469,3989,3489,3968,3469,3989,3489,r3c3@30,,,,,30,
1612,66,4497,3469,4518,3490,4497,3469,4518,3490,r2c3@30,,,,,30,
846,50,4507,3469,4523,3484,4507,3469,4523,3484,r3c3@30,,,,,30,
1693,FRI,3222,3470,3258,3506,3222,3470,3258,3506,r2c2@30,,,,,30,
340,O.G.T),4131,3471,4287,3545,4131,3471,4287,3545,r2c3,,,,,0,
1616,66,4496,3471,4517,3491,4496,3471,4517,3491,r2c3@30,,,,,30,
1709,FRI,3092,3472,3130,3510,3092,3472,3130,3510,r2c2@30,,,,,30,
1629,66,4495,3472,4517,3493,4495,3472,4517,3493,r2c3@30,,,,,30,
1615,B,2323,3473,2353,3491,2323,3473,2353,3491,r2c1@60,,,,,60,
1698,FRI,3347,3473,3383,3507,3347,3473,3383,3507,r2c2@30,,,,,30,
1636,66,4494,3473,4516,3494,4494,3473,4516,3494,r2c3@30,,,,,30,
1621,B,2320,3475,2351,3492,2320,3475,2351,3492,r2c1@60,,,,,60,
1641,66,4493,3475,4515,3495,4493,3475,4515,3495,r2c3@30,,,,,30,
1727,FRI,3058,3476,3096,3514,3058,3476,3096,3514,r2c2@30,,,,,30,
1652,66,4493,3476,4514,3497,4493,3476,4514,3497,r2c3@30,,,,,30,
1633,B,2318,3477,2347,3494,2318,3477,2347,3494,r2c1@60,,,,,60,
1655,66,4492,3477,4513,3498,4492,3477,4513,3498,r2c3@30,,,,,30,
842,50,4527,3477,4544,3494,4527,3477,4544,3494,r3c3@30,,,,,30,
831,5,2184,3478,2214,3508,2184,3478,2214,3508,r3c1@30,,,,,30,
1645,B,2314,3479,2343,3496,2314,3479,2343,3496,r2c1@60,,,,,60,
1718,FRI,3440,3479,3475,3512,3440,3479,3475,3512,r2c2@30,,,,,30,
1662,66,4491,3479,4513,3499,4491,3479,4513,3499,r2c3@30,,,,,30,
823,50,3988,3480,4009,3499,3988,3480,4009,3499,r3c3@30,,,,,30,
824,50,4014,3480,4037,3501,4014,3480,4037,3501,r3c3@30,,,,,30,
1671,66,4490,3480,4512,3501,4490,3480,4512,3501,r2c3@30,,,,,30,
1675,66,4490,3481,4511,3502,4490,3481,4511,3502,r2c3@30,,,,,30,
1659,B,2310,3482,2339,3499,2310,3482,2339,3499,r2c1@60,,,,,60,
1731,FRI,3445,3482,3479,3515,3445,3482,3479,3515,r2c2@30,,,,,30,
1680,66,4489,3483,4510,3503,4489,3483,4510,3503,r2c3@30,,,,,30,
1670,B,2306,3484,2335,3501,2306,3484,2335,3501,r2c1@60,,,,,60,
1751,FRI,3246,3484,3282,3519,3246,3484,3282,3519,r2c2@30,,,,,30,
1689,66,4488,3484,4510,3505,4488,3484,4510,3505,r2c3@30,,,,,30,
1725,05,4052,3485,4080,3513,4052,3485,4080,3513,r2c3@60,,,,,60,
1694,66,4487,3485,4509,3506,4487,3485,4509,3506,r2c3@30,,,,,30,
1673,B,2303,3486,2331,3502,2303,3486,2331,3502,r2c1@60,,,,,60,
1779,FRI,3116,3486,3154,3524,3116,3486,3154,3524,r2c2@30,,,,,30,
886,50,4548,3486,4564,3501,4548,3486,4564,3501,r3c3@30,,,,,30,
1765,FRI,3371,3487,3407,3521,3371,3487,3407,3521,r2c2@30,,,,,30,
1699,66,4487,3487,4508,3507,4487,3487,4508,3507,r2c3@30,,,,,30,
1688,B,2299,3488,2328,3505,2299,3488,2328,3505,r2c1@60,,,,,60,
1706,66,4486,3488,4507,3509,4486,3488,4507,3509,r2c3@30,,,,,30,
807,50,4034,3489,4058,3511,4034,3489,4058,3511,r3c3@30,,,,,30,
808,50,4063,3489,4085,3509,4063,3489,4085,3509,r3c3@30,,,,,30,
1710,66,4485,3489,4507,3510,4485,3489,4507,3510,r2c3@30,,,,,30,
1697,B,2295,3490,2324,3507,2295,3490,2324,3507,r2c1@60,,,,,60,
1795,FRI,3082,3490,3120,3527,3082,3490,3120,3527,r2c2@30,,,,,30,
1713,66,4484,3491,4506,3511,4484,3491,4506,3511,r2c3@30,,,,,30,
1705,B,2292,3492,2322,3509,2292,3492,2322,3509,r2c1@60,,,,,60,
1722,66,4483,3492,4505,3513,4483,3492,4505,3513,r2c3@30,,,,,30,
1728,66,4483,3493,4504,3514,4483,3493,4504,3514,r2c3@30,,,,,30,
1712,B,2288,3494,2318,3511,2288,3494,2318,3511,r2c1@60,,,,,60,
930,50,4568,3494,4584,3509,4568,3494,4584,3509,r3c3@30,,,,,30,
1782,05,4100,3495,4129,3524,4100,3495,4129,3524,r2c3@60,,,,,60,
1732,66,4482,3495,4503,3515,4482,3495,4503,3515,r2c3@30,,,,,30,
1716,B,2286,3496,2315,3512,2286,3496,2315,3512,r2c1@60,,,,,60,
310,66,3621,3496,3636,3517,3621,3496,3636,3517,r2c3,,,,,0,
1737,66,4481,3496,4503,3516,4481,3496,4503,3516,r2c3@30,,,,,30,
1736,66,4481,3497,4502,3516,4481,3497,4502,3516,r2c3@30,,,,,30,
1730,B,2282,3498,2311,3515,2282,3498,2311,3515,r2c1@60,,,,,60,
1821,FRI,3270,3498,3306,3533,3270,3498,3306,3533,r2c2@30,,,,,30,
1734,B,2279,3499,2308,3516,2279,3499,2308,3516,r2c1@60,,,,,60,
314,66,3608,3499,3625,3524,3608,3499,3625,3524,r2c3,,,,,0,
1747,66,4480,3499,4501,3518,4480,3499,4501,3518,r2c3@30,,,,,30,
1845,FRI,3140,3500,3178,3538,3140,3500,3178,3538,r2c2@30,,,,,30,
1752,66,4480,3500,4500,3519,4480,3500,4500,3519,r2c3@30,,,,,30,
1832,FRI,3395,3501,3431,3535,3395,3501,3431,3535,r2c2@30,,,,,30,
1759,66,4479,3501,4500,3520,4479,3501,4500,3520,r2c3@30,,,,,30,
1750,B,2275,3502,2304,3519,2275,3502,2304,3519,r2c1@60,,,,,60,
2228,Temples,4004,3502,4129,3635,4004,3502,4129,3635,r2c3@60,,,,,60,
1757,B,2272,3503,2302,3520,2272,3503,2302,3520,r2c1@60,,,,,60,
1771,66,4478,3503,4499,3522,4478,3503,4499,3522,r2c3@30,,,,,30,
978,50,4589,3503,4604,3517,4589,3503,4604,3517,r3c3@30,,,,,30,
320,9,2584,3504,2606,3527,2584,3504,2606,3527,r2c2,,,,,0,
1864,FRI,3106,3504,3144,3541,3106,3504,3144,3541,r2c2@30,,,,,30,
1775,66,4477,3504,4498,3523,4477,3504,4498,3523,r2c3@30,,,,,30,
1769,B,2268,3505,2298,3522,2268,3505,2298,3522,r2c1@60,,,,,60,
316,66,4134,3505,4150,3525,4134,3505,4150,3525,r2c3,,,,,0,
1780,66,4477,3505,4497,3524,4477,3505,4497,3524,r2c3@30,,,,,30,
775,6,2209,3506,2237,3535,2209,3506,2237,3535,r3c1@30,,,,,30,
776,50,4115,3506,4136,3525,4115,3506,4136,3525,r3c3@30,,,,,30,
1784,B,2264,3507,2295,3525,2264,3507,2295,3525,r2c1@60,,,,,60,
1787,66,4476,3507,4497,3526,4476,3507,4497,3526,r2c3@30,,,,,30,
1796,66,4475,3508,4496,3527,4475,3508,4496,3527,r2c3@30,,,,,30,
1792,B,2260,3509,2291,3527,2260,3509,2291,3527,r2c1@60,,,,,60,
1799,66,4474,3509,4495,3528,4474,3509,4495,3528,r2c3@30,,,,,30,
325,66,4178,3511,4195,3531,4178,3511,4195,3531,r2c3,,,,,0,
1807,66,4473,3511,4494,3530,4473,3511,4494,3530,r2c3@30,,,,,30,
1064,50,4608,3511,4624,3527,4608,3511,4624,3527,r3c3@30,,,,,30,
1801,B,2256,3512,2287,3529,2256,3512,2287,3529,r2c1@60,,,,,60,
1884,FRI,3294,3512,3329,3546,3294,3512,3329,3546,r2c2@30,,,,,30,
1812,66,4473,3512,4494,3531,4473,3512,4494,3531,r2c3@30,,,,,30,
1818,66,4472,3513,4493,3532,4472,3513,4493,3532,r2c3@30,,,,,30,
1816,B,2252,3514,2283,3532,2252,3514,2283,3532,r2c1@60,,,,,60,
1915,FRI,3164,3514,3202,3552,3164,3514,3202,3552,r2c2@30,,,,,30,
1878,B,1770,3515,1798,3545,1770,3515,1798,3545,r2c1@60,,,,,60,
1894,FRI,3419,3515,3455,3548,3419,3515,3455,3548,r2c2@30,,,,,30,
1830,66,4471,3515,4492,3534,4471,3515,4492,3534,r2c3@30,,,,,30,
1829,B,2248,3516,2279,3534,2248,3516,2279,3534,r2c1@60,,,,,60,
760,50,4136,3516,4156,3534,4136,3516,4156,3534,r3c3@30,,,,,30,
331,66,4207,3516,4224,3536,4207,3516,4224,3536,r2c3,,,,,0,
1834,66,4470,3516,4491,3535,4470,3516,4491,3535,r2c3@30,,,,,30,
1931,FRI,3130,3517,3168,3555,3130,3517,3168,3555,r2c2@30,,,,,30,
755,Hotel,4022,3517,4101,3610,4022,3517,4101,3610,r3c3@30,,,,,30,
1839,66,4470,3517,4490,3536,4470,3517,4490,3536,r2c3@30,,,,,30,
1870,05,4168,3518,4192,3542,4168,3518,4192,3542,r2c3@60,,,,,60,
1836,B,2244,3519,2275,3536,2244,3519,2275,3536,r2c1@60,,,,,60,
334,66,3601,3519,3616,3539,3601,3519,3616,3539,r2c3,,,,,0,
1846,66,4469,3519,4490,3538,4469,3519,4490,3538,r2c3@30,,,,,30,
1149,50,4628,3519,4645,3535,4628,3519,4645,3535,r3c3@30,,,,,30,
336,66,4236,3520,4253,3540,4236,3520,4253,3540,r2c3,,,,,0,
1852,66,4468,3520,4489,3539,4468,3520,4489,3539,r2c3@30,,,,,30,
1851,B,2240,3521,2271,3539,2240,3521,2271,3539,r2c1@60,,,,,60,
1873,26,4193,3521,4216,3543,4193,3521,4216,3543,r2c3@30,,,,,30,
1857,66,4467,3521,4488,3540,4467,3521,4488,3540,r2c3@30,,,,,30,
345,66,3665,3522,3684,3547,3665,3522,3684,3547,r2c3,,,,,0,
1860,B,2236,3523,2267,3541,2236,3523,2267,3541,r2c1@60,,,,,60,
1898,05,4143,3523,4168,3548,4143,3523,4168,3548,r2c3@60,,,,,60,
1867,66,4467,3523,4487,3542,4467,3523,4487,3542,r2c3@30,,,,,30,
1874,66,4466,3524,4487,3543,4466,3524,4487,3543,r2c3@30,,,,,30,
1871,B,2232,3525,2263,3543,2232,3525,2263,3543,r2c1@60,,,,,60,
1958,FRI,3317,3525,3353,3560,3317,3525,3353,3560,r2c2@30,,,,,30,
1876,66,4465,3525,4486,3544,4465,3525,4486,3544,r2c3@30,,,,,30,
738,50,4157,3526,4175,3544,4157,3526,4175,3544,r3c3@30,,,,,30,
349,66,4104,3527,4124,3550,4104,3527,4124,3550,r2c3,,,,,0,
341,66,4266,3527,4283,3545,4266,3527,4283,3545,r2c3,,,,,0,
1885,66,4464,3527,4485,3546,4464,3527,4485,3546,r2c3@30,,,,,30,
1236,50,4648,3527,4664,3543,4648,3527,4664,3543,r3c3@30,,,,,30,
1879,B,2228,3528,2259,3545,2228,3528,2259,3545,r2c1@60,,,,,60,
1985,FRI,3188,3528,3225,3565,3188,3528,3225,3565,r2c2@30,,,,,30,
1891,66,4464,3528,4484,3547,4464,3528,4484,3547,r2c3@30,,,,,30,
1896,66,4463,3529,4484,3548,4463,3529,4484,3548,r2c3@30,,,,,30,
1893,B,2224,3530,2255,3548,2224,3530,2255,3548,r2c1@60,,,,,60,
356,10,2680,3530,2712,3559,2680,3530,2712,3559,r2c2,,,,,0,
1934,05,4193,3530,4218,3555,4193,3530,4218,3555,r2c3@60,,,,,60,
1909,26,4211,3530,4233,3551,4211,3530,4233,3551,r2c3@30,,,,,30,
2006,FRI,3154,3531,3192,3569,3154,3531,3192,3569,r2c2@30,,,,,30,
730,Hotel,4077,3531,4153,3623,4077,3531,4153,3623,r3c3@30,,,,,30,
1906,66,4462,3531,4483,3550,4462,3531,4483,3550,r2c3@30,,,,,30,
1905,B,2220,3532,2251,3550,2220,3532,2251,3550,r2c1@60,,,,,60,
1910,66,4461,3532,4482,3551,4461,3532,4482,3551,r2c3@30,,,,,30,
350,66,4293,3533,4310,3551,4293,3533,4310,3551,r2c3,,,,,0,
1917,66,4460,3533,4481,3552,4460,3533,4481,3552,r2c3@30,,,,,30,
1913,B,2216,3535,2247,3552,2216,3535,2247,3552,r2c1@60,,,,,60,
1926,66,4460,3535,4480,3554,4460,3535,4480,3554,r2c3@30,,,,,30,
1326,50,4668,3535,4684,3551,4668,3535,4684,3551,r3c3@30,,,,,30,
352,St.,1776,3536,1805,3556,1776,3536,1805,3556,r2c1,,,,,0,
754,7,2243,3536,2270,3564,2243,3536,2270,3564,r3c1@30,,,,,30,
721,Grand,4099,3536,4176,3631,4099,3536,4176,3631,r3c3@30,,,,,30,
722,50,4178,3536,4196,3554,4178,3536,4196,3554,r3c3@30,,,,,30,
1932,66,4459,3536,4480,3555,4459,3536,4480,3555,r2c3@30,,,,,30,
1929,B,2212,3537,2243,3555,2212,3537,2243,3555,r2c1@60,,,,,60,
357,66,4323,3537,4339,3559,4323,3537,4339,3559,r2c3,,,,,0,
1936,66,4458,3537,4479,3556,4458,3537,4479,3556,r2c3@30,,,,,30,
1940,B,2208,3539,2239,3557,2208,3539,2239,3557,r2c1@60,,,,,60,
102,Hotel,2653,3539,2701,3579,2653,3539,2701,3579,r3c2,,,,,0,
2028,FRI,3341,3539,3377,3574,3341,3539,3377,3574,r2c2@30,,,,,30,
1977,05,4217,3539,4243,3563,4217,3539,4243,3563,r2c3@60,,,,,60,
1949,26,4230,3539,4251,3558,4230,3539,4251,3558,r2c3@30,,,,,30,
1950,66,4457,3539,4478,3558,4457,3539,4478,3558,r2c3@30,,,,,30,
2011,B,1791,3540,1820,3570,1791,3540,1820,3570,r2c1@60,,,,,60,
1954,66,4457,3540,4477,3559,4457,3540,4477,3559,r2c3@30,,,,,30,
712,25,1859,3541,1898,3578,1859,3541,1898,3578,r3c1@60,,,,,60,
1959,66,4456,3541,4477,3560,4456,3541,4477,3560,r2c3@30,,,,,30,
1948,B,2206,3542,2235,3558,2206,3542,2235,3558,r2c1@60,,,,,60,
2049,FRI,3212,3542,3249,3579,3212,3542,3249,3579,r2c2@30,,,,,30,
1451,50,4689,3542,4707,3560,4689,3542,4707,3560,r3c3@30,,,,,30,
1962,B,2202,3543,2232,3561,2202,3543,2232,3561,r2c1@60,,,,,60,
1965,66,4455,3543,4476,3562,4455,3543,4476,3562,r2c3@30,,,,,30,
706,50,4198,3544,4216,3562,4198,3544,4216,3562,r3c3@30,,,,,30,
1975,66,4454,3544,4475,3563,4454,3544,4475,3563,r2c3@30,,,,,30,
1970,B,2198,3545,2228,3563,2198,3545,2228,3563,r2c1@60,,,,,60,
2068,FRI,3178,3545,3215,3583,3178,3545,3215,3583,r2c2@30,,,,,30,
1979,66,4454,3545,4474,3564,4454,3545,4474,3564,r2c3@30,,,,,30,
1995,26,4248,3547,4269,3567,4248,3547,4269,3567,r2c3@30,,,,,30,
1989,66,4453,3547,4474,3566,4453,3547,4474,3566,r2c3@30,,,,,30,
1984,B,2194,3548,2224,3565,2194,3548,2224,3565,r2c1@60,,,,,60,
1996,66,4452,3548,4473,3567,4452,3548,4473,3567,r2c3@30,,,,,30,
101,ALLEY,3222,3549,3358,3604,3222,3549,3358,3604,r3c2,,,,,0,
2001,66,4451,3549,4472,3568,4451,3549,4472,3568,r2c3@30,,,,,30,
1999,B,2190,3550,2220,3568,2190,3550,2220,3568,r2c1@60,,,,,60,
1547,50,4709,3550,4725,3566,4709,3550,4725,3566,r3c3@30,,,,,30,
2066,05,3774,3551,3806,3582,3774,3551,3806,3582,r2c3@60,,,,,60,
2013,66,4450,3551,4471,3570,4450,3551,4471,3570,r2c3@30,,,,,30,
2012,B,2186,3552,2216,3570,2186,3552,2216,3570,r2c1@60,,,,,60,
2018,66,4450,3552,4470,3571,4450,3552,4470,3571,r2c3@30,,,,,30,
2092,FRI,3365,3553,3401,3588,3365,3553,3401,3588,r2c2@30,,,,,30,
693,50,4219,3553,4237,3571,4219,3553,4237,3571,r3c3@30,,,,,30,
2021,66,4449,3553,4470,3572,4449,3553,4470,3572,r2c3@30,,,,,30,
366,66,4352,3554,4367,3573,4352,3554,4367,3573,r2c3,,,,,0,
2020,B,2182,3555,2212,3572,2182,3555,2212,3572,r2c1@60,,,,,60,
2117,FRI,3236,3555,3273,3593,3236,3555,3273,3593,r2c2@30,,,,,30,
191,G,3351,3555,3488,3650,3351,3555,3488,3650,r3c2,,,,,0,
2029,26,4265,3555,4286,3574,4265,3555,4286,3574,r2c3@30,,,,,30,
2030,66,4448,3555,4469,3574,4448,3555,4469,3574,r2c3@30,,,,,30,
369,St.,1776,3556,1805,3576,1776,3556,1805,3576,r2c1,,,,,0,
2035,66,4447,3556,4468,3575,4447,3556,4468,3575,r2c3@30,,,,,30,
2033,B,2178,3557,2208,3575,2178,3557,2208,3575,r2c1@60,,,,,60,
2037,66,4447,3557,4467,3576,4447,3557,4467,3576,r2c3@30,,,,,30,
2072,05,4214,3558,4240,3583,4214,3558,4240,3583,r2c3@60,,,,,60,
2065,05,4267,3558,4293,3582,4267,3558,4293,3582,r2c3@60,,,,,60,
1657,50,4730,3558,4747,3575,4730,3558,4747,3575,r3c3@30,,,,,30,
2040,B,2174,3559,2204,3577,2174,3559,2204,3577,r2c1@60,,,,,60,
2132,FRI,3202,3559,3239,3597,3202,3559,3239,3597,r2c2@30,,,,,30,
2047,66,4446,3559,4467,3578,4446,3559,4467,3578,r2c3@30,,,,,30,
2050,66,4445,3560,4466,3579,4445,3560,4466,3579,r2c3@30,,,,,30,
2055,66,4444,3561,4465,3580,4444,3561,4465,3580,r2c3@30,,,,,30,
2046,B,2171,3562,2201,3578,2171,3562,2201,3578,r2c1@60,,,,,60,
815,8,2274,3562,2303,3592,2274,3562,2303,3592,r3c1@30,,,,,30,
673,50,4239,3563,4257,3580,4239,3563,4257,3580,r3c3@30,,,,,30,
2069,26,4283,3563,4305,3583,4283,3563,4305,3583,r2c3@30,,,,,30,
2070,66,4443,3563,4464,3583,4443,3563,4464,3583,r2c3@30,,,,,30,
2061,B,2167,3564,2197,3581,2167,3564,2197,3581,r2c1@60,,,,,60,
94,11,2810,3564,2833,3590,2810,3564,2833,3590,r3c2,,,,,0,
2073,66,4442,3564,4464,3584,4442,3564,4464,3584,r2c3@30,,,,,30,
2067,B,2163,3566,2193,3583,2163,3566,2193,3583,r2c1@60,,,,,60,
2145,FRI,3389,3566,3425,3602,3389,3566,3425,3602,r2c2@30,,,,,30,
2109,05,4293,3566,4319,3591,4293,3566,4319,3591,r2c3@60,,,,,60,
1749,50,4750,3566,4767,3583,4750,3566,4767,3583,r3c3@30,,,,,30,
668,24,1886,3567,1924,3605,1886,3567,1924,3605,r3c1@30,,,,,30,
2084,66,4441,3567,4462,3586,4441,3567,4462,3586,r2c3@30,,,,,30,
2138,B,1811,3568,1841,3599,1811,3568,1841,3599,r2c1@60,,,,,60,
2075,B,2159,3568,2189,3585,2159,3568,2189,3585,r2c1@60,,,,,60,
2087,66,4440,3568,4461,3587,4440,3568,4461,3587,r2c3@30,,,,,30,
2157,FRI,3260,3569,3296,3606,3260,3569,3296,3606,r2c2@30,,,,,30,
663,50,4260,3569,4279,3588,4260,3569,4279,3588,r3c3@30,,,,,30,
2120,05,4343,3569,4369,3594,4343,3569,4369,3594,r2c3@60,,,,,60,
2126,05,4237,3570,4263,3595,4237,3570,4263,3595,r2c3@60,,,,,60,
379,66,4379,3570,4398,3590,4379,3570,4398,3590,r2c3,,,,,0,
2091,B,2155,3571,2185,3588,2155,3571,2185,3588,r2c1@60,,,,,60,
2101,26,4302,3571,4323,3590,4302,3571,4323,3590,r2c3@30,,,,,30,
2102,66,4439,3571,4460,3590,4439,3571,4460,3590,r2c3@30,,,,,30,
2107,66,4438,3572,4459,3591,4438,3572,4459,3591,r2c3@30,,,,,30,
2098,B,2151,3573,2181,3590,2151,3573,2181,3590,r2c1@60,,,,,60,
2168,FRI,3226,3573,3263,3610,3226,3573,3263,3610,r2c2@30,,,,,30,
2136,05,4320,3573,4346,3598,4320,3573,4346,3598,r2c3@60,,,,,60,
2112,66,4437,3573,4458,3592,4437,3573,4458,3592,r2c3@30,,,,,30,
2111,B,2147,3575,2177,3592,2147,3575,2177,3592,r2c1@60,,,,,60,
1849,50,4770,3575,4787,3591,4770,3575,4787,3591,r3c3@30,,,,,30,
387,St.,1776,3576,1805,3596,1776,3576,1805,3596,r2c1,,,,,0,
653,G,4372,3576,4394,3599,4372,3576,4394,3599,r3c3@30,,,,,30,
2121,B,2143,3578,2173,3595,2143,3578,2173,3595,r2c1@60,,,,,60,
648,50,4280,3578,4298,3595,4280,3578,4298,3595,r3c3@30,,,,,30,
393,66,4409,3579,4425,3599,4409,3579,4425,3599,r2c3,,,,,0,
2131,B,2139,3580,2169,3597,2139,3580,2169,3597,r2c1@60,,,,,60,
2253,H,2095,3582,2175,3661,2095,3582,2175,3661,r2c1@30,,,,,30,
2135,B,2137,3582,2165,3598,2137,3582,2165,3598,r2c1@60,,,,,60,
2197,FRI,3282,3582,3320,3620,3282,3582,3320,3620,r2c2@30,,,,,30,
1944,50,4790,3583,4806,3598,4790,3583,4806,3598,r3c3@30,,,,,30,
640,50,4301,3584,4319,3602,4301,3584,4319,3602,r3c3@30,,,,,30,
2143,B,2133,3585,2161,3601,2133,3585,2161,3601,r2c1@60,,,,,60,
638,Theatre,2968,3585,3066,3709,2968,3585,3066,3709,r3c2@30,,,,,30,
2198,05,3883,3585,3920,3620,3883,3585,3920,3620,r2c3@60,,,,,60,
2169,05,4256,3585,4282,3610,4256,3585,4282,3610,r2c3@60,,,,,60,
636,210,1672,3586,1729,3636,1672,3586,1729,3636,r3c1@30,,,,,30,
2203,FRI,3250,3586,3286,3623,3250,3586,3286,3623,r2c2@30,,,,,30,
2153,26,4340,3586,4360,3605,4340,3586,4360,3605,r2c3@30,,,,,30,
2158,66,4367,3586,4389,3607,4367,3586,4389,3607,r2c3@30,,,,,30,
2154,66,4395,3586,4415,3605,4395,3586,4415,3605,r2c3@30,,,,,30,
662,D,4426,3586,4445,3607,4426,3586,4445,3607,r3c3@30,,,,,30,
2148,B,2129,3587,2157,3603,2129,3587,2157,3603,r2c1@60,,,,,60,
400,66,4438,3587,4455,3606,4438,3587,4455,3606,r2c3,,,,,0,
2152,B,2125,3589,2153,3605,2125,3589,2153,3605,r2c1@60,,,,,60,
872,9,2304,3591,2330,3619,2304,3591,2330,3619,r3c1@30,,,,,30,
629,50,4322,3591,4340,3607,4322,3591,4340,3607,r3c3@30,,,,,30,
2045,50,4810,3591,4826,3606,4810,3591,4826,3606,r3c3@30,,,,,30,
2160,B,2121,3592,2149,3608,2121,3592,2149,3608,r2c1@60,,,,,60,
80,12,2922,3592,2951,3621,2922,3592,2951,3621,r3c2,,,,,0,
2172,26,4359,3592,4380,3611,4359,3592,4380,3611,r2c3@30,,,,,30,
672,Bra,4379,3593,4451,3664,4379,3593,4451,3664,r3c3@30,,,,,30,
2167,B,2117,3594,2145,3610,2117,3594,2145,3610,r2c1@60,,,,,60,
407,66,3584,3594,3598,3613,3584,3594,3598,3613,r2c3,,,,,0,
2177,66,4415,3594,4434,3612,4415,3594,4434,3612,r2c3@30,,,,,30,
2179,66,4425,3595,4445,3613,4425,3595,4445,3613,r2c3@30,,,,,30,
409,St.,1776,3596,1805,3616,1776,3596,1805,3616,r2c1,,,,,0,
2208,B,1831,3596,1861,3626,1831,3596,1861,3626,r2c1@60,,,,,60,
2174,B,2113,3596,2141,3612,2113,3596,2141,3612,r2c1@60,,,,,60,
2224,FRI,3306,3596,3344,3634,3306,3596,3344,3634,r2c2@30,,,,,30,
410,66,3596,3596,3610,3616,3596,3596,3610,3616,r2c3,,,,,0,
623,50,4343,3596,4361,3614,4343,3596,4361,3614,r3c3@30,,,,,30,
2182,66,4421,3596,4440,3614,4421,3596,4440,3614,r2c3@30,,,,,30,
412,66,3610,3597,3624,3617,3610,3597,3624,3617,r2c3,,,,,0,
620,D,4377,3597,4417,3640,4377,3597,4417,3640,r3c3@30,,,,,30,
2183,B,2109,3598,2137,3615,2109,3598,2137,3615,r2c1@60,,,,,60,
2137,50,4830,3598,4847,3614,4830,3598,4847,3614,r3c3@30,,,,,30,
2191,26,4378,3599,4399,3618,4378,3599,4399,3618,r2c3@30,,,,,30,
2235,FRI,3272,3600,3310,3637,3272,3600,3310,3637,r2c2@30,,,,,30,
414,66,3624,3600,3639,3620,3624,3600,3639,3620,r2c3,,,,,0,
612,23,1916,3601,1952,3636,1916,3601,1952,3636,r3c1@30,,,,,30,
2186,B,2106,3601,2133,3616,2106,3601,2133,3616,r2c1@60,,,,,60,
613,50,4366,3601,4385,3619,4366,3601,4385,3619,r3c3@30,,,,,30,
2190,B,2103,3602,2130,3618,2103,3602,2130,3618,r2c1@60,,,,,60,
418,66,3637,3603,3653,3623,3637,3603,3653,3623,r2c3,,,,,0,
2194,B,2101,3604,2127,3619,2101,3604,2127,3619,r2c1@60,,,,,60,
645,Hotel,4321,3605,4434,3715,4321,3605,4434,3715,r3c3@30,,,,,30,
2192,50,4849,3605,4867,3622,4849,3605,4867,3622,r3c3@30,,,,,30,
2199,B,2098,3606,2123,3621,2098,3606,2123,3621,r2c1@60,,,,,60,
423,66,3651,3606,3667,3626,3651,3606,3667,3626,r2c3,,,,,0,
608,50,4387,3606,4406,3624,4387,3606,4406,3624,r3c3@30,,,,,30,
74,O,3191,3607,3223,3636,3191,3607,3223,3636,r3c2,,,,,0,
2201,B,2095,3608,2121,3622,2095,3608,2121,3622,r2c1@60,,,,,60,
2211,26,4396,3608,4417,3627,4396,3608,4417,3627,r2c3@30,,,,,30,
2204,B,2093,3609,2118,3624,2093,3609,2118,3624,r2c1@60,,,,,60,
442,66,3665,3610,3679,3628,3665,3610,3679,3628,r2c3,,,,,0,
2207,B,2090,3611,2115,3625,2090,3611,2115,3625,r2c1@60,,,,,60,
443,66,3679,3611,3694,3628,3679,3611,3694,3628,r2c3,,,,,0,
634,50,4409,3611,4427,3629,4409,3611,4427,3629,r3c3@30,,,,,30,
2210,B,2087,3612,2113,3627,2087,3612,2113,3627,r2c1@60,,,,,60,
947,C,2344,3613,2368,3638,2344,3613,2368,3638,r3c1@30,,,,,30,
2212,B,2085,3614,2110,3628,2085,3614,2110,3628,r2c1@60,,,,,60,
444,66,3694,3614,3710,3628,3694,3614,3710,3628,r2c3,,,,,0,
2216,B,2081,3615,2107,3631,2081,3615,2107,3631,r2c1@60,,,,,60,
2225,26,4415,3615,4436,3634,4415,3615,4436,3634,r2c3@30,,,,,30,
439,St.,1776,3616,1805,3628,1776,3616,1805,3628,r2c1,,,,,0,
445,66,3710,3616,3725,3628,3710,3616,3725,3628,r2c3,,,,,0,
674,50,4433,3616,4451,3634,4433,3616,4451,3634,r3c3@30,,,,,30,
446,66,3725,3617,3739,3628,3725,3617,3739,3628,r2c3,,,,,0,
2218,B,2078,3618,2103,3632,2078,3618,2103,3632,r2c1@60,,,,,60,
2222,B,2075,3619,2101,3634,2075,3619,2101,3634,r2c1@60,,,,,60,
447,66,3739,3619,3753,3628,3739,3619,3753,3628,r2c3,,,,,0,
68,4,4000,3619,4026,3647,4000,3619,4026,3647,r3c3,,,,,0,
2227,B,2073,3621,2098,3635,2073,3621,2098,3635,r2c1@60,,,,,60,
66,13,3030,3622,3061,3652,3030,3622,3061,3652,r3c2,,,,,0,
448,66,3753,3622,3766,3628,3753,3622,3766,3628,r2c3,,,,,0,
713,50,4455,3622,4473,3638,4455,3622,4473,3638,r3c3@30,,,,,30,
449,66,3766,3623,3780,3628,3766,3623,3780,3628,r2c3,,,,,0,
450,66,3782,3625,3796,3628,3782,3625,3796,3628,r2c3,,,,,0,
451,66,3796,3626,3809,3628,3796,3626,3809,3628,r2c3,,,,,0,
240,G,3464,3627,3554,3715,3464,3627,3554,3715,r3c2,,,,,0,
749,50,4477,3627,4494,3643,4477,3627,4494,3643,r3c3@30,,,,,30,
452,66,3809,3628,3823,3628,3809,3628,3823,3628,r2c3,,,,,0,
453,66,3823,3628,3837,3628,3823,3628,3837,3628,r2c3,,,,,0,
454,66,3837,3628,3851,3628,3837,3628,3851,3628,r2c3,,,,,0,
455,66,3851,3628,3865,3628,3851,3628,3865,3628,r2c3,,,,,0,
456,66,3865,3628,3879,3628,3865,3628,3879,3628,r2c3,,,,,0,
457,66,3879,3628,3892,3628,3879,3628,3892,3628,r2c3,,,,,0,
458,66,3894,3628,3908,3628,3894,3628,3908,3628,r2c3,,,,,0,
459,66,3908,3628,3922,3628,3908,3628,3922,3628,r2c3,,,,,0,
460,66,3923,3628,3937,3628,3923,3628,3937,3628,r2c3,,,,,0,
461,66,3939,3628,3952,3628,3939,3628,3952,3628,r2c3,,,,,0,
462,66,3952,3628,3968,3628,3952,3628,3968,3628,r2c3,,,,,0,
463,66,3968,3628,3982,3628,3968,3628,3982,3628,r2c3,,,,,0,
464,66,3982,3628,3995,3628,3982,3628,3995,3628,r2c3,,,,,0,
465,66,3995,3628,4009,3628,3995,3628,4009,3628,r2c3,,,,,0,
466,66,4009,3628,4023,3628,4009,3628,4023,3628,r2c3,,,,,0,
467,66,4023,3628,4038,3628,4023,3628,4038,3628,r2c3,,,,,0,
468,66,4038,3628,4054,3628,4038,3628,4054,3628,r2c3,,,,,0,
469,66,4054,3628,4069,3628,4054,3628,4069,3628,r2c3,,,,,0,
470,66,4069,3628,4083,3628,4069,3628,4083,3628,r2c3,,,,,0,
471,66,4083,3628,4097,3628,4083,3628,4097,3628,r2c3,,,,,0,
472,66,4097,3628,4112,3628,4097,3628,4112,3628,r2c3,,,,,0,
473,66,4112,3628,4127,3628,4112,3628,4127,3628,r2c3,,,,,0,
474,66,4127,3628,4143,3628,4127,3628,4143,3628,r2c3,,,,,0,
475,66,4143,3628,4157,3628,4143,3628,4157,3628,r2c3,,,,,0,
476,66,4157,3628,4172,3628,4157,3628,4172,3628,r2c3,,,,,0,
477,66,4172,3628,4187,3628,4172,3628,4187,3628,r2c3,,,,,0,
622,20,2170,3629,2191,3652,2170,3629,2191,3652,r3c1@60,,,,,60,
578,22,1949,3630,1984,3666,1949,3630,1984,3666,r3c1@30,,,,,30,
62,Hotel,2867,3630,2953,3681,2867,3630,2953,3681,r3c2,,,,,0,
788,B,2270,3632,2288,3650,2270,3632,2288,3650,r3c1@60,,,,,60,
61,Hotel,2865,3632,2950,3681,2865,3632,2950,3681,r3c2,,,,,0,
141,E,3395,3635,3417,3658,3395,3635,3417,3658,r3c2,,,,,0,
785,50,4497,3635,4513,3651,4497,3635,4513,3651,r3c3@30,,,,,30,
817,B,2286,3636,2305,3655,2286,3636,2305,3655,r3c1@60,,,,,60,
857,B,2302,3639,2323,3660,2302,3639,2323,3660,r3c1@60,,,,,60,
711,B,2222,3641,2244,3663,2222,3641,2244,3663,r3c1@60,,,,,60,
317,10,2331,3641,2363,3667,2331,3641,2363,3667,r3c2,,,,,0,
160,T,3660,3641,3783,3779,3660,3641,3783,3779,r3c3,,,,,0,
832,50,4517,3642,4536,3660,4517,3642,4536,3660,r3c3@30,,,,,30,
564,Cordova.,2851,3643,2969,3737,2851,3643,2969,3737,r3c2@30,,,,,30,
53,3,4117,3650,4144,3678,4117,3650,4144,3678,r3c3,,,,,0,
870,50,4538,3650,4556,3666,4538,3650,4556,3666,r3c3@30,,,,,30,
52,14,3134,3652,3163,3678,3134,3652,3163,3678,r3c2,,,,,0,
553,B.C. Electric Ry Co.,1718,3654,2059,3918,1718,3654,2059,3918,r3c1@30,,,,,30,
913,50,4558,3658,4576,3676,4558,3658,4576,3676,r3c3@30,,,,,30,
545,21,1978,3662,2013,3694,1978,3662,2013,3694,r3c1@60,,,,,60,
342,B,2311,3662,2340,3688,2311,3662,2340,3688,r3c2,,,,,0,
954,50,4579,3666,4596,3683,4579,3666,4596,3683,r3c3@30,,,,,30,
284,218,2380,3668,2429,3699,2380,3668,2429,3699,r3c2,,,,,0,
85,157,2678,3672,2707,3693,2678,3672,2707,3693,r3c2,,,,,0,
1027,50,4599,3673,4616,3690,4599,3673,4616,3690,r3c3@30,,,,,30,
343,B,2311,3675,2339,3701,2311,3675,2339,3701,r3c2,,,,,0,
225,O.T,3466,3676,3535,3718,3466,3676,3535,3718,r3c2,,,,,0,
70,15,3253,3678,3285,3708,3253,3678,3285,3708,r3c2,,,,,0,
47,2,4226,3678,4247,3704,4226,3678,4247,3704,r3c3,,,,,0,
64,157,2720,3679,2750,3698,2720,3679,2750,3698,r3c2,,,,,0,
1116,50,4619,3681,4637,3699,4619,3681,4637,3699,r3c3@30,,,,,30,
132,D,3383,3682,3405,3707,3383,3682,3405,3707,r3c2,,,,,0,
1203,50,4639,3689,4657,3707,4639,3689,4657,3707,r3c3@30,,,,,30,
291,E,3601,3691,3623,3716,3601,3691,3623,3716,r3c2,,,,,0,
516,20,2010,3693,2045,3728,2010,3693,2045,3728,r3c1@60,,,,,60,
1292,50,4660,3697,4677,3714,4660,3697,4677,3714,r3c3@30,,,,,30,
337,B,2314,3702,2339,3727,2314,3702,2339,3727,r3c2,,,,,0,
511,MAHON BLK,1857,3703,1945,3771,1857,3703,1945,3771,r3c1@30,,,,,30,
1402,50,4680,3704,4698,3722,4680,3704,4698,3722,r3c3@30,,,,,30,
108,C,3343,3708,3366,3733,3343,3708,3366,3733,r3c2,,,,,0,
375,11A,2276,3710,2316,3739,2276,3710,2316,3739,r3c2,,,,,0,
130,16,3374,3711,3402,3741,3374,3711,3402,3741,r3c2,,,,,0,
1510,50,4702,3711,4719,3727,4702,3711,4719,3727,r3c3@30,,,,,30,
1618,50,4723,3718,4740,3734,4723,3718,4740,3734,r3c3@30,,,,,30,
508,19,2042,3723,2077,3758,2042,3723,2077,3758,r3c1@30,,,,,30,
1715,50,4742,3727,4760,3743,4742,3727,4760,3743,r3c3@30,,,,,30,
1809,50,4763,3734,4779,3749,4763,3734,4779,3749,r3c3@30,,,,,30,
212,D,3590,3736,3610,3758,3590,3736,3610,3758,r3c3,,,,,0,
1920,50,4783,3742,4801,3759,4783,3742,4801,3759,r3c3@30,,,,,30,
72,Nagle,3199,3744,3286,3782,3199,3744,3286,3782,r3c2,,,,,0,
27,2,3997,3748,4041,3791,3997,3748,4041,3791,r3c3,,,,,0,
223,205,3481,3750,3534,3779,3481,3750,3534,3779,r3c2,,,,,0,
2015,50,4803,3750,4819,3765,4803,3750,4819,3765,r3c3@30,,,,,30,
521,18,2068,3752,2101,3786,2068,3752,2101,3786,r3c1@30,,,,,30,
2115,50,4824,3758,4841,3774,4824,3758,4841,3774,r3c3@30,,,,,30,
1321,Hotel,2422,3762,2538,3887,2422,3762,2538,3887,r3c2@60,,,,,60,
1090,Carder,2474,3765,2593,3888,2474,3765,2593,3888,r3c2@60,,,,,60,
2178,50,4844,3766,4861,3782,4844,3766,4861,3782,r3c3@30,,,,,30,
67,Hotel,3190,3767,3279,3804,3190,3767,3279,3804,r3c2,,,,,0,
282,8,3586,3768,3610,3794,3586,3768,3610,3794,r3c2,,,,,0,
2259,CORDOVA ST.WEST,3301,3769,3816,4158,3301,3769,3816,4158,r3c2@30,,,,,30,
19,Ref.,2864,3771,2924,3805,2864,3771,2924,3805,r3c2,,,,,0,
836,20,2291,3772,2312,3792,2291,3772,2312,3792,r3c1@60,,,,,60,
18,REF.,2867,3773,2924,3804,2867,3773,2924,3804,r3c2,,,,,0,
2221,50,4864,3773,4882,3790,4864,3773,4882,3790,r3c3@30,,,,,30,
45,Hotel,3885,3784,3954,3970,3885,3784,3954,3970,r3c3,,,,,0,
552,17,2100,3785,2133,3819,2100,3785,2133,3819,r3c1@30,,,,,30,
17,79,2869,3797,2904,3825,2869,3797,2904,3825,r3c2,,,,,0,
385,9,3707,3801,3730,3827,3707,3801,3730,3827,r3c2,,,,,0,
123,B,3369,3802,3392,3828,3369,3802,3392,3828,r3c2,,,,,0,
124,B,3371,3804,3394,3830,3371,3804,3394,3830,r3c2,,,,,0,
587,16,2130,3817,2165,3852,2130,3817,2165,3852,r3c1@30,,,,,30,
2236,Atlantec,3639,3821,3773,3922,3639,3821,3773,3922,r3c2@60,,,,,60,
172,212,3420,3831,3463,3862,3420,3831,3463,3862,r3c2,,,,,0,
173,212,3421,3834,3463,3864,3421,3834,3463,3864,r3c2,,,,,0,
631,15,2164,3847,2197,3881,2164,3847,2197,3881,r3c1@30,,,,,30,
258,B,3558,3847,3578,3873,3558,3847,3578,3873,r3c2,,,,,0,
154,Hotel,3673,3868,3753,3934,3673,3868,3753,3934,r3c3,,,,,0,
487,CORDOVA ST. WEST,3341,3877,3831,4052,3341,3877,3831,4052,r3c3,,,,,0,
681,14,2195,3880,2228,3914,2195,3880,2228,3914,r3c1@30,,,,,30,
529,20,2082,3889,2110,3918,2082,3889,2110,3918,r3c1@60,,,,,60,
0,12,4040,3891,4068,3922,4040,3891,4068,3922,r3c3,,,,,0,
759,Dominion,2141,3893,2271,3996,2141,3893,2271,3996,r3c1@30,,,,,30,
598,16,2705,3905,2743,3940,2705,3905,2743,3940,r3c2@60,,,,,60,
88,Hotel,4361,3907,4441,3954,4361,3907,4441,3954,r3c3,,,,,0,
734,13,2224,3910,2258,3945,2224,3910,2258,3945,r3c1@30,,,,,30,
542,30,2092,3911,2123,3943,2092,3911,2123,3943,r3c1@60,,,,,60,
772,Trusts Bead,2130,3913,2280,4033,2130,3913,2280,4033,r3c1@30,,,,,30,
780,12,2252,3933,2283,3965,2252,3933,2283,3965,r3c1@30,,,,,30,
29,5,2832,3937,2850,3965,2832,3937,2850,3965,r3c2,,,,,0,
554,Dominion,2028,3956,2133,4082,2028,3956,2133,4082,r3c1@60,,,,,60,
572,Trusts Bldg.,2043,3966,2152,4111,2043,3966,2152,4111,r3c1@60,,,,,60,
2248,Bldg.,2206,3966,2270,4039,2206,3966,2270,4039,r3c2@60,,,,,60,
618,Metopole,3120,3966,3303,4144,3120,3966,3303,4144,r3c2@60,,,,,60,
1,41,2938,3971,2971,4003,2938,3971,2971,4003,r3c2,,,,,0,
71,15,4370,3979,4398,4005,4370,3979,4398,4005,r3c3,,,,,0,
549,13,2096,3983,2131,4016,2096,3983,2131,4016,r3c1@60,,,,,60,
12,Russ,4101,3983,4180,4020,4101,3983,4180,4020,r3c3,,,,,0,
157,168,3389,3996,3437,4025,3389,3996,3437,4025,r3c2,,,,,0,
496,3,3045,3998,3076,4032,3045,3998,3076,4032,r3c2@30,,,,,30,
269,Commercial,2402,3999,2567,4057,2402,3999,2567,4057,r3c2,,,,,0,
1686,Hotel.,2427,4004,2526,4085,2427,4004,2526,4085,r3c1@30,,,,,30,
21,Hotel,4089,4006,4184,4049,4089,4006,4184,4049,r3c3,,,,,0,
575,12,2119,4007,2155,4043,2119,4007,2155,4043,r3c1@60,,,,,60,
506,2,3143,4021,3174,4055,3143,4021,3174,4055,r3c2@30,,,,,30,
91,Hotel,3289,4022,3335,4109,3289,4022,3335,4109,r3c2,,,,,0,
149,OFFICIAL,3362,4062,3428,4095,3362,4062,3428,4095,r3c2,,,,,0,
1207,BOR,2362,4063,2431,4134,2362,4063,2431,4134,r3c1@30,,,,,30,
596,1,3266,4063,3284,4085,3266,4063,3284,4085,r3c2@30,,,,,30,
676,16,3315,4075,3339,4097,3315,4075,3339,4097,r3c2@30,,,,,30,
44,4,2890,4080,2931,4126,2890,4080,2931,4126,r3c2,,,,,0,
399,U.G.T.,3366,4083,3412,4108,3366,4083,3412,4108,r3c3,,,,,0,
286,of 9,2377,4092,2437,4128,2377,4092,2437,4128,r3c2,,,,,0,
302,Vancouver,2351,4094,2504,4168,2351,4094,2504,4168,r3c2,,,,,0,
960,11,2506,4113,2556,4162,2506,4113,2556,4162,r3c2@60,,,,,60,
288,8,3485,4114,3516,4145,3485,4114,3516,4145,r3c3,,,,,0,
1277,Travellers,3433,4122,3561,4222,3433,4122,3561,4222,r3c2@30,,,,,30,
183,10,2515,4126,2546,4152,2515,4126,2546,4152,r3c2,,,,,0,
56,WALLER BLK,4051,4128,4161,4165,4051,4128,4161,4165,r3c3,,,,,0,
737,Hotel,2617,4129,2725,4240,2617,4129,2725,4240,r3c2@60,,,,,60,
203,7,3602,4151,3625,4178,3602,4151,3625,4178,r3c3,,,,,0,
778,Mamida,3781,4155,3933,4305,3781,4155,3933,4305,r3c3@60,,,,,60,
119,Mann,3826,4158,3892,4295,3826,4158,3892,4295,r3c3,,,,,0,
92,Hotel,3797,4160,3846,4244,3797,4160,3846,4244,r3c3,,,,,0,
127,6,3708,4171,3731,4198,3708,4171,3731,4198,r3c3,,,,,0,
2233,22,4124,4175,4147,4196,4124,4175,4147,4196,r4c3@30,,,,,30,
489,W,2228,4183,2299,4266,2228,4183,2299,4266,r4c2,,,,,0,
490,102,2649,4183,2689,4229,2649,4183,2689,4229,r4c2,,,,,0,
77,12,2744,4183,2772,4212,2744,4183,2772,4212,r3c2,,,,,0,
491,Hotel.,3431,4183,3520,4221,3431,4183,3520,4221,r4c2,,,,,0,
858,WARDS,3291,4184,3419,4346,3291,4184,3419,4346,r3c2@30,,,,,30,
2209,10,4201,4185,4224,4206,4201,4185,4224,4206,r4c3@30,,,,,30,
87,Crenne,4035,4189,4124,4235,4035,4189,4124,4235,r3c3,,,,,0,
98,Hotel,4025,4191,4118,4257,4025,4191,4118,4257,r3c3,,,,,0,
2193,12,4232,4193,4254,4213,4232,4193,4254,4213,r4c3@30,,,,,30,
408,102,2658,4198,2687,4232,2658,4198,2687,4232,r4c2,,,,,0,
2164,60,4193,4203,4215,4223,4193,4203,4215,4223,r4c3@30,,,,,30,
2163,14,4258,4203,4280,4223,4258,4203,4280,4223,r4c3@30,,,,,30,
686,18,2847,4209,2895,4253,2847,4209,2895,4253,r3c2@60,,,,,60,
396,12,4279,4211,4304,4228,4279,4211,4304,4228,r4c3,,,,,0,
1148,187,2390,4214,2418,4239,2390,4214,2418,4239,r3c1@30,,,,,30,
95,13,2852,4214,2884,4246,2852,4214,2884,4246,r3c2,,,,,0,
2128,3,4319,4216,4337,4234,4319,4216,4337,4234,r4c3@30,,,,,30,
1129,Departmental,3125,4219,3339,4437,3125,4219,3339,4437,r3c2@60,,,,,60,
383,8,4312,4220,4338,4238,4312,4220,4338,4238,r4c3,,,,,0,
2090,6,4354,4224,4375,4245,4354,4224,4375,4245,r4c3@30,,,,,30,
2053,4,4377,4232,4396,4251,4377,4232,4396,4251,r4c3@30,,,,,30,
371,102,2417,4235,2437,4252,2417,4235,2437,4252,r4c2,,,,,0,
368,4,3937,4237,3965,4267,3937,4237,3965,4267,r4c3,,,,,0,
367,102,2494,4238,2514,4257,2494,4238,2514,4257,r4c2,,,,,0,
365,102,2440,4241,2460,4258,2440,4241,2460,4258,r4c2,,,,,0,
1538,157,2466,4244,2497,4272,2466,4244,2497,4272,r3c1@30,,,,,30,
1998,9,4413,4244,4429,4259,4413,4244,4429,4259,r4c3@30,,,,,30,
868,Stoic,3134,4245,3234,4350,3134,4245,3234,4350,r3c2@60,,,,,60,
362,102,2460,4246,2478,4263,2460,4246,2478,4263,r4c2,,,,,0,
361,102,2478,4248,2498,4264,2478,4248,2498,4264,r4c2,,,,,0,
110,14,2967,4248,2999,4277,2967,4248,2999,4277,r3c2,,,,,0,
1978,30,4368,4248,4395,4274,4368,4248,4395,4274,r4c3@30,,,,,30,
1416,BLACK,2435,4249,2474,4281,2435,4249,2474,4281,r3c1@30,,,,,30,
138,9,3394,4249,3414,4272,3394,4249,3414,4272,r3c2,,,,,0,
1804,CRIMID,2500,4258,2551,4301,2500,4258,2551,4301,r3c1@30,,,,,30,
351,BLM.,2438,4260,2468,4278,2438,4260,2468,4278,r4c2,,,,,0,
1912,Ruiter,4316,4260,4419,4377,4316,4260,4419,4377,r4c3@30,,,,,30,
347,BLM.,2532,4264,2560,4281,2532,4264,2560,4281,r4c2,,,,,0,
121,3,4043,4264,4071,4298,4043,4264,4071,4298,r3c3,,,,,0,
789,15,3074,4268,3116,4311,3074,4268,3116,4311,r3c2@30,,,,,30,
329,BLM.,2583,4277,2609,4294,2583,4277,2609,4294,r4c2,,,,,0,
327,BLM.,2517,4280,2544,4298,2517,4280,2544,4298,r4c2,,,,,0,
323,BLM.,2607,4283,2632,4301,2607,4283,2632,4301,r4c2,,,,,0,
313,BLM.,2630,4289,2655,4306,2630,4289,2655,4306,r4c2,,,,,0,
308,BLM.,2653,4297,2677,4315,2653,4297,2677,4315,r4c2,,,,,0,
142,2,4163,4297,4186,4326,4163,4297,4186,4326,r3c3,,,,,0,
1721,30,4421,4299,4451,4327,4421,4299,4451,4327,r4c3@30,,,,,30,
908,12,2531,4300,2575,4342,2531,4300,2575,4342,r3c2@60,,,,,60,
853,16,3173,4301,3214,4344,3173,4301,3214,4344,r3c2@30,,,,,30,
304,BLM.,2675,4303,2698,4320,2675,4303,2698,4320,r4c2,,,,,0,
301,BLM.,2698,4307,2721,4326,2698,4307,2721,4326,r4c2,,,,,0,
298,BLM.,2720,4312,2741,4330,2720,4312,2741,4330,r4c2,,,,,0,
1658,3,3318,4313,3360,4355,3318,4313,3360,4355,r4c2@60,,,,,60,
294,BLM.,2741,4317,2763,4335,2741,4317,2763,4335,r4c2,,,,,0,
292,BLM.,2763,4321,2782,4340,2763,4321,2782,4340,r4c2,,,,,0,
289,BLM.,2782,4327,2802,4346,2782,4327,2802,4346,r4c2,,,,,0,
285,BLM.,2801,4334,2821,4352,2801,4334,2821,4352,r4c2,,,,,0,
184,3,3857,4338,3897,4386,3857,4338,3897,4386,r3c3,,,,,0,
280,BLM.,2821,4340,2841,4358,2821,4340,2841,4358,r4c2,,,,,0,
281,7,4326,4340,4349,4369,4326,4340,4349,4369,r4c3,,,,,0,
276,BLM.,2839,4344,2858,4363,2839,4344,2858,4363,r4c2,,,,,0,
1935,Sting,3589,4348,3691,4435,3589,4348,3691,4435,r3c2@60,,,,,60,
1463,Singhama,3561,4349,3721,4506,3561,4349,3721,4506,r3c3@60,,,,,60,
274,BLM.,2879,4353,2899,4373,2879,4353,2899,4373,r4c2,,,,,0,
208,Hotel,3642,4354,3680,4421,3642,4354,3680,4421,r3c3,,,,,0,
987,5,3407,4359,3452,4402,3407,4359,3452,4402,r3c2@60,,,,,60,
266,BLM.,2901,4361,2919,4380,2901,4361,2919,4380,r4c2,,,,,0,
1385,71,4139,4365,4163,4387,4139,4365,4163,4387,r4c3@30,,,,,30,
189,9,3414,4367,3443,4395,3414,4367,3443,4395,r3c2,,,,,0,
259,BLM.,2921,4369,2941,4387,2921,4369,2941,4387,r4c2,,,,,0,
1338,Hobel,4323,4374,4418,4478,4323,4374,4418,4478,r4c3@30,,,,,30,
254,BLM.,2942,4375,2964,4393,2942,4375,2964,4393,r4c2,,,,,0,
1332,Hobel,4393,4375,4451,4435,4393,4375,4451,4435,r4c3@30,,,,,30,
204,REF.,2822,4378,2881,4415,2822,4378,2881,4415,r3c2,,,,,0,
242,Hotel,3593,4384,3647,4467,3593,4384,3647,4467,r3c3,,,,,0,
1252,30,4407,4392,4433,4418,4407,4392,4433,4418,r4c3@30,,,,,30,
252,Hotel,4339,4395,4387,4479,4339,4395,4387,4479,r3c3,,,,,0,
1237,:12,2821,4396,2861,4433,2821,4396,2861,4433,r4c2@30,,,,,30,
238,BLM.,3025,4397,3047,4413,3025,4397,3047,4413,r4c2,,,,,0,
256,10,3530,4397,3561,4430,3530,4397,3561,4430,r4c3,,,,,0,
1189,Pado,3874,4406,3951,4484,3874,4406,3951,4484,r4c3@60,,,,,60,
1527,Fedde,3857,4408,3964,4517,3857,4408,3964,4517,r3c3@60,,,,,60,
1183,53,4427,4408,4452,4433,4427,4408,4452,4433,r4c3@30,,,,,30,
227,BLM.,3153,4410,3174,4427,3153,4410,3174,4427,r4c2,,,,,0,
214,BLM.,3151,4430,3173,4447,3151,4430,3173,4447,r4c2,,,,,0,
205,A,3840,4438,3866,4461,3840,4438,3866,4461,r4c3,,,,,0,
1037,75,4247,4442,4271,4464,4247,4442,4271,4464,r4c3@30,,,,,30,
1022,30,4417,4445,4443,4470,4417,4445,4443,4470,r4c3@30,,,,,30,
993,86,4325,4452,4353,4478,4325,4452,4353,4478,r4c3@30,,,,,30,
194,12,3747,4456,3780,4490,3747,4456,3780,4490,r4c3,,,,,0,
355,HASTINGS ST. WEST,3099,4458,3693,4661,3099,4458,3693,4661,r4c2,,,,,0,
967,30,4421,4459,4448,4486,4421,4459,4448,4486,r4c3@30,,,,,30,
261,C,3937,4463,3960,4489,3937,4463,3960,4489,r3c3,,,,,0,
920,13,3850,4481,3890,4524,3850,4481,3890,4524,r4c3@30,,,,,30,
177,D,4000,4481,4025,4507,4000,4481,4025,4507,r4c3,,,,,0,
915,13,3852,4483,3891,4522,3852,4483,3891,4522,r4c3@30,,,,,30,
901,13,3887,4489,3917,4518,3887,4489,3917,4518,r4c3@30,,,,,30,
893,30,4401,4493,4427,4519,4401,4493,4427,4519,r4c3@30,,,,,30,
892,Hobel,3866,4494,3930,4569,3866,4494,3930,4569,r4c3@30,,,,,30,
887,Hobel,3863,4496,3928,4573,3863,4496,3928,4573,r4c3@30,,,,,30,
869,Hobel,3845,4505,3922,4598,3845,4505,3922,4598,r4c3@30,,,,,30,
866,Ave,4343,4507,4409,4575,4343,4507,4409,4575,r4c3@60,,,,,60,
861,Lavare,4310,4509,4406,4598,4310,4509,4406,4598,r4c3@30,,,,,30,
859,Hotel,3842,4510,3925,4610,3842,4510,3925,4610,r4c3@30,,,,,30,
155,14,3966,4513,3998,4545,3966,4513,3998,4545,r4c3,,,,,0,
802,B,4348,4538,4376,4566,4348,4538,4376,4566,r4c3@30,,,,,30,
794,Hotel,4352,4543,4426,4611,4352,4543,4426,4611,r4c3@30,,,,,30,
128,15,4084,4547,4115,4576,4084,4547,4115,4576,r4c3,,,,,0,
761,19,4184,4562,4233,4610,4184,4562,4233,4610,r4c3@60,,,,,60,
748,B,4330,4567,4359,4597,4330,4567,4359,4597,r4c3@30,,,,,30,
745,11,3977,4568,4011,4602,3977,4568,4011,4602,r4c3@60,,,,,60,
116,16,4192,4573,4226,4604,4192,4573,4226,4604,r4c3,,,,,0,
717,HOTEL,4271,4584,4376,4693,4271,4584,4376,4693,r4c3@60,,,,,60,
105,C,4330,4584,4352,4608,4330,4584,4352,4608,r4c3,,,,,0,
401,D,4316,4625,4341,4651,4316,4625,4341,4651,r3c3,,,,,0,
624,1193,3828,4640,3895,4708,3828,4640,3895,4708,r4c3@60,,,,,60,
75,1199,3833,4651,3888,4684,3833,4651,3888,4684,r4c3,,,,,0,
424,posed Wharf.,2228,826,2468,1008,2228,826,2468,1008,r0c2,2261,1,,,0,
,Wharf.,2357,827,2476,919,2357,827,2476,919,r0c1@60,260,,,,60,
260,Wharf.,2367,829,2466,915,2367,829,2466,915,r0c1,424,1,,,0,
,Wharf.,2359,831,2471,916,2359,831,2471,916,r0c2@60,260,,,,60,
,B,2162,838,2296,964,2162,838,2296,964,r0c1@30,134,,,,30,
,B,2155,839,2303,974,2155,839,2303,974,r0c1@60,134,,,,60,
,B,2163,839,2297,965,2163,839,2297,965,r0c2@30,134,,,,30,
,B,2179,843,2298,957,2179,843,2298,957,r0c2@60,134,,,,60,
,B,2228,865,2289,940,2228,865,2289,940,r0c2,134,,,,0,
,Proposed,2167,866,2346,1071,2167,866,2346,1071,r0c1@30,159,,,,30,
159,Proposed,2180,906,2329,1029,2180,906,2329,1029,r0c1,2261,1,,,0,
2214,posed,2226,909,2342,994,2226,909,2342,994,r0c2@60,2261,1,,,60,
,Proposed,2172,910,2346,1036,2172,910,2346,1036,r0c1@60,159,,,,60,
,U,2369,919,2464,1008,2369,919,2464,1008,r0c1@60,257,,,,60,
,U,2371,919,2465,1006,2371,919,2465,1006,r0c2@60,257,,,,60,
,U,2371,930,2464,1014,2371,930,2464,1014,r0c1@30,257,,,,30,
,U,2373,930,2466,1014,2373,930,2466,1014,r0c2@30,257,,,,30,
,U,2375,935,2466,995,2375,935,2466,995,r0c2,257,,,,0,
,R,2523,980,2642,1094,2523,980,2642,1094,r0c1@60,169,,,,60,
,R,2524,982,2637,1091,2524,982,2637,1091,r0c2@60,169,,,,60,
,R,2527,982,2622,1070,2527,982,2622,1070,r0c1@30,169,,,,30,
,R,2527,984,2642,1083,2527,984,2642,1083,r0c2@30,169,,,,30,
,R,2536,1008,2630,1068,2536,1008,2630,1068,r0c1,169,,,,0,
,R,2693,1056,2804,1165,2693,1056,2804,1165,r0c2@60,111,,,,60,
,R,2693,1059,2804,1169,2693,1059,2804,1169,r1c2@60,111,,,,60,
,R,2696,1065,2802,1152,2696,1065,2802,1152,r0c2@30,111,,,,30,
,R,2696,1065,2803,1153,2696,1065,2803,1153,r1c2@30,111,,,,30,
,R,2695,1074,2801,1141,2695,1074,2801,1141,r1c2,111,,,,0,
,A,2861,1143,2975,1261,2861,1143,2975,1261,r1c2@60,174,,,,60,
,A,2860,1144,2975,1262,2860,1144,2975,1262,r0c2@60,174,,,,60,
,A,2862,1150,2973,1240,2862,1150,2973,1240,r1c2@30,174,,,,30,
,A,2863,1150,2973,1241,2863,1150,2973,1241,r0c2@30,174,,,,30,
,A,2859,1175,2968,1235,2859,1175,2968,1235,r1c2,174,,,,0,
,R,3048,1255,3155,1365,3048,1255,3155,1365,r1c2@60,228,,,,60,
,R,3049,1255,3154,1362,3049,1255,3154,1362,r0c2@60,228,,,,60,
,Viaduct,1669,1256,1810,1413,1669,1256,1810,1413,r1c1@30,217,,,,30,
,R,3049,1260,3156,1350,3049,1260,3156,1350,r0c2@30,228,,,,30,
1683,Viadut.,1672,1261,1807,1412,1672,1261,1807,1412,r0c1@30,217,,,,30,1
,R,3051,1261,3154,1348,3051,1261,3154,1348,r1c2@30,228,,,,30,
,R,3050,1267,3150,1342,3050,1267,3150,1342,r0c2,228,,,,0,
,Proposed Wharf,2605,1288,2901,1629,2605,1288,2901,1629,r1c2@30,161,,,,30,
,Viaduct,1679,1289,1807,1382,1679,1289,1807,1382,r1c1@60,217,,,,60,
1552,Vaduvat,1675,1290,1805,1386,1675,1290,1805,1386,r0c1@60,217,,,,60,1
,Viaduct,1682,1292,1796,1382,1682,1292,1796,1382,r0c1,217,,,,0,
2229,sed Wharf.,2700,1316,2902,1544,2700,1316,2902,1544,r0c2@30,425,1,,,30,
,Proposed,1434,1351,1623,1564,1434,1351,1623,1564,r1c1@30,150,,,,30,
1844,Wharf.,2782,1359,2899,1446,2782,1359,2899,1446,r0c2@60,425,1,,,60,
161,Proposed Wharf,2618,1362,2890,1551,2618,1362,2890,1551,r1c2,425,1,,,0,
,Proposed Wharf,2787,1362,2899,1447,2787,1362,2899,1447,r1c2@60,161,,,,60,
,Proposed,1442,1364,1609,1556,1442,1364,1609,1556,r1c0@30,150,,,,30,
,D,3216,1369,3310,1460,3216,1369,3310,1460,r0c2@60,146,,,,60,
,D,3222,1371,3305,1455,3222,1371,3305,1455,r1c2@60,146,,,,60,
,D,3218,1373,3306,1449,3218,1373,3306,1449,r1c2@30,146,,,,30,
,D,3218,1374,3304,1447,3218,1374,3304,1447,r0c2@30,146,,,,30,
,D,3217,1382,3302,1442,3217,1382,3302,1442,r0c2,146,,,,0,
,Proposed,1440,1398,1622,1525,1440,1398,1622,1525,r0c1@60,150,,,,60,
,Proposed,1441,1402,1619,1524,1441,1402,1619,1524,r1c1@60,150,,,,60,
,Proposed,1449,1404,1606,1514,1449,1404,1606,1514,r0c1,150,,,,0,
,Proposed,2605,1435,2776,1560,2605,1435,2776,1560,r0c2@60,752,,,,60,
752,Proposed,2608,1438,2776,1560,2608,1438,2776,1560,r1c2@60,425,1,,,60,
426,Prop,1450,1448,1536,1514,1450,1448,1536,1514,r1c0,150,1,,,0,
,Freight Shed,1777,1496,2001,1728,1777,1496,2001,1728,r1c1@60,588,,,,60,
55,Freight,1778,1556,1904,1630,1778,1556,1904,1630,r1c1,588,1,,,0,
524,No 3,1826,1589,1903,1665,1826,1589,1903,1665,r1c1@60,40,,,,60,1
522,Nº3,1827,1593,1906,1659,1827,1593,1906,1659,r1c1@30,40,,,,30,1
38,Shed,1907,1608,1991,1667,1907,1608,1991,1667,r1c1,588,1,,,0,
,INLET,3411,1639,4308,2360,3411,1639,4308,2360,r1c3@30,1517,,,,30,
,I,3557,1645,3663,1742,3557,1645,3663,1742,r1c2@30,231,,,,30,
,Proposed Wharf,3231,1649,3511,1972,3231,1649,3511,1972,r1c2@30,197,,,,30,
,I,3564,1649,3656,1737,3564,1649,3656,1737,r1c2@60,231,,,,60,
231,I,3562,1667,3660,1720,3562,1667,3660,1720,r1c3,1517,1,,,0,
,I,3561,1668,3660,1719,3561,1668,3660,1719,r1c2,231,,,,0,
431,ed Wharf,3341,1717,3501,1843,3341,1717,3501,1843,r1c3,2266,1,,,0,
,Proposed Wharf,3231,1721,3506,1900,3231,1721,3506,1900,r1c2@60,197,,,,60,
197,Proposed Wharf,3245,1723,3497,1898,3245,1723,3497,1898,r1c2,2266,1,,,0,
,Station & Offices.,904,1731,1187,2052,904,1731,1187,2052,r1c0@60,135,,,,60,
,N,3694,1794,3826,1906,3694,1794,3826,1906,r1c2@30,2257,,,,30,
2257,N,3709,1794,3813,1913,3709,1794,3813,1913,r1c2@60,1517,1,,,60,
1505,Original Water,1180,1795,1378,1951,1180,1795,1378,1951,r1c0@30,1983,1,,,30,
,Freight Shed,2449,1799,2650,2008,2449,1799,2650,2008,r1c1@60,1170,,,,60,
,Station & Offices.,903,1801,1183,1980,903,1801,1183,1980,r1c0@30,135,,,,30,
,Freight Shed,2451,1801,2649,2008,2451,1801,2649,2008,r1c2@60,1170,,,,60,
,C.P.R.,989,1803,1095,1917,989,1803,1095,1917,r1c0@60,84,,,,60,
646,CPR.,994,1824,1094,1898,994,1824,1094,1898,r1c0@30,84,,,,30,1
358,Original,1182,1832,1288,1889,1182,1832,1288,1889,r1c1,421,1,,,0,
421,original water line as on,1183,1832,1534,1986,1183,1832,1534,1986,r1c0,1983,1,,,0,
,Freight Shed,2449,1833,2648,1976,2449,1833,2648,1976,r1c1@30,1170,,,,30,
,Freight,2452,1852,2559,1918,2452,1852,2559,1918,r1c1,226,,,,0,
226,Freight,2455,1855,2558,1915,2455,1855,2558,1915,r1c2,1170,1,,,0,
262,Water,1297,1866,1380,1912,1297,1866,1380,1912,r1c1,421,1,,,0,
2258,Offices,1064,1871,1185,2004,1064,1871,1185,2004,r1c1@60,135,1,,,60,
1355,a d i a n P,1780,1873,2463,2392,1780,1873,2463,2392,r1c1@30,2180,1,,,30,
1009,No 4,2493,1878,2574,1962,2493,1878,2574,1962,r1c2@60,344,,,,60,1
,No 4,2490,1879,2572,1962,2490,1879,2572,1962,r1c1@60,1009,,,,60,
1902,Nº4,2491,1888,2572,1952,2491,1888,2572,1952,r1c1@30,344,,,,30,1
1003,N9 4,2494,1890,2570,1951,2494,1890,2570,1951,r1c2@30,344,,,,30,1
196,Line,1381,1891,1443,1937,1381,1891,1443,1937,r1c1,421,1,,,0,
198,No,2495,1897,2541,1926,2495,1897,2541,1926,r1c2,344,1,,,0,
147,Shed,2564,1903,2644,1952,2564,1903,2644,1952,r1c2,1170,1,,,0,
,Shed,2564,1903,2644,1954,2564,1903,2644,1954,r1c1,147,,,,0,
162,4,2540,1920,2567,1946,2540,1920,2567,1946,r1c2,344,1,,,0,
152,as,1446,1928,1487,1955,1446,1928,1487,1955,r1c1,421,1,,,0,
,C,1449,1961,1539,2043,1449,1961,1539,2043,r1c0@60,827,,,,60,
827,C,1455,1962,1535,2040,1455,1962,1535,2040,r1c1@30,139,1,,,30,
,C,1451,1963,1537,2043,1451,1963,1537,2043,r1c1@60,827,,,,60,
,C,1460,1965,1531,2037,1460,1965,1531,2037,r1c0@30,827,,,,30,
59,L,3839,1968,3917,2034,3839,1968,3917,2034,r1c3,1517,1,,,0,
,GRANVILLE ST.,506,1990,871,2453,506,1990,871,2453,r1c0@30,251,,,,30,
,GRANVILLE ST.,507,1991,872,2454,507,1991,872,2454,r2c0@30,251,,,,30,
,D.L.,1151,1998,1486,2383,1151,1998,1486,2383,r1c0@60,305,,,,60,
,D.L.,1118,2001,1489,2342,1118,2001,1489,2342,r1c1@30,305,,,,30,
1945,D.L,1129,2005,1466,2322,1129,2005,1466,2322,r1c0@30,372,1,,,30,
2260,Pacific,2357,2009,2961,2640,2357,2009,2961,2640,r1c2@60,430,1,,,60,
1790,New C.P.R. Station,1215,2025,1580,2308,1215,2025,1580,2308,r1c1@30,1553,,,,30,1
305,D.L.,1167,2026,1419,2324,1167,2026,1419,2324,r1c0,372,1,,,0,
1923,New C.P.R,1244,2029,1462,2195,1244,2029,1462,2195,r1c0@30,1553,1,,,30,
656,ST.,767,2052,877,2146,767,2052,877,2146,r1c0@60,251,1,,,60,
,GRANVILLE ST.,467,2053,919,2396,467,2053,919,2396,r2c0@60,251,,,,60,
2245,i,2023,2073,2084,2133,2023,2073,2084,2133,r2c1@30,403,1,,,30,
,C.P.R.,1334,2087,1439,2216,1334,2087,1439,2216,r1c0@60,348,,,,60,
,Site for,1399,2087,1501,2212,1399,2087,1501,2212,r1c0@60,186,,,,60,
433,D. L.,1169,2092,1425,2325,1169,2092,1425,2325,r2c0,372,,,,0,1
436,D,1169,2092,1329,2212,1169,2092,1329,2212,r2c1,372,1,,,0,
,Site For,1401,2092,1499,2211,1401,2092,1499,2211,r1c1@60,186,,,,60,
,Site for,1383,2095,1517,2205,1383,2095,1517,2205,r1c1@30,186,,,,30,
1939,Site,1398,2099,1465,2156,1398,2099,1465,2156,r1c0@30,415,1,,,30,
186,Site for,1398,2101,1496,2200,1398,2101,1496,2200,r1c1,415,1,,,0,
,Site for,1403,2106,1492,2193,1403,2106,1492,2193,r2c1,186,,,,0,
348,C.P.R.,1358,2107,1458,2166,1358,2107,1458,2166,r1c0,1790,1,,,0,
,Site for,1404,2107,1498,2196,1404,2107,1498,2196,r2c0,186,,,,0,
404,C.P,1338,2109,1415,2181,1338,2109,1415,2181,r2c1,230,1,,,0,
,E,3953,2109,4057,2202,3953,2109,4057,2202,r2c3@30,112,,,,30,
,Site for,1404,2110,1510,2199,1404,2110,1510,2199,r2c1@30,186,,,,30,
112,E,3965,2120,4046,2189,3965,2120,4046,2189,r1c3,1517,1,,,0,
381,C.P.R,1361,2129,1432,2198,1361,2129,1432,2198,r2c0,1553,1,,,0,
,GRANVILLE ST.,480,2132,827,2397,480,2132,827,2397,r1c0@60,251,,,,60,
,Grain Shed,3179,2132,3362,2323,3179,2132,3362,2323,r2c2@60,163,,,,60,
,Grain Shed,3180,2135,3358,2321,3180,2135,3358,2321,r1c2@60,163,,,,60,
376,GRANVILLE,516,2137,783,2390,516,2137,783,2390,r2c0,251,1,,,0,
364,L,1286,2152,1430,2325,1286,2152,1430,2325,r2c1,372,1,,,0,
378,D.L.,1455,2152,1495,2195,1455,2152,1495,2195,r1c0,2267,1,,,0,
1987,CORDOVA ST. W,1127,2154,1457,2586,1127,2154,1457,2586,r2c0@60,427,1,,,60,
,Grain Shed,3185,2167,3352,2287,3185,2167,3352,2287,r2c2@30,163,,,,30,
,Grain Shed,3184,2168,3352,2289,3184,2168,3352,2289,r1c2@30,163,,,,30,
1485,CORDOV,1127,2179,1319,2420,1127,2179,1319,2420,r1c0@60,427,1,,,60,
,Grain Shed,3186,2184,3351,2270,3186,2184,3351,2270,r2c2,163,,,,0,
370,Pacific Railway,2365,2186,3712,2625,2365,2186,3712,2625,r2c2,430,1,,,0,
1805,L.,1318,2190,1452,2341,1318,2190,1452,2341,r2c1@30,372,1,,,30,
2206,CORD,1117,2192,1303,2344,1117,2192,1303,2344,r1c1@30,427,1,,,30,
319,P,2369,2193,2449,2239,2369,2193,2449,2239,r2c1,370,1,,,0,
,CORDOVA,1114,2196,1334,2425,1114,2196,1334,2425,r1c1,398,,,,0,
,No 5,3186,2196,3271,2279,3186,2196,3271,2279,r2c2@60,158,,,,60,
,CORDOVA ST. WEST,1067,2197,1609,2614,1067,2197,1609,2614,r2c0@30,427,,,,30,
,No 5,3188,2197,3270,2278,3188,2197,3270,2278,r1c2@60,158,,,,60,
,2,888,2199,921,2229,888,2199,921,2229,r1c0@60,131,,,,60,
,CORDOVA,1103,2199,1363,2411,1103,2199,1363,2411,r1c0@30,398,,,,30,
,2,885,2200,915,2231,885,2200,915,2231,r2c0@30,131,,,,30,
1755,41,1182,2200,1199,2217,1182,2200,1199,2217,r2c0@60,2267,1,,,60,
,Station,1412,2200,1541,2311,1412,2200,1541,2311,r2c1@30,185,,,,30,
185,Station,1430,2201,1523,2296,1430,2201,1523,2296,r1c1,415,1,,,0,
,CORDOVA ST. WEST,1135,2203,1536,2611,1135,2203,1536,2611,r2c0,427,,,,0,
398,CORDOVA,1139,2203,1335,2418,1139,2203,1335,2418,r2c1,427,1,,,0,
,Station,1435,2206,1523,2292,1435,2206,1523,2292,r2c1,185,,,,0,
,No 5,3191,2206,3266,2265,3191,2206,3266,2265,r2c2@30,158,,,,30,
879,N9 5,3190,2207,3265,2266,3190,2207,3265,2266,r1c2@30,158,,,,30,1
,No 5,3194,2213,3266,2255,3194,2213,3266,2255,r2c2,158,,,,0,
,3,920,2225,951,2253,920,2225,951,2253,r1c0@60,156,,,,60,
1627,43,1197,2227,1215,2245,1197,2227,1215,2245,r2c0@60,372,1,,,60,
,3,917,2229,948,2261,917,2229,948,2261,r2c0@30,156,,,,30,
,3,920,2229,946,2255,920,2229,946,2255,r2c0,156,,,,0,
,L,1317,2246,1402,2331,1317,2246,1402,2331,r2c1@30,364,,,,30,
324,a,2484,2249,2552,2293,2484,2249,2552,2293,r2c1,370,1,,,0,
,4,952,2259,975,2286,952,2259,975,2286,r2c0,175,,,,0,
,Freight shed,4327,2259,4523,2474,4327,2259,4523,2474,r2c3@60,303,,,,60,
,4,948,2260,979,2290,948,2260,979,2290,r1c0@60,175,,,,60,
2041,Railway,3065,2260,3713,2789,3065,2260,3713,2789,r2c2@30,430,1,,,30,
,4,949,2261,979,2293,949,2261,979,2293,r2c0@30,175,,,,30,
,541,1426,2261,1787,2668,1426,2261,1787,2668,r2c1@60,1327,,,,60,
303,Freight Shed,4404,2270,4447,2462,4404,2270,4447,2462,r1c3,264,,,,0,1
1405,T,4411,2270,4451,2306,4411,2270,4451,2306,r2c3@30,264,1,,,30,
,T,4070,2272,4159,2352,4070,2272,4159,2352,r2c3@30,219,,,,30,
,54,1407,2274,1731,2562,1407,2274,1731,2562,r1c1@30,236,,,,30,
1644,OVA ST. WEST,1246,2275,1540,2657,1246,2275,1540,2657,r2c1@60,427,1,,,60,
,T,4080,2275,4146,2341,4080,2275,4146,2341,r2c3,219,,,,0,
219,T,4080,2276,4146,2339,4080,2276,4146,2339,r1c3,1517,1,,,0,
1327,541,1389,2284,1801,2646,1389,2284,1801,2646,r2c1@30,2267,1,,,30,
,Dominion,1763,2286,1890,2421,1763,2286,1890,2421,r2c1@60,224,,,,60,
1304,3,980,2289,1009,2319,980,2289,1009,2319,r2c0@30,199,,,,30,1
1031,5,981,2289,1016,2323,981,2289,1016,2323,r1c0@60,199,,,,60,1
,4,982,2289,1008,2316,982,2289,1008,2316,r2c0,199,,,,0,
1446,Crawford,955,2293,1106,2412,955,2293,1106,2412,r1c0@60,243,,,,60,1
,Grandview,974,2293,1087,2410,974,2293,1087,2410,r1c0,243,,,,0,
1262,Cranbriew,958,2297,1102,2407,958,2297,1102,2407,r2c0@60,243,,,,60,1
,54,1435,2299,1702,2562,1435,2299,1702,2562,r1c1,236,,,,0,
236,54,1438,2306,1599,2544,1438,2306,1599,2544,r2c1,1327,1,,,0,
,Dominion,1764,2309,1886,2397,1764,2309,1886,2397,r1c1@30,224,,,,30,
,Dominion,1766,2310,1884,2395,1766,2310,1884,2395,r2c1@30,224,,,,30,
428,5,1475,2315,1536,2441,1475,2315,1536,2441,r1c0,1327,1,,,0,
306,0,1382,2318,1421,2352,1382,2318,1421,2352,r2c0,372,1,,,0,
,Dominion,1765,2318,1885,2390,1765,2318,1885,2390,r1c1,224,,,,0,
,Express Co,1757,2328,1885,2419,1757,2328,1885,2419,r2c1@30,211,,,,30,
,Express Co,1757,2329,1885,2421,1757,2329,1885,2421,r1c1@30,211,,,,30,
,20,677,2333,714,2371,677,2333,714,2371,r1c0@60,235,,,,60,
235,20,682,2335,713,2367,682,2335,713,2367,r1c0,220,,,,0,1
,5,1445,2335,1536,2445,1445,2335,1536,2445,r2c0,428,,,,0,
,14,857,2337,952,2426,857,2337,952,2426,r1c0@30,278,,,,30,
271,Express.co,1761,2338,1884,2410,1761,2338,1884,2410,r1c1,224,,,,0,1
211,Express Co,1761,2341,1884,2410,1761,2341,1884,2410,r2c1,1245,1,,,0,
,20,680,2342,712,2372,680,2342,712,2372,r1c0@30,235,,,,30,
,Hotel,1009,2344,1089,2436,1009,2344,1089,2436,r2c0@30,202,,,,30,
1531,VA,1268,2344,1345,2415,1268,2344,1345,2415,r2c1@30,427,1,,,30,
,Hotel,1001,2347,1090,2424,1001,2347,1090,2424,r1c0@60,202,,,,60,
,Hotel,1009,2352,1080,2418,1009,2352,1080,2418,r1c0,202,,,,0,
,Hotel,1004,2354,1085,2424,1004,2354,1085,2424,r2c0@60,202,,,,60,
,14,882,2359,950,2427,882,2359,950,2427,r1c0@60,278,,,,60,
,19,710,2365,741,2396,710,2365,741,2396,r1c0@60,187,,,,60,
,19,710,2367,743,2398,710,2367,743,2398,r1c0@30,187,,,,30,
,St. Francis,1067,2369,1188,2517,1067,2369,1188,2517,r1c0@30,922,,,,30,
,St. Francis,1087,2371,1186,2485,1087,2371,1186,2485,r2c0@30,922,,,,30,
1123,54,1282,2373,1299,2391,1282,2373,1299,2391,r2c0@60,2267,1,,,60,
,St. Francis,1054,2384,1200,2501,1054,2384,1200,2501,r2c1@60,922,,,,60,
931,8,1075,2384,1104,2414,1075,2384,1104,2414,r2c0@30,178,,,,30,1
,8,1075,2384,1107,2416,1075,2384,1107,2416,r1c0@60,931,,,,60,
2156,St.,1136,2386,1177,2425,1136,2386,1177,2425,r2c1@60,176,1,,,60,
,St. Francis,1055,2387,1204,2507,1055,2387,1204,2507,r1c0@60,922,,,,60,
922,St. Francis,1057,2387,1202,2505,1057,2387,1202,2505,r2c0@60,176,,,,60,1
338,St Francis,1074,2387,1181,2498,1074,2387,1181,2498,r1c0,176,,,,0,1
,St. WEST,1324,2388,1526,2582,1324,2388,1526,2582,r1c1,234,,,,0,
921,Shed,4384,2388,4459,2466,4384,2388,4459,2466,r2c3@30,264,1,,,30,
,St. WEST,1293,2389,1576,2618,1293,2389,1576,2618,r2c1@30,234,,,,30,
437,ancis,1114,2390,1180,2448,1114,2390,1180,2448,r2c1,176,1,,,0,
2238,Ra,3052,2391,3257,2592,3052,2391,3257,2592,r1c2@60,430,1,,,60,
318,St.,1327,2395,1409,2481,1327,2395,1409,2481,r1c0,1644,1,,,0,
234,St. WEST,1331,2398,1532,2605,1331,2398,1532,2605,r2c1,427,1,,,0,
,18,744,2401,775,2431,744,2401,775,2431,r1c0@30,168,,,,30,
,18,746,2401,774,2428,746,2401,774,2428,r1c0,168,,,,0,
,18,744,2402,774,2431,744,2402,774,2431,r1c0@60,168,,,,60,
,Hotel,1098,2415,1187,2513,1098,2415,1187,2513,r1c0@30,151,,,,30,
,Hotel,1101,2421,1182,2516,1101,2421,1182,2516,r2c0@30,151,,,,30,
2202,Hot,1119,2427,1181,2482,1119,2427,1181,2482,r2c1@60,151,1,,,60,
,Hotel,1090,2429,1186,2504,1090,2429,1186,2504,r1c0@60,151,,,,60,
,Hotel,1101,2429,1186,2502,1101,2429,1186,2502,r2c0@60,151,,,,60,
,Hotel,1111,2430,1178,2498,1111,2430,1178,2498,r1c0,151,,,,0,
,17,776,2431,804,2459,776,2431,804,2459,r1c0@30,145,,,,30,
,Hotel,1114,2431,1175,2493,1114,2431,1175,2493,r2c1,151,,,,0,
,17,771,2433,803,2463,771,2433,803,2463,r1c0@60,145,,,,60,
2080,ST.,1181,2433,1278,2540,1181,2433,1278,2540,r1c0@30,427,1,,,30,
,SEYMOUR ST.,921,2439,1331,2753,921,2439,1331,2753,r2c1@60,1058,,,,60,
,SEYMOUR ST.,924,2440,1329,2751,924,2440,1329,2751,r2c0@60,1058,,,,60,
1904,B,1192,2443,1275,2539,1192,2443,1275,2539,r2c1@30,353,,,,30,1
373,H,1186,2447,1281,2534,1186,2447,1281,2534,r1c0,353,,,,0,1
,16,810,2460,844,2493,810,2460,844,2493,r1c0@60,333,,,,60,
,16,806,2462,836,2492,806,2462,836,2492,r1c0@30,333,,,,30,
,Chambers,804,2463,918,2599,804,2463,918,2599,r2c0@30,113,,,,30,
,Chambers,808,2465,919,2603,808,2465,919,2603,r1c0@30,113,,,,30,
120,6,808,2467,833,2493,808,2467,833,2493,r2c0,333,1,,,0,
,Dolles,815,2472,892,2563,815,2472,892,2563,r1c0@30,2110,,,,30,
,Chambers,805,2478,915,2582,805,2478,915,2582,r1c0,113,,,,0,
743,15th,829,2478,885,2534,829,2478,885,2534,r2c0@30,109,,,,30,1
397,Dolby's,819,2479,885,2556,819,2479,885,2556,r1c0,109,,,,0,1
742,Slimsons Wharf.,3900,2479,4069,2598,3900,2479,4069,2598,r2c3@30,103,,,,30,1
2110,Dolles,821,2480,900,2546,821,2480,900,2546,r1c0@60,109,,,,60,1
115,1,1636,2482,1767,2616,1636,2482,1767,2616,r2c1,1327,1,,,0,
2243,Stimsens Wharf.,3899,2482,4068,2599,3899,2482,4068,2599,r1c3@30,103,,,,30,1
,Chambers,797,2485,930,2589,797,2485,930,2589,r1c0@60,113,,,,60,
,1,1666,2485,1774,2608,1666,2485,1774,2608,r1c1@30,115,,,,30,
,Clarke & Stewart,1215,2486,1365,2661,1215,2486,1365,2661,r2c0@30,272,,,,30,
432,Slimsens Wharf,3899,2493,4068,2582,3899,2493,4068,2582,r1c3,103,,,,0,1
1195,ay,3562,2495,3710,2629,3562,2495,3710,2629,r2c3@30,430,1,,,30,
,Stewart,1278,2504,1367,2580,1278,2504,1367,2580,r1c1,419,,,,0,
,Clarke & Stewart,1209,2505,1364,2660,1209,2505,1364,2660,r2c1,272,,,,0,
419,Stewart,1279,2508,1366,2579,1279,2508,1366,2579,r1c0,272,1,,,0,
1773,W,3446,2512,3525,2588,3446,2512,3525,2588,r2c3@30,430,1,,,30,
,Clarke & Stewart,1184,2514,1385,2667,1184,2514,1385,2667,r2c0@60,272,,,,60,
1925,Clarke & Steward,1188,2514,1390,2677,1188,2514,1390,2677,r2c1@60,272,,,,60,1
655,Kelly Douglas,1753,2529,1900,2728,1753,2529,1900,2728,r2c1@60,649,,,,60,1
148,SEYMOUR,966,2531,1200,2745,966,2531,1200,2745,r2c0,1058,1,,,0,
429,R,1146,2533,1197,2582,1146,2533,1197,2582,r1c0,420,1,,,0,
86,A,1782,2534,1814,2554,1782,2534,1814,2554,r2c1,649,1,,,0,
438,St.,1114,2536,1195,2619,1114,2536,1195,2619,r2c1,427,1,,,0,
,A,1774,2539,1821,2582,1774,2539,1821,2582,r1c1,69,,,,0,
,Building,1204,2552,1334,2693,1204,2552,1334,2693,r2c0@30,248,,,,30,
76,A,1781,2553,1811,2571,1781,2553,1811,2571,r2c1,649,1,,,0,
,13,900,2554,937,2591,900,2554,937,2591,r1c0@60,2226,,,,60,
,Building,1224,2561,1360,2670,1224,2561,1360,2670,r2c0@60,248,,,,60,
,Building,1235,2562,1340,2668,1235,2562,1340,2668,r2c1,248,,,,0,
,Building,1218,2564,1360,2674,1218,2564,1360,2674,r2c1@60,248,,,,60,
69,A,1776,2571,1805,2593,1776,2571,1805,2593,r2c1,597,1,,,0,
,210,707,2584,765,2637,707,2584,765,2637,r2c0@30,577,,,,30,
566,Company,1723,2595,1831,2732,1723,2595,1831,2732,r2c1@60,65,1,,,60,
720,Union 59 Cos Wharf.,4262,2600,4478,2798,4262,2600,4478,2798,r2c3@60,710,,,,60,1
,3,1321,2628,1352,2657,1321,2628,1352,2657,r2c1@60,255,,,,60,
,3,1322,2629,1350,2660,1322,2629,1350,2660,r2c0@30,255,,,,30,
,3,1323,2631,1349,2659,1323,2631,1349,2659,r2c1@30,255,,,,30,
,8,2833,2647,2860,2675,2833,2647,2860,2675,r2c2@30,41,,,,30,
,4,1347,2653,1382,2686,1347,2653,1382,2686,r2c1@60,277,,,,60,
,4,1345,2655,1377,2687,1345,2655,1377,2687,r2c1@30,277,,,,30,
,4,1345,2655,1378,2688,1345,2655,1378,2688,r2c0@30,277,,,,30,
1756,Developed,1222,2659,1390,2871,1222,2659,1390,2871,r2c1@30,1486,,,,30,1
277,4,1349,2659,1376,2685,1349,2659,1376,2685,r2c0,2267,1,,,0,
,8,2010,2673,2082,2745,2010,2673,2082,2745,r2c1@60,509,,,,60,
1842,Departmental,1205,2676,1420,2836,1205,2676,1420,2836,r2c1@60,1486,,,,60,1
,7,2949,2678,2971,2704,2949,2678,2971,2704,r2c2@30,32,,,,30,
,5,1381,2684,1417,2718,1381,2684,1417,2718,r2c1@60,300,,,,60,
,5,1381,2687,1413,2720,1381,2687,1413,2720,r2c1@30,300,,,,30,
,5,1380,2689,1412,2722,1380,2689,1412,2722,r2c0@30,300,,,,30,
300,5,1384,2690,1412,2716,1384,2690,1412,2716,r2c0,2267,1,,,0,
,REF,1637,2690,1705,2749,1637,2690,1705,2749,r2c1@30,534,,,,30,
1806,D. Speeper,1212,2696,1333,2837,1212,2696,1333,2837,r2c1@30,1222,,,,30,1
,REF,1631,2697,1701,2754,1631,2697,1701,2754,r2c1@30,534,,,,30,
,6,3050,2702,3094,2745,3050,2702,3094,2745,r2c2@60,23,,,,60,
1438,D. Speakeer,1207,2704,1365,2835,1207,2704,1365,2835,r2c0@60,1222,,,,60,1
,3,2072,2706,2111,2745,2072,2706,2111,2745,r2c1@60,525,,,,60,
,Deportemental,1227,2707,1431,2870,1227,2707,1431,2870,r2c0@60,1486,,,,60,
,6,3057,2708,3086,2738,3057,2708,3086,2738,r2c2@30,23,,,,30,
,6,1410,2718,1447,2754,1410,2718,1447,2754,r2c1@60,328,,,,60,
,6,1412,2718,1446,2750,1412,2718,1446,2750,r2c0@60,328,,,,60,
,6,1416,2719,1445,2749,1416,2719,1445,2749,r2c1@30,328,,,,30,
,9,1634,2720,1669,2754,1634,2720,1669,2754,r2c1@60,546,,,,60,
,6,1413,2721,1444,2753,1413,2721,1444,2753,r2c0@30,328,,,,30,
,5,3166,2735,3207,2774,3166,2735,3207,2774,r2c2@60,512,,,,60,
512,5,3173,2741,3200,2769,3173,2741,3200,2769,r2c2@30,37,,,,30,1
,Hudson Bay,2330,2742,2467,2928,2330,2742,2467,2928,r2c2@60,1379,,,,60,
1379,Hudson Bay,2337,2743,2468,2929,2337,2743,2468,2929,r2c1@60,1278,,,,60,1
,7,1442,2746,1473,2778,1442,2746,1473,2778,r2c1@30,363,,,,30,
,7,1444,2746,1476,2777,1444,2746,1476,2777,r2c1@60,363,,,,60,
,7,1445,2747,1478,2779,1445,2747,1478,2779,r2c0@60,363,,,,60,
,7,1443,2749,1474,2781,1443,2749,1474,2781,r2c0@30,363,,,,30,
,4,3279,2766,3310,2797,3279,2766,3310,2797,r2c2@30,79,,,,30,
,4,3273,2768,3312,2805,3273,2768,3312,2805,r2c2@60,79,,,,60,
,1055,1787,2772,1859,2844,1787,2772,1859,2844,r2c1@60,494,,,,60,
,13,1305,2776,1401,2880,1305,2776,1401,2880,r2c1@60,1333,,,,60,
,8,1474,2777,1506,2810,1474,2777,1506,2810,r2c0@30,386,,,,30,
,8,1473,2778,1511,2814,1473,2778,1511,2814,r2c0@60,386,,,,60,
,8,1474,2779,1510,2812,1474,2779,1510,2812,r2c1@60,386,,,,60,
,8,1473,2781,1503,2811,1473,2781,1503,2811,r2c1@30,386,,,,30,
,8,1474,2781,1509,2814,1474,2781,1509,2814,r2c0@60,386,,,,60,
,13,1317,2786,1403,2879,1317,2786,1403,2879,r2c0@60,1333,,,,60,
1171,B,2381,2790,2423,2834,2381,2790,2423,2834,r2c1@60,1278,1,,,60,
1227,D,2378,2793,2436,2846,2378,2793,2436,2846,r2c1@30,1379,1,,,30,
,3,3384,2794,3430,2836,3384,2794,3430,2836,r2c2@60,140,,,,60,
,3,3392,2799,3422,2830,3392,2799,3422,2830,r2c2@30,140,,,,30,
,3,3393,2800,3419,2828,3393,2800,3419,2828,r2c3,140,,,,0,
2057,5,3389,2801,3424,2831,3389,2801,3424,2831,r2c3@60,140,,,,60,1
,3,3394,2801,3421,2829,3394,2801,3421,2829,r2c3@30,140,,,,30,
,Company,2330,2804,2419,2919,2330,2804,2419,2919,r2c2@60,1150,,,,60,
,9,1508,2807,1545,2841,1508,2807,1545,2841,r2c1@60,422,,,,60,
,9,1510,2808,1542,2841,1510,2808,1542,2841,r2c0@30,422,,,,30,
,B.C. Electric Ry Co,1779,2809,2021,3125,1779,2809,2021,3125,r2c1@60,530,,,,60,
,9,1504,2811,1541,2846,1504,2811,1541,2846,r2c0@60,422,,,,60,
,9,1504,2815,1538,2848,1504,2815,1538,2848,r2c0@60,422,,,,60,
,9,1510,2815,1541,2845,1510,2815,1541,2845,r2c1@30,422,,,,30,
1497,B,2419,2816,2490,2881,2419,2816,2490,2881,r2c1@30,1379,1,,,30,
,852,1954,2818,2026,2887,1954,2818,2026,2887,r2c1@60,498,,,,60,
,RICHARDS ST.,1321,2824,1748,3152,1321,2824,1748,3152,r2c1@60,1075,,,,60,
,2,3501,2829,3543,2868,3501,2829,3543,2868,r2c2@60,222,,,,60,
,2,3508,2832,3537,2862,3508,2832,3537,2862,r2c2@30,222,,,,30,
,2,3511,2832,3533,2860,3511,2832,3533,2860,r2c3,222,,,,0,
,2,3510,2834,3532,2859,3510,2834,3532,2859,r2c3@30,222,,,,30,
,10,1536,2841,1578,2883,1536,2841,1578,2883,r2c1@60,678,,,,60,
2264,RICHARDS,1360,2873,1609,3184,1360,2873,1609,3184,r2c0@30,1075,1,,,30,
,6,3188,2874,3264,2948,3188,2874,3264,2948,r2c2@60,558,,,,60,
535,5,2761,2897,2800,2934,2761,2897,2800,2934,r2c2@60,533,,,,60,1
2263,OLD GRANVILLE,2532,2900,2722,3151,2532,2900,2722,3151,r2c1@30,143,1,,,30,
,RICHARDS,1341,2913,1645,3152,1341,2913,1645,3152,r2c0@60,2264,,,,60,
569,6,3843,2921,3874,2953,3843,2921,3874,2953,r2c3@30,57,,,,30,1
,10,2862,2924,2900,2960,2862,2924,2900,2960,r2c2@30,15,,,,30,
547,68,4319,2936,4353,2967,4319,2936,4353,2967,r2c3@60,541,,,,60,1
,Bank,1339,2946,1441,3035,1339,2946,1441,3035,r2c0@30,1103,,,,30,
,210,2396,2946,2453,3004,2396,2946,2453,3004,r2c1@60,267,,,,60,
,210,2394,2952,2448,3000,2394,2952,2448,3000,r2c1@30,267,,,,30,
,5,3945,2952,3981,2985,3945,2952,3981,2985,r2c3@60,28,,,,60,
,5,3953,2954,3976,2980,3953,2954,3976,2980,r2c3@30,28,,,,30,
,11,2974,2956,3017,2998,2974,2956,3017,2998,r2c2@60,14,,,,60,
,11,2981,2958,3013,2989,2981,2958,3013,2989,r2c2@30,14,,,,30,
,2,2024,2961,2062,2998,2024,2961,2062,2998,r2c1@60,504,,,,60,
955,DISTRICT,2508,2970,2682,3144,2508,2970,2682,3144,r2c2@60,182,1,,,60,
,DISTRICT,2534,2981,2642,3123,2534,2981,2642,3123,r2c1@30,955,,,,30,
,Ice House.,4348,2982,4481,3125,4348,2982,4481,3125,r2c3@60,719,,,,60,
,12,3092,2983,3136,3024,3092,2983,3136,3024,r2c2@60,25,,,,60,
,4,4073,2987,4098,3013,4073,2987,4098,3013,r2c3@30,24,,,,30,
,12,3096,2988,3130,3022,3096,2988,3130,3022,r2c2@30,25,,,,30,
,4,4068,2988,4100,3016,4068,2988,4100,3016,r2c3@60,24,,,,60,
1566,B.N.A.,1297,2995,1388,3071,1297,2995,1388,3071,r2c0@30,1395,,,,30,1
1924,HASTINGS ST,1068,3005,1462,3316,1068,3005,1462,3316,r2c0@30,435,1,,,30,
,A,3165,3006,3196,3037,3165,3006,3196,3037,r2c2@30,35,,,,30,
2252,HASTINGS,1082,3009,1385,3250,1082,3009,1385,3250,r2c1@30,435,1,,,30,
,4,2091,3011,2134,3057,2091,3011,2134,3057,r2c1@60,548,,,,60,
,3,4179,3013,4216,3047,4179,3013,4216,3047,r2c3@60,33,,,,60,
,3,4185,3015,4210,3043,4185,3015,4210,3043,r2c3@30,33,,,,30,
104,Ice House,4349,3015,4476,3087,4349,3015,4476,3087,r2c3,719,1,,,0,
,B,3216,3020,3255,3059,3216,3020,3255,3059,r2c2@60,51,,,,60,
,B,3222,3024,3249,3054,3222,3024,3249,3054,r2c2@30,51,,,,30,
,14,3302,3041,3355,3091,3302,3041,3355,3091,r2c2@60,699,,,,60,
,Co Limited,3448,3043,3622,3215,3448,3043,3622,3215,r2c3@60,1595,,,,60,
,2,4298,3046,4329,3076,4298,3046,4329,3076,r2c3@60,43,,,,60,
,Co Limited,3478,3047,3594,3197,3478,3047,3594,3197,r2c3@30,1595,,,,30,
,2,4302,3050,4322,3072,4302,3050,4322,3072,r2c3@30,43,,,,30,
,7,2229,3064,2256,3092,2229,3064,2256,3092,r2c1@30,417,,,,30,
,8,2268,3075,2307,3111,2268,3075,2307,3111,r2c2@60,374,,,,60,
,8,2272,3076,2298,3104,2272,3076,2298,3104,r2c1@30,374,,,,30,
,5,3437,3078,3480,3118,3437,3078,3480,3118,r2c2@60,311,,,,60,
,9,2304,3081,2348,3122,2304,3081,2348,3122,r2c2@60,332,,,,60,
,1,4404,3083,4420,3103,4404,3083,4420,3103,r2c3@30,78,,,,30,
311,5,3449,3086,3468,3112,3449,3086,3468,3112,r2c3,932,1,,,0,
,10,2343,3093,2389,3135,2343,3093,2389,3135,r2c2@60,299,,,,60,
,10,2351,3093,2385,3126,2351,3093,2385,3126,r2c1@30,299,,,,30,
,WATER ST.,3241,3095,3586,3447,3241,3095,3586,3447,r2c2@60,249,,,,60,
2254,Griffin Bivol,1771,3098,1972,3254,1771,3098,1972,3254,r3c1@60,812,,,,60,1
,168,3633,3100,3711,3175,3633,3100,3711,3175,r2c2@60,170,,,,60,
,10,2252,3103,2349,3208,2252,3103,2349,3208,r2c1@60,388,,,,60,
,10,2253,3107,2349,3209,2253,3107,2349,3209,r3c1@60,388,,,,60,
1233,6,3554,3109,3580,3139,3554,3109,3580,3139,r2c3@30,1366,1,,,30,
,11,2397,3110,2424,3139,2397,3110,2424,3139,r2c1@30,268,,,,30,
,10,2249,3112,2348,3202,2249,3112,2348,3202,r2c1@30,388,,,,30,
,168,3643,3115,3698,3162,3643,3115,3698,3162,r2c3@30,170,,,,30,
,12,2429,3117,2474,3162,2429,3117,2474,3162,r2c1@60,237,,,,60,
,1,4094,3119,4160,3184,4094,3119,4160,3184,r3c3@60,81,,,,60,
,12,2438,3120,2473,3154,2438,3120,2473,3154,r2c1@30,237,,,,30,
2241,8,3661,3123,3699,3160,3661,3123,3699,3160,r3c3@30,170,1,,,30,
,20,1464,3124,1513,3172,1464,3124,1513,3172,r2c1@60,479,,,,60,
1114,3,2468,3124,2517,3173,2468,3124,2517,3173,r2c2@60,207,1,,,60,
,13,2470,3124,2520,3173,2470,3124,2520,3173,r2c1@60,207,,,,60,
,1,4090,3124,4149,3180,4090,3124,4149,3180,r2c3@60,81,,,,60,
,1,4104,3125,4150,3175,4104,3125,4150,3175,r2c3@30,81,,,,30,
,10,2278,3127,2347,3200,2278,3127,2347,3200,r2c2@60,388,,,,60,
,1,4105,3128,4151,3180,4105,3128,4151,3180,r3c3@30,81,,,,30,
,LOT,2505,3131,2550,3181,2505,3131,2550,3181,r2c1@30,938,,,,30,
,20,1463,3134,1505,3174,1463,3134,1505,3174,r3c1@30,479,,,,30,
,13,2477,3135,2512,3170,2477,3135,2512,3170,r2c1@30,207,,,,30,
,WATER,3249,3135,3487,3378,3249,3135,3487,3378,r3c2@60,696,,,,60,
,Griffin,1816,3136,1893,3206,1816,3136,1893,3206,r2c1@60,389,,,,60,
478,INGS ST. WEST,1185,3137,1575,3473,1185,3137,1575,3473,r3c1,435,1,,,0,
482,B,1857,3137,1880,3160,1857,3137,1880,3160,r3c1,812,1,,,0,
,10,2256,3137,2337,3192,2256,3137,2337,3192,r3c2,388,,,,0,
,10,2257,3137,2338,3192,2257,3137,2338,3192,r3c1,388,,,,0,
,13,2478,3137,2510,3165,2478,3137,2510,3165,r3c1,207,,,,0,
,13,2480,3137,2508,3162,2480,3137,2508,3162,r3c2,207,,,,0,
481,LOT,2589,3137,2650,3195,2589,3137,2650,3195,r3c1,182,1,,,0,
938,LOT,2518,3138,2594,3217,2518,3138,2594,3217,r2c2@60,182,1,,,60,
,Burward,1928,3141,2037,3239,1928,3141,2037,3239,r3c1@30,384,,,,30,
,WATER ST.,3244,3144,3578,3401,3244,3144,3578,3401,r2c2@30,249,,,,30,
413,LOT 541,2523,3146,2587,3309,2523,3146,2587,3309,r3c2,182,1,,,0,
,Burward,1931,3148,2036,3238,1931,3148,2036,3238,r2c1@30,384,,,,30,
,REF.,3068,3148,3136,3214,3068,3148,3136,3214,r3c2@60,392,,,,60,
,REF.,3064,3150,3134,3220,3064,3150,3134,3220,r2c2@60,392,,,,60,
,12,1684,3155,1771,3251,1684,3155,1771,3251,r3c1@60,395,,,,60,
,12,1683,3157,1771,3254,1683,3157,1771,3254,r2c1@60,395,,,,60,
,REF.,3072,3157,3132,3207,3072,3157,3132,3207,r3c2@30,392,,,,30,
,12,1676,3159,1776,3255,1676,3159,1776,3255,r3c1@30,395,,,,30,
2151,10,1506,3161,1544,3198,1506,3161,1544,3198,r3c1@30,394,,,,30,1
,12,1680,3162,1775,3247,1680,3162,1775,3247,r2c1@30,395,,,,30,
,16,1499,3166,1542,3205,1499,3166,1542,3205,r2c1@60,394,,,,60,
,210,2095,3166,2144,3218,2095,3166,2144,3218,r2c1@60,380,,,,60,
,210,2096,3166,2145,3219,2096,3166,2145,3219,r3c1@60,380,,,,60,
,7,3762,3166,3799,3202,3762,3166,3799,3202,r2c3@60,93,,,,60,
,210,2089,3167,2145,3218,2089,3167,2145,3218,r3c1@30,380,,,,30,
392,REF.,3074,3168,3128,3197,3074,3168,3128,3197,r3c2,89,,,,0,1
389,Griffin,1796,3169,1868,3251,1796,3169,1868,3251,r3c1,812,1,,,0,
,210,2092,3170,2145,3218,2092,3170,2145,3218,r2c1@30,380,,,,30,
,Hotel,1932,3171,2024,3255,1932,3171,2024,3255,r3c1@60,359,,,,60,
,7,3765,3171,3791,3199,3765,3171,3791,3199,r2c3@30,93,,,,30,
,7,3765,3171,3792,3200,3765,3171,3792,3200,r3c3@30,93,,,,30,
,7,3766,3172,3793,3198,3766,3172,3793,3198,r3c3,93,,,,0,
,Hotel,1941,3177,2020,3248,1941,3177,2020,3248,r3c1@30,359,,,,30,
,95,3069,3177,3117,3222,3069,3177,3117,3222,r3c2@60,97,,,,60,
2079,WATER,3244,3180,3470,3346,3244,3180,3470,3346,r3c2@30,249,1,,,30,
,OFFICIAL,3614,3182,3678,3234,3614,3182,3678,3234,r2c2@30,193,,,,30,
,236,3164,3183,3228,3245,3164,3183,3228,3245,r3c2@60,106,,,,60,
,OFFICIAL,3614,3184,3683,3238,3614,3184,3683,3238,r2c3@30,193,,,,30,
,95,3072,3185,3108,3219,3072,3185,3108,3219,r3c2@30,97,,,,30,
,236,3166,3187,3227,3248,3166,3187,3227,3248,r2c2@60,106,,,,60,
2044,FFICIAL,3625,3188,3684,3235,3625,3188,3684,3235,r3c3@30,193,1,,,30,
,95,3076,3189,3107,3211,3076,3189,3107,3211,r3c2,97,,,,0,
1838,Dent,3612,3193,3672,3252,3612,3193,3672,3252,r2c2@60,1793,,,,60,1
,OFFICIAL,3612,3195,3683,3228,3612,3195,3683,3228,r3c2,193,,,,0,
,236,3171,3196,3222,3239,3171,3196,3222,3239,r3c2@30,106,,,,30,
,OFFICIAL,3615,3196,3681,3222,3615,3196,3681,3222,r2c2,193,,,,0,
,18,1537,3197,1571,3232,1537,3197,1571,3232,r3c1@30,360,,,,30,
,18,1536,3198,1575,3237,1536,3198,1575,3237,r2c1@60,360,,,,60,
,8,3873,3198,3912,3234,3873,3198,3912,3234,r3c3@60,107,,,,60,
1981,8,1540,3201,1575,3231,1540,3201,1575,3231,r3c1@60,360,1,,,60,
,8,3877,3201,3911,3232,3877,3201,3911,3232,r2c3@60,107,,,,60,
,8,3878,3201,3908,3232,3878,3201,3908,3232,r2c3@30,107,,,,30,
,8,3879,3201,3907,3231,3879,3201,3907,3231,r3c3@30,107,,,,30,
,236,3173,3202,3220,3229,3173,3202,3220,3229,r3c2,106,,,,0,
,8,3880,3202,3906,3231,3880,3202,3906,3231,r3c3,107,,,,0,
,WATER ST.,3254,3203,3570,3334,3254,3203,3570,3334,r3c2,249,,,,0,
190,Dat,3617,3213,3660,3238,3617,3213,3660,3238,r2c3,1793,1,,,0,
1826,541,2516,3216,2556,3264,2516,3216,2556,3264,r2c1@30,182,1,,,30,
,13,2269,3220,2300,3248,2269,3220,2300,3248,r3c2,339,,,,0,
,Original,3588,3221,3699,3349,3588,3221,3699,3349,r2c3@60,209,,,,60,
,Original,3588,3223,3697,3349,3588,3223,3697,3349,r2c2@60,209,,,,60,
1534,ST. WEST,1301,3225,1609,3475,1301,3225,1609,3475,r2c1@30,435,1,,,30,
,17,1569,3228,1605,3260,1569,3228,1605,3260,r3c1@60,326,,,,60,
,17,1568,3230,1606,3268,1568,3230,1606,3268,r2c1@60,326,,,,60,
,9,3996,3230,4025,3262,3996,3230,4025,3262,r3c3@30,125,,,,30,
,17,1569,3232,1599,3263,1569,3232,1599,3263,r3c1@30,326,,,,30,
,10,1945,3232,1981,3267,1945,3232,1981,3267,r3c1@30,321,,,,30,
,9,3994,3232,4026,3262,3994,3232,4026,3262,r2c3@60,125,,,,60,
,10,1947,3233,1980,3265,1947,3233,1980,3265,r3c1@60,321,,,,60,
,9,3997,3233,4023,3262,3997,3233,4023,3262,r2c3@30,125,,,,30,
,HOMER ST.,1782,3235,2045,3562,1782,3235,2045,3562,r2c1@30,1614,,,,30,
,9,3998,3235,4020,3260,3998,3235,4020,3260,r3c3,125,,,,0,
,ST. WEST,1321,3236,1611,3473,1321,3236,1611,3473,r3c1@30,1534,,,,30,
,HOMER ST.,1783,3236,2046,3562,1783,3236,2046,3562,r3c1@30,1614,,,,30,
322,5,2650,3238,2680,3261,2650,3238,2680,3261,r3c2,126,,,,0,1
,Hotel,3011,3241,3108,3343,3011,3241,3108,3343,r3c2@60,929,,,,60,
441,ATER ST.,3341,3241,3570,3335,3341,3241,3570,3335,r2c3,249,1,,,0,
,Original,3589,3241,3696,3331,3589,3241,3696,3331,r3c2,209,,,,0,
,Original,3592,3241,3693,3330,3592,3241,3693,3330,r2c2,209,,,,0,
209,Original,3591,3244,3699,3333,3591,3244,3699,3333,r2c3,1767,1,,,0,
,18,2296,3245,2322,3271,2296,3245,2322,3271,r3c2,315,,,,0,
,10,4094,3254,4136,3294,4094,3254,4136,3294,r3c3@60,144,,,,60,
,10,4095,3255,4134,3294,4095,3255,4134,3294,r2c3@60,144,,,,60,
,10,4098,3257,4132,3292,4098,3257,4132,3292,r3c3@30,144,,,,30,
,10,4100,3258,4129,3286,4100,3258,4129,3286,r3c3,144,,,,0,
,10,4101,3259,4131,3290,4101,3259,4131,3290,r2c3@30,144,,,,30,
,16,1599,3260,1630,3292,1599,3260,1630,3292,r3c1@30,849,,,,30,
,16,1601,3260,1638,3295,1601,3260,1638,3295,r3c1@60,849,,,,60,
,17,2325,3266,2348,3291,2325,3266,2348,3291,r3c2,296,,,,0,
850,B,1587,3268,1618,3298,1587,3268,1618,3298,r2c1@60,1605,1,,,60,
153,St.,1776,3276,1805,3296,1776,3276,1805,3296,r2c1,1614,1,,,0,
,Homer ST.,1761,3277,2081,3523,1761,3277,2081,3523,r2c1@60,1614,,,,60,
,66',3734,3283,3763,3310,3734,3283,3763,3310,r3c3@30,871,,,,30,
,11,4214,3289,4250,3325,4214,3289,4250,3325,r3c3@60,166,,,,60,
,15,1628,3290,1661,3324,1628,3290,1661,3324,r3c1@30,918,,,,30,
,11,4213,3290,4248,3323,4213,3290,4248,3323,r2c3@60,166,,,,60,
,11,4214,3290,4245,3322,4214,3290,4245,3322,r3c3@30,166,,,,30,
,11,4216,3290,4243,3318,4216,3290,4243,3318,r2c3@30,166,,,,30,
,11,4215,3291,4244,3318,4215,3291,4244,3318,r3c3,166,,,,0,
,15,1628,3292,1666,3327,1628,3292,1666,3327,r3c1@60,918,,,,60,
164,St.,1776,3296,1805,3316,1776,3296,1805,3316,r2c1,1614,1,,,0,
,16,2352,3297,2380,3325,2352,3297,2380,3325,r3c1@30,279,,,,30,
,6,2875,3297,2898,3320,2875,3297,2898,3320,r3c2,165,,,,0,
926,B,1592,3299,1627,3334,1592,3299,1627,3334,r2c1@60,1605,1,,,60,
1484,WEST,1420,3300,1569,3486,1420,3300,1569,3486,r3c1@60,435,1,,,60,
,Hotel,1546,3302,1622,3375,1546,3302,1622,3375,r3c1@30,1471,,,,30,
1654,CAMB,2410,3303,2611,3498,2410,3303,2611,3498,r2c2@60,1456,1,,,60,
,CAMBIE,2372,3305,2627,3550,2372,3305,2627,3550,r3c2@60,1456,,,,60,
1828,B,2531,3305,2556,3331,2531,3305,2556,3331,r2c1@60,1456,1,,,60,
,Water Line,3706,3305,3845,3461,3706,3305,3845,3461,r3c3@60,232,,,,60,
,Mercantile,1995,3306,2128,3469,1995,3306,2128,3469,r2c1@30,1356,,,,30,
,Water Line,3705,3307,3835,3460,3705,3307,3835,3460,r2c3@60,232,,,,60,
,95,3760,3307,3784,3329,3760,3307,3784,3329,r3c3@30,270,,,,30,
,95,3759,3308,3784,3332,3759,3308,3784,3332,r2c3@30,270,,,,30,
,Alexander,4347,3309,4511,3474,4347,3309,4511,3474,r3c3@60,275,,,,60,
,Alexander,4350,3312,4508,3472,4350,3312,4508,3472,r2c3@60,275,,,,60,
,Alexander,4368,3313,4490,3468,4368,3313,4490,3468,r3c3@30,275,,,,30,
,12,4325,3315,4366,3356,4325,3315,4366,3356,r2c3@60,188,,,,60,
179,St.,1776,3316,1805,3336,1776,3316,1805,3336,r2c1,1614,1,,,0,
,12,4324,3316,4368,3358,4324,3316,4368,3358,r3c3@60,188,,,,60,
,Alexander,4372,3317,4490,3470,4372,3317,4490,3470,r2c3@30,275,,,,30,
,Mercantile,1979,3319,2159,3465,1979,3319,2159,3465,r3c1@60,1356,,,,60,
1356,Mercantile,1980,3319,2146,3441,1980,3319,2146,3441,r2c1@60,1320,,,,60,1
2250,OGY.),3963,3319,4294,3654,3963,3319,4294,3654,r2c3@60,1291,,,,60,1
,12,4327,3320,4363,3356,4327,3320,4363,3356,r3c3@30,188,,,,30,
,14,1661,3321,1700,3359,1661,3321,1700,3359,r3c1@60,1010,,,,60,
,12,4330,3321,4359,3351,4330,3321,4359,3351,r3c3,188,,,,0,
,12,4330,3321,4361,3352,4330,3321,4361,3352,r2c3@30,188,,,,30,
,14,1659,3325,1693,3359,1659,3325,1693,3359,r3c1@30,1010,,,,30,
2082,B,2573,3327,2608,3347,2573,3327,2608,3347,r2c1@60,1456,1,,,60,
,5,2994,3327,3018,3360,2994,3327,3018,3360,r3c2,192,,,,0,
,15,2387,3328,2424,3365,2387,3328,2424,3365,r2c2@60,247,,,,60,
1011,B,1607,3330,1641,3363,1607,3330,1641,3363,r2c1@60,1605,1,,,60,
2054,B,2568,3330,2602,3350,2568,3330,2602,3350,r2c1@60,1456,1,,,60,
232,Water Line,3708,3330,3863,3410,3708,3330,3863,3410,r2c3,1450,1,,,0,
,Water Line,3705,3331,3868,3410,3705,3331,3868,3410,r3c3,232,,,,0,
,Building,1725,3333,1851,3464,1725,3333,1851,3464,r3c1@30,1169,,,,30,
,15,2388,3333,2419,3365,2388,3333,2419,3365,r3c1@30,247,,,,30,
2034,B,2562,3333,2597,3353,2562,3333,2597,3353,r2c1@60,1456,1,,,60,
2016,B,2558,3335,2593,3355,2558,3335,2593,3355,r2c1@60,1456,1,,,60,
195,St.,1776,3336,1805,3356,1776,3336,1805,3356,r2c1,1614,1,,,0,
1298,13,4398,3336,4433,3375,4398,3336,4433,3375,r3c3@30,201,,,,30,1
,Building,2013,3337,2133,3480,2013,3337,2133,3480,r2c1@30,1200,,,,30,
1994,B,2554,3337,2589,3357,2554,3337,2589,3357,r2c1@60,1456,1,,,60,
1971,B,2550,3340,2585,3360,2550,3340,2585,3360,r2c1@60,1456,1,,,60,
1953,B,2546,3342,2581,3362,2546,3342,2581,3362,r2c1@60,1456,1,,,60,
,O.G.T.),3923,3342,4288,3613,3923,3342,4288,3613,r2c3@30,1291,,,,30,
1850,B,2540,3343,2561,3362,2540,3343,2561,3362,r2c1@60,1456,1,,,60,
1930,B,2542,3344,2577,3364,2542,3344,2577,3364,r2c1@60,1456,1,,,60,
1908,B,2538,3347,2573,3366,2538,3347,2573,3366,r2c1@60,1456,1,,,60,
1889,B,2534,3349,2569,3369,2534,3349,2569,3369,r2c1@60,1456,1,,,60,
1872,B,2530,3351,2565,3371,2530,3351,2565,3371,r2c1@60,1456,1,,,60,
,Building,2003,3353,2143,3464,2003,3353,2143,3464,r2c1@60,1200,,,,60,
1855,B,2528,3353,2562,3373,2528,3353,2562,3373,r2c1@60,1456,1,,,60,
,4,3097,3354,3138,3393,3097,3354,3138,3393,r2c2@60,215,,,,60,
1837,B,2524,3355,2558,3375,2524,3355,2558,3375,r2c1@60,1456,1,,,60,
,13,1692,3356,1728,3389,1692,3356,1728,3389,r3c1@60,1130,,,,60,
,13,1694,3356,1727,3390,1694,3356,1727,3390,r3c1@30,1130,,,,30,
1208,Building,1762,3356,1854,3432,1762,3356,1854,3432,r3c1@60,1762,1,,,60,
206,St.,1776,3356,1805,3376,1776,3356,1805,3376,r2c1,1614,1,,,0,
,TROUNCE5,2828,3356,3092,3615,2828,3356,3092,3615,r3c2@60,171,,,,60,
1817,B,2520,3357,2554,3377,2520,3357,2554,3377,r2c1@60,1456,1,,,60,
1200,Building,2005,3358,2135,3461,2005,3358,2135,3461,r3c1@60,1320,1,,,60,
1798,B,2516,3360,2550,3380,2516,3360,2550,3380,r2c1@60,1456,1,,,60,
,14,2419,3361,2453,3395,2419,3361,2453,3395,r3c2@60,245,,,,60,
229,5,3105,3361,3131,3384,3105,3361,3131,3384,r3c2,215,,,,0,1
1778,B,2512,3362,2546,3382,2512,3362,2546,3382,r2c1@60,1456,1,,,60,
1496,Hotel.,4345,3362,4451,3467,4345,3362,4451,3467,r2c3@60,275,,,,60,1
,14,2420,3363,2450,3392,2420,3363,2450,3392,r2c2@60,245,,,,60,
1758,B,2508,3364,2542,3384,2508,3364,2542,3384,r2c1@60,1456,1,,,60,
1169,Building,1738,3365,1833,3445,1738,3365,1833,3445,r3c1@60,1762,1,,,60,
,14,2421,3365,2449,3393,2421,3365,2449,3393,r3c1@30,245,,,,30,
1735,B,2504,3366,2538,3386,2504,3366,2538,3386,r2c1@60,1456,1,,,60,
1155,B,1665,3369,1694,3398,1665,3369,1694,3398,r2c1@60,1762,1,,,60,
1717,B,2500,3369,2534,3389,2500,3369,2534,3389,r2c1@60,1456,1,,,60,
1701,B,2496,3371,2530,3391,2496,3371,2530,3391,r2c1@60,1456,1,,,60,
1135,Hotel,4375,3372,4456,3465,4375,3372,4456,3465,r3c3@30,1496,1,,,30,
1684,B,2492,3373,2526,3393,2492,3373,2526,3393,r2c1@60,1456,1,,,60,
,ABBOTT,3447,3374,3688,3618,3447,3374,3688,3618,r3c3@60,263,,,,60,
1824,MBIE,2422,3375,2555,3541,2422,3375,2555,3541,r3c1@30,1456,1,,,30,
221,St.,1776,3376,1805,3396,1776,3376,1805,3396,r2c1,1614,1,,,0,
1665,B,2488,3376,2522,3396,2488,3376,2522,3396,r2c1@60,1456,1,,,60,
,TROUNCE5,2836,3377,3089,3579,2836,3377,3089,3579,r3c2@30,171,,,,30,
,ABBOTT,3477,3377,3662,3612,3477,3377,3662,3612,r3c2@30,263,,,,30,
1646,B,2484,3378,2518,3398,2484,3378,2518,3398,r2c1@60,1456,1,,,60,
1622,B,2480,3380,2514,3400,2480,3380,2514,3400,r2c1@60,1456,1,,,60,
,3,3205,3380,3255,3426,3205,3380,3255,3426,r2c2@60,210,,,,60,
,ABBOTT,3521,3380,3620,3605,3521,3380,3620,3605,r3c2,263,,,,0,
,ABBOTT,3527,3381,3622,3602,3527,3381,3622,3602,r2c3,263,,,,0,
,12,1720,3382,1761,3422,1720,3382,1761,3422,r3c1@60,1089,,,,60,
,12,1723,3383,1764,3420,1723,3383,1764,3420,r2c1@60,1089,,,,60,
1603,B,2475,3383,2510,3403,2475,3383,2510,3403,r2c1@60,1456,1,,,60,
,ABBOTT,3526,3384,3617,3600,3526,3384,3617,3600,r2c2,263,,,,0,
1586,B,2471,3385,2506,3406,2471,3385,2506,3406,r2c1@60,1456,1,,,60,
1568,B,2468,3387,2502,3407,2468,3387,2502,3407,r2c1@60,1456,1,,,60,
1541,B,2464,3390,2498,3409,2464,3390,2498,3409,r2c1@60,1456,1,,,60,
1274,FRI,3205,3391,3241,3425,3205,3391,3241,3425,r2c2@30,1099,,,,30,1
1519,B,2460,3392,2494,3412,2460,3392,2494,3412,r2c1@60,1456,1,,,60,
1050,James,1652,3393,1744,3488,1652,3393,1744,3488,r3c1@30,1008,,,,30,1
,ABBOTT,3453,3393,3672,3617,3453,3393,3672,3617,r3c2@60,263,,,,60,
1498,B,2456,3394,2490,3414,2456,3394,2490,3414,r2c1@60,1456,1,,,60,
1290,05,3880,3394,3915,3428,3880,3394,3915,3428,r2c3@60,1043,,,,60,1
239,St.,1776,3396,1805,3416,1776,3396,1805,3416,r2c1,1614,1,,,0,
1478,B,2452,3396,2486,3416,2452,3396,2486,3416,r2c1@60,1456,1,,,60,
1460,B,2448,3399,2483,3419,2448,3399,2483,3419,r2c1@60,1456,1,,,60,
1431,B,2443,3402,2477,3422,2443,3402,2477,3422,r2c1@60,1456,1,,,60,
1410,B,2439,3404,2473,3424,2439,3404,2473,3424,r2c1@60,1456,1,,,60,
1387,B,2435,3406,2469,3426,2435,3406,2469,3426,r2c1@60,1456,1,,,60,
1391,B,1665,3408,1706,3448,1665,3408,1706,3448,r2c1@60,1762,1,,,60,
1365,B,2431,3409,2465,3429,2431,3409,2465,3429,r2c1@60,1456,1,,,60,
,3,2122,3410,2152,3438,2122,3410,2152,3438,r2c1@60,982,,,,60,
1344,B,2427,3411,2461,3431,2427,3411,2461,3431,r2c1@60,1456,1,,,60,
,3,2122,3412,2150,3441,2122,3412,2150,3441,r2c1@30,982,,,,30,
1322,B,2423,3413,2457,3433,2423,3413,2457,3433,r2c1@60,1456,1,,,60,
1435,4,3322,3414,3366,3456,3322,3414,3366,3456,r2c2@60,1392,,,,60,1
,11,1756,3415,1793,3451,1756,3415,1793,3451,r2c1@60,953,,,,60,
,11,1761,3415,1795,3448,1761,3415,1795,3448,r3c1@60,953,,,,60,
253,St.,1776,3416,1805,3436,1776,3416,1805,3436,r2c1,1614,1,,,0,
1328,B,2419,3416,2453,3436,2419,3416,2453,3436,r2c1@60,1456,1,,,60,
1340,B,2415,3418,2449,3438,2415,3418,2449,3438,r2c1@60,1456,1,,,60,
1357,B,2409,3420,2445,3441,2409,3420,2445,3441,r2c1@60,1456,1,,,60,
1364,B,2405,3423,2441,3443,2405,3423,2441,3443,r2c1@60,1456,1,,,60,
1375,B,2403,3425,2437,3445,2403,3425,2437,3445,r2c1@60,1456,1,,,60,
,Dominion,3604,3425,3788,3612,3604,3425,3788,3612,r2c3@60,991,,,,60,
1386,B,2399,3427,2433,3447,2399,3427,2433,3447,r2c1@60,1456,1,,,60,
2220,Dompionu,3626,3427,3768,3600,3626,3427,3768,3600,r3c2@30,991,,,,30,1
,66,4296,3427,4324,3455,4296,3427,4324,3455,r3c3@60,265,,,,60,
2139,The Bront,2571,3428,2704,3599,2571,3428,2704,3599,r2c2@60,928,,,,60,1
1476,B,1702,3429,1736,3464,1702,3429,1736,3464,r2c1@60,1762,1,,,60,
1397,B,2396,3429,2429,3449,2396,3429,2429,3449,r2c1@60,1456,1,,,60,
390,Dompion,3669,3429,3732,3593,3669,3429,3732,3593,r3c2,2220,1,,,0,
,66,4295,3429,4322,3456,4295,3429,4322,3456,r2c3@60,265,,,,60,
,66,4296,3430,4321,3453,4296,3430,4321,3453,r2c3@30,265,,,,30,
,66,4295,3431,4318,3452,4295,3431,4318,3452,r3c3@30,265,,,,30,
1409,B,2392,3432,2425,3451,2392,3432,2425,3451,r2c1@60,1456,1,,,60,
1418,B,2388,3434,2421,3453,2388,3434,2421,3453,r2c1@60,1456,1,,,60,
,Hotel,3404,3434,3538,3545,3404,3434,3538,3545,r3c2@60,180,,,,60,
273,St.,1776,3436,1805,3456,1776,3436,1805,3456,r2c1,1614,1,,,0,
1434,B,2384,3436,2417,3456,2384,3436,2417,3456,r2c1@60,1901,1,,,60,
,TROUNCE5,2839,3436,3084,3524,2839,3436,3084,3524,r2c2,171,,,,0,
,4,2152,3437,2180,3467,2152,3437,2180,3467,r2c1@30,900,,,,30,
,The Bro,2555,3438,2697,3552,2555,3438,2697,3552,r3c1@30,911,,,,30,
1439,B,2381,3439,2413,3457,2381,3439,2413,3457,r2c1@60,1901,1,,,60,
911,The Bro,2558,3439,2695,3549,2558,3439,2695,3549,r3c2@30,928,1,,,30,
,4,2150,3440,2182,3471,2150,3440,2182,3471,r2c1@60,900,,,,60,
1452,B,2377,3441,2409,3459,2377,3441,2409,3459,r2c1@60,1901,1,,,60,
1465,B,2373,3443,2405,3462,2373,3443,2405,3462,r2c1@60,1901,1,,,60,
1477,B,2369,3446,2401,3464,2369,3446,2401,3464,r2c1@60,1901,1,,,60,
167,The,2571,3446,2634,3501,2571,3446,2634,3501,r3c2,911,1,,,0,
,The,2574,3447,2630,3505,2574,3447,2630,3505,r2c2,167,,,,0,
,HOTEL,3413,3447,3473,3530,3413,3447,3473,3530,r2c3,180,,,,0,
1487,B,2365,3448,2397,3466,2365,3448,2397,3466,r2c1@60,1901,1,,,60,
1502,B,2361,3450,2393,3469,2361,3450,2393,3469,r2c1@60,1901,1,,,60,
,HOTEL,3495,3451,3528,3522,3495,3451,3528,3522,r2c3,200,,,,0,
,Hotel,3592,3452,3711,3566,3592,3452,3711,3566,r2c3@60,354,,,,60,
1506,B,2359,3453,2389,3470,2359,3453,2389,3470,r2c1@60,1901,1,,,60,
,HOTEL,3432,3453,3488,3542,3432,3453,3488,3542,r2c3,180,,,,0,
,Hotel,3603,3454,3715,3565,3603,3454,3715,3565,r3c3@60,312,,,,60,
1518,B,2355,3455,2385,3472,2355,3455,2385,3472,r2c1@60,1901,1,,,60,
283,St.,1776,3456,1805,3476,1776,3456,1805,3476,r2c1,1614,1,,,0,
1540,B,2349,3457,2381,3476,2349,3457,2381,3476,r2c1@60,1901,1,,,60,
1611,B,1725,3458,1756,3490,1725,3458,1756,3490,r2c1@60,1762,1,,,60,
1556,B,2345,3459,2377,3478,2345,3459,2377,3478,r2c1@60,1901,1,,,60,
1563,B,2343,3462,2373,3479,2343,3462,2373,3479,r2c1@60,1901,1,,,60,
1573,B,2340,3464,2369,3481,2340,3464,2369,3481,r2c1@60,1901,1,,,60,
1579,B,2336,3466,2367,3483,2336,3466,2367,3483,r2c1@60,1901,1,,,60,
1588,B,2334,3467,2364,3485,2334,3467,2364,3485,r2c1@60,1901,1,,,60,
1638,05,3967,3468,3994,3494,3967,3468,3994,3494,r2c3@60,845,,,,60,1
,5,2186,3469,2218,3500,2186,3469,2218,3500,r2c1@60,831,,,,60,
1594,B,2331,3469,2361,3486,2331,3469,2361,3486,r2c1@60,1901,1,,,60,
1606,B,2327,3471,2357,3489,2327,3471,2357,3489,r2c1@60,1901,1,,,60,
295,St.,1776,3476,1805,3496,1776,3476,1805,3496,r2c1,1614,1,,,0,
,5,2182,3476,2211,3506,2182,3476,2211,3506,r2c1@30,831,,,,30,
1668,05,4016,3476,4042,3500,4016,3476,4042,3500,r2c3@60,824,,,,60,1
1742,B,1744,3486,1775,3517,1744,3486,1775,3517,r2c1@60,1762,1,,,60,
,9,2576,3495,2620,3536,2576,3495,2620,3536,r3c2@60,320,,,,60,
309,St.,1776,3496,1805,3516,1776,3496,1805,3516,r2c1,1614,1,,,0,
,6,2210,3500,2237,3528,2210,3500,2237,3528,r2c1@30,775,,,,30,
,6,2211,3500,2243,3531,2211,3500,2243,3531,r2c1@60,775,,,,60,
,9,2580,3500,2614,3536,2580,3500,2614,3536,r3c1@30,320,,,,30,
1774,66,4113,3501,4136,3523,4113,3501,4136,3523,r2c3@30,776,,,,30,1
,ALLEY,3221,3507,3362,3647,3221,3507,3362,3647,r3c2@60,101,,,,60,
,66,4141,3512,4163,3532,4141,3512,4163,3532,r2c3@30,316,,,,30,
1833,26,4173,3513,4196,3535,4173,3513,4196,3535,r2c3@30,325,,,,30,1
330,St.,1776,3516,1805,3536,1776,3516,1805,3536,r2c1,1614,1,,,0,
,ALLEY,3224,3521,3361,3629,3224,3521,3361,3629,r3c2@30,101,,,,30,
,10,2668,3522,2717,3569,2668,3522,2717,3569,r2c2@60,356,,,,60,
,Hotel,4062,3525,4162,3626,4062,3525,4162,3626,r2c3@60,730,,,,60,
,7,2247,3529,2283,3564,2247,3529,2283,3564,r3c2@60,754,,,,60,
2150,AL,3215,3529,3292,3604,3215,3529,3292,3604,r2c2@60,101,1,,,60,
1551,ST.,2403,3530,2499,3641,2403,3530,2499,3641,r3c1@30,1901,1,,,30,
,7,2244,3532,2271,3560,2244,3532,2271,3560,r2c1@30,754,,,,30,
1942,05,4170,3533,4196,3557,4170,3533,4196,3557,r2c3@60,722,,,,60,1
,25,1856,3534,1900,3578,1856,3534,1900,3578,r2c1@60,712,,,,60,
,25,1853,3539,1893,3578,1853,3539,1893,3578,r3c1@30,712,,,,30,
,Grand,4096,3539,4175,3616,4096,3539,4175,3616,r2c3@60,721,,,,60,
,25,1858,3541,1893,3576,1858,3541,1893,3576,r2c1@30,712,,,,30,
2003,05,4194,3545,4219,3568,4194,3545,4219,3568,r2c3@60,706,,,,60,1
,ALLEY,3219,3547,3357,3603,3219,3547,3357,3603,r2c2,101,,,,0,
2032,05,4243,3549,4268,3574,4243,3549,4268,3574,r2c3@60,1995,,,,60,1
,11,2800,3557,2843,3597,2800,3557,2843,3597,r3c2@60,94,,,,60,
,8,2273,3558,2303,3589,2273,3558,2303,3589,r2c1@30,815,,,,30,
,11,2799,3558,2843,3601,2799,3558,2843,3601,r2c2@60,94,,,,60,
,G,3341,3558,3488,3715,3341,3558,3488,3715,r3c3,191,,,,0,
,8,2277,3561,2311,3594,2277,3561,2311,3594,r3c2@60,815,,,,60,
,24,1882,3562,1928,3609,1882,3562,1928,3609,r2c1@60,668,,,,60,
,24,1885,3567,1925,3607,1885,3567,1925,3607,r3c1@60,668,,,,60,
,24,1885,3567,1926,3606,1885,3567,1926,3606,r2c1@30,668,,,,30,
666,C,4380,3568,4402,3592,4380,3568,4402,3592,r3c3@30,379,,,,30,1
,66,4436,3576,4457,3595,4436,3576,4457,3595,r2c3@30,400,,,,30,
,66,4435,3577,4456,3596,4435,3577,4456,3596,r2c3@30,400,,,,30,
2140,26,4320,3579,4342,3599,4320,3579,4342,3599,r2c3@30,2136,,,,30,1
,66,4434,3580,4454,3599,4434,3580,4454,3599,r2c3@30,400,,,,30,
643,Troubles,2948,3581,3084,3714,2948,3581,3084,3714,r3c2@60,638,,,,60,1
,12,2914,3583,2966,3632,2914,3583,2966,3632,r3c2@60,80,,,,60,
,66,4432,3583,4453,3602,4432,3583,4453,3602,r2c3@30,400,,,,30,
,210,1678,3584,1728,3639,1678,3584,1728,3639,r3c1@60,636,,,,60,
,66,4430,3585,4451,3604,4430,3585,4451,3604,r2c3@30,400,,,,30,
,210,1674,3586,1730,3635,1674,3586,1730,3635,r2c1@30,636,,,,30,
,12,2914,3586,2966,3637,2914,3586,2966,3637,r2c2@60,80,,,,60,
,5,3881,3587,3916,3619,3881,3587,3916,3619,r3c3@60,82,,,,60,
,66,4430,3587,4450,3606,4430,3587,4450,3606,r2c3@30,400,,,,30,
,9,2303,3589,2332,3619,2303,3589,2332,3619,r2c1@30,872,,,,30,
,66,4428,3589,4449,3608,4428,3589,4449,3608,r2c3@30,400,,,,30,
82,5,3888,3590,3912,3615,3888,3590,3912,3615,r3c3,2198,1,,,0,
,5,3888,3591,3911,3614,3888,3591,3911,3614,r2c3,82,,,,0,
,9,2296,3592,2331,3625,2296,3592,2331,3625,r3c2@60,872,,,,60,
,12,2920,3592,2958,3630,2920,3592,2958,3630,r3c2@30,80,,,,30,
,66,4427,3592,4447,3611,4427,3592,4447,3611,r2c3@30,400,,,,30,
,12,2922,3594,2953,3620,2922,3594,2953,3620,r2c2,80,,,,0,
,23,1918,3596,1958,3637,1918,3596,1958,3637,r3c1@60,612,,,,60,
,23,1917,3598,1959,3639,1917,3598,1959,3639,r2c1@60,612,,,,60,
,23,1916,3599,1954,3637,1916,3599,1954,3637,r2c1@30,612,,,,30,
,Hotel,2864,3607,2962,3702,2864,3607,2962,3702,r3c2@60,61,,,,60,
,C,2334,3609,2376,3649,2334,3609,2376,3649,r3c2@60,947,,,,60,
,G,3486,3610,3577,3701,3486,3610,3577,3701,r3c2@60,240,,,,60,
,T,3622,3611,3797,3793,3622,3611,3797,3793,r3c2@30,160,,,,30,
1720,ST,3457,3615,3578,3729,3457,3615,3578,3729,r3c3@60,297,1,,,60,
,T,3617,3615,3789,3800,3617,3615,3789,3800,r3c2@60,160,,,,60,
,ST.,3461,3616,3566,3735,3461,3616,3566,3735,r3c2@30,297,,,,30,
594,B,3028,3618,3071,3658,3028,3618,3071,3658,r3c2@60,66,,,,60,1
,B.C. Electric Ry Co.,1763,3623,2015,3955,1763,3623,2015,3955,r3c1@60,553,,,,60,
297,ST.,3470,3624,3558,3718,3470,3624,3558,3718,r3c3,240,,,,0,1
,22,1948,3630,1988,3670,1948,3630,1988,3670,r3c1@60,578,,,,60,
,10,2324,3630,2365,3672,2324,3630,2365,3672,r3c2@60,317,,,,60,
576,Cardova.,2845,3631,2971,3755,2845,3631,2971,3755,r3c2@60,564,,,,60,1
,T,3660,3635,3764,3781,3660,3635,3764,3781,r3c2,160,,,,0,
1221,20,2379,3656,2434,3711,2379,3656,2434,3711,r3c1@60,284,,,,60,1
1539,18,2381,3657,2434,3709,2381,3657,2434,3709,r3c2@60,284,1,,,60,
,B,2309,3658,2343,3693,2309,3658,2343,3693,r3c1@60,342,,,,60,
,21,1978,3661,2010,3694,1978,3661,2010,3694,r3c1@30,545,,,,30,
,218,2381,3661,2431,3706,2381,3661,2431,3706,r3c2@30,284,,,,30,
49,Cordova,2852,3664,2965,3715,2852,3664,2965,3715,r3c2,564,1,,,0,
,157,2678,3666,2714,3700,2678,3666,2714,3700,r3c2@60,85,,,,60,
,15,3244,3671,3294,3718,3244,3671,3294,3718,r3c2@60,70,,,,60,
,E,3590,3683,3633,3724,3590,3683,3633,3724,r3c2@60,291,,,,60,
,CORDOVA ST. WEST,3295,3688,3844,4235,3295,3688,3844,4235,r3c3@60,487,,,,60,
,20,2009,3692,2046,3728,2009,3692,2046,3728,r3c1@30,516,,,,30,
,C,3345,3694,3387,3733,3345,3694,3387,3733,r3c3@60,108,,,,60,
,C,3337,3697,3379,3734,3337,3697,3379,3734,r3c2@60,108,,,,60,
,11A,2274,3698,2320,3750,2274,3698,2320,3750,r3c2@60,375,,,,60,
,11A,2276,3699,2323,3754,2276,3699,2323,3754,r3c1@60,375,,,,60,
,11A,2273,3701,2325,3747,2273,3701,2325,3747,r3c2@30,375,,,,30,
,16,3363,3705,3410,3750,3363,3705,3410,3750,r3c2@60,130,,,,60,
,C,3341,3711,3361,3739,3341,3711,3361,3739,r3c3,108,,,,0,
,16,3370,3712,3407,3744,3370,3712,3407,3744,r3c3@60,130,,,,60,
,16,3370,3719,3399,3745,3370,3719,3399,3745,r3c3,130,,,,0,
,19,2041,3721,2077,3756,2041,3721,2077,3756,r3c1@60,508,,,,60,
,D,3583,3726,3621,3763,3583,3726,3621,3763,r3c2@60,212,,,,60,
,205,3475,3731,3542,3798,3475,3731,3542,3798,r3c2@60,223,,,,60,
,205,3477,3735,3540,3796,3477,3735,3540,3796,r3c3@60,223,,,,60,
,D,3590,3735,3610,3758,3590,3735,3610,3758,r3c2,212,,,,0,
,2,3987,3738,4055,3804,3987,3738,4055,3804,r3c3@60,27,,,,60,
,205,3479,3739,3535,3790,3479,3739,3535,3790,r3c2@30,223,,,,30,
,18,2069,3750,2106,3785,2069,3750,2106,3785,r3c1@60,521,,,,60,
,205,3481,3753,3531,3782,3481,3753,3531,3782,r3c3,223,,,,0,
,REF.,2856,3755,2931,3827,2856,3755,2931,3827,r3c2@60,18,,,,60,
,Hotel,2416,3760,2536,3881,2416,3760,2536,3881,r3c1@60,1321,,,,60,
250,C,3550,3762,3569,3784,3550,3762,3569,3784,r3c2,2259,1,,,0,
,REF.,2863,3763,2922,3815,2863,3763,2922,3815,r3c2@30,18,,,,30,
2058,Carbethin,2447,3764,2602,3917,2447,3764,2602,3917,r3c1@60,1090,,,,60,1
1106,Cortelon,2470,3770,2575,3905,2470,3770,2575,3905,r3c2@30,1090,,,,30,1
,17,2101,3784,2138,3817,2101,3784,2138,3817,r3c1@60,552,,,,60,
,79,2853,3784,2911,3841,2853,3784,2911,3841,r3c2@60,17,,,,60,
,A,3308,3787,3353,3829,3308,3787,3353,3829,r3c2@60,96,,,,60,
,79,2863,3790,2908,3832,2863,3790,2908,3832,r3c2@30,17,,,,30,
96,A,3315,3791,3342,3821,3315,3791,3342,3821,r3c2,2259,1,,,0,
,B,3361,3796,3403,3835,3361,3796,3403,3835,r3c2@60,123,,,,60,
,B,3365,3799,3402,3833,3365,3799,3402,3833,r3c3@60,123,,,,60,
,B,3367,3804,3390,3828,3367,3804,3390,3828,r3c3,123,,,,0,
,16,2133,3815,2172,3852,2133,3815,2172,3852,r3c1@60,587,,,,60,
,212,3414,3817,3477,3876,3414,3817,3477,3876,r3c2@60,172,,,,60,
,212,3413,3825,3470,3878,3413,3825,3470,3878,r3c3@60,172,,,,60,
,212,3421,3834,3465,3862,3421,3834,3465,3862,r3c3,172,,,,0,
181,Atlant,3631,3840,3728,3919,3631,3840,3728,3919,r3c3,2236,1,,,0,
,15,2162,3845,2199,3880,2162,3845,2199,3880,r3c1@60,631,,,,60,
233,C,3527,3845,3546,3865,3527,3845,3546,3865,r3c2,2259,1,,,0,
,A,3584,3860,3628,3901,3584,3860,3628,3901,r3c2@60,213,,,,60,
,Hotel,3668,3863,3760,3938,3668,3863,3760,3938,r3c2@60,154,,,,60,
213,A,3588,3865,3617,3894,3588,3865,3617,3894,r3c3,2259,1,,,0,
,A,3587,3867,3613,3896,3587,3867,3613,3896,r3c2,213,,,,0,
,Hotel,3670,3868,3750,3930,3670,3868,3750,3930,r3c2,154,,,,0,
244,Cordova,3306,3871,3561,3982,3306,3871,3561,3982,r3c2,487,1,,,0,
2265,ST. WEST,3645,3905,3840,4105,3645,3905,3840,4105,r3c2@60,487,1,,,60,
,13,2223,3911,2260,3946,2223,3911,2260,3946,r3c2@60,734,,,,60,
,12,2248,3935,2283,3968,2248,3935,2283,3968,r3c2@60,780,,,,60,
,Commercial,2397,3937,2577,4116,2397,3937,2577,4116,r3c2@60,269,,,,60,
,Commercial,2394,3938,2577,4118,2394,3938,2577,4118,r3c1@60,269,,,,60,
,5,2825,3940,2853,3971,2825,3940,2853,3971,r3c2@30,29,,,,30,
,Commercial,2399,3960,2572,4092,2399,3960,2572,4092,r3c1@30,269,,,,30,
,41,2932,3964,2984,4015,2932,3964,2984,4015,r3c2@60,1,,,,60,
495,4,2940,3966,2977,4005,2940,3966,2977,4005,r3c2@30,1,1,,,30,
,168,3383,3980,3446,4041,3383,3980,3446,4041,r3c2@60,157,,,,60,
,168,3386,3982,3445,4039,3386,3982,3445,4039,r3c3@60,157,,,,60,
,168,3387,3982,3441,4032,3387,3982,3441,4032,r3c2@30,157,,,,30,
,Hotel,2422,3993,2531,4098,2422,3993,2531,4098,r3c2@60,246,,,,60,
,168,3392,3994,3438,4022,3392,3994,3438,4022,r3c3,157,,,,0,
,Hotel,2423,3995,2526,4100,2423,3995,2526,4100,r3c1@60,246,,,,60,
,Hotel,3252,4005,3370,4124,3252,4005,3370,4124,r3c2@60,91,,,,60,
246,Hotel,2429,4026,2521,4065,2429,4026,2521,4065,r3c2,1686,1,,,0,
,Vancouver,2346,4053,2491,4206,2346,4053,2491,4206,r3c1@30,302,,,,30,
,OFFICIAL,3364,4055,3430,4106,3364,4055,3430,4106,r3c2@30,149,,,,30,
,OFFICIAL,3359,4062,3427,4099,3359,4062,3427,4099,r3c3,149,,,,0,
,4,2874,4069,2954,4146,2874,4069,2954,4146,r3c2@60,44,,,,60,
,4,2888,4074,2943,4129,2888,4074,2943,4129,r3c2@30,44,,,,30,
1146,of,2378,4088,2417,4130,2378,4088,2417,4130,r3c1@30,286,1,,,30,
1297,Traveille,3428,4097,3565,4238,3428,4097,3565,4238,r3c2@60,1277,,,,60,1
,8,3478,4105,3527,4152,3478,4105,3527,4152,r3c2@60,288,,,,60,
,Traveller,3429,4108,3552,4236,3429,4108,3552,4236,r3c3@60,241,,,,60,
,10,2507,4117,2554,4162,2507,4117,2554,4162,r3c1@60,183,,,,60,
,10,2513,4119,2550,4155,2513,4119,2550,4155,r3c1@30,183,,,,30,
2255,ASSTOR,2636,4140,2714,4232,2636,4140,2714,4232,r4c2@30,737,,,,30,1
241,Traveller,3432,4142,3555,4197,3432,4142,3555,4197,r3c2,1277,1,,,0,
,Traveller,3436,4143,3556,4197,3436,4143,3556,4197,r3c3,241,,,,0,
,7,3601,4143,3626,4171,3601,4143,3626,4171,r3c2,203,,,,0,
,Hotel,3775,4153,3865,4245,3775,4153,3865,4245,r3c3@60,92,,,,60,
,WARD,3269,4155,3437,4327,3269,4155,3437,4327,r3c2@60,118,,,,60,
,Hotel,3782,4156,3865,4252,3782,4156,3865,4252,r4c3@30,92,,,,30,
2251,Monoloba,3803,4156,3915,4302,3803,4156,3915,4302,r4c3@30,119,,,,30,1
,Hotel,3428,4158,3526,4238,3428,4158,3526,4238,r3c2@30,216,,,,30,
2247,Cremery,4032,4163,4132,4263,4032,4163,4132,4263,r4c3@60,98,,,,60,1
,6,3702,4169,3736,4206,3702,4169,3736,4206,r4c3@30,127,,,,30,
,6,3706,4169,3729,4197,3706,4169,3729,4197,r3c2,127,,,,0,
,WAR,3262,4170,3399,4306,3262,4170,3399,4306,r4c2@60,492,,,,60,
,WARD,3268,4171,3386,4318,3268,4171,3386,4318,r3c2@30,118,,,,30,
,WARD,3341,4172,3393,4317,3341,4172,3393,4317,r3c3,133,,,,0,
216,Hotel,3426,4172,3518,4221,3426,4172,3518,4221,r3c2,491,1,,,0,
,Hotel,3429,4175,3519,4221,3429,4175,3519,4221,r3c3,216,,,,0,
2234,Crown,4036,4175,4125,4247,4036,4175,4125,4247,r4c3@30,87,,,,30,1
118,WARD,3299,4178,3352,4291,3299,4178,3352,4291,r3c2,858,1,,,0,
,12,2741,4181,2779,4220,2741,4181,2779,4220,r4c2@30,77,,,,30,
,WARD,3289,4181,3434,4325,3289,4181,3434,4325,r4c2@60,118,,,,60,
,12,2741,4182,2778,4220,2741,4182,2778,4220,r3c2@30,77,,,,30,
,WARD,3302,4183,3345,4300,3302,4183,3345,4300,r4c2,118,,,,0,
492,WAR,3341,4183,3390,4300,3341,4183,3390,4300,r4c3,858,1,,,0,
,WARD,3346,4183,3389,4303,3346,4183,3389,4303,r4c2,133,,,,0,
,Hotel.,3432,4183,3521,4224,3432,4183,3521,4224,r4c3,491,,,,0,
,6,3700,4183,3728,4203,3700,4183,3728,4203,r4c3,127,,,,0,
,6,3704,4183,3723,4197,3704,4183,3723,4197,r4c2,127,,,,0,
493,1200,3793,4183,3839,4246,3793,4183,3839,4246,r4c3,92,,,,0,1
,12,2744,4185,2772,4217,2744,4185,2772,4217,r4c2,77,,,,0,
416,Crenn,4035,4189,4123,4235,4035,4189,4123,4235,r4c3,87,1,,,0,
2189,Hobel,4026,4194,4119,4271,4026,4194,4119,4271,r4c3@30,98,,,,30,1
133,WARD,3317,4200,3391,4315,3317,4200,3391,4315,r3c2,858,1,,,0,
,13,2848,4209,2890,4253,2848,4209,2890,4253,r4c2@30,95,,,,30,
2147,15,2848,4209,2894,4253,2848,4209,2894,4253,r4c2@60,95,,,,60,1
,13,2849,4209,2891,4252,2849,4209,2891,4252,r3c2@30,95,,,,30,
,Hotel,4026,4209,4115,4257,4026,4209,4115,4257,r4c3,98,,,,0,
2142,72,4280,4211,4303,4231,4280,4211,4303,4231,r4c3@30,396,,,,30,1
,13,2855,4215,2884,4249,2855,4215,2884,4249,r4c2,95,,,,0,
,Departmental,3124,4221,3338,4435,3124,4221,3338,4435,r4c2@60,1129,,,,60,
,Department,3154,4228,3310,4429,3154,4228,3310,4429,r4c2@30,218,,,,30,
1248,183,2413,4229,2440,4254,2413,4229,2440,4254,r3c1@30,371,,,,30,1
218,Department,3193,4231,3271,4429,3193,4231,3271,4429,r3c2,1129,1,,,0,
,4,3936,4232,3971,4270,3936,4232,3971,4270,r4c3@30,368,,,,30,
1372,139,2439,4240,2465,4264,2439,4240,2465,4264,r3c1@30,365,,,,30,1
,14,2957,4240,3007,4288,2957,4240,3007,4288,r3c2@60,110,,,,60,
,14,2963,4240,3006,4283,2963,4240,3006,4283,r4c2@30,110,,,,30,
,14,2961,4241,3006,4284,2961,4241,3006,4284,r4c2@60,110,,,,60,
,14,2965,4243,3003,4282,2965,4243,3003,4282,r3c2@30,110,,,,30,
,14,2968,4244,2998,4275,2968,4244,2998,4275,r4c2,110,,,,0,
,WARD,3367,4244,3417,4289,3367,4244,3417,4289,r3c2@60,133,,,,60,
1993,Store.,3130,4245,3228,4342,3130,4245,3228,4342,r4c2@60,868,,,,60,1
1964,Store,3147,4250,3215,4333,3147,4250,3215,4333,r4c2@30,1993,1,,,30,
1952,Ruinier,4310,4253,4440,4393,4310,4253,4440,4393,r4c3@60,1912,,,,60,1
136,STOR,3162,4254,3205,4318,3162,4254,3205,4318,r3c2,1964,1,,,0,
,3,4040,4260,4080,4296,4040,4260,4080,4296,r4c3@60,121,,,,60,
,3,4042,4261,4077,4299,4042,4261,4077,4299,r4c3@30,121,,,,30,
,WARD,3316,4262,3387,4325,3316,4262,3387,4325,r3c2@60,133,,,,60,
,3,4043,4266,4072,4298,4043,4266,4072,4298,r4c3,121,,,,0,
,15,3073,4268,3115,4312,3073,4268,3115,4312,r4c2@30,789,,,,30,
1859,5,3076,4271,3119,4310,3076,4271,3119,4310,r4c2@60,789,1,,,60,
1761,BLK,2513,4281,2542,4307,2513,4281,2542,4307,r3c1@30,327,,,,30,1
,2,4153,4291,4194,4329,4153,4291,4194,4329,r4c3@60,142,,,,60,
,2,4158,4294,4185,4323,4158,4294,4185,4323,r4c3@30,142,,,,30,
,2,4158,4295,4187,4329,4158,4295,4187,4329,r4c3,142,,,,0,
,16,3172,4300,3212,4341,3172,4300,3212,4341,r4c2@30,853,,,,30,
,3,3842,4327,3915,4398,3842,4327,3915,4398,r3c3@60,184,,,,60,
,3,3853,4328,3918,4391,3853,4328,3918,4391,r4c3@60,184,,,,60,
,3,3848,4330,3911,4393,3848,4330,3911,4393,r4c3@30,184,,,,30,
,HASTINGS ST. WEST,3090,4334,3697,4797,3090,4334,3697,4797,r4c2@30,355,,,,30,
,3,3857,4335,3900,4386,3857,4335,3900,4386,r4c3,184,,,,0,
1501,Striggiborad,3555,4343,3725,4509,3555,4343,3725,4509,r4c3@60,1463,,,,60,1
1492,St. Vicinal,3574,4345,3701,4506,3574,4345,3701,4506,r4c3@30,1463,,,,30,1
,REF.,2817,4357,2891,4432,2817,4357,2891,4432,r3c2@60,204,,,,60,
,REF.,2816,4363,2883,4430,2816,4363,2883,4430,r4c2@60,204,,,,60,
,5,3409,4363,3448,4399,3409,4363,3448,4399,r4c2@60,987,,,,60,
,Hastings,3078,4365,3393,4678,3078,4365,3393,4678,r3c2@60,1384,,,,60,
1384,HASTINGS,3082,4365,3394,4681,3082,4365,3394,4681,r4c2@60,355,1,,,60,
,9,3412,4366,3442,4395,3412,4366,3442,4395,r4c3,189,,,,0,
,9,3415,4367,3444,4397,3415,4367,3444,4397,r3c3,189,,,,0,
,REF.,2819,4369,2881,4423,2819,4369,2881,4423,r4c2@30,204,,,,30,
,Hotel,3572,4377,3671,4475,3572,4377,3671,4475,r3c3@60,208,,,,60,
,Hotel,3604,4380,3647,4501,3604,4380,3647,4501,r3c2,242,,,,0,
2246,HASTINGS ST,3088,4381,3492,4693,3088,4381,3492,4693,r3c2@30,355,1,,,30,
,Hotel,4313,4382,4416,4489,4313,4382,4416,4489,r4c3@60,252,,,,60,
,Hotel,3586,4385,3657,4469,3586,4385,3657,4469,r4c3@30,242,,,,30,
,REF.,2814,4389,2875,4445,2814,4389,2875,4445,r3c2@60,204,,,,60,
1354,0,3529,4393,3566,4431,3529,4393,3566,4431,r4c3@30,256,1,,,30,
1240,112,2820,4395,2866,4440,2820,4395,2866,4440,r4c2@60,1237,,,,60,1
,A,3839,4434,3872,4467,3839,4434,3872,4467,r4c3@30,205,,,,30,
,A,3840,4443,3866,4464,3840,4443,3866,4464,r3c3,205,,,,0,
,ST. WEST,3386,4446,3702,4758,3386,4446,3702,4758,r4c3@60,406,,,,60,
,12,3746,4450,3786,4491,3746,4450,3786,4491,r4c3@30,194,,,,30,
,12,3743,4451,3790,4496,3743,4451,3790,4496,r4c3@60,194,,,,60,
,12,3745,4451,3790,4494,3745,4451,3790,4494,r3c3@60,194,,,,60,
,12,3747,4453,3780,4487,3747,4453,3780,4487,r3c3,194,,,,0,
,HASTINGS ST. WEST,3097,4461,3693,4658,3097,4461,3693,4658,r3c2,355,,,,0,
1383,0,3929,4461,3962,4491,3929,4461,3962,4491,r3c3@60,261,,,,60,1
,C,3937,4461,3967,4492,3937,4461,3967,4492,r4c3@30,261,,,,30,
,D,3997,4477,4028,4509,3997,4477,4028,4509,r4c3@30,177,,,,30,
,D,4001,4483,4023,4507,4001,4483,4023,4507,r3c3,177,,,,0,
,14,3961,4509,4007,4554,3961,4509,4007,4554,r3c3@60,155,,,,60,
,14,3965,4510,4009,4554,3965,4510,4009,4554,r4c3@60,155,,,,60,
,14,3966,4511,4004,4549,3966,4511,4004,4549,r4c3@30,155,,,,30,
1044,WEST,3385,4514,3506,4638,3385,4514,3506,4638,r4c2@60,355,1,,,60,
1992,WEST,3506,4514,3702,4713,3506,4514,3702,4713,r4c2@60,355,1,,,60,
,14,3969,4516,4000,4547,3969,4516,4000,4547,r3c3,155,,,,0,
843,A,4347,4516,4384,4552,4347,4516,4384,4552,r4c3@30,866,1,,,30,
,Hotel,4325,4526,4418,4621,4325,4526,4418,4621,r4c3@60,794,,,,60,
,15,4083,4540,4121,4580,4083,4540,4121,4580,r4c3@30,128,,,,30,
406,ST. WEST,3401,4542,3691,4656,3401,4542,3691,4656,r3c3,355,1,,,0,
488,S,3341,4544,3381,4582,3341,4544,3381,4582,r3c3,355,1,,,0,
792,5,4079,4544,4120,4583,4079,4544,4120,4583,r4c3@60,128,1,,,60,
,15,4084,4547,4115,4575,4084,4547,4115,4575,r3c3,128,,,,0,
,16,4184,4565,4230,4610,4184,4565,4230,4610,r4c3@30,116,,,,30,
,16,4192,4567,4226,4604,4192,4567,4226,4604,r3c3,116,,,,0,
,C,4327,4583,4358,4615,4327,4583,4358,4615,r4c3@30,105,,,,30,
,C,4329,4585,4353,4612,4329,4585,4353,4612,r3c3,105,,,,0,
,D,4319,4622,4348,4651,4319,4622,4348,4651,r4c3@30,401,,,,30,
,D,4310,4637,4339,4666,4310,4637,4339,4666,r4c3@30,401,,,,30,
