{
 "type": "FeatureCollection",
 "georeference": {
  "rms_m": 0.4897920555996554,
  "n_labels": 12,
  "from": "vancouver_1912_MAP342a_04_georef.json"
 },
 "source_blocks": "runs/hunyuan/2026-09-15_tiles_vancouver_1912_MAP342a_04/vancouver_1912_MAP342a_04_blocks_px.geojson",
 "lot_convention": "numbered",
 "note": "blocks: polygons with lots inside and streets around them; streets_1895 = OCR street labels around the block that matched the modern layer, streets_modern = modern centrelines within --block-street-reach-m of the polygon, nearby_text = other OCR text the tracer saw nearby",
 "features": [
  {
   "type": "Feature",
   "geometry": {
    "type": "Polygon",
    "coordinates": [
     [
      [
       -123.1128496,
       49.2858119
      ],
      [
       -123.1128871,
       49.2857944
      ],
      [
       -123.1132046,
       49.2855835
      ],
      [
       -123.113246,
       49.2855328
      ],
      [
       -123.1132699,
       49.2855359
      ],
      [
       -123.1133291,
       49.2855262
      ],
      [
       -123.1133384,
       49.2855183
      ],
      [
       -123.1133307,
       49.285501
      ],
      [
       -123.1133541,
       49.2854851
      ],
      [
       -123.1133874,
       49.2854866
      ],
      [
       -123.113399,
       49.2854771
      ],
      [
       -123.1133937,
       49.2854582
      ],
      [
       -123.1134171,
       49.2854423
      ],
      [
       -123.113467,
       49.2854405
      ],
      [
       -123.1134747,
       49.2854626
      ],
      [
       -123.1135159,
       49.2854877
      ],
      [
       -123.1135374,
       49.2854908
      ],
      [
       -123.1135679,
       49.285478
      ],
      [
       -123.1136132,
       49.285481
      ],
      [
       -123.1136146,
       49.2854463
      ],
      [
       -123.1136356,
       49.2854336
      ],
      [
       -123.1136789,
       49.2854492
      ],
      [
       -123.1137164,
       49.2854302
      ],
      [
       -123.1137301,
       49.2854096
      ],
      [
       -123.1137637,
       49.2854189
      ],
      [
       -123.113792,
       49.285411
      ],
      [
       -123.1138106,
       49.2853967
      ],
      [
       -123.1138123,
       49.285373
      ],
      [
       -123.1137952,
       49.2853589
      ],
      [
       -123.1137665,
       49.2853527
      ],
      [
       -123.1137591,
       49.2853417
      ],
      [
       -123.113848,
       49.2852909
      ],
      [
       -123.1138991,
       49.2852481
      ],
      [
       -123.1138916,
       49.2852355
      ],
      [
       -123.113825,
       49.2852342
      ],
      [
       -123.1137866,
       49.2852217
      ],
      [
       -123.1133168,
       49.2849252
      ],
      [
       -123.1132646,
       49.2849302
      ],
      [
       -123.113227,
       49.2849445
      ],
      [
       -123.1132063,
       49.2849698
      ],
      [
       -123.1132123,
       49.2850155
      ],
      [
       -123.1131887,
       49.2850188
      ],
      [
       -123.1130846,
       49.2849545
      ],
      [
       -123.1130912,
       49.2849371
      ],
      [
       -123.1130815,
       49.2849292
      ],
      [
       -123.1130458,
       49.2849278
      ],
      [
       -123.1130264,
       49.2849152
      ],
      [
       -123.1130234,
       49.2848932
      ],
      [
       -123.1129707,
       49.2848807
      ],
      [
       -123.112961,
       49.2848729
      ],
      [
       -123.1129628,
       49.284854
      ],
      [
       -123.1129191,
       49.2848226
      ],
      [
       -123.1128667,
       49.284818
      ],
      [
       -123.1126143,
       49.2849783
      ],
      [
       -123.112581,
       49.2849768
      ],
      [
       -123.1125717,
       49.2849847
      ],
      [
       -123.112577,
       49.2850021
      ],
      [
       -123.1125652,
       49.2850084
      ],
      [
       -123.112539,
       49.2850054
      ],
      [
       -123.112525,
       49.2850149
      ],
      [
       -123.1125142,
       49.2850528
      ],
      [
       -123.1128897,
       49.2852975
      ],
      [
       -123.1128829,
       49.2853086
      ],
      [
       -123.1128455,
       49.2853324
      ],
      [
       -123.1128241,
       49.2853309
      ],
      [
       -123.1124487,
       49.2850924
      ],
      [
       -123.1121008,
       49.2853209
      ],
      [
       -123.1121065,
       49.285354
      ],
      [
       -123.1121592,
       49.285368
      ],
      [
       -123.1123554,
       49.285495
      ],
      [
       -123.112368,
       49.2855202
      ],
      [
       -123.1124064,
       49.2855296
      ],
      [
       -123.1124887,
       49.2855813
      ],
      [
       -123.1124894,
       49.285605
      ],
      [
       -123.1125038,
       49.2856128
      ],
      [
       -123.1125371,
       49.2856127
      ],
      [
       -123.1128496,
       49.2858119
      ]
     ]
    ]
   },
   "properties": {
    "sheet": "vancouver_1912_MAP342a_04",
    "block_id": "vancouver_1912_MAP342a_04:block:14",
    "block_number": "14",
    "block_number_inferred": false,
    "lot_numbers": [
     "2",
     "3",
     "4",
     "6",
     "16",
     "17",
     "18",
     "19",
     "100"
    ],
    "street_names": [
     "CORDOVA ST. WEST",
     "GRANVILLE ST.",
     "SEYMOUR ST."
    ],
    "area_source_px2": 235364,
    "centroid_source_px": [
     876,
     2414
    ],
    "n_outlines": 19,
    "compactness": 0.397,
    "streets_through": [],
    "merged_across": null,
    "streets_1895": [
     {
      "label_1895": "SEYMOUR ST.",
      "modern": [
       "SEYMOUR ST"
      ],
      "side": "SE",
      "distance_px": 51,
      "residual_m": 0.88
     },
     {
      "label_1895": "GRANVILLE ST.",
      "modern": [
       "GRANVILLE ST"
      ],
      "side": "NW",
      "distance_px": 59,
      "residual_m": 0.36
     },
     {
      "label_1895": "CORDOVA ST. WEST",
      "modern": [
       "WEST CORDOVA ST"
      ],
      "side": "E",
      "distance_px": 92,
      "residual_m": 0.08
     }
    ],
    "streets_modern": [
     {
      "name": "GRANVILLE ST",
      "distance_m": 0.1,
      "bearing_deg": 293,
      "side": "NW",
      "ring_share": 0.48
     },
     {
      "name": "WEST HASTINGS ST",
      "distance_m": 0.4,
      "bearing_deg": 269,
      "side": "W",
      "ring_share": 0.39
     },
     {
      "name": "SEYMOUR ST",
      "distance_m": 7.4,
      "bearing_deg": 141,
      "side": "SE",
      "ring_share": 0.18
     },
     {
      "name": "WEST CORDOVA ST",
      "distance_m": 10.1,
      "bearing_deg": 46,
      "side": "NE",
      "ring_share": 0.17
     }
    ],
    "nearby_text": [
     "Clarke & Stewart",
     "Molsons"
    ],
    "centroid_map": [
     491783.992,
     5459178.194
    ],
    "is_block": true
   }
  },
  {
   "type": "Feature",
   "geometry": {
    "type": "Polygon",
    "coordinates": [
     [
      [
       -123.1118975,
       49.285197
      ],
      [
       -123.1121661,
       49.2850225
      ],
      [
       -123.1122041,
       49.2850208
      ],
      [
       -123.112218,
       49.2850081
      ],
      [
       -123.1122151,
       49.2849908
      ],
      [
       -123.1122454,
       49.284967
      ],
      [
       -123.1122427,
       49.284956
      ],
      [
       -123.1120125,
       49.2848053
      ],
      [
       -123.1120147,
       49.284799
      ],
      [
       -123.1120732,
       49.2847673
      ],
      [
       -123.1123034,
       49.2849163
      ],
      [
       -123.1123224,
       49.2849162
      ],
      [
       -123.1123458,
       49.2849035
      ],
      [
       -123.1123721,
       49.2849066
      ],
      [
       -123.1123884,
       49.2848955
      ],
      [
       -123.1123901,
       49.2848718
      ],
      [
       -123.1124276,
       49.2848496
      ],
      [
       -123.1124561,
       49.2848511
      ],
      [
       -123.1124701,
       49.2848384
      ],
      [
       -123.1124719,
       49.2848179
      ],
      [
       -123.1126586,
       49.2846942
      ],
      [
       -123.1126627,
       49.2846705
      ],
      [
       -123.1126479,
       49.2846516
      ],
      [
       -123.1126098,
       49.2846502
      ],
      [
       -123.1124959,
       49.2845764
      ],
      [
       -123.1125002,
       49.2845575
      ],
      [
       -123.1124904,
       49.2845496
      ],
      [
       -123.1124499,
       49.2845466
      ],
      [
       -123.1122586,
       49.2844243
      ],
      [
       -123.112253,
       49.2843975
      ],
      [
       -123.112215,
       49.284396
      ],
      [
       -123.1121883,
       49.2843772
      ],
      [
       -123.1121879,
       49.284363
      ],
      [
       -123.1121592,
       49.2843584
      ],
      [
       -123.1121035,
       49.2843223
      ],
      [
       -123.1121102,
       49.2843065
      ],
      [
       -123.1121004,
       49.2842987
      ],
      [
       -123.1120719,
       49.2843003
      ],
      [
       -123.1120381,
       49.2842815
      ],
      [
       -123.1120399,
       49.284261
      ],
      [
       -123.1120253,
       49.28425
      ],
      [
       -123.1119968,
       49.2842501
      ],
      [
       -123.1119606,
       49.2842313
      ],
      [
       -123.11196,
       49.2842092
      ],
      [
       -123.1119478,
       49.2841998
      ],
      [
       -123.1119217,
       49.2842031
      ],
      [
       -123.1118953,
       49.2841921
      ],
      [
       -123.1118787,
       49.2841953
      ],
      [
       -123.1115449,
       49.2844174
      ],
      [
       -123.1115669,
       49.284441
      ],
      [
       -123.1117971,
       49.28459
      ],
      [
       -123.1117737,
       49.2846027
      ],
      [
       -123.111767,
       49.2846185
      ],
      [
       -123.1117291,
       49.2846234
      ],
      [
       -123.1114772,
       49.284465
      ],
      [
       -123.1112646,
       49.2845998
      ],
      [
       -123.111236,
       49.2845968
      ],
      [
       -123.1112221,
       49.2846079
      ],
      [
       -123.1112274,
       49.2846284
      ],
      [
       -123.1111317,
       49.2846934
      ],
      [
       -123.111161,
       49.2847201
      ],
      [
       -123.1111521,
       49.2847422
      ],
      [
       -123.1111689,
       49.2847485
      ],
      [
       -123.1111926,
       49.2847436
      ],
      [
       -123.1116359,
       49.2850291
      ],
      [
       -123.1116481,
       49.2850386
      ],
      [
       -123.1116462,
       49.2850575
      ],
      [
       -123.1116822,
       49.2850684
      ],
      [
       -123.1116826,
       49.2850826
      ],
      [
       -123.1116995,
       49.285092
      ],
      [
       -123.1117376,
       49.285095
      ],
      [
       -123.1118975,
       49.285197
      ]
     ]
    ]
   },
   "properties": {
    "sheet": "vancouver_1912_MAP342a_04",
    "block_id": "vancouver_1912_MAP342a_04:block:fid6",
    "block_number": null,
    "block_number_inferred": false,
    "lot_numbers": [
     "3",
     "6",
     "7",
     "8",
     "9"
    ],
    "street_names": [
     "CORDOVA ST. WEST",
     "HASTINGS ST. WEST",
     "RICHARDS ST.",
     "SEYMOUR ST."
    ],
    "area_source_px2": 200045,
    "centroid_source_px": [
     1322,
     2802
    ],
    "n_outlines": 15,
    "compactness": 0.403,
    "streets_through": [],
    "merged_across": null,
    "streets_1895": [
     {
      "label_1895": "RICHARDS ST.",
      "modern": [
       "RICHARDS ST"
      ],
      "side": "SE",
      "distance_px": 51,
      "residual_m": 0.81
     },
     {
      "label_1895": "SEYMOUR ST.",
      "modern": [
       "SEYMOUR ST"
      ],
      "side": "NW",
      "distance_px": 69,
      "residual_m": 0.88
     },
     {
      "label_1895": "CORDOVA ST. WEST",
      "modern": [
       "WEST CORDOVA ST"
      ],
      "side": "N",
      "distance_px": 91,
      "residual_m": 0.08
     },
     {
      "label_1895": "HASTINGS ST. WEST",
      "modern": [
       "WEST HASTINGS ST"
      ],
      "side": "S",
      "distance_px": 118,
      "residual_m": 0.19
     }
    ],
    "streets_modern": [
     {
      "name": "RICHARDS ST",
      "distance_m": 5.8,
      "bearing_deg": 106,
      "side": "E",
      "ring_share": 0.25
     },
     {
      "name": "WEST CORDOVA ST",
      "distance_m": 6.5,
      "bearing_deg": 81,
      "side": "E",
      "ring_share": 0.19
     },
     {
      "name": "SEYMOUR ST",
      "distance_m": 8.8,
      "bearing_deg": 326,
      "side": "NW",
      "ring_share": 0.29
     },
     {
      "name": "WEST HASTINGS ST",
      "distance_m": 11.0,
      "bearing_deg": 245,
      "side": "SW",
      "ring_share": 0.39
     }
    ],
    "nearby_text": [
     "Hotel",
     "REF",
     "ST.WEST",
     "St.Pancis"
    ],
    "centroid_map": [
     491862.284,
     5459110.468
    ],
    "is_block": true
   }
  },
  {
   "type": "Feature",
   "geometry": {
    "type": "Polygon",
    "coordinates": [
     [
      [
       -123.1109119,
       49.2845743
      ],
      [
       -123.1109659,
       49.2845504
      ],
      [
       -123.1109946,
       49.284555
      ],
      [
       -123.1110109,
       49.2845424
      ],
      [
       -123.1110009,
       49.2845251
      ],
      [
       -123.1110313,
       49.284506
      ],
      [
       -123.1110599,
       49.2845091
      ],
      [
       -123.1110762,
       49.2844964
      ],
      [
       -123.1110756,
       49.2844743
      ],
      [
       -123.1110967,
       49.2844632
      ],
      [
       -123.1111277,
       49.2844662
      ],
      [
       -123.1111366,
       49.2844457
      ],
      [
       -123.1111651,
       49.2844424
      ],
      [
       -123.1112514,
       49.2843838
      ],
      [
       -123.1112534,
       49.2843711
      ],
      [
       -123.1112818,
       49.2843647
      ],
      [
       -123.1112981,
       49.284352
      ],
      [
       -123.1112881,
       49.2843347
      ],
      [
       -123.110961,
       49.2841214
      ],
      [
       -123.1109509,
       49.2841009
      ],
      [
       -123.1109694,
       49.2840819
      ],
      [
       -123.1110023,
       49.2840707
      ],
      [
       -123.1113223,
       49.2842825
      ],
      [
       -123.1113463,
       49.2842903
      ],
      [
       -123.1113744,
       49.2842776
      ],
      [
       -123.1114055,
       49.2842822
      ],
      [
       -123.1114148,
       49.2842743
      ],
      [
       -123.1114094,
       49.2842538
      ],
      [
       -123.1116919,
       49.2840667
      ],
      [
       -123.1116788,
       49.2840241
      ],
      [
       -123.1116619,
       49.2840131
      ],
      [
       -123.1116262,
       49.2840133
      ],
      [
       -123.1115777,
       49.2839803
      ],
      [
       -123.1115819,
       49.2839614
      ],
      [
       -123.1115389,
       49.2839552
      ],
      [
       -123.1115268,
       49.2839474
      ],
      [
       -123.1115238,
       49.2839237
      ],
      [
       -123.1114711,
       49.2839113
      ],
      [
       -123.1114493,
       49.2838972
      ],
      [
       -123.1114511,
       49.2838767
      ],
      [
       -123.1114105,
       49.2838705
      ],
      [
       -123.1113839,
       49.2838548
      ],
      [
       -123.1113808,
       49.2838296
      ],
      [
       -123.1113687,
       49.2838217
      ],
      [
       -123.1113426,
       49.283825
      ],
      [
       -123.1112967,
       49.2837983
      ],
      [
       -123.1112962,
       49.283781
      ],
      [
       -123.111241,
       49.2837623
      ],
      [
       -123.1112451,
       49.2837417
      ],
      [
       -123.1111967,
       49.2837119
      ],
      [
       -123.1111706,
       49.2837136
      ],
      [
       -123.1111489,
       49.2837026
      ],
      [
       -123.1111531,
       49.2836837
      ],
      [
       -123.1111361,
       49.2836696
      ],
      [
       -123.1111076,
       49.2836728
      ],
      [
       -123.1110859,
       49.2836619
      ],
      [
       -123.1110901,
       49.2836413
      ],
      [
       -123.1110344,
       49.2836053
      ],
      [
       -123.1109963,
       49.2836038
      ],
      [
       -123.1109333,
       49.2835646
      ],
      [
       -123.1108235,
       49.2836328
      ],
      [
       -123.1107904,
       49.2836393
      ],
      [
       -123.1107767,
       49.2836598
      ],
      [
       -123.110753,
       49.2836615
      ],
      [
       -123.1107273,
       49.2836789
      ],
      [
       -123.1107277,
       49.2836947
      ],
      [
       -123.1107114,
       49.2837058
      ],
      [
       -123.1106759,
       49.2837122
      ],
      [
       -123.1106647,
       49.2837359
      ],
      [
       -123.1106413,
       49.2837518
      ],
      [
       -123.1106081,
       49.2837551
      ],
      [
       -123.110583,
       49.2837915
      ],
      [
       -123.1106002,
       49.2838119
      ],
      [
       -123.1108934,
       49.2840017
      ],
      [
       -123.1108726,
       49.2840255
      ],
      [
       -123.1108349,
       49.2840382
      ],
      [
       -123.1105032,
       49.2838296
      ],
      [
       -123.1104754,
       49.2838549
      ],
      [
       -123.1104377,
       49.2838677
      ],
      [
       -123.1104149,
       49.2839009
      ],
      [
       -123.1103911,
       49.2839026
      ],
      [
       -123.1103701,
       49.2839153
      ],
      [
       -123.1103635,
       49.2839358
      ],
      [
       -123.1103233,
       49.2839438
      ],
      [
       -123.1102935,
       49.2839818
      ],
      [
       -123.1102673,
       49.2839819
      ],
      [
       -123.1102533,
       49.2839898
      ],
      [
       -123.1102515,
       49.2840103
      ],
      [
       -123.1101745,
       49.2840627
      ],
      [
       -123.1101772,
       49.2840753
      ],
      [
       -123.1103298,
       49.2841741
      ],
      [
       -123.110328,
       49.2841931
      ],
      [
       -123.1103401,
       49.2842009
      ],
      [
       -123.1103711,
       49.2842024
      ],
      [
       -123.1103808,
       49.2842102
      ],
      [
       -123.1103789,
       49.2842276
      ],
      [
       -123.1104102,
       49.2842401
      ],
      [
       -123.1104322,
       49.2842605
      ],
      [
       -123.1104583,
       49.2842604
      ],
      [
       -123.1104995,
       49.2842855
      ],
      [
       -123.1104976,
       49.2843029
      ],
      [
       -123.1105358,
       49.284309
      ],
      [
       -123.1105649,
       49.2843279
      ],
      [
       -123.1105655,
       49.2843515
      ],
      [
       -123.1106037,
       49.2843561
      ],
      [
       -123.11064,
       49.2843781
      ],
      [
       -123.1106358,
       49.2843986
      ],
      [
       -123.1106527,
       49.2844064
      ],
      [
       -123.1106836,
       49.2844063
      ],
      [
       -123.1107175,
       49.2844283
      ],
      [
       -123.1107157,
       49.2844488
      ],
      [
       -123.110747,
       49.2844597
      ],
      [
       -123.1107545,
       49.2844755
      ],
      [
       -123.110803,
       49.2845068
      ],
      [
       -123.1108294,
       49.2845146
      ],
      [
       -123.1108418,
       49.2845319
      ],
      [
       -123.1108778,
       49.284546
      ],
      [
       -123.1108878,
       49.2845633
      ],
      [
       -123.1109119,
       49.2845743
      ]
     ]
    ]
   },
   "properties": {
    "sheet": "vancouver_1912_MAP342a_04",
    "block_id": "vancouver_1912_MAP342a_04:block:12",
    "block_number": "12",
    "block_number_inferred": false,
    "lot_numbers": [
     "8",
     "10",
     "16",
     "17",
     "18",
     "20"
    ],
    "street_names": [
     "HASTINGS ST. WEST",
     "HOMER ST.",
     "RICHARDS ST."
    ],
    "area_source_px2": 199362,
    "centroid_source_px": [
     1720,
     3201
    ],
    "n_outlines": 15,
    "compactness": 0.323,
    "streets_through": [],
    "merged_across": null,
    "streets_1895": [
     {
      "label_1895": "HOMER ST.",
      "modern": [
       "HOMER ST"
      ],
      "side": "SE",
      "distance_px": 52,
      "residual_m": 0.01
     },
     {
      "label_1895": "RICHARDS ST.",
      "modern": [
       "RICHARDS ST"
      ],
      "side": "NW",
      "distance_px": 53,
      "residual_m": 0.81
     },
     {
      "label_1895": "HASTINGS ST. WEST",
      "modern": [
       "WEST HASTINGS ST"
      ],
      "side": "W",
      "distance_px": 79,
      "residual_m": 0.19
     }
    ],
    "streets_modern": [
     {
      "name": "WEST CORDOVA ST",
      "distance_m": 6.1,
      "bearing_deg": 7,
      "side": "N",
      "ring_share": 0.3
     },
     {
      "name": "HOMER ST",
      "distance_m": 8.2,
      "bearing_deg": 144,
      "side": "SE",
      "ring_share": 0.24
     },
     {
      "name": "RICHARDS ST",
      "distance_m": 9.9,
      "bearing_deg": 334,
      "side": "NW",
      "ring_share": 0.24
     },
     {
      "name": "WEST HASTINGS ST",
      "distance_m": 10.7,
      "bearing_deg": 203,
      "side": "SW",
      "ring_share": 0.27
     }
    ],
    "nearby_text": [
     "B.C. Electric Ry Co",
     "BANK",
     "Buildings",
     "Mercoritise"
    ],
    "centroid_map": [
     491932.307,
     5459040.779
    ],
    "is_block": true
   }
  },
  {
   "type": "Feature",
   "geometry": {
    "type": "Polygon",
    "coordinates": [
     [
      [
       -123.1104851,
       49.2845348
      ],
      [
       -123.1104892,
       49.2845127
      ],
      [
       -123.1104555,
       49.2844986
      ],
      [
       -123.1104214,
       49.2844704
      ],
      [
       -123.1103928,
       49.2844673
      ],
      [
       -123.1103875,
       49.2844468
      ],
      [
       -123.1103516,
       49.2844406
      ],
      [
       -123.1103343,
       49.2844155
      ],
      [
       -123.1102983,
       49.2844061
      ],
      [
       -123.1102979,
       49.2843903
      ],
      [
       -123.1101937,
       49.2843229
      ],
      [
       -123.1101625,
       49.284312
      ],
      [
       -123.1101356,
       49.2842868
      ],
      [
       -123.110107,
       49.2842838
      ],
      [
       -123.1100658,
       49.2842571
      ],
      [
       -123.1100655,
       49.2842461
      ],
      [
       -123.1100436,
       49.2842288
      ],
      [
       -123.110015,
       49.2842257
      ],
      [
       -123.1099786,
       49.2842006
      ],
      [
       -123.1099782,
       49.2841864
      ],
      [
       -123.1099612,
       49.2841739
      ],
      [
       -123.1099253,
       49.2841677
      ],
      [
       -123.1098721,
       49.2841348
      ],
      [
       -123.1091431,
       49.284008
      ],
      [
       -123.1091075,
       49.2840081
      ],
      [
       -123.1090895,
       49.2840445
      ],
      [
       -123.1090612,
       49.2840541
      ],
      [
       -123.1090592,
       49.2840667
      ],
      [
       -123.1090737,
       49.2840761
      ],
      [
       -123.1090673,
       49.2841029
      ],
      [
       -123.1090368,
       49.2841173
      ],
      [
       -123.1090473,
       49.2841503
      ],
      [
       -123.1090123,
       49.2841757
      ],
      [
       -123.1090204,
       49.2842104
      ],
      [
       -123.1090115,
       49.2842309
      ],
      [
       -123.108981,
       49.2842484
      ],
      [
       -123.1089984,
       49.2842751
      ],
      [
       -123.1090225,
       49.2842845
      ],
      [
       -123.10903,
       49.2842971
      ],
      [
       -123.1091085,
       49.2842968
      ],
      [
       -123.109128,
       49.2843157
      ],
      [
       -123.1091471,
       49.2843188
      ],
      [
       -123.109173,
       49.2843092
      ],
      [
       -123.1092136,
       49.2843154
      ],
      [
       -123.1092356,
       49.2843342
      ],
      [
       -123.1092854,
       49.2843293
      ],
      [
       -123.1098185,
       49.2844268
      ],
      [
       -123.1098309,
       49.2844441
      ],
      [
       -123.1098997,
       49.2844407
      ],
      [
       -123.1099213,
       49.2844453
      ],
      [
       -123.109936,
       49.2844626
      ],
      [
       -123.1100193,
       49.2844623
      ],
      [
       -123.1100412,
       49.2844812
      ],
      [
       -123.1101244,
       49.2844809
      ],
      [
       -123.1101464,
       49.2844997
      ],
      [
       -123.1101842,
       49.2844917
      ],
      [
       -123.1102512,
       49.2845057
      ],
      [
       -123.1102707,
       49.284523
      ],
      [
       -123.1103062,
       49.2845181
      ],
      [
       -123.1103399,
       49.2845322
      ],
      [
       -123.1103707,
       49.2845258
      ],
      [
       -123.1103877,
       49.2845383
      ],
      [
       -123.1104211,
       49.2845413
      ],
      [
       -123.1104451,
       49.2845523
      ],
      [
       -123.1104666,
       49.2845522
      ],
      [
       -123.1104851,
       49.2845348
      ]
     ]
    ]
   },
   "properties": {
    "sheet": "vancouver_1912_MAP342a_04",
    "block_id": "vancouver_1912_MAP342a_04:block:10",
    "block_number": "10",
    "block_number_inferred": false,
    "lot_numbers": [
     "7",
     "8",
     "9",
     "10",
     "11",
     "12",
     "13",
     "20"
    ],
    "street_names": [],
    "area_source_px2": 95256,
    "centroid_source_px": [
     2261,
     3078
    ],
    "n_outlines": 7,
    "compactness": 0.453,
    "streets_through": [],
    "merged_across": null,
    "streets_1895": [],
    "streets_modern": [
     {
      "name": "WATER ST",
      "distance_m": 6.8,
      "bearing_deg": 78,
      "side": "E",
      "ring_share": 0.55
     },
     {
      "name": "WEST CORDOVA ST",
      "distance_m": 8.3,
      "bearing_deg": 240,
      "side": "SW",
      "ring_share": 0.41
     },
     {
      "name": "CAMBIE ST",
      "distance_m": 9.2,
      "bearing_deg": 117,
      "side": "SE",
      "ring_share": 0.24
     }
    ],
    "nearby_text": [
     "B.C. Electric Ry Co",
     "BRISBERRY BLACK",
     "Building",
     "Burward",
     "Company",
     "DISTRICT LOT 541",
     "FRI",
     "Hotel",
     "Huckay Smi",
     "LOT SAL",
     "OLD GRANVILLE TOWN",
     "TOMINSITE",
     "TOMNSITE",
     "TOWNISITE"
    ],
    "centroid_map": [
     492025.504,
     5459062.727
    ],
    "is_block": true
   }
  },
  {
   "type": "Feature",
   "geometry": {
    "type": "Polygon",
    "coordinates": [
     [
      [
       -123.1067167,
       49.2828052
      ],
      [
       -123.1067366,
       49.2827531
      ],
      [
       -123.1067553,
       49.282742
      ],
      [
       -123.1067477,
       49.2827246
      ],
      [
       -123.1068034,
       49.2825919
      ],
      [
       -123.1068407,
       49.2825634
      ],
      [
       -123.1068258,
       49.2825414
      ],
      [
       -123.1068549,
       49.2824782
      ],
      [
       -123.1068474,
       49.282464
      ],
      [
       -123.1057863,
       49.2822816
      ],
      [
       -123.105762,
       49.2822628
      ],
      [
       -123.1057854,
       49.2822469
      ],
      [
       -123.1057873,
       49.2822327
      ],
      [
       -123.1058038,
       49.2822279
      ],
      [
       -123.1068388,
       49.282412
      ],
      [
       -123.1068912,
       49.2824149
      ],
      [
       -123.1069122,
       49.2824022
      ],
      [
       -123.1068951,
       49.2823834
      ],
      [
       -123.1069037,
       49.2823518
      ],
      [
       -123.1069367,
       49.2823406
      ],
      [
       -123.1069386,
       49.2823233
      ],
      [
       -123.1069239,
       49.2823091
      ],
      [
       -123.1069612,
       49.2822838
      ],
      [
       -123.1069529,
       49.2822412
      ],
      [
       -123.1070267,
       49.2820737
      ],
      [
       -123.1070046,
       49.2820517
      ],
      [
       -123.1069666,
       49.2820534
      ],
      [
       -123.1068352,
       49.2820318
      ],
      [
       -123.1068183,
       49.2820208
      ],
      [
       -123.1067826,
       49.2820225
      ],
      [
       -123.1067587,
       49.2820163
      ],
      [
       -123.1067368,
       49.281999
      ],
      [
       -123.1067061,
       49.2820086
      ],
      [
       -123.1066749,
       49.2819961
      ],
      [
       -123.10662,
       49.2819916
      ],
      [
       -123.1066077,
       49.2819758
      ],
      [
       -123.1065675,
       49.2819823
      ],
      [
       -123.1065459,
       49.2819776
      ],
      [
       -123.1065337,
       49.2819651
      ],
      [
       -123.106491,
       49.2819699
      ],
      [
       -123.1063428,
       49.2819421
      ],
      [
       -123.1063305,
       49.2819279
      ],
      [
       -123.1062924,
       49.2819265
      ],
      [
       -123.106273,
       49.2819139
      ],
      [
       -123.1062516,
       49.281914
      ],
      [
       -123.1062329,
       49.2819251
      ],
      [
       -123.106209,
       49.2819205
      ],
      [
       -123.1061942,
       49.2819016
      ],
      [
       -123.1061445,
       49.2819097
      ],
      [
       -123.1060943,
       49.2819019
      ],
      [
       -123.1060677,
       49.2818847
      ],
      [
       -123.1060345,
       49.2818895
      ],
      [
       -123.1059366,
       49.2818741
      ],
      [
       -123.105917,
       49.2818537
      ],
      [
       -123.1058744,
       49.2818617
      ],
      [
       -123.1057954,
       49.2818446
      ],
      [
       -123.1057997,
       49.2818289
      ],
      [
       -123.1058626,
       49.2817813
      ],
      [
       -123.1058638,
       49.2817387
      ],
      [
       -123.1058179,
       49.2817136
      ],
      [
       -123.1057773,
       49.2817059
      ],
      [
       -123.1057227,
       49.2817108
      ],
      [
       -123.1050033,
       49.2815856
      ],
      [
       -123.1049754,
       49.2816078
      ],
      [
       -123.1049881,
       49.2816346
      ],
      [
       -123.1054396,
       49.2817087
      ],
      [
       -123.1054494,
       49.2817165
      ],
      [
       -123.1054283,
       49.2817276
      ],
      [
       -123.1054291,
       49.2817576
      ],
      [
       -123.1053677,
       49.2817736
      ],
      [
       -123.1052196,
       49.2817473
      ],
      [
       -123.1052025,
       49.2817332
      ],
      [
       -123.1051622,
       49.2817381
      ],
      [
       -123.1051261,
       49.2817208
      ],
      [
       -123.1050929,
       49.2817257
      ],
      [
       -123.1050499,
       49.281718
      ],
      [
       -123.1050329,
       49.281707
      ],
      [
       -123.1049925,
       49.2817087
      ],
      [
       -123.1049565,
       49.2816962
      ],
      [
       -123.1049328,
       49.2816994
      ],
      [
       -123.1049111,
       49.2816885
      ],
      [
       -123.1048802,
       49.2816902
      ],
      [
       -123.1047608,
       49.2816701
      ],
      [
       -123.1047372,
       49.281678
      ],
      [
       -123.1047282,
       49.2816954
      ],
      [
       -123.1047048,
       49.2817081
      ],
      [
       -123.1047055,
       49.281735
      ],
      [
       -123.1046356,
       49.2817857
      ],
      [
       -123.1045999,
       49.2817842
      ],
      [
       -123.1045813,
       49.2817985
      ],
      [
       -123.1045727,
       49.2818317
      ],
      [
       -123.104561,
       49.281838
      ],
      [
       -123.1045253,
       49.2818366
      ],
      [
       -123.1045066,
       49.2818492
      ],
      [
       -123.1045121,
       49.281876
      ],
      [
       -123.1044887,
       49.2818887
      ],
      [
       -123.1044695,
       49.2818841
      ],
      [
       -123.104446,
       49.2818952
      ],
      [
       -123.1044542,
       49.2819299
      ],
      [
       -123.1044332,
       49.2819473
      ],
      [
       -123.1044292,
       49.281971
      ],
      [
       -123.104468,
       49.2820008
      ],
      [
       -123.1056963,
       49.2822094
      ],
      [
       -123.1057348,
       49.2822235
      ],
      [
       -123.105716,
       49.282233
      ],
      [
       -123.1057213,
       49.2822535
      ],
      [
       -123.1057003,
       49.2822662
      ],
      [
       -123.1056071,
       49.2822507
      ],
      [
       -123.1055852,
       49.2822319
      ],
      [
       -123.1055163,
       49.2822353
      ],
      [
       -123.105251,
       49.2821889
      ],
      [
       -123.1052243,
       49.2821685
      ],
      [
       -123.1051817,
       49.2821765
      ],
      [
       -123.104871,
       49.282124
      ],
      [
       -123.1048419,
       49.2821036
      ],
      [
       -123.1048229,
       49.2821037
      ],
      [
       -123.1048089,
       49.2821132
      ],
      [
       -123.1044528,
       49.2820513
      ],
      [
       -123.1044269,
       49.2820609
      ],
      [
       -123.1044493,
       49.282094
      ],
      [
       -123.1044259,
       49.2821098
      ],
      [
       -123.1044479,
       49.2821318
      ],
      [
       -123.1044483,
       49.2821444
      ],
      [
       -123.1044248,
       49.2821556
      ],
      [
       -123.1044473,
       49.2821933
      ],
      [
       -123.1044262,
       49.2822045
      ],
      [
       -123.1044293,
       49.2822281
      ],
      [
       -123.1044463,
       49.2822422
      ],
      [
       -123.1044456,
       49.2823006
      ],
      [
       -123.1044227,
       49.2823338
      ],
      [
       -123.1044423,
       49.2823527
      ],
      [
       -123.1044414,
       49.2824063
      ],
      [
       -123.1044511,
       49.2824142
      ],
      [
       -123.1045276,
       49.2824265
      ],
      [
       -123.1045445,
       49.2824375
      ],
      [
       -123.104573,
       49.2824343
      ],
      [
       -123.1046903,
       49.2824607
      ],
      [
       -123.1047475,
       49.2824652
      ],
      [
       -123.1047646,
       49.2824809
      ],
      [
       -123.1048048,
       49.2824744
      ],
      [
       -123.1048242,
       49.282487
      ],
      [
       -123.1048574,
       49.2824837
      ],
      [
       -123.1049102,
       49.2825009
      ],
      [
       -123.104953,
       49.2825007
      ],
      [
       -123.1049723,
       49.2825117
      ],
      [
       -123.1050127,
       49.28251
      ],
      [
       -123.1050704,
       49.2825303
      ],
      [
       -123.1051107,
       49.2825286
      ],
      [
       -123.1051444,
       49.2825426
      ],
      [
       -123.1051776,
       49.2825394
      ],
      [
       -123.1051926,
       49.282563
      ],
      [
       -123.1052116,
       49.2825629
      ],
      [
       -123.1052326,
       49.2825502
      ],
      [
       -123.1052546,
       49.2825706
      ],
      [
       -123.1052996,
       49.2825642
      ],
      [
       -123.105312,
       49.2825815
      ],
      [
       -123.1053545,
       49.2825719
      ],
      [
       -123.1053856,
       49.2825765
      ],
      [
       -123.1054002,
       49.2825891
      ],
      [
       -123.1054477,
       49.2825873
      ],
      [
       -123.105465,
       49.2826093
      ],
      [
       -123.105484,
       49.2826093
      ],
      [
       -123.1055003,
       49.2825982
      ],
      [
       -123.1055218,
       49.2826012
      ],
      [
       -123.1055367,
       49.2826233
      ],
      [
       -123.1055887,
       49.282612
      ],
      [
       -123.1056059,
       49.2826325
      ],
      [
       -123.1056485,
       49.2826229
      ],
      [
       -123.1059377,
       49.2826755
      ],
      [
       -123.1059598,
       49.2826975
      ],
      [
       -123.1059788,
       49.2826974
      ],
      [
       -123.1059975,
       49.2826863
      ],
      [
       -123.1060191,
       49.2826925
      ],
      [
       -123.1060266,
       49.2827083
      ],
      [
       -123.1060481,
       49.2827082
      ],
      [
       -123.1060644,
       49.2826971
      ],
      [
       -123.1060812,
       49.2827034
      ],
      [
       -123.1060887,
       49.2827175
      ],
      [
       -123.1061241,
       49.2827079
      ],
      [
       -123.1061508,
       49.2827268
      ],
      [
       -123.1061935,
       49.2827203
      ],
      [
       -123.1062155,
       49.2827423
      ],
      [
       -123.1062369,
       49.2827422
      ],
      [
       -123.1062556,
       49.2827311
      ],
      [
       -123.1062871,
       49.2827515
      ],
      [
       -123.1063062,
       49.2827546
      ],
      [
       -123.1063344,
       49.2827435
      ],
      [
       -123.1063775,
       49.2827512
      ],
      [
       -123.1063944,
       49.2827622
      ],
      [
       -123.1064229,
       49.2827589
      ],
      [
       -123.1064635,
       49.2827667
      ],
      [
       -123.1064805,
       49.2827777
      ],
      [
       -123.1065591,
       49.2827837
      ],
      [
       -123.1065762,
       49.2827978
      ],
      [
       -123.1066189,
       49.2827945
      ],
      [
       -123.1066717,
       49.2828117
      ],
      [
       -123.1067167,
       49.2828052
      ]
     ]
    ]
   },
   "properties": {
    "sheet": "vancouver_1912_MAP342a_04",
    "block_id": "vancouver_1912_MAP342a_04:block:3",
    "block_number": "3",
    "block_number_inferred": false,
    "lot_numbers": [
     "2",
     "3",
     "4",
     "6",
     "7",
     "8",
     "9",
     "10",
     "12",
     "14",
     "15",
     "16",
     "1199"
    ],
    "street_names": [
     "CORDOVA ST. WEST",
     "CORDOVA ST.WEST",
     "HASTINGS ST. WEST"
    ],
    "area_source_px2": 496637,
    "centroid_source_px": [
     3905,
     4390
    ],
    "n_outlines": 31,
    "compactness": 0.18,
    "streets_through": [],
    "merged_across": null,
    "streets_1895": [
     {
      "label_1895": "CORDOVA ST.WEST",
      "modern": [
       "WEST CORDOVA ST"
      ],
      "side": "NW",
      "distance_px": 56,
      "residual_m": 0.81
     },
     {
      "label_1895": "HASTINGS ST. WEST",
      "modern": [
       "WEST HASTINGS ST"
      ],
      "side": "W",
      "distance_px": 60,
      "residual_m": 0.21
     },
     {
      "label_1895": "CORDOVA ST. WEST",
      "modern": [
       "WEST CORDOVA ST"
      ],
      "side": "NW",
      "distance_px": 64,
      "residual_m": 0.33
     }
    ],
    "streets_modern": [
     {
      "name": "WEST HASTINGS ST",
      "distance_m": 1.4,
      "bearing_deg": 144,
      "side": "SE",
      "ring_share": 0.31
     },
     {
      "name": "CARRALL ST",
      "distance_m": 7.6,
      "bearing_deg": 105,
      "side": "E",
      "ring_share": 0.13
     },
     {
      "name": "WEST CORDOVA ST",
      "distance_m": 8.4,
      "bearing_deg": 39,
      "side": "NE",
      "ring_share": 0.34
     },
     {
      "name": "ABBOTT ST",
      "distance_m": 8.7,
      "bearing_deg": 284,
      "side": "W",
      "ring_share": 0.13
     }
    ],
    "nearby_text": [
     "Departmental",
     "Hotel",
     "OFFICIAL",
     "Russ",
     "WALLER BLK",
     "WARDS"
    ],
    "centroid_map": [
     492313.743,
     5458833.81
    ],
    "is_block": true
   }
  },
  {
   "type": "Feature",
   "geometry": {
    "type": "Polygon",
    "coordinates": [
     [
      [
       -123.1068315,
       49.2829988
      ],
      [
       -123.1068461,
       49.2830082
      ],
      [
       -123.106858,
       49.2830082
      ],
      [
       -123.106887,
       49.2830254
      ],
      [
       -123.1068873,
       49.2830349
      ],
      [
       -123.1068994,
       49.2830443
      ],
      [
       -123.1069134,
       49.2830348
      ],
      [
       -123.1069277,
       49.2830348
      ],
      [
       -123.1069417,
       49.2830253
      ],
      [
       -123.106956,
       49.2830252
      ],
      [
       -123.1069972,
       49.2830534
      ],
      [
       -123.1070091,
       49.2830534
      ],
      [
       -123.1070231,
       49.2830439
      ],
      [
       -123.1070516,
       49.2830438
      ],
      [
       -123.1070783,
       49.283061
      ],
      [
       -123.1070925,
       49.283061
      ],
      [
       -123.1071071,
       49.2830704
      ],
      [
       -123.1071213,
       49.2830704
      ],
      [
       -123.1071329,
       49.2830608
      ],
      [
       -123.1071472,
       49.2830608
      ],
      [
       -123.1071617,
       49.2830702
      ],
      [
       -123.107176,
       49.2830702
      ],
      [
       -123.1072027,
       49.283089
      ],
      [
       -123.107217,
       49.2830889
      ],
      [
       -123.107231,
       49.2830794
      ],
      [
       -123.1072429,
       49.2830794
      ],
      [
       -123.1072719,
       49.2830966
      ],
      [
       -123.1072862,
       49.2830966
      ],
      [
       -123.1072983,
       49.283106
      ],
      [
       -123.1073411,
       49.2831059
      ],
      [
       -123.1073552,
       49.2830979
      ],
      [
       -123.1073671,
       49.2830979
      ],
      [
       -123.1073961,
       49.2831151
      ],
      [
       -123.1074101,
       49.2831056
      ],
      [
       -123.107422,
       49.2831056
      ],
      [
       -123.1074365,
       49.283115
      ],
      [
       -123.1074368,
       49.2831244
      ],
      [
       -123.1074513,
       49.2831339
      ],
      [
       -123.1074632,
       49.2831338
      ],
      [
       -123.1074777,
       49.2831416
      ],
      [
       -123.1075181,
       49.2831415
      ],
      [
       -123.1075326,
       49.2831509
      ],
      [
       -123.1075612,
       49.2831508
      ],
      [
       -123.1075733,
       49.2831602
      ],
      [
       -123.1075876,
       49.2831602
      ],
      [
       -123.1076021,
       49.2831696
      ],
      [
       -123.1076283,
       49.2831695
      ],
      [
       -123.1076423,
       49.28316
      ],
      [
       -123.1076708,
       49.2831599
      ],
      [
       -123.1076854,
       49.2831693
      ],
      [
       -123.1077258,
       49.2831692
      ],
      [
       -123.1077403,
       49.2831786
      ],
      [
       -123.1077665,
       49.2831785
      ],
      [
       -123.107781,
       49.2831863
      ],
      [
       -123.1078214,
       49.2831862
      ],
      [
       -123.1078359,
       49.2831956
      ],
      [
       -123.1078621,
       49.2831955
      ],
      [
       -123.1078766,
       49.2832049
      ],
      [
       -123.1079171,
       49.2832047
      ],
      [
       -123.1079316,
       49.2832142
      ],
      [
       -123.1079601,
       49.2832141
      ],
      [
       -123.1079741,
       49.2832045
      ],
      [
       -123.107986,
       49.2832045
      ],
      [
       -123.1080006,
       49.2832139
      ],
      [
       -123.1080008,
       49.2832234
      ],
      [
       -123.1080153,
       49.2832312
      ],
      [
       -123.1080272,
       49.2832312
      ],
      [
       -123.1080413,
       49.2832232
      ],
      [
       -123.1080555,
       49.2832232
      ],
      [
       -123.1080822,
       49.2832404
      ],
      [
       -123.1080962,
       49.2832309
      ],
      [
       -123.1081247,
       49.2832308
      ],
      [
       -123.1081514,
       49.2832497
      ],
      [
       -123.1081657,
       49.2832496
      ],
      [
       -123.1081802,
       49.283259
      ],
      [
       -123.1081942,
       49.2832495
      ],
      [
       -123.1082061,
       49.2832495
      ],
      [
       -123.1082351,
       49.2832667
      ],
      [
       -123.108247,
       49.2832667
      ],
      [
       -123.1082615,
       49.2832761
      ],
      [
       -123.1082901,
       49.283276
      ],
      [
       -123.1083022,
       49.2832854
      ],
      [
       -123.1083308,
       49.2832853
      ],
      [
       -123.1083453,
       49.2832947
      ],
      [
       -123.1083715,
       49.2832946
      ],
      [
       -123.1083855,
       49.2832851
      ],
      [
       -123.1083997,
       49.283285
      ],
      [
       -123.1084143,
       49.2832945
      ],
      [
       -123.1084262,
       49.2832944
      ],
      [
       -123.1084407,
       49.2833038
      ],
      [
       -123.1084692,
       49.2833037
      ],
      [
       -123.1084809,
       49.2832942
      ],
      [
       -123.1085094,
       49.2832941
      ],
      [
       -123.1085097,
       49.2833036
      ],
      [
       -123.1085363,
       49.2833208
      ],
      [
       -123.1085506,
       49.2833208
      ],
      [
       -123.1085646,
       49.2833128
      ],
      [
       -123.1085932,
       49.2833127
      ],
      [
       -123.1086053,
       49.2833206
      ],
      [
       -123.1086055,
       49.2833301
      ],
      [
       -123.1086201,
       49.2833395
      ],
      [
       -123.1086462,
       49.2833394
      ],
      [
       -123.1086607,
       49.2833472
      ],
      [
       -123.1087012,
       49.2833486
      ],
      [
       -123.1087157,
       49.2833565
      ],
      [
       -123.1087704,
       49.2833563
      ],
      [
       -123.1087849,
       49.2833657
      ],
      [
       -123.1088253,
       49.2833655
      ],
      [
       -123.1088399,
       49.283375
      ],
      [
       -123.108866,
       49.2833749
      ],
      [
       -123.1090186,
       49.2834737
      ],
      [
       -123.1090189,
       49.2834832
      ],
      [
       -123.1090049,
       49.2834911
      ],
      [
       -123.1090056,
       49.2835179
      ],
      [
       -123.1089916,
       49.2835274
      ],
      [
       -123.1089921,
       49.2835448
      ],
      [
       -123.1089781,
       49.2835543
      ],
      [
       -123.1089765,
       49.2835811
      ],
      [
       -123.1089649,
       49.2835906
      ],
      [
       -123.1089632,
       49.2836175
      ],
      [
       -123.1089492,
       49.283627
      ],
      [
       -123.1089497,
       49.2836443
      ],
      [
       -123.1089357,
       49.2836538
      ],
      [
       -123.1089365,
       49.2836806
      ],
      [
       -123.1089225,
       49.2836902
      ],
      [
       -123.108923,
       49.2837075
      ],
      [
       -123.108909,
       49.283717
      ],
      [
       -123.1089095,
       49.2837344
      ],
      [
       -123.1088809,
       49.2837345
      ],
      [
       -123.1088688,
       49.2837251
      ],
      [
       -123.108826,
       49.2837252
      ],
      [
       -123.1088139,
       49.2837174
      ],
      [
       -123.1087853,
       49.2837159
      ],
      [
       -123.1087708,
       49.2837081
      ],
      [
       -123.1087304,
       49.2837082
      ],
      [
       -123.1087158,
       49.2836988
      ],
      [
       -123.1086897,
       49.2836989
      ],
      [
       -123.1086751,
       49.2836895
      ],
      [
       -123.1086347,
       49.2836896
      ],
      [
       -123.1086202,
       49.2836802
      ],
      [
       -123.1085797,
       49.2836803
      ],
      [
       -123.1085652,
       49.2836725
      ],
      [
       -123.1085367,
       49.2836726
      ],
      [
       -123.1085246,
       49.2836632
      ],
      [
       -123.1084818,
       49.2836633
      ],
      [
       -123.1084696,
       49.2836539
      ],
      [
       -123.1084411,
       49.283654
      ],
      [
       -123.1084289,
       49.2836446
      ],
      [
       -123.1083861,
       49.2836448
      ],
      [
       -123.1083716,
       49.2836354
      ],
      [
       -123.1083454,
       49.2836354
      ],
      [
       -123.1083309,
       49.2836276
      ],
      [
       -123.1082905,
       49.2836278
      ],
      [
       -123.108276,
       49.2836183
      ],
      [
       -123.1082355,
       49.2836185
      ],
      [
       -123.108221,
       49.2836091
      ],
      [
       -123.1081948,
       49.2836092
      ],
      [
       -123.1081803,
       49.2835998
      ],
      [
       -123.1081399,
       49.2835999
      ],
      [
       -123.1081254,
       49.2835921
      ],
      [
       -123.1080968,
       49.2835906
      ],
      [
       -123.1080847,
       49.2835827
      ],
      [
       -123.1080419,
       49.2835829
      ],
      [
       -123.1080297,
       49.2835735
      ],
      [
       -123.1080012,
       49.2835736
      ],
      [
       -123.1079867,
       49.2835642
      ],
      [
       -123.1079462,
       49.2835643
      ],
      [
       -123.1079317,
       49.2835549
      ],
      [
       -123.1078913,
       49.283555
      ],
      [
       -123.1078768,
       49.2835472
      ],
      [
       -123.1078506,
       49.2835473
      ],
      [
       -123.1078361,
       49.2835379
      ],
      [
       -123.1077957,
       49.283538
      ],
      [
       -123.1077811,
       49.2835286
      ],
      [
       -123.1077526,
       49.2835287
      ],
      [
       -123.1077404,
       49.2835193
      ],
      [
       -123.1076976,
       49.2835195
      ],
      [
       -123.1076855,
       49.28351
      ],
      [
       -123.1076569,
       49.2835101
      ],
      [
       -123.1076448,
       49.2835023
      ],
      [
       -123.107602,
       49.2835024
      ],
      [
       -123.1075899,
       49.283493
      ],
      [
       -123.1075471,
       49.2834932
      ],
      [
       -123.1075325,
       49.2834838
      ],
      [
       -123.1075064,
       49.2834839
      ],
      [
       -123.1074918,
       49.2834744
      ],
      [
       -123.1074514,
       49.2834746
      ],
      [
       -123.1074369,
       49.2834668
      ],
      [
       -123.1074107,
       49.2834653
      ],
      [
       -123.1073962,
       49.2834574
      ],
      [
       -123.1073558,
       49.2834576
      ],
      [
       -123.1073413,
       49.2834482
      ],
      [
       -123.1073127,
       49.2834483
      ],
      [
       -123.1073006,
       49.2834388
      ],
      [
       -123.1072578,
       49.283439
      ],
      [
       -123.1072456,
       49.2834296
      ],
      [
       -123.1072028,
       49.2834297
      ],
      [
       -123.1071907,
       49.2834219
      ],
      [
       -123.1071621,
       49.283422
      ],
      [
       -123.1071476,
       49.2834126
      ],
      [
       -123.1071072,
       49.2834127
      ],
      [
       -123.1070926,
       49.2834033
      ],
      [
       -123.1070665,
       49.2834034
      ],
      [
       -123.107052,
       49.283394
      ],
      [
       -123.1070115,
       49.2833941
      ],
      [
       -123.106997,
       49.2833847
      ],
      [
       -123.1069708,
       49.2833848
      ],
      [
       -123.1069563,
       49.283377
      ],
      [
       -123.1069135,
       49.2833771
      ],
      [
       -123.1069014,
       49.2833677
      ],
      [
       -123.1068586,
       49.2833679
      ],
      [
       -123.1068464,
       49.2833584
      ],
      [
       -123.1068179,
       49.2833585
      ],
      [
       -123.1068057,
       49.2833491
      ],
      [
       -123.1067629,
       49.2833493
      ],
      [
       -123.106777,
       49.2833413
      ],
      [
       -123.1067762,
       49.2833129
      ],
      [
       -123.1067902,
       49.283305
      ],
      [
       -123.1067897,
       49.2832861
      ],
      [
       -123.1068037,
       49.2832781
      ],
      [
       -123.1068054,
       49.2832513
      ],
      [
       -123.106817,
       49.2832418
      ],
      [
       -123.1068189,
       49.2832245
      ],
      [
       -123.1068329,
       49.2832149
      ],
      [
       -123.1068321,
       49.2831881
      ],
      [
       -123.1068461,
       49.2831786
      ],
      [
       -123.1068456,
       49.2831613
      ],
      [
       -123.1068596,
       49.2831517
      ],
      [
       -123.1068589,
       49.2831249
      ],
      [
       -123.1068729,
       49.2831154
      ],
      [
       -123.1068727,
       49.2831075
      ],
      [
       -123.1068581,
       49.2830981
      ],
      [
       -123.1068465,
       49.283106
      ],
      [
       -123.1068322,
       49.2831061
      ],
      [
       -123.1068182,
       49.2831156
      ],
      [
       -123.1068039,
       49.2831157
      ],
      [
       -123.1067894,
       49.2831062
      ],
      [
       -123.1067775,
       49.2831063
      ],
      [
       -123.106763,
       49.2830985
      ],
      [
       -123.1067487,
       49.2830985
      ],
      [
       -123.1067342,
       49.2830891
      ],
      [
       -123.1067363,
       49.2830796
      ],
      [
       -123.1067218,
       49.2830702
      ],
      [
       -123.1067213,
       49.2830529
      ],
      [
       -123.1067353,
       49.2830433
      ],
      [
       -123.1067345,
       49.2830165
      ],
      [
       -123.1067486,
       49.2830086
      ],
      [
       -123.1067628,
       49.2830085
      ],
      [
       -123.1067768,
       49.282999
      ],
      [
       -123.1068315,
       49.2829988
      ]
     ]
    ]
   },
   "properties": {
    "sheet": "vancouver_1912_MAP342a_04",
    "block_id": "vancouver_1912_MAP342a_04:block:fid11:part1",
    "lot_numbers": [
     "9",
     "10",
     "11",
     "12",
     "13",
     "14",
     "15",
     "16",
     "157",
     "212"
    ],
    "street_names": [
     "ABBOTT",
     "CAMBIE",
     "CORDOVA ST. WEST",
     "CORDOVA ST.WEST",
     "WATER ST."
    ],
    "area_source_px2": 201032,
    "centroid_source_px": [
     3045,
     3672
    ],
    "n_outlines": 25,
    "block_number": null,
    "block_number_inferred": true,
    "compactness": 0.358,
    "streets_through": [],
    "merged_across": null,
    "split_from": {
     "block_number": null,
     "cut_along": [
      "TROUNCE ALLEY"
     ],
     "part": 1,
     "of": 2
    },
    "streets_1895": [
     {
      "label_1895": "WATER ST.",
      "modern": [
       "WATER ST"
      ],
      "side": "NE",
      "distance_px": 58,
      "residual_m": 0.34
     },
     {
      "label_1895": "ABBOTT",
      "modern": [
       "ABBOTT ST"
      ],
      "side": "E",
      "distance_px": 60,
      "residual_m": 0.23
     },
     {
      "label_1895": "CAMBIE",
      "modern": [
       "CAMBIE ST"
      ],
      "side": "W",
      "distance_px": 64,
      "residual_m": 0.53
     },
     {
      "label_1895": "CORDOVA ST.WEST",
      "modern": [
       "WEST CORDOVA ST"
      ],
      "side": "SE",
      "distance_px": 124,
      "residual_m": 0.81
     },
     {
      "label_1895": "CORDOVA ST. WEST",
      "modern": [
       "WEST CORDOVA ST"
      ],
      "side": "SE",
      "distance_px": 145,
      "residual_m": 0.33
     }
    ],
    "streets_modern": [
     {
      "name": "ABBOTT ST",
      "distance_m": 1.1,
      "bearing_deg": 110,
      "side": "E",
      "ring_share": 0.2
     },
     {
      "name": "WEST CORDOVA ST",
      "distance_m": 3.2,
      "bearing_deg": 271,
      "side": "W",
      "ring_share": 0.51
     },
     {
      "name": "TROUNCE ALLEY",
      "distance_m": 7.1,
      "bearing_deg": 81,
      "side": "E",
      "ring_share": 0.39
     },
     {
      "name": "CAMBIE ST",
      "distance_m": 10.1,
      "bearing_deg": 281,
      "side": "W",
      "ring_share": 0.08
     }
    ],
    "nearby_text": [
     "DAT.",
     "DISTRICT",
     "DISTRICT LOT 541",
     "FRI",
     "HOTEL",
     "IBIE ST.",
     "LOT SAL",
     "OLD GRANVILLE TOWN",
     "REP.",
     "Ref.",
     "TOMINSITE",
     "TOMNSITE",
     "TOWNISITE",
     "WATER",
     "inol"
    ],
    "centroid_map": [
     492162.866,
     5458959.114
    ],
    "is_block": true
   }
  },
  {
   "type": "Feature",
   "geometry": {
    "type": "Polygon",
    "coordinates": [
     [
      [
       -123.1067216,
       49.2834851
      ],
      [
       -123.1067361,
       49.2834929
      ],
      [
       -123.1067765,
       49.2834944
      ],
      [
       -123.106791,
       49.2835022
      ],
      [
       -123.1068196,
       49.2835021
      ],
      [
       -123.1068317,
       49.2835115
      ],
      [
       -123.1068745,
       49.2835114
      ],
      [
       -123.1068867,
       49.2835208
      ],
      [
       -123.1069152,
       49.2835207
      ],
      [
       -123.1069297,
       49.2835301
      ],
      [
       -123.1069702,
       49.2835299
      ],
      [
       -123.1069847,
       49.2835378
      ],
      [
       -123.1070251,
       49.2835376
      ],
      [
       -123.1070396,
       49.2835471
      ],
      [
       -123.1070658,
       49.283547
      ],
      [
       -123.1070803,
       49.2835564
      ],
      [
       -123.1071207,
       49.2835562
      ],
      [
       -123.1071353,
       49.2835656
      ],
      [
       -123.1071614,
       49.2835655
      ],
      [
       -123.107176,
       49.283575
      ],
      [
       -123.1072188,
       49.2835748
      ],
      [
       -123.1072309,
       49.2835826
      ],
      [
       -123.1072594,
       49.2835825
      ],
      [
       -123.1072716,
       49.283592
      ],
      [
       -123.1073144,
       49.2835918
      ],
      [
       -123.1073265,
       49.2836012
      ],
      [
       -123.1073693,
       49.2836011
      ],
      [
       -123.1073839,
       49.2836105
      ],
      [
       -123.10741,
       49.2836104
      ],
      [
       -123.1074245,
       49.2836182
      ],
      [
       -123.107465,
       49.2836197
      ],
      [
       -123.1074795,
       49.2836275
      ],
      [
       -123.1075056,
       49.2836274
      ],
      [
       -123.1075202,
       49.2836368
      ],
      [
       -123.1075606,
       49.2836367
      ],
      [
       -123.1075751,
       49.2836461
      ],
      [
       -123.1076037,
       49.283646
      ],
      [
       -123.1076158,
       49.2836554
      ],
      [
       -123.1076586,
       49.2836553
      ],
      [
       -123.1076708,
       49.2836631
      ],
      [
       -123.1077136,
       49.2836629
      ],
      [
       -123.1077257,
       49.2836724
      ],
      [
       -123.1077543,
       49.2836723
      ],
      [
       -123.1077688,
       49.2836817
      ],
      [
       -123.1078092,
       49.2836815
      ],
      [
       -123.1078237,
       49.2836909
      ],
      [
       -123.1078499,
       49.2836909
      ],
      [
       -123.1078644,
       49.2837003
      ],
      [
       -123.1079049,
       49.2837001
      ],
      [
       -123.1079194,
       49.283708
      ],
      [
       -123.1079455,
       49.2837079
      ],
      [
       -123.1079601,
       49.2837173
      ],
      [
       -123.1080005,
       49.2837171
      ],
      [
       -123.108015,
       49.2837265
      ],
      [
       -123.1080578,
       49.2837264
      ],
      [
       -123.10807,
       49.2837358
      ],
      [
       -123.1080985,
       49.2837357
      ],
      [
       -123.1081106,
       49.2837436
      ],
      [
       -123.1081535,
       49.283745
      ],
      [
       -123.1081656,
       49.2837528
      ],
      [
       -123.1081941,
       49.2837527
      ],
      [
       -123.1082087,
       49.2837621
      ],
      [
       -123.1082491,
       49.283762
      ],
      [
       -123.1082636,
       49.2837714
      ],
      [
       -123.1082898,
       49.2837713
      ],
      [
       -123.1083043,
       49.2837807
      ],
      [
       -123.1083447,
       49.2837806
      ],
      [
       -123.1083592,
       49.2837884
      ],
      [
       -123.1083997,
       49.2837883
      ],
      [
       -123.1084142,
       49.2837977
      ],
      [
       -123.1084427,
       49.2837976
      ],
      [
       -123.1084549,
       49.283807
      ],
      [
       -123.1084977,
       49.2838068
      ],
      [
       -123.1085098,
       49.2838163
      ],
      [
       -123.1085384,
       49.2838162
      ],
      [
       -123.1085529,
       49.2838256
      ],
      [
       -123.1085933,
       49.2838254
      ],
      [
       -123.1086078,
       49.2838333
      ],
      [
       -123.108634,
       49.2838332
      ],
      [
       -123.1086485,
       49.2838426
      ],
      [
       -123.108689,
       49.2838424
      ],
      [
       -123.1087035,
       49.2838519
      ],
      [
       -123.1087439,
       49.2838517
      ],
      [
       -123.1087585,
       49.2838611
      ],
      [
       -123.1087846,
       49.283861
      ],
      [
       -123.1087991,
       49.2838689
      ],
      [
       -123.108842,
       49.2838703
      ],
      [
       -123.1088541,
       49.2838781
      ],
      [
       -123.1088826,
       49.283878
      ],
      [
       -123.1088683,
       49.2838781
      ],
      [
       -123.1088543,
       49.2838876
      ],
      [
       -123.1088548,
       49.2839049
      ],
      [
       -123.1088408,
       49.2839145
      ],
      [
       -123.1088411,
       49.2839239
      ],
      [
       -123.1088556,
       49.2839318
      ],
      [
       -123.1088537,
       49.2839507
      ],
      [
       -123.1088418,
       49.2839507
      ],
      [
       -123.1088278,
       49.2839603
      ],
      [
       -123.1088281,
       49.2839681
      ],
      [
       -123.1088141,
       49.2839777
      ],
      [
       -123.1088262,
       49.2839871
      ],
      [
       -123.1088264,
       49.283995
      ],
      [
       -123.1088124,
       49.2840045
      ],
      [
       -123.1088127,
       49.2840139
      ],
      [
       -123.1087987,
       49.2840219
      ],
      [
       -123.1087989,
       49.2840313
      ],
      [
       -123.1087873,
       49.2840409
      ],
      [
       -123.1087854,
       49.2840582
      ],
      [
       -123.1087714,
       49.2840677
      ],
      [
       -123.1087719,
       49.2840851
      ],
      [
       -123.1087579,
       49.2840946
      ],
      [
       -123.1087584,
       49.2841119
      ],
      [
       -123.1087729,
       49.2841214
      ],
      [
       -123.1087732,
       49.2841308
      ],
      [
       -123.1087451,
       49.2841483
      ],
      [
       -123.1087597,
       49.2841577
      ],
      [
       -123.1087581,
       49.2841845
      ],
      [
       -123.1087462,
       49.2841845
      ],
      [
       -123.1087322,
       49.2841941
      ],
      [
       -123.1086775,
       49.2841943
      ],
      [
       -123.1086629,
       49.2841848
      ],
      [
       -123.1086225,
       49.284185
      ],
      [
       -123.1086085,
       49.2841929
      ],
      [
       -123.1085942,
       49.284193
      ],
      [
       -123.108553,
       49.2841663
      ],
      [
       -123.1085245,
       49.2841664
      ],
      [
       -123.1085123,
       49.284157
      ],
      [
       -123.1084291,
       49.2841573
      ],
      [
       -123.1084146,
       49.2841495
      ],
      [
       -123.1083741,
       49.284148
      ],
      [
       -123.1083475,
       49.2841308
      ],
      [
       -123.1083332,
       49.2841308
      ],
      [
       -123.1083192,
       49.2841403
      ],
      [
       -123.1083049,
       49.2841404
      ],
      [
       -123.1082637,
       49.2841121
      ],
      [
       -123.1082352,
       49.2841122
      ],
      [
       -123.1082236,
       49.2841217
      ],
      [
       -123.1082093,
       49.2841218
      ],
      [
       -123.1081803,
       49.2841046
      ],
      [
       -123.1081684,
       49.2841046
      ],
      [
       -123.1081538,
       49.2840952
      ],
      [
       -123.1081253,
       49.2840953
      ],
      [
       -123.1081131,
       49.2840859
      ],
      [
       -123.1080703,
       49.284086
      ],
      [
       -123.1080582,
       49.2840766
      ],
      [
       -123.1080296,
       49.2840767
      ],
      [
       -123.1080152,
       49.2840689
      ],
      [
       -123.1079747,
       49.2840674
      ],
      [
       -123.1079607,
       49.2840769
      ],
      [
       -123.1079464,
       49.284077
      ],
      [
       -123.1079198,
       49.2840597
      ],
      [
       -123.1078793,
       49.2840599
      ],
      [
       -123.1078503,
       49.2840411
      ],
      [
       -123.1078363,
       49.2840506
      ],
      [
       -123.1078101,
       49.2840507
      ],
      [
       -123.1077834,
       49.2840318
      ],
      [
       -123.1077691,
       49.2840319
      ],
      [
       -123.1077547,
       49.284024
      ],
      [
       -123.1077285,
       49.2840241
      ],
      [
       -123.1077144,
       49.2840321
      ],
      [
       -123.1077002,
       49.2840321
      ],
      [
       -123.1076712,
       49.2840149
      ],
      [
       -123.1076593,
       49.2840149
      ],
      [
       -123.1076447,
       49.2840055
      ],
      [
       -123.1076043,
       49.2840057
      ],
      [
       -123.1075898,
       49.2839962
      ],
      [
       -123.1075493,
       49.2839964
      ],
      [
       -123.1075348,
       49.283987
      ],
      [
       -123.1075063,
       49.2839871
      ],
      [
       -123.1074942,
       49.2839792
      ],
      [
       -123.1074514,
       49.2839794
      ],
      [
       -123.1074392,
       49.28397
      ],
      [
       -123.1073964,
       49.2839701
      ],
      [
       -123.1073842,
       49.2839607
      ],
      [
       -123.1073557,
       49.2839608
      ],
      [
       -123.1073412,
       49.2839514
      ],
      [
       -123.1073007,
       49.2839515
      ],
      [
       -123.1072862,
       49.2839437
      ],
      [
       -123.1072458,
       49.2839423
      ],
      [
       -123.1072313,
       49.2839344
      ],
      [
       -123.1072051,
       49.2839345
      ],
      [
       -123.1071911,
       49.2839425
      ],
      [
       -123.1071644,
       49.2839252
      ],
      [
       -123.1071502,
       49.2839253
      ],
      [
       -123.1071356,
       49.2839158
      ],
      [
       -123.1070952,
       49.283916
      ],
      [
       -123.1070807,
       49.2839066
      ],
      [
       -123.1070402,
       49.2839067
      ],
      [
       -123.1070257,
       49.2838989
      ],
      [
       -123.1069853,
       49.2838974
      ],
      [
       -123.1069708,
       49.2838896
      ],
      [
       -123.1069304,
       49.2838898
      ],
      [
       -123.1069158,
       49.2838803
      ],
      [
       -123.1068754,
       49.2838805
      ],
      [
       -123.1068609,
       49.2838711
      ],
      [
       -123.1068323,
       49.2838712
      ],
      [
       -123.1068183,
       49.2838807
      ],
      [
       -123.1068064,
       49.2838807
      ],
      [
       -123.1067919,
       49.2838713
      ],
      [
       -123.1067916,
       49.2838619
      ],
      [
       -123.1067771,
       49.283854
      ],
      [
       -123.1067367,
       49.2838542
      ],
      [
       -123.1067227,
       49.2838621
      ],
      [
       -123.1066815,
       49.2838354
      ],
      [
       -123.1066411,
       49.2838356
      ],
      [
       -123.1066271,
       49.2838451
      ],
      [
       -123.1066128,
       49.2838451
      ],
      [
       -123.1065983,
       49.2838357
      ],
      [
       -123.1066004,
       49.2838263
      ],
      [
       -123.1065858,
       49.2838168
      ],
      [
       -123.1065853,
       49.2837995
      ],
      [
       -123.1065993,
       49.28379
      ],
      [
       -123.1065986,
       49.2837632
      ],
      [
       -123.1066126,
       49.2837552
      ],
      [
       -123.1066119,
       49.2837284
      ],
      [
       -123.1066259,
       49.2837189
      ],
      [
       -123.1066275,
       49.2836921
      ],
      [
       -123.1066391,
       49.2836826
      ],
      [
       -123.1066408,
       49.2836557
      ],
      [
       -123.1066548,
       49.2836462
      ],
      [
       -123.106654,
       49.2836194
      ],
      [
       -123.106668,
       49.2836099
      ],
      [
       -123.1066672,
       49.2835831
      ],
      [
       -123.1066813,
       49.2835751
      ],
      [
       -123.1066805,
       49.2835483
      ],
      [
       -123.1066684,
       49.2835389
      ],
      [
       -123.1067081,
       49.283512
      ],
      [
       -123.1067075,
       49.283493
      ],
      [
       -123.1067216,
       49.2834851
      ]
     ]
    ]
   },
   "properties": {
    "sheet": "vancouver_1912_MAP342a_04",
    "block_id": "vancouver_1912_MAP342a_04:block:fid11:part2",
    "lot_numbers": [
     "3",
     "4",
     "5",
     "6"
    ],
    "street_names": [
     "ABBOTT",
     "CAMBIE",
     "CORDOVA ST. WEST",
     "CORDOVA ST.WEST",
     "WATER ST."
    ],
    "area_source_px2": 204140,
    "centroid_source_px": [
     3053,
     3343
    ],
    "n_outlines": 25,
    "block_number": "9",
    "block_number_inferred": true,
    "compactness": 0.393,
    "streets_through": [],
    "merged_across": null,
    "split_from": {
     "block_number": null,
     "cut_along": [
      "TROUNCE ALLEY"
     ],
     "part": 2,
     "of": 2
    },
    "streets_1895": [
     {
      "label_1895": "WATER ST.",
      "modern": [
       "WATER ST"
      ],
      "side": "NE",
      "distance_px": 58,
      "residual_m": 0.34
     },
     {
      "label_1895": "ABBOTT",
      "modern": [
       "ABBOTT ST"
      ],
      "side": "E",
      "distance_px": 60,
      "residual_m": 0.23
     },
     {
      "label_1895": "CAMBIE",
      "modern": [
       "CAMBIE ST"
      ],
      "side": "W",
      "distance_px": 64,
      "residual_m": 0.53
     },
     {
      "label_1895": "CORDOVA ST.WEST",
      "modern": [
       "WEST CORDOVA ST"
      ],
      "side": "SE",
      "distance_px": 124,
      "residual_m": 0.81
     },
     {
      "label_1895": "CORDOVA ST. WEST",
      "modern": [
       "WEST CORDOVA ST"
      ],
      "side": "SE",
      "distance_px": 145,
      "residual_m": 0.33
     }
    ],
    "streets_modern": [
     {
      "name": "WATER ST",
      "distance_m": 7.5,
      "bearing_deg": 86,
      "side": "E",
      "ring_share": 0.42
     },
     {
      "name": "TROUNCE ALLEY",
      "distance_m": 7.5,
      "bearing_deg": 254,
      "side": "W",
      "ring_share": 0.44
     },
     {
      "name": "CAMBIE ST",
      "distance_m": 8.3,
      "bearing_deg": 296,
      "side": "NW",
      "ring_share": 0.17
     },
     {
      "name": "ABBOTT ST",
      "distance_m": 9.3,
      "bearing_deg": 113,
      "side": "SE",
      "ring_share": 0.13
     }
    ],
    "nearby_text": [
     "DAT.",
     "DISTRICT",
     "DISTRICT LOT 541",
     "FRI",
     "HOTEL",
     "IBIE ST.",
     "LOT SAL",
     "OLD GRANVILLE TOWN",
     "REP.",
     "Ref.",
     "TOMINSITE",
     "TOMNSITE",
     "TOWNISITE",
     "WATER",
     "inol"
    ],
    "centroid_map": [
     492163.268,
     5459016.812
    ],
    "is_block": true
   }
  },
  {
   "type": "Feature",
   "geometry": {
    "type": "Polygon",
    "coordinates": [
     [
      [
       -123.107325,
       49.2821105
      ],
      [
       -123.1073395,
       49.2821199
      ],
      [
       -123.1073799,
       49.2821198
      ],
      [
       -123.1073945,
       49.2821292
      ],
      [
       -123.1074349,
       49.282129
      ],
      [
       -123.1074494,
       49.2821369
      ],
      [
       -123.1074755,
       49.2821368
      ],
      [
       -123.1074901,
       49.2821462
      ],
      [
       -123.1075305,
       49.2821461
      ],
      [
       -123.107545,
       49.2821555
      ],
      [
       -123.1075736,
       49.2821554
      ],
      [
       -123.1075857,
       49.2821648
      ],
      [
       -123.1076143,
       49.2821647
      ],
      [
       -123.1076287,
       49.2821725
      ],
      [
       -123.1076692,
       49.282174
      ],
      [
       -123.1076837,
       49.2821818
      ],
      [
       -123.1077099,
       49.2821817
      ],
      [
       -123.1077239,
       49.2821738
      ],
      [
       -123.1077524,
       49.2821737
      ],
      [
       -123.1077936,
       49.2822003
      ],
      [
       -123.1078198,
       49.2822002
      ],
      [
       -123.1078343,
       49.2822096
      ],
      [
       -123.1078747,
       49.2822095
      ],
      [
       -123.1078892,
       49.2822173
      ],
      [
       -123.1079035,
       49.2822173
      ],
      [
       -123.1079175,
       49.2822093
      ],
      [
       -123.1079294,
       49.2822093
      ],
      [
       -123.1079585,
       49.2822266
      ],
      [
       -123.1079725,
       49.2822186
      ],
      [
       -123.1080129,
       49.2822185
      ],
      [
       -123.1080541,
       49.2822451
      ],
      [
       -123.1080684,
       49.2822451
      ],
      [
       -123.1080824,
       49.2822356
      ],
      [
       -123.1080966,
       49.2822355
      ],
      [
       -123.1081233,
       49.2822544
      ],
      [
       -123.1081376,
       49.2822543
      ],
      [
       -123.1081497,
       49.2822621
      ],
      [
       -123.1081783,
       49.282262
      ],
      [
       -123.1081923,
       49.2822541
      ],
      [
       -123.1081632,
       49.2822353
      ],
      [
       -123.1081513,
       49.2822353
      ],
      [
       -123.1081511,
       49.2822274
      ],
      [
       -123.1081366,
       49.282218
      ],
      [
       -123.1081363,
       49.2822086
      ],
      [
       -123.1081218,
       49.2821992
      ],
      [
       -123.1081232,
       49.2821644
      ],
      [
       -123.1081512,
       49.2821454
      ],
      [
       -123.108151,
       49.2821375
      ],
      [
       -123.108165,
       49.282128
      ],
      [
       -123.1082197,
       49.2821278
      ],
      [
       -123.1082318,
       49.2821372
      ],
      [
       -123.1082461,
       49.2821372
      ],
      [
       -123.1082606,
       49.282145
      ],
      [
       -123.1082748,
       49.282145
      ],
      [
       -123.108287,
       49.2821544
      ],
      [
       -123.1083155,
       49.2821543
      ],
      [
       -123.1083301,
       49.2821637
      ],
      [
       -123.1083705,
       49.2821636
      ],
      [
       -123.108385,
       49.282173
      ],
      [
       -123.1084254,
       49.2821728
      ],
      [
       -123.10844,
       49.2821822
      ],
      [
       -123.1084804,
       49.2821821
      ],
      [
       -123.1084949,
       49.2821899
      ],
      [
       -123.1085353,
       49.2821898
      ],
      [
       -123.1085499,
       49.2821992
      ],
      [
       -123.1085903,
       49.282199
      ],
      [
       -123.1086048,
       49.2822085
      ],
      [
       -123.1086452,
       49.2822083
      ],
      [
       -123.1086598,
       49.2822177
      ],
      [
       -123.1086859,
       49.2822176
      ],
      [
       -123.1087004,
       49.2822255
      ],
      [
       -123.1087409,
       49.2822269
      ],
      [
       -123.1087554,
       49.2822347
      ],
      [
       -123.1087958,
       49.2822346
      ],
      [
       -123.1088103,
       49.282244
      ],
      [
       -123.1088508,
       49.2822439
      ],
      [
       -123.1088653,
       49.2822533
      ],
      [
       -123.1089057,
       49.2822531
      ],
      [
       -123.1089203,
       49.2822625
      ],
      [
       -123.1089607,
       49.2822624
      ],
      [
       -123.1089752,
       49.2822702
      ],
      [
       -123.109018,
       49.2822717
      ],
      [
       -123.1090301,
       49.2822795
      ],
      [
       -123.1090729,
       49.2822793
      ],
      [
       -123.1090851,
       49.2822888
      ],
      [
       -123.1091136,
       49.2822887
      ],
      [
       -123.1091258,
       49.2822981
      ],
      [
       -123.1091543,
       49.282298
      ],
      [
       -123.1091689,
       49.2823074
      ],
      [
       -123.1091831,
       49.2823073
      ],
      [
       -123.1091952,
       49.2823152
      ],
      [
       -123.1092238,
       49.2823151
      ],
      [
       -123.1092359,
       49.2823245
      ],
      [
       -123.1092645,
       49.2823244
      ],
      [
       -123.109279,
       49.2823338
      ],
      [
       -123.1092909,
       49.2823338
      ],
      [
       -123.1093199,
       49.282351
      ],
      [
       -123.1093342,
       49.282351
      ],
      [
       -123.1093754,
       49.2823792
      ],
      [
       -123.1093873,
       49.2823792
      ],
      [
       -123.1094842,
       49.2824419
      ],
      [
       -123.1094847,
       49.2824593
      ],
      [
       -123.1094707,
       49.2824688
      ],
      [
       -123.1094715,
       49.2824956
      ],
      [
       -123.1094575,
       49.2825051
      ],
      [
       -123.1094579,
       49.2825225
      ],
      [
       -123.1094439,
       49.282532
      ],
      [
       -123.1094447,
       49.2825588
      ],
      [
       -123.1094307,
       49.2825667
      ],
      [
       -123.109429,
       49.2825936
      ],
      [
       -123.1094174,
       49.2826031
      ],
      [
       -123.1094158,
       49.2826299
      ],
      [
       -123.1094018,
       49.2826394
      ],
      [
       -123.1094025,
       49.2826662
      ],
      [
       -123.1093885,
       49.2826757
      ],
      [
       -123.109389,
       49.2826931
      ],
      [
       -123.109375,
       49.2827026
      ],
      [
       -123.1093758,
       49.2827294
      ],
      [
       -123.1093618,
       49.2827389
      ],
      [
       -123.1093623,
       49.2827563
      ],
      [
       -123.1093483,
       49.2827658
      ],
      [
       -123.1093488,
       49.2827831
      ],
      [
       -123.1093348,
       49.2827927
      ],
      [
       -123.1093355,
       49.2828195
      ],
      [
       -123.1093215,
       49.282829
      ],
      [
       -123.1093196,
       49.2828464
      ],
      [
       -123.109308,
       49.2828559
      ],
      [
       -123.1093064,
       49.2828827
      ],
      [
       -123.1092923,
       49.2828906
      ],
      [
       -123.1092929,
       49.2829095
      ],
      [
       -123.1092789,
       49.2829191
      ],
      [
       -123.1092796,
       49.2829459
      ],
      [
       -123.1092656,
       49.2829538
      ],
      [
       -123.1092661,
       49.2829727
      ],
      [
       -123.1092521,
       49.2829807
      ],
      [
       -123.1092526,
       49.2829996
      ],
      [
       -123.1092386,
       49.2830075
      ],
      [
       -123.1092394,
       49.2830359
      ],
      [
       -123.1092253,
       49.2830439
      ],
      [
       -123.1092259,
       49.2830628
      ],
      [
       -123.1092118,
       49.2830707
      ],
      [
       -123.1092105,
       49.283107
      ],
      [
       -123.1091965,
       49.2831165
      ],
      [
       -123.1091972,
       49.2831434
      ],
      [
       -123.1091832,
       49.2831529
      ],
      [
       -123.1091842,
       49.2831876
      ],
      [
       -123.1091702,
       49.2831971
      ],
      [
       -123.1091709,
       49.2832239
      ],
      [
       -123.1091569,
       49.2832334
      ],
      [
       -123.1091574,
       49.2832508
      ],
      [
       -123.1091434,
       49.2832603
      ],
      [
       -123.1091439,
       49.2832776
      ],
      [
       -123.1091299,
       49.2832872
      ],
      [
       -123.109128,
       49.2833045
      ],
      [
       -123.1091164,
       49.283314
      ],
      [
       -123.1091146,
       49.283333
      ],
      [
       -123.1091029,
       49.2833409
      ],
      [
       -123.1091011,
       49.2833598
      ],
      [
       -123.1090892,
       49.2833599
      ],
      [
       -123.1090746,
       49.2833505
      ],
      [
       -123.1090604,
       49.2833505
      ],
      [
       -123.1090458,
       49.2833411
      ],
      [
       -123.1090197,
       49.2833412
      ],
      [
       -123.1090057,
       49.2833507
      ],
      [
       -123.1089911,
       49.2833413
      ],
      [
       -123.1089769,
       49.2833413
      ],
      [
       -123.1089647,
       49.2833319
      ],
      [
       -123.1089504,
       49.283332
      ],
      [
       -123.1089359,
       49.2833241
      ],
      [
       -123.1089241,
       49.2833242
      ],
      [
       -123.1089095,
       49.2833148
      ],
      [
       -123.1088691,
       49.2833149
      ],
      [
       -123.1088546,
       49.2833055
      ],
      [
       -123.1088118,
       49.2833057
      ],
      [
       -123.1087996,
       49.2832962
      ],
      [
       -123.1087568,
       49.2832964
      ],
      [
       -123.1087446,
       49.283287
      ],
      [
       -123.1087018,
       49.2832871
      ],
      [
       -123.1086897,
       49.2832793
      ],
      [
       -123.1086612,
       49.2832794
      ],
      [
       -123.1086466,
       49.28327
      ],
      [
       -123.1086062,
       49.2832701
      ],
      [
       -123.1085917,
       49.2832607
      ],
      [
       -123.1085513,
       49.2832608
      ],
      [
       -123.1085367,
       49.2832514
      ],
      [
       -123.1084963,
       49.2832516
      ],
      [
       -123.1084818,
       49.2832422
      ],
      [
       -123.1084413,
       49.2832423
      ],
      [
       -123.1084268,
       49.2832345
      ],
      [
       -123.1084007,
       49.2832346
      ],
      [
       -123.1083862,
       49.2832251
      ],
      [
       -123.1083457,
       49.2832253
      ],
      [
       -123.1083312,
       49.2832159
      ],
      [
       -123.1082908,
       49.283216
      ],
      [
       -123.1082762,
       49.2832066
      ],
      [
       -123.1082358,
       49.2832068
      ],
      [
       -123.1082213,
       49.2831989
      ],
      [
       -123.1081808,
       49.2831975
      ],
      [
       -123.1081664,
       49.2831897
      ],
      [
       -123.1080831,
       49.28319
      ],
      [
       -123.108071,
       49.2831805
      ],
      [
       -123.1080567,
       49.2831806
      ],
      [
       -123.1080422,
       49.2831712
      ],
      [
       -123.108043,
       49.2831175
      ],
      [
       -123.108057,
       49.283108
      ],
      [
       -123.1080568,
       49.2831001
      ],
      [
       -123.1080964,
       49.2830716
      ],
      [
       -123.1080843,
       49.2830638
      ],
      [
       -123.1080841,
       49.2830543
      ],
      [
       -123.1080695,
       49.2830449
      ],
      [
       -123.1080553,
       49.2830449
      ],
      [
       -123.1080431,
       49.2830371
      ],
      [
       -123.1080151,
       49.2830545
      ],
      [
       -123.1080006,
       49.2830451
      ],
      [
       -123.1079863,
       49.2830452
      ],
      [
       -123.1079741,
       49.2830358
      ],
      [
       -123.1079313,
       49.2830359
      ],
      [
       -123.1079192,
       49.2830281
      ],
      [
       -123.1078764,
       49.2830282
      ],
      [
       -123.1078761,
       49.2830187
      ],
      [
       -123.107864,
       49.2830093
      ],
      [
       -123.10785,
       49.2830188
      ],
      [
       -123.1078096,
       49.283019
      ],
      [
       -123.1078093,
       49.2830095
      ],
      [
       -123.1077948,
       49.2830001
      ],
      [
       -123.1077662,
       49.2830002
      ],
      [
       -123.1077546,
       49.2830097
      ],
      [
       -123.1077403,
       49.2830098
      ],
      [
       -123.1077401,
       49.2830003
      ],
      [
       -123.1077256,
       49.2829925
      ],
      [
       -123.1077113,
       49.2829925
      ],
      [
       -123.1076992,
       49.2829831
      ],
      [
       -123.1076851,
       49.282991
      ],
      [
       -123.1076708,
       49.2829911
      ],
      [
       -123.1076428,
       49.2830101
      ],
      [
       -123.1076309,
       49.2830102
      ],
      [
       -123.1076164,
       49.2830008
      ],
      [
       -123.1075879,
       49.2830009
      ],
      [
       -123.1075757,
       49.2829914
      ],
      [
       -123.1075615,
       49.2829915
      ],
      [
       -123.1075607,
       49.2829647
      ],
      [
       -123.1075462,
       49.2829553
      ],
      [
       -123.1075343,
       49.2829553
      ],
      [
       -123.1075198,
       49.2829475
      ],
      [
       -123.1074912,
       49.2829476
      ],
      [
       -123.1074772,
       49.2829555
      ],
      [
       -123.1074794,
       49.2829476
      ],
      [
       -123.1074648,
       49.2829382
      ],
      [
       -123.1074506,
       49.2829382
      ],
      [
       -123.107436,
       49.2829288
      ],
      [
       -123.1073956,
       49.282929
      ],
      [
       -123.1073816,
       49.2829385
      ],
      [
       -123.1073673,
       49.2829385
      ],
      [
       -123.1073694,
       49.2829291
      ],
      [
       -123.1073549,
       49.2829197
      ],
      [
       -123.1073406,
       49.2829197
      ],
      [
       -123.1073261,
       49.2829119
      ],
      [
       -123.1073005,
       49.2829293
      ],
      [
       -123.1072719,
       49.2829294
      ],
      [
       -123.1072717,
       49.28292
      ],
      [
       -123.107245,
       49.2829027
      ],
      [
       -123.1072165,
       49.2829028
      ],
      [
       -123.1072024,
       49.2829107
      ],
      [
       -123.1071906,
       49.2829108
      ],
      [
       -123.1071903,
       49.2829029
      ],
      [
       -123.1071613,
       49.2828841
      ],
      [
       -123.1071356,
       49.2829031
      ],
      [
       -123.1071071,
       49.2829016
      ],
      [
       -123.1071068,
       49.2828937
      ],
      [
       -123.1070657,
       49.2828671
      ],
      [
       -123.1070376,
       49.2828845
      ],
      [
       -123.1070233,
       49.2828846
      ],
      [
       -123.1070112,
       49.2828751
      ],
      [
       -123.1070109,
       49.2828657
      ],
      [
       -123.1069843,
       49.2828484
      ],
      [
       -123.106984,
       49.282839
      ],
      [
       -123.106998,
       49.282831
      ],
      [
       -123.1069975,
       49.2828121
      ],
      [
       -123.1070116,
       49.2828042
      ],
      [
       -123.107011,
       49.2827852
      ],
      [
       -123.107025,
       49.2827757
      ],
      [
       -123.1070243,
       49.2827489
      ],
      [
       -123.1070383,
       49.282741
      ],
      [
       -123.1070378,
       49.282722
      ],
      [
       -123.1070518,
       49.2827141
      ],
      [
       -123.1070513,
       49.2826952
      ],
      [
       -123.1070368,
       49.2826857
      ],
      [
       -123.1070389,
       49.2826779
      ],
      [
       -123.1070645,
       49.2826588
      ],
      [
       -123.1070643,
       49.2826509
      ],
      [
       -123.1070783,
       49.2826414
      ],
      [
       -123.1070778,
       49.2826241
      ],
      [
       -123.1070918,
       49.2826146
      ],
      [
       -123.1070937,
       49.2825972
      ],
      [
       -123.1071053,
       49.2825877
      ],
      [
       -123.107107,
       49.2825609
      ],
      [
       -123.107121,
       49.2825514
      ],
      [
       -123.1071205,
       49.282534
      ],
      [
       -123.1071345,
       49.2825245
      ],
      [
       -123.1071342,
       49.282515
      ],
      [
       -123.1071485,
       49.282515
      ],
      [
       -123.1071606,
       49.2825244
      ],
      [
       -123.1072034,
       49.2825242
      ],
      [
       -123.1072156,
       49.2825337
      ],
      [
       -123.1072584,
       49.2825335
      ],
      [
       -123.1072706,
       49.2825429
      ],
      [
       -123.1073134,
       49.2825428
      ],
      [
       -123.1073255,
       49.2825506
      ],
      [
       -123.107354,
       49.2825505
      ],
      [
       -123.1073685,
       49.2825599
      ],
      [
       -123.107409,
       49.2825598
      ],
      [
       -123.1074235,
       49.2825692
      ],
      [
       -123.1074639,
       49.2825691
      ],
      [
       -123.1074785,
       49.2825785
      ],
      [
       -123.1075189,
       49.2825783
      ],
      [
       -123.1075334,
       49.2825877
      ],
      [
       -123.1075596,
       49.2825877
      ],
      [
       -123.1075741,
       49.2825955
      ],
      [
       -123.1076145,
       49.2825953
      ],
      [
       -123.107629,
       49.2826048
      ],
      [
       -123.1076695,
       49.2826046
      ],
      [
       -123.107684,
       49.282614
      ],
      [
       -123.1077244,
       49.2826139
      ],
      [
       -123.107739,
       49.2826233
      ],
      [
       -123.1077794,
       49.2826231
      ],
      [
       -123.1077939,
       49.2826326
      ],
      [
       -123.1078225,
       49.2826325
      ],
      [
       -123.1078346,
       49.2826403
      ],
      [
       -123.1078774,
       49.2826401
      ],
      [
       -123.1078895,
       49.2826496
      ],
      [
       -123.1079323,
       49.2826494
      ],
      [
       -123.1079445,
       49.2826588
      ],
      [
       -123.1079873,
       49.2826587
      ],
      [
       -123.1079994,
       49.2826681
      ],
      [
       -123.1080137,
       49.2826681
      ],
      [
       -123.1080277,
       49.2826585
      ],
      [
       -123.1080274,
       49.2826491
      ],
      [
       -123.1080415,
       49.2826411
      ],
      [
       -123.1080412,
       49.2826317
      ],
      [
       -123.1080146,
       49.2826144
      ],
      [
       -123.1080003,
       49.2826129
      ],
      [
       -123.1079858,
       49.2826051
      ],
      [
       -123.1079454,
       49.2826052
      ],
      [
       -123.1079308,
       49.2825958
      ],
      [
       -123.1078904,
       49.2825959
      ],
      [
       -123.1078759,
       49.2825865
      ],
      [
       -123.1078354,
       49.2825867
      ],
      [
       -123.1078209,
       49.2825772
      ],
      [
       -123.1077805,
       49.2825774
      ],
      [
       -123.107766,
       49.2825696
      ],
      [
       -123.1077398,
       49.2825697
      ],
      [
       -123.1077253,
       49.2825602
      ],
      [
       -123.1076849,
       49.2825604
      ],
      [
       -123.1076703,
       49.282551
      ],
      [
       -123.1076299,
       49.2825511
      ],
      [
       -123.1076154,
       49.2825417
      ],
      [
       -123.1075726,
       49.2825419
      ],
      [
       -123.1075604,
       49.2825324
      ],
      [
       -123.1075176,
       49.2825326
      ],
      [
       -123.1075055,
       49.2825247
      ],
      [
       -123.107477,
       49.2825248
      ],
      [
       -123.1074648,
       49.2825154
      ],
      [
       -123.107422,
       49.2825156
      ],
      [
       -123.1074098,
       49.2825062
      ],
      [
       -123.1073813,
       49.2825063
      ],
      [
       -123.1073668,
       49.2824968
      ],
      [
       -123.1073263,
       49.282497
      ],
      [
       -123.1073119,
       49.2824892
      ],
      [
       -123.1072714,
       49.2824877
      ],
      [
       -123.1072569,
       49.2824799
      ],
      [
       -123.1072307,
       49.28248
      ],
      [
       -123.1072162,
       49.2824706
      ],
      [
       -123.1071758,
       49.2824707
      ],
      [
       -123.1071612,
       49.2824613
      ],
      [
       -123.107147,
       49.2824614
      ],
      [
       -123.1071465,
       49.282444
      ],
      [
       -123.1071605,
       49.2824345
      ],
      [
       -123.1071618,
       49.2823982
      ],
      [
       -123.1071735,
       49.2823903
      ],
      [
       -123.1071751,
       49.2823619
      ],
      [
       -123.1071891,
       49.2823539
      ],
      [
       -123.1071886,
       49.282335
      ],
      [
       -123.1072026,
       49.2823271
      ],
      [
       -123.1072019,
       49.2823003
      ],
      [
       -123.1072159,
       49.2822907
      ],
      [
       -123.1072154,
       49.2822718
      ],
      [
       -123.1072294,
       49.2822639
      ],
      [
       -123.1072286,
       49.2822371
      ],
      [
       -123.1072426,
       49.2822275
      ],
      [
       -123.1072419,
       49.2822007
      ],
      [
       -123.1072559,
       49.2821912
      ],
      [
       -123.1072578,
       49.2821739
      ],
      [
       -123.1072694,
       49.2821643
      ],
      [
       -123.107271,
       49.2821375
      ],
      [
       -123.107285,
       49.282128
      ],
      [
       -123.1072848,
       49.2821201
      ],
      [
       -123.1072988,
       49.2821106
      ],
      [
       -123.107325,
       49.2821105
      ]
     ]
    ]
   },
   "properties": {
    "sheet": "vancouver_1912_MAP342a_04",
    "block_id": "vancouver_1912_MAP342a_04:block:4:part1",
    "lot_numbers": [
     "1",
     "2",
     "3",
     "4",
     "5",
     "10",
     "12",
     "13",
     "14",
     "15",
     "16",
     "18",
     "41",
     "79",
     "102",
     "157",
     "187"
    ],
    "street_names": [
     "CAMBIE",
     "HOMER ST."
    ],
    "area_source_px2": 536994,
    "centroid_source_px": [
     2899,
     4091
    ],
    "n_outlines": 52,
    "block_number": "11",
    "block_number_inferred": true,
    "compactness": 0.351,
    "streets_through": [],
    "merged_across": null,
    "split_from": {
     "block_number": "4",
     "cut_along": [
      "CAMBIE ST"
     ],
     "part": 1,
     "of": 2
    },
    "streets_1895": [
     {
      "label_1895": "HOMER ST.",
      "modern": [
       "HOMER ST"
      ],
      "side": "NW",
      "distance_px": 63,
      "residual_m": 0.01
     },
     {
      "label_1895": "CAMBIE",
      "modern": [
       "CAMBIE ST"
      ],
      "side": "N",
      "distance_px": 157,
      "residual_m": 0.53
     }
    ],
    "streets_modern": [
     {
      "name": "WEST CORDOVA ST",
      "distance_m": 0.1,
      "bearing_deg": 339,
      "side": "N",
      "ring_share": 0.31
     },
     {
      "name": "WEST HASTINGS ST",
      "distance_m": 2.5,
      "bearing_deg": 257,
      "side": "W",
      "ring_share": 0.29
     },
     {
      "name": "CAMBIE ST",
      "distance_m": 7.9,
      "bearing_deg": 307,
      "side": "NW",
      "ring_share": 0.16
     },
     {
      "name": "ABBOTT ST",
      "distance_m": 9.3,
      "bearing_deg": 117,
      "side": "SE",
      "ring_share": 0.16
     }
    ],
    "nearby_text": [
     "BLM.",
     "BRISBERRY BLACK",
     "Building",
     "Burward",
     "Cordova.",
     "Dominion",
     "Homer",
     "Hotel",
     "Hotel.",
     "IBIE ST.",
     "Jones Building",
     "MAHON BLK",
     "Nagle",
     "OFFICIAL",
     "Theatre",
     "Trusts Bldg.",
     "WARDS"
    ],
    "centroid_map": [
     492138.866,
     5458885.537
    ],
    "is_block": true
   }
  },
  {
   "type": "Feature",
   "geometry": {
    "type": "Polygon",
    "coordinates": [
     [
      [
       -123.1096775,
       49.2825485
      ],
      [
       -123.1096777,
       49.282558
      ],
      [
       -123.1097044,
       49.2825768
      ],
      [
       -123.1097047,
       49.2825847
      ],
      [
       -123.1109039,
       49.2833659
      ],
      [
       -123.1109301,
       49.2833659
      ],
      [
       -123.1109441,
       49.2833579
      ],
      [
       -123.1109727,
       49.2833578
      ],
      [
       -123.1109848,
       49.2833657
      ],
      [
       -123.1109991,
       49.2833672
      ],
      [
       -123.1110258,
       49.2833844
      ],
      [
       -123.111026,
       49.2833939
      ],
      [
       -123.1110405,
       49.2834017
      ],
      [
       -123.1110411,
       49.2834207
      ],
      [
       -123.111027,
       49.2834286
      ],
      [
       -123.1110275,
       49.2834475
      ],
      [
       -123.1110135,
       49.283457
      ],
      [
       -123.1109993,
       49.2834571
      ],
      [
       -123.1109712,
       49.2834746
      ],
      [
       -123.1109593,
       49.2834746
      ],
      [
       -123.1109448,
       49.2834652
      ],
      [
       -123.1109163,
       49.2834653
      ],
      [
       -123.1109041,
       49.2834559
      ],
      [
       -123.1108898,
       49.2834559
      ],
      [
       -123.1108608,
       49.2834387
      ],
      [
       -123.1108624,
       49.2834118
      ],
      [
       -123.1100217,
       49.2828643
      ],
      [
       -123.1100075,
       49.2828644
      ],
      [
       -123.1099818,
       49.2828818
      ],
      [
       -123.1099797,
       49.2828913
      ],
      [
       -123.109954,
       49.2829087
      ],
      [
       -123.1099807,
       49.282926
      ],
      [
       -123.1099812,
       49.2829449
      ],
      [
       -123.1099957,
       49.2829543
      ],
      [
       -123.1100076,
       49.2829543
      ],
      [
       -123.1100221,
       49.2829621
      ],
      [
       -123.1100364,
       49.2829621
      ],
      [
       -123.1100485,
       49.2829715
      ],
      [
       -123.1100628,
       49.2829715
      ],
      [
       -123.1100631,
       49.2829809
      ],
      [
       -123.1100776,
       49.2829888
      ],
      [
       -123.1100778,
       49.2829982
      ],
      [
       -123.11009,
       49.2830076
      ],
      [
       -123.1101042,
       49.2830076
      ],
      [
       -123.1101333,
       49.2830248
      ],
      [
       -123.1101312,
       49.2830343
      ],
      [
       -123.1101602,
       49.2830531
      ],
      [
       -123.1101864,
       49.283053
      ],
      [
       -123.1101869,
       49.2830704
      ],
      [
       -123.1102014,
       49.2830798
      ],
      [
       -123.1102276,
       49.2830797
      ],
      [
       -123.1102281,
       49.2830971
      ],
      [
       -123.1102571,
       49.2831159
      ],
      [
       -123.110269,
       49.2831158
      ],
      [
       -123.1102835,
       49.2831237
      ],
      [
       -123.110284,
       49.2831426
      ],
      [
       -123.1103107,
       49.2831599
      ],
      [
       -123.1103535,
       49.2831597
      ],
      [
       -123.1103657,
       49.2831691
      ],
      [
       -123.1103659,
       49.2831786
      ],
      [
       -123.1103519,
       49.2831865
      ],
      [
       -123.1103664,
       49.2831959
      ],
      [
       -123.1103807,
       49.2831959
      ],
      [
       -123.1103928,
       49.2832053
      ],
      [
       -123.1104214,
       49.2832052
      ],
      [
       -123.1104216,
       49.2832147
      ],
      [
       -123.1104483,
       49.2832319
      ],
      [
       -123.1104768,
       49.2832318
      ],
      [
       -123.1104908,
       49.2832223
      ],
      [
       -123.1105051,
       49.2832223
      ],
      [
       -123.1105318,
       49.2832411
      ],
      [
       -123.1105321,
       49.2832506
      ],
      [
       -123.1105442,
       49.2832584
      ],
      [
       -123.1105444,
       49.2832679
      ],
      [
       -123.1105188,
       49.2832853
      ],
      [
       -123.1105455,
       49.2833041
      ],
      [
       -123.110574,
       49.283304
      ],
      [
       -123.1105862,
       49.2833135
      ],
      [
       -123.1105866,
       49.2833308
      ],
      [
       -123.1106133,
       49.2833481
      ],
      [
       -123.1106276,
       49.283348
      ],
      [
       -123.1106421,
       49.2833574
      ],
      [
       -123.1106564,
       49.2833574
      ],
      [
       -123.1106685,
       49.2833668
      ],
      [
       -123.110669,
       49.2833841
      ],
      [
       -123.1106835,
       49.2833936
      ],
      [
       -123.1107097,
       49.2833935
      ],
      [
       -123.1107242,
       49.2834029
      ],
      [
       -123.1107247,
       49.2834202
      ],
      [
       -123.1107393,
       49.2834296
      ],
      [
       -123.1107372,
       49.2834391
      ],
      [
       -123.1106834,
       49.283474
      ],
      [
       -123.1106692,
       49.2834741
      ],
      [
       -123.1106155,
       49.2835105
      ],
      [
       -123.1106139,
       49.2835374
      ],
      [
       -123.1105999,
       49.2835469
      ],
      [
       -123.1105452,
       49.2835471
      ],
      [
       -123.1104071,
       49.2834577
      ],
      [
       -123.1103254,
       49.2835116
      ],
      [
       -123.1103111,
       49.2835116
      ],
      [
       -123.1102294,
       49.2835656
      ],
      [
       -123.1099967,
       49.2834118
      ],
      [
       -123.1099825,
       49.2834119
      ],
      [
       -123.1099264,
       49.2834483
      ],
      [
       -123.1103117,
       49.2836994
      ],
      [
       -123.1103119,
       49.2837088
      ],
      [
       -123.1099687,
       49.2839341
      ],
      [
       -123.1099283,
       49.2839342
      ],
      [
       -123.1099137,
       49.2839248
      ],
      [
       -123.1099132,
       49.2839074
      ],
      [
       -123.1098865,
       49.2838886
      ],
      [
       -123.1098863,
       49.2838807
      ],
      [
       -123.1098451,
       49.2838541
      ],
      [
       -123.1098047,
       49.2838526
      ],
      [
       -123.1098039,
       49.2838258
      ],
      [
       -123.1097773,
       49.2838086
      ],
      [
       -123.1097344,
       49.2838087
      ],
      [
       -123.1097342,
       49.2837992
      ],
      [
       -123.109722,
       49.2837898
      ],
      [
       -123.1097218,
       49.2837819
      ],
      [
       -123.1096515,
       49.2837364
      ],
      [
       -123.1096254,
       49.2837365
      ],
      [
       -123.1096109,
       49.2837271
      ],
      [
       -123.1096104,
       49.2837098
      ],
      [
       -123.1095837,
       49.2836909
      ],
      [
       -123.1095551,
       49.283691
      ],
      [
       -123.1095573,
       49.2836831
      ],
      [
       -123.1095282,
       49.2836643
      ],
      [
       -123.109514,
       49.2836644
      ],
      [
       -123.1095158,
       49.283647
      ],
      [
       -123.1095013,
       49.2836376
      ],
      [
       -123.1094728,
       49.2836377
      ],
      [
       -123.1094606,
       49.2836283
      ],
      [
       -123.1094601,
       49.2836109
      ],
      [
       -123.1094334,
       49.2835921
      ],
      [
       -123.1094049,
       49.2835922
      ],
      [
       -123.1093904,
       49.2835844
      ],
      [
       -123.1093899,
       49.2835654
      ],
      [
       -123.1093778,
       49.2835576
      ],
      [
       -123.1093492,
       49.2835561
      ],
      [
       -123.1093371,
       49.2835483
      ],
      [
       -123.1093368,
       49.2835388
      ],
      [
       -123.1093078,
       49.2835216
      ],
      [
       -123.1092935,
       49.2835216
      ],
      [
       -123.1092953,
       49.2835027
      ],
      [
       -123.1093094,
       49.2834947
      ],
      [
       -123.1093086,
       49.2834663
      ],
      [
       -123.1093226,
       49.2834584
      ],
      [
       -123.1093221,
       49.2834395
      ],
      [
       -123.1093361,
       49.2834315
      ],
      [
       -123.1093354,
       49.2834047
      ],
      [
       -123.1093494,
       49.2833952
      ],
      [
       -123.1093486,
       49.2833684
      ],
      [
       -123.1093626,
       49.2833589
      ],
      [
       -123.1093481,
       49.2833495
      ],
      [
       -123.1093362,
       49.2833495
      ],
      [
       -123.1093357,
       49.2833322
      ],
      [
       -123.1093497,
       49.2833226
      ],
      [
       -123.1093492,
       49.2833053
      ],
      [
       -123.1093632,
       49.2832958
      ],
      [
       -123.1093627,
       49.2832784
      ],
      [
       -123.1093767,
       49.2832689
      ],
      [
       -123.1093763,
       49.2832516
      ],
      [
       -123.1093903,
       49.283242
      ],
      [
       -123.1093898,
       49.2832247
      ],
      [
       -123.1094038,
       49.2832152
      ],
      [
       -123.1094027,
       49.2831789
      ],
      [
       -123.1094167,
       49.2831694
      ],
      [
       -123.1094184,
       49.2831426
      ],
      [
       -123.1094324,
       49.2831346
      ],
      [
       -123.1094314,
       49.2830983
      ],
      [
       -123.1094454,
       49.2830888
      ],
      [
       -123.1094446,
       49.283062
      ],
      [
       -123.1094586,
       49.2830525
      ],
      [
       -123.1094579,
       49.2830257
      ],
      [
       -123.1094719,
       49.2830178
      ],
      [
       -123.1094714,
       49.2829988
      ],
      [
       -123.1094854,
       49.2829893
      ],
      [
       -123.1094849,
       49.282972
      ],
      [
       -123.1094989,
       49.2829624
      ],
      [
       -123.1095005,
       49.2829356
      ],
      [
       -123.1095122,
       49.2829277
      ],
      [
       -123.109514,
       49.2829088
      ],
      [
       -123.1095281,
       49.2829008
      ],
      [
       -123.1095273,
       49.2828724
      ],
      [
       -123.1095413,
       49.2828645
      ],
      [
       -123.1095408,
       49.2828456
      ],
      [
       -123.1095548,
       49.2828376
      ],
      [
       -123.1095543,
       49.2828187
      ],
      [
       -123.1095683,
       49.2828108
      ],
      [
       -123.1095675,
       49.2827824
      ],
      [
       -123.1095816,
       49.2827744
      ],
      [
       -123.1095811,
       49.2827555
      ],
      [
       -123.1095951,
       49.2827476
      ],
      [
       -123.1095943,
       49.2827207
      ],
      [
       -123.1096083,
       49.2827112
      ],
      [
       -123.1096102,
       49.2826939
      ],
      [
       -123.1096219,
       49.2826844
      ],
      [
       -123.1096235,
       49.2826575
      ],
      [
       -123.1096375,
       49.282648
      ],
      [
       -123.109637,
       49.2826307
      ],
      [
       -123.109651,
       49.2826212
      ],
      [
       -123.1096502,
       49.2825943
      ],
      [
       -123.1096642,
       49.2825848
      ],
      [
       -123.1096635,
       49.282558
      ],
      [
       -123.1096775,
       49.2825485
      ]
     ]
    ]
   },
   "properties": {
    "sheet": "vancouver_1912_MAP342a_04",
    "block_id": "vancouver_1912_MAP342a_04:block:4:part2",
    "lot_numbers": [
     "3",
     "4",
     "5",
     "6",
     "7",
     "8",
     "9",
     "10",
     "12",
     "13",
     "14",
     "15",
     "16",
     "17",
     "18",
     "19",
     "20",
     "21",
     "22",
     "23",
     "24",
     "25",
     "210"
    ],
    "street_names": [
     "CAMBIE",
     "HOMER ST."
    ],
    "area_source_px2": 267438,
    "centroid_source_px": [
     2103,
     3709
    ],
    "n_outlines": 52,
    "block_number": null,
    "block_number_inferred": true,
    "compactness": 0.198,
    "streets_through": [],
    "merged_across": null,
    "split_from": {
     "block_number": "4",
     "cut_along": [
      "CAMBIE ST"
     ],
     "part": 2,
     "of": 2
    },
    "streets_1895": [
     {
      "label_1895": "HOMER ST.",
      "modern": [
       "HOMER ST"
      ],
      "side": "NW",
      "distance_px": 63,
      "residual_m": 0.01
     },
     {
      "label_1895": "CAMBIE",
      "modern": [
       "CAMBIE ST"
      ],
      "side": "N",
      "distance_px": 157,
      "residual_m": 0.53
     }
    ],
    "streets_modern": [
     {
      "name": "WEST HASTINGS ST",
      "distance_m": 0.2,
      "bearing_deg": 286,
      "side": "W",
      "ring_share": 0.5
     },
     {
      "name": "HOMER ST",
      "distance_m": 0.5,
      "bearing_deg": 287,
      "side": "W",
      "ring_share": 0.19
     },
     {
      "name": "CAMBIE ST",
      "distance_m": 7.1,
      "bearing_deg": 122,
      "side": "SE",
      "ring_share": 0.34
     },
     {
      "name": "WEST CORDOVA ST",
      "distance_m": 7.4,
      "bearing_deg": 56,
      "side": "NE",
      "ring_share": 0.21
     }
    ],
    "nearby_text": [
     "BLM.",
     "BRISBERRY BLACK",
     "Building",
     "Burward",
     "Cordova.",
     "Dominion",
     "Homer",
     "Hotel",
     "Hotel.",
     "IBIE ST.",
     "Jones Building",
     "MAHON BLK",
     "Nagle",
     "OFFICIAL",
     "Theatre",
     "Trusts Bldg.",
     "WARDS"
    ],
    "centroid_map": [
     492000.061,
     5458951.965
    ],
    "is_block": true
   }
  },
  {
   "type": "Feature",
   "geometry": {
    "type": "Polygon",
    "coordinates": [
     [
      [
       -123.1045708,
       49.2826094
      ],
      [
       -123.1045974,
       49.2826266
      ],
      [
       -123.1046117,
       49.2826266
      ],
      [
       -123.1046262,
       49.282636
      ],
      [
       -123.1046379,
       49.2826281
      ],
      [
       -123.1046522,
       49.282628
      ],
      [
       -123.1046666,
       49.2826358
      ],
      [
       -123.1046928,
       49.2826357
      ],
      [
       -123.1047073,
       49.2826452
      ],
      [
       -123.1047359,
       49.2826451
      ],
      [
       -123.104748,
       49.2826545
      ],
      [
       -123.1047623,
       49.2826544
      ],
      [
       -123.1047768,
       49.2826638
      ],
      [
       -123.104803,
       49.2826637
      ],
      [
       -123.1048175,
       49.2826716
      ],
      [
       -123.1048722,
       49.2826714
      ],
      [
       -123.1048867,
       49.2826808
      ],
      [
       -123.1049818,
       49.2826805
      ],
      [
       -123.1050109,
       49.2826993
      ],
      [
       -123.1050249,
       49.2826898
      ],
      [
       -123.1050368,
       49.2826897
      ],
      [
       -123.1050513,
       49.2826991
      ],
      [
       -123.1050917,
       49.282699
      ],
      [
       -123.1051208,
       49.2827163
      ],
      [
       -123.1051612,
       49.2827161
      ],
      [
       -123.1051903,
       49.2827349
      ],
      [
       -123.1052019,
       49.2827254
      ],
      [
       -123.1052162,
       49.2827254
      ],
      [
       -123.1052452,
       49.2827442
      ],
      [
       -123.1052568,
       49.2827347
      ],
      [
       -123.1052711,
       49.2827346
      ],
      [
       -123.1053001,
       49.2827519
      ],
      [
       -123.1053263,
       49.2827518
      ],
      [
       -123.1053408,
       49.2827612
      ],
      [
       -123.1053813,
       49.2827611
      ],
      [
       -123.1053958,
       49.2827705
      ],
      [
       -123.1054505,
       49.2827703
      ],
      [
       -123.105465,
       49.2827797
      ],
      [
       -123.1055197,
       49.2827795
      ],
      [
       -123.1055464,
       49.2827968
      ],
      [
       -123.1056011,
       49.2827966
      ],
      [
       -123.1056156,
       49.282806
      ],
      [
       -123.1056703,
       49.2828058
      ],
      [
       -123.105697,
       49.2828246
      ],
      [
       -123.105754,
       49.2828244
      ],
      [
       -123.1057807,
       49.2828417
      ],
      [
       -123.105795,
       49.2828416
      ],
      [
       -123.105809,
       49.2828337
      ],
      [
       -123.1058209,
       49.2828336
      ],
      [
       -123.1058354,
       49.2828415
      ],
      [
       -123.1058901,
       49.2828413
      ],
      [
       -123.1059046,
       49.2828507
      ],
      [
       -123.1059593,
       49.2828505
      ],
      [
       -123.105986,
       49.2828693
      ],
      [
       -123.1060003,
       49.2828693
      ],
      [
       -123.1060148,
       49.2828771
      ],
      [
       -123.1060838,
       49.2828785
      ],
      [
       -123.1061104,
       49.2828957
      ],
      [
       -123.1061508,
       49.2828956
      ],
      [
       -123.1061654,
       49.282905
      ],
      [
       -123.1062058,
       49.2829048
      ],
      [
       -123.1062203,
       49.2829142
      ],
      [
       -123.1062489,
       49.2829141
      ],
      [
       -123.106261,
       49.282922
      ],
      [
       -123.1062752,
       49.2829219
      ],
      [
       -123.1062898,
       49.2829314
      ],
      [
       -123.106304,
       49.2829313
      ],
      [
       -123.1063181,
       49.2829234
      ],
      [
       -123.10633,
       49.2829233
      ],
      [
       -123.106359,
       49.2829406
      ],
      [
       -123.1064137,
       49.2829404
      ],
      [
       -123.1064404,
       49.2829592
      ],
      [
       -123.1064547,
       49.2829592
      ],
      [
       -123.1064687,
       49.2829496
      ],
      [
       -123.1064948,
       49.2829496
      ],
      [
       -123.1065238,
       49.2829668
      ],
      [
       -123.10655,
       49.2829667
      ],
      [
       -123.106564,
       49.2829588
      ],
      [
       -123.1065926,
       49.2829587
      ],
      [
       -123.1066047,
       49.2829681
      ],
      [
       -123.106605,
       49.282976
      ],
      [
       -123.106634,
       49.2829948
      ],
      [
       -123.1066324,
       49.2830216
      ],
      [
       -123.1066207,
       49.2830296
      ],
      [
       -123.1066192,
       49.283058
      ],
      [
       -123.1066051,
       49.2830659
      ],
      [
       -123.1066059,
       49.2830927
      ],
      [
       -123.1065919,
       49.2831022
      ],
      [
       -123.1065924,
       49.2831196
      ],
      [
       -123.1065781,
       49.2831196
      ],
      [
       -123.1065641,
       49.2831291
      ],
      [
       -123.1065644,
       49.2831386
      ],
      [
       -123.1065788,
       49.2831464
      ],
      [
       -123.1065932,
       49.283148
      ],
      [
       -123.1066072,
       49.2831384
      ],
      [
       -123.1066191,
       49.2831384
      ],
      [
       -123.1066331,
       49.2831289
      ],
      [
       -123.1066759,
       49.2831287
      ],
      [
       -123.106688,
       49.2831382
      ],
      [
       -123.1067165,
       49.2831381
      ],
      [
       -123.1067311,
       49.2831475
      ],
      [
       -123.1067289,
       49.2831554
      ],
      [
       -123.1067435,
       49.2831648
      ],
      [
       -123.1067442,
       49.2831916
      ],
      [
       -123.1067302,
       49.2832011
      ],
      [
       -123.1067307,
       49.2832185
      ],
      [
       -123.1067027,
       49.2832375
      ],
      [
       -123.1066884,
       49.2832375
      ],
      [
       -123.1066744,
       49.2832455
      ],
      [
       -123.1066482,
       49.2832456
      ],
      [
       -123.1066337,
       49.2832377
      ],
      [
       -123.1066195,
       49.2832378
      ],
      [
       -123.1066073,
       49.2832284
      ],
      [
       -123.106593,
       49.2832284
      ],
      [
       -123.1065785,
       49.283219
      ],
      [
       -123.1065645,
       49.2832285
      ],
      [
       -123.1065647,
       49.2832364
      ],
      [
       -123.1065505,
       49.2832365
      ],
      [
       -123.1065388,
       49.283246
      ],
      [
       -123.1065367,
       49.2832554
      ],
      [
       -123.1065513,
       49.2832648
      ],
      [
       -123.106552,
       49.2832917
      ],
      [
       -123.106538,
       49.2832996
      ],
      [
       -123.1065382,
       49.2833091
      ],
      [
       -123.106524,
       49.2833091
      ],
      [
       -123.1065094,
       49.2832997
      ],
      [
       -123.106469,
       49.2832998
      ],
      [
       -123.1064545,
       49.283292
      ],
      [
       -123.1064283,
       49.2832905
      ],
      [
       -123.1064138,
       49.2832827
      ],
      [
       -123.1063734,
       49.2832828
      ],
      [
       -123.1063589,
       49.2832734
      ],
      [
       -123.1063303,
       49.2832735
      ],
      [
       -123.1063182,
       49.2832641
      ],
      [
       -123.1062754,
       49.2832643
      ],
      [
       -123.1062632,
       49.2832548
      ],
      [
       -123.1062347,
       49.2832549
      ],
      [
       -123.1062226,
       49.2832471
      ],
      [
       -123.1061798,
       49.2832472
      ],
      [
       -123.1061652,
       49.2832378
      ],
      [
       -123.1061391,
       49.2832379
      ],
      [
       -123.1061245,
       49.2832285
      ],
      [
       -123.1060841,
       49.2832287
      ],
      [
       -123.1060696,
       49.2832192
      ],
      [
       -123.1060434,
       49.2832193
      ],
      [
       -123.1060289,
       49.2832099
      ],
      [
       -123.1059885,
       49.2832101
      ],
      [
       -123.105974,
       49.2832022
      ],
      [
       -123.1059454,
       49.2832023
      ],
      [
       -123.1059333,
       49.2831929
      ],
      [
       -123.1058905,
       49.2831931
      ],
      [
       -123.1058783,
       49.2831836
      ],
      [
       -123.1058355,
       49.2831838
      ],
      [
       -123.1058233,
       49.2831744
      ],
      [
       -123.1057948,
       49.2831745
      ],
      [
       -123.1057803,
       49.2831666
      ],
      [
       -123.1057399,
       49.2831652
      ],
      [
       -123.1057254,
       49.2831574
      ],
      [
       -123.1056992,
       49.2831575
      ],
      [
       -123.1056847,
       49.2831481
      ],
      [
       -123.1056442,
       49.2831482
      ],
      [
       -123.1056297,
       49.2831388
      ],
      [
       -123.1056036,
       49.2831389
      ],
      [
       -123.105589,
       49.2831295
      ],
      [
       -123.1055486,
       49.2831296
      ],
      [
       -123.1055341,
       49.2831218
      ],
      [
       -123.1055056,
       49.2831219
      ],
      [
       -123.1054934,
       49.2831125
      ],
      [
       -123.1054649,
       49.2831126
      ],
      [
       -123.1054503,
       49.2831031
      ],
      [
       -123.1054099,
       49.2831033
      ],
      [
       -123.1053954,
       49.2830939
      ],
      [
       -123.1053692,
       49.283094
      ],
      [
       -123.1053547,
       49.2830861
      ],
      [
       -123.1053261,
       49.2830847
      ],
      [
       -123.105314,
       49.2830768
      ],
      [
       -123.1052855,
       49.2830769
      ],
      [
       -123.1052733,
       49.2830675
      ],
      [
       -123.1052448,
       49.2830676
      ],
      [
       -123.1052303,
       49.2830582
      ],
      [
       -123.1051898,
       49.2830583
      ],
      [
       -123.1051753,
       49.2830489
      ],
      [
       -123.1051492,
       49.283049
      ],
      [
       -123.1051347,
       49.2830412
      ],
      [
       -123.1051061,
       49.2830413
      ],
      [
       -123.105094,
       49.2830318
      ],
      [
       -123.1050512,
       49.283032
      ],
      [
       -123.105039,
       49.2830226
      ],
      [
       -123.1050105,
       49.2830227
      ],
      [
       -123.1049983,
       49.2830133
      ],
      [
       -123.1049698,
       49.2830134
      ],
      [
       -123.1049553,
       49.2830055
      ],
      [
       -123.1049148,
       49.2830041
      ],
      [
       -123.1049003,
       49.2829963
      ],
      [
       -123.1048742,
       49.2829963
      ],
      [
       -123.1048596,
       49.2829869
      ],
      [
       -123.1048192,
       49.2829871
      ],
      [
       -123.1048047,
       49.2829777
      ],
      [
       -123.1047907,
       49.2829872
      ],
      [
       -123.1047761,
       49.2829778
      ],
      [
       -123.10475,
       49.2829779
      ],
      [
       -123.1047355,
       49.2829684
      ],
      [
       -123.1047093,
       49.2829685
      ],
      [
       -123.1046948,
       49.2829607
      ],
      [
       -123.1046544,
       49.2829608
      ],
      [
       -123.1046398,
       49.2829514
      ],
      [
       -123.1046113,
       49.2829515
      ],
      [
       -123.1045992,
       49.2829421
      ],
      [
       -123.1045706,
       49.2829422
      ],
      [
       -123.1045561,
       49.2829328
      ],
      [
       -123.1045299,
       49.2829329
      ],
      [
       -123.1045154,
       49.2829235
      ],
      [
       -123.104475,
       49.2829236
      ],
      [
       -123.1044605,
       49.2829158
      ],
      [
       -123.1044343,
       49.2829159
      ],
      [
       -123.1044341,
       49.2829064
      ],
      [
       -123.1044195,
       49.282897
      ],
      [
       -123.1044193,
       49.2828891
      ],
      [
       -123.1044048,
       49.2828797
      ],
      [
       -123.1044045,
       49.2828702
      ],
      [
       -123.1044325,
       49.2828528
      ],
      [
       -123.1044204,
       49.2828434
      ],
      [
       -123.1044196,
       49.2828165
      ],
      [
       -123.1044336,
       49.282807
      ],
      [
       -123.1044329,
       49.2827802
      ],
      [
       -123.1044183,
       49.2827708
      ],
      [
       -123.1044202,
       49.2827534
      ],
      [
       -123.1044319,
       49.2827439
      ],
      [
       -123.104434,
       49.282736
      ],
      [
       -123.1044456,
       49.2827265
      ],
      [
       -123.1044473,
       49.2826997
      ],
      [
       -123.1044327,
       49.2826903
      ],
      [
       -123.1044322,
       49.282673
      ],
      [
       -123.1044465,
       49.2826729
      ],
      [
       -123.1044745,
       49.2826539
      ],
      [
       -123.1044743,
       49.282646
      ],
      [
       -123.1044883,
       49.2826365
      ],
      [
       -123.1044878,
       49.2826191
      ],
      [
       -123.1045018,
       49.2826096
      ],
      [
       -123.1045161,
       49.2826096
      ],
      [
       -123.1045282,
       49.282619
      ],
      [
       -123.1045425,
       49.2826189
      ],
      [
       -123.1045565,
       49.2826094
      ],
      [
       -123.1045708,
       49.2826094
      ]
     ]
    ]
   },
   "properties": {
    "sheet": "vancouver_1912_MAP342a_04",
    "block_id": "vancouver_1912_MAP342a_04:block:2:part1",
    "lot_numbers": [
     "8",
     "9",
     "12",
     "15",
     "205"
    ],
    "street_names": [
     "ABBOTT",
     "CORDOVA ST. WEST",
     "CORDOVA ST.WEST"
    ],
    "area_source_px2": 194439,
    "centroid_source_px": [
     3952,
     3906
    ],
    "n_outlines": 32,
    "block_number": null,
    "block_number_inferred": true,
    "compactness": 0.348,
    "streets_through": [],
    "merged_across": null,
    "split_from": {
     "block_number": "2",
     "cut_along": [
      "TROUNCE ALLEY"
     ],
     "part": 1,
     "of": 2
    },
    "streets_1895": [
     {
      "label_1895": "CORDOVA ST. WEST",
      "modern": [
       "WEST CORDOVA ST"
      ],
      "side": "SW",
      "distance_px": 42,
      "residual_m": 0.33
     },
     {
      "label_1895": "ABBOTT",
      "modern": [
       "ABBOTT ST"
      ],
      "side": "NW",
      "distance_px": 44,
      "residual_m": 0.23
     },
     {
      "label_1895": "CORDOVA ST.WEST",
      "modern": [
       "WEST CORDOVA ST"
      ],
      "side": "SW",
      "distance_px": 45,
      "residual_m": 0.81
     }
    ],
    "streets_modern": [
     {
      "name": "ABBOTT ST",
      "distance_m": 0.5,
      "bearing_deg": 291,
      "side": "W",
      "ring_share": 0.21
     },
     {
      "name": "WEST CORDOVA ST",
      "distance_m": 6.4,
      "bearing_deg": 264,
      "side": "W",
      "ring_share": 0.39
     },
     {
      "name": "TROUNCE ALLEY",
      "distance_m": 7.2,
      "bearing_deg": 343,
      "side": "N",
      "ring_share": 0.43
     },
     {
      "name": "CARRALL ST",
      "distance_m": 8.5,
      "bearing_deg": 97,
      "side": "E",
      "ring_share": 0.11
     }
    ],
    "nearby_text": [
     "219,915)Water Line",
     "Crenne",
     "DISTRICT",
     "FRI",
     "Hotel",
     "Original Water Line",
     "Plan No 210",
     "WALLER BLK",
     "Winters",
     "inol"
    ],
    "centroid_map": [
     492320.427,
     5458918.716
    ],
    "is_block": true
   }
  },
  {
   "type": "Feature",
   "geometry": {
    "type": "Polygon",
    "coordinates": [
     [
      [
       -123.1044193,
       49.2830595
      ],
      [
       -123.1044339,
       49.2830689
      ],
      [
       -123.1044743,
       49.2830688
      ],
      [
       -123.1044888,
       49.2830766
      ],
      [
       -123.1045292,
       49.2830764
      ],
      [
       -123.1045437,
       49.2830859
      ],
      [
       -123.1045699,
       49.2830858
      ],
      [
       -123.1045844,
       49.2830952
      ],
      [
       -123.1046272,
       49.283095
      ],
      [
       -123.1046394,
       49.2831044
      ],
      [
       -123.1046679,
       49.2831043
      ],
      [
       -123.1046801,
       49.2831138
      ],
      [
       -123.1047086,
       49.2831137
      ],
      [
       -123.1047231,
       49.2831215
      ],
      [
       -123.1047372,
       49.2831136
      ],
      [
       -123.1047493,
       49.2831214
      ],
      [
       -123.1047778,
       49.2831213
      ],
      [
       -123.1047923,
       49.2831307
      ],
      [
       -123.1048328,
       49.2831306
      ],
      [
       -123.1048473,
       49.28314
      ],
      [
       -123.1048735,
       49.2831399
      ],
      [
       -123.104888,
       49.2831493
      ],
      [
       -123.1049142,
       49.2831492
      ],
      [
       -123.1049286,
       49.2831571
      ],
      [
       -123.1049691,
       49.2831569
      ],
      [
       -123.1049836,
       49.2831663
      ],
      [
       -123.1050121,
       49.2831662
      ],
      [
       -123.1050243,
       49.2831756
      ],
      [
       -123.1050671,
       49.2831755
      ],
      [
       -123.1050793,
       49.2831849
      ],
      [
       -123.1051078,
       49.2831848
      ],
      [
       -123.1051223,
       49.2831942
      ],
      [
       -123.1051485,
       49.2831941
      ],
      [
       -123.105163,
       49.283202
      ],
      [
       -123.1052034,
       49.2832018
      ],
      [
       -123.1052179,
       49.2832112
      ],
      [
       -123.1052441,
       49.2832111
      ],
      [
       -123.1052586,
       49.2832206
      ],
      [
       -123.1052872,
       49.2832205
      ],
      [
       -123.1052993,
       49.2832299
      ],
      [
       -123.1053279,
       49.2832298
      ],
      [
       -123.1053423,
       49.2832376
      ],
      [
       -123.1053685,
       49.2832375
      ],
      [
       -123.105383,
       49.2832469
      ],
      [
       -123.1054235,
       49.2832468
      ],
      [
       -123.105438,
       49.2832562
      ],
      [
       -123.1054642,
       49.2832561
      ],
      [
       -123.1054787,
       49.2832655
      ],
      [
       -123.1055072,
       49.2832654
      ],
      [
       -123.1055194,
       49.2832748
      ],
      [
       -123.1055622,
       49.2832747
      ],
      [
       -123.1055743,
       49.2832825
      ],
      [
       -123.1056028,
       49.2832824
      ],
      [
       -123.1056174,
       49.2832918
      ],
      [
       -123.1056578,
       49.2832917
      ],
      [
       -123.1056723,
       49.2833011
      ],
      [
       -123.1056985,
       49.283301
      ],
      [
       -123.105713,
       49.2833104
      ],
      [
       -123.1057534,
       49.2833103
      ],
      [
       -123.1057679,
       49.2833181
      ],
      [
       -123.1057965,
       49.2833196
      ],
      [
       -123.1058086,
       49.2833274
      ],
      [
       -123.1058514,
       49.2833273
      ],
      [
       -123.1058636,
       49.2833367
      ],
      [
       -123.1058921,
       49.2833366
      ],
      [
       -123.1059043,
       49.283346
      ],
      [
       -123.1059471,
       49.2833459
      ],
      [
       -123.1059592,
       49.2833553
      ],
      [
       -123.1059878,
       49.2833552
      ],
      [
       -123.1060023,
       49.283363
      ],
      [
       -123.1060427,
       49.2833629
      ],
      [
       -123.1060572,
       49.2833723
      ],
      [
       -123.1060834,
       49.2833722
      ],
      [
       -123.1060979,
       49.2833816
      ],
      [
       -123.1061384,
       49.2833815
      ],
      [
       -123.1061529,
       49.2833909
      ],
      [
       -123.1061933,
       49.2833907
      ],
      [
       -123.1062078,
       49.2834002
      ],
      [
       -123.1062364,
       49.2834001
      ],
      [
       -123.1062485,
       49.2834079
      ],
      [
       -123.1062913,
       49.2834078
      ],
      [
       -123.1063035,
       49.2834172
      ],
      [
       -123.106332,
       49.2834171
      ],
      [
       -123.1063465,
       49.2834265
      ],
      [
       -123.106387,
       49.2834263
      ],
      [
       -123.1064015,
       49.2834358
      ],
      [
       -123.1064276,
       49.2834357
      ],
      [
       -123.1064421,
       49.2834435
      ],
      [
       -123.1064564,
       49.2834434
      ],
      [
       -123.1064686,
       49.2834529
      ],
      [
       -123.1064691,
       49.2834718
      ],
      [
       -123.106427,
       49.2834988
      ],
      [
       -123.1064273,
       49.2835066
      ],
      [
       -123.1064418,
       49.2835161
      ],
      [
       -123.1064423,
       49.2835334
      ],
      [
       -123.1064143,
       49.2835524
      ],
      [
       -123.1064146,
       49.2835619
      ],
      [
       -123.1064005,
       49.2835698
      ],
      [
       -123.106401,
       49.2835888
      ],
      [
       -123.1064155,
       49.2835966
      ],
      [
       -123.1064158,
       49.2836061
      ],
      [
       -123.1064018,
       49.2836156
      ],
      [
       -123.1063875,
       49.2836156
      ],
      [
       -123.1063735,
       49.2836236
      ],
      [
       -123.1063742,
       49.2836504
      ],
      [
       -123.1063602,
       49.2836599
      ],
      [
       -123.1063594,
       49.2837135
      ],
      [
       -123.1063314,
       49.2837326
      ],
      [
       -123.1063319,
       49.2837499
      ],
      [
       -123.1063179,
       49.2837594
      ],
      [
       -123.1063181,
       49.2837689
      ],
      [
       -123.1062776,
       49.2837675
      ],
      [
       -123.1062632,
       49.2837596
      ],
      [
       -123.1062227,
       49.2837598
      ],
      [
       -123.1062087,
       49.2837677
      ],
      [
       -123.1061944,
       49.2837678
      ],
      [
       -123.1061942,
       49.2837599
      ],
      [
       -123.106182,
       49.2837505
      ],
      [
       -123.1061392,
       49.2837506
      ],
      [
       -123.1061271,
       49.2837412
      ],
      [
       -123.1061128,
       49.2837412
      ],
      [
       -123.1060983,
       49.2837318
      ],
      [
       -123.106084,
       49.2837319
      ],
      [
       -123.1060724,
       49.2837414
      ],
      [
       -123.1060434,
       49.2837241
      ],
      [
       -123.1060172,
       49.2837227
      ],
      [
       -123.1060027,
       49.2837148
      ],
      [
       -123.1059622,
       49.283715
      ],
      [
       -123.1059477,
       49.2837055
      ],
      [
       -123.1059073,
       49.2837057
      ],
      [
       -123.1058933,
       49.2837152
      ],
      [
       -123.105879,
       49.2837153
      ],
      [
       -123.1058523,
       49.2836964
      ],
      [
       -123.105838,
       49.2836965
      ],
      [
       -123.105824,
       49.283706
      ],
      [
       -123.1057812,
       49.2837061
      ],
      [
       -123.1057831,
       49.2836872
      ],
      [
       -123.1057686,
       49.2836794
      ],
      [
       -123.1057543,
       49.2836794
      ],
      [
       -123.1057403,
       49.2836874
      ],
      [
       -123.1057284,
       49.2836874
      ],
      [
       -123.1056994,
       49.2836701
      ],
      [
       -123.1056732,
       49.2836702
      ],
      [
       -123.1056441,
       49.2836514
      ],
      [
       -123.1056299,
       49.2836515
      ],
      [
       -123.1056182,
       49.283661
      ],
      [
       -123.105604,
       49.283661
      ],
      [
       -123.1055749,
       49.2836422
      ],
      [
       -123.1055633,
       49.2836517
      ],
      [
       -123.1055205,
       49.2836519
      ],
      [
       -123.1055202,
       49.2836424
      ],
      [
       -123.1055081,
       49.2836345
      ],
      [
       -123.1054938,
       49.2836346
      ],
      [
       -123.1054798,
       49.2836425
      ],
      [
       -123.1054655,
       49.2836426
      ],
      [
       -123.1054653,
       49.2836347
      ],
      [
       -123.1054531,
       49.2836253
      ],
      [
       -123.1054246,
       49.2836254
      ],
      [
       -123.1054106,
       49.2836333
      ],
      [
       -123.1053963,
       49.2836334
      ],
      [
       -123.1053961,
       49.2836255
      ],
      [
       -123.1053839,
       49.2836161
      ],
      [
       -123.1053696,
       49.2836161
      ],
      [
       -123.1053551,
       49.2836067
      ],
      [
       -123.1053432,
       49.2836067
      ],
      [
       -123.1053292,
       49.2836163
      ],
      [
       -123.1053149,
       49.2836163
      ],
      [
       -123.1052883,
       49.2835975
      ],
      [
       -123.1052597,
       49.2835976
      ],
      [
       -123.1052452,
       49.2835897
      ],
      [
       -123.1052191,
       49.2835898
      ],
      [
       -123.105205,
       49.2835978
      ],
      [
       -123.1052048,
       49.2835899
      ],
      [
       -123.1051903,
       49.2835805
      ],
      [
       -123.1051641,
       49.2835806
      ],
      [
       -123.1051501,
       49.2835901
      ],
      [
       -123.1051215,
       49.2835886
      ],
      [
       -123.1051213,
       49.2835807
      ],
      [
       -123.1050946,
       49.2835619
      ],
      [
       -123.1050666,
       49.2835809
      ],
      [
       -123.1050668,
       49.2835888
      ],
      [
       -123.1050388,
       49.2836078
      ],
      [
       -123.1050269,
       49.2836079
      ],
      [
       -123.1050129,
       49.2836158
      ],
      [
       -123.1049986,
       49.2836159
      ],
      [
       -123.1049574,
       49.2835892
      ],
      [
       -123.1049289,
       49.2835893
      ],
      [
       -123.1049286,
       49.2835798
      ],
      [
       -123.1049165,
       49.283572
      ],
      [
       -123.104888,
       49.2835721
      ],
      [
       -123.1048877,
       49.2835626
      ],
      [
       -123.1048611,
       49.2835454
      ],
      [
       -123.1048063,
       49.283544
      ],
      [
       -123.1048061,
       49.2835361
      ],
      [
       -123.1047916,
       49.2835267
      ],
      [
       -123.1047773,
       49.2835267
      ],
      [
       -123.1047652,
       49.2835173
      ],
      [
       -123.1047649,
       49.2835094
      ],
      [
       -123.1047504,
       49.2835
      ],
      [
       -123.1047361,
       49.2835001
      ],
      [
       -123.1047221,
       49.283508
      ],
      [
       -123.1047102,
       49.283508
      ],
      [
       -123.1046957,
       49.2835002
      ],
      [
       -123.1046814,
       49.2835003
      ],
      [
       -123.1046693,
       49.2834908
      ],
      [
       -123.104655,
       49.2834909
      ],
      [
       -123.1046405,
       49.2834815
      ],
      [
       -123.1045715,
       49.2834817
      ],
      [
       -123.104557,
       49.2834723
      ],
      [
       -123.1045451,
       49.2834723
      ],
      [
       -123.1045306,
       49.2834645
      ],
      [
       -123.1045021,
       49.2834646
      ],
      [
       -123.1044899,
       49.2834552
      ],
      [
       -123.1044614,
       49.2834553
      ],
      [
       -123.1044492,
       49.2834459
      ],
      [
       -123.104435,
       49.2834459
      ],
      [
       -123.1044339,
       49.2834096
      ],
      [
       -123.1044194,
       49.2834018
      ],
      [
       -123.1044208,
       49.2833655
      ],
      [
       -123.1044063,
       49.2833561
      ],
      [
       -123.104406,
       49.2833466
      ],
      [
       -123.10442,
       49.2833387
      ],
      [
       -123.1044198,
       49.2833292
      ],
      [
       -123.1044076,
       49.2833198
      ],
      [
       -123.1044071,
       49.2833025
      ],
      [
       -123.1044211,
       49.2832929
      ],
      [
       -123.1044207,
       49.2832756
      ],
      [
       -123.1044061,
       49.2832662
      ],
      [
       -123.1044059,
       49.2832567
      ],
      [
       -123.1044199,
       49.2832488
      ],
      [
       -123.1044194,
       49.2832299
      ],
      [
       -123.1044072,
       49.2832204
      ],
      [
       -123.1044065,
       49.2831936
      ],
      [
       -123.1044207,
       49.2831936
      ],
      [
       -123.1044348,
       49.2831856
      ],
      [
       -123.1044335,
       49.2831399
      ],
      [
       -123.1044068,
       49.2831226
      ],
      [
       -123.1044063,
       49.2831037
      ],
      [
       -123.1044204,
       49.2830958
      ],
      [
       -123.1044201,
       49.2830863
      ],
      [
       -123.1044056,
       49.2830769
      ],
      [
       -123.1044051,
       49.2830595
      ],
      [
       -123.1044193,
       49.2830595
      ]
     ]
    ]
   },
   "properties": {
    "sheet": "vancouver_1912_MAP342a_04",
    "block_id": "vancouver_1912_MAP342a_04:block:2:part2",
    "lot_numbers": [
     "2",
     "3",
     "4",
     "26",
     "50",
     "66"
    ],
    "street_names": [
     "ABBOTT",
     "CORDOVA ST. WEST",
     "CORDOVA ST.WEST"
    ],
    "area_source_px2": 200352,
    "centroid_source_px": [
     4051,
     3610
    ],
    "n_outlines": 32,
    "block_number": "05",
    "block_number_inferred": true,
    "compactness": 0.402,
    "streets_through": [],
    "merged_across": null,
    "split_from": {
     "block_number": "2",
     "cut_along": [
      "TROUNCE ALLEY"
     ],
     "part": 2,
     "of": 2
    },
    "streets_1895": [
     {
      "label_1895": "CORDOVA ST. WEST",
      "modern": [
       "WEST CORDOVA ST"
      ],
      "side": "SW",
      "distance_px": 42,
      "residual_m": 0.33
     },
     {
      "label_1895": "ABBOTT",
      "modern": [
       "ABBOTT ST"
      ],
      "side": "NW",
      "distance_px": 44,
      "residual_m": 0.23
     },
     {
      "label_1895": "CORDOVA ST.WEST",
      "modern": [
       "WEST CORDOVA ST"
      ],
      "side": "SW",
      "distance_px": 45,
      "residual_m": 0.81
     }
    ],
    "streets_modern": [
     {
      "name": "GAOLER'S MEWS",
      "distance_m": 0.5,
      "bearing_deg": 128,
      "side": "SE",
      "ring_share": 0.16
     },
     {
      "name": "WATER ST",
      "distance_m": 2.6,
      "bearing_deg": 51,
      "side": "NE",
      "ring_share": 0.47
     },
     {
      "name": "TROUNCE ALLEY",
      "distance_m": 7.3,
      "bearing_deg": 138,
      "side": "SE",
      "ring_share": 0.41
     },
     {
      "name": "ABBOTT ST",
      "distance_m": 7.7,
      "bearing_deg": 283,
      "side": "W",
      "ring_share": 0.12
     }
    ],
    "nearby_text": [
     "219,915)Water Line",
     "Crenne",
     "DISTRICT",
     "FRI",
     "Hotel",
     "Original Water Line",
     "Plan No 210",
     "WALLER BLK",
     "Winters",
     "inol"
    ],
    "centroid_map": [
     492336.666,
     5458970.691
    ],
    "is_block": true
   }
  }
 ]
}