{
 "type": "FeatureCollection",
 "georeference": {
  "rms_m": 0.4897920555996554,
  "n_labels": 12,
  "from": "vancouver_1912_MAP342a_04_georef.json"
 },
 "source_outlines": "runs/hunyuan/2026-09-15_tiles_vancouver_1912_MAP342a_04/vancouver_1912_MAP342a_04_outlines_px.geojson",
 "lot_convention": "numbered",
 "note": "enclosed outlines inside the traced blocks (footprints, yards, courtyards — the plan's linework, not classified); text_inside = OCR tokens whose centre lies inside, in reading order; numerals_inside / words_inside = the same split by regex; floors = null unless --floors single-numeral-1-3 (Sanborn): then the single numeral inside when it reads 1 to 3 inclusive (1½ -> 1.5); a field for a person to fill otherwise; wash_rgb / wash_chroma / wash_lightness_delta / hue_deg = the measured colour inside the outline relative to the paper; material = that colour looked up in the key given with --legend (colour words or calibrated hue ranges), else null; block_id links to <stem>_blocks_px.geojson",
 "paper_chroma": 0.0,
 "legend": "configs/legend/goad_sanborn_default.json",
 "features": [
  {
   "type": "Feature",
   "geometry": {
    "type": "Polygon",
    "coordinates": [
     [
      [
       -123.1111733,
       49.2868386
      ],
      [
       -123.1112145,
       49.2867801
      ],
      [
       -123.1111742,
       49.286785
      ],
      [
       -123.1112282,
       49.2867611
      ],
      [
       -123.1113032,
       49.2866394
      ],
      [
       -123.1111546,
       49.2865989
      ],
      [
       -123.1110608,
       49.2867286
      ],
      [
       -123.1110246,
       49.286795
      ],
      [
       -123.1110894,
       49.2868153
      ],
      [
       -123.1111483,
       49.2867945
      ],
      [
       -123.1111085,
       49.2868183
      ],
      [
       -123.1111733,
       49.2868386
      ]
     ]
    ]
   },
   "properties": {
    "sheet": "vancouver_1912_MAP342a_04",
    "outline_id": "vancouver_1912_MAP342a_04:block:fid0:outline0",
    "block_id": null,
    "block_fid": 0,
    "block_number": null,
    "text_inside": [],
    "numerals_inside": [],
    "words_inside": [],
    "floors": null,
    "wash_rgb": [
     253,
     245,
     154
    ],
    "wash_chroma": 45.9,
    "wash_lightness_delta": -11.0,
    "hue_deg": 56,
    "material": "frame (wood)",
    "area_source_px2": 9436,
    "centroid_source_px": [
     1654,
     1521
    ],
    "orphan": true,
    "orphan_because": "its block was rejected, split away or never traced",
    "centroid_map": [
     491915.88,
     5459335.334
    ]
   }
  },
  {
   "type": "Feature",
   "geometry": {
    "type": "Polygon",
    "coordinates": [
     [
      [
       -123.1115655,
       49.2865769
      ],
      [
       -123.11113,
       49.2864018
      ],
      [
       -123.1109693,
       49.2863519
      ],
      [
       -123.1107372,
       49.2863023
      ],
      [
       -123.1104935,
       49.2862653
      ],
      [
       -123.1104746,
       49.2862685
      ],
      [
       -123.1115561,
       49.2865801
      ],
      [
       -123.1115655,
       49.2865769
      ]
     ]
    ]
   },
   "properties": {
    "sheet": "vancouver_1912_MAP342a_04",
    "outline_id": "vancouver_1912_MAP342a_04:block:1:outline1",
    "block_id": null,
    "block_fid": 1,
    "block_number": null,
    "text_inside": [],
    "numerals_inside": [],
    "words_inside": [],
    "floors": null,
    "wash_rgb": [
     254,
     254,
     254
    ],
    "wash_chroma": 0.1,
    "wash_lightness_delta": -0.1,
    "hue_deg": 0,
    "material": "not a building (open lot, yard or court)",
    "area_source_px2": 10806,
    "centroid_source_px": [
     1715,
     1721
    ],
    "orphan": true,
    "orphan_because": "its block was rejected, split away or never traced",
    "centroid_map": [
     491927.027,
     5459300.305
    ]
   }
  },
  {
   "type": "Feature",
   "geometry": {
    "type": "Polygon",
    "coordinates": [
     [
      [
       -123.1122257,
       49.2865414
      ],
      [
       -123.1122207,
       49.2865335
      ],
      [
       -123.1119304,
       49.2864431
      ],
      [
       -123.1118907,
       49.28647
      ],
      [
       -123.1121812,
       49.2865668
      ],
      [
       -123.1122257,
       49.2865414
      ]
     ]
    ]
   },
   "properties": {
    "sheet": "vancouver_1912_MAP342a_04",
    "outline_id": "vancouver_1912_MAP342a_04:block:1:outline2",
    "block_id": null,
    "block_fid": 1,
    "block_number": null,
    "text_inside": [],
    "numerals_inside": [],
    "words_inside": [],
    "floors": null,
    "wash_rgb": [
     254,
     254,
     254
    ],
    "wash_chroma": 0.0,
    "wash_lightness_delta": -0.1,
    "hue_deg": 0,
    "material": "not a building (open lot, yard or court)",
    "area_source_px2": 3382,
    "centroid_source_px": [
     1275,
     1652
    ],
    "orphan": true,
    "orphan_because": "its block was rejected, split away or never traced",
    "centroid_map": [
     491850.724,
     5459312.096
    ]
   }
  },
  {
   "type": "Feature",
   "geometry": {
    "type": "Polygon",
    "coordinates": [
     [
      [
       -123.1122841,
       49.2865033
      ],
      [
       -123.1119864,
       49.2864082
      ],
      [
       -123.1119373,
       49.2864352
      ],
      [
       -123.1122373,
       49.2865319
      ],
      [
       -123.1122841,
       49.2865033
      ]
     ]
    ]
   },
   "properties": {
    "sheet": "vancouver_1912_MAP342a_04",
    "outline_id": "vancouver_1912_MAP342a_04:block:1:outline3",
    "block_id": null,
    "block_fid": 1,
    "block_number": null,
    "text_inside": [],
    "numerals_inside": [],
    "words_inside": [],
    "floors": null,
    "wash_rgb": [
     254,
     254,
     254
    ],
    "wash_chroma": 0.0,
    "wash_lightness_delta": -0.0,
    "hue_deg": 0,
    "material": "not a building (open lot, yard or court)",
    "area_source_px2": 3440,
    "centroid_source_px": [
     1252,
     1674
    ],
    "orphan": true,
    "orphan_because": "its block was rejected, split away or never traced",
    "centroid_map": [
     491846.812,
     5459308.222
    ]
   }
  },
  {
   "type": "Feature",
   "geometry": {
    "type": "Polygon",
    "coordinates": [
     [
      [
       -123.1118182,
       49.2865129
      ],
      [
       -123.1117147,
       49.2864723
      ],
      [
       -123.1104882,
       49.2860776
      ],
      [
       -123.1076971,
       49.2852721
      ],
      [
       -123.1075823,
       49.2852488
      ],
      [
       -123.1075292,
       49.2852237
      ],
      [
       -123.1073975,
       49.2851895
      ],
      [
       -123.1073809,
       49.2851927
      ],
      [
       -123.107371,
       49.2851786
      ],
      [
       -123.1072511,
       49.2851443
      ],
      [
       -123.1072277,
       49.2851586
      ],
      [
       -123.107252,
       49.2851774
      ],
      [
       -123.1104627,
       49.2860998
      ],
      [
       -123.1115143,
       49.2864477
      ],
      [
       -123.1117995,
       49.2865256
      ],
      [
       -123.1118182,
       49.2865129
      ]
     ]
    ]
   },
   "properties": {
    "sheet": "vancouver_1912_MAP342a_04",
    "outline_id": "vancouver_1912_MAP342a_04:block:1:outline4",
    "block_id": null,
    "block_fid": 1,
    "block_number": null,
    "text_inside": [
     "Rait"
    ],
    "numerals_inside": [],
    "words_inside": [
     "Rait"
    ],
    "floors": null,
    "wash_rgb": [
     254,
     254,
     254
    ],
    "wash_chroma": 0.1,
    "wash_lightness_delta": -0.1,
    "hue_deg": 0,
    "material": "not a building (open lot, yard or court)",
    "area_source_px2": 39206,
    "centroid_source_px": [
     2315,
     2082
    ],
    "orphan": true,
    "orphan_because": "its block was rejected, split away or never traced",
    "centroid_map": [
     492031.872,
     5459237.421
    ]
   }
  },
  {
   "type": "Feature",
   "geometry": {
    "type": "Polygon",
    "coordinates": [
     [
      [
       -123.1119185,
       49.2864447
      ],
      [
       -123.1118031,
       49.2864025
      ],
      [
       -123.1104787,
       49.2859924
      ],
      [
       -123.108649,
       49.2854611
      ],
      [
       -123.1086206,
       49.2854675
      ],
      [
       -123.1086155,
       49.2854533
      ],
      [
       -123.1084788,
       49.2854128
      ],
      [
       -123.1084623,
       49.2854176
      ],
      [
       -123.1084116,
       49.2853925
      ],
      [
       -123.1083039,
       49.2853677
      ],
      [
       -123.108167,
       49.2853224
      ],
      [
       -123.1081027,
       49.2853179
      ],
      [
       -123.1080783,
       49.2852975
      ],
      [
       -123.1077714,
       49.2852087
      ],
      [
       -123.1077261,
       49.2852057
      ],
      [
       -123.1076979,
       49.2852184
      ],
      [
       -123.1104891,
       49.2860255
      ],
      [
       -123.1117252,
       49.2864217
      ],
      [
       -123.1117826,
       49.2864341
      ],
      [
       -123.1118764,
       49.2864701
      ],
      [
       -123.1119185,
       49.2864447
      ]
     ]
    ]
   },
   "properties": {
    "sheet": "vancouver_1912_MAP342a_04",
    "outline_id": "vancouver_1912_MAP342a_04:block:1:outline5",
    "block_id": null,
    "block_fid": 1,
    "block_number": null,
    "text_inside": [],
    "numerals_inside": [],
    "words_inside": [],
    "floors": null,
    "wash_rgb": [
     254,
     254,
     254
    ],
    "wash_chroma": 0.0,
    "wash_lightness_delta": -0.0,
    "hue_deg": 0,
    "material": "not a building (open lot, yard or court)",
    "area_source_px2": 36428,
    "centroid_source_px": [
     2179,
     2075
    ],
    "orphan": true,
    "orphan_because": "its block was rejected, split away or never traced",
    "centroid_map": [
     492008.33,
     5459238.553
    ]
   }
  },
  {
   "type": "Feature",
   "geometry": {
    "type": "Polygon",
    "coordinates": [
     [
      [
       -123.1113263,
       49.2864453
      ],
      [
       -123.1112277,
       49.2864062
      ],
      [
       -123.1104281,
       49.2861393
      ],
      [
       -123.1070952,
       49.2851827
      ],
      [
       -123.1069877,
       49.2851642
      ],
      [
       -123.1069874,
       49.2851531
      ],
      [
       -123.1068292,
       49.2851095
      ],
      [
       -123.1068152,
       49.285119
      ],
      [
       -123.1068416,
       49.2851284
      ],
      [
       -123.1067988,
       49.2851286
      ],
      [
       -123.110441,
       49.2861756
      ],
      [
       -123.1112259,
       49.2864267
      ],
      [
       -123.1113145,
       49.2864485
      ],
      [
       -123.1113263,
       49.2864453
      ]
     ]
    ]
   },
   "properties": {
    "sheet": "vancouver_1912_MAP342a_04",
    "outline_id": "vancouver_1912_MAP342a_04:block:1:outline6",
    "block_id": null,
    "block_fid": 1,
    "block_number": null,
    "text_inside": [],
    "numerals_inside": [],
    "words_inside": [],
    "floors": null,
    "wash_rgb": [
     254,
     254,
     254
    ],
    "wash_chroma": 0.0,
    "wash_lightness_delta": -0.1,
    "hue_deg": 0,
    "material": "not a building (open lot, yard or court)",
    "area_source_px2": 36244,
    "centroid_source_px": [
     2570,
     2147
    ],
    "orphan": true,
    "orphan_because": "its block was rejected, split away or never traced",
    "centroid_map": [
     492076.167,
     5459226.202
    ]
   }
  },
  {
   "type": "Feature",
   "geometry": {
    "type": "Polygon",
    "coordinates": [
     [
      [
       -123.1119698,
       49.2864098
      ],
      [
       -123.1119601,
       49.2864004
      ],
      [
       -123.1118041,
       49.286352
      ],
      [
       -123.1117035,
       49.2863272
      ],
      [
       -123.1115954,
       49.2862897
      ],
      [
       -123.111574,
       49.2862898
      ],
      [
       -123.1115498,
       49.2862757
      ],
      [
       -123.1097362,
       49.2857254
      ],
      [
       -123.1096429,
       49.2857036
      ],
      [
       -123.1096235,
       49.2856911
      ],
      [
       -123.1093932,
       49.2856209
      ],
      [
       -123.1093509,
       49.2856416
      ],
      [
       -123.109375,
       49.2856525
      ],
      [
       -123.1093681,
       49.2856604
      ],
      [
       -123.1105144,
       49.2859939
      ],
      [
       -123.111935,
       49.2864383
      ],
      [
       -123.1119698,
       49.2864098
      ]
     ]
    ]
   },
   "properties": {
    "sheet": "vancouver_1912_MAP342a_04",
    "outline_id": "vancouver_1912_MAP342a_04:block:1:outline7",
    "block_id": null,
    "block_fid": 1,
    "block_number": null,
    "text_inside": [],
    "numerals_inside": [],
    "words_inside": [],
    "floors": null,
    "wash_rgb": [
     254,
     254,
     254
    ],
    "wash_chroma": 0.0,
    "wash_lightness_delta": -0.0,
    "hue_deg": 0,
    "material": "not a building (open lot, yard or court)",
    "area_source_px2": 26854,
    "centroid_source_px": [
     1865,
     1962
    ],
    "orphan": true,
    "orphan_because": "its block was rejected, split away or never traced",
    "centroid_map": [
     491953.688,
     5459258.149
    ]
   }
  },
  {
   "type": "Feature",
   "geometry": {
    "type": "Polygon",
    "coordinates": [
     [
      [
       -123.1124498,
       49.2863923
      ],
      [
       -123.1124472,
       49.286386
      ],
      [
       -123.1111571,
       49.2859269
      ],
      [
       -123.1111404,
       49.2859269
      ],
      [
       -123.1111258,
       49.285916
      ],
      [
       -123.1110922,
       49.285905
      ],
      [
       -123.1110711,
       49.2859161
      ],
      [
       -123.1110737,
       49.285924
      ],
      [
       -123.1110999,
       49.2859255
      ],
      [
       -123.1110979,
       49.2859381
      ],
      [
       -123.1121002,
       49.2863084
      ],
      [
       -123.112131,
       49.2863051
      ],
      [
       -123.1121266,
       49.2863177
      ],
      [
       -123.1123886,
       49.2864146
      ],
      [
       -123.1124148,
       49.2864161
      ],
      [
       -123.1124498,
       49.2863923
      ]
     ]
    ]
   },
   "properties": {
    "sheet": "vancouver_1912_MAP342a_04",
    "outline_id": "vancouver_1912_MAP342a_04:block:1:outline8",
    "block_id": null,
    "block_fid": 1,
    "block_number": null,
    "text_inside": [],
    "numerals_inside": [],
    "words_inside": [],
    "floors": null,
    "wash_rgb": [
     254,
     254,
     254
    ],
    "wash_chroma": 0.2,
    "wash_lightness_delta": -0.2,
    "hue_deg": 0,
    "material": "not a building (open lot, yard or court)",
    "area_source_px2": 14653,
    "centroid_source_px": [
     1374,
     1858
    ],
    "orphan": true,
    "orphan_because": "its block was rejected, split away or never traced",
    "centroid_map": [
     491868.461,
     5459276.042
    ]
   }
  },
  {
   "type": "Feature",
   "geometry": {
    "type": "Polygon",
    "coordinates": [
     [
      [
       -123.1096099,
       49.2863915
      ],
      [
       -123.1096264,
       49.2863836
      ],
      [
       -123.1097429,
       49.2862144
      ],
      [
       -123.1096228,
       49.2861738
      ],
      [
       -123.109604,
       49.2861817
      ],
      [
       -123.1094875,
       49.2863494
      ],
      [
       -123.1096099,
       49.2863915
      ]
     ]
    ]
   },
   "properties": {
    "sheet": "vancouver_1912_MAP342a_04",
    "outline_id": "vancouver_1912_MAP342a_04:block:fid2:outline9",
    "block_id": null,
    "block_fid": 2,
    "block_number": null,
    "text_inside": [],
    "numerals_inside": [],
    "words_inside": [],
    "floors": null,
    "wash_rgb": [
     253,
     243,
     135
    ],
    "wash_chroma": 54.0,
    "wash_lightness_delta": -13.2,
    "hue_deg": 54,
    "material": "frame (wood)",
    "area_source_px2": 7724,
    "centroid_source_px": [
     2300,
     1799
    ],
    "orphan": true,
    "orphan_because": "its block was rejected, split away or never traced",
    "centroid_map": [
     492028.433,
     5459287.037
    ]
   }
  },
  {
   "type": "Feature",
   "geometry": {
    "type": "Polygon",
    "coordinates": [
     [
      [
       -123.1120516,
       49.2863559
      ],
      [
       -123.1120418,
       49.2863464
      ],
      [
       -123.1117101,
       49.2862246
      ],
      [
       -123.1108039,
       49.2859707
      ],
      [
       -123.1104512,
       49.28586
      ],
      [
       -123.1104348,
       49.2858695
      ],
      [
       -123.1104517,
       49.2858805
      ],
      [
       -123.1104161,
       49.2858822
      ],
      [
       -123.1105698,
       49.2859337
      ],
      [
       -123.1120232,
       49.2863639
      ],
      [
       -123.1120516,
       49.2863559
      ]
     ]
    ]
   },
   "properties": {
    "sheet": "vancouver_1912_MAP342a_04",
    "outline_id": "vancouver_1912_MAP342a_04:block:1:outline10",
    "block_id": null,
    "block_fid": 1,
    "block_number": null,
    "text_inside": [],
    "numerals_inside": [],
    "words_inside": [],
    "floors": null,
    "wash_rgb": [
     254,
     254,
     254
    ],
    "wash_chroma": 0.2,
    "wash_lightness_delta": -0.2,
    "hue_deg": 0,
    "material": "not a building (open lot, yard or court)",
    "area_source_px2": 15954,
    "centroid_source_px": [
     1608,
     1900
    ],
    "orphan": true,
    "orphan_because": "its block was rejected, split away or never traced",
    "centroid_map": [
     491909.056,
     5459268.841
    ]
   }
  },
  {
   "type": "Feature",
   "geometry": {
    "type": "Polygon",
    "coordinates": [
     [
      [
       -123.1107966,
       49.2863005
      ],
      [
       -123.1104413,
       49.2861834
      ],
      [
       -123.1068758,
       49.2851614
      ],
      [
       -123.1068664,
       49.2851646
      ],
      [
       -123.1070375,
       49.2852429
      ],
      [
       -123.1104926,
       49.2862337
      ],
      [
       -123.110768,
       49.2863006
      ],
      [
       -123.1107966,
       49.2863005
      ]
     ]
    ]
   },
   "properties": {
    "sheet": "vancouver_1912_MAP342a_04",
    "outline_id": "vancouver_1912_MAP342a_04:block:1:outline11",
    "block_id": null,
    "block_fid": 1,
    "block_number": null,
    "text_inside": [],
    "numerals_inside": [],
    "words_inside": [],
    "floors": null,
    "wash_rgb": [
     254,
     254,
     254
    ],
    "wash_chroma": 0.1,
    "wash_lightness_delta": -0.2,
    "hue_deg": 0,
    "material": "not a building (open lot, yard or court)",
    "area_source_px2": 35074,
    "centroid_source_px": [
     2653,
     2158
    ],
    "orphan": true,
    "orphan_because": "its block was rejected, split away or never traced",
    "centroid_map": [
     492090.555,
     5459224.331
    ]
   }
  },
  {
   "type": "Feature",
   "geometry": {
    "type": "Polygon",
    "coordinates": [
     [
      [
       -123.112208,
       49.2862512
      ],
      [
       -123.1118979,
       49.2861372
      ],
      [
       -123.1118696,
       49.2861436
      ],
      [
       -123.1118211,
       49.2861106
      ],
      [
       -123.1117875,
       49.2860997
      ],
      [
       -123.1117522,
       49.2861156
      ],
      [
       -123.1117638,
       49.2861045
      ],
      [
       -123.1117517,
       49.2860967
      ],
      [
       -123.1117213,
       49.2861141
      ],
      [
       -123.1117335,
       49.2861251
      ],
      [
       -123.1121491,
       49.2862735
      ],
      [
       -123.1121706,
       49.2862766
      ],
      [
       -123.112208,
       49.2862512
      ]
     ]
    ]
   },
   "properties": {
    "sheet": "vancouver_1912_MAP342a_04",
    "outline_id": "vancouver_1912_MAP342a_04:block:1:outline12",
    "block_id": null,
    "block_fid": 1,
    "block_number": null,
    "text_inside": [],
    "numerals_inside": [],
    "words_inside": [],
    "floors": null,
    "wash_rgb": [
     254,
     254,
     254
    ],
    "wash_chroma": 0.0,
    "wash_lightness_delta": -0.0,
    "hue_deg": 0,
    "material": "not a building (open lot, yard or court)",
    "area_source_px2": 5130,
    "centroid_source_px": [
     1306,
     1852
    ],
    "orphan": true,
    "orphan_because": "its block was rejected, split away or never traced",
    "centroid_map": [
     491856.682,
     5459277.046
    ]
   }
  },
  {
   "type": "Feature",
   "geometry": {
    "type": "Polygon",
    "coordinates": [
     [
      [
       -123.1105888,
       49.2862697
      ],
      [
       -123.1071839,
       49.2852912
      ],
      [
       -123.1071697,
       49.2852944
      ],
      [
       -123.1073889,
       49.2853915
      ],
      [
       -123.1102493,
       49.2862078
      ],
      [
       -123.1105053,
       49.2862621
      ],
      [
       -123.1105888,
       49.2862697
      ]
     ]
    ]
   },
   "properties": {
    "sheet": "vancouver_1912_MAP342a_04",
    "outline_id": "vancouver_1912_MAP342a_04:block:1:outline13",
    "block_id": null,
    "block_fid": 1,
    "block_number": null,
    "text_inside": [],
    "numerals_inside": [],
    "words_inside": [],
    "floors": null,
    "wash_rgb": [
     254,
     254,
     254
    ],
    "wash_chroma": 0.1,
    "wash_lightness_delta": -0.1,
    "hue_deg": 0,
    "material": "not a building (open lot, yard or court)",
    "area_source_px2": 32716,
    "centroid_source_px": [
     2620,
     2116
    ],
    "orphan": true,
    "orphan_because": "its block was rejected, split away or never traced",
    "centroid_map": [
     492084.722,
     5459231.673
    ]
   }
  },
  {
   "type": "Feature",
   "geometry": {
    "type": "Polygon",
    "coordinates": [
     [
      [
       -123.1115803,
       49.2861746
      ],
      [
       -123.1112003,
       49.2860261
      ],
      [
       -123.1111572,
       49.2860168
      ],
      [
       -123.1111431,
       49.2860216
      ],
      [
       -123.1111261,
       49.286009
      ],
      [
       -123.1108987,
       49.2859594
      ],
      [
       -123.1105364,
       49.2858455
      ],
      [
       -123.1105011,
       49.2858614
      ],
      [
       -123.1105133,
       49.2858708
      ],
      [
       -123.1108253,
       49.2859691
      ],
      [
       -123.1115493,
       49.2861731
      ],
      [
       -123.1115803,
       49.2861746
      ]
     ]
    ]
   },
   "properties": {
    "sheet": "vancouver_1912_MAP342a_04",
    "outline_id": "vancouver_1912_MAP342a_04:block:1:outline14",
    "block_id": null,
    "block_fid": 1,
    "block_number": null,
    "text_inside": [],
    "numerals_inside": [],
    "words_inside": [],
    "floors": null,
    "wash_rgb": [
     254,
     254,
     254
    ],
    "wash_chroma": 0.2,
    "wash_lightness_delta": -0.1,
    "hue_deg": 0,
    "material": "not a building (open lot, yard or court)",
    "area_source_px2": 9275,
    "centroid_source_px": [
     1706,
     1972
    ],
    "orphan": true,
    "orphan_because": "its block was rejected, split away or never traced",
    "centroid_map": [
     491926.219,
     5459256.284
    ]
   }
  },
  {
   "type": "Feature",
   "geometry": {
    "type": "Polygon",
    "coordinates": [
     [
      [
       -123.1121863,
       49.2861582
      ],
      [
       -123.1115951,
       49.2859426
      ],
      [
       -123.1115651,
       49.2859743
      ],
      [
       -123.1115156,
       49.2859887
      ],
      [
       -123.1115182,
       49.2859966
      ],
      [
       -123.1118064,
       49.2860981
      ],
      [
       -123.1119666,
       49.2861259
      ],
      [
       -123.1119859,
       49.2861353
      ],
      [
       -123.111965,
       49.2861527
      ],
      [
       -123.1120179,
       49.286173
      ],
      [
       -123.1120814,
       49.2861491
      ],
      [
       -123.1121627,
       49.2861662
      ],
      [
       -123.1121863,
       49.2861582
      ]
     ]
    ]
   },
   "properties": {
    "sheet": "vancouver_1912_MAP342a_04",
    "outline_id": "vancouver_1912_MAP342a_04:block:1:outline15",
    "block_id": null,
    "block_fid": 1,
    "block_number": null,
    "text_inside": [
     "Original Water Line as on Plan"
    ],
    "numerals_inside": [],
    "words_inside": [
     "Original Water Line as on Plan"
    ],
    "floors": null,
    "wash_rgb": [
     254,
     254,
     254
    ],
    "wash_chroma": 0.0,
    "wash_lightness_delta": -0.0,
    "hue_deg": 0,
    "material": "not a building (open lot, yard or court)",
    "area_source_px2": 10370,
    "centroid_source_px": [
     1375,
     1937
    ],
    "orphan": true,
    "orphan_because": "its block was rejected, split away or never traced",
    "centroid_map": [
     491868.869,
     5459262.189
    ]
   }
  },
  {
   "type": "Feature",
   "geometry": {
    "type": "Polygon",
    "coordinates": [
     [
      [
       -123.1115598,
       49.2859554
      ],
      [
       -123.1115545,
       49.2859349
      ],
      [
       -123.1115116,
       49.2859319
      ],
      [
       -123.111528,
       49.2859255
      ],
      [
       -123.1115206,
       49.2859161
      ],
      [
       -123.1107448,
       49.285646
      ],
      [
       -123.1103312,
       49.2854866
      ],
      [
       -123.1091662,
       49.2849954
      ],
      [
       -123.1091521,
       49.2850018
      ],
      [
       -123.1091111,
       49.2849814
      ],
      [
       -123.1091132,
       49.284972
      ],
      [
       -123.1090895,
       49.2849721
      ],
      [
       -123.1090387,
       49.2849438
      ],
      [
       -123.1089401,
       49.2849063
      ],
      [
       -123.1087146,
       49.2848362
      ],
      [
       -123.1084992,
       49.2847865
      ],
      [
       -123.1084756,
       49.284796
      ],
      [
       -123.1084753,
       49.284785
      ],
      [
       -123.1082577,
       49.2847432
      ],
      [
       -123.1082149,
       49.2847417
      ],
      [
       -123.1082018,
       49.2847844
      ],
      [
       -123.1084315,
       49.2848325
      ],
      [
       -123.1084623,
       49.2848276
      ],
      [
       -123.1084698,
       49.2848402
      ],
      [
       -123.1087812,
       49.2849195
      ],
      [
       -123.1090649,
       49.2850289
      ],
      [
       -123.1094596,
       49.2851947
      ],
      [
       -123.1094618,
       49.2851868
      ],
      [
       -123.1094252,
       49.2851554
      ],
      [
       -123.1094737,
       49.2851884
      ],
      [
       -123.1094669,
       49.285201
      ],
      [
       -123.1104685,
       49.2856312
      ],
      [
       -123.1112947,
       49.2859153
      ],
      [
       -123.1113351,
       49.2859168
      ],
      [
       -123.1113476,
       49.2859372
      ],
      [
       -123.1114677,
       49.2859794
      ],
      [
       -123.1114793,
       49.2859683
      ],
      [
       -123.1115034,
       49.2859793
      ],
      [
       -123.1115248,
       49.2859776
      ],
      [
       -123.1115598,
       49.2859554
      ]
     ]
    ]
   },
   "properties": {
    "sheet": "vancouver_1912_MAP342a_04",
    "outline_id": "vancouver_1912_MAP342a_04:block:1:outline16",
    "block_id": null,
    "block_fid": 1,
    "block_number": null,
    "text_inside": [
     "Cordovia"
    ],
    "numerals_inside": [],
    "words_inside": [
     "Cordovia"
    ],
    "floors": null,
    "wash_rgb": [
     254,
     254,
     254
    ],
    "wash_chroma": 0.1,
    "wash_lightness_delta": -0.1,
    "hue_deg": 0,
    "material": "not a building (open lot, yard or court)",
    "area_source_px2": 67192,
    "centroid_source_px": [
     2134,
     2372
    ],
    "orphan": true,
    "orphan_because": "its block was rejected, split away or never traced",
    "centroid_map": [
     492001.434,
     5459186.441
    ]
   }
  },
  {
   "type": "Feature",
   "geometry": {
    "type": "Polygon",
    "coordinates": [
     [
      [
       -123.1112351,
       49.2859108
      ],
      [
       -123.1112037,
       49.2858936
      ],
      [
       -123.1104712,
       49.2856423
      ],
      [
       -123.1095683,
       49.2852543
      ],
      [
       -123.1095614,
       49.2852622
      ],
      [
       -123.1095833,
       49.2852795
      ],
      [
       -123.1095787,
       49.2852842
      ],
      [
       -123.1095322,
       49.2852371
      ],
      [
       -123.1088896,
       49.2849696
      ],
      [
       -123.1085824,
       49.2848713
      ],
      [
       -123.1084676,
       49.2848465
      ],
      [
       -123.1084489,
       49.2848592
      ],
      [
       -123.1084509,
       49.284845
      ],
      [
       -123.1082259,
       49.2847953
      ],
      [
       -123.1081926,
       49.2847954
      ],
      [
       -123.1081838,
       49.2848191
      ],
      [
       -123.1081935,
       49.2848286
      ],
      [
       -123.1084064,
       49.284872
      ],
      [
       -123.1084444,
       49.2848703
      ],
      [
       -123.1084543,
       49.2848813
      ],
      [
       -123.1086338,
       49.2849232
      ],
      [
       -123.1088908,
       49.2850122
      ],
      [
       -123.1095817,
       49.2853047
      ],
      [
       -123.1095959,
       49.2853047
      ],
      [
       -123.1096005,
       49.2852968
      ],
      [
       -123.1096322,
       49.285325
      ],
      [
       -123.1105227,
       49.2856989
      ],
      [
       -123.1105368,
       49.2856925
      ],
      [
       -123.1105467,
       49.2857067
      ],
      [
       -123.1106643,
       49.2857425
      ],
      [
       -123.1106693,
       49.2857504
      ],
      [
       -123.1108758,
       49.2858206
      ],
      [
       -123.1109332,
       49.2858315
      ],
      [
       -123.1109647,
       49.2858519
      ],
      [
       -123.1109835,
       49.2858439
      ],
      [
       -123.1110435,
       49.2858626
      ],
      [
       -123.1110125,
       49.2858611
      ],
      [
       -123.1110271,
       49.2858737
      ],
      [
       -123.1110415,
       49.2858768
      ],
      [
       -123.1110793,
       49.2858672
      ],
      [
       -123.1112091,
       49.2859172
      ],
      [
       -123.1112351,
       49.2859108
      ]
     ]
    ]
   },
   "properties": {
    "sheet": "vancouver_1912_MAP342a_04",
    "outline_id": "vancouver_1912_MAP342a_04:block:1:outline17",
    "block_id": null,
    "block_fid": 1,
    "block_number": null,
    "text_inside": [],
    "numerals_inside": [],
    "words_inside": [],
    "floors": null,
    "wash_rgb": [
     254,
     254,
     254
    ],
    "wash_chroma": 0.1,
    "wash_lightness_delta": -0.1,
    "hue_deg": 0,
    "material": "not a building (open lot, yard or court)",
    "area_source_px2": 30981,
    "centroid_source_px": [
     2287,
     2419
    ],
    "orphan": true,
    "orphan_because": "its block was rejected, split away or never traced",
    "centroid_map": [
     492028.035,
     5459178.306
    ]
   }
  },
  {
   "type": "Feature",
   "geometry": {
    "type": "Polygon",
    "coordinates": [
     [
      [
       -123.110942,
       49.285893
      ],
      [
       -123.1102405,
       49.2856431
      ],
      [
       -123.1101328,
       49.2856182
      ],
      [
       -123.1101181,
       49.2856025
      ],
      [
       -123.1100992,
       49.2856089
      ],
      [
       -123.1100752,
       49.2856011
      ],
      [
       -123.110082,
       49.28559
      ],
      [
       -123.1100487,
       49.2855901
      ],
      [
       -123.1099838,
       49.2855636
      ],
      [
       -123.1099787,
       49.2855541
      ],
      [
       -123.1099213,
       49.2855401
      ],
      [
       -123.1092799,
       49.2853153
      ],
      [
       -123.108122,
       49.2849897
      ],
      [
       -123.1081126,
       49.2849929
      ],
      [
       -123.108099,
       49.2850166
      ],
      [
       -123.1081183,
       49.2850276
      ],
      [
       -123.1083388,
       49.2850883
      ],
      [
       -123.1083555,
       49.2850883
      ],
      [
       -123.1083668,
       49.2850693
      ],
      [
       -123.1083676,
       49.2850961
      ],
      [
       -123.1092475,
       49.2853454
      ],
      [
       -123.1092713,
       49.2853469
      ],
      [
       -123.1107388,
       49.2858542
      ],
      [
       -123.1107937,
       49.2858604
      ],
      [
       -123.1108108,
       49.2858777
      ],
      [
       -123.1109116,
       49.2859104
      ],
      [
       -123.110942,
       49.285893
      ]
     ]
    ]
   },
   "properties": {
    "sheet": "vancouver_1912_MAP342a_04",
    "outline_id": "vancouver_1912_MAP342a_04:block:1:outline18",
    "block_id": null,
    "block_fid": 1,
    "block_number": null,
    "text_inside": [],
    "numerals_inside": [],
    "words_inside": [],
    "floors": null,
    "wash_rgb": [
     254,
     254,
     254
    ],
    "wash_chroma": 0.1,
    "wash_lightness_delta": -0.1,
    "hue_deg": 0,
    "material": "not a building (open lot, yard or court)",
    "area_source_px2": 26412,
    "centroid_source_px": [
     2343,
     2345
    ],
    "orphan": true,
    "orphan_because": "its block was rejected, split away or never traced",
    "centroid_map": [
     492037.499,
     5459191.322
    ]
   }
  },
  {
   "type": "Feature",
   "geometry": {
    "type": "Polygon",
    "coordinates": [
     [
      [
       -123.1110058,
       49.2858785
      ],
      [
       -123.11096,
       49.2858566
      ],
      [
       -123.1107248,
       49.2857817
      ],
      [
       -123.1106767,
       49.2857598
      ],
      [
       -123.1106625,
       49.2857646
      ],
      [
       -123.1106073,
       49.2857475
      ],
      [
       -123.1106167,
       49.2857427
      ],
      [
       -123.1106118,
       49.2857364
      ],
      [
       -123.1104845,
       49.2856943
      ],
      [
       -123.1088694,
       49.2850123
      ],
      [
       -123.108634,
       49.2849311
      ],
      [
       -123.1086103,
       49.2849328
      ],
      [
       -123.109655,
       49.2853739
      ],
      [
       -123.1096666,
       49.2853644
      ],
      [
       -123.1097079,
       49.2853973
      ],
      [
       -123.1103915,
       49.2856851
      ],
      [
       -123.1104538,
       49.2856991
      ],
      [
       -123.1104613,
       49.2857133
      ],
      [
       -123.1105069,
       49.2857289
      ],
      [
       -123.1105233,
       49.2857194
      ],
      [
       -123.1105737,
       49.285735
      ],
      [
       -123.1105453,
       49.2857414
      ],
      [
       -123.1109538,
       49.2858866
      ],
      [
       -123.1110058,
       49.2858785
      ]
     ]
    ]
   },
   "properties": {
    "sheet": "vancouver_1912_MAP342a_04",
    "outline_id": "vancouver_1912_MAP342a_04:block:1:outline19",
    "block_id": null,
    "block_fid": 1,
    "block_number": null,
    "text_inside": [],
    "numerals_inside": [],
    "words_inside": [],
    "floors": null,
    "wash_rgb": [
     254,
     254,
     254
    ],
    "wash_chroma": 0.1,
    "wash_lightness_delta": -0.2,
    "hue_deg": 0,
    "material": "not a building (open lot, yard or court)",
    "area_source_px2": 17443,
    "centroid_source_px": [
     2226,
     2357
    ],
    "orphan": true,
    "orphan_because": "its block was rejected, split away or never traced",
    "centroid_map": [
     492017.3,
     5459189.135
    ]
   }
  },
  {
   "type": "Feature",
   "geometry": {
    "type": "Polygon",
    "coordinates": [
     [
      [
       -123.1106959,
       49.2858512
      ],
      [
       -123.1106237,
       49.2858215
      ],
      [
       -123.1104319,
       49.2857686
      ],
      [
       -123.1100719,
       49.2856532
      ],
      [
       -123.1100433,
       49.2856517
      ],
      [
       -123.1100191,
       49.285636
      ],
      [
       -123.1091962,
       49.2853818
      ],
      [
       -123.1081246,
       49.2850828
      ],
      [
       -123.1078688,
       49.2850348
      ],
      [
       -123.1078259,
       49.2850334
      ],
      [
       -123.1079028,
       49.2850615
      ],
      [
       -123.1092643,
       49.2854352
      ],
      [
       -123.1104186,
       49.2858018
      ],
      [
       -123.1104759,
       49.285811
      ],
      [
       -123.1104953,
       49.285822
      ],
      [
       -123.1105214,
       49.2858203
      ],
      [
       -123.110541,
       49.2858392
      ],
      [
       -123.1106466,
       49.2858735
      ],
      [
       -123.1106656,
       49.2858719
      ],
      [
       -123.1106959,
       49.2858512
      ]
     ]
    ]
   },
   "properties": {
    "sheet": "vancouver_1912_MAP342a_04",
    "outline_id": "vancouver_1912_MAP342a_04:block:1:outline20",
    "block_id": null,
    "block_fid": 1,
    "block_number": null,
    "text_inside": [],
    "numerals_inside": [],
    "words_inside": [],
    "floors": null,
    "wash_rgb": [
     254,
     254,
     254
    ],
    "wash_chroma": 0.0,
    "wash_lightness_delta": -0.1,
    "hue_deg": 0,
    "material": "not a building (open lot, yard or court)",
    "area_source_px2": 27008,
    "centroid_source_px": [
     2416,
     2329
    ],
    "orphan": true,
    "orphan_because": "its block was rejected, split away or never traced",
    "centroid_map": [
     492050.076,
     5459194.179
    ]
   }
  },
  {
   "type": "Feature",
   "geometry": {
    "type": "Polygon",
    "coordinates": [
     [
      [
       -123.1104213,
       49.2858144
      ],
      [
       -123.1104044,
       49.2858034
      ],
      [
       -123.1092285,
       49.2854338
      ],
      [
       -123.1080732,
       49.2851145
      ],
      [
       -123.1080614,
       49.2851177
      ],
      [
       -123.1080468,
       49.2851067
      ],
      [
       -123.1076513,
       49.2849977
      ],
      [
       -123.1073884,
       49.2849513
      ],
      [
       -123.1073766,
       49.2849545
      ],
      [
       -123.1074079,
       49.2849686
      ],
      [
       -123.1087502,
       49.2853393
      ],
      [
       -123.1088051,
       49.2853469
      ],
      [
       -123.1088149,
       49.2853564
      ],
      [
       -123.1092152,
       49.2854654
      ],
      [
       -123.1101726,
       49.2857664
      ],
      [
       -123.1102036,
       49.2857694
      ],
      [
       -123.1103909,
       49.2858303
      ],
      [
       -123.1104213,
       49.2858144
      ]
     ]
    ]
   },
   "properties": {
    "sheet": "vancouver_1912_MAP342a_04",
    "outline_id": "vancouver_1912_MAP342a_04:block:1:outline21",
    "block_id": null,
    "block_fid": 1,
    "block_number": null,
    "text_inside": [],
    "numerals_inside": [],
    "words_inside": [],
    "floors": null,
    "wash_rgb": [
     254,
     254,
     254
    ],
    "wash_chroma": 0.0,
    "wash_lightness_delta": -0.1,
    "hue_deg": 0,
    "material": "not a building (open lot, yard or court)",
    "area_source_px2": 28321,
    "centroid_source_px": [
     2576,
     2373
    ],
    "orphan": true,
    "orphan_because": "its block was rejected, split away or never traced",
    "centroid_map": [
     492077.879,
     5459186.575
    ]
   }
  },
  {
   "type": "Feature",
   "geometry": {
    "type": "Polygon",
    "coordinates": [
     [
      [
       -123.1128399,
       49.2858056
      ],
      [
       -123.1128683,
       49.2858024
      ],
      [
       -123.1130084,
       49.2857088
      ],
      [
       -123.1130242,
       49.2856803
      ],
      [
       -123.1130598,
       49.2856755
      ],
      [
       -123.1131999,
       49.2855835
      ],
      [
       -123.1131391,
       49.2855379
      ],
      [
       -123.1131249,
       49.285538
      ],
      [
       -123.1127792,
       49.2857633
      ],
      [
       -123.1127866,
       49.2857727
      ],
      [
       -123.1128295,
       49.2857741
      ],
      [
       -123.1128489,
       49.2857867
      ],
      [
       -123.1128253,
       49.2857931
      ],
      [
       -123.1128399,
       49.2858056
      ]
     ]
    ]
   },
   "properties": {
    "sheet": "vancouver_1912_MAP342a_04",
    "outline_id": "vancouver_1912_MAP342a_04:block:14:outline22",
    "block_id": "vancouver_1912_MAP342a_04:block:14",
    "block_fid": 5,
    "block_number": "14",
    "text_inside": [],
    "numerals_inside": [],
    "words_inside": [],
    "floors": null,
    "wash_rgb": [
     254,
     254,
     254
    ],
    "wash_chroma": 0.0,
    "wash_lightness_delta": -0.0,
    "hue_deg": 0,
    "material": "not a building (open lot, yard or court)",
    "area_source_px2": 8628,
    "centroid_source_px": [
     873,
     2180
    ],
    "orphan": false,
    "centroid_map": [
     491782.775,
     5459219.226
    ]
   }
  },
  {
   "type": "Feature",
   "geometry": {
    "type": "Polygon",
    "coordinates": [
     [
      [
       -123.112772,
       49.2857586
      ],
      [
       -123.1128095,
       49.2857395
      ],
      [
       -123.1131224,
       49.2855333
      ],
      [
       -123.1130737,
       49.2854956
      ],
      [
       -123.113052,
       49.2854862
      ],
      [
       -123.1130285,
       49.2854958
      ],
      [
       -123.1127111,
       49.2857083
      ],
      [
       -123.1127067,
       49.2857209
      ],
      [
       -123.112772,
       49.2857586
      ]
     ]
    ]
   },
   "properties": {
    "sheet": "vancouver_1912_MAP342a_04",
    "outline_id": "vancouver_1912_MAP342a_04:block:14:outline23",
    "block_id": "vancouver_1912_MAP342a_04:block:14",
    "block_fid": 5,
    "block_number": "14",
    "text_inside": [
     "2"
    ],
    "numerals_inside": [
     "2"
    ],
    "words_inside": [],
    "floors": null,
    "wash_rgb": [
     254,
     254,
     254
    ],
    "wash_chroma": 0.0,
    "wash_lightness_delta": -0.0,
    "hue_deg": 0,
    "material": "not a building (open lot, yard or court)",
    "area_source_px2": 9073,
    "centroid_source_px": [
     906,
     2211
    ],
    "orphan": false,
    "centroid_map": [
     491788.575,
     5459213.813
    ]
   }
  },
  {
   "type": "Feature",
   "geometry": {
    "type": "Polygon",
    "coordinates": [
     [
      [
       -123.1100146,
       49.2857291
      ],
      [
       -123.1092802,
       49.2854951
      ],
      [
       -123.1072235,
       49.2849235
      ],
      [
       -123.1070275,
       49.284888
      ],
      [
       -123.1070085,
       49.2848912
      ],
      [
       -123.1072172,
       49.2849551
      ],
      [
       -123.1091445,
       49.2854909
      ],
      [
       -123.1099099,
       49.2857279
      ],
      [
       -123.1099597,
       49.2857214
      ],
      [
       -123.1099839,
       49.2857355
      ],
      [
       -123.1100146,
       49.2857291
      ]
     ]
    ]
   },
   "properties": {
    "sheet": "vancouver_1912_MAP342a_04",
    "outline_id": "vancouver_1912_MAP342a_04:block:1:outline24",
    "block_id": null,
    "block_fid": 1,
    "block_number": null,
    "text_inside": [
     "a d i a n p a",
     "a d i a m p a c"
    ],
    "numerals_inside": [],
    "words_inside": [],
    "floors": null,
    "wash_rgb": [
     254,
     254,
     254
    ],
    "wash_chroma": 0.1,
    "wash_lightness_delta": -0.1,
    "hue_deg": 0,
    "material": "not a building (open lot, yard or court)",
    "area_source_px2": 25814,
    "centroid_source_px": [
     2726,
     2412
    ],
    "orphan": true,
    "orphan_because": "its block was rejected, split away or never traced",
    "centroid_map": [
     492103.937,
     5459179.841
    ]
   }
  },
  {
   "type": "Feature",
   "geometry": {
    "type": "Polygon",
    "coordinates": [
     [
      [
       -123.1126897,
       49.2857084
      ],
      [
       -123.1127156,
       49.2857004
      ],
      [
       -123.1130425,
       49.2854862
      ],
      [
       -123.1130471,
       49.2854783
      ],
      [
       -123.1129865,
       49.2854407
      ],
      [
       -123.1129442,
       49.2854582
      ],
      [
       -123.1126314,
       49.285666
      ],
      [
       -123.1126897,
       49.2857084
      ]
     ]
    ]
   },
   "properties": {
    "sheet": "vancouver_1912_MAP342a_04",
    "outline_id": "vancouver_1912_MAP342a_04:block:14:outline25",
    "block_id": "vancouver_1912_MAP342a_04:block:14",
    "block_fid": 5,
    "block_number": "14",
    "text_inside": [
     "3"
    ],
    "numerals_inside": [
     "3"
    ],
    "words_inside": [],
    "floors": null,
    "wash_rgb": [
     254,
     254,
     254
    ],
    "wash_chroma": 0.0,
    "wash_lightness_delta": -0.0,
    "hue_deg": 0,
    "material": "not a building (open lot, yard or court)",
    "area_source_px2": 8476,
    "centroid_source_px": [
     936,
     2242
    ],
    "orphan": false,
    "centroid_map": [
     491793.856,
     5459208.397
    ]
   }
  },
  {
   "type": "Feature",
   "geometry": {
    "type": "Polygon",
    "coordinates": [
     [
      [
       -123.1096919,
       49.2856719
      ],
      [
       -123.1091784,
       49.2855097
      ],
      [
       -123.1068554,
       49.2848586
      ],
      [
       -123.1066427,
       49.2848215
      ],
      [
       -123.1066285,
       49.2848247
      ],
      [
       -123.1071753,
       49.2849852
      ],
      [
       -123.108345,
       49.2853092
      ],
      [
       -123.1084818,
       49.2853528
      ],
      [
       -123.1085584,
       49.2853683
      ],
      [
       -123.1086377,
       49.2853965
      ],
      [
       -123.1086997,
       49.2854025
      ],
      [
       -123.1087216,
       49.2854198
      ],
      [
       -123.1088295,
       49.285451
      ],
      [
       -123.1089131,
       49.2854633
      ],
      [
       -123.1089277,
       49.2854774
      ],
      [
       -123.1090404,
       49.2855102
      ],
      [
       -123.1090833,
       49.2855116
      ],
      [
       -123.1091003,
       49.2855257
      ],
      [
       -123.1091337,
       49.2855288
      ],
      [
       -123.1091507,
       49.2855397
      ],
      [
       -123.109345,
       49.285599
      ],
      [
       -123.1093686,
       49.2855942
      ],
      [
       -123.1094116,
       49.2856003
      ],
      [
       -123.1094333,
       49.2856097
      ],
      [
       -123.1094119,
       49.2856098
      ],
      [
       -123.1094074,
       49.2856177
      ],
      [
       -123.1096472,
       49.2856894
      ],
      [
       -123.1096919,
       49.2856719
      ]
     ]
    ]
   },
   "properties": {
    "sheet": "vancouver_1912_MAP342a_04",
    "outline_id": "vancouver_1912_MAP342a_04:block:1:outline26",
    "block_id": null,
    "block_fid": 1,
    "block_number": null,
    "text_inside": [],
    "numerals_inside": [],
    "words_inside": [],
    "floors": null,
    "wash_rgb": [
     254,
     254,
     254
    ],
    "wash_chroma": 0.1,
    "wash_lightness_delta": -0.1,
    "hue_deg": 0,
    "material": "not a building (open lot, yard or court)",
    "area_source_px2": 27352,
    "centroid_source_px": [
     2879,
     2452
    ],
    "orphan": true,
    "orphan_because": "its block was rejected, split away or never traced",
    "centroid_map": [
     492130.518,
     5459172.934
    ]
   }
  },
  {
   "type": "Feature",
   "geometry": {
    "type": "Polygon",
    "coordinates": [
     [
      [
       -123.1112133,
       49.2855591
      ],
      [
       -123.1112106,
       49.2855497
      ],
      [
       -123.1111483,
       49.2855325
      ],
      [
       -123.1111392,
       49.2855468
      ],
      [
       -123.1111756,
       49.2855735
      ],
      [
       -123.1111346,
       49.2855515
      ],
      [
       -123.1111,
       49.2855927
      ],
      [
       -123.1110882,
       49.2855943
      ],
      [
       -123.1108891,
       49.2855335
      ],
      [
       -123.110866,
       49.2855572
      ],
      [
       -123.1108182,
       49.2855495
      ],
      [
       -123.1107976,
       49.285578
      ],
      [
       -123.1111261,
       49.285673
      ],
      [
       -123.1112133,
       49.2855591
      ]
     ]
    ]
   },
   "properties": {
    "sheet": "vancouver_1912_MAP342a_04",
    "outline_id": "vancouver_1912_MAP342a_04:block:1:outline27",
    "block_id": null,
    "block_fid": 1,
    "block_number": null,
    "text_inside": [],
    "numerals_inside": [],
    "words_inside": [],
    "floors": null,
    "wash_rgb": [
     253,
     240,
     134
    ],
    "wash_chroma": 53.2,
    "wash_lightness_delta": -15.1,
    "hue_deg": 54,
    "material": "frame (wood)",
    "area_source_px2": 7111,
    "centroid_source_px": [
     1701,
     2230
    ],
    "orphan": true,
    "orphan_because": "its block was rejected, split away or never traced",
    "centroid_map": [
     491926.124,
     5459211.038
    ]
   }
  },
  {
   "type": "Feature",
   "geometry": {
    "type": "Polygon",
    "coordinates": [
     [
      [
       -123.1126218,
       49.2856629
      ],
      [
       -123.1127689,
       49.2855661
      ],
      [
       -123.1126986,
       49.2855206
      ],
      [
       -123.1125538,
       49.2856142
      ],
      [
       -123.1125685,
       49.2856299
      ],
      [
       -123.1125922,
       49.2856267
      ],
      [
       -123.1125855,
       49.2856409
      ],
      [
       -123.1126218,
       49.2856629
      ]
     ]
    ]
   },
   "properties": {
    "sheet": "vancouver_1912_MAP342a_04",
    "outline_id": "vancouver_1912_MAP342a_04:block:14:outline28",
    "block_id": "vancouver_1912_MAP342a_04:block:14",
    "block_fid": 5,
    "block_number": "14",
    "text_inside": [],
    "numerals_inside": [],
    "words_inside": [],
    "floors": null,
    "wash_rgb": [
     253,
     215,
     211
    ],
    "wash_chroma": 14.7,
    "wash_lightness_delta": -27.1,
    "hue_deg": 6,
    "material": "brick",
    "area_source_px2": 3594,
    "centroid_source_px": [
     1011,
     2231
    ],
    "orphan": false,
    "centroid_map": [
     491806.794,
     5459210.379
    ]
   }
  },
  {
   "type": "Feature",
   "geometry": {
    "type": "Polygon",
    "coordinates": [
     [
      [
       -123.1100883,
       49.2856436
      ],
      [
       -123.1100281,
       49.285617
      ],
      [
       -123.1092668,
       49.2853563
      ],
      [
       -123.1083583,
       49.285104
      ],
      [
       -123.1083492,
       49.2851199
      ],
      [
       -123.108261,
       49.2851107
      ],
      [
       -123.1092342,
       49.2853833
      ],
      [
       -123.1100573,
       49.2856422
      ],
      [
       -123.1100883,
       49.2856436
      ]
     ]
    ]
   },
   "properties": {
    "sheet": "vancouver_1912_MAP342a_04",
    "outline_id": "vancouver_1912_MAP342a_04:block:1:outline29",
    "block_id": null,
    "block_fid": 1,
    "block_number": null,
    "text_inside": [],
    "numerals_inside": [],
    "words_inside": [],
    "floors": null,
    "wash_rgb": [
     254,
     254,
     254
    ],
    "wash_chroma": 0.1,
    "wash_lightness_delta": -0.2,
    "hue_deg": 0,
    "material": "not a building (open lot, yard or court)",
    "area_source_px2": 14268,
    "centroid_source_px": [
     2528,
     2411
    ],
    "orphan": true,
    "orphan_because": "its block was rejected, split away or never traced",
    "centroid_map": [
     492069.691,
     5459179.878
    ]
   }
  },
  {
   "type": "Feature",
   "geometry": {
    "type": "Polygon",
    "coordinates": [
     [
      [
       -123.1093142,
       49.2856023
      ],
      [
       -123.1091533,
       49.2855492
      ],
      [
       -123.1091133,
       49.2855651
      ],
      [
       -123.1090344,
       49.2855512
      ],
      [
       -123.1090718,
       49.2855274
      ],
      [
       -123.1090406,
       49.2855181
      ],
      [
       -123.1090052,
       49.2855261
      ],
      [
       -123.1090191,
       49.2855118
      ],
      [
       -123.1089327,
       49.2854853
      ],
      [
       -123.108907,
       49.2855012
      ],
      [
       -123.1088595,
       49.2855029
      ],
      [
       -123.1088353,
       49.2854904
      ],
      [
       -123.1088446,
       49.2854809
      ],
      [
       -123.1088664,
       49.2854966
      ],
      [
       -123.1089016,
       49.2854791
      ],
      [
       -123.1088512,
       49.2854635
      ],
      [
       -123.1088251,
       49.2854668
      ],
      [
       -123.1088248,
       49.2854557
      ],
      [
       -123.1087193,
       49.2854246
      ],
      [
       -123.1086816,
       49.2854373
      ],
      [
       -123.1086986,
       49.2854499
      ],
      [
       -123.108658,
       49.2854437
      ],
      [
       -123.1086483,
       49.2854374
      ],
      [
       -123.1086858,
       49.2854184
      ],
      [
       -123.1086524,
       49.2854122
      ],
      [
       -123.1086264,
       49.2854202
      ],
      [
       -123.1086403,
       49.2854043
      ],
      [
       -123.1085492,
       49.2853794
      ],
      [
       -123.108521,
       49.2853921
      ],
      [
       -123.108526,
       49.2854016
      ],
      [
       -123.1084975,
       49.2854033
      ],
      [
       -123.1085169,
       49.2854174
      ],
      [
       -123.1092506,
       49.2856261
      ],
      [
       -123.1092692,
       49.2856087
      ],
      [
       -123.1093142,
       49.2856023
      ]
     ]
    ]
   },
   "properties": {
    "sheet": "vancouver_1912_MAP342a_04",
    "outline_id": "vancouver_1912_MAP342a_04:block:1:outline30",
    "block_id": null,
    "block_fid": 1,
    "block_number": null,
    "text_inside": [
     "ian pacific",
     "acitic"
    ],
    "numerals_inside": [],
    "words_inside": [
     "ian pacific",
     "acitic"
    ],
    "floors": null,
    "wash_rgb": [
     254,
     254,
     254
    ],
    "wash_chroma": 0.1,
    "wash_lightness_delta": -0.1,
    "hue_deg": 0,
    "material": "not a building (open lot, yard or court)",
    "area_source_px2": 8344,
    "centroid_source_px": [
     2593,
     2295
    ],
    "orphan": true,
    "orphan_because": "its block was rejected, split away or never traced",
    "centroid_map": [
     492080.586,
     5459200.265
    ]
   }
  },
  {
   "type": "Feature",
   "geometry": {
    "type": "Polygon",
    "coordinates": [
     [
      [
       -123.1102041,
       49.285618
      ],
      [
       -123.1097756,
       49.2854334
      ],
      [
       -123.1097181,
       49.2854194
      ],
      [
       -123.1096867,
       49.2854021
      ],
      [
       -123.1093649,
       49.2852945
      ],
      [
       -123.1084011,
       49.2850203
      ],
      [
       -123.108387,
       49.2850251
      ],
      [
       -123.108378,
       49.2850456
      ],
      [
       -123.1083879,
       49.2850566
      ],
      [
       -123.1092821,
       49.2853074
      ],
      [
       -123.1097888,
       49.2854822
      ],
      [
       -123.1098029,
       49.2854743
      ],
      [
       -123.1098609,
       49.2855072
      ],
      [
       -123.1101827,
       49.2856181
      ],
      [
       -123.1102041,
       49.285618
      ]
     ]
    ]
   },
   "properties": {
    "sheet": "vancouver_1912_MAP342a_04",
    "outline_id": "vancouver_1912_MAP342a_04:block:1:outline31",
    "block_id": null,
    "block_fid": 1,
    "block_number": null,
    "text_inside": [],
    "numerals_inside": [],
    "words_inside": [],
    "floors": null,
    "wash_rgb": [
     254,
     254,
     254
    ],
    "wash_chroma": 0.1,
    "wash_lightness_delta": -0.1,
    "hue_deg": 0,
    "material": "not a building (open lot, yard or court)",
    "area_source_px2": 17522,
    "centroid_source_px": [
     2461,
     2437
    ],
    "orphan": true,
    "orphan_because": "its block was rejected, split away or never traced",
    "centroid_map": [
     492058.181,
     5459175.272
    ]
   }
  },
  {
   "type": "Feature",
   "geometry": {
    "type": "Polygon",
    "coordinates": [
     [
      [
       -123.1125394,
       49.2856095
      ],
      [
       -123.112717,
       49.2854985
      ],
      [
       -123.1126975,
       49.2854812
      ],
      [
       -123.1126809,
       49.2854828
      ],
      [
       -123.1126664,
       49.285475
      ],
      [
       -123.1126709,
       49.2854655
      ],
      [
       -123.1126612,
       49.2854592
      ],
      [
       -123.1126352,
       49.2854641
      ],
      [
       -123.1124811,
       49.2855656
      ],
      [
       -123.112491,
       49.2855797
      ],
      [
       -123.1125245,
       49.2855859
      ],
      [
       -123.1125176,
       49.2855954
      ],
      [
       -123.1125394,
       49.2856095
      ]
     ]
    ]
   },
   "properties": {
    "sheet": "vancouver_1912_MAP342a_04",
    "outline_id": "vancouver_1912_MAP342a_04:block:14:outline32",
    "block_id": "vancouver_1912_MAP342a_04:block:14",
    "block_fid": 5,
    "block_number": "14",
    "text_inside": [
     "4"
    ],
    "numerals_inside": [
     "4"
    ],
    "words_inside": [],
    "floors": null,
    "wash_rgb": [
     253,
     212,
     210
    ],
    "wash_chroma": 15.7,
    "wash_lightness_delta": -29.1,
    "hue_deg": 2,
    "material": "brick",
    "area_source_px2": 3850,
    "centroid_source_px": [
     1037,
     2267
    ],
    "orphan": false,
    "centroid_map": [
     491811.398,
     5459204.084
    ]
   }
  },
  {
   "type": "Feature",
   "geometry": {
    "type": "Polygon",
    "coordinates": [
     [
      [
       -123.113197,
       49.2855646
      ],
      [
       -123.1132435,
       49.2855265
      ],
      [
       -123.113006,
       49.2853728
      ],
      [
       -123.1129796,
       49.285365
      ],
      [
       -123.1129376,
       49.285392
      ],
      [
       -123.11295,
       49.2854109
      ],
      [
       -123.113197,
       49.2855646
      ]
     ]
    ]
   },
   "properties": {
    "sheet": "vancouver_1912_MAP342a_04",
    "outline_id": "vancouver_1912_MAP342a_04:block:14:outline33",
    "block_id": "vancouver_1912_MAP342a_04:block:14",
    "block_fid": 5,
    "block_number": "14",
    "text_inside": [],
    "numerals_inside": [],
    "words_inside": [],
    "floors": null,
    "wash_rgb": [
     254,
     254,
     254
    ],
    "wash_chroma": 0.1,
    "wash_lightness_delta": -0.1,
    "hue_deg": 0,
    "material": "not a building (open lot, yard or court)",
    "area_source_px2": 4898,
    "centroid_source_px": [
     830,
     2310
    ],
    "orphan": false,
    "centroid_map": [
     491775.726,
     5459196.399
    ]
   }
  },
  {
   "type": "Feature",
   "geometry": {
    "type": "Polygon",
    "coordinates": [
     [
      [
       -123.1124715,
       49.285564
      ],
      [
       -123.1128195,
       49.2853372
      ],
      [
       -123.1126765,
       49.2852415
      ],
      [
       -123.1125667,
       49.2853113
      ],
      [
       -123.1125764,
       49.2853191
      ],
      [
       -123.1126233,
       49.2852937
      ],
      [
       -123.1126261,
       49.2853111
      ],
      [
       -123.1126406,
       49.2853189
      ],
      [
       -123.1126056,
       49.2853411
      ],
      [
       -123.1125959,
       49.2853348
      ],
      [
       -123.1125794,
       49.2853412
      ],
      [
       -123.1125892,
       49.2853506
      ],
      [
       -123.1125562,
       49.2853618
      ],
      [
       -123.1125659,
       49.2853697
      ],
      [
       -123.1125424,
       49.2853792
      ],
      [
       -123.1125475,
       49.2853902
      ],
      [
       -123.1125261,
       49.2853919
      ],
      [
       -123.1125211,
       49.2853824
      ],
      [
       -123.112502,
       49.2853778
      ],
      [
       -123.1125063,
       49.285362
      ],
      [
       -123.1124943,
       49.2853605
      ],
      [
       -123.1123286,
       49.2854699
      ],
      [
       -123.1123408,
       49.2854809
      ],
      [
       -123.1123669,
       49.2854808
      ],
      [
       -123.1123553,
       49.2854903
      ],
      [
       -123.1124183,
       49.2855311
      ],
      [
       -123.112442,
       49.2855294
      ],
      [
       -123.1124353,
       49.2855421
      ],
      [
       -123.1124715,
       49.285564
      ]
     ]
    ]
   },
   "properties": {
    "sheet": "vancouver_1912_MAP342a_04",
    "outline_id": "vancouver_1912_MAP342a_04:block:14:outline34",
    "block_id": "vancouver_1912_MAP342a_04:block:14",
    "block_fid": 5,
    "block_number": "14",
    "text_inside": [
     "Hotel"
    ],
    "numerals_inside": [],
    "words_inside": [
     "Hotel"
    ],
    "floors": null,
    "wash_rgb": [
     253,
     213,
     210
    ],
    "wash_chroma": 15.5,
    "wash_lightness_delta": -28.7,
    "hue_deg": 4,
    "material": "brick",
    "area_source_px2": 16172,
    "centroid_source_px": [
     1049,
     2345
    ],
    "orphan": false,
    "centroid_map": [
     491813.706,
     5459190.415
    ]
   }
  },
  {
   "type": "Feature",
   "geometry": {
    "type": "Polygon",
    "coordinates": [
     [
      [
       -123.1127662,
       49.2855551
      ],
      [
       -123.1127806,
       49.2855582
      ],
      [
       -123.1129721,
       49.2854344
      ],
      [
       -123.1129042,
       49.2853889
      ],
      [
       -123.1128619,
       49.285408
      ],
      [
       -123.1127125,
       49.2855064
      ],
      [
       -123.1127105,
       49.2855206
      ],
      [
       -123.1127662,
       49.2855551
      ]
     ]
    ]
   },
   "properties": {
    "sheet": "vancouver_1912_MAP342a_04",
    "outline_id": "vancouver_1912_MAP342a_04:block:14:outline35",
    "block_id": "vancouver_1912_MAP342a_04:block:14",
    "block_fid": 5,
    "block_number": "14",
    "text_inside": [
     "4"
    ],
    "numerals_inside": [
     "4"
    ],
    "words_inside": [],
    "floors": null,
    "wash_rgb": [
     254,
     254,
     254
    ],
    "wash_chroma": 0.1,
    "wash_lightness_delta": -0.1,
    "hue_deg": 0,
    "material": "not a building (open lot, yard or court)",
    "area_source_px2": 5030,
    "centroid_source_px": [
     932,
     2308
    ],
    "orphan": false,
    "centroid_map": [
     491793.361,
     5459196.821
    ]
   }
  },
  {
   "type": "Feature",
   "geometry": {
    "type": "Polygon",
    "coordinates": [
     [
      [
       -123.1113629,
       49.2855523
      ],
      [
       -123.1115148,
       49.2854571
      ],
      [
       -123.111512,
       49.2854413
      ],
      [
       -123.111528,
       49.2854192
      ],
      [
       -123.1115445,
       49.2854144
      ],
      [
       -123.1115544,
       49.285427
      ],
      [
       -123.1115685,
       49.2854206
      ],
      [
       -123.1115488,
       49.285397
      ],
      [
       -123.1115824,
       49.2854095
      ],
      [
       -123.1117084,
       49.2853223
      ],
      [
       -123.1113838,
       49.2851152
      ],
      [
       -123.111365,
       49.2851232
      ],
      [
       -123.1113167,
       49.285095
      ],
      [
       -123.111333,
       49.2850823
      ],
      [
       -123.1110715,
       49.2849176
      ],
      [
       -123.1108817,
       49.2851044
      ],
      [
       -123.1109007,
       49.2851044
      ],
      [
       -123.1110666,
       49.2849981
      ],
      [
       -123.1110756,
       49.2849807
      ],
      [
       -123.1111189,
       49.2849979
      ],
      [
       -123.1111458,
       49.2850246
      ],
      [
       -123.1111127,
       49.2850294
      ],
      [
       -123.1109725,
       49.2851183
      ],
      [
       -123.1109896,
       49.2851356
      ],
      [
       -123.1109592,
       49.2851546
      ],
      [
       -123.1109376,
       49.2851452
      ],
      [
       -123.1108924,
       49.285147
      ],
      [
       -123.1108608,
       49.2851234
      ],
      [
       -123.1107983,
       49.2851836
      ],
      [
       -123.1110698,
       49.2853625
      ],
      [
       -123.1111004,
       49.2853545
      ],
      [
       -123.1110819,
       49.2853703
      ],
      [
       -123.1113629,
       49.2855523
      ]
     ]
    ]
   },
   "properties": {
    "sheet": "vancouver_1912_MAP342a_04",
    "outline_id": "vancouver_1912_MAP342a_04:block:1:outline36",
    "block_id": null,
    "block_fid": 1,
    "block_number": null,
    "text_inside": [
     "220'"
    ],
    "numerals_inside": [],
    "words_inside": [],
    "floors": null,
    "wash_rgb": [
     254,
     254,
     254
    ],
    "wash_chroma": 0.1,
    "wash_lightness_delta": -0.1,
    "hue_deg": 0,
    "material": "not a building (open lot, yard or court)",
    "area_source_px2": 67386,
    "centroid_source_px": [
     1615,
     2455
    ],
    "orphan": true,
    "orphan_because": "its block was rejected, split away or never traced",
    "centroid_map": [
     491911.922,
     5459171.522
    ]
   }
  },
  {
   "type": "Feature",
   "geometry": {
    "type": "Polygon",
    "coordinates": [
     [
      [
       -123.1132675,
       49.2855343
      ],
      [
       -123.1133282,
       49.2854962
      ],
      [
       -123.113311,
       49.2854758
      ],
      [
       -123.1133375,
       49.2854883
      ],
      [
       -123.1133912,
       49.2854534
      ],
      [
       -123.113374,
       49.2854346
      ],
      [
       -123.1133982,
       49.2854471
      ],
      [
       -123.1134076,
       49.2854439
      ],
      [
       -123.113414,
       49.2854171
      ],
      [
       -123.1133751,
       49.2853888
      ],
      [
       -123.1134056,
       49.2853713
      ],
      [
       -123.1133887,
       49.2853651
      ],
      [
       -123.1133418,
       49.2853889
      ],
      [
       -123.1133861,
       49.2853556
      ],
      [
       -123.1134706,
       49.2854011
      ],
      [
       -123.1135337,
       49.2853614
      ],
      [
       -123.1135189,
       49.2853441
      ],
      [
       -123.1135454,
       49.2853535
      ],
      [
       -123.1136084,
       49.2853107
      ],
      [
       -123.1135554,
       49.2852888
      ],
      [
       -123.1135812,
       49.2852761
      ],
      [
       -123.1135256,
       49.2852416
      ],
      [
       -123.1135041,
       49.2852385
      ],
      [
       -123.1135013,
       49.2852243
      ],
      [
       -123.1134771,
       49.2852102
      ],
      [
       -123.1133975,
       49.2852562
      ],
      [
       -123.1133954,
       49.2852657
      ],
      [
       -123.1134197,
       49.2852845
      ],
      [
       -123.113386,
       49.2852689
      ],
      [
       -123.1133229,
       49.2853085
      ],
      [
       -123.1133328,
       49.2853227
      ],
      [
       -123.113316,
       49.2853165
      ],
      [
       -123.1132995,
       49.2853213
      ],
      [
       -123.1132528,
       49.285353
      ],
      [
       -123.1132531,
       49.2853624
      ],
      [
       -123.1132388,
       49.2853625
      ],
      [
       -123.1131898,
       49.2853942
      ],
      [
       -123.1132021,
       49.2854099
      ],
      [
       -123.1131805,
       49.2854021
      ],
      [
       -123.1131267,
       49.2854339
      ],
      [
       -123.113127,
       49.2854449
      ],
      [
       -123.1132675,
       49.2855343
      ]
     ]
    ]
   },
   "properties": {
    "sheet": "vancouver_1912_MAP342a_04",
    "outline_id": "vancouver_1912_MAP342a_04:block:14:outline37",
    "block_id": "vancouver_1912_MAP342a_04:block:14",
    "block_fid": 5,
    "block_number": "14",
    "text_inside": [
     "100",
     "19"
    ],
    "numerals_inside": [
     "100",
     "19"
    ],
    "words_inside": [],
    "floors": null,
    "wash_rgb": [
     253,
     215,
     211
    ],
    "wash_chroma": 14.9,
    "wash_lightness_delta": -27.5,
    "hue_deg": 6,
    "material": "brick",
    "area_source_px2": 16568,
    "centroid_source_px": [
     712,
     2368
    ],
    "orphan": false,
    "centroid_map": [
     491755.492,
     5459186.145
    ]
   }
  },
  {
   "type": "Feature",
   "geometry": {
    "type": "Polygon",
    "coordinates": [
     [
      [
       -123.106706,
       49.2855485
      ],
      [
       -123.1067177,
       49.2855437
      ],
      [
       -123.1068342,
       49.2853729
      ],
      [
       -123.1068292,
       49.2853651
      ],
      [
       -123.1067261,
       49.2853355
      ],
      [
       -123.1067169,
       49.285345
      ],
      [
       -123.1066956,
       49.2853482
      ],
      [
       -123.1065859,
       49.2855079
      ],
      [
       -123.1065933,
       49.2855158
      ],
      [
       -123.106706,
       49.2855485
      ]
     ]
    ]
   },
   "properties": {
    "sheet": "vancouver_1912_MAP342a_04",
    "outline_id": "vancouver_1912_MAP342a_04:block:fid4:outline38",
    "block_id": null,
    "block_fid": 4,
    "block_number": null,
    "text_inside": [],
    "numerals_inside": [],
    "words_inside": [],
    "floors": null,
    "wash_rgb": [
     253,
     239,
     124
    ],
    "wash_chroma": 57.7,
    "wash_lightness_delta": -15.8,
    "hue_deg": 54,
    "material": "frame (wood)",
    "area_source_px2": 7497,
    "centroid_source_px": [
     3512,
     2339
    ],
    "orphan": true,
    "orphan_because": "its block was rejected, split away or never traced",
    "centroid_map": [
     492239.656,
     5459193.193
    ]
   }
  },
  {
   "type": "Feature",
   "geometry": {
    "type": "Polygon",
    "coordinates": [
     [
      [
       -123.112724,
       49.2854906
      ],
      [
       -123.1128898,
       49.2853843
      ],
      [
       -123.1128896,
       49.2853764
      ],
      [
       -123.1128267,
       49.2853403
      ],
      [
       -123.1126609,
       49.2854482
      ],
      [
       -123.1126804,
       49.2854639
      ],
      [
       -123.1126945,
       49.2854575
      ],
      [
       -123.1127185,
       49.2854653
      ],
      [
       -123.112707,
       49.2854812
      ],
      [
       -123.112724,
       49.2854906
      ]
     ]
    ]
   },
   "properties": {
    "sheet": "vancouver_1912_MAP342a_04",
    "outline_id": "vancouver_1912_MAP342a_04:block:14:outline39",
    "block_id": "vancouver_1912_MAP342a_04:block:14",
    "block_fid": 5,
    "block_number": "14",
    "text_inside": [],
    "numerals_inside": [],
    "words_inside": [],
    "floors": null,
    "wash_rgb": [
     254,
     254,
     254
    ],
    "wash_chroma": 0.4,
    "wash_lightness_delta": -0.3,
    "hue_deg": 0,
    "material": "not a building (open lot, yard or court)",
    "area_source_px2": 3682,
    "centroid_source_px": [
     959,
     2343
    ],
    "orphan": false,
    "centroid_map": [
     491798.135,
     5459190.702
    ]
   }
  },
  {
   "type": "Feature",
   "geometry": {
    "type": "Polygon",
    "coordinates": [
     [
      [
       -123.1123045,
       49.2854589
      ],
      [
       -123.112326,
       49.2854636
      ],
      [
       -123.1126646,
       49.2852415
      ],
      [
       -123.1126667,
       49.2852336
      ],
      [
       -123.112611,
       49.2851975
      ],
      [
       -123.1125967,
       49.285196
      ],
      [
       -123.1122535,
       49.2854213
      ],
      [
       -123.1122657,
       49.2854323
      ],
      [
       -123.1122871,
       49.2854338
      ],
      [
       -123.1122851,
       49.2854464
      ],
      [
       -123.1123045,
       49.2854589
      ]
     ]
    ]
   },
   "properties": {
    "sheet": "vancouver_1912_MAP342a_04",
    "outline_id": "vancouver_1912_MAP342a_04:block:14:outline40",
    "block_id": "vancouver_1912_MAP342a_04:block:14",
    "block_fid": 5,
    "block_number": "14",
    "text_inside": [
     "6"
    ],
    "numerals_inside": [
     "6"
    ],
    "words_inside": [],
    "floors": null,
    "wash_rgb": [
     253,
     215,
     211
    ],
    "wash_chroma": 14.9,
    "wash_lightness_delta": -27.6,
    "hue_deg": 6,
    "material": "brick",
    "area_source_px2": 8376,
    "centroid_source_px": [
     1092,
     2397
    ],
    "orphan": false,
    "centroid_map": [
     491821.298,
     5459181.326
    ]
   }
  },
  {
   "type": "Feature",
   "geometry": {
    "type": "Polygon",
    "coordinates": [
     [
      [
       -123.1108719,
       49.285431
      ],
      [
       -123.1109151,
       49.2853599
      ],
      [
       -123.1106273,
       49.2852757
      ],
      [
       -123.1106179,
       49.2852805
      ],
      [
       -123.1105954,
       49.2853232
      ],
      [
       -123.1106314,
       49.2853356
      ],
      [
       -123.1106575,
       49.285334
      ],
      [
       -123.1106697,
       49.285345
      ],
      [
       -123.1107392,
       49.2853652
      ],
      [
       -123.1107515,
       49.2853778
      ],
      [
       -123.1108181,
       49.2853776
      ],
      [
       -123.1108161,
       49.2853918
      ],
      [
       -123.1108711,
       49.2854042
      ],
      [
       -123.1108406,
       49.2854169
      ],
      [
       -123.1108529,
       49.2854311
      ],
      [
       -123.1108719,
       49.285431
      ]
     ]
    ]
   },
   "properties": {
    "sheet": "vancouver_1912_MAP342a_04",
    "outline_id": "vancouver_1912_MAP342a_04:block:1:outline41",
    "block_id": null,
    "block_fid": 1,
    "block_number": null,
    "text_inside": [],
    "numerals_inside": [],
    "words_inside": [],
    "floors": null,
    "wash_rgb": [
     253,
     204,
     208
    ],
    "wash_chroma": 18.7,
    "wash_lightness_delta": -34.1,
    "hue_deg": 356,
    "material": "brick",
    "area_source_px2": 4628,
    "centroid_source_px": [
     1809,
     2392
    ],
    "orphan": true,
    "orphan_because": "its block was rejected, split away or never traced",
    "centroid_map": [
     491945.286,
     5459182.706
    ]
   }
  },
  {
   "type": "Feature",
   "geometry": {
    "type": "Polygon",
    "coordinates": [
     [
      [
       -123.1122462,
       49.2854181
      ],
      [
       -123.1125942,
       49.2851897
      ],
      [
       -123.1124488,
       49.2850956
      ],
      [
       -123.112304,
       49.2851892
      ],
      [
       -123.1123046,
       49.2852097
      ],
      [
       -123.1123308,
       49.2852143
      ],
      [
       -123.1123962,
       49.2851715
      ],
      [
       -123.1123923,
       49.2852015
      ],
      [
       -123.1124043,
       49.2852062
      ],
      [
       -123.1123904,
       49.2852189
      ],
      [
       -123.1124048,
       49.2852235
      ],
      [
       -123.1124259,
       49.2852108
      ],
      [
       -123.1124216,
       49.2852266
      ],
      [
       -123.1124363,
       49.2852424
      ],
      [
       -123.1124059,
       49.2852614
      ],
      [
       -123.1124206,
       49.2852755
      ],
      [
       -123.112404,
       49.2852788
      ],
      [
       -123.1123972,
       49.2852914
      ],
      [
       -123.1123806,
       49.2852915
      ],
      [
       -123.1123636,
       49.2852789
      ],
      [
       -123.1123306,
       49.2852901
      ],
      [
       -123.1123075,
       49.2853122
      ],
      [
       -123.1123101,
       49.2853217
      ],
      [
       -123.112298,
       49.2853154
      ],
      [
       -123.1122722,
       49.2853266
      ],
      [
       -123.1122669,
       49.2853076
      ],
      [
       -123.112316,
       49.2852791
      ],
      [
       -123.1122967,
       49.2852681
      ],
      [
       -123.1122915,
       49.2852523
      ],
      [
       -123.1122727,
       49.2852603
      ],
      [
       -123.1122884,
       49.2852287
      ],
      [
       -123.1122695,
       49.2852319
      ],
      [
       -123.1122573,
       49.2852209
      ],
      [
       -123.1121008,
       49.2853224
      ],
      [
       -123.1121081,
       49.2853287
      ],
      [
       -123.112151,
       49.2853301
      ],
      [
       -123.1121608,
       49.2853412
      ],
      [
       -123.1121443,
       49.2853475
      ],
      [
       -123.1121469,
       49.2853554
      ],
      [
       -123.1121881,
       49.2853821
      ],
      [
       -123.1122143,
       49.285382
      ],
      [
       -123.1122075,
       49.2853946
      ],
      [
       -123.1122462,
       49.2854181
      ]
     ]
    ]
   },
   "properties": {
    "sheet": "vancouver_1912_MAP342a_04",
    "outline_id": "vancouver_1912_MAP342a_04:block:14:outline42",
    "block_id": "vancouver_1912_MAP342a_04:block:14",
    "block_fid": 5,
    "block_number": "14",
    "text_inside": [],
    "numerals_inside": [],
    "words_inside": [],
    "floors": null,
    "wash_rgb": [
     253,
     209,
     208
    ],
    "wash_chroma": 16.9,
    "wash_lightness_delta": -31.1,
    "hue_deg": 2,
    "material": "brick",
    "area_source_px2": 14111,
    "centroid_source_px": [
     1140,
     2441
    ],
    "orphan": false,
    "centroid_map": [
     491829.73,
     5459173.644
    ]
   }
  },
  {
   "type": "Feature",
   "geometry": {
    "type": "Polygon",
    "coordinates": [
     [
      [
       -123.1131426,
       49.2854086
      ],
      [
       -123.1131569,
       49.2854085
      ],
      [
       -123.1134651,
       49.2852071
      ],
      [
       -123.113448,
       49.2851898
      ],
      [
       -123.1134217,
       49.2851851
      ],
      [
       -123.1134141,
       49.2851694
      ],
      [
       -123.1133879,
       49.2851663
      ],
      [
       -123.1132197,
       49.2852742
      ],
      [
       -123.1132106,
       49.2852884
      ],
      [
       -123.113194,
       49.2852917
      ],
      [
       -123.1130866,
       49.2853615
      ],
      [
       -123.1130845,
       49.2853725
      ],
      [
       -123.1131426,
       49.2854086
      ]
     ]
    ]
   },
   "properties": {
    "sheet": "vancouver_1912_MAP342a_04",
    "outline_id": "vancouver_1912_MAP342a_04:block:14:outline43",
    "block_id": "vancouver_1912_MAP342a_04:block:14",
    "block_fid": 5,
    "block_number": "14",
    "text_inside": [
     "18"
    ],
    "numerals_inside": [
     "18"
    ],
    "words_inside": [],
    "floors": null,
    "wash_rgb": [
     253,
     209,
     207
    ],
    "wash_chroma": 17.0,
    "wash_lightness_delta": -31.2,
    "hue_deg": 2,
    "material": "brick",
    "area_source_px2": 7748,
    "centroid_source_px": [
     750,
     2422
    ],
    "orphan": false,
    "centroid_map": [
     491762.225,
     5459176.703
    ]
   }
  },
  {
   "type": "Feature",
   "geometry": {
    "type": "Polygon",
    "coordinates": [
     [
      [
       -123.1130349,
       49.2853837
      ],
      [
       -123.11339,
       49.2851584
      ],
      [
       -123.1133608,
       49.2851365
      ],
      [
       -123.1133394,
       49.285135
      ],
      [
       -123.1133414,
       49.2851223
      ],
      [
       -123.1133102,
       49.2851098
      ],
      [
       -123.1133075,
       49.2851004
      ],
      [
       -123.1132834,
       49.2850878
      ],
      [
       -123.1132691,
       49.2850895
      ],
      [
       -123.11324,
       49.2850691
      ],
      [
       -123.1128967,
       49.2852927
      ],
      [
       -123.1129525,
       49.285332
      ],
      [
       -123.112981,
       49.2853287
      ],
      [
       -123.1129719,
       49.2853445
      ],
      [
       -123.1130349,
       49.2853837
      ]
     ]
    ]
   },
   "properties": {
    "sheet": "vancouver_1912_MAP342a_04",
    "outline_id": "vancouver_1912_MAP342a_04:block:14:outline44",
    "block_id": "vancouver_1912_MAP342a_04:block:14",
    "block_fid": 5,
    "block_number": "14",
    "text_inside": [
     "17",
     "16"
    ],
    "numerals_inside": [
     "17",
     "16"
    ],
    "words_inside": [],
    "floors": null,
    "wash_rgb": [
     253,
     209,
     206
    ],
    "wash_chroma": 17.1,
    "wash_lightness_delta": -31.4,
    "hue_deg": 4,
    "material": "brick",
    "area_source_px2": 17106,
    "centroid_source_px": [
     805,
     2460
    ],
    "orphan": false,
    "centroid_map": [
     491771.85,
     5459170.078
    ]
   }
  },
  {
   "type": "Feature",
   "geometry": {
    "type": "Polygon",
    "coordinates": [
     [
      [
       -123.1104177,
       49.2853506
      ],
      [
       -123.1104404,
       49.2853111
      ],
      [
       -123.1103636,
       49.2852877
      ],
      [
       -123.1103609,
       49.2852751
      ],
      [
       -123.110375,
       49.2852687
      ],
      [
       -123.1103747,
       49.2852593
      ],
      [
       -123.110298,
       49.2852375
      ],
      [
       -123.1102701,
       49.2852612
      ],
      [
       -123.1102198,
       49.2852472
      ],
      [
       -123.110208,
       49.285252
      ],
      [
       -123.1101901,
       49.2852915
      ],
      [
       -123.1103844,
       49.2853492
      ],
      [
       -123.1104177,
       49.2853506
      ]
     ]
    ]
   },
   "properties": {
    "sheet": "vancouver_1912_MAP342a_04",
    "outline_id": "vancouver_1912_MAP342a_04:block:1:outline45",
    "block_id": null,
    "block_fid": 1,
    "block_number": null,
    "text_inside": [],
    "numerals_inside": [],
    "words_inside": [],
    "floors": null,
    "wash_rgb": [
     253,
     240,
     136
    ],
    "wash_chroma": 52.1,
    "wash_lightness_delta": -15.2,
    "hue_deg": 54,
    "material": "frame (wood)",
    "area_source_px2": 3944,
    "centroid_source_px": [
     1994,
     2424
    ],
    "orphan": true,
    "orphan_because": "its block was rejected, split away or never traced",
    "centroid_map": [
     491977.376,
     5459177.224
    ]
   }
  },
  {
   "type": "Feature",
   "geometry": {
    "type": "Polygon",
    "coordinates": [
     [
      [
       -123.1095615,
       49.2853474
      ],
      [
       -123.1092413,
       49.2852113
      ],
      [
       -123.1084118,
       49.2849777
      ],
      [
       -123.1083884,
       49.2849919
      ],
      [
       -123.1083863,
       49.285003
      ],
      [
       -123.1084177,
       49.2850186
      ],
      [
       -123.1084439,
       49.2850201
      ],
      [
       -123.1085544,
       49.2850576
      ],
      [
       -123.1092687,
       49.2852554
      ],
      [
       -123.109552,
       49.2853506
      ],
      [
       -123.1095615,
       49.2853474
      ]
     ]
    ]
   },
   "properties": {
    "sheet": "vancouver_1912_MAP342a_04",
    "outline_id": "vancouver_1912_MAP342a_04:block:1:outline46",
    "block_id": null,
    "block_fid": 1,
    "block_number": null,
    "text_inside": [],
    "numerals_inside": [],
    "words_inside": [],
    "floors": null,
    "wash_rgb": [
     254,
     254,
     254
    ],
    "wash_chroma": 0.0,
    "wash_lightness_delta": -0.1,
    "hue_deg": 0,
    "material": "not a building (open lot, yard or court)",
    "area_source_px2": 10292,
    "centroid_source_px": [
     2590,
     2529
    ],
    "orphan": true,
    "orphan_because": "its block was rejected, split away or never traced",
    "centroid_map": [
     492080.766,
     5459159.229
    ]
   }
  },
  {
   "type": "Feature",
   "geometry": {
    "type": "Polygon",
    "coordinates": [
     [
      [
       -123.1128847,
       49.2852865
      ],
      [
       -123.1128989,
       49.2852848
      ],
      [
       -123.1132165,
       49.285077
      ],
      [
       -123.1131985,
       49.2850314
      ],
      [
       -123.1131452,
       49.2849968
      ],
      [
       -123.1131238,
       49.2849953
      ],
      [
       -123.1131234,
       49.2849827
      ],
      [
       -123.1130944,
       49.2849655
      ],
      [
       -123.1127441,
       49.2851955
      ],
      [
       -123.1128847,
       49.2852865
      ]
     ]
    ]
   },
   "properties": {
    "sheet": "vancouver_1912_MAP342a_04",
    "outline_id": "vancouver_1912_MAP342a_04:block:14:outline47",
    "block_id": "vancouver_1912_MAP342a_04:block:14",
    "block_fid": 5,
    "block_number": "14",
    "text_inside": [
     "Dogs"
    ],
    "numerals_inside": [],
    "words_inside": [
     "Dogs"
    ],
    "floors": null,
    "wash_rgb": [
     253,
     210,
     209
    ],
    "wash_chroma": 16.5,
    "wash_lightness_delta": -30.5,
    "hue_deg": 2,
    "material": "brick",
    "area_source_px2": 17677,
    "centroid_source_px": [
     872,
     2520
    ],
    "orphan": false,
    "centroid_map": [
     491783.616,
     5459159.603
    ]
   }
  },
  {
   "type": "Feature",
   "geometry": {
    "type": "Polygon",
    "coordinates": [
     [
      [
       -123.1081537,
       49.2852704
      ],
      [
       -123.1064921,
       49.2847968
      ],
      [
       -123.1062722,
       49.2847582
      ],
      [
       -123.1062438,
       49.2847598
      ],
      [
       -123.1070232,
       49.2849889
      ],
      [
       -123.1070373,
       49.2849842
      ],
      [
       -123.1070423,
       49.2849936
      ],
      [
       -123.1076346,
       49.285165
      ],
      [
       -123.1076753,
       49.2851759
      ],
      [
       -123.1076847,
       49.2851711
      ],
      [
       -123.1077113,
       49.2851868
      ],
      [
       -123.1080685,
       49.2852865
      ],
      [
       -123.1081014,
       49.2852738
      ],
      [
       -123.1081537,
       49.2852704
      ]
     ]
    ]
   },
   "properties": {
    "sheet": "vancouver_1912_MAP342a_04",
    "outline_id": "vancouver_1912_MAP342a_04:block:1:outline48",
    "block_id": null,
    "block_fid": 1,
    "block_number": null,
    "text_inside": [],
    "numerals_inside": [],
    "words_inside": [],
    "floors": null,
    "wash_rgb": [
     254,
     254,
     254
    ],
    "wash_chroma": 0.1,
    "wash_lightness_delta": -0.1,
    "hue_deg": 0,
    "material": "not a building (open lot, yard or court)",
    "area_source_px2": 18678,
    "centroid_source_px": [
     3273,
     2594
    ],
    "orphan": true,
    "orphan_because": "its block was rejected, split away or never traced",
    "centroid_map": [
     492199.082,
     5459148.309
    ]
   }
  },
  {
   "type": "Feature",
   "geometry": {
    "type": "Polygon",
    "coordinates": [
     [
      [
       -123.1137045,
       49.2851778
      ],
      [
       -123.1134114,
       49.2849911
      ],
      [
       -123.1133874,
       49.2849833
      ],
      [
       -123.1133856,
       49.2850023
      ],
      [
       -123.1133671,
       49.2850213
      ],
      [
       -123.1136434,
       49.2852033
      ],
      [
       -123.1136603,
       49.2852111
      ],
      [
       -123.1137045,
       49.2851778
      ]
     ]
    ]
   },
   "properties": {
    "sheet": "vancouver_1912_MAP342a_04",
    "outline_id": "vancouver_1912_MAP342a_04:block:14:outline49",
    "block_id": "vancouver_1912_MAP342a_04:block:14",
    "block_fid": 5,
    "block_number": "14",
    "text_inside": [],
    "numerals_inside": [],
    "words_inside": [],
    "floors": null,
    "wash_rgb": [
     254,
     254,
     254
    ],
    "wash_chroma": 0.0,
    "wash_lightness_delta": -0.0,
    "hue_deg": 0,
    "material": "not a building (open lot, yard or court)",
    "area_source_px2": 4922,
    "centroid_source_px": [
     640,
     2540
    ],
    "orphan": false,
    "centroid_map": [
     491743.552,
     5459155.933
    ]
   }
  },
  {
   "type": "Feature",
   "geometry": {
    "type": "Polygon",
    "coordinates": [
     [
      [
       -123.1076905,
       49.2852074
      ],
      [
       -123.1076807,
       49.285198
      ],
      [
       -123.1076972,
       49.2851916
      ],
      [
       -123.1076899,
       49.2851853
      ],
      [
       -123.1061457,
       49.2847413
      ],
      [
       -123.1059042,
       49.2846964
      ],
      [
       -123.1058758,
       49.284698
      ],
      [
       -123.1075782,
       49.2851889
      ],
      [
       -123.1076304,
       49.285184
      ],
      [
       -123.1076474,
       49.2851965
      ],
      [
       -123.1076429,
       49.285206
      ],
      [
       -123.1076693,
       49.2852154
      ],
      [
       -123.1076905,
       49.2852074
      ]
     ]
    ]
   },
   "properties": {
    "sheet": "vancouver_1912_MAP342a_04",
    "outline_id": "vancouver_1912_MAP342a_04:block:1:outline50",
    "block_id": null,
    "block_fid": 1,
    "block_number": null,
    "text_inside": [],
    "numerals_inside": [],
    "words_inside": [],
    "floors": null,
    "wash_rgb": [
     254,
     254,
     254
    ],
    "wash_chroma": 0.1,
    "wash_lightness_delta": -0.1,
    "hue_deg": 0,
    "material": "not a building (open lot, yard or court)",
    "area_source_px2": 15705,
    "centroid_source_px": [
     3464,
     2649
    ],
    "orphan": true,
    "orphan_because": "its block was rejected, split away or never traced",
    "centroid_map": [
     492232.279,
     5459138.799
    ]
   }
  },
  {
   "type": "Feature",
   "geometry": {
    "type": "Polygon",
    "coordinates": [
     [
      [
       -123.1118975,
       49.2851954
      ],
      [
       -123.1120632,
       49.285086
      ],
      [
       -123.1120674,
       49.2850639
      ],
      [
       -123.1120906,
       49.2850464
      ],
      [
       -123.112098,
       49.2850559
      ],
      [
       -123.1121123,
       49.2850542
      ],
      [
       -123.112243,
       49.284967
      ],
      [
       -123.1122282,
       49.2849497
      ],
      [
       -123.1120854,
       49.2848603
      ],
      [
       -123.1117375,
       49.2850887
      ],
      [
       -123.1117617,
       49.285106
      ],
      [
       -123.1117831,
       49.2851043
      ],
      [
       -123.1117836,
       49.2851217
      ],
      [
       -123.1118175,
       49.2851436
      ],
      [
       -123.1118317,
       49.285142
      ],
      [
       -123.1118218,
       49.2851263
      ],
      [
       -123.111831,
       49.2851168
      ],
      [
       -123.1118526,
       49.285123
      ],
      [
       -123.1118592,
       49.2851056
      ],
      [
       -123.1118946,
       49.2850945
      ],
      [
       -123.1119906,
       49.285042
      ],
      [
       -123.1119738,
       49.2850342
      ],
      [
       -123.1119685,
       49.2850153
      ],
      [
       -123.1119571,
       49.2850343
      ],
      [
       -123.1119099,
       49.2850455
      ],
      [
       -123.111889,
       49.2850629
      ],
      [
       -123.1118761,
       49.2850298
      ],
      [
       -123.1118879,
       49.2850251
      ],
      [
       -123.1118976,
       49.2850329
      ],
      [
       -123.1119236,
       49.2850249
      ],
      [
       -123.1119351,
       49.2850139
      ],
      [
       -123.1119275,
       49.2849965
      ],
      [
       -123.1119556,
       49.2849807
      ],
      [
       -123.1119842,
       49.2849837
      ],
      [
       -123.1120938,
       49.2849044
      ],
      [
       -123.1120968,
       49.2849281
      ],
      [
       -123.1121138,
       49.2849391
      ],
      [
       -123.1121417,
       49.2849169
      ],
      [
       -123.1121584,
       49.28492
      ],
      [
       -123.1121639,
       49.2849452
      ],
      [
       -123.1121429,
       49.284961
      ],
      [
       -123.1121284,
       49.2849501
      ],
      [
       -123.112119,
       49.2849548
      ],
      [
       -123.1121148,
       49.2849753
      ],
      [
       -123.112075,
       49.2849992
      ],
      [
       -123.1120897,
       49.2850117
      ],
      [
       -123.1120683,
       49.2850134
      ],
      [
       -123.1120425,
       49.2850277
      ],
      [
       -123.1120163,
       49.2850262
      ],
      [
       -123.1120241,
       49.2850467
      ],
      [
       -123.1120476,
       49.2850371
      ],
      [
       -123.1120572,
       49.2850418
      ],
      [
       -123.1120221,
       49.2850609
      ],
      [
       -123.112017,
       49.2850498
      ],
      [
       -123.1119931,
       49.2850452
      ],
      [
       -123.1119916,
       49.2850767
      ],
      [
       -123.1119302,
       49.2850912
      ],
      [
       -123.1118504,
       49.2851309
      ],
      [
       -123.1118532,
       49.2851435
      ],
      [
       -123.1118345,
       49.2851546
      ],
      [
       -123.1118871,
       49.2851655
      ],
      [
       -123.1118945,
       49.2851733
      ],
      [
       -123.1118781,
       49.2851829
      ],
      [
       -123.1118975,
       49.2851954
      ]
     ]
    ]
   },
   "properties": {
    "sheet": "vancouver_1912_MAP342a_04",
    "outline_id": "vancouver_1912_MAP342a_04:block:fid6:outline51",
    "block_id": "vancouver_1912_MAP342a_04:block:fid6",
    "block_fid": 6,
    "block_number": null,
    "text_inside": [
     "Clarke & Stewart",
     "64",
     "65",
     "66",
     "Building"
    ],
    "numerals_inside": [],
    "words_inside": [
     "Clarke & Stewart",
     "Building"
    ],
    "floors": null,
    "wash_rgb": [
     253,
     216,
     213
    ],
    "wash_chroma": 14.4,
    "wash_lightness_delta": -26.8,
    "hue_deg": 4,
    "material": "brick",
    "area_source_px2": 14224,
    "centroid_source_px": [
     1289,
     2587
    ],
    "orphan": false,
    "centroid_map": [
     491855.935,
     5459148.146
    ]
   }
  },
  {
   "type": "Feature",
   "geometry": {
    "type": "Polygon",
    "coordinates": [
     [
      [
       -123.1107672,
       49.2851758
      ],
      [
       -123.1106678,
       49.2851084
      ],
      [
       -123.1103115,
       49.2850418
      ],
      [
       -123.1102974,
       49.2850482
      ],
      [
       -123.1102664,
       49.2851287
      ],
      [
       -123.1106323,
       49.2852
      ],
      [
       -123.1107672,
       49.2851758
      ]
     ]
    ]
   },
   "properties": {
    "sheet": "vancouver_1912_MAP342a_04",
    "outline_id": "vancouver_1912_MAP342a_04:block:1:outline52",
    "block_id": null,
    "block_fid": 1,
    "block_number": null,
    "text_inside": [],
    "numerals_inside": [],
    "words_inside": [],
    "floors": null,
    "wash_rgb": [
     253,
     238,
     139
    ],
    "wash_chroma": 50.4,
    "wash_lightness_delta": -16.1,
    "hue_deg": 52,
    "material": "frame (wood)",
    "area_source_px2": 10990,
    "centroid_source_px": [
     1914,
     2530
    ],
    "orphan": true,
    "orphan_because": "its block was rejected, split away or never traced",
    "centroid_map": [
     491963.857,
     5459158.58
    ]
   }
  },
  {
   "type": "Feature",
   "geometry": {
    "type": "Polygon",
    "coordinates": [
     [
      [
       -123.1127883,
       49.285159
      ],
      [
       -123.1127903,
       49.2851448
      ],
      [
       -123.1127587,
       49.2851229
      ],
      [
       -123.112796,
       49.2850959
      ],
      [
       -123.1126797,
       49.2850206
      ],
      [
       -123.1126533,
       49.2850113
      ],
      [
       -123.1126322,
       49.2850208
      ],
      [
       -123.1126372,
       49.2850302
      ],
      [
       -123.1125968,
       49.2850304
      ],
      [
       -123.1125261,
       49.2850527
      ],
      [
       -123.1127297,
       49.2851877
      ],
      [
       -123.1127439,
       49.2851876
      ],
      [
       -123.1127883,
       49.285159
      ]
     ]
    ]
   },
   "properties": {
    "sheet": "vancouver_1912_MAP342a_04",
    "outline_id": "vancouver_1912_MAP342a_04:block:14:outline53",
    "block_id": "vancouver_1912_MAP342a_04:block:14",
    "block_fid": 5,
    "block_number": "14",
    "text_inside": [],
    "numerals_inside": [],
    "words_inside": [],
    "floors": null,
    "wash_rgb": [
     253,
     207,
     209
    ],
    "wash_chroma": 17.5,
    "wash_lightness_delta": -32.1,
    "hue_deg": 358,
    "material": "brick",
    "area_source_px2": 6244,
    "centroid_source_px": [
     998,
     2545
    ],
    "orphan": false,
    "centroid_map": [
     491805.482,
     5459155.308
    ]
   }
  },
  {
   "type": "Feature",
   "geometry": {
    "type": "Polygon",
    "coordinates": [
     [
      [
       -123.1091331,
       49.2851691
      ],
      [
       -123.1087069,
       49.2849861
      ],
      [
       -123.1086628,
       49.2850241
      ],
      [
       -123.1084683,
       49.2849585
      ],
      [
       -123.1084157,
       49.2849477
      ],
      [
       -123.1084139,
       49.2849682
      ],
      [
       -123.1091117,
       49.2851692
      ],
      [
       -123.1091331,
       49.2851691
      ]
     ]
    ]
   },
   "properties": {
    "sheet": "vancouver_1912_MAP342a_04",
    "outline_id": "vancouver_1912_MAP342a_04:block:1:outline54",
    "block_id": null,
    "block_fid": 1,
    "block_number": null,
    "text_inside": [],
    "numerals_inside": [],
    "words_inside": [],
    "floors": null,
    "wash_rgb": [
     254,
     254,
     254
    ],
    "wash_chroma": 0.1,
    "wash_lightness_delta": -0.1,
    "hue_deg": 0,
    "material": "not a building (open lot, yard or court)",
    "area_source_px2": 5996,
    "centroid_source_px": [
     2639,
     2582
    ],
    "orphan": true,
    "orphan_because": "its block was rejected, split away or never traced",
    "centroid_map": [
     492089.398,
     5459149.969
    ]
   }
  },
  {
   "type": "Feature",
   "geometry": {
    "type": "Polygon",
    "coordinates": [
     [
      [
       -123.1073963,
       49.2851485
      ],
      [
       -123.1073649,
       49.2851328
      ],
      [
       -123.1067559,
       49.2849583
      ],
      [
       -123.1067273,
       49.2849569
      ],
      [
       -123.1067224,
       49.284949
      ],
      [
       -123.1062836,
       49.2848228
      ],
      [
       -123.1062718,
       49.284826
      ],
      [
       -123.1061469,
       49.2847838
      ],
      [
       -123.1057155,
       49.2846671
      ],
      [
       -123.1057037,
       49.2846703
      ],
      [
       -123.1058988,
       49.2847563
      ],
      [
       -123.1061407,
       49.284817
      ],
      [
       -123.1066923,
       49.2849775
      ],
      [
       -123.1068264,
       49.2850101
      ],
      [
       -123.1071982,
       49.2851224
      ],
      [
       -123.1072363,
       49.2851254
      ],
      [
       -123.1072581,
       49.2851395
      ],
      [
       -123.107342,
       49.2851629
      ],
      [
       -123.1073963,
       49.2851485
      ]
     ]
    ]
   },
   "properties": {
    "sheet": "vancouver_1912_MAP342a_04",
    "outline_id": "vancouver_1912_MAP342a_04:block:1:outline55",
    "block_id": null,
    "block_fid": 1,
    "block_number": null,
    "text_inside": [],
    "numerals_inside": [],
    "words_inside": [],
    "floors": null,
    "wash_rgb": [
     254,
     254,
     254
    ],
    "wash_chroma": 0.0,
    "wash_lightness_delta": -0.1,
    "hue_deg": 0,
    "material": "not a building (open lot, yard or court)",
    "area_source_px2": 15053,
    "centroid_source_px": [
     3570,
     2669
    ],
    "orphan": true,
    "orphan_because": "its block was rejected, split away or never traced",
    "centroid_map": [
     492250.671,
     5459135.366
    ]
   }
  },
  {
   "type": "Feature",
   "geometry": {
    "type": "Polygon",
    "coordinates": [
     [
      [
       -123.1071889,
       49.2851303
      ],
      [
       -123.106105,
       49.2848155
      ],
      [
       -123.1059996,
       49.2847891
      ],
      [
       -123.1059878,
       49.2847923
      ],
      [
       -123.106178,
       49.2848736
      ],
      [
       -123.1070051,
       49.2851073
      ],
      [
       -123.1070478,
       49.2851024
      ],
      [
       -123.1070671,
       49.2851118
      ],
      [
       -123.1070698,
       49.285126
      ],
      [
       -123.1071537,
       49.2851478
      ],
      [
       -123.1071889,
       49.2851303
      ]
     ]
    ]
   },
   "properties": {
    "sheet": "vancouver_1912_MAP342a_04",
    "outline_id": "vancouver_1912_MAP342a_04:block:1:outline56",
    "block_id": null,
    "block_fid": 1,
    "block_number": null,
    "text_inside": [],
    "numerals_inside": [],
    "words_inside": [],
    "floors": null,
    "wash_rgb": [
     254,
     254,
     254
    ],
    "wash_chroma": 0.1,
    "wash_lightness_delta": -0.2,
    "hue_deg": 0,
    "material": "not a building (open lot, yard or court)",
    "area_source_px2": 9663,
    "centroid_source_px": [
     3553,
     2635
    ],
    "orphan": true,
    "orphan_because": "its block was rejected, split away or never traced",
    "centroid_map": [
     492247.63,
     5459141.316
    ]
   }
  },
  {
   "type": "Feature",
   "geometry": {
    "type": "Polygon",
    "coordinates": [
     [
      [
       -123.1108606,
       49.285114
      ],
      [
       -123.1110225,
       49.2849525
      ],
      [
       -123.1110124,
       49.284932
      ],
      [
       -123.1110432,
       49.2849287
      ],
      [
       -123.1110592,
       49.284905
      ],
      [
       -123.1110084,
       49.2848752
      ],
      [
       -123.1109731,
       49.2848864
      ],
      [
       -123.1109987,
       49.2848674
      ],
      [
       -123.1109357,
       49.2848282
      ],
      [
       -123.110894,
       49.2848646
      ],
      [
       -123.1109184,
       49.2848866
      ],
      [
       -123.1108826,
       49.284882
      ],
      [
       -123.1108546,
       49.2849042
      ],
      [
       -123.1109099,
       49.2848409
      ],
      [
       -123.1108954,
       49.2848299
      ],
      [
       -123.1109213,
       49.2848219
      ],
      [
       -123.1109187,
       49.284814
      ],
      [
       -123.1106844,
       49.2847723
      ],
      [
       -123.1106586,
       49.284785
      ],
      [
       -123.110599,
       49.2847805
      ],
      [
       -123.1105787,
       49.2848184
      ],
      [
       -123.1105914,
       49.2847632
      ],
      [
       -123.1105702,
       49.284768
      ],
      [
       -123.1105674,
       49.2847554
      ],
      [
       -123.1105506,
       49.2847475
      ],
      [
       -123.1104383,
       49.2847322
      ],
      [
       -123.1104531,
       49.2847479
      ],
      [
       -123.1104247,
       49.2847559
      ],
      [
       -123.1103734,
       49.2848744
      ],
      [
       -123.1103786,
       49.2848917
      ],
      [
       -123.1104026,
       49.2848995
      ],
      [
       -123.1103623,
       49.2849044
      ],
      [
       -123.1103131,
       49.285015
      ],
      [
       -123.11033,
       49.2850228
      ],
      [
       -123.1103328,
       49.285037
      ],
      [
       -123.1104548,
       49.2850618
      ],
      [
       -123.1104736,
       49.2850538
      ],
      [
       -123.1104893,
       49.2850222
      ],
      [
       -123.1104853,
       49.2850491
      ],
      [
       -123.1105142,
       49.28506
      ],
      [
       -123.1105026,
       49.2850711
      ],
      [
       -123.1106246,
       49.2850943
      ],
      [
       -123.1106767,
       49.2850862
      ],
      [
       -123.1107137,
       49.2850498
      ],
      [
       -123.1106939,
       49.2850247
      ],
      [
       -123.1107032,
       49.2850152
      ],
      [
       -123.1106883,
       49.2849947
      ],
      [
       -123.1107047,
       49.2849836
      ],
      [
       -123.1106853,
       49.2849726
      ],
      [
       -123.1106642,
       49.2849822
      ],
      [
       -123.1106569,
       49.2849775
      ],
      [
       -123.1106584,
       49.2849459
      ],
      [
       -123.1106409,
       49.2849144
      ],
      [
       -123.1106502,
       49.2849065
      ],
      [
       -123.1106257,
       49.2848829
      ],
      [
       -123.110635,
       49.2848734
      ],
      [
       -123.1106205,
       49.2848656
      ],
      [
       -123.1106272,
       49.2848514
      ],
      [
       -123.1106126,
       49.2848404
      ],
      [
       -123.1106147,
       49.2848309
      ],
      [
       -123.1106411,
       49.2848371
      ],
      [
       -123.1106544,
       49.2848891
      ],
      [
       -123.1106832,
       49.2848985
      ],
      [
       -123.1106596,
       49.2849033
      ],
      [
       -123.1106844,
       49.2849411
      ],
      [
       -123.1106824,
       49.2849537
      ],
      [
       -123.1107094,
       49.284982
      ],
      [
       -123.1107505,
       49.2850055
      ],
      [
       -123.1107759,
       49.2849786
      ],
      [
       -123.1107445,
       49.2849629
      ],
      [
       -123.1107732,
       49.2849676
      ],
      [
       -123.110806,
       49.2849517
      ],
      [
       -123.1108322,
       49.28495
      ],
      [
       -123.1108142,
       49.2849027
      ],
      [
       -123.1107504,
       49.2848336
      ],
      [
       -123.1107979,
       49.2848334
      ],
      [
       -123.1108101,
       49.2848428
      ],
      [
       -123.1107889,
       49.2848508
      ],
      [
       -123.1108057,
       49.284857
      ],
      [
       -123.1108013,
       49.2848681
      ],
      [
       -123.110833,
       49.2848948
      ],
      [
       -123.1108285,
       49.2849059
      ],
      [
       -123.1108695,
       49.2849262
      ],
      [
       -123.1108554,
       49.284931
      ],
      [
       -123.1108534,
       49.2849436
      ],
      [
       -123.1108732,
       49.2849719
      ],
      [
       -123.1108664,
       49.284983
      ],
      [
       -123.1108809,
       49.2849924
      ],
      [
       -123.1108788,
       49.2850019
      ],
      [
       -123.1108576,
       49.2850083
      ],
      [
       -123.1108383,
       49.2849973
      ],
      [
       -123.1108331,
       49.2849831
      ],
      [
       -123.1108471,
       49.2849752
      ],
      [
       -123.1108301,
       49.2849611
      ],
      [
       -123.110784,
       49.2850133
      ],
      [
       -123.110767,
       49.2850023
      ],
      [
       -123.1107392,
       49.2850276
      ],
      [
       -123.1108172,
       49.2850952
      ],
      [
       -123.1107766,
       49.285089
      ],
      [
       -123.1107626,
       49.285097
      ],
      [
       -123.1107676,
       49.2851064
      ],
      [
       -123.1108009,
       49.2851063
      ],
      [
       -123.1108131,
       49.2851157
      ],
      [
       -123.1107967,
       49.2851252
      ],
      [
       -123.1108158,
       49.2851299
      ],
      [
       -123.1108606,
       49.285114
      ]
     ]
    ]
   },
   "properties": {
    "sheet": "vancouver_1912_MAP342a_04",
    "outline_id": "vancouver_1912_MAP342a_04:block:1:outline57",
    "block_id": null,
    "block_fid": 1,
    "block_number": null,
    "text_inside": [
     "Kelly, Douglas",
     "& Company",
     "4 Company",
     "St.",
     "St.",
     "B",
     "5",
     "St.",
     "St.",
     "St.",
     "St.",
     "St."
    ],
    "numerals_inside": [],
    "words_inside": [
     "Kelly, Douglas",
     "& Company",
     "4 Company",
     "St.",
     "St.",
     "St.",
     "St.",
     "St.",
     "St.",
     "St."
    ],
    "floors": null,
    "wash_rgb": [
     253,
     216,
     212
    ],
    "wash_chroma": 14.5,
    "wash_lightness_delta": -26.8,
    "hue_deg": 6,
    "material": "brick",
    "area_source_px2": 44735,
    "centroid_source_px": [
     1850,
     2656
    ],
    "orphan": true,
    "orphan_because": "its block was rejected, split away or never traced",
    "centroid_map": [
     491953.164,
     5459136.44
    ]
   }
  },
  {
   "type": "Feature",
   "geometry": {
    "type": "Polygon",
    "coordinates": [
     [
      [
       -123.1069863,
       49.2851153
      ],
      [
       -123.1069501,
       49.285098
      ],
      [
       -123.1062861,
       49.2849111
      ],
      [
       -123.1062766,
       49.2849143
      ],
      [
       -123.1064501,
       49.2849926
      ],
      [
       -123.1065749,
       49.2850316
      ],
      [
       -123.1068025,
       49.2850923
      ],
      [
       -123.1068261,
       49.2850843
      ],
      [
       -123.1068289,
       49.2851001
      ],
      [
       -123.1069583,
       49.2851359
      ],
      [
       -123.1069863,
       49.2851153
      ]
     ]
    ]
   },
   "properties": {
    "sheet": "vancouver_1912_MAP342a_04",
    "outline_id": "vancouver_1912_MAP342a_04:block:1:outline58",
    "block_id": null,
    "block_fid": 1,
    "block_number": null,
    "text_inside": [],
    "numerals_inside": [],
    "words_inside": [],
    "floors": null,
    "wash_rgb": [
     254,
     254,
     254
    ],
    "wash_chroma": 0.1,
    "wash_lightness_delta": -0.2,
    "hue_deg": 0,
    "material": "not a building (open lot, yard or court)",
    "area_source_px2": 6015,
    "centroid_source_px": [
     3528,
     2597
    ],
    "orphan": true,
    "orphan_because": "its block was rejected, split away or never traced",
    "centroid_map": [
     492243.193,
     5459147.962
    ]
   }
  },
  {
   "type": "Feature",
   "geometry": {
    "type": "Polygon",
    "coordinates": [
     [
      [
       -123.112682,
       49.2850159
      ],
      [
       -123.1127426,
       49.2850551
      ],
      [
       -123.1127638,
       49.2850487
      ],
      [
       -123.1128583,
       49.2851099
      ],
      [
       -123.1130871,
       49.2849592
      ],
      [
       -123.1130605,
       49.2849435
      ],
      [
       -123.1130253,
       49.2849626
      ],
      [
       -123.113028,
       49.284972
      ],
      [
       -123.1129828,
       49.2849738
      ],
      [
       -123.1129826,
       49.2849643
      ],
      [
       -123.1129515,
       49.2849597
      ],
      [
       -123.1129112,
       49.284963
      ],
      [
       -123.1128972,
       49.2849741
      ],
      [
       -123.1128851,
       49.2849662
      ],
      [
       -123.1128282,
       49.2849728
      ],
      [
       -123.1128136,
       49.2849602
      ],
      [
       -123.1127807,
       49.2849729
      ],
      [
       -123.1127833,
       49.2849808
      ],
      [
       -123.1128047,
       49.2849823
      ],
      [
       -123.1128265,
       49.2849964
      ],
      [
       -123.1127962,
       49.285017
      ],
      [
       -123.1127721,
       49.2850077
      ],
      [
       -123.1127645,
       49.2849903
      ],
      [
       -123.1127223,
       49.285011
      ],
      [
       -123.1127267,
       49.2849984
      ],
      [
       -123.1127076,
       49.2849969
      ],
      [
       -123.112682,
       49.2850159
      ]
     ]
    ]
   },
   "properties": {
    "sheet": "vancouver_1912_MAP342a_04",
    "outline_id": "vancouver_1912_MAP342a_04:block:14:outline59",
    "block_id": "vancouver_1912_MAP342a_04:block:14",
    "block_fid": 5,
    "block_number": "14",
    "text_inside": [
     "13",
     "12th"
    ],
    "numerals_inside": [],
    "words_inside": [
     "12th"
    ],
    "floors": null,
    "wash_rgb": [
     253,
     200,
     205
    ],
    "wash_chroma": 20.5,
    "wash_lightness_delta": -36.9,
    "hue_deg": 354,
    "material": "brick",
    "area_source_px2": 7543,
    "centroid_source_px": [
     911,
     2593
    ],
    "orphan": false,
    "centroid_map": [
     491790.579,
     5459146.829
    ]
   }
  },
  {
   "type": "Feature",
   "geometry": {
    "type": "Polygon",
    "coordinates": [
     [
      [
       -123.1057615,
       49.2851165
      ],
      [
       -123.1058188,
       49.285039
      ],
      [
       -123.1058112,
       49.2850248
      ],
      [
       -123.1052161,
       49.2848361
      ],
      [
       -123.1051323,
       49.2849846
      ],
      [
       -123.1051874,
       49.2850002
      ],
      [
       -123.1052222,
       49.2849701
      ],
      [
       -123.1052846,
       49.2849904
      ],
      [
       -123.1052665,
       49.2850204
      ],
      [
       -123.1053337,
       49.2850439
      ],
      [
       -123.1053479,
       49.2850422
      ],
      [
       -123.1053684,
       49.285009
      ],
      [
       -123.1053827,
       49.285009
      ],
      [
       -123.1057378,
       49.2851197
      ],
      [
       -123.1057615,
       49.2851165
      ]
     ]
    ]
   },
   "properties": {
    "sheet": "vancouver_1912_MAP342a_04",
    "outline_id": "vancouver_1912_MAP342a_04:block:fid7:outline60",
    "block_id": null,
    "block_fid": 7,
    "block_number": null,
    "text_inside": [],
    "numerals_inside": [],
    "words_inside": [],
    "floors": null,
    "wash_rgb": [
     253,
     242,
     141
    ],
    "wash_chroma": 50.7,
    "wash_lightness_delta": -13.4,
    "hue_deg": 54,
    "material": "frame (wood)",
    "area_source_px2": 21310,
    "centroid_source_px": [
     4032,
     2633
    ],
    "orphan": true,
    "orphan_because": "its block was rejected, split away or never traced",
    "centroid_map": [
     492330.465,
     5459142.002
    ]
   }
  },
  {
   "type": "Feature",
   "geometry": {
    "type": "Polygon",
    "coordinates": [
     [
      [
       -123.1102725,
       49.2850908
      ],
      [
       -123.1102924,
       49.2850403
      ],
      [
       -123.1101011,
       49.2850015
      ],
      [
       -123.1101165,
       49.2849589
      ],
      [
       -123.1101114,
       49.2849447
      ],
      [
       -123.1095186,
       49.2848412
      ],
      [
       -123.1095014,
       49.2849043
      ],
      [
       -123.1095347,
       49.2849042
      ],
      [
       -123.1095611,
       49.2849152
      ],
      [
       -123.1098958,
       49.2849755
      ],
      [
       -123.1098826,
       49.2850118
      ],
      [
       -123.10989,
       49.2850228
      ],
      [
       -123.1102631,
       49.2850956
      ],
      [
       -123.1102725,
       49.2850908
      ]
     ]
    ]
   },
   "properties": {
    "sheet": "vancouver_1912_MAP342a_04",
    "outline_id": "vancouver_1912_MAP342a_04:block:1:outline61",
    "block_id": null,
    "block_fid": 1,
    "block_number": null,
    "text_inside": [
     "FRI",
     "FRI"
    ],
    "numerals_inside": [],
    "words_inside": [
     "FRI",
     "FRI"
    ],
    "floors": null,
    "wash_rgb": [
     253,
     238,
     133
    ],
    "wash_chroma": 53.0,
    "wash_lightness_delta": -16.2,
    "hue_deg": 52,
    "material": "frame (wood)",
    "area_source_px2": 16580,
    "centroid_source_px": [
     2162,
     2636
    ],
    "orphan": true,
    "orphan_because": "its block was rejected, split away or never traced",
    "centroid_map": [
     492007.064,
     5459140.166
    ]
   }
  },
  {
   "type": "Feature",
   "geometry": {
    "type": "Polygon",
    "coordinates": [
     [
      [
       -123.111723,
       49.2850825
      ],
      [
       -123.1117349,
       49.2850824
      ],
      [
       -123.1120711,
       49.2848603
      ],
      [
       -123.1120732,
       49.2848493
      ],
      [
       -123.1120127,
       49.2848117
      ],
      [
       -123.1119611,
       49.2848371
      ],
      [
       -123.1116646,
       49.2850353
      ],
      [
       -123.1116746,
       49.2850511
      ],
      [
       -123.1117033,
       49.2850573
      ],
      [
       -123.1116987,
       49.2850652
      ],
      [
       -123.111723,
       49.2850825
      ]
     ]
    ]
   },
   "properties": {
    "sheet": "vancouver_1912_MAP342a_04",
    "outline_id": "vancouver_1912_MAP342a_04:block:fid6:outline62",
    "block_id": "vancouver_1912_MAP342a_04:block:fid6",
    "block_fid": 6,
    "block_number": null,
    "text_inside": [
     "67",
     "68",
     "69",
     "3"
    ],
    "numerals_inside": [
     "3"
    ],
    "words_inside": [],
    "floors": null,
    "wash_rgb": [
     253,
     212,
     213
    ],
    "wash_chroma": 15.5,
    "wash_lightness_delta": -28.8,
    "hue_deg": 358,
    "material": "brick",
    "area_source_px2": 8741,
    "centroid_source_px": [
     1337,
     2641
    ],
    "orphan": false,
    "centroid_map": [
     491864.398,
     5459138.711
    ]
   }
  },
  {
   "type": "Feature",
   "geometry": {
    "type": "Polygon",
    "coordinates": [
     [
      [
       -123.1116527,
       49.2850338
      ],
      [
       -123.1119982,
       49.2848054
      ],
      [
       -123.1119643,
       49.2847834
      ],
      [
       -123.1119458,
       49.2848024
      ],
      [
       -123.1118872,
       49.2848326
      ],
      [
       -123.1118936,
       49.2848074
      ],
      [
       -123.1119523,
       49.2847787
      ],
      [
       -123.111928,
       49.2847599
      ],
      [
       -123.1118903,
       49.2847758
      ],
      [
       -123.1118555,
       49.2848059
      ],
      [
       -123.1118295,
       49.2848123
      ],
      [
       -123.1118419,
       49.284828
      ],
      [
       -123.1118065,
       49.2848376
      ],
      [
       -123.1118093,
       49.2848518
      ],
      [
       -123.1117555,
       49.2848851
      ],
      [
       -123.111781,
       49.284863
      ],
      [
       -123.1117808,
       49.2848551
      ],
      [
       -123.1117641,
       49.284852
      ],
      [
       -123.1117707,
       49.2848346
      ],
      [
       -123.1118338,
       49.2847934
      ],
      [
       -123.111848,
       49.2847933
      ],
      [
       -123.1118594,
       49.2847759
      ],
      [
       -123.1119061,
       49.2847458
      ],
      [
       -123.111785,
       49.2846673
      ],
      [
       -123.1114371,
       49.2848942
      ],
      [
       -123.1114683,
       49.2849051
      ],
      [
       -123.111471,
       49.2849177
      ],
      [
       -123.1115267,
       49.2849538
      ],
      [
       -123.1115434,
       49.2849553
      ],
      [
       -123.111551,
       49.2849695
      ],
      [
       -123.111597,
       49.2850009
      ],
      [
       -123.1116378,
       49.2850134
      ],
      [
       -123.1116333,
       49.2850228
      ],
      [
       -123.1116527,
       49.2850338
      ]
     ]
    ]
   },
   "properties": {
    "sheet": "vancouver_1912_MAP342a_04",
    "outline_id": "vancouver_1912_MAP342a_04:block:fid6:outline63",
    "block_id": "vancouver_1912_MAP342a_04:block:fid6",
    "block_fid": 6,
    "block_number": null,
    "text_inside": [
     "70",
     "71",
     "72",
     "73",
     "74",
     "75",
     "76",
     "77",
     "78",
     "6"
    ],
    "numerals_inside": [
     "6"
    ],
    "words_inside": [],
    "floors": null,
    "wash_rgb": [
     253,
     213,
     212
    ],
    "wash_chroma": 15.4,
    "wash_lightness_delta": -28.7,
    "hue_deg": 2,
    "material": "brick",
    "area_source_px2": 24302,
    "centroid_source_px": [
     1405,
     2700
    ],
    "orphan": false,
    "centroid_map": [
     491876.334,
     5459128.412
    ]
   }
  },
  {
   "type": "Feature",
   "geometry": {
    "type": "Polygon",
    "coordinates": [
     [
      [
       -123.1102922,
       49.2850308
      ],
      [
       -123.110344,
       49.2849297
      ],
      [
       -123.1103269,
       49.2849124
      ],
      [
       -123.1103282,
       49.2848745
      ],
      [
       -123.1103547,
       49.2848855
      ],
      [
       -123.1103641,
       49.2848823
      ],
      [
       -123.1104264,
       49.284729
      ],
      [
       -123.1103737,
       49.2847166
      ],
      [
       -123.1103384,
       49.2847294
      ],
      [
       -123.1103098,
       49.2847279
      ],
      [
       -123.1103049,
       49.2847232
      ],
      [
       -123.1103261,
       49.2847152
      ],
      [
       -123.1103211,
       49.2847089
      ],
      [
       -123.1102422,
       49.2846934
      ],
      [
       -123.1101968,
       49.2847709
      ],
      [
       -123.1101863,
       49.2848183
      ],
      [
       -123.1102251,
       49.2848449
      ],
      [
       -123.1102231,
       49.2848591
      ],
      [
       -123.1101856,
       49.2848798
      ],
      [
       -123.1101501,
       49.2848846
      ],
      [
       -123.1101057,
       49.2849952
      ],
      [
       -123.1101703,
       49.2850092
      ],
      [
       -123.1102009,
       49.2849996
      ],
      [
       -123.1102273,
       49.2850074
      ],
      [
       -123.1102204,
       49.2850169
      ],
      [
       -123.1102922,
       49.2850308
      ]
     ]
    ]
   },
   "properties": {
    "sheet": "vancouver_1912_MAP342a_04",
    "outline_id": "vancouver_1912_MAP342a_04:block:1:outline64",
    "block_id": null,
    "block_fid": 1,
    "block_number": null,
    "text_inside": [
     "Cobalt Bros. Ltd.",
     "Gavitt Bros."
    ],
    "numerals_inside": [],
    "words_inside": [
     "Cobalt Bros. Ltd.",
     "Gavitt Bros."
    ],
    "floors": null,
    "wash_rgb": [
     253,
     216,
     213
    ],
    "wash_chroma": 14.2,
    "wash_lightness_delta": -26.4,
    "hue_deg": 4,
    "material": "brick",
    "area_source_px2": 15510,
    "centroid_source_px": [
     2012,
     2698
    ],
    "orphan": true,
    "orphan_because": "its block was rejected, split away or never traced",
    "centroid_map": [
     491981.307,
     5459129.188
    ]
   }
  },
  {
   "type": "Feature",
   "geometry": {
    "type": "Polygon",
    "coordinates": [
     [
      [
       -123.1086743,
       49.2850098
      ],
      [
       -123.1086878,
       49.2849814
      ],
      [
       -123.1085509,
       49.2849346
      ],
      [
       -123.1085127,
       49.2849284
      ],
      [
       -123.1083949,
       49.2848846
      ],
      [
       -123.1083807,
       49.2848878
      ],
      [
       -123.1083601,
       49.2849147
      ],
      [
       -123.1083722,
       49.2849242
      ],
      [
       -123.1086603,
       49.2850178
      ],
      [
       -123.1086743,
       49.2850098
      ]
     ]
    ]
   },
   "properties": {
    "sheet": "vancouver_1912_MAP342a_04",
    "outline_id": "vancouver_1912_MAP342a_04:block:1:outline65",
    "block_id": null,
    "block_fid": 1,
    "block_number": null,
    "text_inside": [],
    "numerals_inside": [],
    "words_inside": [],
    "floors": null,
    "wash_rgb": [
     253,
     236,
     122
    ],
    "wash_chroma": 57.6,
    "wash_lightness_delta": -17.8,
    "hue_deg": 52,
    "material": "frame (wood)",
    "area_source_px2": 3686,
    "centroid_source_px": [
     2743,
     2646
    ],
    "orphan": true,
    "orphan_because": "its block was rejected, split away or never traced",
    "centroid_map": [
     492107.576,
     5459138.819
    ]
   }
  },
  {
   "type": "Feature",
   "geometry": {
    "type": "Polygon",
    "coordinates": [
     [
      [
       -123.1126286,
       49.2849798
      ],
      [
       -123.1126528,
       49.2849939
      ],
      [
       -123.1127213,
       49.2849763
      ],
      [
       -123.1127257,
       49.2849637
      ],
      [
       -123.1127491,
       49.284951
      ],
      [
       -123.1127543,
       49.2849667
      ],
      [
       -123.1127922,
       49.2849603
      ],
      [
       -123.1128161,
       49.2849649
      ],
      [
       -123.112842,
       49.2849538
      ],
      [
       -123.1128637,
       49.2849647
      ],
      [
       -123.1128846,
       49.2849489
      ],
      [
       -123.112937,
       49.2849503
      ],
      [
       -123.1129533,
       49.2849376
      ],
      [
       -123.1129631,
       49.2849486
      ],
      [
       -123.1130345,
       49.2849483
      ],
      [
       -123.1130435,
       49.2849325
      ],
      [
       -123.1129926,
       49.284898
      ],
      [
       -123.1129639,
       49.2848934
      ],
      [
       -123.1129635,
       49.2848792
      ],
      [
       -123.1129079,
       49.2848463
      ],
      [
       -123.1128867,
       49.2848542
      ],
      [
       -123.1128457,
       49.2848339
      ],
      [
       -123.1127243,
       49.2849132
      ],
      [
       -123.1127226,
       49.2849369
      ],
      [
       -123.112737,
       49.2849415
      ],
      [
       -123.1127018,
       49.284959
      ],
      [
       -123.1126776,
       49.2849449
      ],
      [
       -123.1126286,
       49.2849798
      ]
     ]
    ]
   },
   "properties": {
    "sheet": "vancouver_1912_MAP342a_04",
    "outline_id": "vancouver_1912_MAP342a_04:block:14:outline66",
    "block_id": "vancouver_1912_MAP342a_04:block:14",
    "block_fid": 5,
    "block_number": "14",
    "text_inside": [],
    "numerals_inside": [],
    "words_inside": [],
    "floors": null,
    "wash_rgb": [
     253,
     204,
     207
    ],
    "wash_chroma": 18.7,
    "wash_lightness_delta": -34.1,
    "hue_deg": 356,
    "material": "brick",
    "area_source_px2": 7407,
    "centroid_source_px": [
     923,
     2660
    ],
    "orphan": false,
    "centroid_map": [
     491792.854,
     5459135.089
    ]
   }
  },
  {
   "type": "Feature",
   "geometry": {
    "type": "Polygon",
    "coordinates": [
     [
      [
       -123.1050085,
       49.2849804
      ],
      [
       -123.1051249,
       49.2849768
      ],
      [
       -123.1052017,
       49.2848314
      ],
      [
       -123.1051033,
       49.2848002
      ],
      [
       -123.1050867,
       49.2848034
      ],
      [
       -123.1049987,
       49.2849709
      ],
      [
       -123.1050085,
       49.2849804
      ]
     ]
    ]
   },
   "properties": {
    "sheet": "vancouver_1912_MAP342a_04",
    "outline_id": "vancouver_1912_MAP342a_04:block:fid7:outline67",
    "block_id": null,
    "block_fid": 7,
    "block_number": null,
    "text_inside": [],
    "numerals_inside": [],
    "words_inside": [],
    "floors": null,
    "wash_rgb": [
     253,
     244,
     134
    ],
    "wash_chroma": 54.7,
    "wash_lightness_delta": -12.4,
    "hue_deg": 56,
    "material": "frame (wood)",
    "area_source_px2": 5663,
    "centroid_source_px": [
     4182,
     2688
    ],
    "orphan": true,
    "orphan_because": "its block was rejected, split away or never traced",
    "centroid_map": [
     492356.571,
     5459132.463
    ]
   }
  },
  {
   "type": "Feature",
   "geometry": {
    "type": "Polygon",
    "coordinates": [
     [
      [
       -123.1084066,
       49.2849619
      ],
      [
       -123.1084156,
       49.2849429
      ],
      [
       -123.1083483,
       49.2849195
      ],
      [
       -123.1083803,
       49.2848737
      ],
      [
       -123.1081913,
       49.2848349
      ],
      [
       -123.1081748,
       49.2848381
      ],
      [
       -123.1081574,
       49.2848965
      ],
      [
       -123.1082557,
       49.2849246
      ],
      [
       -123.1082674,
       49.2849166
      ],
      [
       -123.1082912,
       49.2849166
      ],
      [
       -123.1082989,
       49.284937
      ],
      [
       -123.1083972,
       49.2849651
      ],
      [
       -123.1084066,
       49.2849619
      ]
     ]
    ]
   },
   "properties": {
    "sheet": "vancouver_1912_MAP342a_04",
    "outline_id": "vancouver_1912_MAP342a_04:block:1:outline68",
    "block_id": null,
    "block_fid": 1,
    "block_number": null,
    "text_inside": [
     "8"
    ],
    "numerals_inside": [
     "8"
    ],
    "words_inside": [],
    "floors": null,
    "wash_rgb": [
     254,
     254,
     254
    ],
    "wash_chroma": 0.0,
    "wash_lightness_delta": -0.0,
    "hue_deg": 0,
    "material": "not a building (open lot, yard or court)",
    "area_source_px2": 4270,
    "centroid_source_px": [
     2847,
     2684
    ],
    "orphan": true,
    "orphan_because": "its block was rejected, split away or never traced",
    "centroid_map": [
     492125.675,
     5459132.229
    ]
   }
  },
  {
   "type": "Feature",
   "geometry": {
    "type": "Polygon",
    "coordinates": [
     [
      [
       -123.110116,
       49.2849384
      ],
      [
       -123.1101277,
       49.284932
      ],
      [
       -123.1101409,
       49.2848941
      ],
      [
       -123.1101549,
       49.2848862
      ],
      [
       -123.1101232,
       49.2848579
      ],
      [
       -123.1101228,
       49.2848453
      ],
      [
       -123.1101791,
       49.2848151
      ],
      [
       -123.110228,
       49.2846935
      ],
      [
       -123.1102088,
       49.2846888
      ],
      [
       -123.110183,
       49.2847031
      ],
      [
       -123.1101801,
       49.2846826
      ],
      [
       -123.1101346,
       49.2846733
      ],
      [
       -123.1101254,
       49.2846828
      ],
      [
       -123.1101083,
       49.2846687
      ],
      [
       -123.1100438,
       49.2846579
      ],
      [
       -123.1100187,
       49.2846958
      ],
      [
       -123.1099342,
       49.2849043
      ],
      [
       -123.110018,
       49.2849214
      ],
      [
       -123.1100391,
       49.2849134
      ],
      [
       -123.1100466,
       49.284926
      ],
      [
       -123.110116,
       49.2849384
      ]
     ]
    ]
   },
   "properties": {
    "sheet": "vancouver_1912_MAP342a_04",
    "outline_id": "vancouver_1912_MAP342a_04:block:1:outline69",
    "block_id": null,
    "block_fid": 1,
    "block_number": null,
    "text_inside": [],
    "numerals_inside": [],
    "words_inside": [],
    "floors": null,
    "wash_rgb": [
     253,
     218,
     215
    ],
    "wash_chroma": 13.4,
    "wash_lightness_delta": -25.1,
    "hue_deg": 4,
    "material": "brick",
    "area_source_px2": 13137,
    "centroid_source_px": [
     2088,
     2740
    ],
    "orphan": true,
    "orphan_because": "its block was rejected, split away or never traced",
    "centroid_map": [
     491994.576,
     5459121.877
    ]
   }
  },
  {
   "type": "Feature",
   "geometry": {
    "type": "Polygon",
    "coordinates": [
     [
      [
       -123.1123152,
       49.2849147
      ],
      [
       -123.1123712,
       49.284875
      ],
      [
       -123.1122527,
       49.2848045
      ],
      [
       -123.1122805,
       49.2847791
      ],
      [
       -123.1122371,
       49.2847572
      ],
      [
       -123.1121531,
       49.2848159
      ],
      [
       -123.1123152,
       49.2849147
      ]
     ]
    ]
   },
   "properties": {
    "sheet": "vancouver_1912_MAP342a_04",
    "outline_id": "vancouver_1912_MAP342a_04:block:fid6:outline70",
    "block_id": "vancouver_1912_MAP342a_04:block:fid6",
    "block_fid": 6,
    "block_number": null,
    "text_inside": [],
    "numerals_inside": [],
    "words_inside": [],
    "floors": null,
    "wash_rgb": [
     253,
     200,
     207
    ],
    "wash_chroma": 20.5,
    "wash_lightness_delta": -36.7,
    "hue_deg": 352,
    "material": "brick",
    "area_source_px2": 3589,
    "centroid_source_px": [
     1171,
     2708
    ],
    "orphan": false,
    "centroid_map": [
     491835.888,
     5459126.845
    ]
   }
  },
  {
   "type": "Feature",
   "geometry": {
    "type": "Polygon",
    "coordinates": [
     [
      [
       -123.10992,
       49.2849044
      ],
      [
       -123.1099985,
       49.2847369
      ],
      [
       -123.1100247,
       49.2846564
      ],
      [
       -123.1099386,
       49.2846377
      ],
      [
       -123.1099126,
       49.2846441
      ],
      [
       -123.1098636,
       49.284761
      ],
      [
       -123.1098828,
       49.2847689
      ],
      [
       -123.1098893,
       49.2847452
      ],
      [
       -123.1099035,
       49.2847436
      ],
      [
       -123.1099174,
       49.2847277
      ],
      [
       -123.1099048,
       49.2847025
      ],
      [
       -123.1099382,
       49.2847071
      ],
      [
       -123.109912,
       49.2847908
      ],
      [
       -123.109878,
       49.2848509
      ],
      [
       -123.1098705,
       49.2848383
      ],
      [
       -123.1098563,
       49.2848384
      ],
      [
       -123.1098674,
       49.2848131
      ],
      [
       -123.1098792,
       49.2848083
      ],
      [
       -123.1098551,
       49.2847958
      ],
      [
       -123.1098371,
       49.2848321
      ],
      [
       -123.109823,
       49.2848401
      ],
      [
       -123.1098258,
       49.2848558
      ],
      [
       -123.109814,
       49.284859
      ],
      [
       -123.1098135,
       49.2848401
      ],
      [
       -123.1097893,
       49.284826
      ],
      [
       -123.1097985,
       49.2848149
      ],
      [
       -123.1098083,
       49.2848259
      ],
      [
       -123.1098247,
       49.2848164
      ],
      [
       -123.1098076,
       49.2848007
      ],
      [
       -123.1098289,
       49.2847959
      ],
      [
       -123.1098332,
       49.2847785
      ],
      [
       -123.1098472,
       49.2847706
      ],
      [
       -123.1098343,
       49.2847359
      ],
      [
       -123.1098555,
       49.2847279
      ],
      [
       -123.1098785,
       49.2846995
      ],
      [
       -123.1098519,
       49.2846854
      ],
      [
       -123.109861,
       49.2846696
      ],
      [
       -123.1098799,
       49.2846648
      ],
      [
       -123.1098957,
       49.2846347
      ],
      [
       -123.1098382,
       49.2846192
      ],
      [
       -123.1098153,
       49.2846524
      ],
      [
       -123.1097287,
       49.2848688
      ],
      [
       -123.1098004,
       49.2848827
      ],
      [
       -123.1098168,
       49.2848716
      ],
      [
       -123.1098315,
       49.2848889
      ],
      [
       -123.10992,
       49.2849044
      ]
     ]
    ]
   },
   "properties": {
    "sheet": "vancouver_1912_MAP342a_04",
    "outline_id": "vancouver_1912_MAP342a_04:block:1:outline71",
    "block_id": null,
    "block_fid": 1,
    "block_number": null,
    "text_inside": [
     "Johnston Bros."
    ],
    "numerals_inside": [],
    "words_inside": [
     "Johnston Bros."
    ],
    "floors": null,
    "wash_rgb": [
     253,
     218,
     214
    ],
    "wash_chroma": 13.6,
    "wash_lightness_delta": -25.5,
    "hue_deg": 6,
    "material": "brick",
    "area_source_px2": 11185,
    "centroid_source_px": [
     2170,
     2762
    ],
    "orphan": true,
    "orphan_because": "its block was rejected, split away or never traced",
    "centroid_map": [
     492008.823,
     5459118.076
    ]
   }
  },
  {
   "type": "Feature",
   "geometry": {
    "type": "Polygon",
    "coordinates": [
     [
      [
       -123.1081523,
       49.2848855
      ],
      [
       -123.1081698,
       49.2848318
      ],
      [
       -123.1079069,
       49.2847839
      ],
      [
       -123.1078961,
       49.2848233
      ],
      [
       -123.1081406,
       49.2848919
      ],
      [
       -123.1081523,
       49.2848855
      ]
     ]
    ]
   },
   "properties": {
    "sheet": "vancouver_1912_MAP342a_04",
    "outline_id": "vancouver_1912_MAP342a_04:block:1:outline72",
    "block_id": null,
    "block_fid": 1,
    "block_number": null,
    "text_inside": [],
    "numerals_inside": [],
    "words_inside": [],
    "floors": null,
    "wash_rgb": [
     254,
     254,
     254
    ],
    "wash_chroma": 0.1,
    "wash_lightness_delta": -0.1,
    "hue_deg": 0,
    "material": "not a building (open lot, yard or court)",
    "area_source_px2": 3746,
    "centroid_source_px": [
     2946,
     2721
    ],
    "orphan": true,
    "orphan_because": "its block was rejected, split away or never traced",
    "centroid_map": [
     492142.908,
     5459125.81
    ]
   }
  },
  {
   "type": "Feature",
   "geometry": {
    "type": "Polygon",
    "coordinates": [
     [
      [
       -123.1122669,
       49.2848044
      ],
      [
       -123.1123806,
       49.2848718
      ],
      [
       -123.1124017,
       49.2848591
      ],
      [
       -123.1123893,
       49.2848434
      ],
      [
       -123.1124157,
       49.2848496
      ],
      [
       -123.1124927,
       49.2847989
      ],
      [
       -123.1124874,
       49.2847784
      ],
      [
       -123.1124593,
       49.2847958
      ],
      [
       -123.1124426,
       49.2847943
      ],
      [
       -123.1124352,
       49.2847817
      ],
      [
       -123.112416,
       49.2847786
      ],
      [
       -123.1124203,
       49.2847613
      ],
      [
       -123.1124511,
       49.2847564
      ],
      [
       -123.1124586,
       49.284769
      ],
      [
       -123.1124945,
       49.2847768
      ],
      [
       -123.112518,
       49.2847672
      ],
      [
       -123.11253,
       49.2847719
      ],
      [
       -123.1126281,
       49.2847069
      ],
      [
       -123.1126088,
       49.2846991
      ],
      [
       -123.1125809,
       49.2847197
      ],
      [
       -123.1125639,
       49.2847087
      ],
      [
       -123.1125451,
       49.2847182
      ],
      [
       -123.1125021,
       49.2847089
      ],
      [
       -123.1124786,
       49.28472
      ],
      [
       -123.1124712,
       49.2847106
      ],
      [
       -123.1123997,
       49.2847061
      ],
      [
       -123.11239,
       49.2846983
      ],
      [
       -123.1123759,
       49.2847046
      ],
      [
       -123.1123614,
       49.2846984
      ],
      [
       -123.112373,
       49.2846873
      ],
      [
       -123.1124158,
       49.2846871
      ],
      [
       -123.1124637,
       49.284698
      ],
      [
       -123.1126157,
       49.2846912
      ],
      [
       -123.1126351,
       49.2847037
      ],
      [
       -123.1126607,
       49.2846847
      ],
      [
       -123.112613,
       49.2846801
      ],
      [
       -123.1126081,
       49.2846754
      ],
      [
       -123.1126244,
       49.2846627
      ],
      [
       -123.1126027,
       49.2846518
      ],
      [
       -123.1125675,
       49.2846677
      ],
      [
       -123.1125725,
       49.2846755
      ],
      [
       -123.1125464,
       49.2846788
      ],
      [
       -123.1125056,
       49.2846647
      ],
      [
       -123.1124532,
       49.2846618
      ],
      [
       -123.1124439,
       49.2846697
      ],
      [
       -123.1124249,
       49.2846698
      ],
      [
       -123.1124103,
       49.2846588
      ],
      [
       -123.1124196,
       49.2846509
      ],
      [
       -123.1124075,
       49.2846462
      ],
      [
       -123.1122487,
       49.2847493
      ],
      [
       -123.1123094,
       49.2847932
      ],
      [
       -123.1122878,
       49.284787
      ],
      [
       -123.1122669,
       49.2848044
      ]
     ]
    ]
   },
   "properties": {
    "sheet": "vancouver_1912_MAP342a_04",
    "outline_id": "vancouver_1912_MAP342a_04:block:fid6:outline73",
    "block_id": "vancouver_1912_MAP342a_04:block:fid6",
    "block_fid": 6,
    "block_number": null,
    "text_inside": [
     "20",
     "Molsons",
     "19",
     "Bank"
    ],
    "numerals_inside": [],
    "words_inside": [
     "Molsons",
     "Bank"
    ],
    "floors": null,
    "wash_rgb": [
     254,
     218,
     216
    ],
    "wash_chroma": 13.6,
    "wash_lightness_delta": -25.3,
    "hue_deg": 4,
    "material": "brick",
    "area_source_px2": 10612,
    "centroid_source_px": [
     1102,
     2763
    ],
    "orphan": false,
    "centroid_map": [
     491824.119,
     5459117.152
    ]
   }
  },
  {
   "type": "Feature",
   "geometry": {
    "type": "Polygon",
    "coordinates": [
     [
      [
       -123.1094127,
       49.2848794
      ],
      [
       -123.1094235,
       49.2848399
      ],
      [
       -123.109145,
       49.2847479
      ],
      [
       -123.1091308,
       49.2847526
      ],
      [
       -123.1091203,
       49.2848
      ],
      [
       -123.1091826,
       49.2848187
      ],
      [
       -123.1092347,
       49.2848106
      ],
      [
       -123.1092469,
       49.2848216
      ],
      [
       -123.1092875,
       49.2848278
      ],
      [
       -123.1092809,
       49.2848468
      ],
      [
       -123.1093985,
       49.284881
      ],
      [
       -123.1094127,
       49.2848794
      ]
     ]
    ]
   },
   "properties": {
    "sheet": "vancouver_1912_MAP342a_04",
    "outline_id": "vancouver_1912_MAP342a_04:block:fid8:outline74",
    "block_id": null,
    "block_fid": 8,
    "block_number": null,
    "text_inside": [
     "FRI",
     "FRI",
     "FRI"
    ],
    "numerals_inside": [],
    "words_inside": [
     "FRI",
     "FRI",
     "FRI"
    ],
    "floors": null,
    "wash_rgb": [
     253,
     234,
     126
    ],
    "wash_chroma": 54.9,
    "wash_lightness_delta": -18.9,
    "hue_deg": 52,
    "material": "frame (wood)",
    "area_source_px2": 3798,
    "centroid_source_px": [
     2429,
     2731
    ],
    "orphan": true,
    "orphan_because": "its block was rejected, split away or never traced",
    "centroid_map": [
     492053.524,
     5459123.694
    ]
   }
  },
  {
   "type": "Feature",
   "geometry": {
    "type": "Polygon",
    "coordinates": [
     [
      [
       -123.1097143,
       49.2848657
      ],
      [
       -123.1097305,
       49.2848483
      ],
      [
       -123.109824,
       49.2846224
      ],
      [
       -123.1098143,
       49.2846145
      ],
      [
       -123.1097617,
       49.2846052
      ],
      [
       -123.1097359,
       49.284618
      ],
      [
       -123.1097,
       49.2846102
      ],
      [
       -123.109679,
       49.2846245
      ],
      [
       -123.1096889,
       49.2846371
      ],
      [
       -123.1096701,
       49.2846466
      ],
      [
       -123.109655,
       49.2847003
      ],
      [
       -123.1096313,
       49.2847051
      ],
      [
       -123.1096437,
       49.284724
      ],
      [
       -123.1096149,
       49.2847966
      ],
      [
       -123.1095942,
       49.284822
      ],
      [
       -123.1096018,
       49.2848393
      ],
      [
       -123.1096399,
       49.2848392
      ],
      [
       -123.1096474,
       49.2848533
      ],
      [
       -123.1097143,
       49.2848657
      ]
     ]
    ]
   },
   "properties": {
    "sheet": "vancouver_1912_MAP342a_04",
    "outline_id": "vancouver_1912_MAP342a_04:block:1:outline75",
    "block_id": null,
    "block_fid": 1,
    "block_number": null,
    "text_inside": [
     "FRI",
     "FRI",
     "FRI",
     "FRI",
     "FRI"
    ],
    "numerals_inside": [],
    "words_inside": [
     "FRI",
     "FRI",
     "FRI",
     "FRI",
     "FRI"
    ],
    "floors": null,
    "wash_rgb": [
     253,
     217,
     215
    ],
    "wash_chroma": 13.7,
    "wash_lightness_delta": -25.6,
    "hue_deg": 4,
    "material": "brick",
    "area_source_px2": 8922,
    "centroid_source_px": [
     2242,
     2782
    ],
    "orphan": true,
    "orphan_because": "its block was rejected, split away or never traced",
    "centroid_map": [
     492021.335,
     5459114.62
    ]
   }
  },
  {
   "type": "Feature",
   "geometry": {
    "type": "Polygon",
    "coordinates": [
     [
      [
       -123.1113499,
       49.2848393
      ],
      [
       -123.1114155,
       49.2848043
      ],
      [
       -123.1117002,
       49.2846124
      ],
      [
       -123.1116371,
       49.2845685
      ],
      [
       -123.1112939,
       49.2847937
      ],
      [
       -123.1112966,
       49.2848064
      ],
      [
       -123.1113253,
       49.2848094
      ],
      [
       -123.1113305,
       49.2848267
      ],
      [
       -123.1113499,
       49.2848393
      ]
     ]
    ]
   },
   "properties": {
    "sheet": "vancouver_1912_MAP342a_04",
    "outline_id": "vancouver_1912_MAP342a_04:block:fid6:outline76",
    "block_id": "vancouver_1912_MAP342a_04:block:fid6",
    "block_fid": 6,
    "block_number": null,
    "text_inside": [
     "81",
     "82",
     "83",
     "8"
    ],
    "numerals_inside": [
     "8"
    ],
    "words_inside": [],
    "floors": null,
    "wash_rgb": [
     254,
     254,
     253
    ],
    "wash_chroma": 0.4,
    "wash_lightness_delta": -0.4,
    "hue_deg": 60,
    "material": "not a building (open lot, yard or court)",
    "area_source_px2": 8085,
    "centroid_source_px": [
     1491,
     2796
    ],
    "orphan": false,
    "centroid_map": [
     491891.494,
     5459111.638
    ]
   }
  },
  {
   "type": "Feature",
   "geometry": {
    "type": "Polygon",
    "coordinates": [
     [
      [
       -123.1050214,
       49.2848478
      ],
      [
       -123.1050578,
       49.2847877
      ],
      [
       -123.1044146,
       49.2845834
      ],
      [
       -123.1044005,
       49.2845881
      ],
      [
       -123.104357,
       49.2846498
      ],
      [
       -123.104362,
       49.2846561
      ],
      [
       -123.1050051,
       49.2848605
      ],
      [
       -123.1050214,
       49.2848478
      ]
     ]
    ]
   },
   "properties": {
    "sheet": "vancouver_1912_MAP342a_04",
    "outline_id": "vancouver_1912_MAP342a_04:block:fid7:outline77",
    "block_id": null,
    "block_fid": 7,
    "block_number": null,
    "text_inside": [],
    "numerals_inside": [],
    "words_inside": [],
    "floors": null,
    "wash_rgb": [
     253,
     243,
     128
    ],
    "wash_chroma": 57.0,
    "wash_lightness_delta": -13.4,
    "hue_deg": 56,
    "material": "frame (wood)",
    "area_source_px2": 15590,
    "centroid_source_px": [
     4346,
     2800
    ],
    "orphan": true,
    "orphan_because": "its block was rejected, split away or never traced",
    "centroid_map": [
     492385.269,
     5459112.938
    ]
   }
  },
  {
   "type": "Feature",
   "geometry": {
    "type": "Polygon",
    "coordinates": [
     [
      [
       -123.1115065,
       49.2848277
      ],
      [
       -123.1115279,
       49.2848276
      ],
      [
       -123.1117707,
       49.2846642
      ],
      [
       -123.1117243,
       49.2846234
      ],
      [
       -123.1116934,
       49.2846235
      ],
      [
       -123.1114483,
       49.2847885
      ],
      [
       -123.1115065,
       49.2848277
      ]
     ]
    ]
   },
   "properties": {
    "sheet": "vancouver_1912_MAP342a_04",
    "outline_id": "vancouver_1912_MAP342a_04:block:fid6:outline78",
    "block_id": "vancouver_1912_MAP342a_04:block:fid6",
    "block_fid": 6,
    "block_number": null,
    "text_inside": [
     "79",
     "80",
     "7"
    ],
    "numerals_inside": [
     "7"
    ],
    "words_inside": [],
    "floors": null,
    "wash_rgb": [
     254,
     254,
     254
    ],
    "wash_chroma": 0.2,
    "wash_lightness_delta": -0.2,
    "hue_deg": 0,
    "material": "not a building (open lot, yard or court)",
    "area_source_px2": 6310,
    "centroid_source_px": [
     1442,
     2783
    ],
    "orphan": false,
    "centroid_map": [
     491882.981,
     5459113.884
    ]
   }
  },
  {
   "type": "Feature",
   "geometry": {
    "type": "Polygon",
    "coordinates": [
     [
      [
       -123.1094257,
       49.2848352
      ],
      [
       -123.1094504,
       49.2847846
      ],
      [
       -123.1094,
       49.2847659
      ],
      [
       -123.1093882,
       49.2847706
      ],
      [
       -123.1093778,
       49.2847407
      ],
      [
       -123.1093914,
       49.2847138
      ],
      [
       -123.109372,
       49.2847013
      ],
      [
       -123.1093292,
       49.2847014
      ],
      [
       -123.1093075,
       49.2846936
      ],
      [
       -123.1093211,
       49.2846699
      ],
      [
       -123.1093568,
       49.2846682
      ],
      [
       -123.109325,
       49.2846368
      ],
      [
       -123.109327,
       49.2846242
      ],
      [
       -123.109315,
       49.284621
      ],
      [
       -123.1092988,
       49.2846369
      ],
      [
       -123.1092456,
       49.2847743
      ],
      [
       -123.1094257,
       49.2848352
      ]
     ]
    ]
   },
   "properties": {
    "sheet": "vancouver_1912_MAP342a_04",
    "outline_id": "vancouver_1912_MAP342a_04:block:fid8:outline79",
    "block_id": null,
    "block_fid": 8,
    "block_number": null,
    "text_inside": [
     "FRI",
     "FRI",
     "FRI",
     "FRI"
    ],
    "numerals_inside": [],
    "words_inside": [
     "FRI",
     "FRI",
     "FRI",
     "FRI"
    ],
    "floors": null,
    "wash_rgb": [
     253,
     215,
     213
    ],
    "wash_chroma": 14.5,
    "wash_lightness_delta": -27.1,
    "hue_deg": 4,
    "material": "brick",
    "area_source_px2": 4911,
    "centroid_source_px": [
     2399,
     2771
    ],
    "orphan": true,
    "orphan_because": "its block was rejected, split away or never traced",
    "centroid_map": [
     492048.455,
     5459116.659
    ]
   }
  },
  {
   "type": "Feature",
   "geometry": {
    "type": "Polygon",
    "coordinates": [
     [
      [
       -123.1121361,
       49.2848033
      ],
      [
       -123.1121481,
       49.2848064
      ],
      [
       -123.1124914,
       49.2845828
      ],
      [
       -123.1124694,
       49.2845639
      ],
      [
       -123.1124504,
       49.284564
      ],
      [
       -123.1124549,
       49.2845545
      ],
      [
       -123.1124211,
       49.2845357
      ],
      [
       -123.1121712,
       49.2846991
      ],
      [
       -123.1121788,
       49.2847148
      ],
      [
       -123.1120923,
       49.2847688
      ],
      [
       -123.1121361,
       49.2848033
      ]
     ]
    ]
   },
   "properties": {
    "sheet": "vancouver_1912_MAP342a_04",
    "outline_id": "vancouver_1912_MAP342a_04:block:fid6:outline80",
    "block_id": "vancouver_1912_MAP342a_04:block:fid6",
    "block_fid": 6,
    "block_number": null,
    "text_inside": [
     "18"
    ],
    "numerals_inside": [],
    "words_inside": [],
    "floors": null,
    "wash_rgb": [
     253,
     204,
     208
    ],
    "wash_chroma": 18.7,
    "wash_lightness_delta": -34.2,
    "hue_deg": 356,
    "material": "brick",
    "area_source_px2": 8057,
    "centroid_source_px": [
     1155,
     2816
    ],
    "orphan": false,
    "centroid_map": [
     491833.443,
     5459107.896
    ]
   }
  },
  {
   "type": "Feature",
   "geometry": {
    "type": "Polygon",
    "coordinates": [
     [
      [
       -123.1112724,
       49.2847891
      ],
      [
       -123.1112867,
       49.2847906
      ],
      [
       -123.1116205,
       49.284567
      ],
      [
       -123.1116201,
       49.2845559
      ],
      [
       -123.1115644,
       49.2845199
      ],
      [
       -123.1115502,
       49.2845199
      ],
      [
       -123.1112164,
       49.2847435
      ],
      [
       -123.1112311,
       49.2847608
      ],
      [
       -123.1112549,
       49.2847592
      ],
      [
       -123.1112481,
       49.2847718
      ],
      [
       -123.1112724,
       49.2847891
      ]
     ]
    ]
   },
   "properties": {
    "sheet": "vancouver_1912_MAP342a_04",
    "outline_id": "vancouver_1912_MAP342a_04:block:fid6:outline81",
    "block_id": "vancouver_1912_MAP342a_04:block:fid6",
    "block_fid": 6,
    "block_number": null,
    "text_inside": [
     "84",
     "9"
    ],
    "numerals_inside": [
     "9"
    ],
    "words_inside": [],
    "floors": null,
    "wash_rgb": [
     254,
     254,
     254
    ],
    "wash_chroma": 0.1,
    "wash_lightness_delta": -0.1,
    "hue_deg": 0,
    "material": "not a building (open lot, yard or court)",
    "area_source_px2": 8622,
    "centroid_source_px": [
     1522,
     2827
    ],
    "orphan": false,
    "centroid_map": [
     491896.948,
     5459106.224
    ]
   }
  },
  {
   "type": "Feature",
   "geometry": {
    "type": "Polygon",
    "coordinates": [
     [
      [
       -123.1110527,
       49.2847599
      ],
      [
       -123.1108176,
       49.284603
      ],
      [
       -123.1107865,
       49.2845968
      ],
      [
       -123.1107558,
       49.2846032
      ],
      [
       -123.1107513,
       49.2846127
      ],
      [
       -123.1110081,
       49.284779
      ],
      [
       -123.1110527,
       49.2847599
      ]
     ]
    ]
   },
   "properties": {
    "sheet": "vancouver_1912_MAP342a_04",
    "outline_id": "vancouver_1912_MAP342a_04:block:1:outline82",
    "block_id": null,
    "block_fid": 1,
    "block_number": null,
    "text_inside": [
     "St.",
     "St."
    ],
    "numerals_inside": [],
    "words_inside": [
     "St.",
     "St."
    ],
    "floors": null,
    "wash_rgb": [
     254,
     254,
     254
    ],
    "wash_chroma": 0.1,
    "wash_lightness_delta": -0.1,
    "hue_deg": 0,
    "material": "not a building (open lot, yard or court)",
    "area_source_px2": 3464,
    "centroid_source_px": [
     1740,
     2809
    ],
    "orphan": true,
    "orphan_because": "its block was rejected, split away or never traced",
    "centroid_map": [
     491934.596,
     5459109.533
    ]
   }
  },
  {
   "type": "Feature",
   "geometry": {
    "type": "Polygon",
    "coordinates": [
     [
      [
       -123.1092336,
       49.2847712
      ],
      [
       -123.1093073,
       49.2846021
      ],
      [
       -123.1092999,
       49.2845896
      ],
      [
       -123.1092739,
       49.2845975
      ],
      [
       -123.1092595,
       49.2845913
      ],
      [
       -123.1092516,
       49.2845645
      ],
      [
       -123.1092327,
       49.2845709
      ],
      [
       -123.1092216,
       49.2845961
      ],
      [
       -123.1092365,
       49.2846198
      ],
      [
       -123.1092084,
       49.2846341
      ],
      [
       -123.1091923,
       49.2846546
      ],
      [
       -123.109202,
       49.2846625
      ],
      [
       -123.1091689,
       49.2846705
      ],
      [
       -123.1091399,
       49.2847353
      ],
      [
       -123.1092336,
       49.2847712
      ]
     ]
    ]
   },
   "properties": {
    "sheet": "vancouver_1912_MAP342a_04",
    "outline_id": "vancouver_1912_MAP342a_04:block:fid8:outline83",
    "block_id": null,
    "block_fid": 8,
    "block_number": null,
    "text_inside": [
     "FRI",
     "FRI",
     "FRI"
    ],
    "numerals_inside": [],
    "words_inside": [
     "FRI",
     "FRI",
     "FRI"
    ],
    "floors": null,
    "wash_rgb": [
     253,
     217,
     214
    ],
    "wash_chroma": 13.8,
    "wash_lightness_delta": -25.8,
    "hue_deg": 4,
    "material": "brick",
    "area_source_px2": 4274,
    "centroid_source_px": [
     2445,
     2816
    ],
    "orphan": true,
    "orphan_because": "its block was rejected, split away or never traced",
    "centroid_map": [
     492056.545,
     5459108.8
    ]
   }
  },
  {
   "type": "Feature",
   "geometry": {
    "type": "Polygon",
    "coordinates": [
     [
      [
       -123.1084865,
       49.2847597
      ],
      [
       -123.1082324,
       49.284688
      ],
      [
       -123.1074651,
       49.284552
      ],
      [
       -123.1074174,
       49.2845458
      ],
      [
       -123.1073798,
       49.2845633
      ],
      [
       -123.1074398,
       49.2845805
      ],
      [
       -123.1079942,
       49.2846747
      ],
      [
       -123.1084652,
       49.2847629
      ],
      [
       -123.1084865,
       49.2847597
      ]
     ]
    ]
   },
   "properties": {
    "sheet": "vancouver_1912_MAP342a_04",
    "outline_id": "vancouver_1912_MAP342a_04:block:1:outline84",
    "block_id": null,
    "block_fid": 1,
    "block_number": null,
    "text_inside": [],
    "numerals_inside": [],
    "words_inside": [],
    "floors": null,
    "wash_rgb": [
     254,
     254,
     254
    ],
    "wash_chroma": 0.1,
    "wash_lightness_delta": -0.2,
    "hue_deg": 0,
    "material": "not a building (open lot, yard or court)",
    "area_source_px2": 8083,
    "centroid_source_px": [
     3006,
     2841
    ],
    "orphan": true,
    "orphan_because": "its block was rejected, split away or never traced",
    "centroid_map": [
     492153.642,
     5459104.809
    ]
   }
  },
  {
   "type": "Feature",
   "geometry": {
    "type": "Polygon",
    "coordinates": [
     [
      [
       -123.1120822,
       49.2847483
      ],
      [
       -123.1124115,
       49.2845326
      ],
      [
       -123.112404,
       49.2845216
      ],
      [
       -123.1123777,
       49.2845169
      ],
      [
       -123.1123847,
       49.2845106
      ],
      [
       -123.1123265,
       49.2844714
      ],
      [
       -123.1122978,
       49.2844667
      ],
      [
       -123.1122974,
       49.2844525
      ],
      [
       -123.112249,
       49.2844212
      ],
      [
       -123.1122082,
       49.2844103
      ],
      [
       -123.1122199,
       49.2844023
      ],
      [
       -123.1121958,
       49.2843898
      ],
      [
       -123.1118573,
       49.284615
      ],
      [
       -123.1118575,
       49.2846245
      ],
      [
       -123.1119301,
       49.2846684
      ],
      [
       -123.1119441,
       49.2846573
      ],
      [
       -123.1119654,
       49.2846557
      ],
      [
       -123.1119745,
       49.2846383
      ],
      [
       -123.1119959,
       49.2846398
      ],
      [
       -123.1119819,
       49.2846493
      ],
      [
       -123.1119964,
       49.2846587
      ],
      [
       -123.1119943,
       49.2846682
      ],
      [
       -123.1119616,
       49.2846872
      ],
      [
       -123.1119738,
       49.2846982
      ],
      [
       -123.1120137,
       49.2846791
      ],
      [
       -123.1120179,
       49.2846618
      ],
      [
       -123.1120536,
       49.2846616
      ],
      [
       -123.1120603,
       49.2846458
      ],
      [
       -123.1120907,
       49.2846284
      ],
      [
       -123.1120821,
       49.2846584
      ],
      [
       -123.1120941,
       49.2846647
      ],
      [
       -123.1120707,
       49.2846789
      ],
      [
       -123.1120469,
       49.2846774
      ],
      [
       -123.1120285,
       49.284698
      ],
      [
       -123.1119979,
       49.2847107
      ],
      [
       -123.1120198,
       49.2847264
      ],
      [
       -123.1120312,
       49.2847106
      ],
      [
       -123.1120668,
       49.2847073
      ],
      [
       -123.1120741,
       49.2847136
      ],
      [
       -123.1120649,
       49.2847247
      ],
      [
       -123.1120822,
       49.2847483
      ]
     ]
    ]
   },
   "properties": {
    "sheet": "vancouver_1912_MAP342a_04",
    "outline_id": "vancouver_1912_MAP342a_04:block:fid6:outline85",
    "block_id": "vancouver_1912_MAP342a_04:block:fid6",
    "block_fid": 6,
    "block_number": null,
    "text_inside": [
     "D. Speier",
     "ST.",
     "17",
     "16"
    ],
    "numerals_inside": [],
    "words_inside": [
     "D. Speier",
     "ST."
    ],
    "floors": null,
    "wash_rgb": [
     253,
     214,
     211
    ],
    "wash_chroma": 15.0,
    "wash_lightness_delta": -27.9,
    "hue_deg": 4,
    "material": "brick",
    "area_source_px2": 24370,
    "centroid_source_px": [
     1216,
     2886
    ],
    "orphan": false,
    "centroid_map": [
     491844.202,
     5459095.663
    ]
   }
  },
  {
   "type": "Feature",
   "geometry": {
    "type": "Polygon",
    "coordinates": [
     [
      [
       -123.1112044,
       49.284742
      ],
      [
       -123.1113422,
       49.2846516
      ],
      [
       -123.1112743,
       49.2846061
      ],
      [
       -123.1111341,
       49.2846949
      ],
      [
       -123.1111917,
       49.2847121
      ],
      [
       -123.1111967,
       49.28472
      ],
      [
       -123.1111779,
       49.2847279
      ],
      [
       -123.1112044,
       49.284742
      ]
     ]
    ]
   },
   "properties": {
    "sheet": "vancouver_1912_MAP342a_04",
    "outline_id": "vancouver_1912_MAP342a_04:block:fid6:outline86",
    "block_id": "vancouver_1912_MAP342a_04:block:fid6",
    "block_fid": 6,
    "block_number": null,
    "text_inside": [],
    "numerals_inside": [],
    "words_inside": [],
    "floors": null,
    "wash_rgb": [
     253,
     214,
     211
    ],
    "wash_chroma": 14.9,
    "wash_lightness_delta": -27.7,
    "hue_deg": 4,
    "material": "brick",
    "area_source_px2": 3222,
    "centroid_source_px": [
     1597,
     2817
    ],
    "orphan": false,
    "centroid_map": [
     491909.889,
     5459108.03
    ]
   }
  },
  {
   "type": "Feature",
   "geometry": {
    "type": "Polygon",
    "coordinates": [
     [
      [
       -123.1089664,
       49.2847406
      ],
      [
       -123.1090136,
       49.2846442
      ],
      [
       -123.1090033,
       49.2846143
      ],
      [
       -123.109027,
       49.2846126
      ],
      [
       -123.1090666,
       49.2845005
      ],
      [
       -123.1090426,
       49.2844927
      ],
      [
       -123.109064,
       49.2844894
      ],
      [
       -123.1090732,
       49.2844799
      ],
      [
       -123.1089919,
       49.284466
      ],
      [
       -123.1089785,
       49.2844945
      ],
      [
       -123.1089863,
       49.2845197
      ],
      [
       -123.1089722,
       49.2845245
      ],
      [
       -123.108968,
       49.284545
      ],
      [
       -123.1089493,
       49.2845577
      ],
      [
       -123.108949,
       49.2845466
      ],
      [
       -123.1089227,
       49.2845404
      ],
      [
       -123.1089389,
       49.2845246
      ],
      [
       -123.1089429,
       49.2844993
      ],
      [
       -123.1089617,
       49.2844914
      ],
      [
       -123.1089516,
       49.2844693
      ],
      [
       -123.1089632,
       49.2844598
      ],
      [
       -123.1089321,
       49.2844521
      ],
      [
       -123.1088893,
       49.2845374
      ],
      [
       -123.1088999,
       49.2845768
      ],
      [
       -123.1088836,
       49.2845863
      ],
      [
       -123.1088934,
       49.2845973
      ],
      [
       -123.1088795,
       49.2846116
      ],
      [
       -123.1088605,
       49.2846116
      ],
      [
       -123.1088252,
       49.284708
      ],
      [
       -123.1089664,
       49.2847406
      ]
     ]
    ]
   },
   "properties": {
    "sheet": "vancouver_1912_MAP342a_04",
    "outline_id": "vancouver_1912_MAP342a_04:block:fid8:outline87",
    "block_id": null,
    "block_fid": 8,
    "block_number": null,
    "text_inside": [
     "FRI",
     "FRI",
     "McClary",
     "FRI",
     "A",
     "FRI",
     "FRI",
     "FRI",
     "FRI",
     "FRI",
     "FRI",
     "FRI",
     "FRI"
    ],
    "numerals_inside": [],
    "words_inside": [
     "FRI",
     "FRI",
     "McClary",
     "FRI",
     "FRI",
     "FRI",
     "FRI",
     "FRI",
     "FRI",
     "FRI",
     "FRI",
     "FRI"
    ],
    "floors": null,
    "wash_rgb": [
     253,
     218,
     214
    ],
    "wash_chroma": 13.6,
    "wash_lightness_delta": -25.3,
    "hue_deg": 6,
    "material": "brick",
    "area_source_px2": 9830,
    "centroid_source_px": [
     2557,
     2866
    ],
    "orphan": true,
    "orphan_because": "its block was rejected, split away or never traced",
    "centroid_map": [
     492076.064,
     5459100.11
    ]
   }
  },
  {
   "type": "Feature",
   "geometry": {
    "type": "Polygon",
    "coordinates": [
     [
      [
       -123.1089946,
       49.2847295
      ],
      [
       -123.1091327,
       49.2847337
      ],
      [
       -123.1091572,
       49.2846753
      ],
      [
       -123.1091519,
       49.2846579
      ],
      [
       -123.1091351,
       49.2846517
      ],
      [
       -123.1091493,
       49.2846469
      ],
      [
       -123.1091389,
       49.2846169
      ],
      [
       -123.1091551,
       49.2845995
      ],
      [
       -123.1091951,
       49.2845868
      ],
      [
       -123.1092214,
       49.2845062
      ],
      [
       -123.1092048,
       49.2845079
      ],
      [
       -123.1092026,
       49.2845158
      ],
      [
       -123.1091789,
       49.2845158
      ],
      [
       -123.1091807,
       49.2844985
      ],
      [
       -123.1091257,
       49.2844876
      ],
      [
       -123.1090762,
       49.2845036
      ],
      [
       -123.1090294,
       49.2846126
      ],
      [
       -123.109032,
       49.2846221
      ],
      [
       -123.1090582,
       49.2846235
      ],
      [
       -123.109016,
       49.2846458
      ],
      [
       -123.1089872,
       49.2847185
      ],
      [
       -123.1089946,
       49.2847295
      ]
     ]
    ]
   },
   "properties": {
    "sheet": "vancouver_1912_MAP342a_04",
    "outline_id": "vancouver_1912_MAP342a_04:block:fid8:outline88",
    "block_id": null,
    "block_fid": 8,
    "block_number": null,
    "text_inside": [
     "4",
     "FRI",
     "FRI",
     "FRI",
     "FRI",
     "FRI",
     "FRI",
     "FRI",
     "FRI",
     "FRI",
     "FRI"
    ],
    "numerals_inside": [],
    "words_inside": [
     "FRI",
     "FRI",
     "FRI",
     "FRI",
     "FRI",
     "FRI",
     "FRI",
     "FRI",
     "FRI",
     "FRI"
    ],
    "floors": null,
    "wash_rgb": [
     253,
     218,
     215
    ],
    "wash_chroma": 13.4,
    "wash_lightness_delta": -25.0,
    "hue_deg": 4,
    "material": "brick",
    "area_source_px2": 8686,
    "centroid_source_px": [
     2497,
     2857
    ],
    "orphan": true,
    "orphan_because": "its block was rejected, split away or never traced",
    "centroid_map": [
     492065.66,
     5459101.646
    ]
   }
  },
  {
   "type": "Feature",
   "geometry": {
    "type": "Polygon",
    "coordinates": [
     [
      [
       -123.1084994,
       49.2847107
      ],
      [
       -123.108562,
       49.2845701
      ],
      [
       -123.1085378,
       49.2845544
      ],
      [
       -123.108552,
       49.2845512
      ],
      [
       -123.1085606,
       49.2845212
      ],
      [
       -123.1085774,
       49.2845259
      ],
      [
       -123.1085868,
       49.2845196
      ],
      [
       -123.108647,
       49.2843774
      ],
      [
       -123.1086347,
       49.2843648
      ],
      [
       -123.1085511,
       49.2843509
      ],
      [
       -123.1085372,
       49.2843636
      ],
      [
       -123.1085133,
       49.2843621
      ],
      [
       -123.108504,
       49.2843684
      ],
      [
       -123.1084461,
       49.2845059
      ],
      [
       -123.1084559,
       49.2845184
      ],
      [
       -123.1085137,
       49.2845435
      ],
      [
       -123.1084779,
       49.2845373
      ],
      [
       -123.1084584,
       49.2845232
      ],
      [
       -123.1084466,
       49.2845264
      ],
      [
       -123.1083772,
       49.2846781
      ],
      [
       -123.108387,
       49.2846906
      ],
      [
       -123.1084994,
       49.2847107
      ]
     ]
    ]
   },
   "properties": {
    "sheet": "vancouver_1912_MAP342a_04",
    "outline_id": "vancouver_1912_MAP342a_04:block:1:outline89",
    "block_id": null,
    "block_fid": 1,
    "block_number": null,
    "text_inside": [
     "FRI",
     "FRI",
     "9",
     "FRI",
     "FRI",
     "FRI",
     "FRI",
     "FRI"
    ],
    "numerals_inside": [],
    "words_inside": [
     "FRI",
     "FRI",
     "FRI",
     "FRI",
     "FRI",
     "FRI",
     "FRI"
    ],
    "floors": null,
    "wash_rgb": [
     253,
     220,
     214
    ],
    "wash_chroma": 13.3,
    "wash_lightness_delta": -24.2,
    "hue_deg": 10,
    "material": "brick",
    "area_source_px2": 12350,
    "centroid_source_px": [
     2745,
     2912
    ],
    "orphan": true,
    "orphan_because": "its block was rejected, split away or never traced",
    "centroid_map": [
     492108.715,
     5459092.176
    ]
   }
  },
  {
   "type": "Feature",
   "geometry": {
    "type": "Polygon",
    "coordinates": [
     [
      [
       -123.1095018,
       49.2846661
      ],
      [
       -123.1095418,
       49.2845682
      ],
      [
       -123.1094222,
       49.2845434
      ],
      [
       -123.1093941,
       49.2845577
      ],
      [
       -123.109363,
       49.284553
      ],
      [
       -123.1093586,
       49.2845657
      ],
      [
       -123.1093904,
       49.2845955
      ],
      [
       -123.1094312,
       49.2846096
      ],
      [
       -123.1094175,
       49.2846301
      ],
      [
       -123.1094516,
       49.2846568
      ],
      [
       -123.1094495,
       49.2846663
      ],
      [
       -123.1094664,
       49.2846757
      ],
      [
       -123.1094802,
       49.2846583
      ],
      [
       -123.1095018,
       49.2846661
      ]
     ]
    ]
   },
   "properties": {
    "sheet": "vancouver_1912_MAP342a_04",
    "outline_id": "vancouver_1912_MAP342a_04:block:fid8:outline90",
    "block_id": null,
    "block_fid": 8,
    "block_number": null,
    "text_inside": [
     "FRI",
     "FRI",
     "FRI",
     "FRI",
     "FRI",
     "FRI",
     "FRI",
     "FRI"
    ],
    "numerals_inside": [],
    "words_inside": [
     "FRI",
     "FRI",
     "FRI",
     "FRI",
     "FRI",
     "FRI",
     "FRI",
     "FRI"
    ],
    "floors": null,
    "wash_rgb": [
     253,
     215,
     213
    ],
    "wash_chroma": 14.6,
    "wash_lightness_delta": -27.3,
    "hue_deg": 4,
    "material": "brick",
    "area_source_px2": 3458,
    "centroid_source_px": [
     2345,
     2867
    ],
    "orphan": true,
    "orphan_because": "its block was rejected, split away or never traced",
    "centroid_map": [
     492039.402,
     5459099.786
    ]
   }
  },
  {
   "type": "Feature",
   "geometry": {
    "type": "Polygon",
    "coordinates": [
     [
      [
       -123.1113467,
       49.2846437
      ],
      [
       -123.1115477,
       49.2845168
      ],
      [
       -123.1115475,
       49.2845089
      ],
      [
       -123.1114845,
       49.2844681
      ],
      [
       -123.1114679,
       49.2844713
      ],
      [
       -123.1113372,
       49.2845601
      ],
      [
       -123.1113379,
       49.2845838
      ],
      [
       -123.1113594,
       49.2845884
      ],
      [
       -123.1113766,
       49.2846057
      ],
      [
       -123.111339,
       49.2846232
      ],
      [
       -123.1113387,
       49.2846122
      ],
      [
       -123.1113221,
       49.2846122
      ],
      [
       -123.1113051,
       49.2846013
      ],
      [
       -123.1112909,
       49.2846045
      ],
      [
       -123.1113467,
       49.2846437
      ]
     ]
    ]
   },
   "properties": {
    "sheet": "vancouver_1912_MAP342a_04",
    "outline_id": "vancouver_1912_MAP342a_04:block:fid6:outline91",
    "block_id": "vancouver_1912_MAP342a_04:block:fid6",
    "block_fid": 6,
    "block_number": null,
    "text_inside": [
     "10"
    ],
    "numerals_inside": [],
    "words_inside": [],
    "floors": null,
    "wash_rgb": [
     254,
     254,
     254
    ],
    "wash_chroma": 0.1,
    "wash_lightness_delta": -0.0,
    "hue_deg": 0,
    "material": "not a building (open lot, yard or court)",
    "area_source_px2": 4348,
    "centroid_source_px": [
     1516,
     2895
    ],
    "orphan": false,
    "centroid_map": [
     491896.113,
     5459094.295
    ]
   }
  },
  {
   "type": "Feature",
   "geometry": {
    "type": "Polygon",
    "coordinates": [
     [
      [
       -123.1118429,
       49.2846119
      ],
      [
       -123.1121885,
       49.2843867
      ],
      [
       -123.1121691,
       49.284371
      ],
      [
       -123.1121452,
       49.2843679
      ],
      [
       -123.1121521,
       49.2843584
      ],
      [
       -123.1120866,
       49.2843161
      ],
      [
       -123.1120604,
       49.2843114
      ],
      [
       -123.11206,
       49.2842988
      ],
      [
       -123.1120455,
       49.2842925
      ],
      [
       -123.1117024,
       49.2845209
      ],
      [
       -123.1118429,
       49.2846119
      ]
     ]
    ]
   },
   "properties": {
    "sheet": "vancouver_1912_MAP342a_04",
    "outline_id": "vancouver_1912_MAP342a_04:block:fid6:outline92",
    "block_id": "vancouver_1912_MAP342a_04:block:fid6",
    "block_fid": 6,
    "block_number": null,
    "text_inside": [
     "13"
    ],
    "numerals_inside": [],
    "words_inside": [],
    "floors": null,
    "wash_rgb": [
     253,
     209,
     210
    ],
    "wash_chroma": 16.8,
    "wash_lightness_delta": -31.1,
    "hue_deg": 358,
    "material": "brick",
    "area_source_px2": 17113,
    "centroid_source_px": [
     1299,
     2953
    ],
    "orphan": false,
    "centroid_map": [
     491858.756,
     5459083.972
    ]
   }
  },
  {
   "type": "Feature",
   "geometry": {
    "type": "Polygon",
    "coordinates": [
     [
      [
       -123.1082543,
       49.2846217
      ],
      [
       -123.1082682,
       49.284609
      ],
      [
       -123.1083148,
       49.284489
      ],
      [
       -123.1083121,
       49.2844795
      ],
      [
       -123.1082857,
       49.2844717
      ],
      [
       -123.1083237,
       49.28447
      ],
      [
       -123.108321,
       49.2844574
      ],
      [
       -123.108384,
       49.2843278
      ],
      [
       -123.1083741,
       49.2843168
      ],
      [
       -123.1082881,
       49.2843029
      ],
      [
       -123.10826,
       49.2843188
      ],
      [
       -123.1082176,
       49.2844183
      ],
      [
       -123.1082253,
       49.2844357
      ],
      [
       -123.1082088,
       49.284442
      ],
      [
       -123.1081978,
       49.284472
      ],
      [
       -123.1082121,
       49.2844751
      ],
      [
       -123.1082056,
       49.2844973
      ],
      [
       -123.1081843,
       49.2845021
      ],
      [
       -123.1081465,
       49.2845937
      ],
      [
       -123.1081563,
       49.2846031
      ],
      [
       -123.1082543,
       49.2846217
      ]
     ]
    ]
   },
   "properties": {
    "sheet": "vancouver_1912_MAP342a_04",
    "outline_id": "vancouver_1912_MAP342a_04:block:1:outline93",
    "block_id": null,
    "block_fid": 1,
    "block_number": null,
    "text_inside": [
     "FRI",
     "FRI",
     "FRI",
     "FRI"
    ],
    "numerals_inside": [],
    "words_inside": [
     "FRI",
     "FRI",
     "FRI",
     "FRI"
    ],
    "floors": null,
    "wash_rgb": [
     253,
     221,
     215
    ],
    "wash_chroma": 12.7,
    "wash_lightness_delta": -23.1,
    "hue_deg": 10,
    "material": "brick",
    "area_source_px2": 9756,
    "centroid_source_px": [
     2847,
     2957
    ],
    "orphan": true,
    "orphan_because": "its block was rejected, split away or never traced",
    "centroid_map": [
     492126.49,
     5459084.356
    ]
   }
  },
  {
   "type": "Feature",
   "geometry": {
    "type": "Polygon",
    "coordinates": [
     [
      [
       -123.1083826,
       49.2846181
      ],
      [
       -123.1083968,
       49.2846149
      ],
      [
       -123.1084211,
       49.2845501
      ],
      [
       -123.1084064,
       49.2845344
      ],
      [
       -123.1084176,
       49.2845091
      ],
      [
       -123.1084032,
       49.2845029
      ],
      [
       -123.1084319,
       49.2845091
      ],
      [
       -123.1084412,
       49.2845027
      ],
      [
       -123.1084405,
       49.2844791
      ],
      [
       -123.1084523,
       49.2844743
      ],
      [
       -123.1084945,
       49.28437
      ],
      [
       -123.1084704,
       49.2843575
      ],
      [
       -123.1085058,
       49.2843479
      ],
      [
       -123.1084028,
       49.284323
      ],
      [
       -123.1083821,
       49.2843468
      ],
      [
       -123.1083286,
       49.2844732
      ],
      [
       -123.1083527,
       49.2844857
      ],
      [
       -123.1083219,
       49.284489
      ],
      [
       -123.1082796,
       49.2845916
      ],
      [
       -123.1082894,
       49.2846011
      ],
      [
       -123.1083826,
       49.2846181
      ]
     ]
    ]
   },
   "properties": {
    "sheet": "vancouver_1912_MAP342a_04",
    "outline_id": "vancouver_1912_MAP342a_04:block:1:outline94",
    "block_id": null,
    "block_fid": 1,
    "block_number": null,
    "text_inside": [
     "FRI",
     "FRI",
     "FRI",
     "FRI",
     "FRI",
     "FRI"
    ],
    "numerals_inside": [],
    "words_inside": [
     "FRI",
     "FRI",
     "FRI",
     "FRI",
     "FRI",
     "FRI"
    ],
    "floors": null,
    "wash_rgb": [
     253,
     217,
     213
    ],
    "wash_chroma": 14.0,
    "wash_lightness_delta": -25.9,
    "hue_deg": 6,
    "material": "brick",
    "area_source_px2": 8656,
    "centroid_source_px": [
     2794,
     2950
    ],
    "orphan": true,
    "orphan_because": "its block was rejected, split away or never traced",
    "centroid_map": [
     492117.303,
     5459085.546
    ]
   }
  },
  {
   "type": "Feature",
   "geometry": {
    "type": "Polygon",
    "coordinates": [
     [
      [
       -123.1079664,
       49.2846164
      ],
      [
       -123.1079825,
       49.284599
      ],
      [
       -123.1081113,
       49.2842752
      ],
      [
       -123.1079966,
       49.2842535
      ],
      [
       -123.1079754,
       49.2842615
      ],
      [
       -123.1079679,
       49.2842489
      ],
      [
       -123.1078627,
       49.2842303
      ],
      [
       -123.1078511,
       49.2842382
      ],
      [
       -123.1078067,
       49.2843504
      ],
      [
       -123.1078307,
       49.2843582
      ],
      [
       -123.1077975,
       49.2843615
      ],
      [
       -123.1077129,
       49.2845684
      ],
      [
       -123.1079664,
       49.2846164
      ]
     ]
    ]
   },
   "properties": {
    "sheet": "vancouver_1912_MAP342a_04",
    "outline_id": "vancouver_1912_MAP342a_04:block:1:outline95",
    "block_id": null,
    "block_fid": 1,
    "block_number": null,
    "text_inside": [
     "11",
     "FRI",
     "FRI",
     "FRI",
     "FRI",
     "FRI",
     "FRI"
    ],
    "numerals_inside": [
     "11"
    ],
    "words_inside": [
     "FRI",
     "FRI",
     "FRI",
     "FRI",
     "FRI",
     "FRI"
    ],
    "floors": null,
    "wash_rgb": [
     254,
     254,
     254
    ],
    "wash_chroma": 0.0,
    "wash_lightness_delta": -0.0,
    "hue_deg": 0,
    "material": "not a building (open lot, yard or court)",
    "area_source_px2": 25276,
    "centroid_source_px": [
     2995,
     2980
    ],
    "orphan": true,
    "orphan_because": "its block was rejected, split away or never traced",
    "centroid_map": [
     492152.155,
     5459080.426
    ]
   }
  },
  {
   "type": "Feature",
   "geometry": {
    "type": "Polygon",
    "coordinates": [
     [
      [
       -123.10813,
       49.2845985
      ],
      [
       -123.1081749,
       49.2845053
      ],
      [
       -123.1081528,
       49.2844801
      ],
      [
       -123.1081928,
       49.2844642
      ],
      [
       -123.1082039,
       49.2844373
      ],
      [
       -123.108194,
       49.2844247
      ],
      [
       -123.1081628,
       49.2844122
      ],
      [
       -123.1082082,
       49.2844199
      ],
      [
       -123.1082594,
       49.2842983
      ],
      [
       -123.1082164,
       49.284289
      ],
      [
       -123.1081974,
       49.2842906
      ],
      [
       -123.1081929,
       49.2842985
      ],
      [
       -123.1081878,
       49.2842875
      ],
      [
       -123.1081376,
       49.2842782
      ],
      [
       -123.1081187,
       49.284283
      ],
      [
       -123.1080939,
       49.284332
      ],
      [
       -123.1080948,
       49.284362
      ],
      [
       -123.1080806,
       49.2843668
      ],
      [
       -123.1079983,
       49.2845674
      ],
      [
       -123.1080057,
       49.2845768
      ],
      [
       -123.1080607,
       49.2845861
      ],
      [
       -123.1080748,
       49.2845813
      ],
      [
       -123.1080917,
       49.2845923
      ],
      [
       -123.10813,
       49.2845985
      ]
     ]
    ]
   },
   "properties": {
    "sheet": "vancouver_1912_MAP342a_04",
    "outline_id": "vancouver_1912_MAP342a_04:block:1:outline96",
    "block_id": null,
    "block_fid": 1,
    "block_number": null,
    "text_inside": [
     "5",
     "FRI",
     "FRI"
    ],
    "numerals_inside": [],
    "words_inside": [
     "FRI",
     "FRI"
    ],
    "floors": null,
    "wash_rgb": [
     253,
     222,
     214
    ],
    "wash_chroma": 13.1,
    "wash_lightness_delta": -22.9,
    "hue_deg": 12,
    "material": "brick",
    "area_source_px2": 11599,
    "centroid_source_px": [
     2904,
     2973
    ],
    "orphan": true,
    "orphan_because": "its block was rejected, split away or never traced",
    "centroid_map": [
     492136.396,
     5459081.59
    ]
   }
  },
  {
   "type": "Feature",
   "geometry": {
    "type": "Polygon",
    "coordinates": [
     [
      [
       -123.1053879,
       49.2846036
      ],
      [
       -123.105408,
       49.2845577
      ],
      [
       -123.1051673,
       49.2844561
      ],
      [
       -123.105125,
       49.2845587
      ],
      [
       -123.1052279,
       49.2845789
      ],
      [
       -123.105249,
       49.2845693
      ],
      [
       -123.1052661,
       49.2845866
      ],
      [
       -123.1053879,
       49.2846036
      ]
     ]
    ]
   },
   "properties": {
    "sheet": "vancouver_1912_MAP342a_04",
    "outline_id": "vancouver_1912_MAP342a_04:block:1:outline97",
    "block_id": null,
    "block_fid": 1,
    "block_number": null,
    "text_inside": [],
    "numerals_inside": [],
    "words_inside": [],
    "floors": null,
    "wash_rgb": [
     255,
     255,
     255
    ],
    "wash_chroma": 0.0,
    "wash_lightness_delta": 0.0,
    "hue_deg": 0,
    "material": "not a building (open lot, yard or court)",
    "area_source_px2": 5654,
    "centroid_source_px": [
     4112,
     2914
    ],
    "orphan": true,
    "orphan_because": "its block was rejected, split away or never traced",
    "centroid_map": [
     492345.139,
     5459092.783
    ]
   }
  },
  {
   "type": "Feature",
   "geometry": {
    "type": "Polygon",
    "coordinates": [
     [
      [
       -123.1109234,
       49.28456
      ],
      [
       -123.1109447,
       49.2845568
      ],
      [
       -123.1110801,
       49.2844664
      ],
      [
       -123.1110867,
       49.2844474
      ],
      [
       -123.1111148,
       49.2844331
      ],
      [
       -123.1110928,
       49.2844111
      ],
      [
       -123.1111021,
       49.2844032
      ],
      [
       -123.1111164,
       49.2844032
      ],
      [
       -123.1111074,
       49.2844206
      ],
      [
       -123.1111338,
       49.2844299
      ],
      [
       -123.1112716,
       49.2843411
      ],
      [
       -123.1112737,
       49.2843316
      ],
      [
       -123.1112034,
       49.2842861
      ],
      [
       -123.1111892,
       49.2842878
      ],
      [
       -123.1110515,
       49.2843782
      ],
      [
       -123.111059,
       49.2843923
      ],
      [
       -123.1110398,
       49.2843861
      ],
      [
       -123.110853,
       49.2845098
      ],
      [
       -123.1108676,
       49.2845224
      ],
      [
       -123.1108985,
       49.2845207
      ],
      [
       -123.1109251,
       49.2845348
      ],
      [
       -123.1109087,
       49.2845443
      ],
      [
       -123.1109234,
       49.28456
      ]
     ]
    ]
   },
   "properties": {
    "sheet": "vancouver_1912_MAP342a_04",
    "outline_id": "vancouver_1912_MAP342a_04:block:12:outline98",
    "block_id": "vancouver_1912_MAP342a_04:block:12",
    "block_fid": 9,
    "block_number": "12",
    "text_inside": [],
    "numerals_inside": [],
    "words_inside": [],
    "floors": null,
    "wash_rgb": [
     253,
     214,
     211
    ],
    "wash_chroma": 15.1,
    "wash_lightness_delta": -28.0,
    "hue_deg": 4,
    "material": "brick",
    "area_source_px2": 9392,
    "centroid_source_px": [
     1668,
     2976
    ],
    "orphan": false,
    "centroid_map": [
     491922.642,
     5459080.198
    ]
   }
  },
  {
   "type": "Feature",
   "geometry": {
    "type": "Polygon",
    "coordinates": [
     [
      [
       -123.1073344,
       49.2845556
      ],
      [
       -123.1073386,
       49.2845351
      ],
      [
       -123.1070421,
       49.2844778
      ],
      [
       -123.1062869,
       49.2843495
      ],
      [
       -123.1059862,
       49.2843143
      ],
      [
       -123.1059411,
       49.2843161
      ],
      [
       -123.1059556,
       49.2843239
      ],
      [
       -123.106075,
       49.2843424
      ],
      [
       -123.1060755,
       49.2843597
      ],
      [
       -123.1063169,
       49.2844015
      ],
      [
       -123.1063427,
       49.2843888
      ],
      [
       -123.107325,
       49.2845604
      ],
      [
       -123.1073344,
       49.2845556
      ]
     ]
    ]
   },
   "properties": {
    "sheet": "vancouver_1912_MAP342a_04",
    "outline_id": "vancouver_1912_MAP342a_04:block:1:outline99",
    "block_id": null,
    "block_fid": 1,
    "block_number": null,
    "text_inside": [],
    "numerals_inside": [],
    "words_inside": [],
    "floors": null,
    "wash_rgb": [
     254,
     254,
     254
    ],
    "wash_chroma": 0.2,
    "wash_lightness_delta": -0.2,
    "hue_deg": 0,
    "material": "not a building (open lot, yard or court)",
    "area_source_px2": 11674,
    "centroid_source_px": [
     3531,
     2981
    ],
    "orphan": true,
    "orphan_because": "its block was rejected, split away or never traced",
    "centroid_map": [
     492244.857,
     5459080.627
    ]
   }
  },
  {
   "type": "Feature",
   "geometry": {
    "type": "Polygon",
    "coordinates": [
     [
      [
       -123.107634,
       49.2845529
      ],
      [
       -123.1076762,
       49.2844455
      ],
      [
       -123.1074922,
       49.2844146
      ],
      [
       -123.1074452,
       49.2845221
      ],
      [
       -123.107634,
       49.2845529
      ]
     ]
    ]
   },
   "properties": {
    "sheet": "vancouver_1912_MAP342a_04",
    "outline_id": "vancouver_1912_MAP342a_04:block:1:outline100",
    "block_id": null,
    "block_fid": 1,
    "block_number": null,
    "text_inside": [],
    "numerals_inside": [],
    "words_inside": [],
    "floors": null,
    "wash_rgb": [
     253,
     235,
     120
    ],
    "wash_chroma": 58.1,
    "wash_lightness_delta": -18.5,
    "hue_deg": 52,
    "material": "frame (wood)",
    "area_source_px2": 5704,
    "centroid_source_px": [
     3143,
     2944
    ],
    "orphan": true,
    "orphan_because": "its block was rejected, split away or never traced",
    "centroid_map": [
     492177.643,
     5459086.843
    ]
   }
  },
  {
   "type": "Feature",
   "geometry": {
    "type": "Polygon",
    "coordinates": [
     [
      [
       -123.1051154,
       49.2845556
      ],
      [
       -123.10516,
       49.2844498
      ],
      [
       -123.1049266,
       49.2843544
      ],
      [
       -123.1049021,
       49.2844113
      ],
      [
       -123.1049742,
       49.2844394
      ],
      [
       -123.1049421,
       49.2844821
      ],
      [
       -123.1048846,
       49.2844665
      ],
      [
       -123.1048733,
       49.2844871
      ],
      [
       -123.1050797,
       49.2845526
      ],
      [
       -123.1051154,
       49.2845556
      ]
     ]
    ]
   },
   "properties": {
    "sheet": "vancouver_1912_MAP342a_04",
    "outline_id": "vancouver_1912_MAP342a_04:block:1:outline101",
    "block_id": null,
    "block_fid": 1,
    "block_number": null,
    "text_inside": [],
    "numerals_inside": [],
    "words_inside": [],
    "floors": null,
    "wash_rgb": [
     254,
     254,
     254
    ],
    "wash_chroma": 0.0,
    "wash_lightness_delta": -0.0,
    "hue_deg": 0,
    "material": "not a building (open lot, yard or court)",
    "area_source_px2": 7862,
    "centroid_source_px": [
     4207,
     2963
    ],
    "orphan": true,
    "orphan_because": "its block was rejected, split away or never traced",
    "centroid_map": [
     492361.715,
     5459084.257
    ]
   }
  },
  {
   "type": "Feature",
   "geometry": {
    "type": "Polygon",
    "coordinates": [
     [
      [
       -123.1116927,
       49.2845162
      ],
      [
       -123.1118071,
       49.2844401
      ],
      [
       -123.111776,
       49.2844339
      ],
      [
       -123.111755,
       49.2844482
      ],
      [
       -123.1117334,
       49.2844388
      ],
      [
       -123.1117186,
       49.2844199
      ],
      [
       -123.1116994,
       49.2844168
      ],
      [
       -123.1117134,
       49.2844042
      ],
      [
       -123.1116864,
       49.2843774
      ],
      [
       -123.1116721,
       49.2843759
      ],
      [
       -123.1116653,
       49.284387
      ],
      [
       -123.1116408,
       49.2843603
      ],
      [
       -123.1115474,
       49.2844221
      ],
      [
       -123.1116927,
       49.2845162
      ]
     ]
    ]
   },
   "properties": {
    "sheet": "vancouver_1912_MAP342a_04",
    "outline_id": "vancouver_1912_MAP342a_04:block:fid6:outline102",
    "block_id": "vancouver_1912_MAP342a_04:block:fid6",
    "block_fid": 6,
    "block_number": null,
    "text_inside": [],
    "numerals_inside": [],
    "words_inside": [],
    "floors": null,
    "wash_rgb": [
     253,
     204,
     207
    ],
    "wash_chroma": 18.9,
    "wash_lightness_delta": -34.3,
    "hue_deg": 356,
    "material": "brick",
    "area_source_px2": 4686,
    "centroid_source_px": [
     1416,
     2963
    ],
    "orphan": false,
    "centroid_map": [
     491879.021,
     5459082.301
    ]
   }
  },
  {
   "type": "Feature",
   "geometry": {
    "type": "Polygon",
    "coordinates": [
     [
      [
       -123.1108386,
       49.2845036
      ],
      [
       -123.1108528,
       49.2845035
      ],
      [
       -123.1110349,
       49.2843814
      ],
      [
       -123.1109718,
       49.2843359
      ],
      [
       -123.1109599,
       49.2843359
      ],
      [
       -123.1107755,
       49.284458
      ],
      [
       -123.1107974,
       49.2844769
      ],
      [
       -123.1108187,
       49.2844752
      ],
      [
       -123.1108168,
       49.2844894
      ],
      [
       -123.1108386,
       49.2845036
      ]
     ]
    ]
   },
   "properties": {
    "sheet": "vancouver_1912_MAP342a_04",
    "outline_id": "vancouver_1912_MAP342a_04:block:12:outline103",
    "block_id": "vancouver_1912_MAP342a_04:block:12",
    "block_fid": 9,
    "block_number": "12",
    "text_inside": [
     "St."
    ],
    "numerals_inside": [],
    "words_inside": [
     "St."
    ],
    "floors": null,
    "wash_rgb": [
     253,
     219,
     212
    ],
    "wash_chroma": 13.5,
    "wash_lightness_delta": -24.8,
    "hue_deg": 10,
    "material": "brick",
    "area_source_px2": 4847,
    "centroid_source_px": [
     1738,
     2974
    ],
    "orphan": false,
    "centroid_map": [
     491934.743,
     5459080.598
    ]
   }
  },
  {
   "type": "Feature",
   "geometry": {
    "type": "Polygon",
    "coordinates": [
     [
      [
       -123.1073425,
       49.2845051
      ],
      [
       -123.1073657,
       49.2844861
      ],
      [
       -123.1074104,
       49.2843818
      ],
      [
       -123.107403,
       49.2843739
      ],
      [
       -123.1073602,
       49.2843741
      ],
      [
       -123.1074171,
       49.2843676
      ],
      [
       -123.1074437,
       49.2842981
      ],
      [
       -123.1072811,
       49.2842671
      ],
      [
       -123.1072386,
       49.2843635
      ],
      [
       -123.1072627,
       49.2843729
      ],
      [
       -123.1072295,
       49.2843761
      ],
      [
       -123.1071871,
       49.2844757
      ],
      [
       -123.1072421,
       49.2844881
      ],
      [
       -123.1072846,
       49.2844753
      ],
      [
       -123.1073109,
       49.2844815
      ],
      [
       -123.1073114,
       49.2844989
      ],
      [
       -123.1073425,
       49.2845051
      ]
     ]
    ]
   },
   "properties": {
    "sheet": "vancouver_1912_MAP342a_04",
    "outline_id": "vancouver_1912_MAP342a_04:block:1:outline104",
    "block_id": null,
    "block_fid": 1,
    "block_number": null,
    "text_inside": [
     "B"
    ],
    "numerals_inside": [],
    "words_inside": [],
    "floors": null,
    "wash_rgb": [
     253,
     232,
     116
    ],
    "wash_chroma": 58.6,
    "wash_lightness_delta": -20.6,
    "hue_deg": 50,
    "material": "frame (wood)",
    "area_source_px2": 9728,
    "centroid_source_px": [
     3245,
     3006
    ],
    "orphan": true,
    "orphan_because": "its block was rejected, split away or never traced",
    "centroid_map": [
     492195.469,
     5459076.042
    ]
   }
  },
  {
   "type": "Feature",
   "geometry": {
    "type": "Polygon",
    "coordinates": [
     [
      [
       -123.1100981,
       49.2844731
      ],
      [
       -123.1101604,
       49.284323
      ],
      [
       -123.1100878,
       49.2842775
      ],
      [
       -123.1100024,
       49.2844561
      ],
      [
       -123.110036,
       49.2844639
      ],
      [
       -123.1100596,
       49.2844575
      ],
      [
       -123.1100646,
       49.2844685
      ],
      [
       -123.1100981,
       49.2844731
      ]
     ]
    ]
   },
   "properties": {
    "sheet": "vancouver_1912_MAP342a_04",
    "outline_id": "vancouver_1912_MAP342a_04:block:10:outline105",
    "block_id": "vancouver_1912_MAP342a_04:block:10",
    "block_fid": 10,
    "block_number": "10",
    "text_inside": [],
    "numerals_inside": [],
    "words_inside": [],
    "floors": null,
    "wash_rgb": [
     253,
     214,
     214
    ],
    "wash_chroma": 14.7,
    "wash_lightness_delta": -27.5,
    "hue_deg": 0,
    "material": "brick",
    "area_source_px2": 4287,
    "centroid_source_px": [
     2081,
     3000
    ],
    "orphan": false,
    "centroid_map": [
     491994.141,
     5459076.279
    ]
   }
  },
  {
   "type": "Feature",
   "geometry": {
    "type": "Polygon",
    "coordinates": [
     [
      [
       -123.1048589,
       49.284484
      ],
      [
       -123.1048703,
       49.2844634
      ],
      [
       -123.1048437,
       49.2844493
      ],
      [
       -123.1048734,
       49.2844066
      ],
      [
       -123.1048971,
       49.2844034
      ],
      [
       -123.1049193,
       49.2843481
      ],
      [
       -123.1049026,
       49.2843466
      ],
      [
       -123.1048832,
       49.2843309
      ],
      [
       -123.104799,
       49.2842965
      ],
      [
       -123.1047825,
       49.2843044
      ],
      [
       -123.1047877,
       49.284317
      ],
      [
       -123.1047664,
       49.2843234
      ],
      [
       -123.1047566,
       49.2843124
      ],
      [
       -123.1047707,
       49.2843045
      ],
      [
       -123.1047749,
       49.2842871
      ],
      [
       -123.104681,
       49.2842464
      ],
      [
       -123.1046741,
       49.2842543
      ],
      [
       -123.1046912,
       49.28427
      ],
      [
       -123.104673,
       49.2842985
      ],
      [
       -123.1046539,
       49.284297
      ],
      [
       -123.1046473,
       49.2843144
      ],
      [
       -123.1048177,
       49.2843721
      ],
      [
       -123.1047767,
       49.2844338
      ],
      [
       -123.1046279,
       49.284387
      ],
      [
       -123.1046118,
       49.2844076
      ],
      [
       -123.1048589,
       49.284484
      ]
     ]
    ]
   },
   "properties": {
    "sheet": "vancouver_1912_MAP342a_04",
    "outline_id": "vancouver_1912_MAP342a_04:block:1:outline106",
    "block_id": null,
    "block_fid": 1,
    "block_number": null,
    "text_inside": [
     "2"
    ],
    "numerals_inside": [
     "2"
    ],
    "words_inside": [],
    "floors": null,
    "wash_rgb": [
     254,
     254,
     254
    ],
    "wash_chroma": 0.0,
    "wash_lightness_delta": -0.0,
    "hue_deg": 0,
    "material": "not a building (open lot, yard or court)",
    "area_source_px2": 7177,
    "centroid_source_px": [
     4308,
     3024
    ],
    "orphan": true,
    "orphan_because": "its block was rejected, split away or never traced",
    "centroid_map": [
     492379.365,
     5459073.631
    ]
   }
  },
  {
   "type": "Feature",
   "geometry": {
    "type": "Polygon",
    "coordinates": [
     [
      [
       -123.1071633,
       49.2844742
      ],
      [
       -123.1071822,
       49.284471
      ],
      [
       -123.1073206,
       49.2841502
      ],
      [
       -123.107313,
       49.2841345
      ],
      [
       -123.1072341,
       49.2841206
      ],
      [
       -123.1072083,
       49.2841317
      ],
      [
       -123.1071915,
       49.284127
      ],
      [
       -123.1071776,
       49.2841381
      ],
      [
       -123.1071196,
       49.284274
      ],
      [
       -123.1071222,
       49.2842819
      ],
      [
       -123.1071437,
       49.2842865
      ],
      [
       -123.1071302,
       49.284315
      ],
      [
       -123.1071181,
       49.2843055
      ],
      [
       -123.1071062,
       49.2843072
      ],
      [
       -123.1070459,
       49.2844462
      ],
      [
       -123.1070533,
       49.2844541
      ],
      [
       -123.1071633,
       49.2844742
      ]
     ]
    ]
   },
   "properties": {
    "sheet": "vancouver_1912_MAP342a_04",
    "outline_id": "vancouver_1912_MAP342a_04:block:1:outline107",
    "block_id": null,
    "block_fid": 1,
    "block_number": null,
    "text_inside": [],
    "numerals_inside": [],
    "words_inside": [],
    "floors": null,
    "wash_rgb": [
     253,
     209,
     209
    ],
    "wash_chroma": 17.0,
    "wash_lightness_delta": -31.2,
    "hue_deg": 0,
    "material": "brick",
    "area_source_px2": 12954,
    "centroid_source_px": [
     3298,
     3065
    ],
    "orphan": true,
    "orphan_because": "its block was rejected, split away or never traced",
    "centroid_map": [
     492204.811,
     5459065.733
    ]
   }
  },
  {
   "type": "Feature",
   "geometry": {
    "type": "Polygon",
    "coordinates": [
     [
      [
       -123.1107586,
       49.2844518
      ],
      [
       -123.1107729,
       49.2844533
      ],
      [
       -123.1109598,
       49.2843312
      ],
      [
       -123.1108942,
       49.2842841
      ],
      [
       -123.1106955,
       49.2844078
      ],
      [
       -123.1107222,
       49.2844267
      ],
      [
       -123.110746,
       49.2844266
      ],
      [
       -123.1107368,
       49.2844377
      ],
      [
       -123.1107586,
       49.2844518
      ]
     ]
    ]
   },
   "properties": {
    "sheet": "vancouver_1912_MAP342a_04",
    "outline_id": "vancouver_1912_MAP342a_04:block:12:outline108",
    "block_id": "vancouver_1912_MAP342a_04:block:12",
    "block_fid": 9,
    "block_number": "12",
    "text_inside": [
     "St.",
     "St.",
     "St."
    ],
    "numerals_inside": [],
    "words_inside": [
     "St.",
     "St.",
     "St."
    ],
    "floors": null,
    "wash_rgb": [
     253,
     218,
     212
    ],
    "wash_chroma": 13.8,
    "wash_lightness_delta": -25.4,
    "hue_deg": 8,
    "material": "brick",
    "area_source_px2": 4762,
    "centroid_source_px": [
     1770,
     3007
    ],
    "orphan": false,
    "centroid_map": [
     491940.375,
     5459074.833
    ]
   }
  },
  {
   "type": "Feature",
   "geometry": {
    "type": "Polygon",
    "coordinates": [
     [
      [
       -123.1099834,
       49.2844546
      ],
      [
       -123.1099976,
       49.2844514
      ],
      [
       -123.1100783,
       49.2842776
      ],
      [
       -123.1100586,
       49.2842555
      ],
      [
       -123.1100054,
       49.2842242
      ],
      [
       -123.1099913,
       49.284229
      ],
      [
       -123.1098971,
       49.2844328
      ],
      [
       -123.1099403,
       49.2844453
      ],
      [
       -123.1099568,
       49.2844389
      ],
      [
       -123.1099595,
       49.2844499
      ],
      [
       -123.1099834,
       49.2844546
      ]
     ]
    ]
   },
   "properties": {
    "sheet": "vancouver_1912_MAP342a_04",
    "outline_id": "vancouver_1912_MAP342a_04:block:10:outline109",
    "block_id": "vancouver_1912_MAP342a_04:block:10",
    "block_fid": 10,
    "block_number": "10",
    "text_inside": [
     "4"
    ],
    "numerals_inside": [],
    "words_inside": [],
    "floors": null,
    "wash_rgb": [
     253,
     214,
     213
    ],
    "wash_chroma": 15.0,
    "wash_lightness_delta": -28.0,
    "hue_deg": 2,
    "material": "brick",
    "area_source_px2": 5792,
    "centroid_source_px": [
     2120,
     3026
    ],
    "orphan": false,
    "centroid_map": [
     492000.964,
     5459071.747
    ]
   }
  },
  {
   "type": "Feature",
   "geometry": {
    "type": "Polygon",
    "coordinates": [
     [
      [
       -123.1077478,
       49.2844547
      ],
      [
       -123.1078486,
       49.2842335
      ],
      [
       -123.1078412,
       49.2842257
      ],
      [
       -123.1077528,
       49.2842118
      ],
      [
       -123.107741,
       49.284215
      ],
      [
       -123.1076471,
       49.2844283
      ],
      [
       -123.1076545,
       49.2844377
      ],
      [
       -123.1077478,
       49.2844547
      ]
     ]
    ]
   },
   "properties": {
    "sheet": "vancouver_1912_MAP342a_04",
    "outline_id": "vancouver_1912_MAP342a_04:block:1:outline110",
    "block_id": null,
    "block_fid": 1,
    "block_number": null,
    "text_inside": [
     "FRI",
     "FRI"
    ],
    "numerals_inside": [],
    "words_inside": [
     "FRI",
     "FRI"
    ],
    "floors": null,
    "wash_rgb": [
     253,
     212,
     212
    ],
    "wash_chroma": 15.7,
    "wash_lightness_delta": -28.9,
    "hue_deg": 0,
    "material": "brick",
    "area_source_px2": 6866,
    "centroid_source_px": [
     3063,
     3040
    ],
    "orphan": true,
    "orphan_because": "its block was rejected, split away or never traced",
    "centroid_map": [
     492164.094,
     5459069.953
    ]
   }
  },
  {
   "type": "Feature",
   "geometry": {
    "type": "Polygon",
    "coordinates": [
     [
      [
       -123.107027,
       49.284451
      ],
      [
       -123.1070456,
       49.2844336
      ],
      [
       -123.1070947,
       49.2843214
      ],
      [
       -123.1070512,
       49.2842947
      ],
      [
       -123.1070751,
       49.284301
      ],
      [
       -123.1070841,
       49.2842804
      ],
      [
       -123.1071126,
       49.2842787
      ],
      [
       -123.1071729,
       49.2841397
      ],
      [
       -123.1071629,
       49.2841224
      ],
      [
       -123.1071818,
       49.2841192
      ],
      [
       -123.107172,
       49.2841097
      ],
      [
       -123.1070549,
       49.2840897
      ],
      [
       -123.1070408,
       49.284096
      ],
      [
       -123.106905,
       49.284423
      ],
      [
       -123.1069147,
       49.2844325
      ],
      [
       -123.107027,
       49.284451
      ]
     ]
    ]
   },
   "properties": {
    "sheet": "vancouver_1912_MAP342a_04",
    "outline_id": "vancouver_1912_MAP342a_04:block:1:outline111",
    "block_id": null,
    "block_fid": 1,
    "block_number": null,
    "text_inside": [
     "WATER"
    ],
    "numerals_inside": [],
    "words_inside": [
     "WATER"
    ],
    "floors": null,
    "wash_rgb": [
     253,
     211,
     211
    ],
    "wash_chroma": 16.1,
    "wash_lightness_delta": -29.8,
    "hue_deg": 0,
    "material": "brick",
    "area_source_px2": 13077,
    "centroid_source_px": [
     3359,
     3082
    ],
    "orphan": true,
    "orphan_because": "its block was rejected, split away or never traced",
    "centroid_map": [
     492215.412,
     5459062.795
    ]
   }
  },
  {
   "type": "Feature",
   "geometry": {
    "type": "Polygon",
    "coordinates": [
     [
      [
       -123.1098782,
       49.284436
      ],
      [
       -123.1098947,
       49.2844297
      ],
      [
       -123.1099841,
       49.2842274
      ],
      [
       -123.1099739,
       49.2842022
      ],
      [
       -123.1099085,
       49.2841614
      ],
      [
       -123.1098944,
       49.2841678
      ],
      [
       -123.1098995,
       49.2841788
      ],
      [
       -123.1097991,
       49.2844127
      ],
      [
       -123.1098113,
       49.2844237
      ],
      [
       -123.109854,
       49.2844219
      ],
      [
       -123.1098782,
       49.284436
      ]
     ]
    ]
   },
   "properties": {
    "sheet": "vancouver_1912_MAP342a_04",
    "outline_id": "vancouver_1912_MAP342a_04:block:10:outline112",
    "block_id": "vancouver_1912_MAP342a_04:block:10",
    "block_fid": 10,
    "block_number": "10",
    "text_inside": [
     "5"
    ],
    "numerals_inside": [],
    "words_inside": [],
    "floors": null,
    "wash_rgb": [
     253,
     214,
     213
    ],
    "wash_chroma": 14.9,
    "wash_lightness_delta": -27.8,
    "hue_deg": 2,
    "material": "brick",
    "area_source_px2": 6622,
    "centroid_source_px": [
     2159,
     3052
    ],
    "orphan": false,
    "centroid_map": [
     492007.786,
     5459067.215
    ]
   }
  },
  {
   "type": "Feature",
   "geometry": {
    "type": "Polygon",
    "coordinates": [
     [
      [
       -123.107633,
       49.2844331
      ],
      [
       -123.1076489,
       49.2844078
      ],
      [
       -123.1076131,
       49.2844016
      ],
      [
       -123.1076056,
       49.2843906
      ],
      [
       -123.1076197,
       49.2843842
      ],
      [
       -123.1076193,
       49.2843684
      ],
      [
       -123.1076504,
       49.2843762
      ],
      [
       -123.1076693,
       49.2843698
      ],
      [
       -123.1076735,
       49.2843525
      ],
      [
       -123.1076424,
       49.2843463
      ],
      [
       -123.1076804,
       49.2843414
      ],
      [
       -123.1077248,
       49.2842292
      ],
      [
       -123.1076841,
       49.2842215
      ],
      [
       -123.1076957,
       49.2842104
      ],
      [
       -123.1076907,
       49.2842025
      ],
      [
       -123.1075927,
       49.284184
      ],
      [
       -123.1074943,
       49.2844067
      ],
      [
       -123.1075589,
       49.2844207
      ],
      [
       -123.1075707,
       49.2844159
      ],
      [
       -123.10759,
       49.2844269
      ],
      [
       -123.107633,
       49.2844331
      ]
     ]
    ]
   },
   "properties": {
    "sheet": "vancouver_1912_MAP342a_04",
    "outline_id": "vancouver_1912_MAP342a_04:block:1:outline113",
    "block_id": null,
    "block_fid": 1,
    "block_number": null,
    "text_inside": [
     "FRI",
     "FRI",
     "FRI",
     "FRI"
    ],
    "numerals_inside": [],
    "words_inside": [
     "FRI",
     "FRI",
     "FRI",
     "FRI"
    ],
    "floors": null,
    "wash_rgb": [
     253,
     212,
     212
    ],
    "wash_chroma": 15.8,
    "wash_lightness_delta": -29.3,
    "hue_deg": 0,
    "material": "brick",
    "area_source_px2": 8566,
    "centroid_source_px": [
     3120,
     3058
    ],
    "orphan": true,
    "orphan_because": "its block was rejected, split away or never traced",
    "centroid_map": [
     492174.006,
     5459066.836
    ]
   }
  },
  {
   "type": "Feature",
   "geometry": {
    "type": "Polygon",
    "coordinates": [
     [
      [
       -123.1097802,
       49.2844175
      ],
      [
       -123.1098053,
       49.2843795
      ],
      [
       -123.1098988,
       49.2841536
      ],
      [
       -123.109853,
       49.2841332
      ],
      [
       -123.1096165,
       49.2840947
      ],
      [
       -123.1096007,
       49.2841263
      ],
      [
       -123.1096516,
       49.2841592
      ],
      [
       -123.109623,
       49.2841562
      ],
      [
       -123.1095832,
       49.2841815
      ],
      [
       -123.1095932,
       49.2841989
      ],
      [
       -123.1095694,
       49.2841974
      ],
      [
       -123.1095004,
       49.2843648
      ],
      [
       -123.1095363,
       49.2843726
      ],
      [
       -123.1095528,
       49.2843678
      ],
      [
       -123.1095698,
       49.2843788
      ],
      [
       -123.1096224,
       49.2843881
      ],
      [
       -123.1096317,
       49.2843801
      ],
      [
       -123.1096606,
       49.2843958
      ],
      [
       -123.1097109,
       49.2844051
      ],
      [
       -123.1097463,
       49.2843986
      ],
      [
       -123.1097515,
       49.2844112
      ],
      [
       -123.1097802,
       49.2844175
      ]
     ]
    ]
   },
   "properties": {
    "sheet": "vancouver_1912_MAP342a_04",
    "outline_id": "vancouver_1912_MAP342a_04:block:10:outline114",
    "block_id": "vancouver_1912_MAP342a_04:block:10",
    "block_fid": 10,
    "block_number": "10",
    "text_inside": [
     "6",
     "7",
     "8"
    ],
    "numerals_inside": [
     "7",
     "8"
    ],
    "words_inside": [],
    "floors": null,
    "wash_rgb": [
     253,
     216,
     215
    ],
    "wash_chroma": 14.2,
    "wash_lightness_delta": -26.6,
    "hue_deg": 2,
    "material": "brick",
    "area_source_px2": 21987,
    "centroid_source_px": [
     2239,
     3084
    ],
    "orphan": false,
    "centroid_map": [
     492021.717,
     5459061.659
    ]
   }
  },
  {
   "type": "Feature",
   "geometry": {
    "type": "Polygon",
    "coordinates": [
     [
      [
       -123.1068932,
       49.2844278
      ],
      [
       -123.1069601,
       49.2842714
      ],
      [
       -123.1068479,
       49.2842545
      ],
      [
       -123.1068387,
       49.2842655
      ],
      [
       -123.1068267,
       49.2842608
      ],
      [
       -123.1068173,
       49.2842672
      ],
      [
       -123.1067617,
       49.284403
      ],
      [
       -123.1068932,
       49.2844278
      ]
     ]
    ]
   },
   "properties": {
    "sheet": "vancouver_1912_MAP342a_04",
    "outline_id": "vancouver_1912_MAP342a_04:block:1:outline115",
    "block_id": null,
    "block_fid": 1,
    "block_number": null,
    "text_inside": [],
    "numerals_inside": [],
    "words_inside": [],
    "floors": null,
    "wash_rgb": [
     254,
     254,
     254
    ],
    "wash_chroma": 0.4,
    "wash_lightness_delta": -0.4,
    "hue_deg": 0,
    "material": "not a building (open lot, yard or court)",
    "area_source_px2": 5826,
    "centroid_source_px": [
     3435,
     3037
    ],
    "orphan": true,
    "orphan_because": "its block was rejected, split away or never traced",
    "centroid_map": [
     492228.421,
     5459070.739
    ]
   }
  },
  {
   "type": "Feature",
   "geometry": {
    "type": "Polygon",
    "coordinates": [
     [
      [
       -123.1047763,
       49.2844212
      ],
      [
       -123.104806,
       49.2843769
      ],
      [
       -123.1047938,
       49.2843659
      ],
      [
       -123.10429,
       49.2842115
      ],
      [
       -123.1042783,
       49.2842179
      ],
      [
       -123.1042462,
       49.2842606
      ],
      [
       -123.1042559,
       49.2842684
      ],
      [
       -123.1043685,
       49.284298
      ],
      [
       -123.1047646,
       49.2844259
      ],
      [
       -123.1047763,
       49.2844212
      ]
     ]
    ]
   },
   "properties": {
    "sheet": "vancouver_1912_MAP342a_04",
    "outline_id": "vancouver_1912_MAP342a_04:block:1:outline116",
    "block_id": null,
    "block_fid": 1,
    "block_number": null,
    "text_inside": [
     "Ice House."
    ],
    "numerals_inside": [],
    "words_inside": [
     "Ice House."
    ],
    "floors": null,
    "wash_rgb": [
     253,
     240,
     124
    ],
    "wash_chroma": 57.9,
    "wash_lightness_delta": -15.0,
    "hue_deg": 54,
    "material": "frame (wood)",
    "area_source_px2": 9188,
    "centroid_source_px": [
     4417,
     3057
    ],
    "orphan": true,
    "orphan_because": "its block was rejected, split away or never traced",
    "centroid_map": [
     492398.315,
     5459067.921
    ]
   }
  },
  {
   "type": "Feature",
   "geometry": {
    "type": "Polygon",
    "coordinates": [
     [
      [
       -123.1106811,
       49.2844016
      ],
      [
       -123.1107117,
       49.284392
      ],
      [
       -123.1108799,
       49.284281
      ],
      [
       -123.1108264,
       49.2842402
      ],
      [
       -123.1108144,
       49.284237
      ],
      [
       -123.1106252,
       49.2843576
      ],
      [
       -123.1106375,
       49.2843733
      ],
      [
       -123.1106661,
       49.2843764
      ],
      [
       -123.1106593,
       49.2843859
      ],
      [
       -123.1106811,
       49.2844016
      ]
     ]
    ]
   },
   "properties": {
    "sheet": "vancouver_1912_MAP342a_04",
    "outline_id": "vancouver_1912_MAP342a_04:block:12:outline117",
    "block_id": "vancouver_1912_MAP342a_04:block:12",
    "block_fid": 9,
    "block_number": "12",
    "text_inside": [
     "St.",
     "St.",
     "St."
    ],
    "numerals_inside": [],
    "words_inside": [
     "St.",
     "St.",
     "St."
    ],
    "floors": null,
    "wash_rgb": [
     253,
     217,
     214
    ],
    "wash_chroma": 13.8,
    "wash_lightness_delta": -25.8,
    "hue_deg": 4,
    "material": "brick",
    "area_source_px2": 4503,
    "centroid_source_px": [
     1801,
     3039
    ],
    "orphan": false,
    "centroid_map": [
     491945.832,
     5459069.244
    ]
   }
  },
  {
   "type": "Feature",
   "geometry": {
    "type": "Polygon",
    "coordinates": [
     [
      [
       -123.1067474,
       49.2844031
      ],
      [
       -123.1068126,
       49.2842672
      ],
      [
       -123.1067812,
       49.2842515
      ],
      [
       -123.1067972,
       49.2842294
      ],
      [
       -123.1068304,
       49.2842245
      ],
      [
       -123.1068974,
       49.2840697
      ],
      [
       -123.1068876,
       49.2840587
      ],
      [
       -123.1067896,
       49.2840417
      ],
      [
       -123.1067597,
       49.2840797
      ],
      [
       -123.1067465,
       49.2841176
      ],
      [
       -123.1067613,
       49.2841349
      ],
      [
       -123.1067422,
       49.2841349
      ],
      [
       -123.1067109,
       49.2842045
      ],
      [
       -123.1067208,
       49.284217
      ],
      [
       -123.1066516,
       49.2843782
      ],
      [
       -123.1066638,
       49.2843892
      ],
      [
       -123.1067474,
       49.2844031
      ]
     ]
    ]
   },
   "properties": {
    "sheet": "vancouver_1912_MAP342a_04",
    "outline_id": "vancouver_1912_MAP342a_04:block:1:outline118",
    "block_id": null,
    "block_fid": 1,
    "block_number": null,
    "text_inside": [
     "FRI"
    ],
    "numerals_inside": [],
    "words_inside": [
     "FRI"
    ],
    "floors": null,
    "wash_rgb": [
     253,
     232,
     114
    ],
    "wash_chroma": 59.5,
    "wash_lightness_delta": -20.5,
    "hue_deg": 50,
    "material": "frame (wood)",
    "area_source_px2": 10542,
    "centroid_source_px": [
     3472,
     3114
    ],
    "orphan": true,
    "orphan_because": "its block was rejected, split away or never traced",
    "centroid_map": [
     492235.05,
     5459057.263
    ]
   }
  },
  {
   "type": "Feature",
   "geometry": {
    "type": "Polygon",
    "coordinates": [
     [
      [
       -123.1110419,
       49.284375
      ],
      [
       -123.1111914,
       49.2842814
      ],
      [
       -123.1111235,
       49.2842344
      ],
      [
       -123.1109739,
       49.284328
      ],
      [
       -123.1110419,
       49.284375
      ]
     ]
    ]
   },
   "properties": {
    "sheet": "vancouver_1912_MAP342a_04",
    "outline_id": "vancouver_1912_MAP342a_04:block:12:outline119",
    "block_id": "vancouver_1912_MAP342a_04:block:12",
    "block_fid": 9,
    "block_number": "12",
    "text_inside": [],
    "numerals_inside": [],
    "words_inside": [],
    "floors": null,
    "wash_rgb": [
     254,
     254,
     254
    ],
    "wash_chroma": 0.2,
    "wash_lightness_delta": -0.2,
    "hue_deg": 0,
    "material": "not a building (open lot, yard or court)",
    "area_source_px2": 3572,
    "centroid_source_px": [
     1660,
     3050
    ],
    "orphan": false,
    "centroid_map": [
     491921.48,
     5459067.216
    ]
   }
  },
  {
   "type": "Feature",
   "geometry": {
    "type": "Polygon",
    "coordinates": [
     [
      [
       -123.1066231,
       49.2843815
      ],
      [
       -123.106735,
       49.2841318
      ],
      [
       -123.1067131,
       49.284113
      ],
      [
       -123.1067347,
       49.2841192
      ],
      [
       -123.106744,
       49.2841144
      ],
      [
       -123.1067729,
       49.2840402
      ],
      [
       -123.1066892,
       49.2840231
      ],
      [
       -123.1066421,
       49.2840406
      ],
      [
       -123.1066227,
       49.2840265
      ],
      [
       -123.106639,
       49.2840154
      ],
      [
       -123.1065195,
       49.2839938
      ],
      [
       -123.1065056,
       49.2840064
      ],
      [
       -123.1064521,
       49.2841344
      ],
      [
       -123.1064671,
       49.2841612
      ],
      [
       -123.1064628,
       49.2841785
      ],
      [
       -123.1064321,
       49.2841865
      ],
      [
       -123.1063721,
       49.284335
      ],
      [
       -123.1064893,
       49.2843598
      ],
      [
       -123.1065079,
       49.284344
      ],
      [
       -123.1065108,
       49.2843613
      ],
      [
       -123.1066231,
       49.2843815
      ]
     ]
    ]
   },
   "properties": {
    "sheet": "vancouver_1912_MAP342a_04",
    "outline_id": "vancouver_1912_MAP342a_04:block:1:outline120",
    "block_id": null,
    "block_fid": 1,
    "block_number": null,
    "text_inside": [
     "Co Limited",
     "Pierce",
     "168",
     "70",
     "O"
    ],
    "numerals_inside": [],
    "words_inside": [
     "Co Limited",
     "Pierce"
    ],
    "floors": null,
    "wash_rgb": [
     253,
     211,
     210
    ],
    "wash_chroma": 16.2,
    "wash_lightness_delta": -30.0,
    "hue_deg": 2,
    "material": "brick",
    "area_source_px2": 24878,
    "centroid_source_px": [
     3554,
     3134
    ],
    "orphan": true,
    "orphan_because": "its block was rejected, split away or never traced",
    "centroid_map": [
     492249.291,
     5459053.813
    ]
   }
  },
  {
   "type": "Feature",
   "geometry": {
    "type": "Polygon",
    "coordinates": [
     [
      [
       -123.1119309,
       49.2843592
      ],
      [
       -123.1120358,
       49.2842847
      ],
      [
       -123.1120163,
       49.284269
      ],
      [
       -123.1119901,
       49.2842659
      ],
      [
       -123.111997,
       49.284258
      ],
      [
       -123.1119486,
       49.2842266
      ],
      [
       -123.1119105,
       49.2842284
      ],
      [
       -123.1118743,
       49.2842064
      ],
      [
       -123.1117856,
       49.2842667
      ],
      [
       -123.1118633,
       49.2843232
      ],
      [
       -123.1119309,
       49.2843592
      ]
     ]
    ]
   },
   "properties": {
    "sheet": "vancouver_1912_MAP342a_04",
    "outline_id": "vancouver_1912_MAP342a_04:block:fid6:outline121",
    "block_id": "vancouver_1912_MAP342a_04:block:fid6",
    "block_fid": 6,
    "block_number": null,
    "text_inside": [],
    "numerals_inside": [],
    "words_inside": [],
    "floors": null,
    "wash_rgb": [
     253,
     210,
     211
    ],
    "wash_chroma": 16.3,
    "wash_lightness_delta": -30.3,
    "hue_deg": 358,
    "material": "brick",
    "area_source_px2": 5308,
    "centroid_source_px": [
     1312,
     3063
    ],
    "orphan": false,
    "centroid_map": [
     491861.333,
     5459064.692
    ]
   }
  },
  {
   "type": "Feature",
   "geometry": {
    "type": "Polygon",
    "coordinates": [
     [
      [
       -123.1094837,
       49.2843633
      ],
      [
       -123.1095556,
       49.2842132
      ],
      [
       -123.109562,
       49.2841863
      ],
      [
       -123.1095522,
       49.2841769
      ],
      [
       -123.1095755,
       49.2841611
      ],
      [
       -123.1095998,
       49.2840947
      ],
      [
       -123.1094157,
       49.2840607
      ],
      [
       -123.1092972,
       49.2843261
      ],
      [
       -123.1093164,
       49.2843324
      ],
      [
       -123.1093424,
       49.2843275
      ],
      [
       -123.1093474,
       49.284337
      ],
      [
       -123.1094025,
       49.2843494
      ],
      [
       -123.1094476,
       49.2843477
      ],
      [
       -123.1094837,
       49.2843633
      ]
     ]
    ]
   },
   "properties": {
    "sheet": "vancouver_1912_MAP342a_04",
    "outline_id": "vancouver_1912_MAP342a_04:block:10:outline122",
    "block_id": "vancouver_1912_MAP342a_04:block:10",
    "block_fid": 10,
    "block_number": "10",
    "text_inside": [
     "FRI",
     "FRI",
     "2",
     "9",
     "10",
     "10"
    ],
    "numerals_inside": [
     "9",
     "10",
     "10"
    ],
    "words_inside": [
     "FRI",
     "FRI"
    ],
    "floors": null,
    "wash_rgb": [
     253,
     214,
     215
    ],
    "wash_chroma": 14.7,
    "wash_lightness_delta": -27.5,
    "hue_deg": 358,
    "material": "brick",
    "area_source_px2": 14414,
    "centroid_source_px": [
     2350,
     3106
    ],
    "orphan": false,
    "centroid_map": [
     492040.98,
     5459057.879
    ]
   }
  },
  {
   "type": "Feature",
   "geometry": {
    "type": "Polygon",
    "coordinates": [
     [
      [
       -123.1106132,
       49.2843545
      ],
      [
       -123.1107139,
       49.2843005
      ],
      [
       -123.1107137,
       49.2842926
      ],
      [
       -123.1109612,
       49.2841308
      ],
      [
       -123.1108255,
       49.2840414
      ],
      [
       -123.1104799,
       49.2842666
      ],
      [
       -123.1104969,
       49.2842808
      ],
      [
       -123.1105231,
       49.2842823
      ],
      [
       -123.1105115,
       49.2842902
      ],
      [
       -123.1105405,
       49.2843074
      ],
      [
       -123.1105828,
       49.2842884
      ],
      [
       -123.1105526,
       49.2843153
      ],
      [
       -123.1105744,
       49.2843278
      ],
      [
       -123.1105909,
       49.2843246
      ],
      [
       -123.1105866,
       49.2843388
      ],
      [
       -123.1106132,
       49.2843545
      ]
     ]
    ]
   },
   "properties": {
    "sheet": "vancouver_1912_MAP342a_04",
    "outline_id": "vancouver_1912_MAP342a_04:block:12:outline123",
    "block_id": "vancouver_1912_MAP342a_04:block:12",
    "block_fid": 9,
    "block_number": "12",
    "text_inside": [
     "St.",
     "St.",
     "St.",
     "St.",
     "St.",
     "St."
    ],
    "numerals_inside": [],
    "words_inside": [
     "St.",
     "St.",
     "St.",
     "St.",
     "St.",
     "St."
    ],
    "floors": null,
    "wash_rgb": [
     253,
     212,
     212
    ],
    "wash_chroma": 15.8,
    "wash_lightness_delta": -29.3,
    "hue_deg": 0,
    "material": "brick",
    "area_source_px2": 16383,
    "centroid_source_px": [
     1809,
     3119
    ],
    "orphan": false,
    "centroid_map": [
     491947.455,
     5459055.22
    ]
   }
  },
  {
   "type": "Feature",
   "geometry": {
    "type": "Polygon",
    "coordinates": [
     [
      [
       -123.1109667,
       49.2843248
      ],
      [
       -123.1111139,
       49.2842312
      ],
      [
       -123.111046,
       49.2841842
      ],
      [
       -123.1108964,
       49.2842762
      ],
      [
       -123.1109667,
       49.2843248
      ]
     ]
    ]
   },
   "properties": {
    "sheet": "vancouver_1912_MAP342a_04",
    "outline_id": "vancouver_1912_MAP342a_04:block:12:outline124",
    "block_id": "vancouver_1912_MAP342a_04:block:12",
    "block_fid": 9,
    "block_number": "12",
    "text_inside": [],
    "numerals_inside": [],
    "words_inside": [],
    "floors": null,
    "wash_rgb": [
     254,
     254,
     254
    ],
    "wash_chroma": 0.2,
    "wash_lightness_delta": -0.1,
    "hue_deg": 0,
    "material": "not a building (open lot, yard or court)",
    "area_source_px2": 3604,
    "centroid_source_px": [
     1692,
     3082
    ],
    "orphan": false,
    "centroid_map": [
     491927.109,
     5459061.627
    ]
   }
  },
  {
   "type": "Feature",
   "geometry": {
    "type": "Polygon",
    "coordinates": [
     [
      [
       -123.1092852,
       49.2843246
      ],
      [
       -123.1094015,
       49.2840607
      ],
      [
       -123.1093106,
       49.2840421
      ],
      [
       -123.1092945,
       49.2840611
      ],
      [
       -123.1092963,
       49.2840406
      ],
      [
       -123.109215,
       49.2840267
      ],
      [
       -123.1092033,
       49.284033
      ],
      [
       -123.1090988,
       49.2842906
      ],
      [
       -123.1091299,
       49.2842983
      ],
      [
       -123.1091463,
       49.2842904
      ],
      [
       -123.1091562,
       49.284303
      ],
      [
       -123.1091895,
       49.2843028
      ],
      [
       -123.1092255,
       49.2843153
      ],
      [
       -123.109242,
       49.284309
      ],
      [
       -123.1092518,
       49.28432
      ],
      [
       -123.1092852,
       49.2843246
      ]
     ]
    ]
   },
   "properties": {
    "sheet": "vancouver_1912_MAP342a_04",
    "outline_id": "vancouver_1912_MAP342a_04:block:10:outline125",
    "block_id": "vancouver_1912_MAP342a_04:block:10",
    "block_fid": 10,
    "block_number": "10",
    "text_inside": [
     "FRI",
     "FRI",
     "FRI",
     "FRI",
     "B",
     "FRI",
     "FRI",
     "FRI",
     "B",
     "11",
     "12"
    ],
    "numerals_inside": [
     "11",
     "12"
    ],
    "words_inside": [
     "FRI",
     "FRI",
     "FRI",
     "FRI",
     "FRI",
     "FRI",
     "FRI"
    ],
    "floors": null,
    "wash_rgb": [
     253,
     212,
     214
    ],
    "wash_chroma": 15.4,
    "wash_lightness_delta": -28.7,
    "hue_deg": 358,
    "material": "brick",
    "area_source_px2": 14431,
    "centroid_source_px": [
     2428,
     3137
    ],
    "orphan": false,
    "centroid_map": [
     492054.562,
     5459052.498
    ]
   }
  },
  {
   "type": "Feature",
   "geometry": {
    "type": "Polygon",
    "coordinates": [
     [
      [
       -123.1046447,
       49.2843096
      ],
      [
       -123.1046691,
       49.2842449
      ],
      [
       -123.1046569,
       49.2842339
      ],
      [
       -123.1045392,
       49.2841917
      ],
      [
       -123.1044506,
       49.2841715
      ],
      [
       -123.1044197,
       49.2841716
      ],
      [
       -123.1044241,
       49.2842457
      ],
      [
       -123.1045177,
       49.2842754
      ],
      [
       -123.1045455,
       49.2842485
      ],
      [
       -123.1045322,
       49.2842816
      ],
      [
       -123.1046329,
       49.2843128
      ],
      [
       -123.1046447,
       49.2843096
      ]
     ]
    ]
   },
   "properties": {
    "sheet": "vancouver_1912_MAP342a_04",
    "outline_id": "vancouver_1912_MAP342a_04:block:1:outline126",
    "block_id": null,
    "block_fid": 1,
    "block_number": null,
    "text_inside": [
     "1"
    ],
    "numerals_inside": [
     "1"
    ],
    "words_inside": [],
    "floors": null,
    "wash_rgb": [
     254,
     254,
     254
    ],
    "wash_chroma": 0.0,
    "wash_lightness_delta": -0.0,
    "hue_deg": 0,
    "material": "not a building (open lot, yard or court)",
    "area_source_px2": 5351,
    "centroid_source_px": [
     4410,
     3107
    ],
    "orphan": true,
    "orphan_because": "its block was rejected, split away or never traced",
    "centroid_map": [
     492397.253,
     5459059.148
    ]
   }
  },
  {
   "type": "Feature",
   "geometry": {
    "type": "Polygon",
    "coordinates": [
     [
      [
       -123.1113318,
       49.2842825
      ],
      [
       -123.1113458,
       49.2842746
      ],
      [
       -123.1113626,
       49.2842808
      ],
      [
       -123.1114747,
       49.2842063
      ],
      [
       -123.1114742,
       49.2841889
      ],
      [
       -123.1115022,
       49.2841683
      ],
      [
       -123.1115167,
       49.2841761
      ],
      [
       -123.1116918,
       49.2840635
      ],
      [
       -123.1116844,
       49.2840541
      ],
      [
       -123.1116584,
       49.2840573
      ],
      [
       -123.1116318,
       49.2840432
      ],
      [
       -123.1116506,
       49.2840337
      ],
      [
       -123.1116045,
       49.2840023
      ],
      [
       -123.1115782,
       49.2839977
      ],
      [
       -123.1114543,
       49.2840738
      ],
      [
       -123.1114384,
       49.2840991
      ],
      [
       -123.111396,
       49.2841135
      ],
      [
       -123.1112442,
       49.2842118
      ],
      [
       -123.111247,
       49.2842276
      ],
      [
       -123.1113318,
       49.2842825
      ]
     ]
    ]
   },
   "properties": {
    "sheet": "vancouver_1912_MAP342a_04",
    "outline_id": "vancouver_1912_MAP342a_04:block:12:outline127",
    "block_id": "vancouver_1912_MAP342a_04:block:12",
    "block_fid": 9,
    "block_number": "12",
    "text_inside": [
     "20"
    ],
    "numerals_inside": [
     "20"
    ],
    "words_inside": [],
    "floors": null,
    "wash_rgb": [
     253,
     218,
     213
    ],
    "wash_chroma": 13.8,
    "wash_lightness_delta": -25.6,
    "hue_deg": 8,
    "material": "brick",
    "area_source_px2": 12840,
    "centroid_source_px": [
     1499,
     3151
    ],
    "orphan": false,
    "centroid_map": [
     491893.937,
     5459049.392
    ]
   }
  },
  {
   "type": "Feature",
   "geometry": {
    "type": "Polygon",
    "coordinates": [
     [
      [
       -123.1090821,
       49.284289
      ],
      [
       -123.1090938,
       49.2842843
      ],
      [
       -123.1091985,
       49.2840331
      ],
      [
       -123.1091959,
       49.2840236
      ],
      [
       -123.1091265,
       49.2840097
      ],
      [
       -123.1091052,
       49.2840129
      ],
      [
       -123.1090006,
       49.2842657
      ],
      [
       -123.109008,
       49.2842767
      ],
      [
       -123.1090482,
       49.2842686
      ],
      [
       -123.1090745,
       49.2842733
      ],
      [
       -123.1090677,
       49.2842844
      ],
      [
       -123.1090821,
       49.284289
      ]
     ]
    ]
   },
   "properties": {
    "sheet": "vancouver_1912_MAP342a_04",
    "outline_id": "vancouver_1912_MAP342a_04:block:10:outline128",
    "block_id": "vancouver_1912_MAP342a_04:block:10",
    "block_fid": 10,
    "block_number": "10",
    "text_inside": [
     "FRI",
     "B",
     "FRI",
     "FRI",
     "FRI",
     "FRI",
     "20",
     "20",
     "20",
     "20",
     "13",
     "B",
     "B"
    ],
    "numerals_inside": [
     "20",
     "20",
     "20",
     "20",
     "13"
    ],
    "words_inside": [
     "FRI",
     "FRI",
     "FRI",
     "FRI",
     "FRI"
    ],
    "floors": null,
    "wash_rgb": [
     253,
     212,
     213
    ],
    "wash_chroma": 15.6,
    "wash_lightness_delta": -28.8,
    "hue_deg": 358,
    "material": "brick",
    "area_source_px2": 7002,
    "centroid_source_px": [
     2491,
     3156
    ],
    "orphan": false,
    "centroid_map": [
     492065.515,
     5459049.21
    ]
   }
  },
  {
   "type": "Feature",
   "geometry": {
    "type": "Polygon",
    "coordinates": [
     [
      [
       -123.1074411,
       49.2842902
      ],
      [
       -123.107464,
       49.2842601
      ],
      [
       -123.1074972,
       49.2841701
      ],
      [
       -123.1074636,
       49.2841608
      ],
      [
       -123.1074306,
       49.2841719
      ],
      [
       -123.1074092,
       49.2841704
      ],
      [
       -123.1073995,
       49.2841641
      ],
      [
       -123.1074134,
       49.284153
      ],
      [
       -123.1073346,
       49.2841391
      ],
      [
       -123.1072808,
       49.2842576
      ],
      [
       -123.1074411,
       49.2842902
      ]
     ]
    ]
   },
   "properties": {
    "sheet": "vancouver_1912_MAP342a_04",
    "outline_id": "vancouver_1912_MAP342a_04:block:1:outline129",
    "block_id": null,
    "block_fid": 1,
    "block_number": null,
    "text_inside": [
     "FRI",
     "FRI",
     "FRI"
    ],
    "numerals_inside": [],
    "words_inside": [
     "FRI",
     "FRI",
     "FRI"
    ],
    "floors": null,
    "wash_rgb": [
     253,
     210,
     210
    ],
    "wash_chroma": 16.7,
    "wash_lightness_delta": -30.7,
    "hue_deg": 0,
    "material": "brick",
    "area_source_px2": 5608,
    "centroid_source_px": [
     3212,
     3114
    ],
    "orphan": true,
    "orphan_because": "its block was rejected, split away or never traced",
    "centroid_map": [
     492190.084,
     5459057.081
    ]
   }
  },
  {
   "type": "Feature",
   "geometry": {
    "type": "Polygon",
    "coordinates": [
     [
      [
       -123.1108868,
       49.2842731
      ],
      [
       -123.1110363,
       49.2841795
      ],
      [
       -123.1109709,
       49.2841355
      ],
      [
       -123.1108236,
       49.2842275
      ],
      [
       -123.1108868,
       49.2842731
      ]
     ]
    ]
   },
   "properties": {
    "sheet": "vancouver_1912_MAP342a_04",
    "outline_id": "vancouver_1912_MAP342a_04:block:12:outline130",
    "block_id": "vancouver_1912_MAP342a_04:block:12",
    "block_fid": 9,
    "block_number": "12",
    "text_inside": [],
    "numerals_inside": [],
    "words_inside": [],
    "floors": null,
    "wash_rgb": [
     254,
     254,
     254
    ],
    "wash_chroma": 0.1,
    "wash_lightness_delta": -0.1,
    "hue_deg": 0,
    "material": "not a building (open lot, yard or court)",
    "area_source_px2": 3360,
    "centroid_source_px": [
     1723,
     3113
    ],
    "orphan": false,
    "centroid_map": [
     491932.563,
     5459056.212
    ]
   }
  },
  {
   "type": "Feature",
   "geometry": {
    "type": "Polygon",
    "coordinates": [
     [
      [
       -123.1060854,
       49.2842887
      ],
      [
       -123.1061395,
       49.2841813
      ],
      [
       -123.1061458,
       49.2841528
      ],
      [
       -123.1061311,
       49.2841387
      ],
      [
       -123.1061419,
       49.2840992
      ],
      [
       -123.1061542,
       49.2841134
      ],
      [
       -123.1061684,
       49.2841118
      ],
      [
       -123.1062351,
       49.2839475
      ],
      [
       -123.1061442,
       49.2839273
      ],
      [
       -123.1061162,
       49.2839463
      ],
      [
       -123.1060756,
       49.2839401
      ],
      [
       -123.1061014,
       49.2839274
      ],
      [
       -123.1060988,
       49.2839211
      ],
      [
       -123.1059769,
       49.2838995
      ],
      [
       -123.1059073,
       49.2840433
      ],
      [
       -123.1058297,
       49.2842439
      ],
      [
       -123.1060854,
       49.2842887
      ]
     ]
    ]
   },
   "properties": {
    "sheet": "vancouver_1912_MAP342a_04",
    "outline_id": "vancouver_1912_MAP342a_04:block:1:outline131",
    "block_id": null,
    "block_fid": 1,
    "block_number": null,
    "text_inside": [
     "50",
     "50",
     "50",
     "7",
     "50",
     "50",
     "50",
     "66'"
    ],
    "numerals_inside": [
     "7"
    ],
    "words_inside": [],
    "floors": null,
    "wash_rgb": [
     253,
     213,
     215
    ],
    "wash_chroma": 15.3,
    "wash_lightness_delta": -28.3,
    "hue_deg": 358,
    "material": "brick",
    "area_source_px2": 25574,
    "centroid_source_px": [
     3782,
     3194
    ],
    "orphan": true,
    "orphan_because": "its block was rejected, split away or never traced",
    "centroid_map": [
     492288.902,
     5459043.451
    ]
   }
  },
  {
   "type": "Feature",
   "geometry": {
    "type": "Polygon",
    "coordinates": [
     [
      [
       -123.1104702,
       49.284262
      ],
      [
       -123.1108159,
       49.2840383
      ],
      [
       -123.1107793,
       49.2840053
      ],
      [
       -123.1106704,
       49.2839394
      ],
      [
       -123.1103248,
       49.2841631
      ],
      [
       -123.1103418,
       49.2841772
      ],
      [
       -123.1103633,
       49.2841803
      ],
      [
       -123.1103564,
       49.2841882
      ],
      [
       -123.1104702,
       49.284262
      ]
     ]
    ]
   },
   "properties": {
    "sheet": "vancouver_1912_MAP342a_04",
    "outline_id": "vancouver_1912_MAP342a_04:block:12:outline132",
    "block_id": "vancouver_1912_MAP342a_04:block:12",
    "block_fid": 9,
    "block_number": "12",
    "text_inside": [
     "Griffin Brooke",
     "8",
     "St.",
     "St.",
     "St."
    ],
    "numerals_inside": [
     "8"
    ],
    "words_inside": [
     "Griffin Brooke",
     "St.",
     "St.",
     "St."
    ],
    "floors": null,
    "wash_rgb": [
     253,
     210,
     211
    ],
    "wash_chroma": 16.6,
    "wash_lightness_delta": -30.6,
    "hue_deg": 358,
    "material": "brick",
    "area_source_px2": 17989,
    "centroid_source_px": [
     1872,
     3182
    ],
    "orphan": false,
    "centroid_map": [
     491958.538,
     5459044.217
    ]
   }
  },
  {
   "type": "Feature",
   "geometry": {
    "type": "Polygon",
    "coordinates": [
     [
      [
       -123.1069666,
       49.2842461
      ],
      [
       -123.1070358,
       49.2840881
      ],
      [
       -123.1069975,
       49.2840772
      ],
      [
       -123.1069785,
       49.2840789
      ],
      [
       -123.106974,
       49.2840868
      ],
      [
       -123.1069689,
       49.2840742
      ],
      [
       -123.1069354,
       49.284068
      ],
      [
       -123.1069072,
       49.2840823
      ],
      [
       -123.1068627,
       49.2841897
      ],
      [
       -123.106911,
       49.2842164
      ],
      [
       -123.1069318,
       49.2841926
      ],
      [
       -123.1069231,
       49.2842226
      ],
      [
       -123.1069666,
       49.2842461
      ]
     ]
    ]
   },
   "properties": {
    "sheet": "vancouver_1912_MAP342a_04",
    "outline_id": "vancouver_1912_MAP342a_04:block:1:outline133",
    "block_id": null,
    "block_fid": 1,
    "block_number": null,
    "text_inside": [
     "FRI",
     "FRI"
    ],
    "numerals_inside": [],
    "words_inside": [
     "FRI",
     "FRI"
    ],
    "floors": null,
    "wash_rgb": [
     253,
     213,
     212
    ],
    "wash_chroma": 15.3,
    "wash_lightness_delta": -28.6,
    "hue_deg": 2,
    "material": "brick",
    "area_source_px2": 4806,
    "centroid_source_px": [
     3396,
     3158
    ],
    "orphan": true,
    "orphan_because": "its block was rejected, split away or never traced",
    "centroid_map": [
     492222.037,
     5459049.494
    ]
   }
  },
  {
   "type": "Feature",
   "geometry": {
    "type": "Polygon",
    "coordinates": [
     [
      [
       -123.1058154,
       49.2842424
      ],
      [
       -123.1059626,
       49.2838979
      ],
      [
       -123.1057093,
       49.2838531
      ],
      [
       -123.1056574,
       49.2839542
      ],
      [
       -123.105562,
       49.2841975
      ],
      [
       -123.1058154,
       49.2842424
      ]
     ]
    ]
   },
   "properties": {
    "sheet": "vancouver_1912_MAP342a_04",
    "outline_id": "vancouver_1912_MAP342a_04:block:1:outline134",
    "block_id": null,
    "block_fid": 1,
    "block_number": null,
    "text_inside": [
     "50",
     "50",
     "50",
     "50",
     "50"
    ],
    "numerals_inside": [],
    "words_inside": [],
    "floors": null,
    "wash_rgb": [
     254,
     254,
     254
    ],
    "wash_chroma": 0.1,
    "wash_lightness_delta": -0.1,
    "hue_deg": 0,
    "material": "not a building (open lot, yard or court)",
    "area_source_px2": 25417,
    "centroid_source_px": [
     3895,
     3224
    ],
    "orphan": true,
    "orphan_because": "its block was rejected, split away or never traced",
    "centroid_map": [
     492308.535,
     5459038.27
    ]
   }
  },
  {
   "type": "Feature",
   "geometry": {
    "type": "Polygon",
    "coordinates": [
     [
      [
       -123.1112203,
       49.2842103
      ],
      [
       -123.1112393,
       49.2842087
      ],
      [
       -123.1113934,
       49.2841072
      ],
      [
       -123.1113835,
       49.2840946
      ],
      [
       -123.1113974,
       49.2840803
      ],
      [
       -123.1114401,
       49.284077
      ],
      [
       -123.1115756,
       49.2839882
      ],
      [
       -123.1115076,
       49.2839396
      ],
      [
       -123.1114838,
       49.2839381
      ],
      [
       -123.1114834,
       49.2839239
      ],
      [
       -123.1114664,
       49.2839145
      ],
      [
       -123.1114452,
       49.2839208
      ],
      [
       -123.1111136,
       49.284135
      ],
      [
       -123.1112203,
       49.2842103
      ]
     ]
    ]
   },
   "properties": {
    "sheet": "vancouver_1912_MAP342a_04",
    "outline_id": "vancouver_1912_MAP342a_04:block:12:outline135",
    "block_id": "vancouver_1912_MAP342a_04:block:12",
    "block_fid": 9,
    "block_number": "12",
    "text_inside": [
     "18"
    ],
    "numerals_inside": [
     "18"
    ],
    "words_inside": [],
    "floors": null,
    "wash_rgb": [
     253,
     216,
     213
    ],
    "wash_chroma": 14.4,
    "wash_lightness_delta": -26.8,
    "hue_deg": 4,
    "material": "brick",
    "area_source_px2": 14006,
    "centroid_source_px": [
     1548,
     3202
    ],
    "orphan": false,
    "centroid_map": [
     491902.563,
     5459040.483
    ]
   }
  },
  {
   "type": "Feature",
   "geometry": {
    "type": "Polygon",
    "coordinates": [
     [
      [
       -123.1087761,
       49.2840661
      ],
      [
       -123.108757,
       49.284063
      ],
      [
       -123.1087528,
       49.2840836
      ],
      [
       -123.1087104,
       49.2840979
      ],
      [
       -123.1087009,
       49.2840964
      ],
      [
       -123.1087054,
       49.2840885
      ],
      [
       -123.1086887,
       49.284087
      ],
      [
       -123.1086628,
       49.2840965
      ],
      [
       -123.1086537,
       49.2841092
      ],
      [
       -123.1086369,
       49.2841045
      ],
      [
       -123.1086016,
       49.2841172
      ],
      [
       -123.1085706,
       49.2841142
      ],
      [
       -123.1085641,
       49.2841379
      ],
      [
       -123.1085213,
       49.284138
      ],
      [
       -123.1085099,
       49.2841538
      ],
      [
       -123.1085625,
       49.2841647
      ],
      [
       -123.1086075,
       49.2841582
      ],
      [
       -123.1086291,
       49.2841645
      ],
      [
       -123.1086342,
       49.2841771
      ],
      [
       -123.1087178,
       49.2841894
      ],
      [
       -123.1087317,
       49.2841767
      ],
      [
       -123.1087761,
       49.2840661
      ]
     ]
    ]
   },
   "properties": {
    "sheet": "vancouver_1912_MAP342a_04",
    "outline_id": "vancouver_1912_MAP342a_04:block:fid11:part2:outline136",
    "block_id": "vancouver_1912_MAP342a_04:block:fid11:part2",
    "block_fid": 11,
    "block_number": "9",
    "text_inside": [
     "FRI",
     "Huckay Smi",
     "FRI",
     "FRI"
    ],
    "numerals_inside": [],
    "words_inside": [
     "FRI",
     "Huckay Smi",
     "FRI",
     "FRI"
    ],
    "floors": null,
    "wash_rgb": [
     253,
     209,
     209
    ],
    "wash_chroma": 16.9,
    "wash_lightness_delta": -31.2,
    "hue_deg": 0,
    "material": "brick",
    "area_source_px2": 3972,
    "centroid_source_px": [
     2675,
     3161
    ],
    "orphan": false,
    "centroid_map": [
     492097.352,
     5459048.462
    ]
   }
  },
  {
   "type": "Feature",
   "geometry": {
    "type": "Polygon",
    "coordinates": [
     [
      [
       -123.1055454,
       49.2841976
      ],
      [
       -123.105566,
       49.2841691
      ],
      [
       -123.1056926,
       49.2838516
      ],
      [
       -123.1055802,
       49.2838315
      ],
      [
       -123.1055687,
       49.2838441
      ],
      [
       -123.1055539,
       49.2838268
      ],
      [
       -123.1054416,
       49.2838083
      ],
      [
       -123.1054278,
       49.2838226
      ],
      [
       -123.105292,
       49.2841543
      ],
      [
       -123.1055454,
       49.2841976
      ]
     ]
    ]
   },
   "properties": {
    "sheet": "vancouver_1912_MAP342a_04",
    "outline_id": "vancouver_1912_MAP342a_04:block:1:outline137",
    "block_id": null,
    "block_fid": 1,
    "block_number": null,
    "text_inside": [
     "9",
     "50",
     "50",
     "50",
     "50",
     "50"
    ],
    "numerals_inside": [
     "9"
    ],
    "words_inside": [],
    "floors": null,
    "wash_rgb": [
     253,
     219,
     219
    ],
    "wash_chroma": 13.0,
    "wash_lightness_delta": -24.5,
    "hue_deg": 0,
    "material": "brick",
    "area_source_px2": 25691,
    "centroid_source_px": [
     4006,
     3253
    ],
    "orphan": true,
    "orphan_because": "its block was rejected, split away or never traced",
    "centroid_map": [
     492327.818,
     5459033.262
    ]
   }
  },
  {
   "type": "Feature",
   "geometry": {
    "type": "Polygon",
    "coordinates": [
     [
      [
       -123.1051922,
       49.2841578
      ],
      [
       -123.105187,
       49.2841421
      ],
      [
       -123.1045107,
       49.2840246
      ],
      [
       -123.1044415,
       49.2840185
      ],
      [
       -123.1044612,
       49.2840405
      ],
      [
       -123.1044499,
       49.2840627
      ],
      [
       -123.1051717,
       49.2841879
      ],
      [
       -123.1051922,
       49.2841578
      ]
     ]
    ]
   },
   "properties": {
    "sheet": "vancouver_1912_MAP342a_04",
    "outline_id": "vancouver_1912_MAP342a_04:block:1:outline138",
    "block_id": null,
    "block_fid": 1,
    "block_number": null,
    "text_inside": [
     "10"
    ],
    "numerals_inside": [
     "10"
    ],
    "words_inside": [],
    "floors": null,
    "wash_rgb": [
     254,
     254,
     254
    ],
    "wash_chroma": 0.0,
    "wash_lightness_delta": -0.1,
    "hue_deg": 0,
    "material": "not a building (open lot, yard or court)",
    "area_source_px2": 9420,
    "centroid_source_px": [
     4291,
     3191
    ],
    "orphan": true,
    "orphan_because": "its block was rejected, split away or never traced",
    "centroid_map": [
     492376.923,
     5459044.334
    ]
   }
  },
  {
   "type": "Feature",
   "geometry": {
    "type": "Polygon",
    "coordinates": [
     [
      [
       -123.1084573,
       49.2841461
      ],
      [
       -123.1084667,
       49.2841414
      ],
      [
       -123.1085846,
       49.2838523
      ],
      [
       -123.1085864,
       49.2838333
      ],
      [
       -123.1085768,
       49.2838286
      ],
      [
       -123.1085387,
       49.2838272
      ],
      [
       -123.108512,
       49.2838936
      ],
      [
       -123.108462,
       49.2838906
      ],
      [
       -123.1083688,
       49.2841291
      ],
      [
       -123.1084573,
       49.2841461
      ]
     ]
    ]
   },
   "properties": {
    "sheet": "vancouver_1912_MAP342a_04",
    "outline_id": "vancouver_1912_MAP342a_04:block:fid11:part2:outline139",
    "block_id": "vancouver_1912_MAP342a_04:block:fid11:part2",
    "block_fid": 11,
    "block_number": "9",
    "text_inside": [
     "FRI",
     "FRI",
     "FRI",
     "FRI",
     "FRI",
     "FRI",
     "FRI",
     "FRI"
    ],
    "numerals_inside": [],
    "words_inside": [
     "FRI",
     "FRI",
     "FRI",
     "FRI",
     "FRI",
     "FRI",
     "FRI",
     "FRI"
    ],
    "floors": null,
    "wash_rgb": [
     253,
     231,
     116
    ],
    "wash_chroma": 58.4,
    "wash_lightness_delta": -20.9,
    "hue_deg": 50,
    "material": "frame (wood)",
    "area_source_px2": 7798,
    "centroid_source_px": [
     2753,
     3249
    ],
    "orphan": false,
    "centroid_map": [
     492111.104,
     5459033.086
    ]
   }
  },
  {
   "type": "Feature",
   "geometry": {
    "type": "Polygon",
    "coordinates": [
     [
      [
       -123.1052801,
       49.2841528
      ],
      [
       -123.1052918,
       49.2841448
      ],
      [
       -123.1054274,
       49.2838084
      ],
      [
       -123.1053007,
       49.2837851
      ],
      [
       -123.1052843,
       49.2837947
      ],
      [
       -123.105272,
       49.2837805
      ],
      [
       -123.1051788,
       49.2837651
      ],
      [
       -123.1051627,
       49.2837841
      ],
      [
       -123.1050291,
       49.2841079
      ],
      [
       -123.1051678,
       49.2841342
      ],
      [
       -123.1051842,
       49.2841263
      ],
      [
       -123.1052464,
       49.2841371
      ],
      [
       -123.1052491,
       49.2841482
      ],
      [
       -123.1052801,
       49.2841528
      ]
     ]
    ]
   },
   "properties": {
    "sheet": "vancouver_1912_MAP342a_04",
    "outline_id": "vancouver_1912_MAP342a_04:block:1:outline140",
    "block_id": null,
    "block_fid": 1,
    "block_number": null,
    "text_inside": [
     "50",
     "50",
     "50",
     "50",
     "50"
    ],
    "numerals_inside": [],
    "words_inside": [],
    "floors": null,
    "wash_rgb": [
     253,
     224,
     220
    ],
    "wash_chroma": 11.4,
    "wash_lightness_delta": -21.3,
    "hue_deg": 8,
    "material": "brick",
    "area_source_px2": 25206,
    "centroid_source_px": [
     4117,
     3282
    ],
    "orphan": true,
    "orphan_because": "its block was rejected, split away or never traced",
    "centroid_map": [
     492347.102,
     5459028.255
    ]
   }
  },
  {
   "type": "Feature",
   "geometry": {
    "type": "Polygon",
    "coordinates": [
     [
      [
       -123.1084807,
       49.2841334
      ],
      [
       -123.1085163,
       49.2841302
      ],
      [
       -123.1085916,
       49.2840999
      ],
      [
       -123.1085699,
       49.284089
      ],
      [
       -123.1085581,
       49.2840937
      ],
      [
       -123.1085411,
       49.2840796
      ],
      [
       -123.1085906,
       49.2840636
      ],
      [
       -123.1086168,
       49.2840683
      ],
      [
       -123.1086354,
       49.2840509
      ],
      [
       -123.1087132,
       49.2840269
      ],
      [
       -123.1087204,
       49.28403
      ],
      [
       -123.1086977,
       49.284068
      ],
      [
       -123.1087829,
       49.2840535
      ],
      [
       -123.1087682,
       49.2840378
      ],
      [
       -123.1087789,
       49.2839951
      ],
      [
       -123.1087429,
       49.2839858
      ],
      [
       -123.1087738,
       49.2839841
      ],
      [
       -123.1087853,
       49.2839699
      ],
      [
       -123.1087953,
       49.2839856
      ],
      [
       -123.1088142,
       49.2839808
      ],
      [
       -123.108858,
       49.2838481
      ],
      [
       -123.1088295,
       49.2838498
      ],
      [
       -123.1088277,
       49.2838719
      ],
      [
       -123.1088042,
       49.2838799
      ],
      [
       -123.1088177,
       49.283853
      ],
      [
       -123.1087985,
       49.2838484
      ],
      [
       -123.1087805,
       49.2838847
      ],
      [
       -123.1087593,
       49.2838911
      ],
      [
       -123.1087495,
       49.2838817
      ],
      [
       -123.1087095,
       49.283896
      ],
      [
       -123.1086928,
       49.2838945
      ],
      [
       -123.1086835,
       49.2839008
      ],
      [
       -123.1086886,
       49.2839134
      ],
      [
       -123.1086647,
       49.2839088
      ],
      [
       -123.1086412,
       49.2839215
      ],
      [
       -123.1086079,
       49.28392
      ],
      [
       -123.1085871,
       49.2839422
      ],
      [
       -123.1085634,
       49.2839454
      ],
      [
       -123.108566,
       49.2839533
      ],
      [
       -123.1085449,
       49.2839628
      ],
      [
       -123.1084807,
       49.2841334
      ]
     ]
    ]
   },
   "properties": {
    "sheet": "vancouver_1912_MAP342a_04",
    "outline_id": "vancouver_1912_MAP342a_04:block:fid11:part2:outline141",
    "block_id": "vancouver_1912_MAP342a_04:block:fid11:part2",
    "block_fid": 11,
    "block_number": "9",
    "text_inside": [
     "BRON",
     "FRI",
     "FRI",
     "FRI",
     "FRI",
     "B",
     "FRI",
     "FRI",
     "FRI",
     "FRI",
     "6",
     "FRI",
     "B",
     "JLockie Co",
     "B",
     "B",
     "B",
     "B",
     "B",
     "B",
     "B",
     "B",
     "B",
     "B",
     "B",
     "B",
     "B",
     "B",
     "B"
    ],
    "numerals_inside": [
     "6"
    ],
    "words_inside": [
     "BRON",
     "FRI",
     "FRI",
     "FRI",
     "FRI",
     "FRI",
     "FRI",
     "FRI",
     "FRI",
     "FRI",
     "JLockie Co"
    ],
    "floors": null,
    "wash_rgb": [
     253,
     206,
     209
    ],
    "wash_chroma": 17.9,
    "wash_lightness_delta": -32.7,
    "hue_deg": 356,
    "material": "brick",
    "area_source_px2": 12138,
    "centroid_source_px": [
     2671,
     3258
    ],
    "orphan": false,
    "centroid_map": [
     492096.949,
     5459031.45
    ]
   }
  },
  {
   "type": "Feature",
   "geometry": {
    "type": "Polygon",
    "coordinates": [
     [
      [
       -123.1083139,
       49.2841214
      ],
      [
       -123.1083492,
       49.2841071
      ],
      [
       -123.1084025,
       49.2839744
      ],
      [
       -123.1083951,
       49.283965
      ],
      [
       -123.1083211,
       49.2839542
      ],
      [
       -123.1083046,
       49.2839606
      ],
      [
       -123.1082538,
       49.284098
      ],
      [
       -123.1082637,
       49.2841121
      ],
      [
       -123.1083139,
       49.2841214
      ]
     ]
    ]
   },
   "properties": {
    "sheet": "vancouver_1912_MAP342a_04",
    "outline_id": "vancouver_1912_MAP342a_04:block:fid11:part2:outline142",
    "block_id": "vancouver_1912_MAP342a_04:block:fid11:part2",
    "block_fid": 11,
    "block_number": "9",
    "text_inside": [
     "FRI",
     "FRI",
     "FRI"
    ],
    "numerals_inside": [],
    "words_inside": [
     "FRI",
     "FRI",
     "FRI"
    ],
    "floors": null,
    "wash_rgb": [
     253,
     242,
     158
    ],
    "wash_chroma": 42.6,
    "wash_lightness_delta": -13.0,
    "hue_deg": 54,
    "material": "frame (wood)",
    "area_source_px2": 4142,
    "centroid_source_px": [
     2816,
     3226
    ],
    "orphan": false,
    "centroid_map": [
     492121.931,
     5459037.163
    ]
   }
  },
  {
   "type": "Feature",
   "geometry": {
    "type": "Polygon",
    "coordinates": [
     [
      [
       -123.1111342,
       49.2841065
      ],
      [
       -123.1111508,
       49.2841049
      ],
      [
       -123.1114544,
       49.2839082
      ],
      [
       -123.1114253,
       49.2838878
      ],
      [
       -123.1114038,
       49.2838863
      ],
      [
       -123.1114058,
       49.2838737
      ],
      [
       -123.1113913,
       49.2838643
      ],
      [
       -123.1110805,
       49.2840594
      ],
      [
       -123.1110833,
       49.2840736
      ],
      [
       -123.1111342,
       49.2841065
      ]
     ]
    ]
   },
   "properties": {
    "sheet": "vancouver_1912_MAP342a_04",
    "outline_id": "vancouver_1912_MAP342a_04:block:12:outline143",
    "block_id": "vancouver_1912_MAP342a_04:block:12",
    "block_fid": 9,
    "block_number": "12",
    "text_inside": [
     "17"
    ],
    "numerals_inside": [
     "17"
    ],
    "words_inside": [],
    "floors": null,
    "wash_rgb": [
     253,
     212,
     211
    ],
    "wash_chroma": 15.6,
    "wash_lightness_delta": -29.0,
    "hue_deg": 2,
    "material": "brick",
    "area_source_px2": 7312,
    "centroid_source_px": [
     1580,
     3251
    ],
    "orphan": false,
    "centroid_map": [
     491908.244,
     5459031.913
    ]
   }
  },
  {
   "type": "Feature",
   "geometry": {
    "type": "Polygon",
    "coordinates": [
     [
      [
       -123.108192,
       49.2840982
      ],
      [
       -123.1082674,
       49.2839071
      ],
      [
       -123.1082124,
       49.2838946
      ],
      [
       -123.1081896,
       49.283931
      ],
      [
       -123.1082005,
       49.2838931
      ],
      [
       -123.1081861,
       49.28389
      ],
      [
       -123.1081701,
       49.2839137
      ],
      [
       -123.1081252,
       49.2839233
      ],
      [
       -123.1081359,
       49.2838823
      ],
      [
       -123.1080809,
       49.2838714
      ],
      [
       -123.1080562,
       49.2839204
      ],
      [
       -123.108069,
       49.2838715
      ],
      [
       -123.1080164,
       49.2838606
      ],
      [
       -123.107998,
       49.2838812
      ],
      [
       -123.1079338,
       49.2840518
      ],
      [
       -123.1079912,
       49.2840626
      ],
      [
       -123.1080095,
       49.2840358
      ],
      [
       -123.108008,
       49.2840673
      ],
      [
       -123.1080558,
       49.2840766
      ],
      [
       -123.1080697,
       49.2840624
      ],
      [
       -123.1080916,
       49.2840796
      ],
      [
       -123.1081227,
       49.2840874
      ],
      [
       -123.1081412,
       49.2840684
      ],
      [
       -123.1081418,
       49.2840889
      ],
      [
       -123.108192,
       49.2840982
      ]
     ]
    ]
   },
   "properties": {
    "sheet": "vancouver_1912_MAP342a_04",
    "outline_id": "vancouver_1912_MAP342a_04:block:fid11:part2:outline144",
    "block_id": "vancouver_1912_MAP342a_04:block:fid11:part2",
    "block_fid": 11,
    "block_number": "9",
    "text_inside": [
     "FRI",
     "FRI",
     "FRI",
     "FRI",
     "FRI",
     "FRI",
     "FRI",
     "FRI",
     "FRI",
     "FRI",
     "FRI",
     "6",
     "FRI"
    ],
    "numerals_inside": [
     "6"
    ],
    "words_inside": [
     "FRI",
     "FRI",
     "FRI",
     "FRI",
     "FRI",
     "FRI",
     "FRI",
     "FRI",
     "FRI",
     "FRI",
     "FRI",
     "FRI"
    ],
    "floors": null,
    "wash_rgb": [
     253,
     206,
     208
    ],
    "wash_chroma": 18.0,
    "wash_lightness_delta": -33.0,
    "hue_deg": 358,
    "material": "brick",
    "area_source_px2": 13560,
    "centroid_source_px": [
     2911,
     3261
    ],
    "orphan": false,
    "centroid_map": [
     492138.465,
     5459031.092
    ]
   }
  },
  {
   "type": "Feature",
   "geometry": {
    "type": "Polygon",
    "coordinates": [
     [
      [
       -123.1050148,
       49.2841064
      ],
      [
       -123.1050756,
       49.2839847
      ],
      [
       -123.1051622,
       49.2837651
      ],
      [
       -123.1050593,
       49.2837434
      ],
      [
       -123.1050238,
       49.2837483
      ],
      [
       -123.1050067,
       49.2837341
      ],
      [
       -123.1049016,
       49.2837172
      ],
      [
       -123.1047543,
       49.2840616
      ],
      [
       -123.1050148,
       49.2841064
      ]
     ]
    ]
   },
   "properties": {
    "sheet": "vancouver_1912_MAP342a_04",
    "outline_id": "vancouver_1912_MAP342a_04:block:1:outline145",
    "block_id": null,
    "block_fid": 1,
    "block_number": null,
    "text_inside": [
     "11",
     "50",
     "50",
     "50",
     "50",
     "50",
     "50"
    ],
    "numerals_inside": [
     "11"
    ],
    "words_inside": [],
    "floors": null,
    "wash_rgb": [
     254,
     254,
     254
    ],
    "wash_chroma": 0.1,
    "wash_lightness_delta": -0.1,
    "hue_deg": 0,
    "material": "not a building (open lot, yard or court)",
    "area_source_px2": 26038,
    "centroid_source_px": [
     4230,
     3312
    ],
    "orphan": true,
    "orphan_because": "its block was rejected, split away or never traced",
    "centroid_map": [
     492366.734,
     5459023.073
    ]
   }
  },
  {
   "type": "Feature",
   "geometry": {
    "type": "Polygon",
    "coordinates": [
     [
      [
       -123.1099007,
       49.2840526
      ],
      [
       -123.1099262,
       49.2840304
      ],
      [
       -123.1093859,
       49.2836775
      ],
      [
       -123.1093763,
       49.2836743
      ],
      [
       -123.1093436,
       49.2836965
      ],
      [
       -123.109884,
       49.2840511
      ],
      [
       -123.1099007,
       49.2840526
      ]
     ]
    ]
   },
   "properties": {
    "sheet": "vancouver_1912_MAP342a_04",
    "outline_id": "vancouver_1912_MAP342a_04:block:1:outline146",
    "block_id": null,
    "block_fid": 1,
    "block_number": null,
    "text_inside": [],
    "numerals_inside": [],
    "words_inside": [],
    "floors": null,
    "wash_rgb": [
     254,
     254,
     254
    ],
    "wash_chroma": 0.3,
    "wash_lightness_delta": -0.3,
    "hue_deg": 0,
    "material": "not a building (open lot, yard or court)",
    "area_source_px2": 6943,
    "centroid_source_px": [
     2263,
     3332
    ],
    "orphan": true,
    "orphan_because": "its block was rejected, split away or never traced",
    "centroid_map": [
     492026.608,
     5459018.187
    ]
   }
  },
  {
   "type": "Feature",
   "geometry": {
    "type": "Polygon",
    "coordinates": [
     [
      [
       -123.1109538,
       49.2840362
      ],
      [
       -123.1111712,
       49.2839029
      ],
      [
       -123.1111715,
       49.2839139
      ],
      [
       -123.1111456,
       49.2839219
      ],
      [
       -123.1110312,
       49.2839981
      ],
      [
       -123.111099,
       49.2840404
      ],
      [
       -123.1113186,
       49.2838992
      ],
      [
       -123.111292,
       49.2838851
      ],
      [
       -123.1112662,
       49.2838963
      ],
      [
       -123.1112376,
       49.2838948
      ],
      [
       -123.1112323,
       49.2838774
      ],
      [
       -123.1111969,
       49.283887
      ],
      [
       -123.1111561,
       49.2838714
      ],
      [
       -123.1111957,
       49.2838429
      ],
      [
       -123.1111906,
       49.2838318
      ],
      [
       -123.1112691,
       49.2838331
      ],
      [
       -123.1113042,
       49.2838125
      ],
      [
       -123.1112967,
       49.2837999
      ],
      [
       -123.1112655,
       49.2837906
      ],
      [
       -123.1112459,
       49.2837701
      ],
      [
       -123.1112293,
       49.2837718
      ],
      [
       -123.1108931,
       49.2839923
      ],
      [
       -123.1109538,
       49.2840362
      ]
     ]
    ]
   },
   "properties": {
    "sheet": "vancouver_1912_MAP342a_04",
    "outline_id": "vancouver_1912_MAP342a_04:block:12:outline147",
    "block_id": "vancouver_1912_MAP342a_04:block:12",
    "block_fid": 9,
    "block_number": "12",
    "text_inside": [
     "16",
     "15",
     "Hotel"
    ],
    "numerals_inside": [],
    "words_inside": [
     "Hotel"
    ],
    "floors": null,
    "wash_rgb": [
     253,
     210,
     210
    ],
    "wash_chroma": 16.2,
    "wash_lightness_delta": -30.1,
    "hue_deg": 0,
    "material": "brick",
    "area_source_px2": 12099,
    "centroid_source_px": [
     1643,
     3288
    ],
    "orphan": false,
    "centroid_map": [
     491919.25,
     5459025.469
    ]
   }
  },
  {
   "type": "Feature",
   "geometry": {
    "type": "Polygon",
    "coordinates": [
     [
      [
       -123.10791,
       49.2840503
      ],
      [
       -123.1079265,
       49.2840471
      ],
      [
       -123.1080489,
       49.2837485
      ],
      [
       -123.1080392,
       49.2837407
      ],
      [
       -123.1079412,
       49.2837237
      ],
      [
       -123.1079199,
       49.2837285
      ],
      [
       -123.1077999,
       49.2840255
      ],
      [
       -123.10791,
       49.2840503
      ]
     ]
    ]
   },
   "properties": {
    "sheet": "vancouver_1912_MAP342a_04",
    "outline_id": "vancouver_1912_MAP342a_04:block:fid11:part2:outline148",
    "block_id": "vancouver_1912_MAP342a_04:block:fid11:part2",
    "block_fid": 11,
    "block_number": "9",
    "text_inside": [
     "FRI",
     "FRI",
     "FRI",
     "FRI",
     "FRI",
     "FRI",
     "FRI",
     "FRI",
     "5",
     "FRI",
     "FRI",
     "FRI",
     "FRI"
    ],
    "numerals_inside": [
     "5"
    ],
    "words_inside": [
     "FRI",
     "FRI",
     "FRI",
     "FRI",
     "FRI",
     "FRI",
     "FRI",
     "FRI",
     "FRI",
     "FRI",
     "FRI",
     "FRI"
    ],
    "floors": null,
    "wash_rgb": [
     253,
     208,
     209
    ],
    "wash_chroma": 17.1,
    "wash_lightness_delta": -31.6,
    "hue_deg": 358,
    "material": "brick",
    "area_source_px2": 11142,
    "centroid_source_px": [
     2983,
     3321
    ],
    "orphan": false,
    "centroid_map": [
     492151.097,
     5459020.621
    ]
   }
  },
  {
   "type": "Feature",
   "geometry": {
    "type": "Polygon",
    "coordinates": [
     [
      [
       -123.1047423,
       49.2840585
      ],
      [
       -123.1048873,
       49.2837172
      ],
      [
       -123.104794,
       49.2836986
      ],
      [
       -123.1047944,
       49.2837128
      ],
      [
       -123.1047685,
       49.2837192
      ],
      [
       -123.1047372,
       49.2837083
      ],
      [
       -123.1047703,
       49.2836987
      ],
      [
       -123.1047701,
       49.2836924
      ],
      [
       -123.1046458,
       49.2836707
      ],
      [
       -123.1045829,
       49.2838035
      ],
      [
       -123.1045862,
       49.283835
      ],
      [
       -123.1045983,
       49.2838429
      ],
      [
       -123.1045777,
       49.2838713
      ],
      [
       -123.1045656,
       49.2838619
      ],
      [
       -123.1045539,
       49.2838698
      ],
      [
       -123.1044961,
       49.2840152
      ],
      [
       -123.1047423,
       49.2840585
      ]
     ]
    ]
   },
   "properties": {
    "sheet": "vancouver_1912_MAP342a_04",
    "outline_id": "vancouver_1912_MAP342a_04:block:1:outline149",
    "block_id": null,
    "block_fid": 1,
    "block_number": null,
    "text_inside": [
     "50",
     "50",
     "50",
     "50",
     "50",
     "66"
    ],
    "numerals_inside": [
     "66"
    ],
    "words_inside": [],
    "floors": null,
    "wash_rgb": [
     253,
     227,
     219
    ],
    "wash_chroma": 10.9,
    "wash_lightness_delta": -19.5,
    "hue_deg": 14,
    "material": "brick",
    "area_source_px2": 23862,
    "centroid_source_px": [
     4342,
     3341
    ],
    "orphan": true,
    "orphan_because": "its block was rejected, split away or never traced",
    "centroid_map": [
     492386.191,
     5459018.066
    ]
   }
  },
  {
   "type": "Feature",
   "geometry": {
    "type": "Polygon",
    "coordinates": [
     [
      [
       -123.1105183,
       49.2840283
      ],
      [
       -123.1106607,
       49.2839316
      ],
      [
       -123.1105372,
       49.2838531
      ],
      [
       -123.1105014,
       49.2838501
      ],
      [
       -123.1103731,
       49.2839389
      ],
      [
       -123.1105183,
       49.2840283
      ]
     ]
    ]
   },
   "properties": {
    "sheet": "vancouver_1912_MAP342a_04",
    "outline_id": "vancouver_1912_MAP342a_04:block:12:outline150",
    "block_id": "vancouver_1912_MAP342a_04:block:12",
    "block_fid": 9,
    "block_number": "12",
    "text_inside": [],
    "numerals_inside": [],
    "words_inside": [],
    "floors": null,
    "wash_rgb": [
     253,
     207,
     211
    ],
    "wash_chroma": 17.4,
    "wash_lightness_delta": -32.0,
    "hue_deg": 354,
    "material": "brick",
    "area_source_px2": 7170,
    "centroid_source_px": [
     1894,
     3285
    ],
    "orphan": false,
    "centroid_map": [
     491962.65,
     5459026.171
    ]
   }
  },
  {
   "type": "Feature",
   "geometry": {
    "type": "Polygon",
    "coordinates": [
     [
      [
       -123.1077594,
       49.284024
      ],
      [
       -123.1077995,
       49.2840128
      ],
      [
       -123.1078552,
       49.283877
      ],
      [
       -123.1078526,
       49.2838691
      ],
      [
       -123.1078262,
       49.2838629
      ],
      [
       -123.1078469,
       49.2838376
      ],
      [
       -123.1078252,
       49.2838282
      ],
      [
       -123.1078338,
       49.2837935
      ],
      [
       -123.1078098,
       49.2837872
      ],
      [
       -123.1077959,
       49.2837999
      ],
      [
       -123.1077955,
       49.2837857
      ],
      [
       -123.1078073,
       49.2837809
      ],
      [
       -123.1078814,
       49.2837949
      ],
      [
       -123.1078952,
       49.2837775
      ],
      [
       -123.1078926,
       49.2837696
      ],
      [
       -123.1078495,
       49.2837603
      ],
      [
       -123.107865,
       49.2837208
      ],
      [
       -123.1078504,
       49.2837066
      ],
      [
       -123.107875,
       49.2836513
      ],
      [
       -123.1078724,
       49.2836435
      ],
      [
       -123.1078484,
       49.2836388
      ],
      [
       -123.1078343,
       49.283642
      ],
      [
       -123.1078144,
       49.2836973
      ],
      [
       -123.1077717,
       49.2837022
      ],
      [
       -123.1077317,
       49.2838017
      ],
      [
       -123.1077558,
       49.2838127
      ],
      [
       -123.1077274,
       49.2838159
      ],
      [
       -123.1077051,
       49.2838696
      ],
      [
       -123.1077125,
       49.2838775
      ],
      [
       -123.1077458,
       49.283879
      ],
      [
       -123.107758,
       49.2838899
      ],
      [
       -123.1077674,
       49.2838868
      ],
      [
       -123.1077772,
       49.2838946
      ],
      [
       -123.1077865,
       49.2838883
      ],
      [
       -123.1077962,
       49.2838945
      ],
      [
       -123.1077564,
       49.2840004
      ],
      [
       -123.107732,
       49.2839784
      ],
      [
       -123.1077107,
       49.2839848
      ],
      [
       -123.1077008,
       49.2839706
      ],
      [
       -123.1076744,
       49.2839628
      ],
      [
       -123.1076541,
       49.2839992
      ],
      [
       -123.1077594,
       49.284024
      ]
     ]
    ]
   },
   "properties": {
    "sheet": "vancouver_1912_MAP342a_04",
    "outline_id": "vancouver_1912_MAP342a_04:block:fid11:part2:outline151",
    "block_id": "vancouver_1912_MAP342a_04:block:fid11:part2",
    "block_fid": 11,
    "block_number": "9",
    "text_inside": [
     "FRI",
     "FRI",
     "FRI",
     "FRI",
     "FRI",
     "FRI",
     "FRI",
     "FRI"
    ],
    "numerals_inside": [],
    "words_inside": [
     "FRI",
     "FRI",
     "FRI",
     "FRI",
     "FRI",
     "FRI",
     "FRI",
     "FRI"
    ],
    "floors": null,
    "wash_rgb": [
     254,
     229,
     228
    ],
    "wash_chroma": 9.8,
    "wash_lightness_delta": -17.2,
    "hue_deg": 2,
    "material": "brick",
    "area_source_px2": 8820,
    "centroid_source_px": [
     3039,
     3353
    ],
    "orphan": false,
    "centroid_map": [
     492160.877,
     5459015.049
    ]
   }
  },
  {
   "type": "Feature",
   "geometry": {
    "type": "Polygon",
    "coordinates": [
     [
      [
       -123.1108835,
       49.2839891
      ],
      [
       -123.1112339,
       49.2837639
      ],
      [
       -123.1111999,
       49.2837403
      ],
      [
       -123.1111832,
       49.2837388
      ],
      [
       -123.111183,
       49.2837293
      ],
      [
       -123.1111248,
       49.2836901
      ],
      [
       -123.1111033,
       49.283687
      ],
      [
       -123.1111054,
       49.2836791
      ],
      [
       -123.1110545,
       49.2836446
      ],
      [
       -123.1110258,
       49.2836384
      ],
      [
       -123.1110279,
       49.2836274
      ],
      [
       -123.1109939,
       49.2836054
      ],
      [
       -123.1109535,
       49.283604
      ],
      [
       -123.110934,
       49.2835883
      ],
      [
       -123.1109551,
       49.2835787
      ],
      [
       -123.1109334,
       49.2835662
      ],
      [
       -123.1107792,
       49.2836645
      ],
      [
       -123.1107799,
       49.2836898
      ],
      [
       -123.1108083,
       49.2836849
      ],
      [
       -123.1108086,
       49.283696
      ],
      [
       -123.1108276,
       49.2836959
      ],
      [
       -123.1107926,
       49.2837166
      ],
      [
       -123.1107969,
       49.2837023
      ],
      [
       -123.1107733,
       49.2837072
      ],
      [
       -123.1107395,
       49.2836915
      ],
      [
       -123.1105878,
       49.283793
      ],
      [
       -123.1106848,
       49.2838605
      ],
      [
       -123.1107015,
       49.2838604
      ],
      [
       -123.1107018,
       49.2838715
      ],
      [
       -123.1108835,
       49.2839891
      ]
     ]
    ]
   },
   "properties": {
    "sheet": "vancouver_1912_MAP342a_04",
    "outline_id": "vancouver_1912_MAP342a_04:block:12:outline152",
    "block_id": "vancouver_1912_MAP342a_04:block:12",
    "block_fid": 9,
    "block_number": "12",
    "text_inside": [
     "Jones Building",
     "14",
     "13",
     "12",
     "Homer",
     "11"
    ],
    "numerals_inside": [],
    "words_inside": [
     "Jones Building",
     "Homer"
    ],
    "floors": null,
    "wash_rgb": [
     253,
     212,
     212
    ],
    "wash_chroma": 15.6,
    "wash_lightness_delta": -28.9,
    "hue_deg": 0,
    "material": "brick",
    "area_source_px2": 35811,
    "centroid_source_px": [
     1725,
     3378
    ],
    "orphan": false,
    "centroid_map": [
     491933.7,
     5459009.744
    ]
   }
  },
  {
   "type": "Feature",
   "geometry": {
    "type": "Polygon",
    "coordinates": [
     [
      [
       -123.1076375,
       49.2840008
      ],
      [
       -123.1076603,
       49.283966
      ],
      [
       -123.1077937,
       49.2836358
      ],
      [
       -123.1077743,
       49.2836249
      ],
      [
       -123.1077532,
       49.2836344
      ],
      [
       -123.1076935,
       49.2836267
      ],
      [
       -123.1076907,
       49.283611
      ],
      [
       -123.1076381,
       49.2836017
      ],
      [
       -123.1075483,
       49.2836209
      ],
      [
       -123.1075367,
       49.2836305
      ],
      [
       -123.1074103,
       49.283959
      ],
      [
       -123.1074989,
       49.2839776
      ],
      [
       -123.10752,
       49.2839697
      ],
      [
       -123.1075419,
       49.2839854
      ],
      [
       -123.1076375,
       49.2840008
      ]
     ]
    ]
   },
   "properties": {
    "sheet": "vancouver_1912_MAP342a_04",
    "outline_id": "vancouver_1912_MAP342a_04:block:fid11:part2:outline153",
    "block_id": "vancouver_1912_MAP342a_04:block:fid11:part2",
    "block_fid": 11,
    "block_number": "9",
    "text_inside": [
     "FRI",
     "FRI",
     "FRI",
     "FRI",
     "FRI",
     "FRI",
     "FRI",
     "FRI",
     "FRI",
     "FRI",
     "FRI",
     "FRI",
     "A",
     "4",
     "FRI",
     "FRI",
     "FRI",
     "FRI",
     "FRI",
     "FRI",
     "FRI",
     "FRI",
     "FRI"
    ],
    "numerals_inside": [
     "4"
    ],
    "words_inside": [
     "FRI",
     "FRI",
     "FRI",
     "FRI",
     "FRI",
     "FRI",
     "FRI",
     "FRI",
     "FRI",
     "FRI",
     "FRI",
     "FRI",
     "FRI",
     "FRI",
     "FRI",
     "FRI",
     "FRI",
     "FRI",
     "FRI",
     "FRI",
     "FRI"
    ],
    "floors": null,
    "wash_rgb": [
     253,
     212,
     213
    ],
    "wash_chroma": 15.6,
    "wash_lightness_delta": -29.0,
    "hue_deg": 358,
    "material": "brick",
    "area_source_px2": 24669,
    "centroid_source_px": [
     3119,
     3377
    ],
    "orphan": false,
    "centroid_map": [
     492174.784,
     5459010.896
    ]
   }
  },
  {
   "type": "Feature",
   "geometry": {
    "type": "Polygon",
    "coordinates": [
     [
      [
       -123.1073818,
       49.2839576
      ],
      [
       -123.1073983,
       49.2839528
      ],
      [
       -123.1075296,
       49.2836321
      ],
      [
       -123.1075245,
       49.283621
      ],
      [
       -123.1074646,
       49.2836071
      ],
      [
       -123.1074087,
       49.2835615
      ],
      [
       -123.1073945,
       49.2835647
      ],
      [
       -123.1073254,
       49.2837306
      ],
      [
       -123.1073234,
       49.2837448
      ],
      [
       -123.1073592,
       49.2837462
      ],
      [
       -123.1073643,
       49.2837589
      ],
      [
       -123.1073474,
       49.2837494
      ],
      [
       -123.1073308,
       49.2837527
      ],
      [
       -123.107348,
       49.2837731
      ],
      [
       -123.1073078,
       49.2837796
      ],
      [
       -123.1072521,
       49.2839138
      ],
      [
       -123.1072647,
       49.2839375
      ],
      [
       -123.1073818,
       49.2839576
      ]
     ]
    ]
   },
   "properties": {
    "sheet": "vancouver_1912_MAP342a_04",
    "outline_id": "vancouver_1912_MAP342a_04:block:fid11:part2:outline154",
    "block_id": "vancouver_1912_MAP342a_04:block:fid11:part2",
    "block_fid": 11,
    "block_number": "9",
    "text_inside": [
     "FRI",
     "FRI",
     "FRI",
     "FRI",
     "FRI",
     "FRI",
     "FRI",
     "FRI",
     "FRI",
     "FRI",
     "FRI",
     "9",
     "3",
     "FRI",
     "FRI",
     "FRI"
    ],
    "numerals_inside": [
     "3"
    ],
    "words_inside": [
     "FRI",
     "FRI",
     "FRI",
     "FRI",
     "FRI",
     "FRI",
     "FRI",
     "FRI",
     "FRI",
     "FRI",
     "FRI",
     "FRI",
     "FRI",
     "FRI"
    ],
    "floors": null,
    "wash_rgb": [
     254,
     254,
     254
    ],
    "wash_chroma": 0.1,
    "wash_lightness_delta": -0.1,
    "hue_deg": 0,
    "material": "not a building (open lot, yard or court)",
    "area_source_px2": 14826,
    "centroid_source_px": [
     3206,
     3396
    ],
    "orphan": false,
    "centroid_map": [
     492189.887,
     5459007.625
    ]
   }
  },
  {
   "type": "Feature",
   "geometry": {
    "type": "Polygon",
    "coordinates": [
     [
      [
       -123.1072241,
       49.2839313
      ],
      [
       -123.1072405,
       49.2839249
      ],
      [
       -123.107385,
       49.2835663
      ],
      [
       -123.1073776,
       49.2835569
      ],
      [
       -123.1072939,
       49.2835414
      ],
      [
       -123.1072797,
       49.283543
      ],
      [
       -123.1071281,
       49.2839017
      ],
      [
       -123.1071356,
       49.2839143
      ],
      [
       -123.1072241,
       49.2839313
      ]
     ]
    ]
   },
   "properties": {
    "sheet": "vancouver_1912_MAP342a_04",
    "outline_id": "vancouver_1912_MAP342a_04:block:fid11:part2:outline155",
    "block_id": "vancouver_1912_MAP342a_04:block:fid11:part2",
    "block_fid": 11,
    "block_number": "9",
    "text_inside": [
     "FRI",
     "FRI",
     "FRI",
     "FRI",
     "FRI",
     "FRI",
     "FRI",
     "FRI",
     "FRI"
    ],
    "numerals_inside": [],
    "words_inside": [
     "FRI",
     "FRI",
     "FRI",
     "FRI",
     "FRI",
     "FRI",
     "FRI",
     "FRI",
     "FRI"
    ],
    "floors": null,
    "wash_rgb": [
     253,
     212,
     212
    ],
    "wash_chroma": 15.8,
    "wash_lightness_delta": -29.2,
    "hue_deg": 0,
    "material": "brick",
    "area_source_px2": 11761,
    "centroid_source_px": [
     3262,
     3418
    ],
    "orphan": false,
    "centroid_map": [
     492199.638,
     5459003.807
    ]
   }
  },
  {
   "type": "Feature",
   "geometry": {
    "type": "Polygon",
    "coordinates": [
     [
      [
       -123.109913,
       49.283898
      ],
      [
       -123.1099486,
       49.2838963
      ],
      [
       -123.1099943,
       49.2839166
      ],
      [
       -123.1101392,
       49.283823
      ],
      [
       -123.1101384,
       49.2837978
      ],
      [
       -123.1101712,
       49.2837772
      ],
      [
       -123.1101881,
       49.2837881
      ],
      [
       -123.1102909,
       49.2837231
      ],
      [
       -123.1102836,
       49.2837152
      ],
      [
       -123.1102973,
       49.2836963
      ],
      [
       -123.1101762,
       49.2836178
      ],
      [
       -123.1101619,
       49.2836179
      ],
      [
       -123.109828,
       49.2838383
      ],
      [
       -123.1098427,
       49.2838525
      ],
      [
       -123.1098616,
       49.2838477
      ],
      [
       -123.1098713,
       49.283854
      ],
      [
       -123.1098572,
       49.2838619
      ],
      [
       -123.109913,
       49.283898
      ]
     ]
    ]
   },
   "properties": {
    "sheet": "vancouver_1912_MAP342a_04",
    "outline_id": "vancouver_1912_MAP342a_04:block:4:part2:outline156",
    "block_id": "vancouver_1912_MAP342a_04:block:4:part2",
    "block_fid": 12,
    "block_number": null,
    "text_inside": [
     "Mercoritise"
    ],
    "numerals_inside": [],
    "words_inside": [
     "Mercoritise"
    ],
    "floors": null,
    "wash_rgb": [
     253,
     211,
     211
    ],
    "wash_chroma": 16.0,
    "wash_lightness_delta": -29.6,
    "hue_deg": 0,
    "material": "brick",
    "area_source_px2": 16563,
    "centroid_source_px": [
     2086,
     3388
    ],
    "orphan": false,
    "centroid_map": [
     491996.163,
     5459008.243
    ]
   }
  },
  {
   "type": "Feature",
   "geometry": {
    "type": "Polygon",
    "coordinates": [
     [
      [
       -123.1085695,
       49.2839091
      ],
      [
       -123.1086055,
       49.2839185
      ],
      [
       -123.1086145,
       49.2839011
      ],
      [
       -123.1087492,
       49.2838706
      ],
      [
       -123.1087867,
       49.2838516
      ],
      [
       -123.1088153,
       49.2838515
      ],
      [
       -123.1088363,
       49.2838388
      ],
      [
       -123.108858,
       49.2838497
      ],
      [
       -123.1088739,
       49.2838213
      ],
      [
       -123.1086252,
       49.2837748
      ],
      [
       -123.1085695,
       49.2839091
      ]
     ]
    ]
   },
   "properties": {
    "sheet": "vancouver_1912_MAP342a_04",
    "outline_id": "vancouver_1912_MAP342a_04:block:fid11:outline157",
    "block_id": null,
    "block_fid": 11,
    "block_number": null,
    "text_inside": [],
    "numerals_inside": [],
    "words_inside": [],
    "floors": null,
    "wash_rgb": [
     253,
     200,
     207
    ],
    "wash_chroma": 20.3,
    "wash_lightness_delta": -36.4,
    "hue_deg": 352,
    "material": "brick",
    "area_source_px2": 5604,
    "centroid_source_px": [
     2659,
     3351
    ],
    "orphan": true,
    "orphan_because": "its block was rejected, split away or never traced",
    "centroid_map": [
     492095.151,
     5459015.133
    ]
   }
  },
  {
   "type": "Feature",
   "geometry": {
    "type": "Polygon",
    "coordinates": [
     [
      [
       -123.1071093,
       49.2839096
      ],
      [
       -123.1071277,
       49.2838891
      ],
      [
       -123.1072679,
       49.2835462
      ],
      [
       -123.1072581,
       49.2835352
      ],
      [
       -123.1071529,
       49.2835167
      ],
      [
       -123.1071388,
       49.2835215
      ],
      [
       -123.1070698,
       49.2836905
      ],
      [
       -123.1070916,
       49.2837046
      ],
      [
       -123.107078,
       49.2837267
      ],
      [
       -123.107052,
       49.2837347
      ],
      [
       -123.1069943,
       49.2838785
      ],
      [
       -123.1070018,
       49.2838927
      ],
      [
       -123.1071093,
       49.2839096
      ]
     ]
    ]
   },
   "properties": {
    "sheet": "vancouver_1912_MAP342a_04",
    "outline_id": "vancouver_1912_MAP342a_04:block:fid11:part2:outline158",
    "block_id": "vancouver_1912_MAP342a_04:block:fid11:part2",
    "block_fid": 11,
    "block_number": "9",
    "text_inside": [
     "FRI",
     "FRI",
     "FRI",
     "FRI",
     "FRI",
     "FRI",
     "FRI",
     "FRI",
     "FRI",
     "FRI"
    ],
    "numerals_inside": [],
    "words_inside": [
     "FRI",
     "FRI",
     "FRI",
     "FRI",
     "FRI",
     "FRI",
     "FRI",
     "FRI",
     "FRI",
     "FRI"
    ],
    "floors": null,
    "wash_rgb": [
     253,
     218,
     215
    ],
    "wash_chroma": 13.6,
    "wash_lightness_delta": -25.0,
    "hue_deg": 4,
    "material": "brick",
    "area_source_px2": 13557,
    "centroid_source_px": [
     3314,
     3434
    ],
    "orphan": false,
    "centroid_map": [
     492208.679,
     5459001.038
    ]
   }
  },
  {
   "type": "Feature",
   "geometry": {
    "type": "Polygon",
    "coordinates": [
     [
      [
       -123.1082719,
       49.283896
      ],
      [
       -123.1083361,
       49.283727
      ],
      [
       -123.1081496,
       49.2836914
      ],
      [
       -123.1081336,
       49.2837135
      ],
      [
       -123.1081353,
       49.2836898
      ],
      [
       -123.1080827,
       49.2836821
      ],
      [
       -123.1080139,
       49.2838543
      ],
      [
       -123.1080593,
       49.2838636
      ],
      [
       -123.1080734,
       49.2838573
      ],
      [
       -123.1080832,
       49.2838683
      ],
      [
       -123.1082719,
       49.283896
      ]
     ]
    ]
   },
   "properties": {
    "sheet": "vancouver_1912_MAP342a_04",
    "outline_id": "vancouver_1912_MAP342a_04:block:fid11:part2:outline159",
    "block_id": "vancouver_1912_MAP342a_04:block:fid11:part2",
    "block_fid": 11,
    "block_number": "9",
    "text_inside": [
     "FRI",
     "FRI",
     "FRI",
     "FRI",
     "FRI",
     "FRI",
     "FRI",
     "FRI"
    ],
    "numerals_inside": [],
    "words_inside": [
     "FRI",
     "FRI",
     "FRI",
     "FRI",
     "FRI",
     "FRI",
     "FRI",
     "FRI"
    ],
    "floors": null,
    "wash_rgb": [
     254,
     249,
     226
    ],
    "wash_chroma": 12.0,
    "wash_lightness_delta": -4.7,
    "hue_deg": 50,
    "material": "frame (wood)",
    "area_source_px2": 12502,
    "centroid_source_px": [
     2874,
     3382
    ],
    "orphan": false,
    "centroid_map": [
     492132.427,
     5459009.848
    ]
   }
  },
  {
   "type": "Feature",
   "geometry": {
    "type": "Polygon",
    "coordinates": [
     [
      [
       -123.1069492,
       49.2838834
      ],
      [
       -123.1069632,
       49.2838723
      ],
      [
       -123.1069823,
       49.2838754
      ],
      [
       -123.107034,
       49.2837679
      ],
      [
       -123.1070421,
       49.283719
      ],
      [
       -123.1070538,
       49.2837126
      ],
      [
       -123.1070488,
       49.2837032
      ],
      [
       -123.1070627,
       49.2836921
      ],
      [
       -123.1071364,
       49.2835199
      ],
      [
       -123.1071243,
       49.283512
      ],
      [
       -123.1069976,
       49.2834904
      ],
      [
       -123.1069814,
       49.2835078
      ],
      [
       -123.1069306,
       49.2836437
      ],
      [
       -123.1069451,
       49.2836515
      ],
      [
       -123.1068558,
       49.2838585
      ],
      [
       -123.1068655,
       49.2838679
      ],
      [
       -123.1069492,
       49.2838834
      ]
     ]
    ]
   },
   "properties": {
    "sheet": "vancouver_1912_MAP342a_04",
    "outline_id": "vancouver_1912_MAP342a_04:block:fid11:part2:outline160",
    "block_id": "vancouver_1912_MAP342a_04:block:fid11:part2",
    "block_fid": 11,
    "block_number": "9",
    "text_inside": [
     "FRI",
     "FRI",
     "FRI",
     "FRI",
     "FRI",
     "FRI",
     "FRI",
     "FRI",
     "FRI",
     "FRI",
     "FRI",
     "FRI"
    ],
    "numerals_inside": [],
    "words_inside": [
     "FRI",
     "FRI",
     "FRI",
     "FRI",
     "FRI",
     "FRI",
     "FRI",
     "FRI",
     "FRI",
     "FRI",
     "FRI",
     "FRI"
    ],
    "floors": null,
    "wash_rgb": [
     254,
     254,
     254
    ],
    "wash_chroma": 0.2,
    "wash_lightness_delta": -0.2,
    "hue_deg": 0,
    "material": "not a building (open lot, yard or court)",
    "area_source_px2": 14190,
    "centroid_source_px": [
     3372,
     3453
    ],
    "orphan": false,
    "centroid_map": [
     492218.767,
     5458997.746
    ]
   }
  },
  {
   "type": "Feature",
   "geometry": {
    "type": "Polygon",
    "coordinates": [
     [
      [
       -123.1068392,
       49.2838617
      ],
      [
       -123.1068554,
       49.2838443
      ],
      [
       -123.1069222,
       49.2836831
      ],
      [
       -123.1069251,
       49.28362
      ],
      [
       -123.1069809,
       49.2834889
      ],
      [
       -123.1069499,
       49.2834843
      ],
      [
       -123.1069145,
       49.2834954
      ],
      [
       -123.1068527,
       49.2834972
      ],
      [
       -123.1067664,
       49.2834723
      ],
      [
       -123.1067547,
       49.2834787
      ],
      [
       -123.1067308,
       49.2834756
      ],
      [
       -123.1066635,
       49.2836194
      ],
      [
       -123.1066716,
       49.2836525
      ],
      [
       -123.1066953,
       49.2836508
      ],
      [
       -123.1066995,
       49.2836287
      ],
      [
       -123.1067254,
       49.2836207
      ],
      [
       -123.1067533,
       49.2835986
      ],
      [
       -123.106741,
       49.2835828
      ],
      [
       -123.1067503,
       49.2835749
      ],
      [
       -123.1067787,
       49.2835716
      ],
      [
       -123.1068229,
       49.2835368
      ],
      [
       -123.1068348,
       49.2835383
      ],
      [
       -123.10684,
       49.2835525
      ],
      [
       -123.1068307,
       49.2835588
      ],
      [
       -123.1068068,
       49.2835558
      ],
      [
       -123.1068119,
       49.2835684
      ],
      [
       -123.1067792,
       49.283589
      ],
      [
       -123.1067426,
       49.2836396
      ],
      [
       -123.1067117,
       49.2836397
      ],
      [
       -123.106722,
       49.2836681
      ],
      [
       -123.1067077,
       49.2836681
      ],
      [
       -123.1067129,
       49.2836823
      ],
      [
       -123.1066864,
       49.2836714
      ],
      [
       -123.1066415,
       49.283681
      ],
      [
       -123.1065882,
       49.2838153
      ],
      [
       -123.1066863,
       49.283837
      ],
      [
       -123.106724,
       49.2838258
      ],
      [
       -123.1067432,
       49.2838321
      ],
      [
       -123.1067436,
       49.2838463
      ],
      [
       -123.1068392,
       49.2838617
      ]
     ]
    ]
   },
   "properties": {
    "sheet": "vancouver_1912_MAP342a_04",
    "outline_id": "vancouver_1912_MAP342a_04:block:fid11:part2:outline161",
    "block_id": "vancouver_1912_MAP342a_04:block:fid11:part2",
    "block_fid": 11,
    "block_number": "9",
    "text_inside": [
     "FRI",
     "FRI",
     "FRI",
     "Winters",
     "FRI",
     "Hotel",
     "FRI",
     "Hotel",
     "FRI",
     "FRI",
     "FRI",
     "FRI",
     "FRI",
     "FRI",
     "FRI",
     "FRI",
     "FRI"
    ],
    "numerals_inside": [],
    "words_inside": [
     "FRI",
     "FRI",
     "FRI",
     "Winters",
     "FRI",
     "Hotel",
     "FRI",
     "Hotel",
     "FRI",
     "FRI",
     "FRI",
     "FRI",
     "FRI",
     "FRI",
     "FRI",
     "FRI",
     "FRI"
    ],
    "floors": null,
    "wash_rgb": [
     253,
     221,
     217
    ],
    "wash_chroma": 12.6,
    "wash_lightness_delta": -23.2,
    "hue_deg": 6,
    "material": "brick",
    "area_source_px2": 23864,
    "centroid_source_px": [
     3459,
     3458
    ],
    "orphan": false,
    "centroid_map": [
     492233.828,
     5458996.931
    ]
   }
  },
  {
   "type": "Feature",
   "geometry": {
    "type": "Polygon",
    "coordinates": [
     [
      [
       -123.1098184,
       49.2838352
      ],
      [
       -123.1101617,
       49.2836116
      ],
      [
       -123.1100212,
       49.283519
      ],
      [
       -123.1096777,
       49.2837379
      ],
      [
       -123.1096877,
       49.2837521
      ],
      [
       -123.1097187,
       49.2837551
      ],
      [
       -123.109707,
       49.2837631
      ],
      [
       -123.1098184,
       49.2838352
      ]
     ]
    ]
   },
   "properties": {
    "sheet": "vancouver_1912_MAP342a_04",
    "outline_id": "vancouver_1912_MAP342a_04:block:4:part2:outline162",
    "block_id": "vancouver_1912_MAP342a_04:block:4:part2",
    "block_fid": 12,
    "block_number": null,
    "text_inside": [
     "3",
     "4"
    ],
    "numerals_inside": [],
    "words_inside": [],
    "floors": null,
    "wash_rgb": [
     253,
     210,
     211
    ],
    "wash_chroma": 16.3,
    "wash_lightness_delta": -30.2,
    "hue_deg": 358,
    "material": "brick",
    "area_source_px2": 17061,
    "centroid_source_px": [
     2141,
     3452
    ],
    "orphan": false,
    "centroid_map": [
     492005.866,
     5458997.059
    ]
   }
  },
  {
   "type": "Feature",
   "geometry": {
    "type": "Polygon",
    "coordinates": [
     [
      [
       -123.1088935,
       49.2837581
      ],
      [
       -123.1089673,
       49.2835922
      ],
      [
       -123.1089312,
       49.2835781
      ],
      [
       -123.1089717,
       49.2835796
      ],
      [
       -123.1090139,
       49.2834753
      ],
      [
       -123.1089462,
       49.2834329
      ],
      [
       -123.1089299,
       49.2834488
      ],
      [
       -123.108934,
       49.2834251
      ],
      [
       -123.1088832,
       49.2833922
      ],
      [
       -123.1088689,
       49.2833906
      ],
      [
       -123.1088575,
       49.283408
      ],
      [
       -123.1088566,
       49.2833781
      ],
      [
       -123.1088089,
       49.2833719
      ],
      [
       -123.1087881,
       49.2833957
      ],
      [
       -123.1087712,
       49.2833847
      ],
      [
       -123.1087946,
       49.2833704
      ],
      [
       -123.1087395,
       49.283358
      ],
      [
       -123.1087237,
       49.283388
      ],
      [
       -123.1087114,
       49.2833738
      ],
      [
       -123.1086757,
       49.2833724
      ],
      [
       -123.1086641,
       49.2833819
      ],
      [
       -123.1086703,
       49.2833488
      ],
      [
       -123.1086248,
       49.2833394
      ],
      [
       -123.1084847,
       49.2836838
      ],
      [
       -123.1087477,
       49.2837334
      ],
      [
       -123.1087854,
       49.2837206
      ],
      [
       -123.1088094,
       49.2837284
      ],
      [
       -123.1088074,
       49.2837426
      ],
      [
       -123.1088935,
       49.2837581
      ]
     ]
    ]
   },
   "properties": {
    "sheet": "vancouver_1912_MAP342a_04",
    "outline_id": "vancouver_1912_MAP342a_04:block:fid11:part1:outline163",
    "block_id": "vancouver_1912_MAP342a_04:block:fid11:part1",
    "block_fid": 11,
    "block_number": null,
    "text_inside": [
     "9",
     "10"
    ],
    "numerals_inside": [
     "9",
     "10"
    ],
    "words_inside": [],
    "floors": null,
    "wash_rgb": [
     253,
     210,
     210
    ],
    "wash_chroma": 16.6,
    "wash_lightness_delta": -30.6,
    "hue_deg": 0,
    "material": "brick",
    "area_source_px2": 38453,
    "centroid_source_px": [
     2631,
     3526
    ],
    "orphan": false,
    "centroid_map": [
     492090.831,
     5458984.426
    ]
   }
  },
  {
   "type": "Feature",
   "geometry": {
    "type": "Polygon",
    "coordinates": [
     [
      [
       -123.1062632,
       49.2837628
      ],
      [
       -123.1063244,
       49.2837373
      ],
      [
       -123.1063711,
       49.2836236
      ],
      [
       -123.1063231,
       49.283608
      ],
      [
       -123.1062987,
       49.2836696
      ],
      [
       -123.1062911,
       49.2836538
      ],
      [
       -123.1062646,
       49.2836413
      ],
      [
       -123.1062711,
       49.2836192
      ],
      [
       -123.1062903,
       49.283627
      ],
      [
       -123.1062947,
       49.2836112
      ],
      [
       -123.1062587,
       49.2836003
      ],
      [
       -123.1062824,
       49.2835987
      ],
      [
       -123.1062938,
       49.2835813
      ],
      [
       -123.1063106,
       49.2835875
      ],
      [
       -123.1063248,
       49.2835827
      ],
      [
       -123.1063148,
       49.2835654
      ],
      [
       -123.1063285,
       49.283548
      ],
      [
       -123.1063116,
       49.2835386
      ],
      [
       -123.1062693,
       49.2835545
      ],
      [
       -123.1062838,
       49.2835624
      ],
      [
       -123.1062744,
       49.2835671
      ],
      [
       -123.1062383,
       49.2835531
      ],
      [
       -123.1062242,
       49.2835594
      ],
      [
       -123.1062268,
       49.2835673
      ],
      [
       -123.1062077,
       49.2835642
      ],
      [
       -123.1062095,
       49.2835437
      ],
      [
       -123.1062284,
       49.2835389
      ],
      [
       -123.1062306,
       49.283531
      ],
      [
       -123.1062018,
       49.2835232
      ],
      [
       -123.106211,
       49.2835137
      ],
      [
       -123.1061941,
       49.2835043
      ],
      [
       -123.106156,
       49.2835013
      ],
      [
       -123.1060935,
       49.2836482
      ],
      [
       -123.1060746,
       49.283653
      ],
      [
       -123.1060504,
       49.2837225
      ],
      [
       -123.1061628,
       49.2837442
      ],
      [
       -123.10621,
       49.2837314
      ],
      [
       -123.1062292,
       49.2837377
      ],
      [
       -123.1062154,
       49.2837535
      ],
      [
       -123.1062632,
       49.2837628
      ]
     ]
    ]
   },
   "properties": {
    "sheet": "vancouver_1912_MAP342a_04",
    "outline_id": "vancouver_1912_MAP342a_04:block:2:part2:outline164",
    "block_id": "vancouver_1912_MAP342a_04:block:2:part2",
    "block_fid": 13,
    "block_number": "05",
    "text_inside": [
     "Dominion",
     "HOTEL",
     "HOTEL",
     "66"
    ],
    "numerals_inside": [
     "66"
    ],
    "words_inside": [
     "Dominion",
     "HOTEL",
     "HOTEL"
    ],
    "floors": null,
    "wash_rgb": [
     253,
     213,
     215
    ],
    "wash_chroma": 15.0,
    "wash_lightness_delta": -28.0,
    "hue_deg": 358,
    "material": "brick",
    "area_source_px2": 12802,
    "centroid_source_px": [
     3702,
     3474
    ],
    "orphan": false,
    "centroid_map": [
     492275.902,
     5458994.295
    ]
   }
  },
  {
   "type": "Feature",
   "geometry": {
    "type": "Polygon",
    "coordinates": [
     [
      [
       -123.1096586,
       49.2837333
      ],
      [
       -123.1096799,
       49.2837316
      ],
      [
       -123.110007,
       49.2835206
      ],
      [
       -123.1100066,
       49.2835064
      ],
      [
       -123.1099605,
       49.2834766
      ],
      [
       -123.1099367,
       49.2834751
      ],
      [
       -123.109605,
       49.2836877
      ],
      [
       -123.1096198,
       49.2837066
      ],
      [
       -123.1096459,
       49.2837065
      ],
      [
       -123.1096368,
       49.2837191
      ],
      [
       -123.1096586,
       49.2837333
      ]
     ]
    ]
   },
   "properties": {
    "sheet": "vancouver_1912_MAP342a_04",
    "outline_id": "vancouver_1912_MAP342a_04:block:4:part2:outline165",
    "block_id": "vancouver_1912_MAP342a_04:block:4:part2",
    "block_fid": 12,
    "block_number": null,
    "text_inside": [
     "5"
    ],
    "numerals_inside": [],
    "words_inside": [],
    "floors": null,
    "wash_rgb": [
     253,
     208,
     210
    ],
    "wash_chroma": 17.1,
    "wash_lightness_delta": -31.5,
    "hue_deg": 358,
    "material": "brick",
    "area_source_px2": 8386,
    "centroid_source_px": [
     2187,
     3498
    ],
    "orphan": false,
    "centroid_map": [
     492013.959,
     5458989.025
    ]
   }
  },
  {
   "type": "Feature",
   "geometry": {
    "type": "Polygon",
    "coordinates": [
     [
      [
       -123.1060314,
       49.283721
      ],
      [
       -123.1060408,
       49.2837178
      ],
      [
       -123.1060652,
       49.2836546
      ],
      [
       -123.1060886,
       49.2836404
      ],
      [
       -123.1061932,
       49.2833876
      ],
      [
       -123.1061786,
       49.283375
      ],
      [
       -123.1060807,
       49.2833596
      ],
      [
       -123.1060593,
       49.2833628
      ],
      [
       -123.1060103,
       49.2834797
      ],
      [
       -123.1060228,
       49.2835002
      ],
      [
       -123.1059902,
       49.283524
      ],
      [
       -123.1059189,
       49.2836946
      ],
      [
       -123.1059358,
       49.2837056
      ],
      [
       -123.1060314,
       49.283721
      ]
     ]
    ]
   },
   "properties": {
    "sheet": "vancouver_1912_MAP342a_04",
    "outline_id": "vancouver_1912_MAP342a_04:block:2:part2:outline166",
    "block_id": "vancouver_1912_MAP342a_04:block:2:part2",
    "block_fid": 13,
    "block_number": "05",
    "text_inside": [
     "05",
     "66",
     "66",
     "66",
     "66"
    ],
    "numerals_inside": [
     "66",
     "66",
     "66",
     "66"
    ],
    "words_inside": [],
    "floors": null,
    "wash_rgb": [
     254,
     254,
     254
    ],
    "wash_chroma": 0.1,
    "wash_lightness_delta": -0.2,
    "hue_deg": 0,
    "material": "not a building (open lot, yard or court)",
    "area_source_px2": 12938,
    "centroid_source_px": [
     3764,
     3547
    ],
    "orphan": false,
    "centroid_map": [
     492286.842,
     5458981.537
    ]
   }
  },
  {
   "type": "Feature",
   "geometry": {
    "type": "Polygon",
    "coordinates": [
     [
      [
       -123.1095834,
       49.2836831
      ],
      [
       -123.1096095,
       49.2836798
      ],
      [
       -123.1099365,
       49.2834688
      ],
      [
       -123.1098806,
       49.2834249
      ],
      [
       -123.1095369,
       49.2836359
      ],
      [
       -123.1095302,
       49.2836485
      ],
      [
       -123.1095543,
       49.2836611
      ],
      [
       -123.1095709,
       49.2836594
      ],
      [
       -123.1095664,
       49.2836705
      ],
      [
       -123.1095834,
       49.2836831
      ]
     ]
    ]
   },
   "properties": {
    "sheet": "vancouver_1912_MAP342a_04",
    "outline_id": "vancouver_1912_MAP342a_04:block:4:part2:outline167",
    "block_id": "vancouver_1912_MAP342a_04:block:4:part2",
    "block_fid": 12,
    "block_number": null,
    "text_inside": [
     "6",
     "B",
     "B",
     "B",
     "B",
     "B",
     "B",
     "B",
     "B",
     "B",
     "B",
     "B",
     "B",
     "B",
     "B",
     "B",
     "B",
     "B",
     "B",
     "B",
     "B",
     "B",
     "B",
     "B",
     "B",
     "B",
     "B",
     "B"
    ],
    "numerals_inside": [],
    "words_inside": [],
    "floors": null,
    "wash_rgb": [
     253,
     206,
     209
    ],
    "wash_chroma": 17.8,
    "wash_lightness_delta": -32.6,
    "hue_deg": 356,
    "material": "brick",
    "area_source_px2": 7803,
    "centroid_source_px": [
     2217,
     3529
    ],
    "orphan": false,
    "centroid_map": [
     492019.24,
     5458983.61
    ]
   }
  },
  {
   "type": "Feature",
   "geometry": {
    "type": "Polygon",
    "coordinates": [
     [
      [
       -123.1058808,
       49.2836947
      ],
      [
       -123.1059162,
       49.2836852
      ],
      [
       -123.1059853,
       49.2835208
      ],
      [
       -123.1059755,
       49.2835098
      ],
      [
       -123.1060033,
       49.2834845
      ],
      [
       -123.1060546,
       49.2833628
      ],
      [
       -123.1060161,
       49.2833472
      ],
      [
       -123.1060129,
       49.2833188
      ],
      [
       -123.105946,
       49.2833064
      ],
      [
       -123.1059318,
       49.2833112
      ],
      [
       -123.1057801,
       49.2836667
      ],
      [
       -123.1057948,
       49.2836809
      ],
      [
       -123.1058808,
       49.2836947
      ]
     ]
    ]
   },
   "properties": {
    "sheet": "vancouver_1912_MAP342a_04",
    "outline_id": "vancouver_1912_MAP342a_04:block:2:part2:outline168",
    "block_id": "vancouver_1912_MAP342a_04:block:2:part2",
    "block_fid": 13,
    "block_number": "05",
    "text_inside": [
     "66",
     "66",
     "66",
     "66",
     "66"
    ],
    "numerals_inside": [
     "66",
     "66",
     "66",
     "66",
     "66"
    ],
    "words_inside": [],
    "floors": null,
    "wash_rgb": [
     253,
     211,
     214
    ],
    "wash_chroma": 15.8,
    "wash_lightness_delta": -29.3,
    "hue_deg": 356,
    "material": "brick",
    "area_source_px2": 13710,
    "centroid_source_px": [
     3822,
     3567
    ],
    "orphan": false,
    "centroid_map": [
     492296.933,
     5458978.071
    ]
   }
  },
  {
   "type": "Feature",
   "geometry": {
    "type": "Polygon",
    "coordinates": [
     [
      [
       -123.1057732,
       49.283673
      ],
      [
       -123.1058467,
       49.2834961
      ],
      [
       -123.1057295,
       49.2834729
      ],
      [
       -123.1057112,
       49.2834982
      ],
      [
       -123.1057152,
       49.2834729
      ],
      [
       -123.1056673,
       49.283462
      ],
      [
       -123.1056509,
       49.2834684
      ],
      [
       -123.1056374,
       49.2834953
      ],
      [
       -123.1056459,
       49.2834605
      ],
      [
       -123.1055861,
       49.2834497
      ],
      [
       -123.1055151,
       49.2836282
      ],
      [
       -123.1056298,
       49.2836499
      ],
      [
       -123.1056486,
       49.2836404
      ],
      [
       -123.105663,
       49.2836466
      ],
      [
       -123.1056609,
       49.2836545
      ],
      [
       -123.1057016,
       49.2836638
      ],
      [
       -123.1057201,
       49.283648
      ],
      [
       -123.105723,
       49.2836653
      ],
      [
       -123.1057732,
       49.283673
      ]
     ]
    ]
   },
   "properties": {
    "sheet": "vancouver_1912_MAP342a_04",
    "outline_id": "vancouver_1912_MAP342a_04:block:2:part2:outline169",
    "block_id": "vancouver_1912_MAP342a_04:block:2:part2",
    "block_fid": 13,
    "block_number": "05",
    "text_inside": [
     "50"
    ],
    "numerals_inside": [],
    "words_inside": [],
    "floors": null,
    "wash_rgb": [
     253,
     212,
     214
    ],
    "wash_chroma": 15.7,
    "wash_lightness_delta": -29.1,
    "hue_deg": 358,
    "material": "brick",
    "area_source_px2": 13084,
    "centroid_source_px": [
     3923,
     3533
    ],
    "orphan": false,
    "centroid_map": [
     492314.299,
     5458984.104
    ]
   }
  },
  {
   "type": "Feature",
   "geometry": {
    "type": "Polygon",
    "coordinates": [
     [
      [
       -123.1083629,
       49.2836638
      ],
      [
       -123.1083835,
       49.2836353
      ],
      [
       -123.1084098,
       49.2835563
      ],
      [
       -123.1082376,
       49.2835238
      ],
      [
       -123.1083287,
       49.2832948
      ],
      [
       -123.1083212,
       49.2832837
      ],
      [
       -123.1082519,
       49.283273
      ],
      [
       -123.1082381,
       49.2832872
      ],
      [
       -123.1081071,
       49.2836189
      ],
      [
       -123.1081884,
       49.2836329
      ],
      [
       -123.108213,
       49.2835776
      ],
      [
       -123.1083539,
       49.2836007
      ],
      [
       -123.1083389,
       49.2836591
      ],
      [
       -123.1083629,
       49.2836638
      ]
     ]
    ]
   },
   "properties": {
    "sheet": "vancouver_1912_MAP342a_04",
    "outline_id": "vancouver_1912_MAP342a_04:block:fid11:part1:outline170",
    "block_id": "vancouver_1912_MAP342a_04:block:fid11:part1",
    "block_fid": 11,
    "block_number": null,
    "text_inside": [],
    "numerals_inside": [],
    "words_inside": [],
    "floors": null,
    "wash_rgb": [
     254,
     253,
     251
    ],
    "wash_chroma": 1.4,
    "wash_lightness_delta": -0.9,
    "hue_deg": 40,
    "material": "not a building (open lot, yard or court)",
    "area_source_px2": 11691,
    "centroid_source_px": [
     2844,
     3575
    ],
    "orphan": false,
    "centroid_map": [
     492127.815,
     5458975.983
    ]
   }
  },
  {
   "type": "Feature",
   "geometry": {
    "type": "Polygon",
    "coordinates": [
     [
      [
       -123.1095156,
       49.2836375
      ],
      [
       -123.1095321,
       49.2836343
      ],
      [
       -123.109712,
       49.2835201
      ],
      [
       -123.1096514,
       49.2834777
      ],
      [
       -123.1096114,
       49.2834952
      ],
      [
       -123.1094573,
       49.2835952
      ],
      [
       -123.109472,
       49.2836093
      ],
      [
       -123.1094981,
       49.2836092
      ],
      [
       -123.109489,
       49.2836219
      ],
      [
       -123.1095156,
       49.2836375
      ]
     ]
    ]
   },
   "properties": {
    "sheet": "vancouver_1912_MAP342a_04",
    "outline_id": "vancouver_1912_MAP342a_04:block:4:part2:outline171",
    "block_id": "vancouver_1912_MAP342a_04:block:4:part2",
    "block_fid": 12,
    "block_number": null,
    "text_inside": [
     "B",
     "B",
     "B",
     "B",
     "B",
     "B",
     "B",
     "B",
     "B",
     "B",
     "B",
     "B",
     "B",
     "B",
     "B",
     "B",
     "B",
     "B",
     "B",
     "B",
     "B",
     "B",
     "B",
     "B",
     "7"
    ],
    "numerals_inside": [],
    "words_inside": [],
    "floors": null,
    "wash_rgb": [
     253,
     208,
     208
    ],
    "wash_chroma": 17.1,
    "wash_lightness_delta": -31.6,
    "hue_deg": 0,
    "material": "brick",
    "area_source_px2": 4407,
    "centroid_source_px": [
     2283,
     3525
    ],
    "orphan": false,
    "centroid_map": [
     492030.643,
     5458984.357
    ]
   }
  },
  {
   "type": "Feature",
   "geometry": {
    "type": "Polygon",
    "coordinates": [
     [
      [
       -123.1054865,
       49.2836267
      ],
      [
       -123.1055031,
       49.2836251
      ],
      [
       -123.1055741,
       49.283445
      ],
      [
       -123.105657,
       49.2832633
      ],
      [
       -123.1056472,
       49.2832539
      ],
      [
       -123.1055421,
       49.2832353
      ],
      [
       -123.1055234,
       49.2832496
      ],
      [
       -123.1054655,
       49.2833886
      ],
      [
       -123.1054871,
       49.2833964
      ],
      [
       -123.105485,
       49.2834043
      ],
      [
       -123.1054522,
       49.2834218
      ],
      [
       -123.105381,
       49.2835987
      ],
      [
       -123.1053885,
       49.2836097
      ],
      [
       -123.1054865,
       49.2836267
      ]
     ]
    ]
   },
   "properties": {
    "sheet": "vancouver_1912_MAP342a_04",
    "outline_id": "vancouver_1912_MAP342a_04:block:2:part2:outline172",
    "block_id": "vancouver_1912_MAP342a_04:block:2:part2",
    "block_fid": 13,
    "block_number": "05",
    "text_inside": [
     "50",
     "50",
     "4",
     "66",
     "66",
     "66",
     "66",
     "66"
    ],
    "numerals_inside": [
     "4",
     "66",
     "66",
     "66",
     "66",
     "66"
    ],
    "words_inside": [],
    "floors": null,
    "wash_rgb": [
     253,
     213,
     214
    ],
    "wash_chroma": 15.1,
    "wash_lightness_delta": -28.1,
    "hue_deg": 358,
    "material": "brick",
    "area_source_px2": 13159,
    "centroid_source_px": [
     3989,
     3616
    ],
    "orphan": false,
    "centroid_map": [
     492325.961,
     5458969.595
    ]
   }
  },
  {
   "type": "Feature",
   "geometry": {
    "type": "Polygon",
    "coordinates": [
     [
      [
       -123.1080998,
       49.2836142
      ],
      [
       -123.1081486,
       49.2834894
      ],
      [
       -123.1079095,
       49.283443
      ],
      [
       -123.107881,
       49.2834431
      ],
      [
       -123.1078323,
       49.283571
      ],
      [
       -123.1080998,
       49.2836142
      ]
     ]
    ]
   },
   "properties": {
    "sheet": "vancouver_1912_MAP342a_04",
    "outline_id": "vancouver_1912_MAP342a_04:block:fid11:part1:outline173",
    "block_id": "vancouver_1912_MAP342a_04:block:fid11:part1",
    "block_fid": 11,
    "block_number": null,
    "text_inside": [],
    "numerals_inside": [],
    "words_inside": [],
    "floors": null,
    "wash_rgb": [
     254,
     254,
     254
    ],
    "wash_chroma": 0.1,
    "wash_lightness_delta": -0.1,
    "hue_deg": 0,
    "material": "not a building (open lot, yard or court)",
    "area_source_px2": 9778,
    "centroid_source_px": [
     2951,
     3548
    ],
    "orphan": false,
    "centroid_map": [
     492146.24,
     5458980.792
    ]
   }
  },
  {
   "type": "Feature",
   "geometry": {
    "type": "Polygon",
    "coordinates": [
     [
      [
       -123.1094477,
       49.283592
      ],
      [
       -123.1096184,
       49.2834873
      ],
      [
       -123.1096108,
       49.2834731
      ],
      [
       -123.1096529,
       49.2834478
      ],
      [
       -123.1095923,
       49.2834054
      ],
      [
       -123.1096318,
       49.2833753
      ],
      [
       -123.1095786,
       49.2833423
      ],
      [
       -123.1095224,
       49.2833725
      ],
      [
       -123.1095299,
       49.2833883
      ],
      [
       -123.109495,
       49.2834152
      ],
      [
       -123.1094852,
       49.2834042
      ],
      [
       -123.1094733,
       49.2834042
      ],
      [
       -123.1093215,
       49.2835042
      ],
      [
       -123.1093744,
       49.2835229
      ],
      [
       -123.1093579,
       49.2835293
      ],
      [
       -123.1093605,
       49.2835371
      ],
      [
       -123.1093944,
       49.2835591
      ],
      [
       -123.1094182,
       49.283559
      ],
      [
       -123.1094138,
       49.2835717
      ],
      [
       -123.1094477,
       49.283592
      ]
     ]
    ]
   },
   "properties": {
    "sheet": "vancouver_1912_MAP342a_04",
    "outline_id": "vancouver_1912_MAP342a_04:block:4:part2:outline174",
    "block_id": "vancouver_1912_MAP342a_04:block:4:part2",
    "block_fid": 12,
    "block_number": null,
    "text_inside": [
     "8",
     "9",
     "B",
     "B"
    ],
    "numerals_inside": [],
    "words_inside": [],
    "floors": null,
    "wash_rgb": [
     253,
     216,
     212
    ],
    "wash_chroma": 14.3,
    "wash_lightness_delta": -26.7,
    "hue_deg": 6,
    "material": "brick",
    "area_source_px2": 10210,
    "centroid_source_px": [
     2317,
     3580
    ],
    "orphan": false,
    "centroid_map": [
     492036.687,
     5458974.737
    ]
   }
  },
  {
   "type": "Feature",
   "geometry": {
    "type": "Polygon",
    "coordinates": [
     [
      [
       -123.1102294,
       49.2835656
      ],
      [
       -123.1105821,
       49.2833371
      ],
      [
       -123.1105578,
       49.2833183
      ],
      [
       -123.1105363,
       49.2833168
      ],
      [
       -123.1105407,
       49.2833057
      ],
      [
       -123.1104875,
       49.2832712
      ],
      [
       -123.1104732,
       49.2832713
      ],
      [
       -123.1104172,
       49.2832273
      ],
      [
       -123.1103934,
       49.2832258
      ],
      [
       -123.1103979,
       49.2832148
      ],
      [
       -123.1103688,
       49.2831975
      ],
      [
       -123.1100137,
       49.2834244
      ],
      [
       -123.1102294,
       49.2835656
      ]
     ]
    ]
   },
   "properties": {
    "sheet": "vancouver_1912_MAP342a_04",
    "outline_id": "vancouver_1912_MAP342a_04:block:4:part2:outline175",
    "block_id": "vancouver_1912_MAP342a_04:block:4:part2",
    "block_fid": 12,
    "block_number": null,
    "text_inside": [
     "23",
     "22",
     "21"
    ],
    "numerals_inside": [],
    "words_inside": [],
    "floors": null,
    "wash_rgb": [
     253,
     214,
     212
    ],
    "wash_chroma": 15.0,
    "wash_lightness_delta": -27.6,
    "hue_deg": 2,
    "material": "brick",
    "area_source_px2": 26262,
    "centroid_source_px": [
     1981,
     3635
    ],
    "orphan": false,
    "centroid_map": [
     491978.741,
     5458964.856
    ]
   }
  },
  {
   "type": "Feature",
   "geometry": {
    "type": "Polygon",
    "coordinates": [
     [
      [
       -123.105226,
       49.2835835
      ],
      [
       -123.1052378,
       49.2835803
      ],
      [
       -123.105309,
       49.2834065
      ],
      [
       -123.105261,
       49.2833878
      ],
      [
       -123.1052679,
       49.2833814
      ],
      [
       -123.1052801,
       49.2833909
      ],
      [
       -123.1053158,
       49.2833923
      ],
      [
       -123.1053671,
       49.2832738
      ],
      [
       -123.1053598,
       49.2832659
      ],
      [
       -123.1053435,
       49.2832786
      ],
      [
       -123.1053701,
       49.2832091
      ],
      [
       -123.1052625,
       49.2831874
      ],
      [
       -123.1052484,
       49.2831938
      ],
      [
       -123.1051903,
       49.2833296
      ],
      [
       -123.1051929,
       49.2833375
      ],
      [
       -123.1052145,
       49.2833438
      ],
      [
       -123.1052052,
       49.2833517
      ],
      [
       -123.1051931,
       49.2833438
      ],
      [
       -123.1051838,
       49.2833502
      ],
      [
       -123.105196,
       49.2833628
      ],
      [
       -123.1051702,
       49.2833755
      ],
      [
       -123.105099,
       49.2835477
      ],
      [
       -123.1051089,
       49.2835634
      ],
      [
       -123.105226,
       49.2835835
      ]
     ]
    ]
   },
   "properties": {
    "sheet": "vancouver_1912_MAP342a_04",
    "outline_id": "vancouver_1912_MAP342a_04:block:2:part2:outline176",
    "block_id": "vancouver_1912_MAP342a_04:block:2:part2",
    "block_fid": 13,
    "block_number": "05",
    "text_inside": [
     "50",
     "05",
     "50",
     "66",
     "Hotel",
     "Grand",
     "66",
     "66",
     "66",
     "66",
     "3"
    ],
    "numerals_inside": [
     "66",
     "66",
     "66",
     "66",
     "66",
     "3"
    ],
    "words_inside": [
     "Hotel",
     "Grand"
    ],
    "floors": null,
    "wash_rgb": [
     253,
     212,
     214
    ],
    "wash_chroma": 15.8,
    "wash_lightness_delta": -29.1,
    "hue_deg": 358,
    "material": "brick",
    "area_source_px2": 14499,
    "centroid_source_px": [
     4102,
     3664
    ],
    "orphan": false,
    "centroid_map": [
     492345.647,
     5458961.258
    ]
   }
  },
  {
   "type": "Feature",
   "geometry": {
    "type": "Polygon",
    "coordinates": [
     [
      [
       -123.1085171,
       49.283567
      ],
      [
       -123.1086129,
       49.2833395
      ],
      [
       -123.1085531,
       49.2833271
      ],
      [
       -123.108544,
       49.2833413
      ],
      [
       -123.108568,
       49.2833491
      ],
      [
       -123.1085349,
       49.283354
      ],
      [
       -123.1085203,
       49.283343
      ],
      [
       -123.108539,
       49.2833334
      ],
      [
       -123.108534,
       49.2833224
      ],
      [
       -123.1084551,
       49.2833101
      ],
      [
       -123.1084324,
       49.283348
      ],
      [
       -123.1084432,
       49.283307
      ],
      [
       -123.1083857,
       49.2832946
      ],
      [
       -123.108367,
       49.2833057
      ],
      [
       -123.1083667,
       49.2832946
      ],
      [
       -123.1083452,
       49.28329
      ],
      [
       -123.1083313,
       49.2833042
      ],
      [
       -123.1082739,
       49.2834606
      ],
      [
       -123.1082954,
       49.2834653
      ],
      [
       -123.1082842,
       49.2834905
      ],
      [
       -123.1082582,
       49.2834954
      ],
      [
       -123.1082494,
       49.2835206
      ],
      [
       -123.1083379,
       49.2835377
      ],
      [
       -123.1083592,
       49.2835344
      ],
      [
       -123.1083785,
       49.2835454
      ],
      [
       -123.1085171,
       49.283567
      ]
     ]
    ]
   },
   "properties": {
    "sheet": "vancouver_1912_MAP342a_04",
    "outline_id": "vancouver_1912_MAP342a_04:block:fid11:part1:outline177",
    "block_id": "vancouver_1912_MAP342a_04:block:fid11:part1",
    "block_fid": 11,
    "block_number": null,
    "text_inside": [
     "11",
     "157"
    ],
    "numerals_inside": [
     "11",
     "157"
    ],
    "words_inside": [],
    "floors": null,
    "wash_rgb": [
     253,
     205,
     207
    ],
    "wash_chroma": 18.3,
    "wash_lightness_delta": -33.6,
    "hue_deg": 358,
    "material": "brick",
    "area_source_px2": 17466,
    "centroid_source_px": [
     2764,
     3612
    ],
    "orphan": false,
    "centroid_map": [
     492114.089,
     5458969.438
    ]
   }
  },
  {
   "type": "Feature",
   "geometry": {
    "type": "Polygon",
    "coordinates": [
     [
      [
       -123.1061558,
       49.283495
      ],
      [
       -123.1061919,
       49.2835091
      ],
      [
       -123.1062228,
       49.283509
      ],
      [
       -123.1062526,
       49.2834694
      ],
      [
       -123.1062285,
       49.2834585
      ],
      [
       -123.1062642,
       49.2834599
      ],
      [
       -123.1062741,
       49.2834741
      ],
      [
       -123.1062602,
       49.2834852
      ],
      [
       -123.1062675,
       49.283493
      ],
      [
       -123.1062486,
       49.2834962
      ],
      [
       -123.1062584,
       49.2835073
      ],
      [
       -123.1062421,
       49.2835184
      ],
      [
       -123.1062472,
       49.2835325
      ],
      [
       -123.1062308,
       49.2835389
      ],
      [
       -123.1062384,
       49.2835578
      ],
      [
       -123.1062693,
       49.2835545
      ],
      [
       -123.1062854,
       49.2835371
      ],
      [
       -123.1063021,
       49.2835386
      ],
      [
       -123.1062922,
       49.2835229
      ],
      [
       -123.1063544,
       49.2835385
      ],
      [
       -123.1063874,
       49.2835273
      ],
      [
       -123.1064021,
       49.2835414
      ],
      [
       -123.1064223,
       49.2835004
      ],
      [
       -123.1064078,
       49.2834909
      ],
      [
       -123.1064314,
       49.2834861
      ],
      [
       -123.1064647,
       49.2834008
      ],
      [
       -123.1062734,
       49.2833636
      ],
      [
       -123.1062503,
       49.2833858
      ],
      [
       -123.1062096,
       49.2833796
      ],
      [
       -123.1061982,
       49.2833955
      ],
      [
       -123.1062366,
       49.2834079
      ],
      [
       -123.1062008,
       49.2834018
      ],
      [
       -123.106189,
       49.2834081
      ],
      [
       -123.1061782,
       49.2834444
      ],
      [
       -123.1061926,
       49.2834507
      ],
      [
       -123.1061689,
       49.2834539
      ],
      [
       -123.1061558,
       49.283495
      ]
     ]
    ]
   },
   "properties": {
    "sheet": "vancouver_1912_MAP342a_04",
    "outline_id": "vancouver_1912_MAP342a_04:block:2:part2:outline178",
    "block_id": "vancouver_1912_MAP342a_04:block:2:part2",
    "block_fid": 13,
    "block_number": "05",
    "text_inside": [
     "66",
     "66",
     "66",
     "66",
     "66",
     "66",
     "66",
     "66"
    ],
    "numerals_inside": [
     "66",
     "66",
     "66",
     "66",
     "66",
     "66",
     "66",
     "66"
    ],
    "words_inside": [],
    "floors": null,
    "wash_rgb": [
     253,
     221,
     221
    ],
    "wash_chroma": 12.0,
    "wash_lightness_delta": -22.8,
    "hue_deg": 0,
    "material": "brick",
    "area_source_px2": 9999,
    "centroid_source_px": [
     3655,
     3601
    ],
    "orphan": false,
    "centroid_map": [
     492268.152,
     5458971.992
    ]
   }
  },
  {
   "type": "Feature",
   "geometry": {
    "type": "Polygon",
    "coordinates": [
     [
      [
       -123.1105665,
       49.2835423
      ],
      [
       -123.1106996,
       49.283455
      ],
      [
       -123.1107133,
       49.283436
      ],
      [
       -123.1107106,
       49.2834266
      ],
      [
       -123.1106893,
       49.2834282
      ],
      [
       -123.1106532,
       49.2834126
      ],
      [
       -123.110677,
       49.2834141
      ],
      [
       -123.110691,
       49.2834046
      ],
      [
       -123.1106329,
       49.2833669
      ],
      [
       -123.1106114,
       49.2833654
      ],
      [
       -123.1106159,
       49.2833559
      ],
      [
       -123.1105917,
       49.2833418
      ],
      [
       -123.1104141,
       49.2834545
      ],
      [
       -123.1105378,
       49.2835376
      ],
      [
       -123.1105542,
       49.2835281
      ],
      [
       -123.1105082,
       49.2834999
      ],
      [
       -123.1105316,
       49.2834872
      ],
      [
       -123.1105554,
       49.2834871
      ],
      [
       -123.1105869,
       49.2835091
      ],
      [
       -123.110561,
       49.283517
      ],
      [
       -123.1105665,
       49.2835423
      ]
     ]
    ]
   },
   "properties": {
    "sheet": "vancouver_1912_MAP342a_04",
    "outline_id": "vancouver_1912_MAP342a_04:block:4:part2:outline179",
    "block_id": "vancouver_1912_MAP342a_04:block:4:part2",
    "block_fid": 12,
    "block_number": null,
    "text_inside": [
     "24",
     "B",
     "B"
    ],
    "numerals_inside": [],
    "words_inside": [],
    "floors": null,
    "wash_rgb": [
     253,
     204,
     208
    ],
    "wash_chroma": 18.7,
    "wash_lightness_delta": -34.0,
    "hue_deg": 356,
    "material": "brick",
    "area_source_px2": 7912,
    "centroid_source_px": [
     1861,
     3601
    ],
    "orphan": false,
    "centroid_map": [
     491957.886,
     5458970.734
    ]
   }
  },
  {
   "type": "Feature",
   "geometry": {
    "type": "Polygon",
    "coordinates": [
     [
      [
       -123.1050635,
       49.2835557
      ],
      [
       -123.105101,
       49.283535
      ],
      [
       -123.1051656,
       49.2833802
      ],
      [
       -123.1051556,
       49.2833613
      ],
      [
       -123.1051834,
       49.283336
      ],
      [
       -123.1052413,
       49.283197
      ],
      [
       -123.1052337,
       49.2831812
      ],
      [
       -123.1051286,
       49.2831642
      ],
      [
       -123.1051058,
       49.2831974
      ],
      [
       -123.10497,
       49.2835292
      ],
      [
       -123.104987,
       49.2835418
      ],
      [
       -123.1050635,
       49.2835557
      ]
     ]
    ]
   },
   "properties": {
    "sheet": "vancouver_1912_MAP342a_04",
    "outline_id": "vancouver_1912_MAP342a_04:block:2:part2:outline180",
    "block_id": "vancouver_1912_MAP342a_04:block:2:part2",
    "block_fid": 13,
    "block_number": "05",
    "text_inside": [
     "05",
     "50",
     "50",
     "66",
     "66",
     "66"
    ],
    "numerals_inside": [
     "66",
     "66",
     "66"
    ],
    "words_inside": [],
    "floors": null,
    "wash_rgb": [
     253,
     225,
     219
    ],
    "wash_chroma": 11.4,
    "wash_lightness_delta": -20.3,
    "hue_deg": 10,
    "material": "brick",
    "area_source_px2": 13184,
    "centroid_source_px": [
     4162,
     3662
    ],
    "orphan": false,
    "centroid_map": [
     492356.018,
     5458961.65
    ]
   }
  },
  {
   "type": "Feature",
   "geometry": {
    "type": "Polygon",
    "coordinates": [
     [
      [
       -123.1077004,
       49.2835352
      ],
      [
       -123.1077541,
       49.2834136
      ],
      [
       -123.1077371,
       49.283401
      ],
      [
       -123.107739,
       49.2833852
      ],
      [
       -123.1077787,
       49.2833567
      ],
      [
       -123.1078387,
       49.2832082
      ],
      [
       -123.1078289,
       49.2831972
      ],
      [
       -123.1077285,
       49.2831802
      ],
      [
       -123.1077146,
       49.2831944
      ],
      [
       -123.107619,
       49.2834314
      ],
      [
       -123.1076773,
       49.2834722
      ],
      [
       -123.1077004,
       49.2835352
      ]
     ]
    ]
   },
   "properties": {
    "sheet": "vancouver_1912_MAP342a_04",
    "outline_id": "vancouver_1912_MAP342a_04:block:fid11:part1:outline181",
    "block_id": "vancouver_1912_MAP342a_04:block:fid11:part1",
    "block_fid": 11,
    "block_number": null,
    "text_inside": [],
    "numerals_inside": [],
    "words_inside": [],
    "floors": null,
    "wash_rgb": [
     254,
     254,
     254
    ],
    "wash_chroma": 0.1,
    "wash_lightness_delta": -0.1,
    "hue_deg": 0,
    "material": "not a building (open lot, yard or court)",
    "area_source_px2": 9460,
    "centroid_source_px": [
     3060,
     3675
    ],
    "orphan": false,
    "centroid_map": [
     492165.47,
     5458958.598
    ]
   }
  },
  {
   "type": "Feature",
   "geometry": {
    "type": "Polygon",
    "coordinates": [
     [
      [
       -123.1078286,
       49.2835253
      ],
      [
       -123.1078495,
       49.2835063
      ],
      [
       -123.1079629,
       49.2832267
      ],
      [
       -123.1079508,
       49.2832188
      ],
      [
       -123.1078671,
       49.2832049
      ],
      [
       -123.1078459,
       49.2832113
      ],
      [
       -123.1077791,
       49.2833725
      ],
      [
       -123.1077983,
       49.2833803
      ],
      [
       -123.1077825,
       49.2834087
      ],
      [
       -123.1077635,
       49.2834104
      ],
      [
       -123.107728,
       49.2834988
      ],
      [
       -123.1077401,
       49.2835083
      ],
      [
       -123.1078286,
       49.2835253
      ]
     ]
    ]
   },
   "properties": {
    "sheet": "vancouver_1912_MAP342a_04",
    "outline_id": "vancouver_1912_MAP342a_04:block:fid11:part1:outline182",
    "block_id": "vancouver_1912_MAP342a_04:block:fid11:part1",
    "block_fid": 11,
    "block_number": null,
    "text_inside": [
     "Theatre"
    ],
    "numerals_inside": [],
    "words_inside": [
     "Theatre"
    ],
    "floors": null,
    "wash_rgb": [
     253,
     217,
     213
    ],
    "wash_chroma": 14.5,
    "wash_lightness_delta": -26.2,
    "hue_deg": 6,
    "material": "brick",
    "area_source_px2": 9834,
    "centroid_source_px": [
     3008,
     3656
    ],
    "orphan": false,
    "centroid_map": [
     492156.42,
     5458961.894
    ]
   }
  },
  {
   "type": "Feature",
   "geometry": {
    "type": "Polygon",
    "coordinates": [
     [
      [
       -123.1049606,
       49.283534
      ],
      [
       -123.1049964,
       49.2834534
      ],
      [
       -123.1049866,
       49.2834424
      ],
      [
       -123.1049704,
       49.2834582
      ],
      [
       -123.1049655,
       49.2834535
      ],
      [
       -123.1049811,
       49.2834172
      ],
      [
       -123.1049453,
       49.283411
      ],
      [
       -123.1049294,
       49.2834378
      ],
      [
       -123.1049357,
       49.2834094
      ],
      [
       -123.1048998,
       49.2834001
      ],
      [
       -123.1048883,
       49.2834143
      ],
      [
       -123.104843,
       49.2834098
      ],
      [
       -123.1048316,
       49.2834256
      ],
      [
       -123.1048334,
       49.2834066
      ],
      [
       -123.1047975,
       49.2833989
      ],
      [
       -123.1048042,
       49.2833847
      ],
      [
       -123.1047684,
       49.2833785
      ],
      [
       -123.1047193,
       49.2834938
      ],
      [
       -123.104748,
       49.2834984
      ],
      [
       -123.1047619,
       49.2834858
      ],
      [
       -123.1047647,
       49.2835015
      ],
      [
       -123.1048102,
       49.2835108
      ],
      [
       -123.104857,
       49.2834839
      ],
      [
       -123.1048573,
       49.2834949
      ],
      [
       -123.1048813,
       49.2835027
      ],
      [
       -123.1048699,
       49.2835201
      ],
      [
       -123.1048867,
       49.2835248
      ],
      [
       -123.1048983,
       49.2835153
      ],
      [
       -123.1049082,
       49.2835278
      ],
      [
       -123.1049414,
       49.2835261
      ],
      [
       -123.1049464,
       49.283534
      ],
      [
       -123.1049606,
       49.283534
      ]
     ]
    ]
   },
   "properties": {
    "sheet": "vancouver_1912_MAP342a_04",
    "outline_id": "vancouver_1912_MAP342a_04:block:2:part2:outline183",
    "block_id": "vancouver_1912_MAP342a_04:block:2:part2",
    "block_fid": 13,
    "block_number": "05",
    "text_inside": [
     "05",
     "26",
     "50",
     "05",
     "05",
     "50",
     "26",
     "05",
     "50",
     "05",
     "26",
     "50",
     "50",
     "05"
    ],
    "numerals_inside": [],
    "words_inside": [],
    "floors": null,
    "wash_rgb": [
     253,
     244,
     148
    ],
    "wash_chroma": 48.3,
    "wash_lightness_delta": -11.8,
    "hue_deg": 54,
    "material": "frame (wood)",
    "area_source_px2": 6826,
    "centroid_source_px": [
     4266,
     3601
    ],
    "orphan": false,
    "centroid_map": [
     492373.823,
     5458972.42
    ]
   }
  },
  {
   "type": "Feature",
   "geometry": {
    "type": "Polygon",
    "coordinates": [
     [
      [
       -123.1097353,
       49.2835027
      ],
      [
       -123.109866,
       49.2834154
      ],
      [
       -123.1096868,
       49.2833009
      ],
      [
       -123.1096309,
       49.2833406
      ],
      [
       -123.1097305,
       49.2834159
      ],
      [
       -123.1096749,
       49.2834682
      ],
      [
       -123.1097353,
       49.2835027
      ]
     ]
    ]
   },
   "properties": {
    "sheet": "vancouver_1912_MAP342a_04",
    "outline_id": "vancouver_1912_MAP342a_04:block:4:part2:outline184",
    "block_id": "vancouver_1912_MAP342a_04:block:4:part2",
    "block_fid": 12,
    "block_number": null,
    "text_inside": [
     "20",
     "B"
    ],
    "numerals_inside": [],
    "words_inside": [],
    "floors": null,
    "wash_rgb": [
     253,
     212,
     208
    ],
    "wash_chroma": 16.0,
    "wash_lightness_delta": -29.6,
    "hue_deg": 6,
    "material": "brick",
    "area_source_px2": 5413,
    "centroid_source_px": [
     2211,
     3624
    ],
    "orphan": false,
    "centroid_map": [
     492018.486,
     5458966.947
    ]
   }
  },
  {
   "type": "Feature",
   "geometry": {
    "type": "Polygon",
    "coordinates": [
     [
      [
       -123.1070292,
       49.2834304
      ],
      [
       -123.1071941,
       49.2834597
      ],
      [
       -123.107239,
       49.2833649
      ],
      [
       -123.1073393,
       49.2833803
      ],
      [
       -123.1073064,
       49.2834783
      ],
      [
       -123.1074093,
       49.2834984
      ],
      [
       -123.1074182,
       49.2834779
      ],
      [
       -123.1075048,
       49.2834302
      ],
      [
       -123.1076095,
       49.2834314
      ],
      [
       -123.1077118,
       49.2831802
      ],
      [
       -123.1076113,
       49.2831554
      ],
      [
       -123.1075877,
       49.2831649
      ],
      [
       -123.1075922,
       49.2831554
      ],
      [
       -123.1075825,
       49.2831492
      ],
      [
       -123.1075493,
       49.2831509
      ],
      [
       -123.1075038,
       49.2831416
      ],
      [
       -123.1074834,
       49.2831748
      ],
      [
       -123.1074262,
       49.2831702
      ],
      [
       -123.1074018,
       49.283235
      ],
      [
       -123.1073614,
       49.2832351
      ],
      [
       -123.1073415,
       49.2832888
      ],
      [
       -123.1073202,
       49.2832921
      ],
      [
       -123.1073136,
       49.2833094
      ],
      [
       -123.1072587,
       49.2833049
      ],
      [
       -123.1072449,
       49.2833192
      ],
      [
       -123.1072304,
       49.2833113
      ],
      [
       -123.107197,
       49.2833099
      ],
      [
       -123.1072293,
       49.2832719
      ],
      [
       -123.107105,
       49.2832502
      ],
      [
       -123.1070292,
       49.2834304
      ]
     ]
    ]
   },
   "properties": {
    "sheet": "vancouver_1912_MAP342a_04",
    "outline_id": "vancouver_1912_MAP342a_04:block:fid11:part1:outline185",
    "block_id": "vancouver_1912_MAP342a_04:block:fid11:part1",
    "block_fid": 11,
    "block_number": null,
    "text_inside": [
     "FRI",
     "FRI",
     "FRI",
     "FRI",
     "14"
    ],
    "numerals_inside": [
     "14"
    ],
    "words_inside": [
     "FRI",
     "FRI",
     "FRI",
     "FRI"
    ],
    "floors": null,
    "wash_rgb": [
     254,
     254,
     254
    ],
    "wash_chroma": 0.2,
    "wash_lightness_delta": -0.1,
    "hue_deg": 0,
    "material": "not a building (open lot, yard or court)",
    "area_source_px2": 33736,
    "centroid_source_px": [
     3195,
     3682
    ],
    "orphan": false,
    "centroid_map": [
     492188.838,
     5458957.465
    ]
   }
  },
  {
   "type": "Feature",
   "geometry": {
    "type": "Polygon",
    "coordinates": [
     [
      [
       -123.1081508,
       49.28348
      ],
      [
       -123.1081685,
       49.2834357
      ],
      [
       -123.1081421,
       49.2834248
      ],
      [
       -123.1081777,
       49.2834231
      ],
      [
       -123.1082155,
       49.2833299
      ],
      [
       -123.1081752,
       49.2833363
      ],
      [
       -123.108151,
       49.2833206
      ],
      [
       -123.108137,
       49.2833302
      ],
      [
       -123.108132,
       49.2833191
      ],
      [
       -123.1080817,
       49.2833098
      ],
      [
       -123.1080725,
       49.2833209
      ],
      [
       -123.1080582,
       49.2833194
      ],
      [
       -123.1080673,
       49.283302
      ],
      [
       -123.1080005,
       49.2832975
      ],
      [
       -123.1079524,
       49.2832772
      ],
      [
       -123.1079076,
       49.2833752
      ],
      [
       -123.1079389,
       49.2833877
      ],
      [
       -123.1079032,
       49.2833894
      ],
      [
       -123.1078855,
       49.2834352
      ],
      [
       -123.1081508,
       49.28348
      ]
     ]
    ]
   },
   "properties": {
    "sheet": "vancouver_1912_MAP342a_04",
    "outline_id": "vancouver_1912_MAP342a_04:block:fid11:part1:outline186",
    "block_id": "vancouver_1912_MAP342a_04:block:fid11:part1",
    "block_fid": 11,
    "block_number": null,
    "text_inside": [
     "Hotel",
     "Hotel",
     "Cordova."
    ],
    "numerals_inside": [],
    "words_inside": [
     "Hotel",
     "Hotel",
     "Cordova."
    ],
    "floors": null,
    "wash_rgb": [
     253,
     214,
     209
    ],
    "wash_chroma": 15.7,
    "wash_lightness_delta": -28.2,
    "hue_deg": 6,
    "material": "brick",
    "area_source_px2": 11130,
    "centroid_source_px": [
     2929,
     3641
    ],
    "orphan": false,
    "centroid_map": [
     492142.712,
     5458964.469
    ]
   }
  },
  {
   "type": "Feature",
   "geometry": {
    "type": "Polygon",
    "coordinates": [
     [
      [
       -123.1055955,
       49.2834449
      ],
      [
       -123.1057031,
       49.2834635
      ],
      [
       -123.1057238,
       49.2834413
      ],
      [
       -123.1057475,
       49.2834381
      ],
      [
       -123.1057526,
       49.2834491
      ],
      [
       -123.1057405,
       49.2834413
      ],
      [
       -123.1057288,
       49.2834476
      ],
      [
       -123.105739,
       49.2834712
      ],
      [
       -123.1058512,
       49.2834882
      ],
      [
       -123.1059293,
       49.2833049
      ],
      [
       -123.1058194,
       49.2832864
      ],
      [
       -123.1057901,
       49.2833464
      ],
      [
       -123.1057184,
       49.2833341
      ],
      [
       -123.1057067,
       49.2833388
      ],
      [
       -123.1056823,
       49.283402
      ],
      [
       -123.1056297,
       49.2833912
      ],
      [
       -123.1056084,
       49.2833944
      ],
      [
       -123.1055955,
       49.2834449
      ]
     ]
    ]
   },
   "properties": {
    "sheet": "vancouver_1912_MAP342a_04",
    "outline_id": "vancouver_1912_MAP342a_04:block:2:part2:outline187",
    "block_id": "vancouver_1912_MAP342a_04:block:2:part2",
    "block_fid": 13,
    "block_number": "05",
    "text_inside": [
     "05",
     "66",
     "66",
     "66",
     "66",
     "66",
     "66",
     "66",
     "66"
    ],
    "numerals_inside": [
     "66",
     "66",
     "66",
     "66",
     "66",
     "66",
     "66",
     "66"
    ],
    "words_inside": [],
    "floors": null,
    "wash_rgb": [
     254,
     254,
     254
    ],
    "wash_chroma": 0.0,
    "wash_lightness_delta": -0.0,
    "hue_deg": 0,
    "material": "not a building (open lot, yard or court)",
    "area_source_px2": 9608,
    "centroid_source_px": [
     3877,
     3639
    ],
    "orphan": false,
    "centroid_map": [
     492306.66,
     5458965.484
    ]
   }
  },
  {
   "type": "Feature",
   "geometry": {
    "type": "Polygon",
    "coordinates": [
     [
      [
       -123.1046213,
       49.2834768
      ],
      [
       -123.1047144,
       49.2834891
      ],
      [
       -123.1047723,
       49.2833469
      ],
      [
       -123.1047553,
       49.2833359
      ],
      [
       -123.1047569,
       49.2833075
      ],
      [
       -123.1047403,
       49.2833107
      ],
      [
       -123.1047226,
       49.2833566
      ],
      [
       -123.1047029,
       49.2833345
      ],
      [
       -123.1046816,
       49.2833362
      ],
      [
       -123.1046917,
       49.2833582
      ],
      [
       -123.1047061,
       49.2833629
      ],
      [
       -123.1046921,
       49.2833724
      ],
      [
       -123.1046823,
       49.2833599
      ],
      [
       -123.1046633,
       49.2833631
      ],
      [
       -123.1046711,
       49.2833867
      ],
      [
       -123.1046258,
       49.2833821
      ],
      [
       -123.1046168,
       49.2834011
      ],
      [
       -123.1046432,
       49.2834089
      ],
      [
       -123.1046213,
       49.2834768
      ]
     ]
    ]
   },
   "properties": {
    "sheet": "vancouver_1912_MAP342a_04",
    "outline_id": "vancouver_1912_MAP342a_04:block:2:part2:outline188",
    "block_id": "vancouver_1912_MAP342a_04:block:2:part2",
    "block_fid": 13,
    "block_number": "05",
    "text_inside": [
     "05",
     "05",
     "26",
     "50",
     "26",
     "50"
    ],
    "numerals_inside": [],
    "words_inside": [],
    "floors": null,
    "wash_rgb": [
     253,
     216,
     214
    ],
    "wash_chroma": 14.4,
    "wash_lightness_delta": -26.7,
    "hue_deg": 4,
    "material": "brick",
    "area_source_px2": 3988,
    "centroid_source_px": [
     4336,
     3628
    ],
    "orphan": false,
    "centroid_map": [
     492386.009,
     5458967.734
    ]
   }
  },
  {
   "type": "Feature",
   "geometry": {
    "type": "Polygon",
    "coordinates": [
     [
      [
       -123.1048165,
       49.2833972
      ],
      [
       -123.1048786,
       49.2834081
      ],
      [
       -123.1048997,
       49.2833954
      ],
      [
       -123.1049905,
       49.2834124
      ],
      [
       -123.1049841,
       49.2834361
      ],
      [
       -123.105003,
       49.2834344
      ],
      [
       -123.1051095,
       49.2831627
      ],
      [
       -123.1050906,
       49.2831644
      ],
      [
       -123.1050215,
       49.2833302
      ],
      [
       -123.1049569,
       49.2833163
      ],
      [
       -123.1049192,
       49.2833275
      ],
      [
       -123.1049067,
       49.2833086
      ],
      [
       -123.1048279,
       49.2832947
      ],
      [
       -123.1047994,
       49.2832963
      ],
      [
       -123.1047972,
       49.2833027
      ],
      [
       -123.1048335,
       49.2833262
      ],
      [
       -123.1048114,
       49.2833846
      ],
      [
       -123.1048165,
       49.2833972
      ]
     ]
    ]
   },
   "properties": {
    "sheet": "vancouver_1912_MAP342a_04",
    "outline_id": "vancouver_1912_MAP342a_04:block:2:part2:outline189",
    "block_id": "vancouver_1912_MAP342a_04:block:2:part2",
    "block_fid": 13,
    "block_number": "05",
    "text_inside": [
     "2"
    ],
    "numerals_inside": [
     "2"
    ],
    "words_inside": [],
    "floors": null,
    "wash_rgb": [
     254,
     254,
     254
    ],
    "wash_chroma": 0.2,
    "wash_lightness_delta": -0.3,
    "hue_deg": 0,
    "material": "not a building (open lot, yard or court)",
    "area_source_px2": 6134,
    "centroid_source_px": [
     4233,
     3670
    ],
    "orphan": false,
    "centroid_map": [
     492368.321,
     5458960.297
    ]
   }
  },
  {
   "type": "Feature",
   "geometry": {
    "type": "Polygon",
    "coordinates": [
     [
      [
       -123.1100089,
       49.2834197
      ],
      [
       -123.1103616,
       49.2831944
      ],
      [
       -123.1103494,
       49.2831818
      ],
      [
       -123.1103255,
       49.2831803
      ],
      [
       -123.1103155,
       49.2831598
      ],
      [
       -123.1102962,
       49.2831536
      ],
      [
       -123.1099504,
       49.2833725
      ],
      [
       -123.1099508,
       49.2833852
      ],
      [
       -123.1100089,
       49.2834197
      ]
     ]
    ]
   },
   "properties": {
    "sheet": "vancouver_1912_MAP342a_04",
    "outline_id": "vancouver_1912_MAP342a_04:block:4:part2:outline190",
    "block_id": "vancouver_1912_MAP342a_04:block:4:part2",
    "block_fid": 12,
    "block_number": null,
    "text_inside": [
     "B",
     "B",
     "B",
     "B",
     "B",
     "B",
     "B",
     "B",
     "B",
     "B",
     "20"
    ],
    "numerals_inside": [],
    "words_inside": [],
    "floors": null,
    "wash_rgb": [
     253,
     214,
     211
    ],
    "wash_chroma": 15.1,
    "wash_lightness_delta": -28.2,
    "hue_deg": 4,
    "material": "brick",
    "area_source_px2": 7860,
    "centroid_source_px": [
     2041,
     3696
    ],
    "orphan": false,
    "centroid_map": [
     491989.3,
     5458954.202
    ]
   }
  },
  {
   "type": "Feature",
   "geometry": {
    "type": "Polygon",
    "coordinates": [
     [
      [
       -123.1044323,
       49.2834349
      ],
      [
       -123.1044654,
       49.2834285
      ],
      [
       -123.1044846,
       49.2834347
      ],
      [
       -123.1044961,
       49.2834205
      ],
      [
       -123.104555,
       49.2834013
      ],
      [
       -123.104538,
       49.2833888
      ],
      [
       -123.1045691,
       49.283395
      ],
      [
       -123.1046514,
       49.2833631
      ],
      [
       -123.1046321,
       49.2833537
      ],
      [
       -123.104611,
       49.2833617
      ],
      [
       -123.1045988,
       49.2833523
      ],
      [
       -123.1045823,
       49.2833571
      ],
      [
       -123.1045733,
       49.2833776
      ],
      [
       -123.1045352,
       49.283373
      ],
      [
       -123.1045048,
       49.283392
      ],
      [
       -123.1045146,
       49.2834015
      ],
      [
       -123.1045005,
       49.2834078
      ],
      [
       -123.1044905,
       49.2833921
      ],
      [
       -123.1044715,
       49.2833921
      ],
      [
       -123.1044759,
       49.2833779
      ],
      [
       -123.1044995,
       49.2833747
      ],
      [
       -123.1045182,
       49.283362
      ],
      [
       -123.1045349,
       49.2833651
      ],
      [
       -123.1045441,
       49.283354
      ],
      [
       -123.1045678,
       49.2833476
      ],
      [
       -123.1045459,
       49.2833335
      ],
      [
       -123.104577,
       49.2833381
      ],
      [
       -123.1046473,
       49.2833016
      ],
      [
       -123.1046423,
       49.2832922
      ],
      [
       -123.1046089,
       49.2832891
      ],
      [
       -123.1046062,
       49.2832765
      ],
      [
       -123.1045272,
       49.2832594
      ],
      [
       -123.1045606,
       49.2832625
      ],
      [
       -123.1045813,
       49.2832372
      ],
      [
       -123.1045726,
       49.2832656
      ],
      [
       -123.1046251,
       49.2832733
      ],
      [
       -123.1046363,
       49.2832496
      ],
      [
       -123.1046552,
       49.2832448
      ],
      [
       -123.1046278,
       49.2832843
      ],
      [
       -123.1046565,
       49.283289
      ],
      [
       -123.1046664,
       49.2833047
      ],
      [
       -123.1046847,
       49.2832794
      ],
      [
       -123.1047421,
       49.2832887
      ],
      [
       -123.1047515,
       49.2832839
      ],
      [
       -123.1047558,
       49.2832697
      ],
      [
       -123.1047151,
       49.2832588
      ],
      [
       -123.104733,
       49.2832177
      ],
      [
       -123.1047245,
       49.2832556
      ],
      [
       -123.1047677,
       49.2832681
      ],
      [
       -123.1047795,
       49.2832649
      ],
      [
       -123.104794,
       49.2832758
      ],
      [
       -123.1048034,
       49.2832711
      ],
      [
       -123.1048586,
       49.2831194
      ],
      [
       -123.1047869,
       49.2831071
      ],
      [
       -123.1047731,
       49.2831229
      ],
      [
       -123.1047632,
       49.2831087
      ],
      [
       -123.1047373,
       49.2831199
      ],
      [
       -123.1047239,
       49.2831499
      ],
      [
       -123.1047301,
       49.2831167
      ],
      [
       -123.1046918,
       49.283109
      ],
      [
       -123.1047154,
       49.2830994
      ],
      [
       -123.1047104,
       49.2830932
      ],
      [
       -123.1044547,
       49.2830499
      ],
      [
       -123.1044334,
       49.2830531
      ],
      [
       -123.1044325,
       49.2831036
      ],
      [
       -123.104447,
       49.2831114
      ],
      [
       -123.1044329,
       49.2831178
      ],
      [
       -123.1044334,
       49.2831352
      ],
      [
       -123.1044526,
       49.2831446
      ],
      [
       -123.1044457,
       49.2831509
      ],
      [
       -123.104463,
       49.2831745
      ],
      [
       -123.1044942,
       49.2831854
      ],
      [
       -123.1044583,
       49.2831777
      ],
      [
       -123.1044323,
       49.2831809
      ],
      [
       -123.1044665,
       49.2832139
      ],
      [
       -123.104453,
       49.2832408
      ],
      [
       -123.1044603,
       49.2832486
      ],
      [
       -123.1044318,
       49.2832503
      ],
      [
       -123.1044328,
       49.2833686
      ],
      [
       -123.1044521,
       49.283378
      ],
      [
       -123.1044308,
       49.2833813
      ],
      [
       -123.1044323,
       49.2834349
      ]
     ]
    ]
   },
   "properties": {
    "sheet": "vancouver_1912_MAP342a_04",
    "outline_id": "vancouver_1912_MAP342a_04:block:2:part2:outline191",
    "block_id": "vancouver_1912_MAP342a_04:block:2:part2",
    "block_fid": 13,
    "block_number": "05",
    "text_inside": [
     "Bra",
     "Hotel",
     "50",
     "26",
     "50"
    ],
    "numerals_inside": [],
    "words_inside": [
     "Bra",
     "Hotel"
    ],
    "floors": null,
    "wash_rgb": [
     254,
     217,
     218
    ],
    "wash_chroma": 13.8,
    "wash_lightness_delta": -25.5,
    "hue_deg": 358,
    "material": "brick",
    "area_source_px2": 25468,
    "centroid_source_px": [
     4374,
     3758
    ],
    "orphan": false,
    "centroid_map": [
     492392.969,
     5458944.965
    ]
   }
  },
  {
   "type": "Feature",
   "geometry": {
    "type": "Polygon",
    "coordinates": [
     [
      [
       -123.1054306,
       49.2834171
      ],
      [
       -123.1054445,
       49.2834045
      ],
      [
       -123.1054348,
       49.283395
      ],
      [
       -123.1054675,
       49.283376
      ],
      [
       -123.105523,
       49.2832338
      ],
      [
       -123.1054059,
       49.2832153
      ],
      [
       -123.1053942,
       49.2832217
      ],
      [
       -123.1053363,
       49.2833623
      ],
      [
       -123.105377,
       49.2833716
      ],
      [
       -123.1053685,
       49.2834047
      ],
      [
       -123.1054306,
       49.2834171
      ]
     ]
    ]
   },
   "properties": {
    "sheet": "vancouver_1912_MAP342a_04",
    "outline_id": "vancouver_1912_MAP342a_04:block:2:part2:outline192",
    "block_id": "vancouver_1912_MAP342a_04:block:2:part2",
    "block_fid": 13,
    "block_number": "05",
    "text_inside": [
     "66"
    ],
    "numerals_inside": [
     "66"
    ],
    "words_inside": [],
    "floors": null,
    "wash_rgb": [
     254,
     254,
     254
    ],
    "wash_chroma": 0.0,
    "wash_lightness_delta": -0.0,
    "hue_deg": 0,
    "material": "not a building (open lot, yard or court)",
    "area_source_px2": 6066,
    "centroid_source_px": [
     4026,
     3694
    ],
    "orphan": false,
    "centroid_map": [
     492332.593,
     5458955.944
    ]
   }
  },
  {
   "type": "Feature",
   "geometry": {
    "type": "Polygon",
    "coordinates": [
     [
      [
       -123.1098936,
       49.2833806
      ],
      [
       -123.1099075,
       49.2833664
      ],
      [
       -123.1096239,
       49.2831765
      ],
      [
       -123.1095927,
       49.2831672
      ],
      [
       -123.1095731,
       49.2831467
      ],
      [
       -123.1095516,
       49.2831452
      ],
      [
       -123.1095285,
       49.2831674
      ],
      [
       -123.109543,
       49.2831784
      ],
      [
       -123.109529,
       49.2831848
      ],
      [
       -123.1097908,
       49.2833605
      ],
      [
       -123.1098241,
       49.2833635
      ],
      [
       -123.1098489,
       49.2833966
      ],
      [
       -123.1098936,
       49.2833806
      ]
     ]
    ]
   },
   "properties": {
    "sheet": "vancouver_1912_MAP342a_04",
    "outline_id": "vancouver_1912_MAP342a_04:block:4:part2:outline193",
    "block_id": "vancouver_1912_MAP342a_04:block:4:part2",
    "block_fid": 12,
    "block_number": null,
    "text_inside": [],
    "numerals_inside": [],
    "words_inside": [],
    "floors": null,
    "wash_rgb": [
     254,
     254,
     253
    ],
    "wash_chroma": 0.7,
    "wash_lightness_delta": -0.6,
    "hue_deg": 60,
    "material": "not a building (open lot, yard or court)",
    "area_source_px2": 6186,
    "centroid_source_px": [
     2224,
     3707
    ],
    "orphan": false,
    "centroid_map": [
     492020.982,
     5458952.401
    ]
   }
  },
  {
   "type": "Feature",
   "geometry": {
    "type": "Polygon",
    "coordinates": [
     [
      [
       -123.109929,
       49.2833695
      ],
      [
       -123.109955,
       49.2833646
      ],
      [
       -123.1102866,
       49.2831489
      ],
      [
       -123.1102307,
       49.2831065
      ],
      [
       -123.1102142,
       49.2831097
      ],
      [
       -123.1098708,
       49.2833302
      ],
      [
       -123.109929,
       49.2833695
      ]
     ]
    ]
   },
   "properties": {
    "sheet": "vancouver_1912_MAP342a_04",
    "outline_id": "vancouver_1912_MAP342a_04:block:4:part2:outline194",
    "block_id": "vancouver_1912_MAP342a_04:block:4:part2",
    "block_fid": 12,
    "block_number": null,
    "text_inside": [
     "19"
    ],
    "numerals_inside": [],
    "words_inside": [],
    "floors": null,
    "wash_rgb": [
     253,
     205,
     206
    ],
    "wash_chroma": 18.5,
    "wash_lightness_delta": -33.9,
    "hue_deg": 358,
    "material": "brick",
    "area_source_px2": 8156,
    "centroid_source_px": [
     2070,
     3726
    ],
    "orphan": false,
    "centroid_map": [
     491994.405,
     5458948.961
    ]
   }
  },
  {
   "type": "Feature",
   "geometry": {
    "type": "Polygon",
    "coordinates": [
     [
      [
       -123.1098564,
       49.2833256
      ],
      [
       -123.1099034,
       49.2833049
      ],
      [
       -123.1102164,
       49.2831034
      ],
      [
       -123.110129,
       49.2830406
      ],
      [
       -123.1100979,
       49.283036
      ],
      [
       -123.1099764,
       49.2831137
      ],
      [
       -123.1099886,
       49.2831232
      ],
      [
       -123.1099582,
       49.2831406
      ],
      [
       -123.1099438,
       49.2831359
      ],
      [
       -123.1098806,
       49.283174
      ],
      [
       -123.1098694,
       49.2831962
      ],
      [
       -123.1097666,
       49.2832612
      ],
      [
       -123.1098564,
       49.2833256
      ]
     ]
    ]
   },
   "properties": {
    "sheet": "vancouver_1912_MAP342a_04",
    "outline_id": "vancouver_1912_MAP342a_04:block:4:part2:outline195",
    "block_id": "vancouver_1912_MAP342a_04:block:4:part2",
    "block_fid": 12,
    "block_number": null,
    "text_inside": [
     "18"
    ],
    "numerals_inside": [],
    "words_inside": [],
    "floors": null,
    "wash_rgb": [
     253,
     202,
     206
    ],
    "wash_chroma": 19.3,
    "wash_lightness_delta": -35.2,
    "hue_deg": 356,
    "material": "brick",
    "area_source_px2": 12938,
    "centroid_source_px": [
     2107,
     3765
    ],
    "orphan": false,
    "centroid_map": [
     492000.92,
     5458942.148
    ]
   }
  },
  {
   "type": "Feature",
   "geometry": {
    "type": "Polygon",
    "coordinates": [
     [
      [
       -123.1061195,
       49.2833027
      ],
      [
       -123.1061048,
       49.2832869
      ],
      [
       -123.1060905,
       49.2832854
      ],
      [
       -123.1060902,
       49.283276
      ],
      [
       -123.1060686,
       49.2832681
      ],
      [
       -123.1054998,
       49.2831692
      ],
      [
       -123.1054198,
       49.2831995
      ],
      [
       -123.105432,
       49.2832105
      ],
      [
       -123.1054578,
       49.2831993
      ],
      [
       -123.1054698,
       49.283204
      ],
      [
       -123.1054701,
       49.2832151
      ],
      [
       -123.1055013,
       49.2832244
      ],
      [
       -123.1060104,
       49.2833141
      ],
      [
       -123.1060245,
       49.2833077
      ],
      [
       -123.1060263,
       49.2832888
      ],
      [
       -123.1060405,
       49.2832856
      ],
      [
       -123.1060773,
       49.2833265
      ],
      [
       -123.1061059,
       49.283328
      ],
      [
       -123.1061195,
       49.2833027
      ]
     ]
    ]
   },
   "properties": {
    "sheet": "vancouver_1912_MAP342a_04",
    "outline_id": "vancouver_1912_MAP342a_04:block:2:outline196",
    "block_id": null,
    "block_fid": 13,
    "block_number": null,
    "text_inside": [
     "2"
    ],
    "numerals_inside": [
     "2"
    ],
    "words_inside": [],
    "floors": null,
    "wash_rgb": [
     254,
     254,
     254
    ],
    "wash_chroma": 0.0,
    "wash_lightness_delta": -0.0,
    "hue_deg": 0,
    "material": "not a building (open lot, yard or court)",
    "area_source_px2": 9221,
    "centroid_source_px": [
     3879,
     3734
    ],
    "orphan": true,
    "orphan_because": "its block was rejected, split away or never traced",
    "centroid_map": [
     492307.289,
     5458948.826
    ]
   }
  },
  {
   "type": "Feature",
   "geometry": {
    "type": "Polygon",
    "coordinates": [
     [
      [
       -123.108876,
       49.283307
      ],
      [
       -123.1088684,
       49.2832897
      ],
      [
       -123.1088777,
       49.2832818
      ],
      [
       -123.1088631,
       49.2832708
      ],
      [
       -123.1082202,
       49.2831579
      ],
      [
       -123.1081804,
       49.2831833
      ],
      [
       -123.1081949,
       49.2831911
      ],
      [
       -123.1082162,
       49.2831879
      ],
      [
       -123.108238,
       49.2831989
      ],
      [
       -123.1085917,
       49.2832623
      ],
      [
       -123.108876,
       49.283307
      ]
     ]
    ]
   },
   "properties": {
    "sheet": "vancouver_1912_MAP342a_04",
    "outline_id": "vancouver_1912_MAP342a_04:block:4:part1:outline197",
    "block_id": "vancouver_1912_MAP342a_04:block:4:part1",
    "block_fid": 12,
    "block_number": "11",
    "text_inside": [],
    "numerals_inside": [],
    "words_inside": [],
    "floors": null,
    "wash_rgb": [
     254,
     254,
     254
    ],
    "wash_chroma": 0.2,
    "wash_lightness_delta": -0.2,
    "hue_deg": 0,
    "material": "not a building (open lot, yard or court)",
    "area_source_px2": 6719,
    "centroid_source_px": [
     2717,
     3735
    ],
    "orphan": false,
    "centroid_map": [
     492106.328,
     5458947.836
    ]
   }
  },
  {
   "type": "Feature",
   "geometry": {
    "type": "Polygon",
    "coordinates": [
     [
      [
       -123.1050142,
       49.2833224
      ],
      [
       -123.1050857,
       49.2831597
      ],
      [
       -123.1048801,
       49.2831225
      ],
      [
       -123.1048594,
       49.2831478
      ],
      [
       -123.1048062,
       49.2832853
      ],
      [
       -123.1049019,
       49.2833054
      ],
      [
       -123.1049301,
       49.2832943
      ],
      [
       -123.1049565,
       49.2833021
      ],
      [
       -123.1049496,
       49.2833116
      ],
      [
       -123.1050142,
       49.2833224
      ]
     ]
    ]
   },
   "properties": {
    "sheet": "vancouver_1912_MAP342a_04",
    "outline_id": "vancouver_1912_MAP342a_04:block:2:part2:outline198",
    "block_id": "vancouver_1912_MAP342a_04:block:2:part2",
    "block_fid": 13,
    "block_number": "05",
    "text_inside": [],
    "numerals_inside": [],
    "words_inside": [],
    "floors": null,
    "wash_rgb": [
     253,
     206,
     213
    ],
    "wash_chroma": 18.1,
    "wash_lightness_delta": -32.6,
    "hue_deg": 352,
    "material": "brick",
    "area_source_px2": 9824,
    "centroid_source_px": [
     4227,
     3750
    ],
    "orphan": false,
    "centroid_map": [
     492367.522,
     5458946.264
    ]
   }
  },
  {
   "type": "Feature",
   "geometry": {
    "type": "Polygon",
    "coordinates": [
     [
      [
       -123.1091799,
       49.2832901
      ],
      [
       -123.1092194,
       49.2832569
      ],
      [
       -123.109427,
       49.282775
      ],
      [
       -123.1094172,
       49.282764
      ],
      [
       -123.1094335,
       49.2827529
      ],
      [
       -123.1093928,
       49.282742
      ],
      [
       -123.1094286,
       49.2827466
      ],
      [
       -123.1094426,
       49.2827355
      ],
      [
       -123.1095225,
       49.2825349
      ],
      [
       -123.1093336,
       49.2824141
      ],
      [
       -123.1092109,
       49.282364
      ],
      [
       -123.1089501,
       49.2823098
      ],
      [
       -123.1082931,
       49.2822017
      ],
      [
       -123.1082676,
       49.282227
      ],
      [
       -123.1082158,
       49.2822446
      ],
      [
       -123.1082303,
       49.2822524
      ],
      [
       -123.1082237,
       49.2822698
      ],
      [
       -123.1082617,
       49.2822681
      ],
      [
       -123.1082733,
       49.2822601
      ],
      [
       -123.108268,
       49.2822412
      ],
      [
       -123.1083182,
       49.2822473
      ],
      [
       -123.1083924,
       49.282266
      ],
      [
       -123.1084377,
       49.282269
      ],
      [
       -123.1084431,
       49.2822926
      ],
      [
       -123.1085075,
       49.2823003
      ],
      [
       -123.1085436,
       49.2823144
      ],
      [
       -123.1085554,
       49.2823096
      ],
      [
       -123.1086509,
       49.282325
      ],
      [
       -123.1086394,
       49.2823377
      ],
      [
       -123.1086515,
       49.2823455
      ],
      [
       -123.108682,
       49.2823312
      ],
      [
       -123.1087131,
       49.282339
      ],
      [
       -123.1087015,
       49.2823485
      ],
      [
       -123.1087136,
       49.2823564
      ],
      [
       -123.1087466,
       49.2823436
      ],
      [
       -123.1087754,
       49.282353
      ],
      [
       -123.1087757,
       49.2823656
      ],
      [
       -123.1087968,
       49.2823545
      ],
      [
       -123.1088303,
       49.2823622
      ],
      [
       -123.1088236,
       49.2823749
      ],
      [
       -123.1088786,
       49.2823857
      ],
      [
       -123.1089022,
       49.2823809
      ],
      [
       -123.108909,
       49.2823698
      ],
      [
       -123.108866,
       49.2823621
      ],
      [
       -123.1088752,
       49.282351
      ],
      [
       -123.1089158,
       49.2823588
      ],
      [
       -123.1089344,
       49.2823414
      ],
      [
       -123.1089822,
       49.2823491
      ],
      [
       -123.1089708,
       49.2823665
      ],
      [
       -123.1090162,
       49.2823758
      ],
      [
       -123.1090165,
       49.2823852
      ],
      [
       -123.1089952,
       49.2823885
      ],
      [
       -123.1089592,
       49.2823776
      ],
      [
       -123.1089407,
       49.282395
      ],
      [
       -123.1090029,
       49.2824089
      ],
      [
       -123.1090334,
       49.2823962
      ],
      [
       -123.1090742,
       49.2824087
      ],
      [
       -123.1090903,
       49.2823881
      ],
      [
       -123.1091141,
       49.282388
      ],
      [
       -123.1091185,
       49.2823754
      ],
      [
       -123.1091758,
       49.2823831
      ],
      [
       -123.1091668,
       49.2824036
      ],
      [
       -123.1091859,
       49.2824051
      ],
      [
       -123.1091699,
       49.2824289
      ],
      [
       -123.1092293,
       49.2824271
      ],
      [
       -123.1092178,
       49.2824397
      ],
      [
       -123.1092251,
       49.2824476
      ],
      [
       -123.1092656,
       49.2824474
      ],
      [
       -123.1092874,
       49.2824616
      ],
      [
       -123.1092687,
       49.2824742
      ],
      [
       -123.1094114,
       49.2825589
      ],
      [
       -123.1094003,
       49.2825858
      ],
      [
       -123.1094221,
       49.2825999
      ],
      [
       -123.1094038,
       49.2826268
      ],
      [
       -123.1093894,
       49.2826205
      ],
      [
       -123.10938,
       49.2826269
      ],
      [
       -123.1093758,
       49.2826442
      ],
      [
       -123.1093903,
       49.2826552
      ],
      [
       -123.109384,
       49.2826821
      ],
      [
       -123.1093578,
       49.2826806
      ],
      [
       -123.1093557,
       49.2826932
      ],
      [
       -123.1093726,
       49.282701
      ],
      [
       -123.1093639,
       49.282731
      ],
      [
       -123.1093545,
       49.2827342
      ],
      [
       -123.1093448,
       49.2827264
      ],
      [
       -123.109331,
       49.2827438
      ],
      [
       -123.1093504,
       49.2827563
      ],
      [
       -123.1093393,
       49.2827832
      ],
      [
       -123.1093201,
       49.2827801
      ],
      [
       -123.1093108,
       49.2827864
      ],
      [
       -123.1093088,
       49.2828006
      ],
      [
       -123.1093257,
       49.2828085
      ],
      [
       -123.1093147,
       49.2828401
      ],
      [
       -123.1084113,
       49.2826824
      ],
      [
       -123.1080673,
       49.28263
      ],
      [
       -123.10807,
       49.282641
      ],
      [
       -123.1081035,
       49.2826472
      ],
      [
       -123.1081013,
       49.2826551
      ],
      [
       -123.1080661,
       49.2826694
      ],
      [
       -123.1080806,
       49.2826773
      ],
      [
       -123.108752,
       49.28279
      ],
      [
       -123.10929,
       49.2828906
      ],
      [
       -123.109279,
       49.2829222
      ],
      [
       -123.1092552,
       49.2829223
      ],
      [
       -123.1092771,
       49.2829396
      ],
      [
       -123.1092541,
       49.2829665
      ],
      [
       -123.1092525,
       49.2829949
      ],
      [
       -123.1092384,
       49.2830012
      ],
      [
       -123.1092434,
       49.2830091
      ],
      [
       -123.1092187,
       49.2830628
      ],
      [
       -123.1091926,
       49.2830629
      ],
      [
       -123.1091188,
       49.283232
      ],
      [
       -123.1090638,
       49.2832211
      ],
      [
       -123.1090285,
       49.2832323
      ],
      [
       -123.1089997,
       49.2832245
      ],
      [
       -123.1090017,
       49.2832119
      ],
      [
       -123.1089467,
       49.2832011
      ],
      [
       -123.108909,
       49.2832122
      ],
      [
       -123.108885,
       49.2832044
      ],
      [
       -123.108887,
       49.2831918
      ],
      [
       -123.1088607,
       49.2831856
      ],
      [
       -123.1088158,
       49.2831968
      ],
      [
       -123.1087918,
       49.283189
      ],
      [
       -123.108801,
       49.2831779
      ],
      [
       -123.108789,
       49.2831732
      ],
      [
       -123.1087632,
       49.2831859
      ],
      [
       -123.1087225,
       49.283175
      ],
      [
       -123.1087221,
       49.2831624
      ],
      [
       -123.108701,
       49.283172
      ],
      [
       -123.1086604,
       49.2831674
      ],
      [
       -123.1086671,
       49.2831532
      ],
      [
       -123.1086527,
       49.2831485
      ],
      [
       -123.1086317,
       49.2831612
      ],
      [
       -123.1086032,
       49.2831628
      ],
      [
       -123.1085862,
       49.2831519
      ],
      [
       -123.1085858,
       49.2831377
      ],
      [
       -123.1085386,
       49.2831489
      ],
      [
       -123.108517,
       49.2831427
      ],
      [
       -123.1085287,
       49.2831347
      ],
      [
       -123.1085213,
       49.2831269
      ],
      [
       -123.108474,
       49.2831365
      ],
      [
       -123.1084501,
       49.2831303
      ],
      [
       -123.1084594,
       49.2831223
      ],
      [
       -123.1084496,
       49.2831145
      ],
      [
       -123.1084214,
       49.2831256
      ],
      [
       -123.1083976,
       49.2831241
      ],
      [
       -123.1083686,
       49.2831085
      ],
      [
       -123.1083545,
       49.2831148
      ],
      [
       -123.1083163,
       49.2831102
      ],
      [
       -123.1083063,
       49.2830929
      ],
      [
       -123.1082615,
       49.2831073
      ],
      [
       -123.1082513,
       49.2830821
      ],
      [
       -123.1082302,
       49.2830932
      ],
      [
       -123.1081993,
       49.2830933
      ],
      [
       -123.108214,
       49.283109
      ],
      [
       -123.1082175,
       49.2831485
      ],
      [
       -123.1090899,
       49.2833031
      ],
      [
       -123.1091375,
       49.2833029
      ],
      [
       -123.1091799,
       49.2832901
      ]
     ]
    ]
   },
   "properties": {
    "sheet": "vancouver_1912_MAP342a_04",
    "outline_id": "vancouver_1912_MAP342a_04:block:4:part1:outline199",
    "block_id": "vancouver_1912_MAP342a_04:block:4:part1",
    "block_fid": 12,
    "block_number": "11",
    "text_inside": [
     "187",
     "102",
     "157",
     "102",
     "CRIMID",
     "BLM.",
     "BLM.",
     "BLM.",
     "BLM.",
     "BLM.",
     "BLM.",
     "BLM.",
     "12",
     "BLM.",
     "BLM.",
     "BLM.",
     "BLM."
    ],
    "numerals_inside": [
     "102",
     "102"
    ],
    "words_inside": [
     "CRIMID",
     "BLM.",
     "BLM.",
     "BLM.",
     "BLM.",
     "BLM.",
     "BLM.",
     "BLM.",
     "BLM.",
     "BLM.",
     "BLM.",
     "BLM."
    ],
    "floors": null,
    "wash_rgb": [
     254,
     254,
     254
    ],
    "wash_chroma": 0.2,
    "wash_lightness_delta": -0.1,
    "hue_deg": 0,
    "material": "not a building (open lot, yard or court)",
    "area_source_px2": 72366,
    "centroid_source_px": [
     2553,
     4021
    ],
    "orphan": false,
    "centroid_map": [
     492078.818,
     5458897.569
    ]
   }
  },
  {
   "type": "Feature",
   "geometry": {
    "type": "Polygon",
    "coordinates": [
     [
      [
       -123.1073295,
       49.2832857
      ],
      [
       -123.1073412,
       49.2832762
      ],
      [
       -123.1073563,
       49.2832241
      ],
      [
       -123.1073087,
       49.2832211
      ],
      [
       -123.1073107,
       49.2832085
      ],
      [
       -123.1072842,
       49.283196
      ],
      [
       -123.1072629,
       49.2832008
      ],
      [
       -123.1072485,
       49.2831945
      ],
      [
       -123.1072299,
       49.2832088
      ],
      [
       -123.1072226,
       49.2832041
      ],
      [
       -123.1072389,
       49.2831914
      ],
      [
       -123.1071887,
       49.2831821
      ],
      [
       -123.1072194,
       49.2831741
      ],
      [
       -123.1072649,
       49.283185
      ],
      [
       -123.1073142,
       49.2831643
      ],
      [
       -123.1072974,
       49.2831581
      ],
      [
       -123.1072643,
       49.2831645
      ],
      [
       -123.1072616,
       49.2831519
      ],
      [
       -123.1072353,
       49.2831472
      ],
      [
       -123.1072236,
       49.2831568
      ],
      [
       -123.1072117,
       49.2831552
      ],
      [
       -123.1072234,
       49.2831473
      ],
      [
       -123.1072136,
       49.2831379
      ],
      [
       -123.1072371,
       49.2831283
      ],
      [
       -123.1072779,
       49.2831408
      ],
      [
       -123.1073303,
       49.2831422
      ],
      [
       -123.1073424,
       49.28315
      ],
      [
       -123.1073923,
       49.2831498
      ],
      [
       -123.1074188,
       49.2831624
      ],
      [
       -123.1074322,
       49.2831292
      ],
      [
       -123.1073293,
       49.283109
      ],
      [
       -123.1073011,
       49.2831218
      ],
      [
       -123.10727,
       49.283114
      ],
      [
       -123.1072864,
       49.283106
      ],
      [
       -123.1072791,
       49.2830998
      ],
      [
       -123.1071788,
       49.2830843
      ],
      [
       -123.1071072,
       49.2832439
      ],
      [
       -123.1073295,
       49.2832857
      ]
     ]
    ]
   },
   "properties": {
    "sheet": "vancouver_1912_MAP342a_04",
    "outline_id": "vancouver_1912_MAP342a_04:block:fid11:part1:outline200",
    "block_id": "vancouver_1912_MAP342a_04:block:fid11:part1",
    "block_fid": 11,
    "block_number": null,
    "text_inside": [
     "Nagle",
     "Hotel"
    ],
    "numerals_inside": [],
    "words_inside": [
     "Nagle",
     "Hotel"
    ],
    "floors": null,
    "wash_rgb": [
     253,
     223,
     216
    ],
    "wash_chroma": 12.1,
    "wash_lightness_delta": -22.3,
    "hue_deg": 12,
    "material": "brick",
    "area_source_px2": 8202,
    "centroid_source_px": [
     3263,
     3765
    ],
    "orphan": false,
    "centroid_map": [
     492200.846,
     5458942.958
    ]
   }
  },
  {
   "type": "Feature",
   "geometry": {
    "type": "Polygon",
    "coordinates": [
     [
      [
       -123.1061187,
       49.2832743
      ],
      [
       -123.106135,
       49.2832616
      ],
      [
       -123.1061526,
       49.2832111
      ],
      [
       -123.1061306,
       49.2831906
      ],
      [
       -123.1061398,
       49.283178
      ],
      [
       -123.106173,
       49.2831747
      ],
      [
       -123.1062684,
       49.283187
      ],
      [
       -123.1062773,
       49.2831633
      ],
      [
       -123.1062437,
       49.2831524
      ],
      [
       -123.1062841,
       49.2831506
      ],
      [
       -123.1062884,
       49.2831349
      ],
      [
       -123.106269,
       49.2831223
      ],
      [
       -123.1062779,
       49.2831002
      ],
      [
       -123.106304,
       49.2831001
      ],
      [
       -123.1063573,
       49.2829642
      ],
      [
       -123.1063384,
       49.2829675
      ],
      [
       -123.1063061,
       49.2830054
      ],
      [
       -123.1062496,
       49.2830261
      ],
      [
       -123.106235,
       49.283012
      ],
      [
       -123.1062211,
       49.2830278
      ],
      [
       -123.1061998,
       49.2830295
      ],
      [
       -123.1061787,
       49.2830422
      ],
      [
       -123.1061431,
       49.2830439
      ],
      [
       -123.1061532,
       49.2830628
      ],
      [
       -123.1061273,
       49.2830723
      ],
      [
       -123.1061181,
       49.283085
      ],
      [
       -123.106094,
       49.2830724
      ],
      [
       -123.106068,
       49.2830804
      ],
      [
       -123.1060629,
       49.2830663
      ],
      [
       -123.1061171,
       49.2830487
      ],
      [
       -123.1061425,
       49.2830218
      ],
      [
       -123.1061689,
       49.2830296
      ],
      [
       -123.1061945,
       49.2830121
      ],
      [
       -123.1062324,
       49.2830057
      ],
      [
       -123.1062532,
       49.2829851
      ],
      [
       -123.1062912,
       49.2829834
      ],
      [
       -123.1062981,
       49.2829739
      ],
      [
       -123.1063664,
       49.28295
      ],
      [
       -123.1063591,
       49.2829421
      ],
      [
       -123.1062874,
       49.2829298
      ],
      [
       -123.1062668,
       49.2829583
      ],
      [
       -123.1062664,
       49.2829456
      ],
      [
       -123.1062498,
       49.2829457
      ],
      [
       -123.1062482,
       49.2829757
      ],
      [
       -123.1062012,
       49.2829948
      ],
      [
       -123.1061796,
       49.282987
      ],
      [
       -123.1061799,
       49.2829996
      ],
      [
       -123.1061659,
       49.2830075
      ],
      [
       -123.1061394,
       49.2829966
      ],
      [
       -123.1061065,
       49.2830109
      ],
      [
       -123.1061163,
       49.2830219
      ],
      [
       -123.1060974,
       49.2830267
      ],
      [
       -123.1060995,
       49.2830141
      ],
      [
       -123.1060804,
       49.2830126
      ],
      [
       -123.1060941,
       49.2829936
      ],
      [
       -123.1061414,
       49.2829824
      ],
      [
       -123.1061577,
       49.2829697
      ],
      [
       -123.1061767,
       49.2829712
      ],
      [
       -123.1062331,
       49.2829442
      ],
      [
       -123.1062233,
       49.2829347
      ],
      [
       -123.1061781,
       49.2829365
      ],
      [
       -123.1061751,
       49.2829113
      ],
      [
       -123.1061153,
       49.2828988
      ],
      [
       -123.1061035,
       49.2829036
      ],
      [
       -123.1060236,
       49.2831074
      ],
      [
       -123.1060906,
       49.2831229
      ],
      [
       -123.1061068,
       49.2831071
      ],
      [
       -123.1061049,
       49.2831229
      ],
      [
       -123.1061241,
       49.2831276
      ],
      [
       -123.106133,
       49.283107
      ],
      [
       -123.1061589,
       49.2830975
      ],
      [
       -123.1061733,
       49.2831037
      ],
      [
       -123.1061641,
       49.2831116
      ],
      [
       -123.1061691,
       49.2831211
      ],
      [
       -123.106129,
       49.2831354
      ],
      [
       -123.1061154,
       49.2831576
      ],
      [
       -123.1060702,
       49.2831561
      ],
      [
       -123.1060636,
       49.2831767
      ],
      [
       -123.1060852,
       49.2831845
      ],
      [
       -123.1060423,
       49.2831783
      ],
      [
       -123.1060212,
       49.283191
      ],
      [
       -123.1059903,
       49.2831911
      ],
      [
       -123.1059678,
       49.283237
      ],
      [
       -123.1059753,
       49.283248
      ],
      [
       -123.1060661,
       49.2832666
      ],
      [
       -123.1060872,
       49.2832555
      ],
      [
       -123.1060924,
       49.2832681
      ],
      [
       -123.1061187,
       49.2832743
      ]
     ]
    ]
   },
   "properties": {
    "sheet": "vancouver_1912_MAP342a_04",
    "outline_id": "vancouver_1912_MAP342a_04:block:2:part1:outline201",
    "block_id": "vancouver_1912_MAP342a_04:block:2:part1",
    "block_fid": 13,
    "block_number": null,
    "text_inside": [
     "9",
     "Atlantec",
     "Hotel"
    ],
    "numerals_inside": [
     "9"
    ],
    "words_inside": [
     "Atlantec",
     "Hotel"
    ],
    "floors": null,
    "wash_rgb": [
     253,
     209,
     213
    ],
    "wash_chroma": 16.7,
    "wash_lightness_delta": -30.7,
    "hue_deg": 354,
    "material": "brick",
    "area_source_px2": 16738,
    "centroid_source_px": [
     3714,
     3831
    ],
    "orphan": false,
    "centroid_map": [
     492279.042,
     5458931.701
    ]
   }
  },
  {
   "type": "Feature",
   "geometry": {
    "type": "Polygon",
    "coordinates": [
     [
      [
       -123.1065227,
       49.2832634
      ],
      [
       -123.1065293,
       49.283246
      ],
      [
       -123.1065173,
       49.2832397
      ],
      [
       -123.1065218,
       49.2832318
      ],
      [
       -123.1065384,
       49.2832302
      ],
      [
       -123.1065425,
       49.2832065
      ],
      [
       -123.106318,
       49.2831726
      ],
      [
       -123.1063006,
       49.2832295
      ],
      [
       -123.1064799,
       49.2832635
      ],
      [
       -123.1065227,
       49.2832634
      ]
     ]
    ]
   },
   "properties": {
    "sheet": "vancouver_1912_MAP342a_04",
    "outline_id": "vancouver_1912_MAP342a_04:block:2:part1:outline202",
    "block_id": "vancouver_1912_MAP342a_04:block:2:part1",
    "block_fid": 13,
    "block_number": null,
    "text_inside": [
     "D"
    ],
    "numerals_inside": [],
    "words_inside": [],
    "floors": null,
    "wash_rgb": [
     253,
     215,
     215
    ],
    "wash_chroma": 14.3,
    "wash_lightness_delta": -26.8,
    "hue_deg": 0,
    "material": "brick",
    "area_source_px2": 3726,
    "centroid_source_px": [
     3609,
     3749
    ],
    "orphan": false,
    "centroid_map": [
     492260.638,
     5458946.007
    ]
   }
  },
  {
   "type": "Feature",
   "geometry": {
    "type": "Polygon",
    "coordinates": [
     [
      [
       -123.1092431,
       49.283252
      ],
      [
       -123.1092999,
       49.283244
      ],
      [
       -123.1094936,
       49.2827763
      ],
      [
       -123.1094884,
       49.282759
      ],
      [
       -123.109472,
       49.2827685
      ],
      [
       -123.1094363,
       49.2827671
      ],
      [
       -123.1092718,
       49.2831731
      ],
      [
       -123.1092422,
       49.2832205
      ],
      [
       -123.1092431,
       49.283252
      ]
     ]
    ]
   },
   "properties": {
    "sheet": "vancouver_1912_MAP342a_04",
    "outline_id": "vancouver_1912_MAP342a_04:block:4:outline203",
    "block_id": null,
    "block_fid": 12,
    "block_number": null,
    "text_inside": [],
    "numerals_inside": [],
    "words_inside": [],
    "floors": null,
    "wash_rgb": [
     254,
     254,
     254
    ],
    "wash_chroma": 0.3,
    "wash_lightness_delta": -0.2,
    "hue_deg": 0,
    "material": "not a building (open lot, yard or court)",
    "area_source_px2": 7666,
    "centroid_source_px": [
     2367,
     3874
    ],
    "orphan": true,
    "orphan_because": "its block was rejected, split away or never traced",
    "centroid_map": [
     492046.211,
     5458923.216
    ]
   }
  },
  {
   "type": "Feature",
   "geometry": {
    "type": "Polygon",
    "coordinates": [
     [
      [
       -123.1097158,
       49.2832314
      ],
      [
       -123.1097881,
       49.2831822
      ],
      [
       -123.1096573,
       49.2830975
      ],
      [
       -123.1098651,
       49.2829595
      ],
      [
       -123.109853,
       49.2829533
      ],
      [
       -123.109827,
       49.2829581
      ],
      [
       -123.1098226,
       49.2829707
      ],
      [
       -123.1097266,
       49.2830263
      ],
      [
       -123.1098152,
       49.2829613
      ],
      [
       -123.1097958,
       49.2829503
      ],
      [
       -123.1098002,
       49.2829377
      ],
      [
       -123.1097589,
       49.2829047
      ],
      [
       -123.1097279,
       49.2829017
      ],
      [
       -123.1097105,
       49.2828749
      ],
      [
       -123.1096525,
       49.2828436
      ],
      [
       -123.1096473,
       49.2828278
      ],
      [
       -123.1096638,
       49.282823
      ],
      [
       -123.1096588,
       49.2828136
      ],
      [
       -123.1096398,
       49.2828137
      ],
      [
       -123.1096323,
       49.2828011
      ],
      [
       -123.1096131,
       49.2827948
      ],
      [
       -123.1095816,
       49.282858
      ],
      [
       -123.1095983,
       49.2828611
      ],
      [
       -123.1095962,
       49.2828706
      ],
      [
       -123.1096372,
       49.2828925
      ],
      [
       -123.1096725,
       49.2828782
      ],
      [
       -123.1095931,
       49.2829306
      ],
      [
       -123.1096068,
       49.28291
      ],
      [
       -123.1095707,
       49.2828944
      ],
      [
       -123.1095637,
       49.2828975
      ],
      [
       -123.1094881,
       49.2830855
      ],
      [
       -123.1097158,
       49.2832314
      ]
     ]
    ]
   },
   "properties": {
    "sheet": "vancouver_1912_MAP342a_04",
    "outline_id": "vancouver_1912_MAP342a_04:block:4:part2:outline204",
    "block_id": "vancouver_1912_MAP342a_04:block:4:part2",
    "block_fid": 12,
    "block_number": null,
    "text_inside": [
     "14",
     "Dominion",
     "13",
     "Bldg."
    ],
    "numerals_inside": [],
    "words_inside": [
     "Dominion",
     "Bldg."
    ],
    "floors": null,
    "wash_rgb": [
     253,
     206,
     209
    ],
    "wash_chroma": 18.1,
    "wash_lightness_delta": -33.1,
    "hue_deg": 356,
    "material": "brick",
    "area_source_px2": 18854,
    "centroid_source_px": [
     2250,
     3860
    ],
    "orphan": false,
    "centroid_map": [
     492025.935,
     5458925.589
    ]
   }
  },
  {
   "type": "Feature",
   "geometry": {
    "type": "Polygon",
    "coordinates": [
     [
      [
       -123.1059585,
       49.2832433
      ],
      [
       -123.1059787,
       49.2832022
      ],
      [
       -123.1059822,
       49.2831565
      ],
      [
       -123.105834,
       49.2831317
      ],
      [
       -123.1058604,
       49.2830544
      ],
      [
       -123.1057625,
       49.2830405
      ],
      [
       -123.1056932,
       49.2831969
      ],
      [
       -123.1059585,
       49.2832433
      ]
     ]
    ]
   },
   "properties": {
    "sheet": "vancouver_1912_MAP342a_04",
    "outline_id": "vancouver_1912_MAP342a_04:block:2:part1:outline205",
    "block_id": "vancouver_1912_MAP342a_04:block:2:part1",
    "block_fid": 13,
    "block_number": null,
    "text_inside": [],
    "numerals_inside": [],
    "words_inside": [],
    "floors": null,
    "wash_rgb": [
     254,
     254,
     254
    ],
    "wash_chroma": 0.0,
    "wash_lightness_delta": -0.0,
    "hue_deg": 0,
    "material": "not a building (open lot, yard or court)",
    "area_source_px2": 8466,
    "centroid_source_px": [
     3855,
     3790
    ],
    "orphan": false,
    "centroid_map": [
     492303.305,
     5458938.989
    ]
   }
  },
  {
   "type": "Feature",
   "geometry": {
    "type": "Polygon",
    "coordinates": [
     [
      [
       -123.1090709,
       49.283218
      ],
      [
       -123.1091342,
       49.2831878
      ],
      [
       -123.1092345,
       49.282946
      ],
      [
       -123.1089953,
       49.2828996
      ],
      [
       -123.1089546,
       49.2829739
      ],
      [
       -123.1088701,
       49.2831808
      ],
      [
       -123.1089681,
       49.283201
      ],
      [
       -123.1089987,
       49.2831882
      ],
      [
       -123.1090226,
       49.2831913
      ],
      [
       -123.1090183,
       49.2832087
      ],
      [
       -123.1090709,
       49.283218
      ]
     ]
    ]
   },
   "properties": {
    "sheet": "vancouver_1912_MAP342a_04",
    "outline_id": "vancouver_1912_MAP342a_04:block:4:part1:outline206",
    "block_id": "vancouver_1912_MAP342a_04:block:4:part1",
    "block_fid": 12,
    "block_number": "11",
    "text_inside": [
     "Hotel",
     "Carder"
    ],
    "numerals_inside": [],
    "words_inside": [
     "Hotel",
     "Carder"
    ],
    "floors": null,
    "wash_rgb": [
     253,
     209,
     209
    ],
    "wash_chroma": 16.8,
    "wash_lightness_delta": -31.0,
    "hue_deg": 0,
    "material": "brick",
    "area_source_px2": 19624,
    "centroid_source_px": [
     2498,
     3847
    ],
    "orphan": false,
    "centroid_map": [
     492068.787,
     5458928.043
    ]
   }
  },
  {
   "type": "Feature",
   "geometry": {
    "type": "Polygon",
    "coordinates": [
     [
      [
       -123.1069487,
       49.2831909
      ],
      [
       -123.1069713,
       49.2831482
      ],
      [
       -123.1070021,
       49.2831449
      ],
      [
       -123.1070307,
       49.2830612
      ],
      [
       -123.1070019,
       49.2830534
      ],
      [
       -123.1069762,
       49.2830677
      ],
      [
       -123.1069473,
       49.2830568
      ],
      [
       -123.1069638,
       49.2830488
      ],
      [
       -123.1069398,
       49.2830426
      ],
      [
       -123.1069021,
       49.2830569
      ],
      [
       -123.1068887,
       49.2830854
      ],
      [
       -123.1069012,
       49.283109
      ],
      [
       -123.1068969,
       49.2831248
      ],
      [
       -123.1068709,
       49.2831296
      ],
      [
       -123.1068553,
       49.283166
      ],
      [
       -123.1068818,
       49.2831801
      ],
      [
       -123.1069487,
       49.2831909
      ]
     ]
    ]
   },
   "properties": {
    "sheet": "vancouver_1912_MAP342a_04",
    "outline_id": "vancouver_1912_MAP342a_04:block:fid11:part1:outline207",
    "block_id": "vancouver_1912_MAP342a_04:block:fid11:part1",
    "block_fid": 11,
    "block_number": null,
    "text_inside": [
     "B",
     "B"
    ],
    "numerals_inside": [],
    "words_inside": [],
    "floors": null,
    "wash_rgb": [
     253,
     221,
     216
    ],
    "wash_chroma": 12.4,
    "wash_lightness_delta": -23.1,
    "hue_deg": 8,
    "material": "brick",
    "area_source_px2": 4084,
    "centroid_source_px": [
     3387,
     3810
    ],
    "orphan": false,
    "centroid_map": [
     492222.426,
     5458935.154
    ]
   }
  },
  {
   "type": "Feature",
   "geometry": {
    "type": "Polygon",
    "coordinates": [
     [
      [
       -123.1056812,
       49.2831954
      ],
      [
       -123.1058311,
       49.2828588
      ],
      [
       -123.1058189,
       49.2828463
      ],
      [
       -123.1057328,
       49.2828308
      ],
      [
       -123.1056975,
       49.2828435
      ],
      [
       -123.1055567,
       49.2831643
      ],
      [
       -123.1055641,
       49.2831753
      ],
      [
       -123.1056812,
       49.2831954
      ]
     ]
    ]
   },
   "properties": {
    "sheet": "vancouver_1912_MAP342a_04",
    "outline_id": "vancouver_1912_MAP342a_04:block:2:part1:outline208",
    "block_id": "vancouver_1912_MAP342a_04:block:2:part1",
    "block_fid": 13,
    "block_number": null,
    "text_inside": [
     "Hotel"
    ],
    "numerals_inside": [],
    "words_inside": [
     "Hotel"
    ],
    "floors": null,
    "wash_rgb": [
     253,
     206,
     213
    ],
    "wash_chroma": 18.0,
    "wash_lightness_delta": -32.6,
    "hue_deg": 352,
    "material": "brick",
    "area_source_px2": 12777,
    "centroid_source_px": [
     3908,
     3882
    ],
    "orphan": false,
    "centroid_map": [
     492312.746,
     5458922.894
    ]
   }
  },
  {
   "type": "Feature",
   "geometry": {
    "type": "Polygon",
    "coordinates": [
     [
      [
       -123.1088534,
       49.2831793
      ],
      [
       -123.108865,
       49.2831714
      ],
      [
       -123.1089207,
       49.2830371
      ],
      [
       -123.1088705,
       49.2830262
      ],
      [
       -123.1088518,
       49.2830373
      ],
      [
       -123.1088466,
       49.2830247
      ],
      [
       -123.1087964,
       49.2830154
      ],
      [
       -123.1087758,
       49.2830439
      ],
      [
       -123.1087338,
       49.2831561
      ],
      [
       -123.1087793,
       49.2831669
      ],
      [
       -123.1087981,
       49.2831606
      ],
      [
       -123.1088008,
       49.28317
      ],
      [
       -123.1088534,
       49.2831793
      ]
     ]
    ]
   },
   "properties": {
    "sheet": "vancouver_1912_MAP342a_04",
    "outline_id": "vancouver_1912_MAP342a_04:block:4:part1:outline209",
    "block_id": "vancouver_1912_MAP342a_04:block:4:part1",
    "block_fid": 12,
    "block_number": "11",
    "text_inside": [],
    "numerals_inside": [],
    "words_inside": [],
    "floors": null,
    "wash_rgb": [
     253,
     235,
     140
    ],
    "wash_chroma": 48.7,
    "wash_lightness_delta": -17.7,
    "hue_deg": 50,
    "material": "frame (wood)",
    "area_source_px2": 5262,
    "centroid_source_px": [
     2594,
     3820
    ],
    "orphan": false,
    "centroid_map": [
     492085.309,
     5458932.845
    ]
   }
  },
  {
   "type": "Feature",
   "geometry": {
    "type": "Polygon",
    "coordinates": [
     [
      [
       -123.1098568,
       49.283171
      ],
      [
       -123.1098852,
       49.2831661
      ],
      [
       -123.1099342,
       49.2831328
      ],
      [
       -123.1099291,
       49.2831234
      ],
      [
       -123.1099809,
       49.2831043
      ],
      [
       -123.1101001,
       49.2830281
      ],
      [
       -123.1100732,
       49.2830045
      ],
      [
       -123.1100372,
       49.2829921
      ],
      [
       -123.1100321,
       49.2829779
      ],
      [
       -123.110013,
       49.2829779
      ],
      [
       -123.1098963,
       49.2830557
      ],
      [
       -123.1099014,
       49.2830683
      ],
      [
       -123.1099158,
       49.2830714
      ],
      [
       -123.1098807,
       49.2830936
      ],
      [
       -123.109878,
       49.283081
      ],
      [
       -123.109859,
       49.283081
      ],
      [
       -123.1097913,
       49.2831254
      ],
      [
       -123.1098568,
       49.283171
      ]
     ]
    ]
   },
   "properties": {
    "sheet": "vancouver_1912_MAP342a_04",
    "outline_id": "vancouver_1912_MAP342a_04:block:4:part2:outline210",
    "block_id": "vancouver_1912_MAP342a_04:block:4:part2",
    "block_fid": 12,
    "block_number": null,
    "text_inside": [
     "17",
     "16"
    ],
    "numerals_inside": [],
    "words_inside": [],
    "floors": null,
    "wash_rgb": [
     253,
     200,
     205
    ],
    "wash_chroma": 20.5,
    "wash_lightness_delta": -36.9,
    "hue_deg": 354,
    "material": "brick",
    "area_source_px2": 6070,
    "centroid_source_px": [
     2121,
     3833
    ],
    "orphan": false,
    "centroid_map": [
     492003.544,
     5458930.234
    ]
   }
  },
  {
   "type": "Feature",
   "geometry": {
    "type": "Polygon",
    "coordinates": [
     [
      [
       -123.1055497,
       49.2831675
      ],
      [
       -123.1055923,
       49.2830758
      ],
      [
       -123.1055984,
       49.2830395
      ],
      [
       -123.1054908,
       49.2830194
      ],
      [
       -123.1054767,
       49.2830242
      ],
      [
       -123.1054023,
       49.2830008
      ],
      [
       -123.1052255,
       49.2829714
      ],
      [
       -123.1051994,
       49.2829747
      ],
      [
       -123.1051507,
       49.2831042
      ],
      [
       -123.1055403,
       49.2831722
      ],
      [
       -123.1055497,
       49.2831675
      ]
     ]
    ]
   },
   "properties": {
    "sheet": "vancouver_1912_MAP342a_04",
    "outline_id": "vancouver_1912_MAP342a_04:block:2:part1:outline211",
    "block_id": "vancouver_1912_MAP342a_04:block:2:part1",
    "block_fid": 13,
    "block_number": null,
    "text_inside": [],
    "numerals_inside": [],
    "words_inside": [],
    "floors": null,
    "wash_rgb": [
     254,
     254,
     254
    ],
    "wash_chroma": 0.0,
    "wash_lightness_delta": -0.0,
    "hue_deg": 0,
    "material": "not a building (open lot, yard or court)",
    "area_source_px2": 15410,
    "centroid_source_px": [
     4046,
     3844
    ],
    "orphan": false,
    "centroid_map": [
     492336.499,
     5458929.654
    ]
   }
  },
  {
   "type": "Feature",
   "geometry": {
    "type": "Polygon",
    "coordinates": [
     [
      [
       -123.1087004,
       49.283153
      ],
      [
       -123.1087286,
       49.2831403
      ],
      [
       -123.1087483,
       49.2830803
      ],
      [
       -123.108789,
       49.2830044
      ],
      [
       -123.1087745,
       49.282995
      ],
      [
       -123.1088025,
       49.282976
      ],
      [
       -123.1088672,
       49.2828275
      ],
      [
       -123.1088598,
       49.2828165
      ],
      [
       -123.1087427,
       49.2827964
      ],
      [
       -123.1087175,
       49.2828312
      ],
      [
       -123.1085974,
       49.2831266
      ],
      [
       -123.1086096,
       49.2831376
      ],
      [
       -123.1087004,
       49.283153
      ]
     ]
    ]
   },
   "properties": {
    "sheet": "vancouver_1912_MAP342a_04",
    "outline_id": "vancouver_1912_MAP342a_04:block:4:part1:outline212",
    "block_id": "vancouver_1912_MAP342a_04:block:4:part1",
    "block_fid": 12,
    "block_number": "11",
    "text_inside": [],
    "numerals_inside": [],
    "words_inside": [],
    "floors": null,
    "wash_rgb": [
     253,
     207,
     209
    ],
    "wash_chroma": 17.5,
    "wash_lightness_delta": -32.0,
    "hue_deg": 358,
    "material": "brick",
    "area_source_px2": 12606,
    "centroid_source_px": [
     2633,
     3899
    ],
    "orphan": false,
    "centroid_map": [
     492092.29,
     5458919.019
    ]
   }
  },
  {
   "type": "Feature",
   "geometry": {
    "type": "Polygon",
    "coordinates": [
     [
      [
       -123.105841,
       49.2831254
      ],
      [
       -123.1059963,
       49.2831517
      ],
      [
       -123.1060362,
       49.2830458
      ],
      [
       -123.1059955,
       49.2830397
      ],
      [
       -123.1059751,
       49.2830745
      ],
      [
       -123.1059202,
       49.2830652
      ],
      [
       -123.1059016,
       49.283081
      ],
      [
       -123.1058895,
       49.2830732
      ],
      [
       -123.1058587,
       49.2830796
      ],
      [
       -123.105841,
       49.2831254
      ]
     ]
    ]
   },
   "properties": {
    "sheet": "vancouver_1912_MAP342a_04",
    "outline_id": "vancouver_1912_MAP342a_04:block:2:part1:outline213",
    "block_id": "vancouver_1912_MAP342a_04:block:2:part1",
    "block_fid": 13,
    "block_number": null,
    "text_inside": [],
    "numerals_inside": [],
    "words_inside": [],
    "floors": null,
    "wash_rgb": [
     253,
     239,
     129
    ],
    "wash_chroma": 55.2,
    "wash_lightness_delta": -15.9,
    "hue_deg": 54,
    "material": "frame (wood)",
    "area_source_px2": 3267,
    "centroid_source_px": [
     3806,
     3824
    ],
    "orphan": false,
    "centroid_map": [
     492294.932,
     5458932.993
    ]
   }
  },
  {
   "type": "Feature",
   "geometry": {
    "type": "Polygon",
    "coordinates": [
     [
      [
       -123.1085761,
       49.2831314
      ],
      [
       -123.1085948,
       49.2831187
      ],
      [
       -123.1086524,
       49.2829671
      ],
      [
       -123.1086284,
       49.2829593
      ],
      [
       -123.1086448,
       49.2829529
      ],
      [
       -123.1087094,
       49.2827965
      ],
      [
       -123.108702,
       49.2827886
      ],
      [
       -123.1085993,
       49.2827701
      ],
      [
       -123.1085343,
       49.2829107
      ],
      [
       -123.1085421,
       49.2829375
      ],
      [
       -123.1085164,
       49.2829534
      ],
      [
       -123.1084631,
       49.2830876
      ],
      [
       -123.108492,
       49.2831001
      ],
      [
       -123.1084853,
       49.2831159
      ],
      [
       -123.1085761,
       49.2831314
      ]
     ]
    ]
   },
   "properties": {
    "sheet": "vancouver_1912_MAP342a_04",
    "outline_id": "vancouver_1912_MAP342a_04:block:4:part1:outline214",
    "block_id": "vancouver_1912_MAP342a_04:block:4:part1",
    "block_fid": 12,
    "block_number": "11",
    "text_inside": [],
    "numerals_inside": [],
    "words_inside": [],
    "floors": null,
    "wash_rgb": [
     253,
     207,
     209
    ],
    "wash_chroma": 17.8,
    "wash_lightness_delta": -32.5,
    "hue_deg": 358,
    "material": "brick",
    "area_source_px2": 11833,
    "centroid_source_px": [
     2694,
     3911
    ],
    "orphan": false,
    "centroid_map": [
     492102.875,
     5458916.957
    ]
   }
  },
  {
   "type": "Feature",
   "geometry": {
    "type": "Polygon",
    "coordinates": [
     [
      [
       -123.1097768,
       49.2831192
      ],
      [
       -123.1097958,
       49.2831175
      ],
      [
       -123.1098518,
       49.2830811
      ],
      [
       -123.1098679,
       49.2830605
      ],
      [
       -123.1098939,
       49.2830525
      ],
      [
       -123.1100153,
       49.2829732
      ],
      [
       -123.1099715,
       49.2829387
      ],
      [
       -123.1099476,
       49.282934
      ],
      [
       -123.1099449,
       49.282923
      ],
      [
       -123.1099237,
       49.2829294
      ],
      [
       -123.1098116,
       49.2830039
      ],
      [
       -123.1098383,
       49.2830227
      ],
      [
       -123.1098056,
       49.2830434
      ],
      [
       -123.1098006,
       49.2830355
      ],
      [
       -123.1097743,
       49.2830309
      ],
      [
       -123.1097089,
       49.2830705
      ],
      [
       -123.1097768,
       49.2831192
      ]
     ]
    ]
   },
   "properties": {
    "sheet": "vancouver_1912_MAP342a_04",
    "outline_id": "vancouver_1912_MAP342a_04:block:4:part2:outline215",
    "block_id": "vancouver_1912_MAP342a_04:block:4:part2",
    "block_fid": 12,
    "block_number": null,
    "text_inside": [
     "15",
     "20"
    ],
    "numerals_inside": [],
    "words_inside": [],
    "floors": null,
    "wash_rgb": [
     253,
     207,
     207
    ],
    "wash_chroma": 17.7,
    "wash_lightness_delta": -32.5,
    "hue_deg": 0,
    "material": "brick",
    "area_source_px2": 5934,
    "centroid_source_px": [
     2156,
     3868
    ],
    "orphan": false,
    "centroid_map": [
     492009.702,
     5458924.121
    ]
   }
  },
  {
   "type": "Feature",
   "geometry": {
    "type": "Polygon",
    "coordinates": [
     [
      [
       -123.1065734,
       49.2831228
      ],
      [
       -123.1065984,
       49.2830801
      ],
      [
       -123.1065788,
       49.2830613
      ],
      [
       -123.1065853,
       49.2830376
      ],
      [
       -123.1065973,
       49.2830407
      ],
      [
       -123.1065928,
       49.2830502
      ],
      [
       -123.1066071,
       49.2830533
      ],
      [
       -123.1066316,
       49.2829917
      ],
      [
       -123.1066052,
       49.2829854
      ],
      [
       -123.1065866,
       49.2829997
      ],
      [
       -123.1065652,
       49.2829998
      ],
      [
       -123.1065531,
       49.2829935
      ],
      [
       -123.1065741,
       49.2829792
      ],
      [
       -123.106512,
       49.28297
      ],
      [
       -123.1065004,
       49.2829795
      ],
      [
       -123.1064587,
       49.2831011
      ],
      [
       -123.1064921,
       49.2831073
      ],
      [
       -123.1065299,
       49.2830961
      ],
      [
       -123.1065491,
       49.2831024
      ],
      [
       -123.10654,
       49.2831166
      ],
      [
       -123.1065734,
       49.2831228
      ]
     ]
    ]
   },
   "properties": {
    "sheet": "vancouver_1912_MAP342a_04",
    "outline_id": "vancouver_1912_MAP342a_04:block:2:part1:outline216",
    "block_id": "vancouver_1912_MAP342a_04:block:2:part1",
    "block_fid": 13,
    "block_number": null,
    "text_inside": [
     "B"
    ],
    "numerals_inside": [],
    "words_inside": [],
    "floors": null,
    "wash_rgb": [
     253,
     212,
     214
    ],
    "wash_chroma": 15.5,
    "wash_lightness_delta": -28.7,
    "hue_deg": 358,
    "material": "brick",
    "area_source_px2": 4172,
    "centroid_source_px": [
     3556,
     3858
    ],
    "orphan": false,
    "centroid_map": [
     492251.797,
     5458926.855
    ]
   }
  },
  {
   "type": "Feature",
   "geometry": {
    "type": "Polygon",
    "coordinates": [
     [
      [
       -123.108428,
       49.2831067
      ],
      [
       -123.1084515,
       49.2830956
      ],
      [
       -123.1085069,
       49.2829534
      ],
      [
       -123.1084898,
       49.2829377
      ],
      [
       -123.108423,
       49.2829284
      ],
      [
       -123.1084154,
       49.2829111
      ],
      [
       -123.1083925,
       49.2829443
      ],
      [
       -123.1083987,
       49.2829112
      ],
      [
       -123.1083461,
       49.2829003
      ],
      [
       -123.1083099,
       49.2829667
      ],
      [
       -123.1082702,
       49.2830773
      ],
      [
       -123.1083205,
       49.2830881
      ],
      [
       -123.1083392,
       49.2830786
      ],
      [
       -123.1083467,
       49.2830928
      ],
      [
       -123.108428,
       49.2831067
      ]
     ]
    ]
   },
   "properties": {
    "sheet": "vancouver_1912_MAP342a_04",
    "outline_id": "vancouver_1912_MAP342a_04:block:4:part1:outline217",
    "block_id": "vancouver_1912_MAP342a_04:block:4:part1",
    "block_fid": 12,
    "block_number": "11",
    "text_inside": [],
    "numerals_inside": [],
    "words_inside": [],
    "floors": null,
    "wash_rgb": [
     253,
     204,
     207
    ],
    "wash_chroma": 18.6,
    "wash_lightness_delta": -33.9,
    "hue_deg": 356,
    "material": "brick",
    "area_source_px2": 8507,
    "centroid_source_px": [
     2777,
     3877
    ],
    "orphan": false,
    "centroid_map": [
     492117.128,
     5458922.978
    ]
   }
  },
  {
   "type": "Feature",
   "geometry": {
    "type": "Polygon",
    "coordinates": [
     [
      [
       -123.1064443,
       49.2830996
      ],
      [
       -123.1064716,
       49.2830537
      ],
      [
       -123.1064978,
       49.28297
      ],
      [
       -123.1064714,
       49.2829623
      ],
      [
       -123.1064337,
       49.2829734
      ],
      [
       -123.1064268,
       49.2829829
      ],
      [
       -123.1064218,
       49.2829735
      ],
      [
       -123.1063979,
       49.2829688
      ],
      [
       -123.106426,
       49.2829561
      ],
      [
       -123.1063782,
       49.2829452
      ],
      [
       -123.1063555,
       49.2829863
      ],
      [
       -123.1063637,
       49.2830226
      ],
      [
       -123.10634,
       49.2830258
      ],
      [
       -123.1063224,
       49.2830764
      ],
      [
       -123.1063559,
       49.2830841
      ],
      [
       -123.1063842,
       49.2830761
      ],
      [
       -123.1063934,
       49.2830651
      ],
      [
       -123.1063937,
       49.2830745
      ],
      [
       -123.1064152,
       49.2830792
      ],
      [
       -123.1064037,
       49.2830919
      ],
      [
       -123.1064443,
       49.2830996
      ]
     ]
    ]
   },
   "properties": {
    "sheet": "vancouver_1912_MAP342a_04",
    "outline_id": "vancouver_1912_MAP342a_04:block:2:part1:outline218",
    "block_id": "vancouver_1912_MAP342a_04:block:2:part1",
    "block_fid": 13,
    "block_number": null,
    "text_inside": [],
    "numerals_inside": [],
    "words_inside": [],
    "floors": null,
    "wash_rgb": [
     253,
     209,
     212
    ],
    "wash_chroma": 16.6,
    "wash_lightness_delta": -30.6,
    "hue_deg": 356,
    "material": "brick",
    "area_source_px2": 4341,
    "centroid_source_px": [
     3609,
     3871
    ],
    "orphan": false,
    "centroid_map": [
     492261.002,
     5458924.613
    ]
   }
  },
  {
   "type": "Feature",
   "geometry": {
    "type": "Polygon",
    "coordinates": [
     [
      [
       -123.1051387,
       49.2830995
      ],
      [
       -123.1051945,
       49.28297
      ],
      [
       -123.1049507,
       49.2829267
      ],
      [
       -123.1048949,
       49.2830578
      ],
      [
       -123.1051387,
       49.2830995
      ]
     ]
    ]
   },
   "properties": {
    "sheet": "vancouver_1912_MAP342a_04",
    "outline_id": "vancouver_1912_MAP342a_04:block:2:part1:outline219",
    "block_id": "vancouver_1912_MAP342a_04:block:2:part1",
    "block_fid": 13,
    "block_number": null,
    "text_inside": [],
    "numerals_inside": [],
    "words_inside": [],
    "floors": null,
    "wash_rgb": [
     254,
     254,
     254
    ],
    "wash_chroma": 0.0,
    "wash_lightness_delta": -0.0,
    "hue_deg": 0,
    "material": "not a building (open lot, yard or court)",
    "area_source_px2": 9102,
    "centroid_source_px": [
     4184,
     3882
    ],
    "orphan": false,
    "centroid_map": [
     492360.479,
     5458923.087
    ]
   }
  },
  {
   "type": "Feature",
   "geometry": {
    "type": "Polygon",
    "coordinates": [
     [
      [
       -123.1059678,
       49.2830682
      ],
      [
       -123.1059906,
       49.2830318
      ],
      [
       -123.1060454,
       49.2830363
      ],
      [
       -123.106101,
       49.2828989
      ],
      [
       -123.10607,
       49.2828974
      ],
      [
       -123.1060148,
       49.2828803
      ],
      [
       -123.1059964,
       49.2828993
      ],
      [
       -123.1059982,
       49.2828803
      ],
      [
       -123.1059886,
       49.2828756
      ],
      [
       -123.1059581,
       49.2828931
      ],
      [
       -123.1059479,
       49.2828695
      ],
      [
       -123.1059289,
       49.282868
      ],
      [
       -123.1059173,
       49.282879
      ],
      [
       -123.1059145,
       49.2828633
      ],
      [
       -123.10585,
       49.2828525
      ],
      [
       -123.1057669,
       49.2830294
      ],
      [
       -123.1058388,
       49.2830465
      ],
      [
       -123.1058549,
       49.2830276
      ],
      [
       -123.1058531,
       49.2830481
      ],
      [
       -123.1059224,
       49.2830589
      ],
      [
       -123.1059317,
       49.2830541
      ],
      [
       -123.1059391,
       49.2830635
      ],
      [
       -123.1059678,
       49.2830682
      ]
     ]
    ]
   },
   "properties": {
    "sheet": "vancouver_1912_MAP342a_04",
    "outline_id": "vancouver_1912_MAP342a_04:block:2:part1:outline220",
    "block_id": "vancouver_1912_MAP342a_04:block:2:part1",
    "block_fid": 13,
    "block_number": null,
    "text_inside": [],
    "numerals_inside": [],
    "words_inside": [],
    "floors": null,
    "wash_rgb": [
     253,
     206,
     212
    ],
    "wash_chroma": 18.0,
    "wash_lightness_delta": -32.7,
    "hue_deg": 352,
    "material": "brick",
    "area_source_px2": 12382,
    "centroid_source_px": [
     3810,
     3913
    ],
    "orphan": false,
    "centroid_map": [
     492295.89,
     5458917.389
    ]
   }
  },
  {
   "type": "Feature",
   "geometry": {
    "type": "Polygon",
    "coordinates": [
     [
      [
       -123.1080695,
       49.2830433
      ],
      [
       -123.1081244,
       49.2830526
      ],
      [
       -123.1081645,
       49.2830382
      ],
      [
       -123.1082202,
       49.2829071
      ],
      [
       -123.1082104,
       49.2828961
      ],
      [
       -123.1082448,
       49.2828502
      ],
      [
       -123.1082934,
       49.2827207
      ],
      [
       -123.1082504,
       49.282713
      ],
      [
       -123.1082324,
       49.2827493
      ],
      [
       -123.1081846,
       49.2827384
      ],
      [
       -123.1081728,
       49.2827448
      ],
      [
       -123.1080615,
       49.2830118
      ],
      [
       -123.1080762,
       49.2830291
      ],
      [
       -123.1080597,
       49.2830354
      ],
      [
       -123.1080695,
       49.2830433
      ]
     ]
    ]
   },
   "properties": {
    "sheet": "vancouver_1912_MAP342a_04",
    "outline_id": "vancouver_1912_MAP342a_04:block:4:part1:outline221",
    "block_id": "vancouver_1912_MAP342a_04:block:4:part1",
    "block_fid": 12,
    "block_number": "11",
    "text_inside": [],
    "numerals_inside": [],
    "words_inside": [],
    "floors": null,
    "wash_rgb": [
     253,
     235,
     132
    ],
    "wash_chroma": 52.3,
    "wash_lightness_delta": -18.2,
    "hue_deg": 52,
    "material": "frame (wood)",
    "area_source_px2": 9360,
    "centroid_source_px": [
     2867,
     3954
    ],
    "orphan": false,
    "centroid_map": [
     492132.923,
     5458909.538
    ]
   }
  },
  {
   "type": "Feature",
   "geometry": {
    "type": "Polygon",
    "coordinates": [
     [
      [
       -123.104883,
       49.2830563
      ],
      [
       -123.1049411,
       49.2829251
      ],
      [
       -123.1046807,
       49.2828819
      ],
      [
       -123.1046273,
       49.283013
      ],
      [
       -123.104883,
       49.2830563
      ]
     ]
    ]
   },
   "properties": {
    "sheet": "vancouver_1912_MAP342a_04",
    "outline_id": "vancouver_1912_MAP342a_04:block:2:part1:outline222",
    "block_id": "vancouver_1912_MAP342a_04:block:2:part1",
    "block_fid": 13,
    "block_number": null,
    "text_inside": [],
    "numerals_inside": [],
    "words_inside": [],
    "floors": null,
    "wash_rgb": [
     254,
     254,
     254
    ],
    "wash_chroma": 0.0,
    "wash_lightness_delta": -0.0,
    "hue_deg": 0,
    "material": "not a building (open lot, yard or court)",
    "area_source_px2": 9664,
    "centroid_source_px": [
     4291,
     3912
    ],
    "orphan": false,
    "centroid_map": [
     492379.074,
     5458917.901
    ]
   }
  },
  {
   "type": "Feature",
   "geometry": {
    "type": "Polygon",
    "coordinates": [
     [
      [
       -123.108036,
       49.2830371
      ],
      [
       -123.1080612,
       49.2830023
      ],
      [
       -123.1081836,
       49.2827053
      ],
      [
       -123.1081763,
       49.2826974
      ],
      [
       -123.1080855,
       49.2826836
      ],
      [
       -123.1080694,
       49.2827026
      ],
      [
       -123.1079425,
       49.2830106
      ],
      [
       -123.1079547,
       49.2830216
      ],
      [
       -123.108036,
       49.2830371
      ]
     ]
    ]
   },
   "properties": {
    "sheet": "vancouver_1912_MAP342a_04",
    "outline_id": "vancouver_1912_MAP342a_04:block:4:part1:outline223",
    "block_id": "vancouver_1912_MAP342a_04:block:4:part1",
    "block_fid": 12,
    "block_number": "11",
    "text_inside": [],
    "numerals_inside": [],
    "words_inside": [],
    "floors": null,
    "wash_rgb": [
     253,
     213,
     211
    ],
    "wash_chroma": 15.6,
    "wash_lightness_delta": -28.5,
    "hue_deg": 2,
    "material": "brick",
    "area_source_px2": 10292,
    "centroid_source_px": [
     2913,
     3972
    ],
    "orphan": false,
    "centroid_map": [
     492140.932,
     5458906.414
    ]
   }
  },
  {
   "type": "Feature",
   "geometry": {
    "type": "Polygon",
    "coordinates": [
     [
      [
       -123.105591,
       49.2830317
      ],
      [
       -123.1056068,
       49.2830016
      ],
      [
       -123.1056257,
       49.2829968
      ],
      [
       -123.1056994,
       49.2828278
      ],
      [
       -123.1056277,
       49.2828138
      ],
      [
       -123.1056027,
       49.2828534
      ],
      [
       -123.1056137,
       49.2828233
      ],
      [
       -123.1056038,
       49.2828092
      ],
      [
       -123.1055632,
       49.282803
      ],
      [
       -123.1055373,
       49.2828126
      ],
      [
       -123.1055345,
       49.2827968
      ],
      [
       -123.1054939,
       49.2827906
      ],
      [
       -123.1054755,
       49.2828128
      ],
      [
       -123.1054796,
       49.2827891
      ],
      [
       -123.1054389,
       49.2827798
      ],
      [
       -123.1054153,
       49.2827878
      ],
      [
       -123.1053995,
       49.2828178
      ],
      [
       -123.1054078,
       49.2827752
      ],
      [
       -123.1052979,
       49.2827582
      ],
      [
       -123.1052063,
       49.2829652
      ],
      [
       -123.1053162,
       49.2829853
      ],
      [
       -123.1053459,
       49.282941
      ],
      [
       -123.1053487,
       49.2829552
      ],
      [
       -123.1053822,
       49.282963
      ],
      [
       -123.105364,
       49.2829946
      ],
      [
       -123.1053855,
       49.2829977
      ],
      [
       -123.1053948,
       49.2829898
      ],
      [
       -123.1054023,
       49.2830024
      ],
      [
       -123.1054357,
       49.283007
      ],
      [
       -123.1054521,
       49.2829974
      ],
      [
       -123.1054716,
       49.2830131
      ],
      [
       -123.1054922,
       49.2829863
      ],
      [
       -123.1054907,
       49.2830147
      ],
      [
       -123.1055218,
       49.2830224
      ],
      [
       -123.1055334,
       49.2830129
      ],
      [
       -123.1055361,
       49.283024
      ],
      [
       -123.105591,
       49.2830317
      ]
     ]
    ]
   },
   "properties": {
    "sheet": "vancouver_1912_MAP342a_04",
    "outline_id": "vancouver_1912_MAP342a_04:block:2:part1:outline224",
    "block_id": "vancouver_1912_MAP342a_04:block:2:part1",
    "block_fid": 13,
    "block_number": null,
    "text_inside": [],
    "numerals_inside": [],
    "words_inside": [],
    "floors": null,
    "wash_rgb": [
     253,
     213,
     215
    ],
    "wash_chroma": 15.4,
    "wash_lightness_delta": -28.5,
    "hue_deg": 358,
    "material": "brick",
    "area_source_px2": 23082,
    "centroid_source_px": [
     4016,
     3958
    ],
    "orphan": false,
    "centroid_map": [
     492331.651,
     5458909.642
    ]
   }
  },
  {
   "type": "Feature",
   "geometry": {
    "type": "Polygon",
    "coordinates": [
     [
      [
       -123.1078878,
       49.2830108
      ],
      [
       -123.1079444,
       49.2829933
      ],
      [
       -123.1080713,
       49.2826868
      ],
      [
       -123.1080568,
       49.2826774
      ],
      [
       -123.1080308,
       49.2826822
      ],
      [
       -123.1080115,
       49.2826744
      ],
      [
       -123.1079864,
       49.2827123
      ],
      [
       -123.1079995,
       49.2826697
      ],
      [
       -123.1079492,
       49.2826588
      ],
      [
       -123.1079263,
       49.2826905
      ],
      [
       -123.1078066,
       49.2829969
      ],
      [
       -123.1078472,
       49.2830047
      ],
      [
       -123.1078707,
       49.2829935
      ],
      [
       -123.1078686,
       49.2830046
      ],
      [
       -123.1078878,
       49.2830108
      ]
     ]
    ]
   },
   "properties": {
    "sheet": "vancouver_1912_MAP342a_04",
    "outline_id": "vancouver_1912_MAP342a_04:block:4:part1:outline225",
    "block_id": "vancouver_1912_MAP342a_04:block:4:part1",
    "block_fid": 12,
    "block_number": "11",
    "text_inside": [],
    "numerals_inside": [],
    "words_inside": [],
    "floors": null,
    "wash_rgb": [
     253,
     215,
     213
    ],
    "wash_chroma": 14.7,
    "wash_lightness_delta": -27.1,
    "hue_deg": 4,
    "material": "brick",
    "area_source_px2": 12214,
    "centroid_source_px": [
     2966,
     3987
    ],
    "orphan": false,
    "centroid_map": [
     492150.143,
     5458903.821
    ]
   }
  },
  {
   "type": "Feature",
   "geometry": {
    "type": "Polygon",
    "coordinates": [
     [
      [
       -123.1102441,
       49.2829929
      ],
      [
       -123.1102487,
       49.282985
      ],
      [
       -123.1102293,
       49.2829709
      ],
      [
       -123.1102601,
       49.2829692
      ],
      [
       -123.110267,
       49.2829613
      ],
      [
       -123.1102312,
       49.2829551
      ],
      [
       -123.110238,
       49.282944
      ],
      [
       -123.1097558,
       49.2826271
      ],
      [
       -123.1096981,
       49.2826052
      ],
      [
       -123.1096529,
       49.2826038
      ],
      [
       -123.1096726,
       49.2826274
      ],
      [
       -123.1102298,
       49.2829914
      ],
      [
       -123.1102441,
       49.2829929
      ]
     ]
    ]
   },
   "properties": {
    "sheet": "vancouver_1912_MAP342a_04",
    "outline_id": "vancouver_1912_MAP342a_04:block:4:part2:outline226",
    "block_id": "vancouver_1912_MAP342a_04:block:4:part2",
    "block_fid": 12,
    "block_number": null,
    "text_inside": [
     "13",
     "12"
    ],
    "numerals_inside": [],
    "words_inside": [],
    "floors": null,
    "wash_rgb": [
     254,
     254,
     253
    ],
    "wash_chroma": 0.4,
    "wash_lightness_delta": -0.3,
    "hue_deg": 60,
    "material": "not a building (open lot, yard or court)",
    "area_source_px2": 7971,
    "centroid_source_px": [
     2114,
     4013
    ],
    "orphan": false,
    "centroid_map": [
     492002.87,
     5458898.664
    ]
   }
  },
  {
   "type": "Feature",
   "geometry": {
    "type": "Polygon",
    "coordinates": [
     [
      [
       -123.1077898,
       49.2829938
      ],
      [
       -123.1078015,
       49.2829843
      ],
      [
       -123.1079328,
       49.2826652
      ],
      [
       -123.1079229,
       49.2826542
      ],
      [
       -123.1078513,
       49.2826418
      ],
      [
       -123.1078349,
       49.2826529
      ],
      [
       -123.1077036,
       49.2829736
      ],
      [
       -123.1077898,
       49.2829938
      ]
     ]
    ]
   },
   "properties": {
    "sheet": "vancouver_1912_MAP342a_04",
    "outline_id": "vancouver_1912_MAP342a_04:block:4:part1:outline227",
    "block_id": "vancouver_1912_MAP342a_04:block:4:part1",
    "block_fid": 12,
    "block_number": "11",
    "text_inside": [],
    "numerals_inside": [],
    "words_inside": [],
    "floors": null,
    "wash_rgb": [
     253,
     216,
     214
    ],
    "wash_chroma": 14.2,
    "wash_lightness_delta": -26.3,
    "hue_deg": 4,
    "material": "brick",
    "area_source_px2": 9146,
    "centroid_source_px": [
     3015,
     4000
    ],
    "orphan": false,
    "centroid_map": [
     492158.657,
     5458901.575
    ]
   }
  },
  {
   "type": "Feature",
   "geometry": {
    "type": "Polygon",
    "coordinates": [
     [
      [
       -123.1076847,
       49.2829753
      ],
      [
       -123.1077054,
       49.2829531
      ],
      [
       -123.1078323,
       49.282645
      ],
      [
       -123.1078106,
       49.2826341
      ],
      [
       -123.1077629,
       49.2826279
      ],
      [
       -123.1077442,
       49.2826406
      ],
      [
       -123.107739,
       49.2826233
      ],
      [
       -123.107684,
       49.2826124
      ],
      [
       -123.1076651,
       49.2826172
      ],
      [
       -123.1075314,
       49.2829364
      ],
      [
       -123.1075388,
       49.282949
      ],
      [
       -123.1076034,
       49.2829598
      ],
      [
       -123.1076286,
       49.2829266
      ],
      [
       -123.1076177,
       49.2829613
      ],
      [
       -123.1076321,
       49.282966
      ],
      [
       -123.1076532,
       49.2829564
      ],
      [
       -123.1076631,
       49.2829706
      ],
      [
       -123.1076847,
       49.2829753
      ]
     ]
    ]
   },
   "properties": {
    "sheet": "vancouver_1912_MAP342a_04",
    "outline_id": "vancouver_1912_MAP342a_04:block:4:part1:outline228",
    "block_id": "vancouver_1912_MAP342a_04:block:4:part1",
    "block_fid": 12,
    "block_number": "11",
    "text_inside": [
     "3"
    ],
    "numerals_inside": [],
    "words_inside": [],
    "floors": null,
    "wash_rgb": [
     253,
     217,
     215
    ],
    "wash_chroma": 13.9,
    "wash_lightness_delta": -25.8,
    "hue_deg": 4,
    "material": "brick",
    "area_source_px2": 15892,
    "centroid_source_px": [
     3073,
     4016
    ],
    "orphan": false,
    "centroid_map": [
     492168.735,
     5458898.81
    ]
   }
  },
  {
   "type": "Feature",
   "geometry": {
    "type": "Polygon",
    "coordinates": [
     [
      [
       -123.1099305,
       49.2829199
      ],
      [
       -123.109923,
       49.2829073
      ],
      [
       -123.1098891,
       49.2828853
      ],
      [
       -123.1098678,
       49.282887
      ],
      [
       -123.1098649,
       49.2828696
      ],
      [
       -123.1098261,
       49.2828445
      ],
      [
       -123.1097977,
       49.2828462
      ],
      [
       -123.1097638,
       49.2828274
      ],
      [
       -123.1097852,
       49.2828257
      ],
      [
       -123.109785,
       49.2828179
      ],
      [
       -123.1096711,
       49.2827441
      ],
      [
       -123.1096307,
       49.2827459
      ],
      [
       -123.1096218,
       49.2827664
      ],
      [
       -123.1096648,
       49.2827725
      ],
      [
       -123.1096798,
       49.2827993
      ],
      [
       -123.1097402,
       49.2828338
      ],
      [
       -123.1097164,
       49.2828307
      ],
      [
       -123.1096834,
       49.2828435
      ],
      [
       -123.1097487,
       49.2828827
      ],
      [
       -123.1097603,
       49.28287
      ],
      [
       -123.1097433,
       49.2828574
      ],
      [
       -123.1097693,
       49.2828542
      ],
      [
       -123.1098347,
       49.282895
      ],
      [
       -123.1098327,
       49.2829092
      ],
      [
       -123.1098493,
       49.2829075
      ],
      [
       -123.1098783,
       49.2829216
      ],
      [
       -123.1098568,
       49.2829201
      ],
      [
       -123.1098524,
       49.2829312
      ],
      [
       -123.1098309,
       49.2829281
      ],
      [
       -123.109824,
       49.2829376
      ],
      [
       -123.1098697,
       49.2829548
      ],
      [
       -123.1099305,
       49.2829199
      ]
     ]
    ]
   },
   "properties": {
    "sheet": "vancouver_1912_MAP342a_04",
    "outline_id": "vancouver_1912_MAP342a_04:block:4:part2:outline229",
    "block_id": "vancouver_1912_MAP342a_04:block:4:part2",
    "block_fid": 12,
    "block_number": null,
    "text_inside": [
     "Trusts Bead"
    ],
    "numerals_inside": [],
    "words_inside": [
     "Trusts Bead"
    ],
    "floors": null,
    "wash_rgb": [
     253,
     207,
     207
    ],
    "wash_chroma": 17.5,
    "wash_lightness_delta": -32.4,
    "hue_deg": 0,
    "material": "brick",
    "area_source_px2": 4062,
    "centroid_source_px": [
     2191,
     3976
    ],
    "orphan": false,
    "centroid_map": [
     492016.077,
     5458905.207
    ]
   }
  },
  {
   "type": "Feature",
   "geometry": {
    "type": "Polygon",
    "coordinates": [
     [
      [
       -123.1051919,
       49.2829621
      ],
      [
       -123.1052081,
       49.2829447
      ],
      [
       -123.1052884,
       49.2827567
      ],
      [
       -123.1051879,
       49.2827365
      ],
      [
       -123.1051691,
       49.2827429
      ],
      [
       -123.1051568,
       49.2827303
      ],
      [
       -123.1050493,
       49.2827133
      ],
      [
       -123.1050332,
       49.2827308
      ],
      [
       -123.1049529,
       49.2829203
      ],
      [
       -123.1050484,
       49.2829342
      ],
      [
       -123.1050786,
       49.2829073
      ],
      [
       -123.1050664,
       49.2828979
      ],
      [
       -123.1050956,
       49.2828347
      ],
      [
       -123.1051528,
       49.2828392
      ],
      [
       -123.10515,
       49.2828266
      ],
      [
       -123.1050567,
       49.2828048
      ],
      [
       -123.1050801,
       49.2827937
      ],
      [
       -123.1051185,
       49.2828062
      ],
      [
       -123.1051542,
       49.282806
      ],
      [
       -123.1051664,
       49.2828155
      ],
      [
       -123.1051805,
       49.2828107
      ],
      [
       -123.1051974,
       49.2828201
      ],
      [
       -123.1052332,
       49.2828231
      ],
      [
       -123.1052142,
       49.2828248
      ],
      [
       -123.1051931,
       49.2828359
      ],
      [
       -123.1052028,
       49.2828437
      ],
      [
       -123.1051815,
       49.282847
      ],
      [
       -123.1051597,
       49.2829149
      ],
      [
       -123.1051144,
       49.2829119
      ],
      [
       -123.1050963,
       49.2829451
      ],
      [
       -123.1051919,
       49.2829621
      ]
     ]
    ]
   },
   "properties": {
    "sheet": "vancouver_1912_MAP342a_04",
    "outline_id": "vancouver_1912_MAP342a_04:block:2:part1:outline230",
    "block_id": "vancouver_1912_MAP342a_04:block:2:part1",
    "block_fid": 13,
    "block_number": null,
    "text_inside": [
     "Russ",
     "Hotel"
    ],
    "numerals_inside": [],
    "words_inside": [
     "Russ",
     "Hotel"
    ],
    "floors": null,
    "wash_rgb": [
     253,
     212,
     214
    ],
    "wash_chroma": 15.6,
    "wash_lightness_delta": -28.8,
    "hue_deg": 358,
    "material": "brick",
    "area_source_px2": 11678,
    "centroid_source_px": [
     4154,
     3993
    ],
    "orphan": false,
    "centroid_map": [
     492355.622,
     5458903.601
    ]
   }
  },
  {
   "type": "Feature",
   "geometry": {
    "type": "Polygon",
    "coordinates": [
     [
      [
       -123.1073452,
       49.2829134
      ],
      [
       -123.1073859,
       49.2829227
      ],
      [
       -123.1074044,
       49.2829053
      ],
      [
       -123.1074337,
       49.2829304
      ],
      [
       -123.1075126,
       49.2829443
      ],
      [
       -123.1075219,
       49.2829396
      ],
      [
       -123.1075932,
       49.2827689
      ],
      [
       -123.1075906,
       49.2827595
      ],
      [
       -123.1075642,
       49.2827517
      ],
      [
       -123.1075999,
       49.2827516
      ],
      [
       -123.1076287,
       49.2826789
      ],
      [
       -123.1075714,
       49.2826696
      ],
      [
       -123.107558,
       49.2826997
      ],
      [
       -123.107532,
       49.2827045
      ],
      [
       -123.107521,
       49.2827377
      ],
      [
       -123.1075284,
       49.2827455
      ],
      [
       -123.1075022,
       49.2827456
      ],
      [
       -123.1074882,
       49.2827551
      ],
      [
       -123.1074909,
       49.2827677
      ],
      [
       -123.1074768,
       49.2827741
      ],
      [
       -123.1074578,
       49.2827742
      ],
      [
       -123.1074668,
       49.2827536
      ],
      [
       -123.1074592,
       49.2827379
      ],
      [
       -123.1074209,
       49.2827317
      ],
      [
       -123.1074116,
       49.2827365
      ],
      [
       -123.1073468,
       49.2828866
      ],
      [
       -123.1073452,
       49.2829134
      ]
     ]
    ]
   },
   "properties": {
    "sheet": "vancouver_1912_MAP342a_04",
    "outline_id": "vancouver_1912_MAP342a_04:block:4:part1:outline231",
    "block_id": "vancouver_1912_MAP342a_04:block:4:part1",
    "block_fid": 12,
    "block_number": "11",
    "text_inside": [
     "2"
    ],
    "numerals_inside": [],
    "words_inside": [],
    "floors": null,
    "wash_rgb": [
     253,
     218,
     203
    ],
    "wash_chroma": 19.9,
    "wash_lightness_delta": -26.0,
    "hue_deg": 18,
    "material": "brick",
    "area_source_px2": 10780,
    "centroid_source_px": [
     3155,
     3998
    ],
    "orphan": false,
    "centroid_map": [
     492182.863,
     5458902.024
    ]
   }
  },
  {
   "type": "Feature",
   "geometry": {
    "type": "Polygon",
    "coordinates": [
     [
      [
       -123.1082972,
       49.2829368
      ],
      [
       -123.1083208,
       49.282932
      ],
      [
       -123.1083987,
       49.2827424
      ],
      [
       -123.1083913,
       49.2827345
      ],
      [
       -123.1083173,
       49.2827222
      ],
      [
       -123.1082984,
       49.2827286
      ],
      [
       -123.1082452,
       49.2828644
      ],
      [
       -123.1082599,
       49.2828801
      ],
      [
       -123.1082228,
       49.282915
      ],
      [
       -123.1082302,
       49.2829244
      ],
      [
       -123.1082972,
       49.2829368
      ]
     ]
    ]
   },
   "properties": {
    "sheet": "vancouver_1912_MAP342a_04",
    "outline_id": "vancouver_1912_MAP342a_04:block:4:part1:outline232",
    "block_id": "vancouver_1912_MAP342a_04:block:4:part1",
    "block_fid": 12,
    "block_number": "11",
    "text_inside": [
     "5"
    ],
    "numerals_inside": [
     "5"
    ],
    "words_inside": [],
    "floors": null,
    "wash_rgb": [
     254,
     254,
     254
    ],
    "wash_chroma": 0.2,
    "wash_lightness_delta": -0.2,
    "hue_deg": 0,
    "material": "not a building (open lot, yard or court)",
    "area_source_px2": 5466,
    "centroid_source_px": [
     2807,
     3992
    ],
    "orphan": false,
    "centroid_map": [
     492122.66,
     5458902.833
    ]
   }
  },
  {
   "type": "Feature",
   "geometry": {
    "type": "Polygon",
    "coordinates": [
     [
      [
       -123.1046154,
       49.2829279
      ],
      [
       -123.1046271,
       49.2829199
      ],
      [
       -123.1046492,
       49.2828599
      ],
      [
       -123.104687,
       49.2828535
      ],
      [
       -123.1046698,
       49.2828314
      ],
      [
       -123.1046879,
       49.2827998
      ],
      [
       -123.1046805,
       49.282792
      ],
      [
       -123.1047114,
       49.2827903
      ],
      [
       -123.1047269,
       49.2827476
      ],
      [
       -123.1047008,
       49.2827509
      ],
      [
       -123.1046894,
       49.2827667
      ],
      [
       -123.1046583,
       49.2827636
      ],
      [
       -123.1046484,
       49.2827479
      ],
      [
       -123.1045742,
       49.2827308
      ],
      [
       -123.104565,
       49.2827435
      ],
      [
       -123.1045531,
       49.2827435
      ],
      [
       -123.1045458,
       49.2827372
      ],
      [
       -123.1045598,
       49.2827277
      ],
      [
       -123.1045502,
       49.282723
      ],
      [
       -123.1045169,
       49.2827247
      ],
      [
       -123.1045077,
       49.2827358
      ],
      [
       -123.1044957,
       49.2827311
      ],
      [
       -123.1045025,
       49.28272
      ],
      [
       -123.1044596,
       49.2827154
      ],
      [
       -123.1044369,
       49.282755
      ],
      [
       -123.1044363,
       49.2829033
      ],
      [
       -123.104472,
       49.2829031
      ],
      [
       -123.1046154,
       49.2829279
      ]
     ]
    ]
   },
   "properties": {
    "sheet": "vancouver_1912_MAP342a_04",
    "outline_id": "vancouver_1912_MAP342a_04:block:2:part1:outline233",
    "block_id": "vancouver_1912_MAP342a_04:block:2:part1",
    "block_fid": 13,
    "block_number": null,
    "text_inside": [
     "15"
    ],
    "numerals_inside": [
     "15"
    ],
    "words_inside": [],
    "floors": null,
    "wash_rgb": [
     253,
     210,
     214
    ],
    "wash_chroma": 16.5,
    "wash_lightness_delta": -30.2,
    "hue_deg": 354,
    "material": "brick",
    "area_source_px2": 11294,
    "centroid_source_px": [
     4388,
     4002
    ],
    "orphan": false,
    "centroid_map": [
     492396.118,
     5458902.187
    ]
   }
  },
  {
   "type": "Feature",
   "geometry": {
    "type": "Polygon",
    "coordinates": [
     [
      [
       -123.1084558,
       49.2829126
      ],
      [
       -123.1085229,
       49.2827609
      ],
      [
       -123.1084368,
       49.2827423
      ],
      [
       -123.1084227,
       49.2827502
      ],
      [
       -123.1084129,
       49.2827408
      ],
      [
       -123.1083435,
       49.2828925
      ],
      [
       -123.1084009,
       49.2829033
      ],
      [
       -123.1084124,
       49.2828906
      ],
      [
       -123.1084152,
       49.2829064
      ],
      [
       -123.1084558,
       49.2829126
      ]
     ]
    ]
   },
   "properties": {
    "sheet": "vancouver_1912_MAP342a_04",
    "outline_id": "vancouver_1912_MAP342a_04:block:4:part1:outline234",
    "block_id": "vancouver_1912_MAP342a_04:block:4:part1",
    "block_fid": 12,
    "block_number": "11",
    "text_inside": [],
    "numerals_inside": [],
    "words_inside": [],
    "floors": null,
    "wash_rgb": [
     253,
     202,
     207
    ],
    "wash_chroma": 19.5,
    "wash_lightness_delta": -35.3,
    "hue_deg": 354,
    "material": "brick",
    "area_source_px2": 4859,
    "centroid_source_px": [
     2756,
     3994
    ],
    "orphan": false,
    "centroid_map": [
     492113.845,
     5458902.446
    ]
   }
  },
  {
   "type": "Feature",
   "geometry": {
    "type": "Polygon",
    "coordinates": [
     [
      [
       -123.1049362,
       49.2829188
      ],
      [
       -123.1049503,
       49.2829109
      ],
      [
       -123.1050305,
       49.2827197
      ],
      [
       -123.1050158,
       49.2827056
      ],
      [
       -123.1049418,
       49.2826932
      ],
      [
       -123.1049136,
       49.2827059
      ],
      [
       -123.1048922,
       49.282706
      ],
      [
       -123.1048251,
       49.2828577
      ],
      [
       -123.1048277,
       49.2828656
      ],
      [
       -123.1048467,
       49.2828655
      ],
      [
       -123.1048556,
       49.2828434
      ],
      [
       -123.1048744,
       49.2828354
      ],
      [
       -123.1048854,
       49.2828039
      ],
      [
       -123.1049017,
       49.2827912
      ],
      [
       -123.1048868,
       49.2827691
      ],
      [
       -123.1049058,
       49.2827691
      ],
      [
       -123.1049238,
       49.2827296
      ],
      [
       -123.1049508,
       49.2827594
      ],
      [
       -123.1049699,
       49.2827625
      ],
      [
       -123.1049797,
       49.2827751
      ],
      [
       -123.1049567,
       49.282802
      ],
      [
       -123.1049642,
       49.2828146
      ],
      [
       -123.1049397,
       49.2828746
      ],
      [
       -123.1048897,
       49.2828701
      ],
      [
       -123.1048805,
       49.2828843
      ],
      [
       -123.104864,
       49.2828875
      ],
      [
       -123.1048493,
       49.2828718
      ],
      [
       -123.1048262,
       49.2828987
      ],
      [
       -123.1049362,
       49.2829188
      ]
     ]
    ]
   },
   "properties": {
    "sheet": "vancouver_1912_MAP342a_04",
    "outline_id": "vancouver_1912_MAP342a_04:block:2:part1:outline235",
    "block_id": "vancouver_1912_MAP342a_04:block:2:part1",
    "block_fid": 13,
    "block_number": null,
    "text_inside": [],
    "numerals_inside": [],
    "words_inside": [],
    "floors": null,
    "wash_rgb": [
     253,
     210,
     212
    ],
    "wash_chroma": 16.4,
    "wash_lightness_delta": -30.2,
    "hue_deg": 358,
    "material": "brick",
    "area_source_px2": 5064,
    "centroid_source_px": [
     4229,
     4023
    ],
    "orphan": false,
    "centroid_map": [
     492368.682,
     5458898.393
    ]
   }
  },
  {
   "type": "Feature",
   "geometry": {
    "type": "Polygon",
    "coordinates": [
     [
      [
       -123.1072425,
       49.282898
      ],
      [
       -123.1072659,
       49.2828853
      ],
      [
       -123.1072585,
       49.2828743
      ],
      [
       -123.1072675,
       49.2828569
      ],
      [
       -123.1072982,
       49.2828489
      ],
      [
       -123.1072908,
       49.282841
      ],
      [
       -123.1072742,
       49.2828411
      ],
      [
       -123.107269,
       49.2828269
      ],
      [
       -123.107292,
       49.2827984
      ],
      [
       -123.1073366,
       49.2827777
      ],
      [
       -123.1073055,
       49.28277
      ],
      [
       -123.1073118,
       49.2827416
      ],
      [
       -123.1072497,
       49.2827307
      ],
      [
       -123.1072311,
       49.282745
      ],
      [
       -123.1071777,
       49.2828761
      ],
      [
       -123.1071803,
       49.2828856
      ],
      [
       -123.1072425,
       49.282898
      ]
     ]
    ]
   },
   "properties": {
    "sheet": "vancouver_1912_MAP342a_04",
    "outline_id": "vancouver_1912_MAP342a_04:block:4:part1:outline236",
    "block_id": "vancouver_1912_MAP342a_04:block:4:part1",
    "block_fid": 12,
    "block_number": "11",
    "text_inside": [],
    "numerals_inside": [],
    "words_inside": [],
    "floors": null,
    "wash_rgb": [
     253,
     217,
     216
    ],
    "wash_chroma": 13.9,
    "wash_lightness_delta": -26.1,
    "hue_deg": 2,
    "material": "brick",
    "area_source_px2": 3560,
    "centroid_source_px": [
     3255,
     4003
    ],
    "orphan": false,
    "centroid_map": [
     492200.173,
     5458901.218
    ]
   }
  },
  {
   "type": "Feature",
   "geometry": {
    "type": "Polygon",
    "coordinates": [
     [
      [
       -123.1047738,
       49.2828926
      ],
      [
       -123.1047856,
       49.2828894
      ],
      [
       -123.1047944,
       49.2828673
      ],
      [
       -123.1048134,
       49.2828641
      ],
      [
       -123.1048805,
       49.2827155
      ],
      [
       -123.104873,
       49.2827014
      ],
      [
       -123.1048871,
       49.2826934
      ],
      [
       -123.1048845,
       49.2826855
      ],
      [
       -123.1048366,
       49.2826762
      ],
      [
       -123.1048114,
       49.2827095
      ],
      [
       -123.1048223,
       49.2826747
      ],
      [
       -123.1047816,
       49.2826654
      ],
      [
       -123.1047675,
       49.2826686
      ],
      [
       -123.1046828,
       49.2828708
      ],
      [
       -123.1047307,
       49.2828849
      ],
      [
       -123.10474,
       49.2828769
      ],
      [
       -123.104745,
       49.2828864
      ],
      [
       -123.1047738,
       49.2828926
      ]
     ]
    ]
   },
   "properties": {
    "sheet": "vancouver_1912_MAP342a_04",
    "outline_id": "vancouver_1912_MAP342a_04:block:2:part1:outline237",
    "block_id": "vancouver_1912_MAP342a_04:block:2:part1",
    "block_fid": 13,
    "block_number": null,
    "text_inside": [],
    "numerals_inside": [],
    "words_inside": [],
    "floors": null,
    "wash_rgb": [
     253,
     209,
     212
    ],
    "wash_chroma": 17.0,
    "wash_lightness_delta": -31.1,
    "hue_deg": 356,
    "material": "brick",
    "area_source_px2": 7008,
    "centroid_source_px": [
     4289,
     4031
    ],
    "orphan": false,
    "centroid_map": [
     492379.083,
     5458897.032
    ]
   }
  },
  {
   "type": "Feature",
   "geometry": {
    "type": "Polygon",
    "coordinates": [
     [
      [
       -123.1069915,
       49.2828515
      ],
      [
       -123.1070681,
       49.2828686
      ],
      [
       -123.1071106,
       49.282859
      ],
      [
       -123.1071749,
       49.2828604
      ],
      [
       -123.1072486,
       49.2826913
      ],
      [
       -123.1073608,
       49.2827067
      ],
      [
       -123.1073674,
       49.2826877
      ],
      [
       -123.1073815,
       49.2826829
      ],
      [
       -123.1073763,
       49.2826656
      ],
      [
       -123.107388,
       49.2826593
      ],
      [
       -123.107383,
       49.2826514
      ],
      [
       -123.1073663,
       49.2826499
      ],
      [
       -123.1073683,
       49.2826357
      ],
      [
       -123.1073852,
       49.2826435
      ],
      [
       -123.1074017,
       49.2826387
      ],
      [
       -123.1073894,
       49.2826261
      ],
      [
       -123.1073985,
       49.2826119
      ],
      [
       -123.1074202,
       49.2826197
      ],
      [
       -123.1074229,
       49.2826307
      ],
      [
       -123.1074041,
       49.2826418
      ],
      [
       -123.1074118,
       49.2826607
      ],
      [
       -123.1074001,
       49.2826655
      ],
      [
       -123.1074029,
       49.2826829
      ],
      [
       -123.1073888,
       49.2826892
      ],
      [
       -123.1073895,
       49.2827113
      ],
      [
       -123.1074133,
       49.2827144
      ],
      [
       -123.1074713,
       49.2825785
      ],
      [
       -123.1073207,
       49.2825506
      ],
      [
       -123.1072978,
       49.2825823
      ],
      [
       -123.1072992,
       49.2825476
      ],
      [
       -123.1071272,
       49.2825198
      ],
      [
       -123.1070646,
       49.282662
      ],
      [
       -123.1070919,
       49.2827013
      ],
      [
       -123.1071179,
       49.2826949
      ],
      [
       -123.1071152,
       49.2826839
      ],
      [
       -123.1071291,
       49.2826728
      ],
      [
       -123.1071217,
       49.2826618
      ],
      [
       -123.1071074,
       49.2826603
      ],
      [
       -123.1071166,
       49.2826508
      ],
      [
       -123.1071384,
       49.2826649
      ],
      [
       -123.1071427,
       49.2826491
      ],
      [
       -123.107155,
       49.2826617
      ],
      [
       -123.1071392,
       49.2826933
      ],
      [
       -123.1071252,
       49.2827012
      ],
      [
       -123.1071304,
       49.282717
      ],
      [
       -123.1071188,
       49.2827265
      ],
      [
       -123.1071216,
       49.2827438
      ],
      [
       -123.1071099,
       49.2827502
      ],
      [
       -123.107111,
       49.282788
      ],
      [
       -123.1071041,
       49.2827959
      ],
      [
       -123.1071013,
       49.2827817
      ],
      [
       -123.1070651,
       49.2827645
      ],
      [
       -123.1070761,
       49.2827314
      ],
      [
       -123.1070951,
       49.2827297
      ],
      [
       -123.1071066,
       49.282717
      ],
      [
       -123.1070801,
       49.2827061
      ],
      [
       -123.1070709,
       49.282714
      ],
      [
       -123.1070539,
       49.282703
      ],
      [
       -123.1069915,
       49.2828515
      ]
     ]
    ]
   },
   "properties": {
    "sheet": "vancouver_1912_MAP342a_04",
    "outline_id": "vancouver_1912_MAP342a_04:block:4:part1:outline238",
    "block_id": "vancouver_1912_MAP342a_04:block:4:part1",
    "block_fid": 12,
    "block_number": "11",
    "text_inside": [
     "Hotel",
     "1",
     "16"
    ],
    "numerals_inside": [],
    "words_inside": [
     "Hotel"
    ],
    "floors": null,
    "wash_rgb": [
     253,
     216,
     215
    ],
    "wash_chroma": 14.1,
    "wash_lightness_delta": -26.4,
    "hue_deg": 2,
    "material": "brick",
    "area_source_px2": 21040,
    "centroid_source_px": [
     3271,
     4090
    ],
    "orphan": false,
    "centroid_map": [
     492203.199,
     5458885.973
    ]
   }
  },
  {
   "type": "Feature",
   "geometry": {
    "type": "Polygon",
    "coordinates": [
     [
      [
       -123.1092859,
       49.2828291
      ],
      [
       -123.1093145,
       49.2827501
      ],
      [
       -123.109133,
       49.2827208
      ],
      [
       -123.1090372,
       49.2826975
      ],
      [
       -123.108894,
       49.2826791
      ],
      [
       -123.1088629,
       49.2827581
      ],
      [
       -123.1092263,
       49.2828246
      ],
      [
       -123.1092859,
       49.2828291
      ]
     ]
    ]
   },
   "properties": {
    "sheet": "vancouver_1912_MAP342a_04",
    "outline_id": "vancouver_1912_MAP342a_04:block:4:part1:outline239",
    "block_id": "vancouver_1912_MAP342a_04:block:4:part1",
    "block_fid": 12,
    "block_number": "11",
    "text_inside": [
     "Commercial"
    ],
    "numerals_inside": [],
    "words_inside": [
     "Commercial"
    ],
    "floors": null,
    "wash_rgb": [
     253,
     202,
     206
    ],
    "wash_chroma": 19.5,
    "wash_lightness_delta": -35.4,
    "hue_deg": 356,
    "material": "brick",
    "area_source_px2": 9890,
    "centroid_source_px": [
     2478,
     4038
    ],
    "orphan": false,
    "centroid_map": [
     492065.898,
     5458894.535
    ]
   }
  },
  {
   "type": "Feature",
   "geometry": {
    "type": "Polygon",
    "coordinates": [
     [
      [
       -123.1067072,
       49.2828052
      ],
      [
       -123.1067763,
       49.2826409
      ],
      [
       -123.1066997,
       49.2826254
      ],
      [
       -123.1066837,
       49.2826476
      ],
      [
       -123.1066761,
       49.2826318
      ],
      [
       -123.1066333,
       49.282632
      ],
      [
       -123.1066209,
       49.2826115
      ],
      [
       -123.1066068,
       49.2826179
      ],
      [
       -123.1065946,
       49.2826069
      ],
      [
       -123.106523,
       49.2825977
      ],
      [
       -123.1064538,
       49.2827604
      ],
      [
       -123.1065327,
       49.2827759
      ],
      [
       -123.1065465,
       49.2827585
      ],
      [
       -123.1065541,
       49.2827758
      ],
      [
       -123.1065848,
       49.2827678
      ],
      [
       -123.1066112,
       49.2827756
      ],
      [
       -123.106602,
       49.2827867
      ],
      [
       -123.106614,
       49.2827898
      ],
      [
       -123.1066302,
       49.282774
      ],
      [
       -123.1066331,
       49.2827945
      ],
      [
       -123.1067072,
       49.2828052
      ]
     ]
    ]
   },
   "properties": {
    "sheet": "vancouver_1912_MAP342a_04",
    "outline_id": "vancouver_1912_MAP342a_04:block:3:outline240",
    "block_id": "vancouver_1912_MAP342a_04:block:3",
    "block_fid": 14,
    "block_number": "3",
    "text_inside": [],
    "numerals_inside": [],
    "words_inside": [],
    "floors": null,
    "wash_rgb": [
     253,
     214,
     214
    ],
    "wash_chroma": 14.8,
    "wash_lightness_delta": -27.6,
    "hue_deg": 0,
    "material": "brick",
    "area_source_px2": 11458,
    "centroid_source_px": [
     3520,
     4076
    ],
    "orphan": false,
    "centroid_map": [
     492246.221,
     5458888.602
    ]
   }
  },
  {
   "type": "Feature",
   "geometry": {
    "type": "Polygon",
    "coordinates": [
     [
      [
       -123.1064371,
       49.2827589
      ],
      [
       -123.1064487,
       49.2827478
      ],
      [
       -123.1065334,
       49.2825456
      ],
      [
       -123.1065209,
       49.2825251
      ],
      [
       -123.106549,
       49.2825092
      ],
      [
       -123.1065823,
       49.2824239
      ],
      [
       -123.1065058,
       49.28241
      ],
      [
       -123.1064917,
       49.2824148
      ],
      [
       -123.1063556,
       49.2827339
      ],
      [
       -123.1063607,
       49.2827465
      ],
      [
       -123.1064371,
       49.2827589
      ]
     ]
    ]
   },
   "properties": {
    "sheet": "vancouver_1912_MAP342a_04",
    "outline_id": "vancouver_1912_MAP342a_04:block:3:outline241",
    "block_id": "vancouver_1912_MAP342a_04:block:3",
    "block_fid": 14,
    "block_number": "3",
    "text_inside": [],
    "numerals_inside": [],
    "words_inside": [],
    "floors": null,
    "wash_rgb": [
     253,
     212,
     213
    ],
    "wash_chroma": 15.7,
    "wash_lightness_delta": -29.1,
    "hue_deg": 358,
    "material": "brick",
    "area_source_px2": 8611,
    "centroid_source_px": [
     3580,
     4150
    ],
    "orphan": false,
    "centroid_map": [
     492256.819,
     5458875.668
    ]
   }
  },
  {
   "type": "Feature",
   "geometry": {
    "type": "Polygon",
    "coordinates": [
     [
      [
       -123.1074183,
       49.2827238
      ],
      [
       -123.1075091,
       49.2827377
      ],
      [
       -123.1075294,
       49.2826982
      ],
      [
       -123.1075554,
       49.2826918
      ],
      [
       -123.1075641,
       49.2826634
      ],
      [
       -123.1076262,
       49.2826742
      ],
      [
       -123.1076356,
       49.2826694
      ],
      [
       -123.1076577,
       49.282611
      ],
      [
       -123.107512,
       49.2825862
      ],
      [
       -123.1074851,
       49.2826447
      ],
      [
       -123.1074494,
       49.2826448
      ],
      [
       -123.1074183,
       49.2827238
      ]
     ]
    ]
   },
   "properties": {
    "sheet": "vancouver_1912_MAP342a_04",
    "outline_id": "vancouver_1912_MAP342a_04:block:4:part1:outline242",
    "block_id": "vancouver_1912_MAP342a_04:block:4:part1",
    "block_fid": 12,
    "block_number": "11",
    "text_inside": [],
    "numerals_inside": [],
    "words_inside": [],
    "floors": null,
    "wash_rgb": [
     254,
     254,
     254
    ],
    "wash_chroma": 0.0,
    "wash_lightness_delta": -0.0,
    "hue_deg": 0,
    "material": "not a building (open lot, yard or court)",
    "area_source_px2": 5014,
    "centroid_source_px": [
     3133,
     4102
    ],
    "orphan": false,
    "centroid_map": [
     492179.369,
     5458883.772
    ]
   }
  },
  {
   "type": "Feature",
   "geometry": {
    "type": "Polygon",
    "coordinates": [
     [
      [
       -123.1063392,
       49.2827435
      ],
      [
       -123.1063644,
       49.2827087
      ],
      [
       -123.1064086,
       49.2825918
      ],
      [
       -123.1063609,
       49.2825856
      ],
      [
       -123.1063866,
       49.2825682
      ],
      [
       -123.1063886,
       49.2825556
      ],
      [
       -123.1062691,
       49.2825339
      ],
      [
       -123.1061909,
       49.282714
      ],
      [
       -123.1062794,
       49.2827326
      ],
      [
       -123.1063006,
       49.2827231
      ],
      [
       -123.1063102,
       49.2827262
      ],
      [
       -123.1063033,
       49.2827373
      ],
      [
       -123.1063392,
       49.2827435
      ]
     ]
    ]
   },
   "properties": {
    "sheet": "vancouver_1912_MAP342a_04",
    "outline_id": "vancouver_1912_MAP342a_04:block:3:outline243",
    "block_id": "vancouver_1912_MAP342a_04:block:3",
    "block_fid": 14,
    "block_number": "3",
    "text_inside": [
     "7"
    ],
    "numerals_inside": [
     "7"
    ],
    "words_inside": [],
    "floors": null,
    "wash_rgb": [
     254,
     209,
     214
    ],
    "wash_chroma": 16.8,
    "wash_lightness_delta": -30.5,
    "hue_deg": 354,
    "material": "brick",
    "area_source_px2": 7717,
    "centroid_source_px": [
     3651,
     4115
    ],
    "orphan": false,
    "centroid_map": [
     492268.994,
     5458881.855
    ]
   }
  },
  {
   "type": "Feature",
   "geometry": {
    "type": "Polygon",
    "coordinates": [
     [
      [
       -123.1088596,
       49.282725
      ],
      [
       -123.1089117,
       49.2826317
      ],
      [
       -123.1090007,
       49.2824153
      ],
      [
       -123.108948,
       49.2824028
      ],
      [
       -123.1089339,
       49.2824092
      ],
      [
       -123.1089193,
       49.2823982
      ],
      [
       -123.1089032,
       49.2824172
      ],
      [
       -123.1089002,
       49.2823951
      ],
      [
       -123.1088285,
       49.2823828
      ],
      [
       -123.1086874,
       49.2826925
      ],
      [
       -123.1088596,
       49.282725
      ]
     ]
    ]
   },
   "properties": {
    "sheet": "vancouver_1912_MAP342a_04",
    "outline_id": "vancouver_1912_MAP342a_04:block:4:part1:outline244",
    "block_id": "vancouver_1912_MAP342a_04:block:4:part1",
    "block_fid": 12,
    "block_number": "11",
    "text_inside": [],
    "numerals_inside": [],
    "words_inside": [],
    "floors": null,
    "wash_rgb": [
     253,
     210,
     210
    ],
    "wash_chroma": 16.4,
    "wash_lightness_delta": -30.4,
    "hue_deg": 0,
    "material": "brick",
    "area_source_px2": 15794,
    "centroid_source_px": [
     2580,
     4164
    ],
    "orphan": false,
    "centroid_map": [
     492083.914,
     5458872.512
    ]
   }
  },
  {
   "type": "Feature",
   "geometry": {
    "type": "Polygon",
    "coordinates": [
     [
      [
       -123.108612,
       49.2827148
      ],
      [
       -123.1086261,
       49.2827116
      ],
      [
       -123.1086373,
       49.2826863
      ],
      [
       -123.1086708,
       49.2826925
      ],
      [
       -123.1086825,
       49.2826862
      ],
      [
       -123.1088144,
       49.282386
      ],
      [
       -123.1088022,
       49.2823765
      ],
      [
       -123.1087618,
       49.2823783
      ],
      [
       -123.1087401,
       49.2823657
      ],
      [
       -123.1086468,
       49.2823487
      ],
      [
       -123.108582,
       49.2824956
      ],
      [
       -123.1085916,
       49.2825003
      ],
      [
       -123.1086081,
       49.2824924
      ],
      [
       -123.1086284,
       49.2824545
      ],
      [
       -123.1086337,
       49.282475
      ],
      [
       -123.1086479,
       49.2824717
      ],
      [
       -123.1086601,
       49.2824812
      ],
      [
       -123.1086718,
       49.2824748
      ],
      [
       -123.1086791,
       49.2824811
      ],
      [
       -123.1086727,
       49.2825064
      ],
      [
       -123.1086541,
       49.2825222
      ],
      [
       -123.1086615,
       49.2825332
      ],
      [
       -123.108678,
       49.2825253
      ],
      [
       -123.1086853,
       49.2825331
      ],
      [
       -123.108667,
       49.2825584
      ],
      [
       -123.1086386,
       49.2825617
      ],
      [
       -123.1086277,
       49.2825996
      ],
      [
       -123.1086033,
       49.2825776
      ],
      [
       -123.1085895,
       49.2825918
      ],
      [
       -123.1085694,
       49.2825556
      ],
      [
       -123.1085528,
       49.2825573
      ],
      [
       -123.1085081,
       49.2826584
      ],
      [
       -123.1085514,
       49.282674
      ],
      [
       -123.108545,
       49.2827024
      ],
      [
       -123.108612,
       49.2827148
      ]
     ]
    ]
   },
   "properties": {
    "sheet": "vancouver_1912_MAP342a_04",
    "outline_id": "vancouver_1912_MAP342a_04:block:4:part1:outline245",
    "block_id": "vancouver_1912_MAP342a_04:block:4:part1",
    "block_fid": 12,
    "block_number": "11",
    "text_inside": [
     "102"
    ],
    "numerals_inside": [
     "102"
    ],
    "words_inside": [],
    "floors": null,
    "wash_rgb": [
     253,
     216,
     213
    ],
    "wash_chroma": 14.6,
    "wash_lightness_delta": -26.9,
    "hue_deg": 4,
    "material": "brick",
    "area_source_px2": 13555,
    "centroid_source_px": [
     2655,
     4181
    ],
    "orphan": false,
    "centroid_map": [
     492096.936,
     5458869.583
    ]
   }
  },
  {
   "type": "Feature",
   "geometry": {
    "type": "Polygon",
    "coordinates": [
     [
      [
       -123.1061743,
       49.2827141
      ],
      [
       -123.1062524,
       49.282534
      ],
      [
       -123.1062189,
       49.2825246
      ],
      [
       -123.1062028,
       49.2825468
      ],
      [
       -123.1062046,
       49.2825247
      ],
      [
       -123.1061687,
       49.2825153
      ],
      [
       -123.1061526,
       49.2825359
      ],
      [
       -123.1061148,
       49.2825439
      ],
      [
       -123.1061234,
       49.2825108
      ],
      [
       -123.1061018,
       49.2825061
      ],
      [
       -123.1060879,
       49.2825188
      ],
      [
       -123.106026,
       49.2826846
      ],
      [
       -123.1060428,
       49.2826909
      ],
      [
       -123.1060567,
       49.2826782
      ],
      [
       -123.1060737,
       49.2826892
      ],
      [
       -123.106083,
       49.2826828
      ],
      [
       -123.1060882,
       49.2826986
      ],
      [
       -123.1061382,
       49.2827016
      ],
      [
       -123.1061743,
       49.2827141
      ]
     ]
    ]
   },
   "properties": {
    "sheet": "vancouver_1912_MAP342a_04",
    "outline_id": "vancouver_1912_MAP342a_04:block:3:outline246",
    "block_id": "vancouver_1912_MAP342a_04:block:3",
    "block_fid": 14,
    "block_number": "3",
    "text_inside": [
     "6"
    ],
    "numerals_inside": [
     "6"
    ],
    "words_inside": [],
    "floors": null,
    "wash_rgb": [
     253,
     204,
     210
    ],
    "wash_chroma": 19.1,
    "wash_lightness_delta": -34.2,
    "hue_deg": 352,
    "material": "brick",
    "area_source_px2": 7520,
    "centroid_source_px": [
     3719,
     4134
    ],
    "orphan": false,
    "centroid_map": [
     492280.811,
     5458878.571
    ]
   }
  },
  {
   "type": "Feature",
   "geometry": {
    "type": "Polygon",
    "coordinates": [
     [
      [
       -123.1084805,
       49.2826916
      ],
      [
       -123.1084967,
       49.2826742
      ],
      [
       -123.1086327,
       49.2823535
      ],
      [
       -123.1086253,
       49.2823456
      ],
      [
       -123.1085464,
       49.2823301
      ],
      [
       -123.1085277,
       49.2823397
      ],
      [
       -123.1083847,
       49.2826683
      ],
      [
       -123.1083945,
       49.2826777
      ],
      [
       -123.1084805,
       49.2826916
      ]
     ]
    ]
   },
   "properties": {
    "sheet": "vancouver_1912_MAP342a_04",
    "outline_id": "vancouver_1912_MAP342a_04:block:4:part1:outline247",
    "block_id": "vancouver_1912_MAP342a_04:block:4:part1",
    "block_fid": 12,
    "block_number": "11",
    "text_inside": [],
    "numerals_inside": [],
    "words_inside": [],
    "floors": null,
    "wash_rgb": [
     253,
     216,
     214
    ],
    "wash_chroma": 14.2,
    "wash_lightness_delta": -26.4,
    "hue_deg": 4,
    "material": "brick",
    "area_source_px2": 10354,
    "centroid_source_px": [
     2721,
     4191
    ],
    "orphan": false,
    "centroid_map": [
     492108.38,
     5458867.876
    ]
   }
  },
  {
   "type": "Feature",
   "geometry": {
    "type": "Polygon",
    "coordinates": [
     [
      [
       -123.109046,
       49.2826738
      ],
      [
       -123.1090578,
       49.2826706
      ],
      [
       -123.109062,
       49.2826485
      ],
      [
       -123.1090739,
       49.2826516
      ],
      [
       -123.1090926,
       49.2826389
      ],
      [
       -123.1091753,
       49.2824525
      ],
      [
       -123.1091726,
       49.2824415
      ],
      [
       -123.1091416,
       49.2824368
      ],
      [
       -123.1091232,
       49.2824606
      ],
      [
       -123.1091273,
       49.2824353
      ],
      [
       -123.1090819,
       49.2824276
      ],
      [
       -123.109059,
       49.2824592
      ],
      [
       -123.1090701,
       49.2824308
      ],
      [
       -123.1090579,
       49.2824214
      ],
      [
       -123.1089991,
       49.2824421
      ],
      [
       -123.1089431,
       49.2825669
      ],
      [
       -123.1089458,
       49.2825764
      ],
      [
       -123.1090056,
       49.2825888
      ],
      [
       -123.1089969,
       49.2826172
      ],
      [
       -123.1089823,
       49.2826078
      ],
      [
       -123.1089324,
       49.282608
      ],
      [
       -123.1089096,
       49.2826443
      ],
      [
       -123.1089194,
       49.2826538
      ],
      [
       -123.1089624,
       49.2826599
      ],
      [
       -123.1089831,
       49.2826346
      ],
      [
       -123.1089839,
       49.282663
      ],
      [
       -123.109046,
       49.2826738
      ]
     ]
    ]
   },
   "properties": {
    "sheet": "vancouver_1912_MAP342a_04",
    "outline_id": "vancouver_1912_MAP342a_04:block:4:part1:outline248",
    "block_id": "vancouver_1912_MAP342a_04:block:4:part1",
    "block_fid": 12,
    "block_number": "11",
    "text_inside": [
     "102"
    ],
    "numerals_inside": [
     "102"
    ],
    "words_inside": [],
    "floors": null,
    "wash_rgb": [
     253,
     211,
     210
    ],
    "wash_chroma": 16.2,
    "wash_lightness_delta": -29.9,
    "hue_deg": 2,
    "material": "brick",
    "area_source_px2": 10230,
    "centroid_source_px": [
     2496,
     4171
    ],
    "orphan": false,
    "centroid_map": [
     492069.407,
     5458871.226
    ]
   }
  },
  {
   "type": "Feature",
   "geometry": {
    "type": "Polygon",
    "coordinates": [
     [
      [
       -123.1060022,
       49.2826847
      ],
      [
       -123.1060188,
       49.2826815
      ],
      [
       -123.1060877,
       49.2825109
      ],
      [
       -123.1060731,
       49.2824983
      ],
      [
       -123.1060062,
       49.2824875
      ],
      [
       -123.1059921,
       49.2824939
      ],
      [
       -123.1059255,
       49.2826645
      ],
      [
       -123.1059401,
       49.2826739
      ],
      [
       -123.1060022,
       49.2826847
      ]
     ]
    ]
   },
   "properties": {
    "sheet": "vancouver_1912_MAP342a_04",
    "outline_id": "vancouver_1912_MAP342a_04:block:3:outline249",
    "block_id": "vancouver_1912_MAP342a_04:block:3",
    "block_fid": 14,
    "block_number": "3",
    "text_inside": [],
    "numerals_inside": [],
    "words_inside": [],
    "floors": null,
    "wash_rgb": [
     253,
     208,
     213
    ],
    "wash_chroma": 17.6,
    "wash_lightness_delta": -31.5,
    "hue_deg": 354,
    "material": "brick",
    "area_source_px2": 4940,
    "centroid_source_px": [
     3774,
     4150
    ],
    "orphan": false,
    "centroid_map": [
     492290.371,
     5458875.804
    ]
   }
  },
  {
   "type": "Feature",
   "geometry": {
    "type": "Polygon",
    "coordinates": [
     [
      [
       -123.1083658,
       49.2826715
      ],
      [
       -123.1083821,
       49.2826604
      ],
      [
       -123.1084223,
       49.2825688
      ],
      [
       -123.1084174,
       49.2825609
      ],
      [
       -123.1084402,
       49.2825261
      ],
      [
       -123.1084376,
       49.2825182
      ],
      [
       -123.1083897,
       49.2825074
      ],
      [
       -123.1084036,
       49.2824947
      ],
      [
       -123.1083961,
       49.2824821
      ],
      [
       -123.1084579,
       49.2824819
      ],
      [
       -123.1085229,
       49.2823381
      ],
      [
       -123.1085178,
       49.2823271
      ],
      [
       -123.1084966,
       49.2823335
      ],
      [
       -123.1084867,
       49.2823209
      ],
      [
       -123.1084484,
       49.2823131
      ],
      [
       -123.1084211,
       49.2823542
      ],
      [
       -123.1082891,
       49.2826513
      ],
      [
       -123.1082965,
       49.2826592
      ],
      [
       -123.1083658,
       49.2826715
      ]
     ]
    ]
   },
   "properties": {
    "sheet": "vancouver_1912_MAP342a_04",
    "outline_id": "vancouver_1912_MAP342a_04:block:4:part1:outline250",
    "block_id": "vancouver_1912_MAP342a_04:block:4:part1",
    "block_fid": 12,
    "block_number": "11",
    "text_inside": [
     "12"
    ],
    "numerals_inside": [
     "12"
    ],
    "words_inside": [],
    "floors": null,
    "wash_rgb": [
     253,
     216,
     213
    ],
    "wash_chroma": 14.1,
    "wash_lightness_delta": -26.3,
    "hue_deg": 4,
    "material": "brick",
    "area_source_px2": 8108,
    "centroid_source_px": [
     2765,
     4202
    ],
    "orphan": false,
    "centroid_map": [
     492116.023,
     5458865.978
    ]
   }
  },
  {
   "type": "Feature",
   "geometry": {
    "type": "Polygon",
    "coordinates": [
     [
      [
       -123.1059114,
       49.2826677
      ],
      [
       -123.1059364,
       49.2826266
      ],
      [
       -123.1060517,
       49.2823312
      ],
      [
       -123.105796,
       49.2822863
      ],
      [
       -123.1056579,
       49.2826197
      ],
      [
       -123.1059114,
       49.2826677
      ]
     ]
    ]
   },
   "properties": {
    "sheet": "vancouver_1912_MAP342a_04",
    "outline_id": "vancouver_1912_MAP342a_04:block:3:outline251",
    "block_id": "vancouver_1912_MAP342a_04:block:3",
    "block_fid": 14,
    "block_number": "3",
    "text_inside": [
     "Mamida",
     "Mann",
     "Hotel"
    ],
    "numerals_inside": [],
    "words_inside": [
     "Mamida",
     "Mann",
     "Hotel"
    ],
    "floors": null,
    "wash_rgb": [
     253,
     210,
     212
    ],
    "wash_chroma": 16.4,
    "wash_lightness_delta": -30.2,
    "hue_deg": 358,
    "material": "brick",
    "area_source_px2": 24806,
    "centroid_source_px": [
     3835,
     4220
    ],
    "orphan": false,
    "centroid_map": [
     492301.129,
     5458863.571
    ]
   }
  },
  {
   "type": "Feature",
   "geometry": {
    "type": "Polygon",
    "coordinates": [
     [
      [
       -123.108275,
       49.2826561
      ],
      [
       -123.1083378,
       49.2825233
      ],
      [
       -123.1081537,
       49.2824877
      ],
      [
       -123.1081421,
       49.2824988
      ],
      [
       -123.1081472,
       49.2825098
      ],
      [
       -123.1082237,
       49.2825253
      ],
      [
       -123.1081746,
       49.2826375
      ],
      [
       -123.108275,
       49.2826561
      ]
     ]
    ]
   },
   "properties": {
    "sheet": "vancouver_1912_MAP342a_04",
    "outline_id": "vancouver_1912_MAP342a_04:block:4:part1:outline252",
    "block_id": "vancouver_1912_MAP342a_04:block:4:part1",
    "block_fid": 12,
    "block_number": "11",
    "text_inside": [],
    "numerals_inside": [],
    "words_inside": [],
    "floors": null,
    "wash_rgb": [
     254,
     254,
     254
    ],
    "wash_chroma": 0.2,
    "wash_lightness_delta": -0.3,
    "hue_deg": 0,
    "material": "not a building (open lot, yard or court)",
    "area_source_px2": 4479,
    "centroid_source_px": [
     2830,
     4154
    ],
    "orphan": false,
    "centroid_map": [
     492127.121,
     5458874.441
    ]
   }
  },
  {
   "type": "Feature",
   "geometry": {
    "type": "Polygon",
    "coordinates": [
     [
      [
       -123.1091189,
       49.282642
      ],
      [
       -123.1091491,
       49.2826198
      ],
      [
       -123.1091847,
       49.2826165
      ],
      [
       -123.1093235,
       49.2825624
      ],
      [
       -123.1093475,
       49.2825686
      ],
      [
       -123.1093682,
       49.2825449
      ],
      [
       -123.1092253,
       49.2824523
      ],
      [
       -123.1092013,
       49.2824461
      ],
      [
       -123.1091801,
       49.2824525
      ],
      [
       -123.1090997,
       49.2826358
      ],
      [
       -123.1091189,
       49.282642
      ]
     ]
    ]
   },
   "properties": {
    "sheet": "vancouver_1912_MAP342a_04",
    "outline_id": "vancouver_1912_MAP342a_04:block:4:part1:outline253",
    "block_id": "vancouver_1912_MAP342a_04:block:4:part1",
    "block_fid": 12,
    "block_number": "11",
    "text_inside": [
     "Vancouver"
    ],
    "numerals_inside": [],
    "words_inside": [
     "Vancouver"
    ],
    "floors": null,
    "wash_rgb": [
     253,
     211,
     211
    ],
    "wash_chroma": 16.2,
    "wash_lightness_delta": -30.0,
    "hue_deg": 0,
    "material": "brick",
    "area_source_px2": 6649,
    "centroid_source_px": [
     2421,
     4172
    ],
    "orphan": false,
    "centroid_map": [
     492056.439,
     5458870.998
    ]
   }
  },
  {
   "type": "Feature",
   "geometry": {
    "type": "Polygon",
    "coordinates": [
     [
      [
       -123.1080743,
       49.2826221
      ],
      [
       -123.1080837,
       49.2826189
      ],
      [
       -123.1081439,
       49.2824767
      ],
      [
       -123.1081221,
       49.2824626
      ],
      [
       -123.1081287,
       49.2824436
      ],
      [
       -123.1081685,
       49.2824214
      ],
      [
       -123.1082241,
       49.282284
      ],
      [
       -123.1082214,
       49.2822745
      ],
      [
       -123.1081785,
       49.2822715
      ],
      [
       -123.1081717,
       49.2822826
      ],
      [
       -123.1081688,
       49.2822652
      ],
      [
       -123.108133,
       49.2822591
      ],
      [
       -123.1081188,
       49.2822623
      ],
      [
       -123.107976,
       49.2825972
      ],
      [
       -123.1079858,
       49.2826066
      ],
      [
       -123.108024,
       49.2826128
      ],
      [
       -123.1080333,
       49.2826049
      ],
      [
       -123.1080384,
       49.2826143
      ],
      [
       -123.1080743,
       49.2826221
      ]
     ]
    ]
   },
   "properties": {
    "sheet": "vancouver_1912_MAP342a_04",
    "outline_id": "vancouver_1912_MAP342a_04:block:4:part1:outline254",
    "block_id": "vancouver_1912_MAP342a_04:block:4:part1",
    "block_fid": 12,
    "block_number": "11",
    "text_inside": [],
    "numerals_inside": [],
    "words_inside": [],
    "floors": null,
    "wash_rgb": [
     253,
     215,
     213
    ],
    "wash_chroma": 14.5,
    "wash_lightness_delta": -27.0,
    "hue_deg": 4,
    "material": "brick",
    "area_source_px2": 10378,
    "centroid_source_px": [
     2893,
     4238
    ],
    "orphan": false,
    "centroid_map": [
     492138.267,
     5458859.755
    ]
   }
  },
  {
   "type": "Feature",
   "geometry": {
    "type": "Polygon",
    "coordinates": [
     [
      [
       -123.1056389,
       49.2826198
      ],
      [
       -123.1056483,
       49.2826166
      ],
      [
       -123.105782,
       49.2822974
      ],
      [
       -123.1057745,
       49.2822848
      ],
      [
       -123.1057365,
       49.2822866
      ],
      [
       -123.1056645,
       49.2822632
      ],
      [
       -123.1055996,
       49.2824085
      ],
      [
       -123.1056095,
       49.2824211
      ],
      [
       -123.1055886,
       49.2824369
      ],
      [
       -123.1055263,
       49.2825918
      ],
      [
       -123.1055385,
       49.2826012
      ],
      [
       -123.1056389,
       49.2826198
      ]
     ]
    ]
   },
   "properties": {
    "sheet": "vancouver_1912_MAP342a_04",
    "outline_id": "vancouver_1912_MAP342a_04:block:3:outline255",
    "block_id": "vancouver_1912_MAP342a_04:block:3",
    "block_fid": 14,
    "block_number": "3",
    "text_inside": [
     "4"
    ],
    "numerals_inside": [
     "4"
    ],
    "words_inside": [],
    "floors": null,
    "wash_rgb": [
     253,
     211,
     212
    ],
    "wash_chroma": 15.9,
    "wash_lightness_delta": -29.5,
    "hue_deg": 358,
    "material": "brick",
    "area_source_px2": 11717,
    "centroid_source_px": [
     3921,
     4242
    ],
    "orphan": false,
    "centroid_map": [
     492316.068,
     5458859.774
    ]
   }
  },
  {
   "type": "Feature",
   "geometry": {
    "type": "Polygon",
    "coordinates": [
     [
      [
       -123.107969,
       49.2825988
      ],
      [
       -123.108004,
       49.282493
      ],
      [
       -123.1077986,
       49.2824606
      ],
      [
       -123.1077982,
       49.2824464
      ],
      [
       -123.1074897,
       49.2823876
      ],
      [
       -123.1074684,
       49.2823892
      ],
      [
       -123.1074242,
       49.2825093
      ],
      [
       -123.1075198,
       49.2825263
      ],
      [
       -123.1075492,
       49.282471
      ],
      [
       -123.1075872,
       49.2824708
      ],
      [
       -123.1077689,
       49.2825033
      ],
      [
       -123.1077516,
       49.2825665
      ],
      [
       -123.1079572,
       49.282602
      ],
      [
       -123.107969,
       49.2825988
      ]
     ]
    ]
   },
   "properties": {
    "sheet": "vancouver_1912_MAP342a_04",
    "outline_id": "vancouver_1912_MAP342a_04:block:4:part1:outline256",
    "block_id": "vancouver_1912_MAP342a_04:block:4:part1",
    "block_fid": 12,
    "block_number": "11",
    "text_inside": [],
    "numerals_inside": [],
    "words_inside": [],
    "floors": null,
    "wash_rgb": [
     254,
     254,
     254
    ],
    "wash_chroma": 0.0,
    "wash_lightness_delta": -0.1,
    "hue_deg": 0,
    "material": "not a building (open lot, yard or court)",
    "area_source_px2": 14055,
    "centroid_source_px": [
     3050,
     4207
    ],
    "orphan": false,
    "centroid_map": [
     492165.327,
     5458865.301
    ]
   }
  },
  {
   "type": "Feature",
   "geometry": {
    "type": "Polygon",
    "coordinates": [
     [
      [
       -123.1054859,
       49.2825919
      ],
      [
       -123.1055236,
       49.2825792
      ],
      [
       -123.1055747,
       49.2824528
      ],
      [
       -123.1055554,
       49.2824402
      ],
      [
       -123.105562,
       49.2824244
      ],
      [
       -123.1055404,
       49.282415
      ],
      [
       -123.1055516,
       49.2823913
      ],
      [
       -123.1055753,
       49.2823881
      ],
      [
       -123.1056288,
       49.2822617
      ],
      [
       -123.1055211,
       49.2822384
      ],
      [
       -123.1055027,
       49.2822606
      ],
      [
       -123.1054493,
       49.2823917
      ],
      [
       -123.1054735,
       49.2824042
      ],
      [
       -123.1054474,
       49.2824059
      ],
      [
       -123.1053781,
       49.2825639
      ],
      [
       -123.1053855,
       49.2825749
      ],
      [
       -123.1054405,
       49.2825842
      ],
      [
       -123.1054498,
       49.2825763
      ],
      [
       -123.1054548,
       49.2825841
      ],
      [
       -123.1054859,
       49.2825919
      ]
     ]
    ]
   },
   "properties": {
    "sheet": "vancouver_1912_MAP342a_04",
    "outline_id": "vancouver_1912_MAP342a_04:block:3:outline257",
    "block_id": "vancouver_1912_MAP342a_04:block:3",
    "block_fid": 14,
    "block_number": "3",
    "text_inside": [],
    "numerals_inside": [],
    "words_inside": [],
    "floors": null,
    "wash_rgb": [
     253,
     211,
     213
    ],
    "wash_chroma": 16.0,
    "wash_lightness_delta": -29.7,
    "hue_deg": 358,
    "material": "brick",
    "area_source_px2": 11712,
    "centroid_source_px": [
     3983,
     4255
    ],
    "orphan": false,
    "centroid_map": [
     492326.83,
     5458857.538
    ]
   }
  },
  {
   "type": "Feature",
   "geometry": {
    "type": "Polygon",
    "coordinates": [
     [
      [
       -123.1068121,
       49.2825604
      ],
      [
       -123.1068227,
       49.2825177
      ],
      [
       -123.1068061,
       49.2825162
      ],
      [
       -123.1067734,
       49.2825384
      ],
      [
       -123.1067279,
       49.2825291
      ],
      [
       -123.1067276,
       49.2825165
      ],
      [
       -123.1067131,
       49.2825102
      ],
      [
       -123.1067016,
       49.2825229
      ],
      [
       -123.1066825,
       49.2825198
      ],
      [
       -123.106682,
       49.2825009
      ],
      [
       -123.1066462,
       49.2824978
      ],
      [
       -123.106637,
       49.2825105
      ],
      [
       -123.1066251,
       49.2825074
      ],
      [
       -123.1066413,
       49.2824931
      ],
      [
       -123.1066244,
       49.2824853
      ],
      [
       -123.1066551,
       49.2824773
      ],
      [
       -123.106696,
       49.2824914
      ],
      [
       -123.1067197,
       49.2824897
      ],
      [
       -123.1067318,
       49.2824991
      ],
      [
       -123.1067484,
       49.2824959
      ],
      [
       -123.1067605,
       49.2825037
      ],
      [
       -123.1068249,
       49.2825114
      ],
      [
       -123.1068366,
       49.2825035
      ],
      [
       -123.1068428,
       49.2824687
      ],
      [
       -123.10663,
       49.2824301
      ],
      [
       -123.1065896,
       49.2824302
      ],
      [
       -123.1065589,
       49.2825218
      ],
      [
       -123.1065993,
       49.2825233
      ],
      [
       -123.1066115,
       49.2825311
      ],
      [
       -123.106628,
       49.2825263
      ],
      [
       -123.106664,
       49.2825404
      ],
      [
       -123.1066783,
       49.2825387
      ],
      [
       -123.1066929,
       49.2825529
      ],
      [
       -123.1067117,
       49.2825449
      ],
      [
       -123.1067452,
       49.2825527
      ],
      [
       -123.1067551,
       49.2825653
      ],
      [
       -123.1067692,
       49.2825589
      ],
      [
       -123.1068121,
       49.2825604
      ]
     ]
    ]
   },
   "properties": {
    "sheet": "vancouver_1912_MAP342a_04",
    "outline_id": "vancouver_1912_MAP342a_04:block:3:outline258",
    "block_id": "vancouver_1912_MAP342a_04:block:3",
    "block_fid": 14,
    "block_number": "3",
    "text_inside": [
     "Hotel."
    ],
    "numerals_inside": [],
    "words_inside": [
     "Hotel."
    ],
    "floors": null,
    "wash_rgb": [
     253,
     205,
     211
    ],
    "wash_chroma": 18.4,
    "wash_lightness_delta": -33.3,
    "hue_deg": 352,
    "material": "brick",
    "area_source_px2": 5585,
    "centroid_source_px": [
     3483,
     4210
    ],
    "orphan": false,
    "centroid_map": [
     492240.222,
     5458865.078
    ]
   }
  },
  {
   "type": "Feature",
   "geometry": {
    "type": "Polygon",
    "coordinates": [
     [
      [
       -123.1053616,
       49.2825687
      ],
      [
       -123.1053778,
       49.2825544
      ],
      [
       -123.1054354,
       49.2824028
      ],
      [
       -123.1053445,
       49.2823842
      ],
      [
       -123.1053307,
       49.2824
      ],
      [
       -123.1053093,
       49.2824017
      ],
      [
       -123.1052972,
       49.2823954
      ],
      [
       -123.1053063,
       49.282378
      ],
      [
       -123.1052154,
       49.2823594
      ],
      [
       -123.1052335,
       49.2823278
      ],
      [
       -123.105451,
       49.2823649
      ],
      [
       -123.1055069,
       49.2822385
      ],
      [
       -123.1052726,
       49.2821967
      ],
      [
       -123.105252,
       49.2822252
      ],
      [
       -123.1051273,
       49.2825269
      ],
      [
       -123.1051943,
       49.2825409
      ],
      [
       -123.1052107,
       49.2825329
      ],
      [
       -123.1052302,
       49.2825471
      ],
      [
       -123.1053616,
       49.2825687
      ]
     ]
    ]
   },
   "properties": {
    "sheet": "vancouver_1912_MAP342a_04",
    "outline_id": "vancouver_1912_MAP342a_04:block:3:outline259",
    "block_id": "vancouver_1912_MAP342a_04:block:3",
    "block_fid": 14,
    "block_number": "3",
    "text_inside": [
     "22",
     "Crenne",
     "Hotel",
     "3"
    ],
    "numerals_inside": [
     "3"
    ],
    "words_inside": [
     "Crenne",
     "Hotel"
    ],
    "floors": null,
    "wash_rgb": [
     253,
     211,
     213
    ],
    "wash_chroma": 15.9,
    "wash_lightness_delta": -29.4,
    "hue_deg": 358,
    "material": "brick",
    "area_source_px2": 20440,
    "centroid_source_px": [
     4060,
     4289
    ],
    "orphan": false,
    "centroid_map": [
     492340.248,
     5458851.629
    ]
   }
  },
  {
   "type": "Feature",
   "geometry": {
    "type": "Polygon",
    "coordinates": [
     [
      [
       -123.1064196,
       49.282557
      ],
      [
       -123.1064867,
       49.2824069
      ],
      [
       -123.1064484,
       49.2823992
      ],
      [
       -123.106439,
       49.2824039
      ],
      [
       -123.1064191,
       49.2824561
      ],
      [
       -123.106405,
       49.2824608
      ],
      [
       -123.1064123,
       49.2824671
      ],
      [
       -123.1064035,
       49.282494
      ],
      [
       -123.1063941,
       49.2824972
      ],
      [
       -123.1063486,
       49.2824863
      ],
      [
       -123.1063864,
       49.2823915
      ],
      [
       -123.1063337,
       49.2823807
      ],
      [
       -123.1062689,
       49.2825276
      ],
      [
       -123.1064196,
       49.282557
      ]
     ]
    ]
   },
   "properties": {
    "sheet": "vancouver_1912_MAP342a_04",
    "outline_id": "vancouver_1912_MAP342a_04:block:3:outline260",
    "block_id": "vancouver_1912_MAP342a_04:block:3",
    "block_fid": 14,
    "block_number": "3",
    "text_inside": [],
    "numerals_inside": [],
    "words_inside": [],
    "floors": null,
    "wash_rgb": [
     254,
     254,
     254
    ],
    "wash_chroma": 0.2,
    "wash_lightness_delta": -0.1,
    "hue_deg": 0,
    "material": "not a building (open lot, yard or court)",
    "area_source_px2": 5003,
    "centroid_source_px": [
     3620,
     4219
    ],
    "orphan": false,
    "centroid_map": [
     492263.943,
     5458863.596
    ]
   }
  },
  {
   "type": "Feature",
   "geometry": {
    "type": "Polygon",
    "coordinates": [
     [
      [
       -123.1095317,
       49.2825222
      ],
      [
       -123.1095426,
       49.2824875
      ],
      [
       -123.1094359,
       49.2824153
      ],
      [
       -123.109344,
       49.282362
      ],
      [
       -123.1092095,
       49.2823136
      ],
      [
       -123.108416,
       49.2821744
      ],
      [
       -123.1083206,
       49.2821637
      ],
      [
       -123.1083037,
       49.2821559
      ],
      [
       -123.1082895,
       49.2821591
      ],
      [
       -123.1083072,
       49.2821953
      ],
      [
       -123.1090814,
       49.2823266
      ],
      [
       -123.1092371,
       49.2823655
      ],
      [
       -123.1093527,
       49.2824156
      ],
      [
       -123.1095174,
       49.2825238
      ],
      [
       -123.1095317,
       49.2825222
      ]
     ]
    ]
   },
   "properties": {
    "sheet": "vancouver_1912_MAP342a_04",
    "outline_id": "vancouver_1912_MAP342a_04:block:4:part1:outline261",
    "block_id": "vancouver_1912_MAP342a_04:block:4:part1",
    "block_fid": 12,
    "block_number": "11",
    "text_inside": [],
    "numerals_inside": [],
    "words_inside": [],
    "floors": null,
    "wash_rgb": [
     254,
     254,
     254
    ],
    "wash_chroma": 0.2,
    "wash_lightness_delta": -0.2,
    "hue_deg": 0,
    "material": "not a building (open lot, yard or court)",
    "area_source_px2": 13482,
    "centroid_source_px": [
     2529,
     4322
    ],
    "orphan": false,
    "centroid_map": [
     492075.565,
     5458844.77
    ]
   }
  },
  {
   "type": "Feature",
   "geometry": {
    "type": "Polygon",
    "coordinates": [
     [
      [
       -123.1062569,
       49.2825245
      ],
      [
       -123.1063194,
       49.2823791
      ],
      [
       -123.1062358,
       49.2823652
      ],
      [
       -123.1062024,
       49.2824474
      ],
      [
       -123.1061763,
       49.2824475
      ],
      [
       -123.1061188,
       49.2824335
      ],
      [
       -123.1061521,
       49.2823498
      ],
      [
       -123.1060614,
       49.2823359
      ],
      [
       -123.1060124,
       49.2824544
      ],
      [
       -123.1061033,
       49.282473
      ],
      [
       -123.1060992,
       49.2824982
      ],
      [
       -123.1062569,
       49.2825245
      ]
     ]
    ]
   },
   "properties": {
    "sheet": "vancouver_1912_MAP342a_04",
    "outline_id": "vancouver_1912_MAP342a_04:block:3:outline262",
    "block_id": "vancouver_1912_MAP342a_04:block:3",
    "block_fid": 14,
    "block_number": "3",
    "text_inside": [],
    "numerals_inside": [],
    "words_inside": [],
    "floors": null,
    "wash_rgb": [
     254,
     254,
     254
    ],
    "wash_chroma": 0.2,
    "wash_lightness_delta": -0.1,
    "hue_deg": 0,
    "material": "not a building (open lot, yard or court)",
    "area_source_px2": 7981,
    "centroid_source_px": [
     3706,
     4247
    ],
    "orphan": false,
    "centroid_map": [
     492278.9,
     5458858.746
    ]
   }
  },
  {
   "type": "Feature",
   "geometry": {
    "type": "Polygon",
    "coordinates": [
     [
      [
       -123.1051178,
       49.2825254
      ],
      [
       -123.1051869,
       49.2823611
      ],
      [
       -123.1050744,
       49.2823362
      ],
      [
       -123.1050606,
       49.2823536
      ],
      [
       -123.1050393,
       49.2823553
      ],
      [
       -123.1050272,
       49.2823475
      ],
      [
       -123.1050386,
       49.2823301
      ],
      [
       -123.1049191,
       49.28231
      ],
      [
       -123.1049139,
       49.2822942
      ],
      [
       -123.1049739,
       49.2821457
      ],
      [
       -123.104895,
       49.2821318
      ],
      [
       -123.10487,
       49.2821698
      ],
      [
       -123.1048783,
       49.2821287
      ],
      [
       -123.1047994,
       49.2821116
      ],
      [
       -123.1047831,
       49.2821243
      ],
      [
       -123.1047664,
       49.2821228
      ],
      [
       -123.1047619,
       49.2821339
      ],
      [
       -123.1047787,
       49.2821385
      ],
      [
       -123.1047317,
       49.2822444
      ],
      [
       -123.104754,
       49.2822743
      ],
      [
       -123.1047353,
       49.282287
      ],
      [
       -123.1047358,
       49.2823027
      ],
      [
       -123.1047264,
       49.2823091
      ],
      [
       -123.1047144,
       49.2823028
      ],
      [
       -123.1047027,
       49.2823107
      ],
      [
       -123.1046517,
       49.2824434
      ],
      [
       -123.1046972,
       49.2824543
      ],
      [
       -123.1047472,
       49.2824557
      ],
      [
       -123.1047641,
       49.2824651
      ],
      [
       -123.1049434,
       49.2824976
      ],
      [
       -123.1049859,
       49.282488
      ],
      [
       -123.1050075,
       49.2824942
      ],
      [
       -123.1050007,
       49.2825053
      ],
      [
       -123.1050293,
       49.2825099
      ],
      [
       -123.1050385,
       49.2824973
      ],
      [
       -123.1050438,
       49.2825146
      ],
      [
       -123.1051178,
       49.2825254
      ]
     ]
    ]
   },
   "properties": {
    "sheet": "vancouver_1912_MAP342a_04",
    "outline_id": "vancouver_1912_MAP342a_04:block:3:outline263",
    "block_id": "vancouver_1912_MAP342a_04:block:3",
    "block_fid": 14,
    "block_number": "3",
    "text_inside": [
     "60",
     "2",
     "75"
    ],
    "numerals_inside": [
     "2"
    ],
    "words_inside": [],
    "floors": null,
    "wash_rgb": [
     253,
     210,
     212
    ],
    "wash_chroma": 16.7,
    "wash_lightness_delta": -30.5,
    "hue_deg": 358,
    "material": "brick",
    "area_source_px2": 30628,
    "centroid_source_px": [
     4239,
     4310
    ],
    "orphan": false,
    "centroid_map": [
     492371.268,
     5458848.072
    ]
   }
  },
  {
   "type": "Feature",
   "geometry": {
    "type": "Polygon",
    "coordinates": [
     [
      [
       -123.1083352,
       49.2825139
      ],
      [
       -123.1083537,
       49.2824965
      ],
      [
       -123.1084318,
       49.2823132
      ],
      [
       -123.1082644,
       49.2822822
      ],
      [
       -123.1082528,
       49.2822902
      ],
      [
       -123.1082384,
       49.2822855
      ],
      [
       -123.1081711,
       49.2824309
      ],
      [
       -123.1081737,
       49.2824387
      ],
      [
       -123.108188,
       49.2824387
      ],
      [
       -123.1081747,
       49.2824719
      ],
      [
       -123.1081603,
       49.2824688
      ],
      [
       -123.1081511,
       49.2824798
      ],
      [
       -123.1082635,
       49.2825031
      ],
      [
       -123.1082885,
       49.2824604
      ],
      [
       -123.1082778,
       49.282503
      ],
      [
       -123.1083352,
       49.2825139
      ]
     ]
    ]
   },
   "properties": {
    "sheet": "vancouver_1912_MAP342a_04",
    "outline_id": "vancouver_1912_MAP342a_04:block:4:part1:outline264",
    "block_id": "vancouver_1912_MAP342a_04:block:4:part1",
    "block_fid": 12,
    "block_number": "11",
    "text_inside": [
     "BLM.",
     "BLM.",
     "BLM."
    ],
    "numerals_inside": [],
    "words_inside": [
     "BLM.",
     "BLM.",
     "BLM."
    ],
    "floors": null,
    "wash_rgb": [
     253,
     216,
     213
    ],
    "wash_chroma": 14.2,
    "wash_lightness_delta": -26.5,
    "hue_deg": 4,
    "material": "brick",
    "area_source_px2": 10952,
    "centroid_source_px": [
     2810,
     4268
    ],
    "orphan": false,
    "centroid_map": [
     492124.002,
     5458854.436
    ]
   }
  },
  {
   "type": "Feature",
   "geometry": {
    "type": "Polygon",
    "coordinates": [
     [
      [
       -123.1074051,
       49.2825062
      ],
      [
       -123.1074167,
       49.2824982
      ],
      [
       -123.10755,
       49.2821618
      ],
      [
       -123.1074806,
       49.2821462
      ],
      [
       -123.1074501,
       49.2821637
      ],
      [
       -123.1074214,
       49.2821559
      ],
      [
       -123.1074355,
       49.2821511
      ],
      [
       -123.1074327,
       49.2821369
      ],
      [
       -123.1072989,
       49.2821153
      ],
      [
       -123.1072295,
       49.2822686
      ],
      [
       -123.107242,
       49.2822906
      ],
      [
       -123.1072262,
       49.2823175
      ],
      [
       -123.1072095,
       49.2823176
      ],
      [
       -123.107154,
       49.2824566
      ],
      [
       -123.1074051,
       49.2825062
      ]
     ]
    ]
   },
   "properties": {
    "sheet": "vancouver_1912_MAP342a_04",
    "outline_id": "vancouver_1912_MAP342a_04:block:4:part1:outline265",
    "block_id": "vancouver_1912_MAP342a_04:block:4:part1",
    "block_fid": 12,
    "block_number": "11",
    "text_inside": [
     "Departmental",
     "Stoic",
     "16",
     "BLM."
    ],
    "numerals_inside": [],
    "words_inside": [
     "Departmental",
     "Stoic",
     "BLM."
    ],
    "floors": null,
    "wash_rgb": [
     253,
     213,
     214
    ],
    "wash_chroma": 15.2,
    "wash_lightness_delta": -28.2,
    "hue_deg": 358,
    "material": "brick",
    "area_source_px2": 25100,
    "centroid_source_px": [
     3202,
     4322
    ],
    "orphan": false,
    "centroid_map": [
     492191.958,
     5458845.241
    ]
   }
  },
  {
   "type": "Feature",
   "geometry": {
    "type": "Polygon",
    "coordinates": [
     [
      [
       -123.1080086,
       49.2824882
      ],
      [
       -123.1081115,
       49.2822576
      ],
      [
       -123.1079753,
       49.2822328
      ],
      [
       -123.1079517,
       49.2822392
      ],
      [
       -123.1079466,
       49.2822282
      ],
      [
       -123.1079108,
       49.282222
      ],
      [
       -123.1078968,
       49.2822315
      ],
      [
       -123.1078102,
       49.2824511
      ],
      [
       -123.1080086,
       49.2824882
      ]
     ]
    ]
   },
   "properties": {
    "sheet": "vancouver_1912_MAP342a_04",
    "outline_id": "vancouver_1912_MAP342a_04:block:4:part1:outline266",
    "block_id": "vancouver_1912_MAP342a_04:block:4:part1",
    "block_fid": 12,
    "block_number": "11",
    "text_inside": [
     "14",
     "BLM."
    ],
    "numerals_inside": [
     "14"
    ],
    "words_inside": [
     "BLM."
    ],
    "floors": null,
    "wash_rgb": [
     253,
     219,
     215
    ],
    "wash_chroma": 13.1,
    "wash_lightness_delta": -24.4,
    "hue_deg": 6,
    "material": "brick",
    "area_source_px2": 13494,
    "centroid_source_px": [
     2949,
     4294
    ],
    "orphan": false,
    "centroid_map": [
     492148.119,
     5458849.974
    ]
   }
  },
  {
   "type": "Feature",
   "geometry": {
    "type": "Polygon",
    "coordinates": [
     [
      [
       -123.1049495,
       49.2824629
      ],
      [
       -123.1049701,
       49.2824344
      ],
      [
       -123.1049988,
       49.2823539
      ],
      [
       -123.1049007,
       49.2823337
      ],
      [
       -123.1048515,
       49.2824443
      ],
      [
       -123.1049495,
       49.2824629
      ]
     ]
    ]
   },
   "properties": {
    "sheet": "vancouver_1912_MAP342a_04",
    "outline_id": "vancouver_1912_MAP342a_04:block:3:outline267",
    "block_id": "vancouver_1912_MAP342a_04:block:3",
    "block_fid": 14,
    "block_number": "3",
    "text_inside": [],
    "numerals_inside": [],
    "words_inside": [],
    "floors": null,
    "wash_rgb": [
     253,
     242,
     135
    ],
    "wash_chroma": 53.5,
    "wash_lightness_delta": -13.8,
    "hue_deg": 54,
    "material": "frame (wood)",
    "area_source_px2": 3237,
    "centroid_source_px": [
     4226,
     4272
    ],
    "orphan": false,
    "centroid_map": [
     492368.907,
     5458854.727
    ]
   }
  },
  {
   "type": "Feature",
   "geometry": {
    "type": "Polygon",
    "coordinates": [
     [
      [
       -123.1078026,
       49.2824353
      ],
      [
       -123.1078917,
       49.2822205
      ],
      [
       -123.1078581,
       49.2822111
      ],
      [
       -123.1078394,
       49.2822207
      ],
      [
       -123.1078247,
       49.2822065
      ],
      [
       -123.1077219,
       49.282188
      ],
      [
       -123.1077104,
       49.282199
      ],
      [
       -123.107689,
       49.2822007
      ],
      [
       -123.10768,
       49.2822197
      ],
      [
       -123.1076861,
       49.2821834
      ],
      [
       -123.1076695,
       49.282185
      ],
      [
       -123.1076335,
       49.2821725
      ],
      [
       -123.1076195,
       49.2821804
      ],
      [
       -123.1076096,
       49.2821694
      ],
      [
       -123.1075619,
       49.2821633
      ],
      [
       -123.1074752,
       49.2823781
      ],
      [
       -123.1075255,
       49.2823906
      ],
      [
       -123.1075394,
       49.2823795
      ],
      [
       -123.1075422,
       49.2823921
      ],
      [
       -123.1075853,
       49.2824014
      ],
      [
       -123.1075995,
       49.2823998
      ],
      [
       -123.1076109,
       49.282384
      ],
      [
       -123.1076163,
       49.282406
      ],
      [
       -123.1076759,
       49.2824106
      ],
      [
       -123.107688,
       49.28242
      ],
      [
       -123.1078026,
       49.2824353
      ]
     ]
    ]
   },
   "properties": {
    "sheet": "vancouver_1912_MAP342a_04",
    "outline_id": "vancouver_1912_MAP342a_04:block:4:part1:outline268",
    "block_id": "vancouver_1912_MAP342a_04:block:4:part1",
    "block_fid": 12,
    "block_number": "11",
    "text_inside": [],
    "numerals_inside": [],
    "words_inside": [],
    "floors": null,
    "wash_rgb": [
     253,
     219,
     217
    ],
    "wash_chroma": 13.2,
    "wash_lightness_delta": -24.8,
    "hue_deg": 4,
    "material": "brick",
    "area_source_px2": 20200,
    "centroid_source_px": [
     3063,
     4330
    ],
    "orphan": false,
    "centroid_map": [
     492167.943,
     5458843.741
    ]
   }
  },
  {
   "type": "Feature",
   "geometry": {
    "type": "Polygon",
    "coordinates": [
     [
      [
       -123.104635,
       49.2824419
      ],
      [
       -123.1047047,
       49.2822981
      ],
      [
       -123.1046949,
       49.2822887
      ],
      [
       -123.1046352,
       49.2822779
      ],
      [
       -123.1046627,
       49.2822431
      ],
      [
       -123.1046772,
       49.2822493
      ],
      [
       -123.1046956,
       49.2822272
      ],
      [
       -123.1047122,
       49.2822271
      ],
      [
       -123.104728,
       49.2821971
      ],
      [
       -123.1047204,
       49.2821798
      ],
      [
       -123.1047369,
       49.282175
      ],
      [
       -123.1047615,
       49.2821181
      ],
      [
       -123.1047735,
       49.2821212
      ],
      [
       -123.1047803,
       49.2821117
      ],
      [
       -123.1046847,
       49.2820947
      ],
      [
       -123.1046495,
       49.282109
      ],
      [
       -123.1046278,
       49.2821012
      ],
      [
       -123.1046065,
       49.2821044
      ],
      [
       -123.1045984,
       49.2821534
      ],
      [
       -123.1046487,
       49.2821674
      ],
      [
       -123.1045987,
       49.282166
      ],
      [
       -123.1046042,
       49.2821896
      ],
      [
       -123.1045952,
       49.2822102
      ],
      [
       -123.1045782,
       49.2821976
      ],
      [
       -123.1045544,
       49.2821961
      ],
      [
       -123.1045652,
       49.2821582
      ],
      [
       -123.1045317,
       49.2821489
      ],
      [
       -123.1045649,
       49.2821456
      ],
      [
       -123.1045573,
       49.2821299
      ],
      [
       -123.104583,
       49.2821124
      ],
      [
       -123.1045824,
       49.2820935
      ],
      [
       -123.1045635,
       49.2820967
      ],
      [
       -123.1045586,
       49.2820904
      ],
      [
       -123.10457,
       49.2820762
      ],
      [
       -123.1044625,
       49.2820576
      ],
      [
       -123.1044533,
       49.2820671
      ],
      [
       -123.1044527,
       49.2821302
      ],
      [
       -123.1045053,
       49.2821427
      ],
      [
       -123.104453,
       49.2821413
      ],
      [
       -123.1044517,
       49.2821823
      ],
      [
       -123.1044786,
       49.2822074
      ],
      [
       -123.1044744,
       49.282228
      ],
      [
       -123.1044529,
       49.2822233
      ],
      [
       -123.104451,
       49.2822391
      ],
      [
       -123.1044989,
       49.2822515
      ],
      [
       -123.1044489,
       49.2822517
      ],
      [
       -123.1044485,
       49.2824063
      ],
      [
       -123.1044917,
       49.2824188
      ],
      [
       -123.1045148,
       49.2823966
      ],
      [
       -123.1045131,
       49.2824187
      ],
      [
       -123.1045508,
       49.2824075
      ],
      [
       -123.1045724,
       49.2824137
      ],
      [
       -123.1045608,
       49.2824233
      ],
      [
       -123.1045657,
       49.2824295
      ],
      [
       -123.104635,
       49.2824419
      ]
     ]
    ]
   },
   "properties": {
    "sheet": "vancouver_1912_MAP342a_04",
    "outline_id": "vancouver_1912_MAP342a_04:block:3:outline269",
    "block_id": "vancouver_1912_MAP342a_04:block:3",
    "block_fid": 14,
    "block_number": "3",
    "text_inside": [
     "30",
     "Ruiter",
     "7",
     "Hobel",
     "30",
     "Hotel",
     "86"
    ],
    "numerals_inside": [
     "7"
    ],
    "words_inside": [
     "Ruiter",
     "Hobel",
     "Hotel"
    ],
    "floors": null,
    "wash_rgb": [
     253,
     216,
     216
    ],
    "wash_chroma": 14.3,
    "wash_lightness_delta": -26.4,
    "hue_deg": 0,
    "material": "brick",
    "area_source_px2": 20775,
    "centroid_source_px": [
     4371,
     4373
    ],
    "orphan": false,
    "centroid_map": [
     492394.285,
     5458837.117
    ]
   }
  },
  {
   "type": "Feature",
   "geometry": {
    "type": "Polygon",
    "coordinates": [
     [
      [
       -123.1068434,
       49.2824056
      ],
      [
       -123.1068856,
       49.282385
      ],
      [
       -123.1068899,
       49.2823676
      ],
      [
       -123.1068754,
       49.2823614
      ],
      [
       -123.1068967,
       49.2823566
      ],
      [
       -123.1069034,
       49.2823408
      ],
      [
       -123.106889,
       49.2823361
      ],
      [
       -123.1069056,
       49.2823344
      ],
      [
       -123.1069124,
       49.2823218
      ],
      [
       -123.1068953,
       49.2823077
      ],
      [
       -123.1069213,
       49.2823028
      ],
      [
       -123.1069392,
       49.2822633
      ],
      [
       -123.1069271,
       49.2822555
      ],
      [
       -123.1069365,
       49.2822491
      ],
      [
       -123.1069286,
       49.2822239
      ],
      [
       -123.1069399,
       49.2822018
      ],
      [
       -123.1069474,
       49.2822144
      ],
      [
       -123.1069615,
       49.2822096
      ],
      [
       -123.1070218,
       49.282069
      ],
      [
       -123.1069428,
       49.2820519
      ],
      [
       -123.1069027,
       49.2820631
      ],
      [
       -123.1068859,
       49.2820584
      ],
      [
       -123.1068831,
       49.2820427
      ],
      [
       -123.1067684,
       49.2820226
      ],
      [
       -123.1066855,
       49.2822059
      ],
      [
       -123.1067455,
       49.282223
      ],
      [
       -123.1067218,
       49.2822262
      ],
      [
       -123.1067064,
       49.2822705
      ],
      [
       -123.106728,
       49.2822783
      ],
      [
       -123.1066995,
       49.28228
      ],
      [
       -123.1066841,
       49.2823242
      ],
      [
       -123.1067105,
       49.282332
      ],
      [
       -123.106675,
       49.2823368
      ],
      [
       -123.1066617,
       49.2823716
      ],
      [
       -123.1068434,
       49.2824056
      ]
     ]
    ]
   },
   "properties": {
    "sheet": "vancouver_1912_MAP342a_04",
    "outline_id": "vancouver_1912_MAP342a_04:block:3:outline270",
    "block_id": "vancouver_1912_MAP342a_04:block:3",
    "block_fid": 14,
    "block_number": "3",
    "text_inside": [
     "5",
     "9"
    ],
    "numerals_inside": [
     "9"
    ],
    "words_inside": [],
    "floors": null,
    "wash_rgb": [
     253,
     210,
     213
    ],
    "wash_chroma": 16.3,
    "wash_lightness_delta": -30.0,
    "hue_deg": 356,
    "material": "brick",
    "area_source_px2": 22534,
    "centroid_source_px": [
     3422,
     4393
    ],
    "orphan": false,
    "centroid_map": [
     492230.218,
     5458832.945
    ]
   }
  },
  {
   "type": "Feature",
   "geometry": {
    "type": "Polygon",
    "coordinates": [
     [
      [
       -123.1065996,
       49.2823639
      ],
      [
       -123.1066182,
       49.2823497
      ],
      [
       -123.1067254,
       49.2821
      ],
      [
       -123.1067133,
       49.2820922
      ],
      [
       -123.1066033,
       49.2820721
      ],
      [
       -123.1065915,
       49.2820753
      ],
      [
       -123.1065604,
       49.2821527
      ],
      [
       -123.1065798,
       49.2821652
      ],
      [
       -123.1065662,
       49.2821889
      ],
      [
       -123.1065471,
       49.282189
      ],
      [
       -123.1065358,
       49.2822096
      ],
      [
       -123.1065432,
       49.2822174
      ],
      [
       -123.106591,
       49.2822267
      ],
      [
       -123.1065822,
       49.2822536
      ],
      [
       -123.1065321,
       49.2822459
      ],
      [
       -123.1065179,
       49.2822506
      ],
      [
       -123.1064823,
       49.2823375
      ],
      [
       -123.1065016,
       49.2823469
      ],
      [
       -123.1065996,
       49.2823639
      ]
     ]
    ]
   },
   "properties": {
    "sheet": "vancouver_1912_MAP342a_04",
    "outline_id": "vancouver_1912_MAP342a_04:block:3:outline271",
    "block_id": "vancouver_1912_MAP342a_04:block:3",
    "block_fid": 14,
    "block_number": "3",
    "text_inside": [],
    "numerals_inside": [],
    "words_inside": [],
    "floors": null,
    "wash_rgb": [
     254,
     254,
     253
    ],
    "wash_chroma": 0.4,
    "wash_lightness_delta": -0.6,
    "hue_deg": 60,
    "material": "not a building (open lot, yard or court)",
    "area_source_px2": 9584,
    "centroid_source_px": [
     3519,
     4376
    ],
    "orphan": false,
    "centroid_map": [
     492246.943,
     5458835.994
    ]
   }
  },
  {
   "type": "Feature",
   "geometry": {
    "type": "Polygon",
    "coordinates": [
     [
      [
       -123.1064657,
       49.2823392
      ],
      [
       -123.1064775,
       49.2823344
      ],
      [
       -123.1065354,
       49.2821938
      ],
      [
       -123.1065089,
       49.2821813
      ],
      [
       -123.1065062,
       49.2821702
      ],
      [
       -123.1065271,
       49.2821528
      ],
      [
       -123.1065532,
       49.2821496
      ],
      [
       -123.1066064,
       49.2820137
      ],
      [
       -123.1065895,
       49.2820059
      ],
      [
       -123.1066156,
       49.2820026
      ],
      [
       -123.1066106,
       49.2819948
      ],
      [
       -123.1065676,
       49.281987
      ],
      [
       -123.106547,
       49.2820155
      ],
      [
       -123.1065533,
       49.2819871
      ],
      [
       -123.1065078,
       49.2819762
      ],
      [
       -123.1064937,
       49.281981
      ],
      [
       -123.1063578,
       49.282308
      ],
      [
       -123.1063678,
       49.2823222
      ],
      [
       -123.1064108,
       49.2823299
      ],
      [
       -123.1064223,
       49.2823172
      ],
      [
       -123.1064275,
       49.2823314
      ],
      [
       -123.1064657,
       49.2823392
      ]
     ]
    ]
   },
   "properties": {
    "sheet": "vancouver_1912_MAP342a_04",
    "outline_id": "vancouver_1912_MAP342a_04:block:3:outline272",
    "block_id": "vancouver_1912_MAP342a_04:block:3",
    "block_fid": 14,
    "block_number": "3",
    "text_inside": [],
    "numerals_inside": [],
    "words_inside": [],
    "floors": null,
    "wash_rgb": [
     253,
     210,
     212
    ],
    "wash_chroma": 16.3,
    "wash_lightness_delta": -30.2,
    "hue_deg": 358,
    "material": "brick",
    "area_source_px2": 11379,
    "centroid_source_px": [
     3569,
     4420
    ],
    "orphan": false,
    "centroid_map": [
     492255.722,
     5458828.313
    ]
   }
  },
  {
   "type": "Feature",
   "geometry": {
    "type": "Polygon",
    "coordinates": [
     [
      [
       -123.1050958,
       49.2823346
      ],
      [
       -123.105134,
       49.2822572
      ],
      [
       -123.1050335,
       49.2822354
      ],
      [
       -123.1050572,
       49.2822306
      ],
      [
       -123.1050815,
       49.2821658
      ],
      [
       -123.1049907,
       49.2821488
      ],
      [
       -123.10497,
       49.2821757
      ],
      [
       -123.1049593,
       49.2822168
      ],
      [
       -123.1050096,
       49.2822292
      ],
      [
       -123.1050049,
       49.282234
      ],
      [
       -123.1049524,
       49.2822278
      ],
      [
       -123.1049212,
       49.2823021
      ],
      [
       -123.1050336,
       49.2823238
      ],
      [
       -123.1050477,
       49.2823158
      ],
      [
       -123.1050786,
       49.2823173
      ],
      [
       -123.105079,
       49.2823299
      ],
      [
       -123.1050958,
       49.2823346
      ]
     ]
    ]
   },
   "properties": {
    "sheet": "vancouver_1912_MAP342a_04",
    "outline_id": "vancouver_1912_MAP342a_04:block:3:outline273",
    "block_id": "vancouver_1912_MAP342a_04:block:3",
    "block_fid": 14,
    "block_number": "3",
    "text_inside": [],
    "numerals_inside": [],
    "words_inside": [],
    "floors": null,
    "wash_rgb": [
     253,
     231,
     160
    ],
    "wash_chroma": 40.6,
    "wash_lightness_delta": -19.3,
    "hue_deg": 46,
    "material": "frame (wood)",
    "area_source_px2": 5880,
    "centroid_source_px": [
     4183,
     4366
    ],
    "orphan": false,
    "centroid_map": [
     492361.75,
     5458838.213
    ]
   }
  },
  {
   "type": "Feature",
   "geometry": {
    "type": "Polygon",
    "coordinates": [
     [
      [
       -123.1063367,
       49.2823175
      ],
      [
       -123.1063554,
       49.2823049
      ],
      [
       -123.1064889,
       49.281981
      ],
      [
       -123.1064767,
       49.28197
      ],
      [
       -123.1063453,
       49.2819484
      ],
      [
       -123.1063361,
       49.2819579
      ],
      [
       -123.1063482,
       49.2819641
      ],
      [
       -123.106327,
       49.2819737
      ],
      [
       -123.1063139,
       49.2820132
      ],
      [
       -123.1063022,
       49.2820195
      ],
      [
       -123.1062738,
       49.2821095
      ],
      [
       -123.1062952,
       49.282111
      ],
      [
       -123.106291,
       49.28213
      ],
      [
       -123.1063242,
       49.2821267
      ],
      [
       -123.1063166,
       49.2821094
      ],
      [
       -123.106326,
       49.2821046
      ],
      [
       -123.1063277,
       49.2820809
      ],
      [
       -123.1063485,
       49.2820619
      ],
      [
       -123.106348,
       49.2820414
      ],
      [
       -123.1063669,
       49.2820366
      ],
      [
       -123.1063744,
       49.2820508
      ],
      [
       -123.1063492,
       49.282084
      ],
      [
       -123.1063782,
       49.2821013
      ],
      [
       -123.1063899,
       49.2820949
      ],
      [
       -123.1063999,
       49.2821107
      ],
      [
       -123.1063745,
       49.2821407
      ],
      [
       -123.1063798,
       49.2821581
      ],
      [
       -123.106368,
       49.2821628
      ],
      [
       -123.1063553,
       49.2822165
      ],
      [
       -123.1063458,
       49.2822197
      ],
      [
       -123.1063334,
       49.2821992
      ],
      [
       -123.1062952,
       49.2821962
      ],
      [
       -123.1062884,
       49.2822057
      ],
      [
       -123.106303,
       49.2822167
      ],
      [
       -123.1062846,
       49.2822389
      ],
      [
       -123.1062875,
       49.2822578
      ],
      [
       -123.1062733,
       49.2822626
      ],
      [
       -123.1062658,
       49.28225
      ],
      [
       -123.1062443,
       49.2822453
      ],
      [
       -123.1062629,
       49.2822295
      ],
      [
       -123.1062553,
       49.2822153
      ],
      [
       -123.1062743,
       49.2822121
      ],
      [
       -123.1062876,
       49.2821773
      ],
      [
       -123.1062993,
       49.282171
      ],
      [
       -123.1062822,
       49.2821553
      ],
      [
       -123.1063105,
       49.2821473
      ],
      [
       -123.1063007,
       49.2821363
      ],
      [
       -123.1062604,
       49.2821411
      ],
      [
       -123.1062026,
       49.2822849
      ],
      [
       -123.106222,
       49.2822974
      ],
      [
       -123.1063367,
       49.2823175
      ]
     ]
    ]
   },
   "properties": {
    "sheet": "vancouver_1912_MAP342a_04",
    "outline_id": "vancouver_1912_MAP342a_04:block:3:outline274",
    "block_id": "vancouver_1912_MAP342a_04:block:3",
    "block_fid": 14,
    "block_number": "3",
    "text_inside": [
     "Sting",
     "Singhama",
     "Hotel",
     "Hotel"
    ],
    "numerals_inside": [],
    "words_inside": [
     "Sting",
     "Singhama",
     "Hotel",
     "Hotel"
    ],
    "floors": null,
    "wash_rgb": [
     253,
     213,
     213
    ],
    "wash_chroma": 15.4,
    "wash_lightness_delta": -28.7,
    "hue_deg": 0,
    "material": "brick",
    "area_source_px2": 11792,
    "centroid_source_px": [
     3623,
     4444
    ],
    "orphan": false,
    "centroid_map": [
     492265.133,
     5458824.143
    ]
   }
  },
  {
   "type": "Feature",
   "geometry": {
    "type": "Polygon",
    "coordinates": [
     [
      [
       -123.1060738,
       49.2822727
      ],
      [
       -123.1060878,
       49.2822601
      ],
      [
       -123.1062214,
       49.2819378
      ],
      [
       -123.1062163,
       49.2819252
      ],
      [
       -123.1061446,
       49.2819128
      ],
      [
       -123.1061238,
       49.2819365
      ],
      [
       -123.105997,
       49.2822478
      ],
      [
       -123.1059997,
       49.2822588
      ],
      [
       -123.1060738,
       49.2822727
      ]
     ]
    ]
   },
   "properties": {
    "sheet": "vancouver_1912_MAP342a_04",
    "outline_id": "vancouver_1912_MAP342a_04:block:3:outline275",
    "block_id": "vancouver_1912_MAP342a_04:block:3",
    "block_fid": 14,
    "block_number": "3",
    "text_inside": [],
    "numerals_inside": [],
    "words_inside": [],
    "floors": null,
    "wash_rgb": [
     253,
     211,
     213
    ],
    "wash_chroma": 16.1,
    "wash_lightness_delta": -29.8,
    "hue_deg": 358,
    "material": "brick",
    "area_source_px2": 8887,
    "centroid_source_px": [
     3725,
     4464
    ],
    "orphan": false,
    "centroid_map": [
     492282.833,
     5458820.707
    ]
   }
  },
  {
   "type": "Feature",
   "geometry": {
    "type": "Polygon",
    "coordinates": [
     [
      [
       -123.1059759,
       49.2822557
      ],
      [
       -123.1059989,
       49.2822288
      ],
      [
       -123.1060566,
       49.2820835
      ],
      [
       -123.1060492,
       49.2820725
      ],
      [
       -123.1060285,
       49.2820994
      ],
      [
       -123.1060165,
       49.2820931
      ],
      [
       -123.1059928,
       49.2820963
      ],
      [
       -123.105983,
       49.2820869
      ],
      [
       -123.106004,
       49.2820742
      ],
      [
       -123.1059918,
       49.2820632
      ],
      [
       -123.1060036,
       49.2820569
      ],
      [
       -123.1060538,
       49.2820693
      ],
      [
       -123.1060656,
       49.282063
      ],
      [
       -123.1061214,
       49.2819334
      ],
      [
       -123.1060806,
       49.2819209
      ],
      [
       -123.1060993,
       49.2819114
      ],
      [
       -123.1060944,
       49.2819051
      ],
      [
       -123.1059773,
       49.2818834
      ],
      [
       -123.1059564,
       49.2819009
      ],
      [
       -123.1058405,
       49.2821773
      ],
      [
       -123.1058433,
       49.2821931
      ],
      [
       -123.1058249,
       49.2822168
      ],
      [
       -123.1058252,
       49.2822263
      ],
      [
       -123.1058444,
       49.2822341
      ],
      [
       -123.1059759,
       49.2822557
      ]
     ]
    ]
   },
   "properties": {
    "sheet": "vancouver_1912_MAP342a_04",
    "outline_id": "vancouver_1912_MAP342a_04:block:3:outline276",
    "block_id": "vancouver_1912_MAP342a_04:block:3",
    "block_fid": 14,
    "block_number": "3",
    "text_inside": [],
    "numerals_inside": [],
    "words_inside": [],
    "floors": null,
    "wash_rgb": [
     253,
     211,
     213
    ],
    "wash_chroma": 16.0,
    "wash_lightness_delta": -29.6,
    "hue_deg": 358,
    "material": "brick",
    "area_source_px2": 15659,
    "centroid_source_px": [
     3783,
     4477
    ],
    "orphan": false,
    "centroid_map": [
     492292.903,
     5458818.468
    ]
   }
  },
  {
   "type": "Feature",
   "geometry": {
    "type": "Polygon",
    "coordinates": [
     [
      [
       -123.1056771,
       49.2822032
      ],
      [
       -123.1057398,
       49.2820657
      ],
      [
       -123.1057296,
       49.2820421
      ],
      [
       -123.1057598,
       49.2820136
      ],
      [
       -123.1058245,
       49.2818651
      ],
      [
       -123.10581,
       49.2818541
      ],
      [
       -123.105789,
       49.2818683
      ],
      [
       -123.1057699,
       49.2818668
      ],
      [
       -123.1057578,
       49.281859
      ],
      [
       -123.1057718,
       49.2818495
      ],
      [
       -123.1057382,
       49.2818401
      ],
      [
       -123.1057242,
       49.2818496
      ],
      [
       -123.1056823,
       49.2819665
      ],
      [
       -123.105699,
       49.281968
      ],
      [
       -123.105708,
       49.2819475
      ],
      [
       -123.1057339,
       49.2819395
      ],
      [
       -123.1057169,
       49.2819254
      ],
      [
       -123.1057237,
       49.2819143
      ],
      [
       -123.1057334,
       49.2819222
      ],
      [
       -123.1057518,
       49.2818984
      ],
      [
       -123.1057325,
       49.281889
      ],
      [
       -123.1057346,
       49.2818811
      ],
      [
       -123.1057656,
       49.2818826
      ],
      [
       -123.1057732,
       49.2818984
      ],
      [
       -123.1057502,
       49.2819268
      ],
      [
       -123.105744,
       49.2819616
      ],
      [
       -123.1057276,
       49.2819679
      ],
      [
       -123.1057351,
       49.2819821
      ],
      [
       -123.1057263,
       49.2820074
      ],
      [
       -123.1056954,
       49.2820075
      ],
      [
       -123.1056838,
       49.2820201
      ],
      [
       -123.1057103,
       49.2820311
      ],
      [
       -123.105713,
       49.2820421
      ],
      [
       -123.1056947,
       49.282069
      ],
      [
       -123.1056998,
       49.28208
      ],
      [
       -123.1056705,
       49.2821385
      ],
      [
       -123.1056515,
       49.2821402
      ],
      [
       -123.1056519,
       49.2821528
      ],
      [
       -123.1056663,
       49.2821559
      ],
      [
       -123.1056572,
       49.2821717
      ],
      [
       -123.1056472,
       49.2821544
      ],
      [
       -123.1056232,
       49.2821466
      ],
      [
       -123.1056274,
       49.2821276
      ],
      [
       -123.1056626,
       49.2821101
      ],
      [
       -123.1056408,
       49.282096
      ],
      [
       -123.1056852,
       49.2820675
      ],
      [
       -123.1056703,
       49.282047
      ],
      [
       -123.1056771,
       49.2820344
      ],
      [
       -123.1056556,
       49.2820297
      ],
      [
       -123.1055907,
       49.2821767
      ],
      [
       -123.1055983,
       49.2821908
      ],
      [
       -123.1056384,
       49.2821796
      ],
      [
       -123.1056575,
       49.2821843
      ],
      [
       -123.1056531,
       49.2821969
      ],
      [
       -123.1056771,
       49.2822032
      ]
     ]
    ]
   },
   "properties": {
    "sheet": "vancouver_1912_MAP342a_04",
    "outline_id": "vancouver_1912_MAP342a_04:block:3:outline277",
    "block_id": "vancouver_1912_MAP342a_04:block:3",
    "block_fid": 14,
    "block_number": "3",
    "text_inside": [
     "Pado",
     "Fedde",
     "13",
     "Hobel",
     "Hotel"
    ],
    "numerals_inside": [],
    "words_inside": [
     "Pado",
     "Fedde",
     "Hobel",
     "Hotel"
    ],
    "floors": null,
    "wash_rgb": [
     253,
     206,
     211
    ],
    "wash_chroma": 18.1,
    "wash_lightness_delta": -32.9,
    "hue_deg": 354,
    "material": "brick",
    "area_source_px2": 6104,
    "centroid_source_px": [
     3891,
     4509
    ],
    "orphan": false,
    "centroid_map": [
     492311.676,
     5458812.932
    ]
   }
  },
  {
   "type": "Feature",
   "geometry": {
    "type": "Polygon",
    "coordinates": [
     [
      [
       -123.1055576,
       49.2821831
      ],
      [
       -123.1055814,
       49.2821814
      ],
      [
       -123.1056106,
       49.2821214
      ],
      [
       -123.1056522,
       49.2819934
      ],
      [
       -123.1057217,
       49.2818449
      ],
      [
       -123.1057144,
       49.281837
      ],
      [
       -123.1056933,
       49.2818497
      ],
      [
       -123.1056265,
       49.2818421
      ],
      [
       -123.1056082,
       49.2818658
      ],
      [
       -123.1055703,
       49.281959
      ],
      [
       -123.1055899,
       49.2819763
      ],
      [
       -123.1055737,
       49.2819937
      ],
      [
       -123.105586,
       49.2820079
      ],
      [
       -123.1055675,
       49.2820253
      ],
      [
       -123.1055437,
       49.2820254
      ],
      [
       -123.1054947,
       49.2821454
      ],
      [
       -123.1055165,
       49.2821596
      ],
      [
       -123.1055548,
       49.2821657
      ],
      [
       -123.1055456,
       49.2821784
      ],
      [
       -123.1055576,
       49.2821831
      ]
     ]
    ]
   },
   "properties": {
    "sheet": "vancouver_1912_MAP342a_04",
    "outline_id": "vancouver_1912_MAP342a_04:block:3:outline278",
    "block_id": "vancouver_1912_MAP342a_04:block:3",
    "block_fid": 14,
    "block_number": "3",
    "text_inside": [],
    "numerals_inside": [],
    "words_inside": [],
    "floors": null,
    "wash_rgb": [
     253,
     211,
     213
    ],
    "wash_chroma": 16.2,
    "wash_lightness_delta": -29.9,
    "hue_deg": 358,
    "material": "brick",
    "area_source_px2": 8248,
    "centroid_source_px": [
     3935,
     4522
    ],
    "orphan": false,
    "centroid_map": [
     492319.325,
     5458810.683
    ]
   }
  },
  {
   "type": "Feature",
   "geometry": {
    "type": "Polygon",
    "coordinates": [
     [
      [
       -123.1054644,
       49.2821676
      ],
      [
       -123.10549,
       49.282147
      ],
      [
       -123.1056188,
       49.2818232
      ],
      [
       -123.1055614,
       49.2818092
      ],
      [
       -123.1055404,
       49.2818235
      ],
      [
       -123.105507,
       49.2818204
      ],
      [
       -123.1055233,
       49.2818093
      ],
      [
       -123.1055184,
       49.281803
      ],
      [
       -123.1054323,
       49.2817876
      ],
      [
       -123.1053693,
       49.2819124
      ],
      [
       -123.1053652,
       49.2819361
      ],
      [
       -123.105382,
       49.2819423
      ],
      [
       -123.1053849,
       49.2819597
      ],
      [
       -123.1053758,
       49.2819739
      ],
      [
       -123.1053591,
       49.281974
      ],
      [
       -123.1053696,
       49.2820071
      ],
      [
       -123.1053626,
       49.2820134
      ],
      [
       -123.105355,
       49.2819961
      ],
      [
       -123.105336,
       49.2819961
      ],
      [
       -123.1052849,
       49.2821273
      ],
      [
       -123.1053425,
       49.282146
      ],
      [
       -123.1054112,
       49.2821347
      ],
      [
       -123.1054166,
       49.2821583
      ],
      [
       -123.1054644,
       49.2821676
      ]
     ]
    ]
   },
   "properties": {
    "sheet": "vancouver_1912_MAP342a_04",
    "outline_id": "vancouver_1912_MAP342a_04:block:3:outline279",
    "block_id": "vancouver_1912_MAP342a_04:block:3",
    "block_fid": 14,
    "block_number": "3",
    "text_inside": [
     "14",
     "11"
    ],
    "numerals_inside": [
     "14"
    ],
    "words_inside": [],
    "floors": null,
    "wash_rgb": [
     253,
     212,
     214
    ],
    "wash_chroma": 15.6,
    "wash_lightness_delta": -28.9,
    "hue_deg": 358,
    "material": "brick",
    "area_source_px2": 18708,
    "centroid_source_px": [
     4000,
     4539
    ],
    "orphan": false,
    "centroid_map": [
     492330.617,
     5458807.748
    ]
   }
  },
  {
   "type": "Feature",
   "geometry": {
    "type": "Polygon",
    "coordinates": [
     [
      [
       -123.10622,
       49.2821413
      ],
      [
       -123.1062365,
       49.2821381
      ],
      [
       -123.1062524,
       49.2821096
      ],
      [
       -123.1062826,
       49.2820843
      ],
      [
       -123.1063311,
       49.28195
      ],
      [
       -123.1062402,
       49.2819298
      ],
      [
       -123.1062285,
       49.2819362
      ],
      [
       -123.1061529,
       49.2821226
      ],
      [
       -123.1061674,
       49.282132
      ],
      [
       -123.10622,
       49.2821413
      ]
     ]
    ]
   },
   "properties": {
    "sheet": "vancouver_1912_MAP342a_04",
    "outline_id": "vancouver_1912_MAP342a_04:block:3:outline280",
    "block_id": "vancouver_1912_MAP342a_04:block:3",
    "block_fid": 14,
    "block_number": "3",
    "text_inside": [],
    "numerals_inside": [],
    "words_inside": [],
    "floors": null,
    "wash_rgb": [
     253,
     214,
     214
    ],
    "wash_chroma": 14.9,
    "wash_lightness_delta": -27.8,
    "hue_deg": 0,
    "material": "brick",
    "area_source_px2": 5624,
    "centroid_source_px": [
     3669,
     4500
    ],
    "orphan": false,
    "centroid_map": [
     492273.255,
     5458814.355
    ]
   }
  },
  {
   "type": "Feature",
   "geometry": {
    "type": "Polygon",
    "coordinates": [
     [
      [
       -123.1058324,
       49.2821427
      ],
      [
       -123.1058489,
       49.2821394
      ],
      [
       -123.1058734,
       49.282081
      ],
      [
       -123.1058681,
       49.2820605
      ],
      [
       -123.1058511,
       49.2820464
      ],
      [
       -123.1058699,
       49.2820416
      ],
      [
       -123.1058785,
       49.2820084
      ],
      [
       -123.1059047,
       49.2820099
      ],
      [
       -123.105956,
       49.2818867
      ],
      [
       -123.1059534,
       49.2818788
      ],
      [
       -123.1059342,
       49.2818757
      ],
      [
       -123.1059109,
       49.28189
      ],
      [
       -123.1058727,
       49.2818854
      ],
      [
       -123.1058937,
       49.2818711
      ],
      [
       -123.105841,
       49.2818587
      ],
      [
       -123.1057937,
       49.2819535
      ],
      [
       -123.1058156,
       49.2819708
      ],
      [
       -123.1058043,
       49.2819913
      ],
      [
       -123.1057902,
       49.2819961
      ],
      [
       -123.1057981,
       49.2820245
      ],
      [
       -123.1057776,
       49.2820561
      ],
      [
       -123.1057678,
       49.2820467
      ],
      [
       -123.1057514,
       49.2820546
      ],
      [
       -123.1057246,
       49.2821162
      ],
      [
       -123.1057487,
       49.2821288
      ],
      [
       -123.1058324,
       49.2821427
      ]
     ]
    ]
   },
   "properties": {
    "sheet": "vancouver_1912_MAP342a_04",
    "outline_id": "vancouver_1912_MAP342a_04:block:3:outline281",
    "block_id": "vancouver_1912_MAP342a_04:block:3",
    "block_fid": 14,
    "block_number": "3",
    "text_inside": [
     "A"
    ],
    "numerals_inside": [],
    "words_inside": [],
    "floors": null,
    "wash_rgb": [
     253,
     211,
     213
    ],
    "wash_chroma": 16.0,
    "wash_lightness_delta": -29.6,
    "hue_deg": 358,
    "material": "brick",
    "area_source_px2": 8124,
    "centroid_source_px": [
     3836,
     4524
    ],
    "orphan": false,
    "centroid_map": [
     492302.209,
     5458810.263
    ]
   }
  },
  {
   "type": "Feature",
   "geometry": {
    "type": "Polygon",
    "coordinates": [
     [
      [
       -123.1052661,
       49.2821321
      ],
      [
       -123.1052801,
       49.2821225
      ],
      [
       -123.1054181,
       49.2817876
      ],
      [
       -123.1053128,
       49.2817659
      ],
      [
       -123.1052965,
       49.2817786
      ],
      [
       -123.1052513,
       49.2817772
      ],
      [
       -123.1052488,
       49.2817709
      ],
      [
       -123.1052677,
       49.2817677
      ],
      [
       -123.1052698,
       49.2817598
      ],
      [
       -123.1051599,
       49.2817412
      ],
      [
       -123.1050103,
       49.2820856
      ],
      [
       -123.1052661,
       49.2821321
      ]
     ]
    ]
   },
   "properties": {
    "sheet": "vancouver_1912_MAP342a_04",
    "outline_id": "vancouver_1912_MAP342a_04:block:3:outline282",
    "block_id": "vancouver_1912_MAP342a_04:block:3",
    "block_fid": 14,
    "block_number": "3",
    "text_inside": [],
    "numerals_inside": [],
    "words_inside": [],
    "floors": null,
    "wash_rgb": [
     253,
     210,
     213
    ],
    "wash_chroma": 16.3,
    "wash_lightness_delta": -30.1,
    "hue_deg": 356,
    "material": "brick",
    "area_source_px2": 25793,
    "centroid_source_px": [
     4100,
     4563
    ],
    "orphan": false,
    "centroid_map": [
     492347.983,
     5458803.609
    ]
   }
  },
  {
   "type": "Feature",
   "geometry": {
    "type": "Polygon",
    "coordinates": [
     [
      [
       -123.1049984,
       49.2820857
      ],
      [
       -123.1051456,
       49.2817397
      ],
      [
       -123.1050715,
       49.2817258
      ],
      [
       -123.1050441,
       49.2817653
      ],
      [
       -123.1050572,
       49.2817242
      ],
      [
       -123.1049831,
       49.2817103
      ],
      [
       -123.104958,
       49.2817498
      ],
      [
       -123.1048335,
       49.2820563
      ],
      [
       -123.1049052,
       49.2820702
      ],
      [
       -123.1049214,
       49.2820528
      ],
      [
       -123.1049243,
       49.2820718
      ],
      [
       -123.1049984,
       49.2820857
      ]
     ]
    ]
   },
   "properties": {
    "sheet": "vancouver_1912_MAP342a_04",
    "outline_id": "vancouver_1912_MAP342a_04:block:3:outline283",
    "block_id": "vancouver_1912_MAP342a_04:block:3",
    "block_fid": 14,
    "block_number": "3",
    "text_inside": [
     "19",
     "16"
    ],
    "numerals_inside": [
     "16"
    ],
    "words_inside": [],
    "floors": null,
    "wash_rgb": [
     253,
     203,
     209
    ],
    "wash_chroma": 19.3,
    "wash_lightness_delta": -34.8,
    "hue_deg": 352,
    "material": "brick",
    "area_source_px2": 16508,
    "centroid_source_px": [
     4193,
     4589
    ],
    "orphan": false,
    "centroid_map": [
     492364.145,
     5458799.115
    ]
   }
  },
  {
   "type": "Feature",
   "geometry": {
    "type": "Polygon",
    "coordinates": [
     [
      [
       -123.1047881,
       49.2820502
      ],
      [
       -123.1048285,
       49.28205
      ],
      [
       -123.1049664,
       49.2817104
      ],
      [
       -123.1048899,
       49.2816949
      ],
      [
       -123.1048739,
       49.281717
      ],
      [
       -123.1047448,
       49.282033
      ],
      [
       -123.1047498,
       49.2820424
      ],
      [
       -123.1047881,
       49.2820502
      ]
     ]
    ]
   },
   "properties": {
    "sheet": "vancouver_1912_MAP342a_04",
    "outline_id": "vancouver_1912_MAP342a_04:block:3:outline284",
    "block_id": "vancouver_1912_MAP342a_04:block:3",
    "block_fid": 14,
    "block_number": "3",
    "text_inside": [],
    "numerals_inside": [],
    "words_inside": [],
    "floors": null,
    "wash_rgb": [
     253,
     204,
     208
    ],
    "wash_chroma": 18.7,
    "wash_lightness_delta": -34.1,
    "hue_deg": 356,
    "material": "brick",
    "area_source_px2": 8283,
    "centroid_source_px": [
     4249,
     4605
    ],
    "orphan": false,
    "centroid_map": [
     492373.878,
     5458796.349
    ]
   }
  },
  {
   "type": "Feature",
   "geometry": {
    "type": "Polygon",
    "coordinates": [
     [
      [
       -123.1057158,
       49.2817187
      ],
      [
       -123.1056296,
       49.281697
      ],
      [
       -123.1050203,
       49.281595
      ],
      [
       -123.1049997,
       49.2816266
      ],
      [
       -123.1050071,
       49.2816329
      ],
      [
       -123.1056546,
       49.2817426
      ],
      [
       -123.1056855,
       49.2817425
      ],
      [
       -123.1057158,
       49.2817187
      ]
     ]
    ]
   },
   "properties": {
    "sheet": "vancouver_1912_MAP342a_04",
    "outline_id": "vancouver_1912_MAP342a_04:block:3:outline285",
    "block_id": "vancouver_1912_MAP342a_04:block:3",
    "block_fid": 14,
    "block_number": "3",
    "text_inside": [],
    "numerals_inside": [],
    "words_inside": [],
    "floors": null,
    "wash_rgb": [
     254,
     254,
     254
    ],
    "wash_chroma": 0.0,
    "wash_lightness_delta": -0.0,
    "hue_deg": 0,
    "material": "not a building (open lot, yard or court)",
    "area_source_px2": 7430,
    "centroid_source_px": [
     4037,
     4732
    ],
    "orphan": false,
    "centroid_map": [
     492337.592,
     5458773.93
    ]
   }
  }
 ]
}