{
 "type": "FeatureCollection",
 "crs_note": "Coordinates are pixels on the source scan (origin top-left, y down); fim_georef.py writes <stem>_outlines_wgs84.geojson",
 "note": "enclosed outlines inside the traced blocks (footprints, yards, courtyards — the plan's linework, not classified); text_inside = OCR tokens whose centre lies inside, in reading order; numerals_inside / words_inside = the same split by regex; floors = null unless --floors single-numeral-1-3 (Sanborn): then the single numeral inside when it reads 1 to 3 inclusive (1½ -> 1.5); a field for a person to fill otherwise; wash_rgb / wash_chroma / wash_lightness_delta / hue_deg = the measured colour inside the outline relative to the paper; material = that colour looked up in the key given with --legend (colour words or calibrated hue ranges), else null; block_id links to <stem>_blocks_px.geojson",
 "paper_chroma": 0.0,
 "paper_lightness": 255.0,
 "legend": "configs/legend/goad_sanborn_default.json",
 "source_image": "data/example/vancouver_1912_MAP342a_04/vancouver_1912_MAP342a_04.tif",
 "source_size": {
  "w": 5991,
  "h": 5719
 },
 "from_run": "runs/hunyuan/2026-09-15_tiles_vancouver_1912_MAP342a_04",
 "params": {
  "outline_min_frac": 8e-05,
  "outline_max_share": 0.6,
  "floors": "off"
 },
 "generated_utc": "2026-09-17T08:47:55.564500+00:00",
 "features": [
  {
   "type": "Feature",
   "id": 0,
   "geometry": {
    "type": "Polygon",
    "coordinates": [
     [
      [
       1652,
       1443
      ],
      [
       1634,
       1480
      ],
      [
       1651,
       1477
      ],
      [
       1628,
       1492
      ],
      [
       1595,
       1569
      ],
      [
       1657,
       1595
      ],
      [
       1698,
       1513
      ],
      [
       1714,
       1471
      ],
      [
       1687,
       1458
      ],
      [
       1662,
       1471
      ],
      [
       1679,
       1456
      ],
      [
       1652,
       1443
      ]
     ]
    ]
   },
   "properties": {
    "sheet": "vancouver_1912_MAP342a_04",
    "outline_id": "vancouver_1912_MAP342a_04:block:fid0:outline0",
    "block_id": "vancouver_1912_MAP342a_04:block:fid0",
    "block_fid": 0,
    "block_number": null,
    "text_inside": [],
    "numerals_inside": [],
    "words_inside": [],
    "floors": null,
    "wash_rgb": [
     253,
     245,
     154
    ],
    "wash_chroma": 45.9,
    "wash_lightness_delta": -11.0,
    "hue_deg": 56,
    "material": "frame (wood)",
    "area_source_px2": 9436,
    "centroid_source_px": [
     1654,
     1521
    ]
   }
  },
  {
   "type": "Feature",
   "id": 1,
   "geometry": {
    "type": "Polygon",
    "coordinates": [
     [
      [
       1484,
       1608
      ],
      [
       1665,
       1720
      ],
      [
       1732,
       1752
      ],
      [
       1829,
       1784
      ],
      [
       1931,
       1808
      ],
      [
       1939,
       1806
      ],
      [
       1488,
       1606
      ],
      [
       1484,
       1608
      ]
     ]
    ]
   },
   "properties": {
    "sheet": "vancouver_1912_MAP342a_04",
    "outline_id": "vancouver_1912_MAP342a_04:block:1:outline1",
    "block_id": "vancouver_1912_MAP342a_04:block:1",
    "block_fid": 1,
    "block_number": "1",
    "text_inside": [],
    "numerals_inside": [],
    "words_inside": [],
    "floors": null,
    "wash_rgb": [
     254,
     254,
     254
    ],
    "wash_chroma": 0.1,
    "wash_lightness_delta": -0.1,
    "hue_deg": 0,
    "material": "not a building (open lot, yard or court)",
    "area_source_px2": 10806,
    "centroid_source_px": [
     1715,
     1721
    ]
   }
  },
  {
   "type": "Feature",
   "id": 2,
   "geometry": {
    "type": "Polygon",
    "coordinates": [
     [
      [
       1206,
       1629
      ],
      [
       1208,
       1634
      ],
      [
       1329,
       1692
      ],
      [
       1346,
       1675
      ],
      [
       1225,
       1613
      ],
      [
       1206,
       1629
      ]
     ]
    ]
   },
   "properties": {
    "sheet": "vancouver_1912_MAP342a_04",
    "outline_id": "vancouver_1912_MAP342a_04:block:1:outline2",
    "block_id": "vancouver_1912_MAP342a_04:block:1",
    "block_fid": 1,
    "block_number": "1",
    "text_inside": [],
    "numerals_inside": [],
    "words_inside": [],
    "floors": null,
    "wash_rgb": [
     254,
     254,
     254
    ],
    "wash_chroma": 0.0,
    "wash_lightness_delta": -0.1,
    "hue_deg": 0,
    "material": "not a building (open lot, yard or court)",
    "area_source_px2": 3382,
    "centroid_source_px": [
     1275,
     1652
    ]
   }
  },
  {
   "type": "Feature",
   "id": 3,
   "geometry": {
    "type": "Polygon",
    "coordinates": [
     [
      [
       1181,
       1653
      ],
      [
       1305,
       1714
      ],
      [
       1326,
       1697
      ],
      [
       1201,
       1635
      ],
      [
       1181,
       1653
      ]
     ]
    ]
   },
   "properties": {
    "sheet": "vancouver_1912_MAP342a_04",
    "outline_id": "vancouver_1912_MAP342a_04:block:1:outline3",
    "block_id": "vancouver_1912_MAP342a_04:block:1",
    "block_fid": 1,
    "block_number": "1",
    "text_inside": [],
    "numerals_inside": [],
    "words_inside": [],
    "floors": null,
    "wash_rgb": [
     254,
     254,
     254
    ],
    "wash_chroma": 0.0,
    "wash_lightness_delta": -0.0,
    "hue_deg": 0,
    "material": "not a building (open lot, yard or court)",
    "area_source_px2": 3440,
    "centroid_source_px": [
     1252,
     1674
    ]
   }
  },
  {
   "type": "Feature",
   "id": 4,
   "geometry": {
    "type": "Polygon",
    "coordinates": [
     [
      [
       1377,
       1648
      ],
      [
       1420,
       1674
      ],
      [
       1931,
       1927
      ],
      [
       3095,
       2444
      ],
      [
       3143,
       2459
      ],
      [
       3165,
       2475
      ],
      [
       3220,
       2497
      ],
      [
       3227,
       2495
      ],
      [
       3231,
       2504
      ],
      [
       3281,
       2526
      ],
      [
       3291,
       2517
      ],
      [
       3281,
       2505
      ],
      [
       1942,
       1913
      ],
      [
       1504,
       1690
      ],
      [
       1385,
       1640
      ],
      [
       1377,
       1648
      ]
     ]
    ]
   },
   "properties": {
    "sheet": "vancouver_1912_MAP342a_04",
    "outline_id": "vancouver_1912_MAP342a_04:block:1:outline4",
    "block_id": "vancouver_1912_MAP342a_04:block:1",
    "block_fid": 1,
    "block_number": "1",
    "text_inside": [
     "Rait"
    ],
    "numerals_inside": [],
    "words_inside": [
     "Rait"
    ],
    "floors": null,
    "wash_rgb": [
     254,
     254,
     254
    ],
    "wash_chroma": 0.1,
    "wash_lightness_delta": -0.1,
    "hue_deg": 0,
    "material": "not a building (open lot, yard or court)",
    "area_source_px2": 39206,
    "centroid_source_px": [
     2315,
     2082
    ]
   }
  },
  {
   "type": "Feature",
   "id": 5,
   "geometry": {
    "type": "Polygon",
    "coordinates": [
     [
      [
       1334,
       1691
      ],
      [
       1382,
       1718
      ],
      [
       1934,
       1981
      ],
      [
       2697,
       2322
      ],
      [
       2709,
       2318
      ],
      [
       2711,
       2327
      ],
      [
       2768,
       2353
      ],
      [
       2775,
       2350
      ],
      [
       2796,
       2366
      ],
      [
       2841,
       2382
      ],
      [
       2898,
       2411
      ],
      [
       2925,
       2414
      ],
      [
       2935,
       2427
      ],
      [
       3063,
       2484
      ],
      [
       3082,
       2486
      ],
      [
       3094,
       2478
      ],
      [
       1930,
       1960
      ],
      [
       1415,
       1706
      ],
      [
       1391,
       1698
      ],
      [
       1352,
       1675
      ],
      [
       1334,
       1691
      ]
     ]
    ]
   },
   "properties": {
    "sheet": "vancouver_1912_MAP342a_04",
    "outline_id": "vancouver_1912_MAP342a_04:block:1:outline5",
    "block_id": "vancouver_1912_MAP342a_04:block:1",
    "block_fid": 1,
    "block_number": "1",
    "text_inside": [],
    "numerals_inside": [],
    "words_inside": [],
    "floors": null,
    "wash_rgb": [
     254,
     254,
     254
    ],
    "wash_chroma": 0.0,
    "wash_lightness_delta": -0.0,
    "hue_deg": 0,
    "material": "not a building (open lot, yard or court)",
    "area_source_px2": 36428,
    "centroid_source_px": [
     2179,
     2075
    ]
   }
  },
  {
   "type": "Feature",
   "id": 6,
   "geometry": {
    "type": "Polygon",
    "coordinates": [
     [
      [
       1583,
       1692
      ],
      [
       1624,
       1717
      ],
      [
       1957,
       1888
      ],
      [
       3347,
       2502
      ],
      [
       3392,
       2514
      ],
      [
       3392,
       2521
      ],
      [
       3458,
       2549
      ],
      [
       3464,
       2543
      ],
      [
       3453,
       2537
      ],
      [
       3471,
       2537
      ],
      [
       1952,
       1865
      ],
      [
       1625,
       1704
      ],
      [
       1588,
       1690
      ],
      [
       1583,
       1692
      ]
     ]
    ]
   },
   "properties": {
    "sheet": "vancouver_1912_MAP342a_04",
    "outline_id": "vancouver_1912_MAP342a_04:block:1:outline6",
    "block_id": "vancouver_1912_MAP342a_04:block:1",
    "block_fid": 1,
    "block_number": "1",
    "text_inside": [],
    "numerals_inside": [],
    "words_inside": [],
    "floors": null,
    "wash_rgb": [
     254,
     254,
     254
    ],
    "wash_chroma": 0.0,
    "wash_lightness_delta": -0.1,
    "hue_deg": 0,
    "material": "not a building (open lot, yard or court)",
    "area_source_px2": 36244,
    "centroid_source_px": [
     2570,
     2147
    ]
   }
  },
  {
   "type": "Feature",
   "id": 7,
   "geometry": {
    "type": "Polygon",
    "coordinates": [
     [
      [
       1312,
       1713
      ],
      [
       1316,
       1719
      ],
      [
       1381,
       1750
      ],
      [
       1423,
       1766
      ],
      [
       1468,
       1790
      ],
      [
       1477,
       1790
      ],
      [
       1487,
       1799
      ],
      [
       2243,
       2152
      ],
      [
       2282,
       2166
      ],
      [
       2290,
       2174
      ],
      [
       2386,
       2219
      ],
      [
       2404,
       2206
      ],
      [
       2394,
       2199
      ],
      [
       2397,
       2194
      ],
      [
       1919,
       1980
      ],
      [
       1327,
       1695
      ],
      [
       1312,
       1713
      ]
     ]
    ]
   },
   "properties": {
    "sheet": "vancouver_1912_MAP342a_04",
    "outline_id": "vancouver_1912_MAP342a_04:block:1:outline7",
    "block_id": "vancouver_1912_MAP342a_04:block:1",
    "block_fid": 1,
    "block_number": "1",
    "text_inside": [],
    "numerals_inside": [],
    "words_inside": [],
    "floors": null,
    "wash_rgb": [
     254,
     254,
     254
    ],
    "wash_chroma": 0.0,
    "wash_lightness_delta": -0.0,
    "hue_deg": 0,
    "material": "not a building (open lot, yard or court)",
    "area_source_px2": 26854,
    "centroid_source_px": [
     1865,
     1962
    ]
   }
  },
  {
   "type": "Feature",
   "id": 8,
   "geometry": {
    "type": "Polygon",
    "coordinates": [
     [
      [
       1110,
       1723
      ],
      [
       1111,
       1727
      ],
      [
       1648,
       2021
      ],
      [
       1655,
       2021
      ],
      [
       1661,
       2028
      ],
      [
       1675,
       2035
      ],
      [
       1684,
       2028
      ],
      [
       1683,
       2023
      ],
      [
       1672,
       2022
      ],
      [
       1673,
       2014
      ],
      [
       1256,
       1777
      ],
      [
       1243,
       1779
      ],
      [
       1245,
       1771
      ],
      [
       1136,
       1709
      ],
      [
       1125,
       1708
      ],
      [
       1110,
       1723
      ]
     ]
    ]
   },
   "properties": {
    "sheet": "vancouver_1912_MAP342a_04",
    "outline_id": "vancouver_1912_MAP342a_04:block:1:outline8",
    "block_id": "vancouver_1912_MAP342a_04:block:1",
    "block_fid": 1,
    "block_number": "1",
    "text_inside": [],
    "numerals_inside": [],
    "words_inside": [],
    "floors": null,
    "wash_rgb": [
     254,
     254,
     254
    ],
    "wash_chroma": 0.2,
    "wash_lightness_delta": -0.2,
    "hue_deg": 0,
    "material": "not a building (open lot, yard or court)",
    "area_source_px2": 14653,
    "centroid_source_px": [
     1374,
     1858
    ]
   }
  },
  {
   "type": "Feature",
   "id": 9,
   "geometry": {
    "type": "Polygon",
    "coordinates": [
     [
      [
       2304,
       1730
      ],
      [
       2297,
       1735
      ],
      [
       2246,
       1842
      ],
      [
       2296,
       1868
      ],
      [
       2304,
       1863
      ],
      [
       2355,
       1757
      ],
      [
       2304,
       1730
      ]
     ]
    ]
   },
   "properties": {
    "sheet": "vancouver_1912_MAP342a_04",
    "outline_id": "vancouver_1912_MAP342a_04:block:fid2:outline9",
    "block_id": "vancouver_1912_MAP342a_04:block:fid2",
    "block_fid": 2,
    "block_number": null,
    "text_inside": [],
    "numerals_inside": [],
    "words_inside": [],
    "floors": null,
    "wash_rgb": [
     253,
     243,
     135
    ],
    "wash_chroma": 54.0,
    "wash_lightness_delta": -13.2,
    "hue_deg": 54,
    "material": "frame (wood)",
    "area_source_px2": 7724,
    "centroid_source_px": [
     2300,
     1799
    ]
   }
  },
  {
   "type": "Feature",
   "id": 10,
   "geometry": {
    "type": "Polygon",
    "coordinates": [
     [
      [
       1277,
       1747
      ],
      [
       1281,
       1753
      ],
      [
       1419,
       1831
      ],
      [
       1797,
       1994
      ],
      [
       1944,
       2065
      ],
      [
       1951,
       2059
      ],
      [
       1944,
       2052
      ],
      [
       1959,
       2051
      ],
      [
       1895,
       2018
      ],
      [
       1289,
       1742
      ],
      [
       1277,
       1747
      ]
     ]
    ]
   },
   "properties": {
    "sheet": "vancouver_1912_MAP342a_04",
    "outline_id": "vancouver_1912_MAP342a_04:block:1:outline10",
    "block_id": "vancouver_1912_MAP342a_04:block:1",
    "block_fid": 1,
    "block_number": "1",
    "text_inside": [],
    "numerals_inside": [],
    "words_inside": [],
    "floors": null,
    "wash_rgb": [
     254,
     254,
     254
    ],
    "wash_chroma": 0.2,
    "wash_lightness_delta": -0.2,
    "hue_deg": 0,
    "material": "not a building (open lot, yard or court)",
    "area_source_px2": 15954,
    "centroid_source_px": [
     1608,
     1900
    ]
   }
  },
  {
   "type": "Feature",
   "id": 11,
   "geometry": {
    "type": "Polygon",
    "coordinates": [
     [
      [
       1804,
       1785
      ],
      [
       1952,
       1860
      ],
      [
       3439,
       2516
      ],
      [
       3443,
       2514
      ],
      [
       3372,
       2464
      ],
      [
       1931,
       1828
      ],
      [
       1816,
       1785
      ],
      [
       1804,
       1785
      ]
     ]
    ]
   },
   "properties": {
    "sheet": "vancouver_1912_MAP342a_04",
    "outline_id": "vancouver_1912_MAP342a_04:block:1:outline11",
    "block_id": "vancouver_1912_MAP342a_04:block:1",
    "block_fid": 1,
    "block_number": "1",
    "text_inside": [],
    "numerals_inside": [],
    "words_inside": [],
    "floors": null,
    "wash_rgb": [
     254,
     254,
     254
    ],
    "wash_chroma": 0.1,
    "wash_lightness_delta": -0.2,
    "hue_deg": 0,
    "material": "not a building (open lot, yard or court)",
    "area_source_px2": 35074,
    "centroid_source_px": [
     2653,
     2158
    ]
   }
  },
  {
   "type": "Feature",
   "id": 12,
   "geometry": {
    "type": "Polygon",
    "coordinates": [
     [
      [
       1210,
       1813
      ],
      [
       1339,
       1886
      ],
      [
       1351,
       1882
      ],
      [
       1371,
       1903
      ],
      [
       1385,
       1910
      ],
      [
       1400,
       1900
      ],
      [
       1395,
       1907
      ],
      [
       1400,
       1912
      ],
      [
       1413,
       1901
      ],
      [
       1408,
       1894
      ],
      [
       1235,
       1799
      ],
      [
       1226,
       1797
      ],
      [
       1210,
       1813
      ]
     ]
    ]
   },
   "properties": {
    "sheet": "vancouver_1912_MAP342a_04",
    "outline_id": "vancouver_1912_MAP342a_04:block:1:outline12",
    "block_id": "vancouver_1912_MAP342a_04:block:1",
    "block_fid": 1,
    "block_number": "1",
    "text_inside": [],
    "numerals_inside": [],
    "words_inside": [],
    "floors": null,
    "wash_rgb": [
     254,
     254,
     254
    ],
    "wash_chroma": 0.0,
    "wash_lightness_delta": -0.0,
    "hue_deg": 0,
    "material": "not a building (open lot, yard or court)",
    "area_source_px2": 5130,
    "centroid_source_px": [
     1306,
     1852
    ]
   }
  },
  {
   "type": "Feature",
   "id": 13,
   "geometry": {
    "type": "Polygon",
    "coordinates": [
     [
      [
       1891,
       1805
      ],
      [
       3311,
       2433
      ],
      [
       3317,
       2431
      ],
      [
       3226,
       2369
      ],
      [
       2033,
       1845
      ],
      [
       1926,
       1810
      ],
      [
       1891,
       1805
      ]
     ]
    ]
   },
   "properties": {
    "sheet": "vancouver_1912_MAP342a_04",
    "outline_id": "vancouver_1912_MAP342a_04:block:1:outline13",
    "block_id": "vancouver_1912_MAP342a_04:block:1",
    "block_fid": 1,
    "block_number": "1",
    "text_inside": [],
    "numerals_inside": [],
    "words_inside": [],
    "floors": null,
    "wash_rgb": [
     254,
     254,
     254
    ],
    "wash_chroma": 0.1,
    "wash_lightness_delta": -0.1,
    "hue_deg": 0,
    "material": "not a building (open lot, yard or court)",
    "area_source_px2": 32716,
    "centroid_source_px": [
     2620,
     2116
    ]
   }
  },
  {
   "type": "Feature",
   "id": 14,
   "geometry": {
    "type": "Polygon",
    "coordinates": [
     [
      [
       1473,
       1863
      ],
      [
       1631,
       1958
      ],
      [
       1649,
       1964
      ],
      [
       1655,
       1961
      ],
      [
       1662,
       1969
      ],
      [
       1757,
       2001
      ],
      [
       1908,
       2074
      ],
      [
       1923,
       2064
      ],
      [
       1918,
       2058
      ],
      [
       1788,
       1995
      ],
      [
       1486,
       1864
      ],
      [
       1473,
       1863
      ]
     ]
    ]
   },
   "properties": {
    "sheet": "vancouver_1912_MAP342a_04",
    "outline_id": "vancouver_1912_MAP342a_04:block:1:outline14",
    "block_id": "vancouver_1912_MAP342a_04:block:1",
    "block_fid": 1,
    "block_number": "1",
    "text_inside": [],
    "numerals_inside": [],
    "words_inside": [],
    "floors": null,
    "wash_rgb": [
     254,
     254,
     254
    ],
    "wash_chroma": 0.2,
    "wash_lightness_delta": -0.1,
    "hue_deg": 0,
    "material": "not a building (open lot, yard or court)",
    "area_source_px2": 9275,
    "centroid_source_px": [
     1706,
     1972
    ]
   }
  },
  {
   "type": "Feature",
   "id": 15,
   "geometry": {
    "type": "Polygon",
    "coordinates": [
     [
      [
       1218,
       1872
      ],
      [
       1464,
       2010
      ],
      [
       1477,
       1990
      ],
      [
       1498,
       1981
      ],
      [
       1497,
       1976
      ],
      [
       1377,
       1911
      ],
      [
       1310,
       1893
      ],
      [
       1302,
       1887
      ],
      [
       1311,
       1876
      ],
      [
       1289,
       1863
      ],
      [
       1262,
       1878
      ],
      [
       1228,
       1867
      ],
      [
       1218,
       1872
      ]
     ]
    ]
   },
   "properties": {
    "sheet": "vancouver_1912_MAP342a_04",
    "outline_id": "vancouver_1912_MAP342a_04:block:1:outline15",
    "block_id": "vancouver_1912_MAP342a_04:block:1",
    "block_fid": 1,
    "block_number": "1",
    "text_inside": [
     "Original Water Line as on Plan"
    ],
    "numerals_inside": [],
    "words_inside": [
     "Original Water Line as on Plan"
    ],
    "floors": null,
    "wash_rgb": [
     254,
     254,
     254
    ],
    "wash_chroma": 0.0,
    "wash_lightness_delta": -0.0,
    "hue_deg": 0,
    "material": "not a building (open lot, yard or court)",
    "area_source_px2": 10370,
    "centroid_source_px": [
     1375,
     1937
    ]
   }
  },
  {
   "type": "Feature",
   "id": 16,
   "geometry": {
    "type": "Polygon",
    "coordinates": [
     [
      [
       1479,
       2002
      ],
      [
       1481,
       2015
      ],
      [
       1499,
       2017
      ],
      [
       1492,
       2021
      ],
      [
       1495,
       2027
      ],
      [
       1818,
       2200
      ],
      [
       1990,
       2302
      ],
      [
       2474,
       2616
      ],
      [
       2480,
       2612
      ],
      [
       2497,
       2625
      ],
      [
       2496,
       2631
      ],
      [
       2506,
       2631
      ],
      [
       2527,
       2649
      ],
      [
       2568,
       2673
      ],
      [
       2662,
       2718
      ],
      [
       2752,
       2750
      ],
      [
       2762,
       2744
      ],
      [
       2762,
       2751
      ],
      [
       2853,
       2778
      ],
      [
       2871,
       2779
      ],
      [
       2877,
       2752
      ],
      [
       2781,
       2721
      ],
      [
       2768,
       2724
      ],
      [
       2765,
       2716
      ],
      [
       2635,
       2665
      ],
      [
       2517,
       2595
      ],
      [
       2353,
       2489
      ],
      [
       2352,
       2494
      ],
      [
       2367,
       2514
      ],
      [
       2347,
       2493
      ],
      [
       2350,
       2485
      ],
      [
       1934,
       2210
      ],
      [
       1590,
       2028
      ],
      [
       1573,
       2027
      ],
      [
       1568,
       2014
      ],
      [
       1518,
       1987
      ],
      [
       1513,
       1994
      ],
      [
       1503,
       1987
      ],
      [
       1494,
       1988
      ],
      [
       1479,
       2002
      ]
     ]
    ]
   },
   "properties": {
    "sheet": "vancouver_1912_MAP342a_04",
    "outline_id": "vancouver_1912_MAP342a_04:block:1:outline16",
    "block_id": "vancouver_1912_MAP342a_04:block:1",
    "block_fid": 1,
    "block_number": "1",
    "text_inside": [
     "Cordovia"
    ],
    "numerals_inside": [],
    "words_inside": [
     "Cordovia"
    ],
    "floors": null,
    "wash_rgb": [
     254,
     254,
     254
    ],
    "wash_chroma": 0.1,
    "wash_lightness_delta": -0.1,
    "hue_deg": 0,
    "material": "not a building (open lot, yard or court)",
    "area_source_px2": 67192,
    "centroid_source_px": [
     2134,
     2372
    ]
   }
  },
  {
   "type": "Feature",
   "id": 17,
   "geometry": {
    "type": "Polygon",
    "coordinates": [
     [
      [
       1615,
       2031
      ],
      [
       1628,
       2042
      ],
      [
       1933,
       2203
      ],
      [
       2308,
       2451
      ],
      [
       2311,
       2446
      ],
      [
       2302,
       2435
      ],
      [
       2304,
       2432
      ],
      [
       2323,
       2462
      ],
      [
       2590,
       2633
      ],
      [
       2718,
       2696
      ],
      [
       2766,
       2712
      ],
      [
       2774,
       2704
      ],
      [
       2773,
       2713
      ],
      [
       2867,
       2745
      ],
      [
       2881,
       2745
      ],
      [
       2885,
       2730
      ],
      [
       2881,
       2724
      ],
      [
       2792,
       2696
      ],
      [
       2776,
       2697
      ],
      [
       2772,
       2690
      ],
      [
       2697,
       2663
      ],
      [
       2590,
       2606
      ],
      [
       2303,
       2419
      ],
      [
       2297,
       2419
      ],
      [
       2295,
       2424
      ],
      [
       2282,
       2406
      ],
      [
       1912,
       2167
      ],
      [
       1906,
       2171
      ],
      [
       1902,
       2162
      ],
      [
       1853,
       2139
      ],
      [
       1851,
       2134
      ],
      [
       1765,
       2089
      ],
      [
       1741,
       2082
      ],
      [
       1728,
       2069
      ],
      [
       1720,
       2074
      ],
      [
       1695,
       2062
      ],
      [
       1708,
       2063
      ],
      [
       1702,
       2055
      ],
      [
       1696,
       2053
      ],
      [
       1680,
       2059
      ],
      [
       1626,
       2027
      ],
      [
       1615,
       2031
      ]
     ]
    ]
   },
   "properties": {
    "sheet": "vancouver_1912_MAP342a_04",
    "outline_id": "vancouver_1912_MAP342a_04:block:1:outline17",
    "block_id": "vancouver_1912_MAP342a_04:block:1",
    "block_fid": 1,
    "block_number": "1",
    "text_inside": [],
    "numerals_inside": [],
    "words_inside": [],
    "floors": null,
    "wash_rgb": [
     254,
     254,
     254
    ],
    "wash_chroma": 0.1,
    "wash_lightness_delta": -0.1,
    "hue_deg": 0,
    "material": "not a building (open lot, yard or court)",
    "area_source_px2": 30981,
    "centroid_source_px": [
     2287,
     2419
    ]
   }
  },
  {
   "type": "Feature",
   "id": 18,
   "geometry": {
    "type": "Polygon",
    "coordinates": [
     [
      [
       1738,
       2043
      ],
      [
       2030,
       2203
      ],
      [
       2075,
       2219
      ],
      [
       2081,
       2229
      ],
      [
       2089,
       2225
      ],
      [
       2099,
       2230
      ],
      [
       2096,
       2237
      ],
      [
       2110,
       2237
      ],
      [
       2137,
       2254
      ],
      [
       2139,
       2260
      ],
      [
       2163,
       2269
      ],
      [
       2430,
       2413
      ],
      [
       2913,
       2622
      ],
      [
       2917,
       2620
      ],
      [
       2923,
       2605
      ],
      [
       2915,
       2598
      ],
      [
       2823,
       2559
      ],
      [
       2816,
       2559
      ],
      [
       2811,
       2571
      ],
      [
       2811,
       2554
      ],
      [
       2444,
       2394
      ],
      [
       2434,
       2393
      ],
      [
       1823,
       2068
      ],
      [
       1800,
       2064
      ],
      [
       1793,
       2053
      ],
      [
       1751,
       2032
      ],
      [
       1738,
       2043
      ]
     ]
    ]
   },
   "properties": {
    "sheet": "vancouver_1912_MAP342a_04",
    "outline_id": "vancouver_1912_MAP342a_04:block:1:outline18",
    "block_id": "vancouver_1912_MAP342a_04:block:1",
    "block_fid": 1,
    "block_number": "1",
    "text_inside": [],
    "numerals_inside": [],
    "words_inside": [],
    "floors": null,
    "wash_rgb": [
     254,
     254,
     254
    ],
    "wash_chroma": 0.1,
    "wash_lightness_delta": -0.1,
    "hue_deg": 0,
    "material": "not a building (open lot, yard or court)",
    "area_source_px2": 26412,
    "centroid_source_px": [
     2343,
     2345
    ]
   }
  },
  {
   "type": "Feature",
   "id": 19,
   "geometry": {
    "type": "Polygon",
    "coordinates": [
     [
      [
       1711,
       2052
      ],
      [
       1730,
       2066
      ],
      [
       1828,
       2114
      ],
      [
       1848,
       2128
      ],
      [
       1854,
       2125
      ],
      [
       1877,
       2136
      ],
      [
       1873,
       2139
      ],
      [
       1875,
       2143
      ],
      [
       1928,
       2170
      ],
      [
       2599,
       2606
      ],
      [
       2697,
       2658
      ],
      [
       2707,
       2657
      ],
      [
       2273,
       2375
      ],
      [
       2268,
       2381
      ],
      [
       2251,
       2360
      ],
      [
       1967,
       2176
      ],
      [
       1941,
       2167
      ],
      [
       1938,
       2158
      ],
      [
       1919,
       2148
      ],
      [
       1912,
       2154
      ],
      [
       1891,
       2144
      ],
      [
       1903,
       2140
      ],
      [
       1733,
       2047
      ],
      [
       1711,
       2052
      ]
     ]
    ]
   },
   "properties": {
    "sheet": "vancouver_1912_MAP342a_04",
    "outline_id": "vancouver_1912_MAP342a_04:block:1:outline19",
    "block_id": "vancouver_1912_MAP342a_04:block:1",
    "block_fid": 1,
    "block_number": "1",
    "text_inside": [],
    "numerals_inside": [],
    "words_inside": [],
    "floors": null,
    "wash_rgb": [
     254,
     254,
     254
    ],
    "wash_chroma": 0.1,
    "wash_lightness_delta": -0.2,
    "hue_deg": 0,
    "material": "not a building (open lot, yard or court)",
    "area_source_px2": 17443,
    "centroid_source_px": [
     2226,
     2357
    ]
   }
  },
  {
   "type": "Feature",
   "id": 20,
   "geometry": {
    "type": "Polygon",
    "coordinates": [
     [
      [
       1841,
       2070
      ],
      [
       1871,
       2089
      ],
      [
       1951,
       2123
      ],
      [
       2101,
       2197
      ],
      [
       2113,
       2198
      ],
      [
       2123,
       2208
      ],
      [
       2466,
       2371
      ],
      [
       2913,
       2563
      ],
      [
       3020,
       2594
      ],
      [
       3038,
       2595
      ],
      [
       3006,
       2577
      ],
      [
       2438,
       2337
      ],
      [
       1957,
       2102
      ],
      [
       1933,
       2096
      ],
      [
       1925,
       2089
      ],
      [
       1914,
       2090
      ],
      [
       1906,
       2078
      ],
      [
       1862,
       2056
      ],
      [
       1854,
       2057
      ],
      [
       1841,
       2070
      ]
     ]
    ]
   },
   "properties": {
    "sheet": "vancouver_1912_MAP342a_04",
    "outline_id": "vancouver_1912_MAP342a_04:block:1:outline20",
    "block_id": "vancouver_1912_MAP342a_04:block:1",
    "block_fid": 1,
    "block_number": "1",
    "text_inside": [],
    "numerals_inside": [],
    "words_inside": [],
    "floors": null,
    "wash_rgb": [
     254,
     254,
     254
    ],
    "wash_chroma": 0.0,
    "wash_lightness_delta": -0.1,
    "hue_deg": 0,
    "material": "not a building (open lot, yard or court)",
    "area_source_px2": 27008,
    "centroid_source_px": [
     2416,
     2329
    ]
   }
  },
  {
   "type": "Feature",
   "id": 21,
   "geometry": {
    "type": "Polygon",
    "coordinates": [
     [
      [
       1956,
       2094
      ],
      [
       1963,
       2101
      ],
      [
       2453,
       2338
      ],
      [
       2935,
       2543
      ],
      [
       2940,
       2541
      ],
      [
       2946,
       2548
      ],
      [
       3111,
       2618
      ],
      [
       3221,
       2648
      ],
      [
       3226,
       2646
      ],
      [
       3213,
       2637
      ],
      [
       2653,
       2399
      ],
      [
       2630,
       2394
      ],
      [
       2626,
       2388
      ],
      [
       2459,
       2318
      ],
      [
       2060,
       2125
      ],
      [
       2047,
       2123
      ],
      [
       1969,
       2084
      ],
      [
       1956,
       2094
      ]
     ]
    ]
   },
   "properties": {
    "sheet": "vancouver_1912_MAP342a_04",
    "outline_id": "vancouver_1912_MAP342a_04:block:1:outline21",
    "block_id": "vancouver_1912_MAP342a_04:block:1",
    "block_fid": 1,
    "block_number": "1",
    "text_inside": [],
    "numerals_inside": [],
    "words_inside": [],
    "floors": null,
    "wash_rgb": [
     254,
     254,
     254
    ],
    "wash_chroma": 0.0,
    "wash_lightness_delta": -0.1,
    "hue_deg": 0,
    "material": "not a building (open lot, yard or court)",
    "area_source_px2": 28321,
    "centroid_source_px": [
     2576,
     2373
    ]
   }
  },
  {
   "type": "Feature",
   "id": 22,
   "geometry": {
    "type": "Polygon",
    "coordinates": [
     [
      [
       939,
       2094
      ],
      [
       927,
       2096
      ],
      [
       867,
       2155
      ],
      [
       860,
       2173
      ],
      [
       845,
       2176
      ],
      [
       785,
       2234
      ],
      [
       810,
       2263
      ],
      [
       816,
       2263
      ],
      [
       964,
       2121
      ],
      [
       961,
       2115
      ],
      [
       943,
       2114
      ],
      [
       935,
       2106
      ],
      [
       945,
       2102
      ],
      [
       939,
       2094
      ]
     ]
    ]
   },
   "properties": {
    "sheet": "vancouver_1912_MAP342a_04",
    "outline_id": "vancouver_1912_MAP342a_04:block:14:outline22",
    "block_id": "vancouver_1912_MAP342a_04:block:14",
    "block_fid": 5,
    "block_number": "14",
    "text_inside": [],
    "numerals_inside": [],
    "words_inside": [],
    "floors": null,
    "wash_rgb": [
     254,
     254,
     254
    ],
    "wash_chroma": 0.0,
    "wash_lightness_delta": -0.0,
    "hue_deg": 0,
    "material": "not a building (open lot, yard or court)",
    "area_source_px2": 8628,
    "centroid_source_px": [
     873,
     2180
    ]
   }
  },
  {
   "type": "Feature",
   "id": 23,
   "geometry": {
    "type": "Polygon",
    "coordinates": [
     [
      [
       967,
       2124
      ],
      [
       951,
       2136
      ],
      [
       817,
       2266
      ],
      [
       837,
       2290
      ],
      [
       846,
       2296
      ],
      [
       856,
       2290
      ],
      [
       992,
       2156
      ],
      [
       994,
       2148
      ],
      [
       967,
       2124
      ]
     ]
    ]
   },
   "properties": {
    "sheet": "vancouver_1912_MAP342a_04",
    "outline_id": "vancouver_1912_MAP342a_04:block:14:outline23",
    "block_id": "vancouver_1912_MAP342a_04:block:14",
    "block_fid": 5,
    "block_number": "14",
    "text_inside": [
     "2"
    ],
    "numerals_inside": [
     "2"
    ],
    "words_inside": [],
    "floors": null,
    "wash_rgb": [
     254,
     254,
     254
    ],
    "wash_chroma": 0.0,
    "wash_lightness_delta": -0.0,
    "hue_deg": 0,
    "material": "not a building (open lot, yard or court)",
    "area_source_px2": 9073,
    "centroid_source_px": [
     906,
     2211
    ]
   }
  },
  {
   "type": "Feature",
   "id": 24,
   "geometry": {
    "type": "Polygon",
    "coordinates": [
     [
      [
       2126,
       2149
      ],
      [
       2432,
       2299
      ],
      [
       3290,
       2666
      ],
      [
       3372,
       2689
      ],
      [
       3380,
       2687
      ],
      [
       3293,
       2646
      ],
      [
       2489,
       2302
      ],
      [
       2170,
       2150
      ],
      [
       2149,
       2154
      ],
      [
       2139,
       2145
      ],
      [
       2126,
       2149
      ]
     ]
    ]
   },
   "properties": {
    "sheet": "vancouver_1912_MAP342a_04",
    "outline_id": "vancouver_1912_MAP342a_04:block:1:outline24",
    "block_id": "vancouver_1912_MAP342a_04:block:1",
    "block_fid": 1,
    "block_number": "1",
    "text_inside": [
     "a d i a n p a",
     "a d i a m p a c"
    ],
    "numerals_inside": [],
    "words_inside": [],
    "floors": null,
    "wash_rgb": [
     254,
     254,
     254
    ],
    "wash_chroma": 0.1,
    "wash_lightness_delta": -0.1,
    "hue_deg": 0,
    "material": "not a building (open lot, yard or court)",
    "area_source_px2": 25814,
    "centroid_source_px": [
     2726,
     2412
    ]
   }
  },
  {
   "type": "Feature",
   "id": 25,
   "geometry": {
    "type": "Polygon",
    "coordinates": [
     [
      [
       1001,
       2156
      ],
      [
       990,
       2161
      ],
      [
       850,
       2296
      ],
      [
       848,
       2301
      ],
      [
       873,
       2325
      ],
      [
       891,
       2314
      ],
      [
       1025,
       2183
      ],
      [
       1001,
       2156
      ]
     ]
    ]
   },
   "properties": {
    "sheet": "vancouver_1912_MAP342a_04",
    "outline_id": "vancouver_1912_MAP342a_04:block:14:outline25",
    "block_id": "vancouver_1912_MAP342a_04:block:14",
    "block_fid": 5,
    "block_number": "14",
    "text_inside": [
     "3"
    ],
    "numerals_inside": [
     "3"
    ],
    "words_inside": [],
    "floors": null,
    "wash_rgb": [
     254,
     254,
     254
    ],
    "wash_chroma": 0.0,
    "wash_lightness_delta": -0.0,
    "hue_deg": 0,
    "material": "not a building (open lot, yard or court)",
    "area_source_px2": 8476,
    "centroid_source_px": [
     936,
     2242
    ]
   }
  },
  {
   "type": "Feature",
   "id": 26,
   "geometry": {
    "type": "Polygon",
    "coordinates": [
     [
      [
       2261,
       2186
      ],
      [
       2475,
       2290
      ],
      [
       3444,
       2708
      ],
      [
       3533,
       2732
      ],
      [
       3539,
       2730
      ],
      [
       3311,
       2627
      ],
      [
       2823,
       2419
      ],
      [
       2766,
       2391
      ],
      [
       2734,
       2381
      ],
      [
       2701,
       2363
      ],
      [
       2675,
       2359
      ],
      [
       2666,
       2348
      ],
      [
       2621,
       2328
      ],
      [
       2586,
       2320
      ],
      [
       2580,
       2311
      ],
      [
       2533,
       2290
      ],
      [
       2515,
       2289
      ],
      [
       2508,
       2280
      ],
      [
       2494,
       2278
      ],
      [
       2487,
       2271
      ],
      [
       2406,
       2233
      ],
      [
       2396,
       2236
      ],
      [
       2378,
       2232
      ],
      [
       2369,
       2226
      ],
      [
       2378,
       2226
      ],
      [
       2380,
       2221
      ],
      [
       2280,
       2175
      ],
      [
       2261,
       2186
      ]
     ]
    ]
   },
   "properties": {
    "sheet": "vancouver_1912_MAP342a_04",
    "outline_id": "vancouver_1912_MAP342a_04:block:1:outline26",
    "block_id": "vancouver_1912_MAP342a_04:block:1",
    "block_fid": 1,
    "block_number": "1",
    "text_inside": [],
    "numerals_inside": [],
    "words_inside": [],
    "floors": null,
    "wash_rgb": [
     254,
     254,
     254
    ],
    "wash_chroma": 0.1,
    "wash_lightness_delta": -0.1,
    "hue_deg": 0,
    "material": "not a building (open lot, yard or court)",
    "area_source_px2": 27352,
    "centroid_source_px": [
     2879,
     2452
    ]
   }
  },
  {
   "type": "Feature",
   "id": 27,
   "geometry": {
    "type": "Polygon",
    "coordinates": [
     [
      [
       1620,
       2254
      ],
      [
       1621,
       2260
      ],
      [
       1647,
       2271
      ],
      [
       1651,
       2262
      ],
      [
       1636,
       2245
      ],
      [
       1653,
       2259
      ],
      [
       1668,
       2233
      ],
      [
       1673,
       2232
      ],
      [
       1756,
       2271
      ],
      [
       1766,
       2256
      ],
      [
       1786,
       2261
      ],
      [
       1795,
       2243
      ],
      [
       1658,
       2182
      ],
      [
       1620,
       2254
      ]
     ]
    ]
   },
   "properties": {
    "sheet": "vancouver_1912_MAP342a_04",
    "outline_id": "vancouver_1912_MAP342a_04:block:1:outline27",
    "block_id": "vancouver_1912_MAP342a_04:block:1",
    "block_fid": 1,
    "block_number": "1",
    "text_inside": [],
    "numerals_inside": [],
    "words_inside": [],
    "floors": null,
    "wash_rgb": [
     253,
     240,
     134
    ],
    "wash_chroma": 53.2,
    "wash_lightness_delta": -15.1,
    "hue_deg": 54,
    "material": "frame (wood)",
    "area_source_px2": 7111,
    "centroid_source_px": [
     1701,
     2230
    ]
   }
  },
  {
   "type": "Feature",
   "id": 28,
   "geometry": {
    "type": "Polygon",
    "coordinates": [
     [
      [
       1029,
       2185
      ],
      [
       966,
       2246
      ],
      [
       995,
       2275
      ],
      [
       1057,
       2216
      ],
      [
       1051,
       2206
      ],
      [
       1041,
       2208
      ],
      [
       1044,
       2199
      ],
      [
       1029,
       2185
      ]
     ]
    ]
   },
   "properties": {
    "sheet": "vancouver_1912_MAP342a_04",
    "outline_id": "vancouver_1912_MAP342a_04:block:14:outline28",
    "block_id": "vancouver_1912_MAP342a_04:block:14",
    "block_fid": 5,
    "block_number": "14",
    "text_inside": [],
    "numerals_inside": [],
    "words_inside": [],
    "floors": null,
    "wash_rgb": [
     253,
     215,
     211
    ],
    "wash_chroma": 14.7,
    "wash_lightness_delta": -27.1,
    "hue_deg": 6,
    "material": "brick",
    "area_source_px2": 3594,
    "centroid_source_px": [
     1011,
     2231
    ]
   }
  },
  {
   "type": "Feature",
   "id": 29,
   "geometry": {
    "type": "Polygon",
    "coordinates": [
     [
      [
       2094,
       2203
      ],
      [
       2119,
       2220
      ],
      [
       2436,
       2387
      ],
      [
       2815,
       2549
      ],
      [
       2819,
       2539
      ],
      [
       2856,
       2545
      ],
      [
       2450,
       2370
      ],
      [
       2107,
       2204
      ],
      [
       2094,
       2203
      ]
     ]
    ]
   },
   "properties": {
    "sheet": "vancouver_1912_MAP342a_04",
    "outline_id": "vancouver_1912_MAP342a_04:block:1:outline29",
    "block_id": "vancouver_1912_MAP342a_04:block:1",
    "block_fid": 1,
    "block_number": "1",
    "text_inside": [],
    "numerals_inside": [],
    "words_inside": [],
    "floors": null,
    "wash_rgb": [
     254,
     254,
     254
    ],
    "wash_chroma": 0.1,
    "wash_lightness_delta": -0.2,
    "hue_deg": 0,
    "material": "not a building (open lot, yard or court)",
    "area_source_px2": 14268,
    "centroid_source_px": [
     2528,
     2411
    ]
   }
  },
  {
   "type": "Feature",
   "id": 30,
   "geometry": {
    "type": "Polygon",
    "coordinates": [
     [
      [
       2419,
       2231
      ],
      [
       2486,
       2265
      ],
      [
       2503,
       2255
      ],
      [
       2536,
       2264
      ],
      [
       2520,
       2279
      ],
      [
       2533,
       2285
      ],
      [
       2548,
       2280
      ],
      [
       2542,
       2289
      ],
      [
       2578,
       2306
      ],
      [
       2589,
       2296
      ],
      [
       2609,
       2295
      ],
      [
       2619,
       2303
      ],
      [
       2615,
       2309
      ],
      [
       2606,
       2299
      ],
      [
       2591,
       2310
      ],
      [
       2612,
       2320
      ],
      [
       2623,
       2318
      ],
      [
       2623,
       2325
      ],
      [
       2667,
       2345
      ],
      [
       2683,
       2337
      ],
      [
       2676,
       2329
      ],
      [
       2693,
       2333
      ],
      [
       2697,
       2337
      ],
      [
       2681,
       2349
      ],
      [
       2695,
       2353
      ],
      [
       2706,
       2348
      ],
      [
       2700,
       2358
      ],
      [
       2738,
       2374
      ],
      [
       2750,
       2366
      ],
      [
       2748,
       2360
      ],
      [
       2760,
       2359
      ],
      [
       2752,
       2350
      ],
      [
       2446,
       2216
      ],
      [
       2438,
       2227
      ],
      [
       2419,
       2231
      ]
     ]
    ]
   },
   "properties": {
    "sheet": "vancouver_1912_MAP342a_04",
    "outline_id": "vancouver_1912_MAP342a_04:block:1:outline30",
    "block_id": "vancouver_1912_MAP342a_04:block:1",
    "block_fid": 1,
    "block_number": "1",
    "text_inside": [
     "ian pacific",
     "acitic"
    ],
    "numerals_inside": [],
    "words_inside": [
     "ian pacific",
     "acitic"
    ],
    "floors": null,
    "wash_rgb": [
     254,
     254,
     254
    ],
    "wash_chroma": 0.1,
    "wash_lightness_delta": -0.1,
    "hue_deg": 0,
    "material": "not a building (open lot, yard or court)",
    "area_source_px2": 8344,
    "centroid_source_px": [
     2593,
     2295
    ]
   }
  },
  {
   "type": "Feature",
   "id": 31,
   "geometry": {
    "type": "Polygon",
    "coordinates": [
     [
      [
       2045,
       2219
      ],
      [
       2223,
       2337
      ],
      [
       2247,
       2346
      ],
      [
       2260,
       2357
      ],
      [
       2394,
       2426
      ],
      [
       2796,
       2602
      ],
      [
       2802,
       2599
      ],
      [
       2806,
       2586
      ],
      [
       2802,
       2579
      ],
      [
       2429,
       2418
      ],
      [
       2218,
       2306
      ],
      [
       2212,
       2311
      ],
      [
       2188,
       2290
      ],
      [
       2054,
       2219
      ],
      [
       2045,
       2219
      ]
     ]
    ]
   },
   "properties": {
    "sheet": "vancouver_1912_MAP342a_04",
    "outline_id": "vancouver_1912_MAP342a_04:block:1:outline31",
    "block_id": "vancouver_1912_MAP342a_04:block:1",
    "block_fid": 1,
    "block_number": "1",
    "text_inside": [],
    "numerals_inside": [],
    "words_inside": [],
    "floors": null,
    "wash_rgb": [
     254,
     254,
     254
    ],
    "wash_chroma": 0.1,
    "wash_lightness_delta": -0.1,
    "hue_deg": 0,
    "material": "not a building (open lot, yard or court)",
    "area_source_px2": 17522,
    "centroid_source_px": [
     2461,
     2437
    ]
   }
  },
  {
   "type": "Feature",
   "id": 32,
   "geometry": {
    "type": "Polygon",
    "coordinates": [
     [
      [
       1063,
       2219
      ],
      [
       987,
       2289
      ],
      [
       995,
       2300
      ],
      [
       1002,
       2299
      ],
      [
       1008,
       2304
      ],
      [
       1006,
       2310
      ],
      [
       1010,
       2314
      ],
      [
       1021,
       2311
      ],
      [
       1087,
       2247
      ],
      [
       1083,
       2238
      ],
      [
       1069,
       2234
      ],
      [
       1072,
       2228
      ],
      [
       1063,
       2219
      ]
     ]
    ]
   },
   "properties": {
    "sheet": "vancouver_1912_MAP342a_04",
    "outline_id": "vancouver_1912_MAP342a_04:block:14:outline32",
    "block_id": "vancouver_1912_MAP342a_04:block:14",
    "block_fid": 5,
    "block_number": "14",
    "text_inside": [
     "4"
    ],
    "numerals_inside": [
     "4"
    ],
    "words_inside": [],
    "floors": null,
    "wash_rgb": [
     253,
     212,
     210
    ],
    "wash_chroma": 15.7,
    "wash_lightness_delta": -29.1,
    "hue_deg": 2,
    "material": "brick",
    "area_source_px2": 3850,
    "centroid_source_px": [
     1037,
     2267
    ]
   }
  },
  {
   "type": "Feature",
   "id": 33,
   "geometry": {
    "type": "Polygon",
    "coordinates": [
     [
      [
       786,
       2246
      ],
      [
       766,
       2270
      ],
      [
       864,
       2368
      ],
      [
       875,
       2373
      ],
      [
       893,
       2356
      ],
      [
       888,
       2344
      ],
      [
       786,
       2246
      ]
     ]
    ]
   },
   "properties": {
    "sheet": "vancouver_1912_MAP342a_04",
    "outline_id": "vancouver_1912_MAP342a_04:block:14:outline33",
    "block_id": "vancouver_1912_MAP342a_04:block:14",
    "block_fid": 5,
    "block_number": "14",
    "text_inside": [],
    "numerals_inside": [],
    "words_inside": [],
    "floors": null,
    "wash_rgb": [
     254,
     254,
     254
    ],
    "wash_chroma": 0.1,
    "wash_lightness_delta": -0.1,
    "hue_deg": 0,
    "material": "not a building (open lot, yard or court)",
    "area_source_px2": 4898,
    "centroid_source_px": [
     830,
     2310
    ]
   }
  },
  {
   "type": "Feature",
   "id": 34,
   "geometry": {
    "type": "Polygon",
    "coordinates": [
     [
      [
       1091,
       2248
      ],
      [
       942,
       2391
      ],
      [
       1001,
       2452
      ],
      [
       1048,
       2408
      ],
      [
       1044,
       2403
      ],
      [
       1024,
       2419
      ],
      [
       1023,
       2408
      ],
      [
       1017,
       2403
      ],
      [
       1032,
       2389
      ],
      [
       1036,
       2393
      ],
      [
       1043,
       2389
      ],
      [
       1039,
       2383
      ],
      [
       1053,
       2376
      ],
      [
       1049,
       2371
      ],
      [
       1059,
       2365
      ],
      [
       1057,
       2358
      ],
      [
       1066,
       2357
      ],
      [
       1068,
       2363
      ],
      [
       1076,
       2366
      ],
      [
       1074,
       2376
      ],
      [
       1079,
       2377
      ],
      [
       1150,
       2308
      ],
      [
       1145,
       2301
      ],
      [
       1134,
       2301
      ],
      [
       1139,
       2295
      ],
      [
       1113,
       2269
      ],
      [
       1103,
       2270
      ],
      [
       1106,
       2262
      ],
      [
       1091,
       2248
      ]
     ]
    ]
   },
   "properties": {
    "sheet": "vancouver_1912_MAP342a_04",
    "outline_id": "vancouver_1912_MAP342a_04:block:14:outline34",
    "block_id": "vancouver_1912_MAP342a_04:block:14",
    "block_fid": 5,
    "block_number": "14",
    "text_inside": [
     "Hotel"
    ],
    "numerals_inside": [],
    "words_inside": [
     "Hotel"
    ],
    "floors": null,
    "wash_rgb": [
     253,
     213,
     210
    ],
    "wash_chroma": 15.5,
    "wash_lightness_delta": -28.7,
    "hue_deg": 4,
    "material": "brick",
    "area_source_px2": 16172,
    "centroid_source_px": [
     1049,
     2345
    ]
   }
  },
  {
   "type": "Feature",
   "id": 35,
   "geometry": {
    "type": "Polygon",
    "coordinates": [
     [
      [
       967,
       2253
      ],
      [
       961,
       2251
      ],
      [
       879,
       2329
      ],
      [
       907,
       2358
      ],
      [
       925,
       2346
      ],
      [
       989,
       2284
      ],
      [
       990,
       2275
      ],
      [
       967,
       2253
      ]
     ]
    ]
   },
   "properties": {
    "sheet": "vancouver_1912_MAP342a_04",
    "outline_id": "vancouver_1912_MAP342a_04:block:14:outline35",
    "block_id": "vancouver_1912_MAP342a_04:block:14",
    "block_fid": 5,
    "block_number": "14",
    "text_inside": [
     "4"
    ],
    "numerals_inside": [
     "4"
    ],
    "words_inside": [],
    "floors": null,
    "wash_rgb": [
     254,
     254,
     254
    ],
    "wash_chroma": 0.1,
    "wash_lightness_delta": -0.1,
    "hue_deg": 0,
    "material": "not a building (open lot, yard or court)",
    "area_source_px2": 5030,
    "centroid_source_px": [
     932,
     2308
    ]
   }
  },
  {
   "type": "Feature",
   "id": 36,
   "geometry": {
    "type": "Polygon",
    "coordinates": [
     [
      [
       1557,
       2258
      ],
      [
       1492,
       2318
      ],
      [
       1493,
       2328
      ],
      [
       1486,
       2342
      ],
      [
       1479,
       2345
      ],
      [
       1475,
       2337
      ],
      [
       1469,
       2341
      ],
      [
       1477,
       2356
      ],
      [
       1463,
       2348
      ],
      [
       1409,
       2403
      ],
      [
       1543,
       2535
      ],
      [
       1551,
       2530
      ],
      [
       1571,
       2548
      ],
      [
       1564,
       2556
      ],
      [
       1672,
       2661
      ],
      [
       1754,
       2543
      ],
      [
       1746,
       2543
      ],
      [
       1675,
       2610
      ],
      [
       1671,
       2621
      ],
      [
       1653,
       2610
      ],
      [
       1642,
       2593
      ],
      [
       1656,
       2590
      ],
      [
       1716,
       2534
      ],
      [
       1709,
       2523
      ],
      [
       1722,
       2511
      ],
      [
       1731,
       2517
      ],
      [
       1750,
       2516
      ],
      [
       1763,
       2531
      ],
      [
       1790,
       2493
      ],
      [
       1678,
       2379
      ],
      [
       1665,
       2384
      ],
      [
       1673,
       2374
      ],
      [
       1557,
       2258
      ]
     ]
    ]
   },
   "properties": {
    "sheet": "vancouver_1912_MAP342a_04",
    "outline_id": "vancouver_1912_MAP342a_04:block:1:outline36",
    "block_id": "vancouver_1912_MAP342a_04:block:1",
    "block_fid": 1,
    "block_number": "1",
    "text_inside": [
     "220'"
    ],
    "numerals_inside": [],
    "words_inside": [],
    "floors": null,
    "wash_rgb": [
     254,
     254,
     254
    ],
    "wash_chroma": 0.1,
    "wash_lightness_delta": -0.1,
    "hue_deg": 0,
    "material": "not a building (open lot, yard or court)",
    "area_source_px2": 67386,
    "centroid_source_px": [
     1615,
     2455
    ]
   }
  },
  {
   "type": "Feature",
   "id": 37,
   "geometry": {
    "type": "Polygon",
    "coordinates": [
     [
      [
       756,
       2265
      ],
      [
       730,
       2289
      ],
      [
       737,
       2302
      ],
      [
       726,
       2294
      ],
      [
       703,
       2316
      ],
      [
       710,
       2328
      ],
      [
       700,
       2320
      ],
      [
       696,
       2322
      ],
      [
       693,
       2339
      ],
      [
       709,
       2357
      ],
      [
       696,
       2368
      ],
      [
       703,
       2372
      ],
      [
       723,
       2357
      ],
      [
       704,
       2378
      ],
      [
       669,
       2349
      ],
      [
       642,
       2374
      ],
      [
       648,
       2385
      ],
      [
       637,
       2379
      ],
      [
       610,
       2406
      ],
      [
       632,
       2420
      ],
      [
       621,
       2428
      ],
      [
       644,
       2450
      ],
      [
       653,
       2452
      ],
      [
       654,
       2461
      ],
      [
       664,
       2470
      ],
      [
       698,
       2441
      ],
      [
       699,
       2435
      ],
      [
       689,
       2423
      ],
      [
       703,
       2433
      ],
      [
       730,
       2408
      ],
      [
       726,
       2399
      ],
      [
       733,
       2403
      ],
      [
       740,
       2400
      ],
      [
       760,
       2380
      ],
      [
       760,
       2374
      ],
      [
       766,
       2374
      ],
      [
       787,
       2354
      ],
      [
       782,
       2344
      ],
      [
       791,
       2349
      ],
      [
       814,
       2329
      ],
      [
       814,
       2322
      ],
      [
       756,
       2265
      ]
     ]
    ]
   },
   "properties": {
    "sheet": "vancouver_1912_MAP342a_04",
    "outline_id": "vancouver_1912_MAP342a_04:block:14:outline37",
    "block_id": "vancouver_1912_MAP342a_04:block:14",
    "block_fid": 5,
    "block_number": "14",
    "text_inside": [
     "100",
     "19"
    ],
    "numerals_inside": [
     "100",
     "19"
    ],
    "words_inside": [],
    "floors": null,
    "wash_rgb": [
     253,
     215,
     211
    ],
    "wash_chroma": 14.9,
    "wash_lightness_delta": -27.5,
    "hue_deg": 6,
    "material": "brick",
    "area_source_px2": 16568,
    "centroid_source_px": [
     712,
     2368
    ]
   }
  },
  {
   "type": "Feature",
   "id": 38,
   "geometry": {
    "type": "Polygon",
    "coordinates": [
     [
      [
       3515,
       2271
      ],
      [
       3510,
       2274
      ],
      [
       3459,
       2382
      ],
      [
       3461,
       2387
      ],
      [
       3504,
       2406
      ],
      [
       3508,
       2400
      ],
      [
       3517,
       2398
      ],
      [
       3565,
       2297
      ],
      [
       3562,
       2292
      ],
      [
       3515,
       2271
      ]
     ]
    ]
   },
   "properties": {
    "sheet": "vancouver_1912_MAP342a_04",
    "outline_id": "vancouver_1912_MAP342a_04:block:fid4:outline38",
    "block_id": "vancouver_1912_MAP342a_04:block:fid4",
    "block_fid": 4,
    "block_number": null,
    "text_inside": [],
    "numerals_inside": [],
    "words_inside": [],
    "floors": null,
    "wash_rgb": [
     253,
     239,
     124
    ],
    "wash_chroma": 57.7,
    "wash_lightness_delta": -15.8,
    "hue_deg": 54,
    "material": "frame (wood)",
    "area_source_px2": 7497,
    "centroid_source_px": [
     3512,
     2339
    ]
   }
  },
  {
   "type": "Feature",
   "id": 39,
   "geometry": {
    "type": "Polygon",
    "coordinates": [
     [
      [
       984,
       2294
      ],
      [
       913,
       2361
      ],
      [
       913,
       2366
      ],
      [
       939,
       2389
      ],
      [
       1010,
       2321
      ],
      [
       1002,
       2311
      ],
      [
       996,
       2315
      ],
      [
       986,
       2310
      ],
      [
       991,
       2300
      ],
      [
       984,
       2294
      ]
     ]
    ]
   },
   "properties": {
    "sheet": "vancouver_1912_MAP342a_04",
    "outline_id": "vancouver_1912_MAP342a_04:block:14:outline39",
    "block_id": "vancouver_1912_MAP342a_04:block:14",
    "block_fid": 5,
    "block_number": "14",
    "text_inside": [],
    "numerals_inside": [],
    "words_inside": [],
    "floors": null,
    "wash_rgb": [
     254,
     254,
     254
    ],
    "wash_chroma": 0.4,
    "wash_lightness_delta": -0.3,
    "hue_deg": 0,
    "material": "not a building (open lot, yard or court)",
    "area_source_px2": 3682,
    "centroid_source_px": [
     959,
     2343
    ]
   }
  },
  {
   "type": "Feature",
   "id": 40,
   "geometry": {
    "type": "Polygon",
    "coordinates": [
     [
      [
       1160,
       2315
      ],
      [
       1151,
       2312
      ],
      [
       1006,
       2452
      ],
      [
       1005,
       2457
      ],
      [
       1028,
       2480
      ],
      [
       1034,
       2481
      ],
      [
       1181,
       2339
      ],
      [
       1176,
       2332
      ],
      [
       1167,
       2331
      ],
      [
       1168,
       2323
      ],
      [
       1160,
       2315
      ]
     ]
    ]
   },
   "properties": {
    "sheet": "vancouver_1912_MAP342a_04",
    "outline_id": "vancouver_1912_MAP342a_04:block:14:outline40",
    "block_id": "vancouver_1912_MAP342a_04:block:14",
    "block_fid": 5,
    "block_number": "14",
    "text_inside": [
     "6"
    ],
    "numerals_inside": [
     "6"
    ],
    "words_inside": [],
    "floors": null,
    "wash_rgb": [
     253,
     215,
     211
    ],
    "wash_chroma": 14.9,
    "wash_lightness_delta": -27.6,
    "hue_deg": 6,
    "material": "brick",
    "area_source_px2": 8376,
    "centroid_source_px": [
     1092,
     2397
    ]
   }
  },
  {
   "type": "Feature",
   "id": 41,
   "geometry": {
    "type": "Polygon",
    "coordinates": [
     [
      [
       1762,
       2336
      ],
      [
       1743,
       2381
      ],
      [
       1863,
       2435
      ],
      [
       1867,
       2432
      ],
      [
       1877,
       2405
      ],
      [
       1862,
       2397
      ],
      [
       1851,
       2398
      ],
      [
       1846,
       2391
      ],
      [
       1817,
       2378
      ],
      [
       1812,
       2370
      ],
      [
       1784,
       2370
      ],
      [
       1785,
       2361
      ],
      [
       1762,
       2353
      ],
      [
       1775,
       2345
      ],
      [
       1770,
       2336
      ],
      [
       1762,
       2336
      ]
     ]
    ]
   },
   "properties": {
    "sheet": "vancouver_1912_MAP342a_04",
    "outline_id": "vancouver_1912_MAP342a_04:block:1:outline41",
    "block_id": "vancouver_1912_MAP342a_04:block:1",
    "block_fid": 1,
    "block_number": "1",
    "text_inside": [],
    "numerals_inside": [],
    "words_inside": [],
    "floors": null,
    "wash_rgb": [
     253,
     204,
     208
    ],
    "wash_chroma": 18.7,
    "wash_lightness_delta": -34.1,
    "hue_deg": 356,
    "material": "brick",
    "area_source_px2": 4628,
    "centroid_source_px": [
     1809,
     2392
    ]
   }
  },
  {
   "type": "Feature",
   "id": 42,
   "geometry": {
    "type": "Polygon",
    "coordinates": [
     [
      [
       1184,
       2341
      ],
      [
       1035,
       2485
      ],
      [
       1095,
       2545
      ],
      [
       1157,
       2486
      ],
      [
       1157,
       2473
      ],
      [
       1146,
       2470
      ],
      [
       1118,
       2497
      ],
      [
       1120,
       2478
      ],
      [
       1115,
       2475
      ],
      [
       1121,
       2467
      ],
      [
       1115,
       2464
      ],
      [
       1106,
       2472
      ],
      [
       1108,
       2462
      ],
      [
       1102,
       2452
      ],
      [
       1115,
       2440
      ],
      [
       1109,
       2431
      ],
      [
       1116,
       2429
      ],
      [
       1119,
       2421
      ],
      [
       1126,
       2421
      ],
      [
       1133,
       2429
      ],
      [
       1147,
       2422
      ],
      [
       1157,
       2408
      ],
      [
       1156,
       2402
      ],
      [
       1161,
       2406
      ],
      [
       1172,
       2399
      ],
      [
       1174,
       2411
      ],
      [
       1153,
       2429
      ],
      [
       1161,
       2436
      ],
      [
       1163,
       2446
      ],
      [
       1171,
       2441
      ],
      [
       1164,
       2461
      ],
      [
       1172,
       2459
      ],
      [
       1177,
       2466
      ],
      [
       1244,
       2402
      ],
      [
       1241,
       2398
      ],
      [
       1223,
       2397
      ],
      [
       1219,
       2390
      ],
      [
       1226,
       2386
      ],
      [
       1225,
       2381
      ],
      [
       1208,
       2364
      ],
      [
       1197,
       2364
      ],
      [
       1200,
       2356
      ],
      [
       1184,
       2341
      ]
     ]
    ]
   },
   "properties": {
    "sheet": "vancouver_1912_MAP342a_04",
    "outline_id": "vancouver_1912_MAP342a_04:block:14:outline42",
    "block_id": "vancouver_1912_MAP342a_04:block:14",
    "block_fid": 5,
    "block_number": "14",
    "text_inside": [],
    "numerals_inside": [],
    "words_inside": [],
    "floors": null,
    "wash_rgb": [
     253,
     209,
     208
    ],
    "wash_chroma": 16.9,
    "wash_lightness_delta": -31.1,
    "hue_deg": 2,
    "material": "brick",
    "area_source_px2": 14111,
    "centroid_source_px": [
     1140,
     2441
    ]
   }
  },
  {
   "type": "Feature",
   "id": 43,
   "geometry": {
    "type": "Polygon",
    "coordinates": [
     [
      [
       807,
       2345
      ],
      [
       801,
       2345
      ],
      [
       669,
       2472
      ],
      [
       676,
       2483
      ],
      [
       687,
       2486
      ],
      [
       690,
       2496
      ],
      [
       701,
       2498
      ],
      [
       773,
       2430
      ],
      [
       777,
       2421
      ],
      [
       784,
       2419
      ],
      [
       830,
       2375
      ],
      [
       831,
       2368
      ],
      [
       807,
       2345
      ]
     ]
    ]
   },
   "properties": {
    "sheet": "vancouver_1912_MAP342a_04",
    "outline_id": "vancouver_1912_MAP342a_04:block:14:outline43",
    "block_id": "vancouver_1912_MAP342a_04:block:14",
    "block_fid": 5,
    "block_number": "14",
    "text_inside": [
     "18"
    ],
    "numerals_inside": [
     "18"
    ],
    "words_inside": [],
    "floors": null,
    "wash_rgb": [
     253,
     209,
     207
    ],
    "wash_chroma": 17.0,
    "wash_lightness_delta": -31.2,
    "hue_deg": 2,
    "material": "brick",
    "area_source_px2": 7748,
    "centroid_source_px": [
     750,
     2422
    ]
   }
  },
  {
   "type": "Feature",
   "id": 44,
   "geometry": {
    "type": "Polygon",
    "coordinates": [
     [
      [
       852,
       2361
      ],
      [
       700,
       2503
      ],
      [
       712,
       2517
      ],
      [
       721,
       2518
      ],
      [
       720,
       2526
      ],
      [
       733,
       2534
      ],
      [
       734,
       2540
      ],
      [
       744,
       2548
      ],
      [
       750,
       2547
      ],
      [
       762,
       2560
      ],
      [
       909,
       2419
      ],
      [
       886,
       2394
      ],
      [
       874,
       2396
      ],
      [
       878,
       2386
      ],
      [
       852,
       2361
      ]
     ]
    ]
   },
   "properties": {
    "sheet": "vancouver_1912_MAP342a_04",
    "outline_id": "vancouver_1912_MAP342a_04:block:14:outline44",
    "block_id": "vancouver_1912_MAP342a_04:block:14",
    "block_fid": 5,
    "block_number": "14",
    "text_inside": [
     "17",
     "16"
    ],
    "numerals_inside": [
     "17",
     "16"
    ],
    "words_inside": [],
    "floors": null,
    "wash_rgb": [
     253,
     209,
     206
    ],
    "wash_chroma": 17.1,
    "wash_lightness_delta": -31.4,
    "hue_deg": 4,
    "material": "brick",
    "area_source_px2": 17106,
    "centroid_source_px": [
     805,
     2460
    ]
   }
  },
  {
   "type": "Feature",
   "id": 45,
   "geometry": {
    "type": "Polygon",
    "coordinates": [
     [
      [
       1952,
       2388
      ],
      [
       1942,
       2413
      ],
      [
       1974,
       2428
      ],
      [
       1975,
       2436
      ],
      [
       1969,
       2440
      ],
      [
       1969,
       2446
      ],
      [
       2001,
       2460
      ],
      [
       2013,
       2445
      ],
      [
       2034,
       2454
      ],
      [
       2039,
       2451
      ],
      [
       2047,
       2426
      ],
      [
       1966,
       2389
      ],
      [
       1952,
       2388
      ]
     ]
    ]
   },
   "properties": {
    "sheet": "vancouver_1912_MAP342a_04",
    "outline_id": "vancouver_1912_MAP342a_04:block:1:outline45",
    "block_id": "vancouver_1912_MAP342a_04:block:1",
    "block_fid": 1,
    "block_number": "1",
    "text_inside": [],
    "numerals_inside": [],
    "words_inside": [],
    "floors": null,
    "wash_rgb": [
     253,
     240,
     136
    ],
    "wash_chroma": 52.1,
    "wash_lightness_delta": -15.2,
    "hue_deg": 54,
    "material": "frame (wood)",
    "area_source_px2": 3944,
    "centroid_source_px": [
     1994,
     2424
    ]
   }
  },
  {
   "type": "Feature",
   "id": 46,
   "geometry": {
    "type": "Polygon",
    "coordinates": [
     [
      [
       2312,
       2392
      ],
      [
       2445,
       2479
      ],
      [
       2791,
       2629
      ],
      [
       2801,
       2620
      ],
      [
       2802,
       2613
      ],
      [
       2789,
       2603
      ],
      [
       2778,
       2602
      ],
      [
       2732,
       2578
      ],
      [
       2434,
       2451
      ],
      [
       2316,
       2390
      ],
      [
       2312,
       2392
      ]
     ]
    ]
   },
   "properties": {
    "sheet": "vancouver_1912_MAP342a_04",
    "outline_id": "vancouver_1912_MAP342a_04:block:1:outline46",
    "block_id": "vancouver_1912_MAP342a_04:block:1",
    "block_fid": 1,
    "block_number": "1",
    "text_inside": [],
    "numerals_inside": [],
    "words_inside": [],
    "floors": null,
    "wash_rgb": [
     254,
     254,
     254
    ],
    "wash_chroma": 0.0,
    "wash_lightness_delta": -0.1,
    "hue_deg": 0,
    "material": "not a building (open lot, yard or court)",
    "area_source_px2": 10292,
    "centroid_source_px": [
     2590,
     2529
    ]
   }
  },
  {
   "type": "Feature",
   "id": 47,
   "geometry": {
    "type": "Polygon",
    "coordinates": [
     [
      [
       914,
       2423
      ],
      [
       908,
       2424
      ],
      [
       772,
       2555
      ],
      [
       779,
       2584
      ],
      [
       801,
       2606
      ],
      [
       810,
       2607
      ],
      [
       810,
       2615
      ],
      [
       822,
       2626
      ],
      [
       972,
       2481
      ],
      [
       914,
       2423
      ]
     ]
    ]
   },
   "properties": {
    "sheet": "vancouver_1912_MAP342a_04",
    "outline_id": "vancouver_1912_MAP342a_04:block:14:outline47",
    "block_id": "vancouver_1912_MAP342a_04:block:14",
    "block_fid": 5,
    "block_number": "14",
    "text_inside": [
     "Dogs"
    ],
    "numerals_inside": [],
    "words_inside": [
     "Dogs"
    ],
    "floors": null,
    "wash_rgb": [
     253,
     210,
     209
    ],
    "wash_chroma": 16.5,
    "wash_lightness_delta": -30.5,
    "hue_deg": 2,
    "material": "brick",
    "area_source_px2": 17677,
    "centroid_source_px": [
     872,
     2520
    ]
   }
  },
  {
   "type": "Feature",
   "id": 48,
   "geometry": {
    "type": "Polygon",
    "coordinates": [
     [
      [
       2903,
       2444
      ],
      [
       3596,
       2748
      ],
      [
       3688,
       2773
      ],
      [
       3700,
       2772
      ],
      [
       3375,
       2625
      ],
      [
       3369,
       2628
      ],
      [
       3367,
       2622
      ],
      [
       3120,
       2512
      ],
      [
       3103,
       2505
      ],
      [
       3099,
       2508
      ],
      [
       3088,
       2498
      ],
      [
       2939,
       2434
      ],
      [
       2925,
       2442
      ],
      [
       2903,
       2444
      ]
     ]
    ]
   },
   "properties": {
    "sheet": "vancouver_1912_MAP342a_04",
    "outline_id": "vancouver_1912_MAP342a_04:block:1:outline48",
    "block_id": "vancouver_1912_MAP342a_04:block:1",
    "block_fid": 1,
    "block_number": "1",
    "text_inside": [],
    "numerals_inside": [],
    "words_inside": [],
    "floors": null,
    "wash_rgb": [
     254,
     254,
     254
    ],
    "wash_chroma": 0.1,
    "wash_lightness_delta": -0.1,
    "hue_deg": 0,
    "material": "not a building (open lot, yard or court)",
    "area_source_px2": 18678,
    "centroid_source_px": [
     3273,
     2594
    ]
   }
  },
  {
   "type": "Feature",
   "id": 49,
   "geometry": {
    "type": "Polygon",
    "coordinates": [
     [
      [
       568,
       2490
      ],
      [
       689,
       2609
      ],
      [
       699,
       2614
      ],
      [
       700,
       2602
      ],
      [
       708,
       2590
      ],
      [
       594,
       2474
      ],
      [
       587,
       2469
      ],
      [
       568,
       2490
      ]
     ]
    ]
   },
   "properties": {
    "sheet": "vancouver_1912_MAP342a_04",
    "outline_id": "vancouver_1912_MAP342a_04:block:14:outline49",
    "block_id": "vancouver_1912_MAP342a_04:block:14",
    "block_fid": 5,
    "block_number": "14",
    "text_inside": [],
    "numerals_inside": [],
    "words_inside": [],
    "floors": null,
    "wash_rgb": [
     254,
     254,
     254
    ],
    "wash_chroma": 0.0,
    "wash_lightness_delta": -0.0,
    "hue_deg": 0,
    "material": "not a building (open lot, yard or court)",
    "area_source_px2": 4922,
    "centroid_source_px": [
     640,
     2540
    ]
   }
  },
  {
   "type": "Feature",
   "id": 50,
   "geometry": {
    "type": "Polygon",
    "coordinates": [
     [
      [
       3097,
       2485
      ],
      [
       3101,
       2491
      ],
      [
       3094,
       2495
      ],
      [
       3097,
       2499
      ],
      [
       3741,
       2784
      ],
      [
       3842,
       2813
      ],
      [
       3854,
       2812
      ],
      [
       3144,
       2497
      ],
      [
       3122,
       2500
      ],
      [
       3115,
       2492
      ],
      [
       3117,
       2486
      ],
      [
       3106,
       2480
      ],
      [
       3097,
       2485
      ]
     ]
    ]
   },
   "properties": {
    "sheet": "vancouver_1912_MAP342a_04",
    "outline_id": "vancouver_1912_MAP342a_04:block:1:outline50",
    "block_id": "vancouver_1912_MAP342a_04:block:1",
    "block_fid": 1,
    "block_number": "1",
    "text_inside": [],
    "numerals_inside": [],
    "words_inside": [],
    "floors": null,
    "wash_rgb": [
     254,
     254,
     254
    ],
    "wash_chroma": 0.1,
    "wash_lightness_delta": -0.1,
    "hue_deg": 0,
    "material": "not a building (open lot, yard or court)",
    "area_source_px2": 15705,
    "centroid_source_px": [
     3464,
     2649
    ]
   }
  },
  {
   "type": "Feature",
   "id": 51,
   "geometry": {
    "type": "Polygon",
    "coordinates": [
     [
      [
       1328,
       2483
      ],
      [
       1257,
       2552
      ],
      [
       1255,
       2566
      ],
      [
       1245,
       2577
      ],
      [
       1242,
       2571
      ],
      [
       1236,
       2572
      ],
      [
       1180,
       2627
      ],
      [
       1186,
       2638
      ],
      [
       1245,
       2695
      ],
      [
       1394,
       2551
      ],
      [
       1384,
       2540
      ],
      [
       1375,
       2541
      ],
      [
       1375,
       2530
      ],
      [
       1361,
       2516
      ],
      [
       1355,
       2517
      ],
      [
       1359,
       2527
      ],
      [
       1355,
       2533
      ],
      [
       1346,
       2529
      ],
      [
       1343,
       2540
      ],
      [
       1328,
       2547
      ],
      [
       1287,
       2580
      ],
      [
       1294,
       2585
      ],
      [
       1296,
       2597
      ],
      [
       1301,
       2585
      ],
      [
       1321,
       2578
      ],
      [
       1330,
       2567
      ],
      [
       1335,
       2588
      ],
      [
       1330,
       2591
      ],
      [
       1326,
       2586
      ],
      [
       1315,
       2591
      ],
      [
       1310,
       2598
      ],
      [
       1313,
       2609
      ],
      [
       1301,
       2619
      ],
      [
       1289,
       2617
      ],
      [
       1242,
       2667
      ],
      [
       1241,
       2652
      ],
      [
       1234,
       2645
      ],
      [
       1222,
       2659
      ],
      [
       1215,
       2657
      ],
      [
       1213,
       2641
      ],
      [
       1222,
       2631
      ],
      [
       1228,
       2638
      ],
      [
       1232,
       2635
      ],
      [
       1234,
       2622
      ],
      [
       1251,
       2607
      ],
      [
       1245,
       2599
      ],
      [
       1254,
       2598
      ],
      [
       1265,
       2589
      ],
      [
       1276,
       2590
      ],
      [
       1273,
       2577
      ],
      [
       1263,
       2583
      ],
      [
       1259,
       2580
      ],
      [
       1274,
       2568
      ],
      [
       1276,
       2575
      ],
      [
       1286,
       2578
      ],
      [
       1287,
       2558
      ],
      [
       1313,
       2549
      ],
      [
       1347,
       2524
      ],
      [
       1346,
       2516
      ],
      [
       1354,
       2509
      ],
      [
       1332,
       2502
      ],
      [
       1329,
       2497
      ],
      [
       1336,
       2491
      ],
      [
       1328,
       2483
      ]
     ]
    ]
   },
   "properties": {
    "sheet": "vancouver_1912_MAP342a_04",
    "outline_id": "vancouver_1912_MAP342a_04:block:fid6:outline51",
    "block_id": "vancouver_1912_MAP342a_04:block:fid6",
    "block_fid": 6,
    "block_number": null,
    "text_inside": [
     "Clarke & Stewart",
     "64",
     "65",
     "66",
     "Building"
    ],
    "numerals_inside": [],
    "words_inside": [
     "Clarke & Stewart",
     "Building"
    ],
    "floors": null,
    "wash_rgb": [
     253,
     216,
     213
    ],
    "wash_chroma": 14.4,
    "wash_lightness_delta": -26.8,
    "hue_deg": 4,
    "material": "brick",
    "area_source_px2": 14224,
    "centroid_source_px": [
     1289,
     2587
    ]
   }
  },
  {
   "type": "Feature",
   "id": 52,
   "geometry": {
    "type": "Polygon",
    "coordinates": [
     [
      [
       1803,
       2498
      ],
      [
       1844,
       2541
      ],
      [
       1993,
       2584
      ],
      [
       1999,
       2580
      ],
      [
       2013,
       2529
      ],
      [
       1860,
       2483
      ],
      [
       1803,
       2498
      ]
     ]
    ]
   },
   "properties": {
    "sheet": "vancouver_1912_MAP342a_04",
    "outline_id": "vancouver_1912_MAP342a_04:block:1:outline52",
    "block_id": "vancouver_1912_MAP342a_04:block:1",
    "block_fid": 1,
    "block_number": "1",
    "text_inside": [],
    "numerals_inside": [],
    "words_inside": [],
    "floors": null,
    "wash_rgb": [
     253,
     238,
     139
    ],
    "wash_chroma": 50.4,
    "wash_lightness_delta": -16.1,
    "hue_deg": 52,
    "material": "frame (wood)",
    "area_source_px2": 10990,
    "centroid_source_px": [
     1914,
     2530
    ]
   }
  },
  {
   "type": "Feature",
   "id": 53,
   "geometry": {
    "type": "Polygon",
    "coordinates": [
     [
      [
       953,
       2504
      ],
      [
       952,
       2513
      ],
      [
       965,
       2527
      ],
      [
       949,
       2544
      ],
      [
       997,
       2592
      ],
      [
       1008,
       2598
      ],
      [
       1017,
       2592
      ],
      [
       1015,
       2586
      ],
      [
       1032,
       2586
      ],
      [
       1062,
       2572
      ],
      [
       978,
       2486
      ],
      [
       972,
       2486
      ],
      [
       953,
       2504
      ]
     ]
    ]
   },
   "properties": {
    "sheet": "vancouver_1912_MAP342a_04",
    "outline_id": "vancouver_1912_MAP342a_04:block:14:outline53",
    "block_id": "vancouver_1912_MAP342a_04:block:14",
    "block_fid": 5,
    "block_number": "14",
    "text_inside": [],
    "numerals_inside": [],
    "words_inside": [],
    "floors": null,
    "wash_rgb": [
     253,
     207,
     209
    ],
    "wash_chroma": 17.5,
    "wash_lightness_delta": -32.1,
    "hue_deg": 358,
    "material": "brick",
    "area_source_px2": 6244,
    "centroid_source_px": [
     998,
     2545
    ]
   }
  },
  {
   "type": "Feature",
   "id": 54,
   "geometry": {
    "type": "Polygon",
    "coordinates": [
     [
      [
       2490,
       2506
      ],
      [
       2667,
       2623
      ],
      [
       2686,
       2599
      ],
      [
       2767,
       2641
      ],
      [
       2789,
       2648
      ],
      [
       2790,
       2635
      ],
      [
       2499,
       2506
      ],
      [
       2490,
       2506
      ]
     ]
    ]
   },
   "properties": {
    "sheet": "vancouver_1912_MAP342a_04",
    "outline_id": "vancouver_1912_MAP342a_04:block:1:outline54",
    "block_id": "vancouver_1912_MAP342a_04:block:1",
    "block_fid": 1,
    "block_number": "1",
    "text_inside": [],
    "numerals_inside": [],
    "words_inside": [],
    "floors": null,
    "wash_rgb": [
     254,
     254,
     254
    ],
    "wash_chroma": 0.1,
    "wash_lightness_delta": -0.1,
    "hue_deg": 0,
    "material": "not a building (open lot, yard or court)",
    "area_source_px2": 5996,
    "centroid_source_px": [
     2639,
     2582
    ]
   }
  },
  {
   "type": "Feature",
   "id": 55,
   "geometry": {
    "type": "Polygon",
    "coordinates": [
     [
      [
       3220,
       2523
      ],
      [
       3233,
       2533
      ],
      [
       3487,
       2645
      ],
      [
       3499,
       2646
      ],
      [
       3501,
       2651
      ],
      [
       3684,
       2732
      ],
      [
       3689,
       2730
      ],
      [
       3741,
       2757
      ],
      [
       3921,
       2832
      ],
      [
       3926,
       2830
      ],
      [
       3845,
       2775
      ],
      [
       3744,
       2736
      ],
      [
       3514,
       2633
      ],
      [
       3458,
       2612
      ],
      [
       3303,
       2540
      ],
      [
       3287,
       2538
      ],
      [
       3278,
       2529
      ],
      [
       3243,
       2514
      ],
      [
       3220,
       2523
      ]
     ]
    ]
   },
   "properties": {
    "sheet": "vancouver_1912_MAP342a_04",
    "outline_id": "vancouver_1912_MAP342a_04:block:1:outline55",
    "block_id": "vancouver_1912_MAP342a_04:block:1",
    "block_fid": 1,
    "block_number": "1",
    "text_inside": [],
    "numerals_inside": [],
    "words_inside": [],
    "floors": null,
    "wash_rgb": [
     254,
     254,
     254
    ],
    "wash_chroma": 0.0,
    "wash_lightness_delta": -0.1,
    "hue_deg": 0,
    "material": "not a building (open lot, yard or court)",
    "area_source_px2": 15053,
    "centroid_source_px": [
     3570,
     2669
    ]
   }
  },
  {
   "type": "Feature",
   "id": 56,
   "geometry": {
    "type": "Polygon",
    "coordinates": [
     [
      [
       3307,
       2535
      ],
      [
       3759,
       2737
      ],
      [
       3803,
       2754
      ],
      [
       3808,
       2752
      ],
      [
       3729,
       2700
      ],
      [
       3384,
       2550
      ],
      [
       3366,
       2553
      ],
      [
       3358,
       2547
      ],
      [
       3357,
       2538
      ],
      [
       3322,
       2524
      ],
      [
       3307,
       2535
      ]
     ]
    ]
   },
   "properties": {
    "sheet": "vancouver_1912_MAP342a_04",
    "outline_id": "vancouver_1912_MAP342a_04:block:1:outline56",
    "block_id": "vancouver_1912_MAP342a_04:block:1",
    "block_fid": 1,
    "block_number": "1",
    "text_inside": [],
    "numerals_inside": [],
    "words_inside": [],
    "floors": null,
    "wash_rgb": [
     254,
     254,
     254
    ],
    "wash_chroma": 0.1,
    "wash_lightness_delta": -0.2,
    "hue_deg": 0,
    "material": "not a building (open lot, yard or court)",
    "area_source_px2": 9663,
    "centroid_source_px": [
     3553,
     2635
    ]
   }
  },
  {
   "type": "Feature",
   "id": 57,
   "geometry": {
    "type": "Polygon",
    "coordinates": [
     [
      [
       1763,
       2537
      ],
      [
       1693,
       2639
      ],
      [
       1697,
       2652
      ],
      [
       1684,
       2654
      ],
      [
       1677,
       2669
      ],
      [
       1698,
       2688
      ],
      [
       1713,
       2681
      ],
      [
       1702,
       2693
      ],
      [
       1728,
       2718
      ],
      [
       1746,
       2695
      ],
      [
       1736,
       2681
      ],
      [
       1751,
       2684
      ],
      [
       1763,
       2670
      ],
      [
       1739,
       2710
      ],
      [
       1745,
       2717
      ],
      [
       1734,
       2722
      ],
      [
       1735,
       2727
      ],
      [
       1833,
       2754
      ],
      [
       1844,
       2746
      ],
      [
       1869,
       2749
      ],
      [
       1878,
       2725
      ],
      [
       1872,
       2760
      ],
      [
       1881,
       2757
      ],
      [
       1882,
       2765
      ],
      [
       1889,
       2770
      ],
      [
       1936,
       2780
      ],
      [
       1930,
       2770
      ],
      [
       1942,
       2765
      ],
      [
       1965,
       2690
      ],
      [
       1963,
       2679
      ],
      [
       1953,
       2674
      ],
      [
       1970,
       2671
      ],
      [
       1992,
       2601
      ],
      [
       1985,
       2596
      ],
      [
       1984,
       2587
      ],
      [
       1933,
       2571
      ],
      [
       1925,
       2576
      ],
      [
       1918,
       2596
      ],
      [
       1920,
       2579
      ],
      [
       1908,
       2572
      ],
      [
       1913,
       2565
      ],
      [
       1862,
       2550
      ],
      [
       1840,
       2555
      ],
      [
       1824,
       2578
      ],
      [
       1832,
       2594
      ],
      [
       1828,
       2600
      ],
      [
       1834,
       2613
      ],
      [
       1827,
       2620
      ],
      [
       1835,
       2627
      ],
      [
       1844,
       2621
      ],
      [
       1847,
       2624
      ],
      [
       1846,
       2644
      ],
      [
       1853,
       2664
      ],
      [
       1849,
       2669
      ],
      [
       1859,
       2684
      ],
      [
       1855,
       2690
      ],
      [
       1861,
       2695
      ],
      [
       1858,
       2704
      ],
      [
       1864,
       2711
      ],
      [
       1863,
       2717
      ],
      [
       1852,
       2713
      ],
      [
       1847,
       2680
      ],
      [
       1835,
       2674
      ],
      [
       1845,
       2671
      ],
      [
       1835,
       2647
      ],
      [
       1836,
       2639
      ],
      [
       1825,
       2621
      ],
      [
       1808,
       2606
      ],
      [
       1797,
       2623
      ],
      [
       1810,
       2633
      ],
      [
       1798,
       2630
      ],
      [
       1784,
       2640
      ],
      [
       1773,
       2641
      ],
      [
       1780,
       2671
      ],
      [
       1806,
       2715
      ],
      [
       1786,
       2715
      ],
      [
       1781,
       2709
      ],
      [
       1790,
       2704
      ],
      [
       1783,
       2700
      ],
      [
       1785,
       2693
      ],
      [
       1772,
       2676
      ],
      [
       1774,
       2669
      ],
      [
       1757,
       2656
      ],
      [
       1763,
       2653
      ],
      [
       1764,
       2645
      ],
      [
       1756,
       2627
      ],
      [
       1759,
       2620
      ],
      [
       1753,
       2614
      ],
      [
       1754,
       2608
      ],
      [
       1763,
       2604
      ],
      [
       1771,
       2611
      ],
      [
       1773,
       2620
      ],
      [
       1767,
       2625
      ],
      [
       1774,
       2634
      ],
      [
       1794,
       2601
      ],
      [
       1801,
       2608
      ],
      [
       1813,
       2592
      ],
      [
       1781,
       2549
      ],
      [
       1798,
       2553
      ],
      [
       1804,
       2548
      ],
      [
       1802,
       2542
      ],
      [
       1788,
       2542
      ],
      [
       1783,
       2536
      ],
      [
       1790,
       2530
      ],
      [
       1782,
       2527
      ],
      [
       1763,
       2537
      ]
     ]
    ]
   },
   "properties": {
    "sheet": "vancouver_1912_MAP342a_04",
    "outline_id": "vancouver_1912_MAP342a_04:block:1:outline57",
    "block_id": "vancouver_1912_MAP342a_04:block:1",
    "block_fid": 1,
    "block_number": "1",
    "text_inside": [
     "Kelly, Douglas",
     "& Company",
     "4 Company",
     "St.",
     "St.",
     "B",
     "5",
     "St.",
     "St.",
     "St.",
     "St.",
     "St."
    ],
    "numerals_inside": [],
    "words_inside": [
     "Kelly, Douglas",
     "& Company",
     "4 Company",
     "St.",
     "St.",
     "St.",
     "St.",
     "St.",
     "St.",
     "St."
    ],
    "floors": null,
    "wash_rgb": [
     253,
     216,
     212
    ],
    "wash_chroma": 14.5,
    "wash_lightness_delta": -26.8,
    "hue_deg": 6,
    "material": "brick",
    "area_source_px2": 44735,
    "centroid_source_px": [
     1850,
     2656
    ]
   }
  },
  {
   "type": "Feature",
   "id": 58,
   "geometry": {
    "type": "Polygon",
    "coordinates": [
     [
      [
       3392,
       2545
      ],
      [
       3407,
       2556
      ],
      [
       3684,
       2676
      ],
      [
       3688,
       2674
      ],
      [
       3616,
       2624
      ],
      [
       3564,
       2599
      ],
      [
       3469,
       2560
      ],
      [
       3459,
       2565
      ],
      [
       3458,
       2555
      ],
      [
       3404,
       2532
      ],
      [
       3392,
       2545
      ]
     ]
    ]
   },
   "properties": {
    "sheet": "vancouver_1912_MAP342a_04",
    "outline_id": "vancouver_1912_MAP342a_04:block:1:outline58",
    "block_id": "vancouver_1912_MAP342a_04:block:1",
    "block_fid": 1,
    "block_number": "1",
    "text_inside": [],
    "numerals_inside": [],
    "words_inside": [],
    "floors": null,
    "wash_rgb": [
     254,
     254,
     254
    ],
    "wash_chroma": 0.1,
    "wash_lightness_delta": -0.2,
    "hue_deg": 0,
    "material": "not a building (open lot, yard or court)",
    "area_source_px2": 6015,
    "centroid_source_px": [
     3528,
     2597
    ]
   }
  },
  {
   "type": "Feature",
   "id": 59,
   "geometry": {
    "type": "Polygon",
    "coordinates": [
     [
      [
       996,
       2595
      ],
      [
       971,
       2570
      ],
      [
       962,
       2574
      ],
      [
       923,
       2535
      ],
      [
       825,
       2630
      ],
      [
       836,
       2640
      ],
      [
       851,
       2628
      ],
      [
       850,
       2622
      ],
      [
       869,
       2621
      ],
      [
       869,
       2627
      ],
      [
       882,
       2630
      ],
      [
       899,
       2628
      ],
      [
       905,
       2621
      ],
      [
       910,
       2626
      ],
      [
       934,
       2622
      ],
      [
       940,
       2630
      ],
      [
       954,
       2622
      ],
      [
       953,
       2617
      ],
      [
       944,
       2616
      ],
      [
       935,
       2607
      ],
      [
       948,
       2594
      ],
      [
       958,
       2600
      ],
      [
       961,
       2611
      ],
      [
       979,
       2598
      ],
      [
       977,
       2606
      ],
      [
       985,
       2607
      ],
      [
       996,
       2595
      ]
     ]
    ]
   },
   "properties": {
    "sheet": "vancouver_1912_MAP342a_04",
    "outline_id": "vancouver_1912_MAP342a_04:block:14:outline59",
    "block_id": "vancouver_1912_MAP342a_04:block:14",
    "block_fid": 5,
    "block_number": "14",
    "text_inside": [
     "13",
     "12th"
    ],
    "numerals_inside": [],
    "words_inside": [
     "12th"
    ],
    "floors": null,
    "wash_rgb": [
     253,
     200,
     205
    ],
    "wash_chroma": 20.5,
    "wash_lightness_delta": -36.9,
    "hue_deg": 354,
    "material": "brick",
    "area_source_px2": 7543,
    "centroid_source_px": [
     911,
     2593
    ]
   }
  },
  {
   "type": "Feature",
   "id": 60,
   "geometry": {
    "type": "Polygon",
    "coordinates": [
     [
      [
       3907,
       2547
      ],
      [
       3882,
       2596
      ],
      [
       3885,
       2605
      ],
      [
       4133,
       2726
      ],
      [
       4170,
       2632
      ],
      [
       4147,
       2622
      ],
      [
       4132,
       2641
      ],
      [
       4106,
       2628
      ],
      [
       4114,
       2609
      ],
      [
       4086,
       2594
      ],
      [
       4080,
       2595
      ],
      [
       4071,
       2616
      ],
      [
       4065,
       2616
      ],
      [
       3917,
       2545
      ],
      [
       3907,
       2547
      ]
     ]
    ]
   },
   "properties": {
    "sheet": "vancouver_1912_MAP342a_04",
    "outline_id": "vancouver_1912_MAP342a_04:block:fid7:outline60",
    "block_id": "vancouver_1912_MAP342a_04:block:fid7",
    "block_fid": 7,
    "block_number": null,
    "text_inside": [],
    "numerals_inside": [],
    "words_inside": [],
    "floors": null,
    "wash_rgb": [
     253,
     242,
     141
    ],
    "wash_chroma": 50.7,
    "wash_lightness_delta": -13.4,
    "hue_deg": 54,
    "material": "frame (wood)",
    "area_source_px2": 21310,
    "centroid_source_px": [
     4032,
     2633
    ]
   }
  },
  {
   "type": "Feature",
   "id": 61,
   "geometry": {
    "type": "Polygon",
    "coordinates": [
     [
      [
       2010,
       2553
      ],
      [
       2001,
       2585
      ],
      [
       2081,
       2610
      ],
      [
       2074,
       2637
      ],
      [
       2076,
       2646
      ],
      [
       2324,
       2713
      ],
      [
       2332,
       2673
      ],
      [
       2318,
       2673
      ],
      [
       2307,
       2666
      ],
      [
       2167,
       2627
      ],
      [
       2173,
       2604
      ],
      [
       2170,
       2597
      ],
      [
       2014,
       2550
      ],
      [
       2010,
       2553
      ]
     ]
    ]
   },
   "properties": {
    "sheet": "vancouver_1912_MAP342a_04",
    "outline_id": "vancouver_1912_MAP342a_04:block:1:outline61",
    "block_id": "vancouver_1912_MAP342a_04:block:1",
    "block_fid": 1,
    "block_number": "1",
    "text_inside": [
     "FRI",
     "FRI"
    ],
    "numerals_inside": [],
    "words_inside": [
     "FRI",
     "FRI"
    ],
    "floors": null,
    "wash_rgb": [
     253,
     238,
     133
    ],
    "wash_chroma": 53.0,
    "wash_lightness_delta": -16.2,
    "hue_deg": 52,
    "material": "frame (wood)",
    "area_source_px2": 16580,
    "centroid_source_px": [
     2162,
     2636
    ]
   }
  },
  {
   "type": "Feature",
   "id": 62,
   "geometry": {
    "type": "Polygon",
    "coordinates": [
     [
      [
       1400,
       2555
      ],
      [
       1395,
       2555
      ],
      [
       1251,
       2695
      ],
      [
       1250,
       2702
      ],
      [
       1275,
       2726
      ],
      [
       1297,
       2710
      ],
      [
       1424,
       2585
      ],
      [
       1420,
       2575
      ],
      [
       1408,
       2571
      ],
      [
       1410,
       2566
      ],
      [
       1400,
       2555
      ]
     ]
    ]
   },
   "properties": {
    "sheet": "vancouver_1912_MAP342a_04",
    "outline_id": "vancouver_1912_MAP342a_04:block:fid6:outline62",
    "block_id": "vancouver_1912_MAP342a_04:block:fid6",
    "block_fid": 6,
    "block_number": null,
    "text_inside": [
     "67",
     "68",
     "69",
     "3"
    ],
    "numerals_inside": [
     "3"
    ],
    "words_inside": [],
    "floors": null,
    "wash_rgb": [
     253,
     212,
     213
    ],
    "wash_chroma": 15.5,
    "wash_lightness_delta": -28.8,
    "hue_deg": 358,
    "material": "brick",
    "area_source_px2": 8741,
    "centroid_source_px": [
     1337,
     2641
    ]
   }
  },
  {
   "type": "Feature",
   "id": 63,
   "geometry": {
    "type": "Polygon",
    "coordinates": [
     [
      [
       1429,
       2586
      ],
      [
       1281,
       2730
      ],
      [
       1295,
       2744
      ],
      [
       1303,
       2732
      ],
      [
       1328,
       2713
      ],
      [
       1325,
       2729
      ],
      [
       1300,
       2747
      ],
      [
       1310,
       2759
      ],
      [
       1326,
       2749
      ],
      [
       1341,
       2730
      ],
      [
       1352,
       2726
      ],
      [
       1347,
       2716
      ],
      [
       1362,
       2710
      ],
      [
       1361,
       2701
      ],
      [
       1384,
       2680
      ],
      [
       1373,
       2694
      ],
      [
       1373,
       2699
      ],
      [
       1380,
       2701
      ],
      [
       1377,
       2712
      ],
      [
       1350,
       2738
      ],
      [
       1344,
       2738
      ],
      [
       1339,
       2749
      ],
      [
       1319,
       2768
      ],
      [
       1369,
       2818
      ],
      [
       1518,
       2675
      ],
      [
       1505,
       2668
      ],
      [
       1504,
       2660
      ],
      [
       1481,
       2637
      ],
      [
       1474,
       2636
      ],
      [
       1471,
       2627
      ],
      [
       1452,
       2607
      ],
      [
       1435,
       2599
      ],
      [
       1437,
       2593
      ],
      [
       1429,
       2586
      ]
     ]
    ]
   },
   "properties": {
    "sheet": "vancouver_1912_MAP342a_04",
    "outline_id": "vancouver_1912_MAP342a_04:block:fid6:outline63",
    "block_id": "vancouver_1912_MAP342a_04:block:fid6",
    "block_fid": 6,
    "block_number": null,
    "text_inside": [
     "70",
     "71",
     "72",
     "73",
     "74",
     "75",
     "76",
     "77",
     "78",
     "6"
    ],
    "numerals_inside": [
     "6"
    ],
    "words_inside": [],
    "floors": null,
    "wash_rgb": [
     253,
     213,
     212
    ],
    "wash_chroma": 15.4,
    "wash_lightness_delta": -28.7,
    "hue_deg": 2,
    "material": "brick",
    "area_source_px2": 24302,
    "centroid_source_px": [
     1405,
     2700
    ]
   }
  },
  {
   "type": "Feature",
   "id": 64,
   "geometry": {
    "type": "Polygon",
    "coordinates": [
     [
      [
       2001,
       2591
      ],
      [
       1978,
       2655
      ],
      [
       1985,
       2666
      ],
      [
       1984,
       2690
      ],
      [
       1973,
       2683
      ],
      [
       1969,
       2685
      ],
      [
       1941,
       2782
      ],
      [
       1963,
       2790
      ],
      [
       1978,
       2782
      ],
      [
       1990,
       2783
      ],
      [
       1992,
       2786
      ],
      [
       1983,
       2791
      ],
      [
       1985,
       2795
      ],
      [
       2018,
       2805
      ],
      [
       2038,
       2756
      ],
      [
       2043,
       2726
      ],
      [
       2027,
       2709
      ],
      [
       2028,
       2700
      ],
      [
       2044,
       2687
      ],
      [
       2059,
       2684
      ],
      [
       2079,
       2614
      ],
      [
       2052,
       2605
      ],
      [
       2039,
       2611
      ],
      [
       2028,
       2606
      ],
      [
       2031,
       2600
      ],
      [
       2001,
       2591
      ]
     ]
    ]
   },
   "properties": {
    "sheet": "vancouver_1912_MAP342a_04",
    "outline_id": "vancouver_1912_MAP342a_04:block:1:outline64",
    "block_id": "vancouver_1912_MAP342a_04:block:1",
    "block_fid": 1,
    "block_number": "1",
    "text_inside": [
     "Cobalt Bros. Ltd.",
     "Gavitt Bros."
    ],
    "numerals_inside": [],
    "words_inside": [
     "Cobalt Bros. Ltd.",
     "Gavitt Bros."
    ],
    "floors": null,
    "wash_rgb": [
     253,
     216,
     213
    ],
    "wash_chroma": 14.2,
    "wash_lightness_delta": -26.4,
    "hue_deg": 4,
    "material": "brick",
    "area_source_px2": 15510,
    "centroid_source_px": [
     2012,
     2698
    ]
   }
  },
  {
   "type": "Feature",
   "id": 65,
   "geometry": {
    "type": "Polygon",
    "coordinates": [
     [
      [
       2681,
       2608
      ],
      [
       2675,
       2626
      ],
      [
       2732,
       2656
      ],
      [
       2748,
       2660
      ],
      [
       2797,
       2688
      ],
      [
       2803,
       2686
      ],
      [
       2812,
       2669
      ],
      [
       2807,
       2663
      ],
      [
       2687,
       2603
      ],
      [
       2681,
       2608
      ]
     ]
    ]
   },
   "properties": {
    "sheet": "vancouver_1912_MAP342a_04",
    "outline_id": "vancouver_1912_MAP342a_04:block:1:outline65",
    "block_id": "vancouver_1912_MAP342a_04:block:1",
    "block_fid": 1,
    "block_number": "1",
    "text_inside": [],
    "numerals_inside": [],
    "words_inside": [],
    "floors": null,
    "wash_rgb": [
     253,
     236,
     122
    ],
    "wash_chroma": 57.6,
    "wash_lightness_delta": -17.8,
    "hue_deg": 52,
    "material": "frame (wood)",
    "area_source_px2": 3686,
    "centroid_source_px": [
     2743,
     2646
    ]
   }
  },
  {
   "type": "Feature",
   "id": 66,
   "geometry": {
    "type": "Polygon",
    "coordinates": [
     [
      [
       1018,
       2618
      ],
      [
       1008,
       2609
      ],
      [
       979,
       2620
      ],
      [
       977,
       2628
      ],
      [
       967,
       2636
      ],
      [
       965,
       2626
      ],
      [
       949,
       2630
      ],
      [
       939,
       2627
      ],
      [
       928,
       2634
      ],
      [
       919,
       2627
      ],
      [
       910,
       2637
      ],
      [
       888,
       2636
      ],
      [
       881,
       2644
      ],
      [
       877,
       2637
      ],
      [
       847,
       2637
      ],
      [
       843,
       2647
      ],
      [
       864,
       2669
      ],
      [
       876,
       2672
      ],
      [
       876,
       2681
      ],
      [
       899,
       2702
      ],
      [
       908,
       2697
      ],
      [
       925,
       2710
      ],
      [
       977,
       2660
      ],
      [
       978,
       2645
      ],
      [
       972,
       2642
      ],
      [
       987,
       2631
      ],
      [
       997,
       2640
      ],
      [
       1018,
       2618
      ]
     ]
    ]
   },
   "properties": {
    "sheet": "vancouver_1912_MAP342a_04",
    "outline_id": "vancouver_1912_MAP342a_04:block:14:outline66",
    "block_id": "vancouver_1912_MAP342a_04:block:14",
    "block_fid": 5,
    "block_number": "14",
    "text_inside": [],
    "numerals_inside": [],
    "words_inside": [],
    "floors": null,
    "wash_rgb": [
     253,
     204,
     207
    ],
    "wash_chroma": 18.7,
    "wash_lightness_delta": -34.1,
    "hue_deg": 356,
    "material": "brick",
    "area_source_px2": 7407,
    "centroid_source_px": [
     923,
     2660
    ]
   }
  },
  {
   "type": "Feature",
   "id": 67,
   "geometry": {
    "type": "Polygon",
    "coordinates": [
     [
      [
       4222,
       2635
      ],
      [
       4173,
       2637
      ],
      [
       4139,
       2729
      ],
      [
       4180,
       2749
      ],
      [
       4187,
       2747
      ],
      [
       4226,
       2641
      ],
      [
       4222,
       2635
      ]
     ]
    ]
   },
   "properties": {
    "sheet": "vancouver_1912_MAP342a_04",
    "outline_id": "vancouver_1912_MAP342a_04:block:fid7:outline67",
    "block_id": "vancouver_1912_MAP342a_04:block:fid7",
    "block_fid": 7,
    "block_number": null,
    "text_inside": [],
    "numerals_inside": [],
    "words_inside": [],
    "floors": null,
    "wash_rgb": [
     253,
     244,
     134
    ],
    "wash_chroma": 54.7,
    "wash_lightness_delta": -12.4,
    "hue_deg": 56,
    "material": "frame (wood)",
    "area_source_px2": 5663,
    "centroid_source_px": [
     4182,
     2688
    ]
   }
  },
  {
   "type": "Feature",
   "id": 68,
   "geometry": {
    "type": "Polygon",
    "coordinates": [
     [
      [
       2793,
       2639
      ],
      [
       2789,
       2651
      ],
      [
       2817,
       2666
      ],
      [
       2803,
       2695
      ],
      [
       2882,
       2720
      ],
      [
       2889,
       2718
      ],
      [
       2897,
       2681
      ],
      [
       2856,
       2663
      ],
      [
       2851,
       2668
      ],
      [
       2841,
       2668
      ],
      [
       2838,
       2655
      ],
      [
       2797,
       2637
      ],
      [
       2793,
       2639
      ]
     ]
    ]
   },
   "properties": {
    "sheet": "vancouver_1912_MAP342a_04",
    "outline_id": "vancouver_1912_MAP342a_04:block:1:outline68",
    "block_id": "vancouver_1912_MAP342a_04:block:1",
    "block_fid": 1,
    "block_number": "1",
    "text_inside": [
     "8"
    ],
    "numerals_inside": [
     "8"
    ],
    "words_inside": [],
    "floors": null,
    "wash_rgb": [
     254,
     254,
     254
    ],
    "wash_chroma": 0.0,
    "wash_lightness_delta": -0.0,
    "hue_deg": 0,
    "material": "not a building (open lot, yard or court)",
    "area_source_px2": 4270,
    "centroid_source_px": [
     2847,
     2684
    ]
   }
  },
  {
   "type": "Feature",
   "id": 69,
   "geometry": {
    "type": "Polygon",
    "coordinates": [
     [
      [
       2074,
       2650
      ],
      [
       2069,
       2654
      ],
      [
       2063,
       2678
      ],
      [
       2057,
       2683
      ],
      [
       2070,
       2701
      ],
      [
       2070,
       2709
      ],
      [
       2046,
       2728
      ],
      [
       2024,
       2805
      ],
      [
       2032,
       2808
      ],
      [
       2043,
       2799
      ],
      [
       2044,
       2812
      ],
      [
       2063,
       2818
      ],
      [
       2067,
       2812
      ],
      [
       2074,
       2821
      ],
      [
       2101,
       2828
      ],
      [
       2112,
       2804
      ],
      [
       2150,
       2672
      ],
      [
       2115,
       2661
      ],
      [
       2106,
       2666
      ],
      [
       2103,
       2658
      ],
      [
       2074,
       2650
      ]
     ]
    ]
   },
   "properties": {
    "sheet": "vancouver_1912_MAP342a_04",
    "outline_id": "vancouver_1912_MAP342a_04:block:1:outline69",
    "block_id": "vancouver_1912_MAP342a_04:block:1",
    "block_fid": 1,
    "block_number": "1",
    "text_inside": [],
    "numerals_inside": [],
    "words_inside": [],
    "floors": null,
    "wash_rgb": [
     253,
     218,
     215
    ],
    "wash_chroma": 13.4,
    "wash_lightness_delta": -25.1,
    "hue_deg": 4,
    "material": "brick",
    "area_source_px2": 13137,
    "centroid_source_px": [
     2088,
     2740
    ]
   }
  },
  {
   "type": "Feature",
   "id": 70,
   "geometry": {
    "type": "Polygon",
    "coordinates": [
     [
      [
       1149,
       2660
      ],
      [
       1125,
       2685
      ],
      [
       1174,
       2730
      ],
      [
       1162,
       2746
      ],
      [
       1180,
       2760
      ],
      [
       1216,
       2723
      ],
      [
       1149,
       2660
      ]
     ]
    ]
   },
   "properties": {
    "sheet": "vancouver_1912_MAP342a_04",
    "outline_id": "vancouver_1912_MAP342a_04:block:fid6:outline70",
    "block_id": "vancouver_1912_MAP342a_04:block:fid6",
    "block_fid": 6,
    "block_number": null,
    "text_inside": [],
    "numerals_inside": [],
    "words_inside": [],
    "floors": null,
    "wash_rgb": [
     253,
     200,
     207
    ],
    "wash_chroma": 20.5,
    "wash_lightness_delta": -36.7,
    "hue_deg": 352,
    "material": "brick",
    "area_source_px2": 3589,
    "centroid_source_px": [
     1171,
     2708
    ]
   }
  },
  {
   "type": "Feature",
   "id": 71,
   "geometry": {
    "type": "Polygon",
    "coordinates": [
     [
      [
       2156,
       2672
      ],
      [
       2121,
       2778
      ],
      [
       2109,
       2829
      ],
      [
       2145,
       2841
      ],
      [
       2156,
       2837
      ],
      [
       2178,
       2763
      ],
      [
       2170,
       2758
      ],
      [
       2167,
       2773
      ],
      [
       2161,
       2774
      ],
      [
       2155,
       2784
      ],
      [
       2160,
       2800
      ],
      [
       2146,
       2797
      ],
      [
       2158,
       2744
      ],
      [
       2173,
       2706
      ],
      [
       2176,
       2714
      ],
      [
       2182,
       2714
      ],
      [
       2177,
       2730
      ],
      [
       2172,
       2733
      ],
      [
       2182,
       2741
      ],
      [
       2190,
       2718
      ],
      [
       2196,
       2713
      ],
      [
       2195,
       2703
      ],
      [
       2200,
       2701
      ],
      [
       2200,
       2713
      ],
      [
       2210,
       2722
      ],
      [
       2206,
       2729
      ],
      [
       2202,
       2722
      ],
      [
       2195,
       2728
      ],
      [
       2202,
       2738
      ],
      [
       2193,
       2741
      ],
      [
       2191,
       2752
      ],
      [
       2185,
       2757
      ],
      [
       2190,
       2779
      ],
      [
       2181,
       2784
      ],
      [
       2171,
       2802
      ],
      [
       2182,
       2811
      ],
      [
       2178,
       2821
      ],
      [
       2170,
       2824
      ],
      [
       2163,
       2843
      ],
      [
       2187,
       2853
      ],
      [
       2197,
       2832
      ],
      [
       2236,
       2695
      ],
      [
       2206,
       2686
      ],
      [
       2199,
       2693
      ],
      [
       2193,
       2682
      ],
      [
       2156,
       2672
      ]
     ]
    ]
   },
   "properties": {
    "sheet": "vancouver_1912_MAP342a_04",
    "outline_id": "vancouver_1912_MAP342a_04:block:1:outline71",
    "block_id": "vancouver_1912_MAP342a_04:block:1",
    "block_fid": 1,
    "block_number": "1",
    "text_inside": [
     "Johnston Bros."
    ],
    "numerals_inside": [],
    "words_inside": [
     "Johnston Bros."
    ],
    "floors": null,
    "wash_rgb": [
     253,
     218,
     214
    ],
    "wash_chroma": 13.6,
    "wash_lightness_delta": -25.5,
    "hue_deg": 6,
    "material": "brick",
    "area_source_px2": 11185,
    "centroid_source_px": [
     2170,
     2762
    ]
   }
  },
  {
   "type": "Feature",
   "id": 72,
   "geometry": {
    "type": "Polygon",
    "coordinates": [
     [
      [
       2899,
       2688
      ],
      [
       2891,
       2722
      ],
      [
       3001,
       2753
      ],
      [
       3006,
       2728
      ],
      [
       2904,
       2684
      ],
      [
       2899,
       2688
      ]
     ]
    ]
   },
   "properties": {
    "sheet": "vancouver_1912_MAP342a_04",
    "outline_id": "vancouver_1912_MAP342a_04:block:1:outline72",
    "block_id": "vancouver_1912_MAP342a_04:block:1",
    "block_fid": 1,
    "block_number": "1",
    "text_inside": [],
    "numerals_inside": [],
    "words_inside": [],
    "floors": null,
    "wash_rgb": [
     254,
     254,
     254
    ],
    "wash_chroma": 0.1,
    "wash_lightness_delta": -0.1,
    "hue_deg": 0,
    "material": "not a building (open lot, yard or court)",
    "area_source_px2": 3746,
    "centroid_source_px": [
     2946,
     2721
    ]
   }
  },
  {
   "type": "Feature",
   "id": 73,
   "geometry": {
    "type": "Polygon",
    "coordinates": [
     [
      [
       1168,
       2730
      ],
      [
       1121,
       2687
      ],
      [
       1112,
       2695
      ],
      [
       1117,
       2705
      ],
      [
       1106,
       2701
      ],
      [
       1073,
       2733
      ],
      [
       1075,
       2746
      ],
      [
       1087,
       2735
      ],
      [
       1094,
       2736
      ],
      [
       1097,
       2744
      ],
      [
       1105,
       2746
      ],
      [
       1103,
       2757
      ],
      [
       1090,
       2760
      ],
      [
       1087,
       2752
      ],
      [
       1072,
       2747
      ],
      [
       1062,
       2753
      ],
      [
       1057,
       2750
      ],
      [
       1015,
       2791
      ],
      [
       1023,
       2796
      ],
      [
       1035,
       2783
      ],
      [
       1042,
       2790
      ],
      [
       1050,
       2784
      ],
      [
       1068,
       2790
      ],
      [
       1078,
       2783
      ],
      [
       1081,
       2789
      ],
      [
       1111,
       2792
      ],
      [
       1115,
       2797
      ],
      [
       1121,
       2793
      ],
      [
       1127,
       2797
      ],
      [
       1122,
       2804
      ],
      [
       1104,
       2804
      ],
      [
       1084,
       2797
      ],
      [
       1020,
       2801
      ],
      [
       1012,
       2793
      ],
      [
       1001,
       2805
      ],
      [
       1021,
       2808
      ],
      [
       1023,
       2811
      ],
      [
       1016,
       2819
      ],
      [
       1025,
       2826
      ],
      [
       1040,
       2816
      ],
      [
       1038,
       2811
      ],
      [
       1049,
       2809
      ],
      [
       1066,
       2818
      ],
      [
       1088,
       2820
      ],
      [
       1092,
       2815
      ],
      [
       1100,
       2815
      ],
      [
       1106,
       2822
      ],
      [
       1102,
       2827
      ],
      [
       1107,
       2830
      ],
      [
       1175,
       2765
      ],
      [
       1150,
       2737
      ],
      [
       1159,
       2741
      ],
      [
       1168,
       2730
      ]
     ]
    ]
   },
   "properties": {
    "sheet": "vancouver_1912_MAP342a_04",
    "outline_id": "vancouver_1912_MAP342a_04:block:fid6:outline73",
    "block_id": "vancouver_1912_MAP342a_04:block:fid6",
    "block_fid": 6,
    "block_number": null,
    "text_inside": [
     "20",
     "Molsons",
     "19",
     "Bank"
    ],
    "numerals_inside": [],
    "words_inside": [
     "Molsons",
     "Bank"
    ],
    "floors": null,
    "wash_rgb": [
     254,
     218,
     216
    ],
    "wash_chroma": 13.6,
    "wash_lightness_delta": -25.3,
    "hue_deg": 4,
    "material": "brick",
    "area_source_px2": 10612,
    "centroid_source_px": [
     1102,
     2763
    ]
   }
  },
  {
   "type": "Feature",
   "id": 74,
   "geometry": {
    "type": "Polygon",
    "coordinates": [
     [
      [
       2369,
       2689
      ],
      [
       2364,
       2714
      ],
      [
       2480,
       2773
      ],
      [
       2486,
       2770
      ],
      [
       2491,
       2740
      ],
      [
       2465,
       2728
      ],
      [
       2443,
       2733
      ],
      [
       2438,
       2726
      ],
      [
       2421,
       2722
      ],
      [
       2424,
       2710
      ],
      [
       2375,
       2688
      ],
      [
       2369,
       2689
      ]
     ]
    ]
   },
   "properties": {
    "sheet": "vancouver_1912_MAP342a_04",
    "outline_id": "vancouver_1912_MAP342a_04:block:fid8:outline74",
    "block_id": "vancouver_1912_MAP342a_04:block:fid8",
    "block_fid": 8,
    "block_number": null,
    "text_inside": [
     "FRI",
     "FRI",
     "FRI"
    ],
    "numerals_inside": [],
    "words_inside": [
     "FRI",
     "FRI",
     "FRI"
    ],
    "floors": null,
    "wash_rgb": [
     253,
     234,
     126
    ],
    "wash_chroma": 54.9,
    "wash_lightness_delta": -18.9,
    "hue_deg": 52,
    "material": "frame (wood)",
    "area_source_px2": 3798,
    "centroid_source_px": [
     2429,
     2731
    ]
   }
  },
  {
   "type": "Feature",
   "id": 75,
   "geometry": {
    "type": "Polygon",
    "coordinates": [
     [
      [
       2242,
       2697
      ],
      [
       2235,
       2708
      ],
      [
       2193,
       2851
      ],
      [
       2197,
       2856
      ],
      [
       2219,
       2862
      ],
      [
       2230,
       2854
      ],
      [
       2245,
       2859
      ],
      [
       2254,
       2850
      ],
      [
       2250,
       2842
      ],
      [
       2258,
       2836
      ],
      [
       2265,
       2802
      ],
      [
       2275,
       2799
      ],
      [
       2270,
       2787
      ],
      [
       2283,
       2741
      ],
      [
       2292,
       2725
      ],
      [
       2289,
       2714
      ],
      [
       2273,
       2714
      ],
      [
       2270,
       2705
      ],
      [
       2242,
       2697
      ]
     ]
    ]
   },
   "properties": {
    "sheet": "vancouver_1912_MAP342a_04",
    "outline_id": "vancouver_1912_MAP342a_04:block:1:outline75",
    "block_id": "vancouver_1912_MAP342a_04:block:1",
    "block_fid": 1,
    "block_number": "1",
    "text_inside": [
     "FRI",
     "FRI",
     "FRI",
     "FRI",
     "FRI"
    ],
    "numerals_inside": [],
    "words_inside": [
     "FRI",
     "FRI",
     "FRI",
     "FRI",
     "FRI"
    ],
    "floors": null,
    "wash_rgb": [
     253,
     217,
     215
    ],
    "wash_chroma": 13.7,
    "wash_lightness_delta": -25.6,
    "hue_deg": 4,
    "material": "brick",
    "area_source_px2": 8922,
    "centroid_source_px": [
     2242,
     2782
    ]
   }
  },
  {
   "type": "Feature",
   "id": 76,
   "geometry": {
    "type": "Polygon",
    "coordinates": [
     [
      [
       1554,
       2710
      ],
      [
       1526,
       2732
      ],
      [
       1404,
       2853
      ],
      [
       1430,
       2881
      ],
      [
       1577,
       2739
      ],
      [
       1576,
       2731
      ],
      [
       1564,
       2729
      ],
      [
       1562,
       2718
      ],
      [
       1554,
       2710
      ]
     ]
    ]
   },
   "properties": {
    "sheet": "vancouver_1912_MAP342a_04",
    "outline_id": "vancouver_1912_MAP342a_04:block:fid6:outline76",
    "block_id": "vancouver_1912_MAP342a_04:block:fid6",
    "block_fid": 6,
    "block_number": null,
    "text_inside": [
     "81",
     "82",
     "83",
     "8"
    ],
    "numerals_inside": [
     "8"
    ],
    "words_inside": [],
    "floors": null,
    "wash_rgb": [
     254,
     254,
     253
    ],
    "wash_chroma": 0.4,
    "wash_lightness_delta": -0.4,
    "hue_deg": 60,
    "material": "not a building (open lot, yard or court)",
    "area_source_px2": 8085,
    "centroid_source_px": [
     1491,
     2796
    ]
   }
  },
  {
   "type": "Feature",
   "id": 77,
   "geometry": {
    "type": "Polygon",
    "coordinates": [
     [
      [
       4215,
       2719
      ],
      [
       4199,
       2757
      ],
      [
       4467,
       2888
      ],
      [
       4473,
       2885
      ],
      [
       4492,
       2846
      ],
      [
       4490,
       2842
      ],
      [
       4222,
       2711
      ],
      [
       4215,
       2719
      ]
     ]
    ]
   },
   "properties": {
    "sheet": "vancouver_1912_MAP342a_04",
    "outline_id": "vancouver_1912_MAP342a_04:block:fid7:outline77",
    "block_id": "vancouver_1912_MAP342a_04:block:fid7",
    "block_fid": 7,
    "block_number": null,
    "text_inside": [],
    "numerals_inside": [],
    "words_inside": [],
    "floors": null,
    "wash_rgb": [
     253,
     243,
     128
    ],
    "wash_chroma": 57.0,
    "wash_lightness_delta": -13.4,
    "hue_deg": 56,
    "material": "frame (wood)",
    "area_source_px2": 15590,
    "centroid_source_px": [
     4346,
     2800
    ]
   }
  },
  {
   "type": "Feature",
   "id": 78,
   "geometry": {
    "type": "Polygon",
    "coordinates": [
     [
      [
       1488,
       2717
      ],
      [
       1479,
       2717
      ],
      [
       1375,
       2820
      ],
      [
       1394,
       2846
      ],
      [
       1407,
       2846
      ],
      [
       1512,
       2742
      ],
      [
       1488,
       2717
      ]
     ]
    ]
   },
   "properties": {
    "sheet": "vancouver_1912_MAP342a_04",
    "outline_id": "vancouver_1912_MAP342a_04:block:fid6:outline78",
    "block_id": "vancouver_1912_MAP342a_04:block:fid6",
    "block_fid": 6,
    "block_number": null,
    "text_inside": [
     "79",
     "80",
     "7"
    ],
    "numerals_inside": [
     "7"
    ],
    "words_inside": [],
    "floors": null,
    "wash_rgb": [
     254,
     254,
     254
    ],
    "wash_chroma": 0.2,
    "wash_lightness_delta": -0.2,
    "hue_deg": 0,
    "material": "not a building (open lot, yard or court)",
    "area_source_px2": 6310,
    "centroid_source_px": [
     1442,
     2783
    ]
   }
  },
  {
   "type": "Feature",
   "id": 79,
   "geometry": {
    "type": "Polygon",
    "coordinates": [
     [
      [
       2363,
       2717
      ],
      [
       2352,
       2749
      ],
      [
       2373,
       2761
      ],
      [
       2378,
       2758
      ],
      [
       2382,
       2777
      ],
      [
       2376,
       2794
      ],
      [
       2384,
       2802
      ],
      [
       2402,
       2802
      ],
      [
       2411,
       2807
      ],
      [
       2405,
       2822
      ],
      [
       2390,
       2823
      ],
      [
       2403,
       2843
      ],
      [
       2402,
       2851
      ],
      [
       2407,
       2853
      ],
      [
       2414,
       2843
      ],
      [
       2438,
       2756
      ],
      [
       2363,
       2717
      ]
     ]
    ]
   },
   "properties": {
    "sheet": "vancouver_1912_MAP342a_04",
    "outline_id": "vancouver_1912_MAP342a_04:block:fid8:outline79",
    "block_id": "vancouver_1912_MAP342a_04:block:fid8",
    "block_fid": 8,
    "block_number": null,
    "text_inside": [
     "FRI",
     "FRI",
     "FRI",
     "FRI"
    ],
    "numerals_inside": [],
    "words_inside": [
     "FRI",
     "FRI",
     "FRI",
     "FRI"
    ],
    "floors": null,
    "wash_rgb": [
     253,
     215,
     213
    ],
    "wash_chroma": 14.5,
    "wash_lightness_delta": -27.1,
    "hue_deg": 4,
    "material": "brick",
    "area_source_px2": 4911,
    "centroid_source_px": [
     2399,
     2771
    ]
   }
  },
  {
   "type": "Feature",
   "id": 80,
   "geometry": {
    "type": "Polygon",
    "coordinates": [
     [
      [
       1223,
       2731
      ],
      [
       1218,
       2729
      ],
      [
       1071,
       2870
      ],
      [
       1080,
       2882
      ],
      [
       1088,
       2882
      ],
      [
       1086,
       2888
      ],
      [
       1100,
       2900
      ],
      [
       1207,
       2797
      ],
      [
       1204,
       2787
      ],
      [
       1241,
       2753
      ],
      [
       1223,
       2731
      ]
     ]
    ]
   },
   "properties": {
    "sheet": "vancouver_1912_MAP342a_04",
    "outline_id": "vancouver_1912_MAP342a_04:block:fid6:outline80",
    "block_id": "vancouver_1912_MAP342a_04:block:fid6",
    "block_fid": 6,
    "block_number": null,
    "text_inside": [
     "18"
    ],
    "numerals_inside": [],
    "words_inside": [],
    "floors": null,
    "wash_rgb": [
     253,
     204,
     208
    ],
    "wash_chroma": 18.7,
    "wash_lightness_delta": -34.2,
    "hue_deg": 356,
    "material": "brick",
    "area_source_px2": 8057,
    "centroid_source_px": [
     1155,
     2816
    ]
   }
  },
  {
   "type": "Feature",
   "id": 81,
   "geometry": {
    "type": "Polygon",
    "coordinates": [
     [
      [
       1586,
       2742
      ],
      [
       1580,
       2741
      ],
      [
       1437,
       2882
      ],
      [
       1437,
       2889
      ],
      [
       1460,
       2912
      ],
      [
       1466,
       2912
      ],
      [
       1609,
       2771
      ],
      [
       1603,
       2760
      ],
      [
       1593,
       2761
      ],
      [
       1596,
       2753
      ],
      [
       1586,
       2742
      ]
     ]
    ]
   },
   "properties": {
    "sheet": "vancouver_1912_MAP342a_04",
    "outline_id": "vancouver_1912_MAP342a_04:block:fid6:outline81",
    "block_id": "vancouver_1912_MAP342a_04:block:fid6",
    "block_fid": 6,
    "block_number": null,
    "text_inside": [
     "84",
     "9"
    ],
    "numerals_inside": [
     "9"
    ],
    "words_inside": [],
    "floors": null,
    "wash_rgb": [
     254,
     254,
     254
    ],
    "wash_chroma": 0.1,
    "wash_lightness_delta": -0.1,
    "hue_deg": 0,
    "material": "not a building (open lot, yard or court)",
    "area_source_px2": 8622,
    "centroid_source_px": [
     1522,
     2827
    ]
   }
  },
  {
   "type": "Feature",
   "id": 82,
   "geometry": {
    "type": "Polygon",
    "coordinates": [
     [
      [
       1678,
       2761
      ],
      [
       1775,
       2861
      ],
      [
       1788,
       2865
      ],
      [
       1801,
       2861
      ],
      [
       1803,
       2855
      ],
      [
       1697,
       2749
      ],
      [
       1678,
       2761
      ]
     ]
    ]
   },
   "properties": {
    "sheet": "vancouver_1912_MAP342a_04",
    "outline_id": "vancouver_1912_MAP342a_04:block:1:outline82",
    "block_id": "vancouver_1912_MAP342a_04:block:1",
    "block_fid": 1,
    "block_number": "1",
    "text_inside": [
     "St.",
     "St."
    ],
    "numerals_inside": [],
    "words_inside": [
     "St.",
     "St."
    ],
    "floors": null,
    "wash_rgb": [
     254,
     254,
     254
    ],
    "wash_chroma": 0.1,
    "wash_lightness_delta": -0.1,
    "hue_deg": 0,
    "material": "not a building (open lot, yard or court)",
    "area_source_px2": 3464,
    "centroid_source_px": [
     1740,
     2809
    ]
   }
  },
  {
   "type": "Feature",
   "id": 83,
   "geometry": {
    "type": "Polygon",
    "coordinates": [
     [
      [
       2443,
       2758
      ],
      [
       2410,
       2865
      ],
      [
       2413,
       2873
      ],
      [
       2424,
       2868
      ],
      [
       2430,
       2872
      ],
      [
       2433,
       2889
      ],
      [
       2441,
       2885
      ],
      [
       2446,
       2869
      ],
      [
       2440,
       2854
      ],
      [
       2452,
       2845
      ],
      [
       2459,
       2832
      ],
      [
       2455,
       2827
      ],
      [
       2469,
       2822
      ],
      [
       2482,
       2781
      ],
      [
       2443,
       2758
      ]
     ]
    ]
   },
   "properties": {
    "sheet": "vancouver_1912_MAP342a_04",
    "outline_id": "vancouver_1912_MAP342a_04:block:fid8:outline83",
    "block_id": "vancouver_1912_MAP342a_04:block:fid8",
    "block_fid": 8,
    "block_number": null,
    "text_inside": [
     "FRI",
     "FRI",
     "FRI"
    ],
    "numerals_inside": [],
    "words_inside": [
     "FRI",
     "FRI",
     "FRI"
    ],
    "floors": null,
    "wash_rgb": [
     253,
     217,
     214
    ],
    "wash_chroma": 13.8,
    "wash_lightness_delta": -25.8,
    "hue_deg": 4,
    "material": "brick",
    "area_source_px2": 4274,
    "centroid_source_px": [
     2445,
     2816
    ]
   }
  },
  {
   "type": "Feature",
   "id": 84,
   "geometry": {
    "type": "Polygon",
    "coordinates": [
     [
      [
       2757,
       2767
      ],
      [
       2863,
       2813
      ],
      [
       3184,
       2901
      ],
      [
       3204,
       2905
      ],
      [
       3220,
       2894
      ],
      [
       3195,
       2883
      ],
      [
       2963,
       2822
      ],
      [
       2766,
       2765
      ],
      [
       2757,
       2767
      ]
     ]
    ]
   },
   "properties": {
    "sheet": "vancouver_1912_MAP342a_04",
    "outline_id": "vancouver_1912_MAP342a_04:block:1:outline84",
    "block_id": "vancouver_1912_MAP342a_04:block:1",
    "block_fid": 1,
    "block_number": "1",
    "text_inside": [],
    "numerals_inside": [],
    "words_inside": [],
    "floors": null,
    "wash_rgb": [
     254,
     254,
     254
    ],
    "wash_chroma": 0.1,
    "wash_lightness_delta": -0.2,
    "hue_deg": 0,
    "material": "not a building (open lot, yard or court)",
    "area_source_px2": 8083,
    "centroid_source_px": [
     3006,
     2841
    ]
   }
  },
  {
   "type": "Feature",
   "id": 85,
   "geometry": {
    "type": "Polygon",
    "coordinates": [
     [
      [
       1245,
       2766
      ],
      [
       1104,
       2902
      ],
      [
       1107,
       2909
      ],
      [
       1118,
       2912
      ],
      [
       1115,
       2916
      ],
      [
       1139,
       2941
      ],
      [
       1151,
       2944
      ],
      [
       1151,
       2953
      ],
      [
       1171,
       2973
      ],
      [
       1188,
       2980
      ],
      [
       1183,
       2985
      ],
      [
       1193,
       2993
      ],
      [
       1338,
       2851
      ],
      [
       1338,
       2845
      ],
      [
       1308,
       2817
      ],
      [
       1302,
       2824
      ],
      [
       1293,
       2825
      ],
      [
       1289,
       2836
      ],
      [
       1280,
       2835
      ],
      [
       1286,
       2829
      ],
      [
       1280,
       2823
      ],
      [
       1281,
       2817
      ],
      [
       1295,
       2805
      ],
      [
       1290,
       2798
      ],
      [
       1273,
       2810
      ],
      [
       1271,
       2821
      ],
      [
       1256,
       2821
      ],
      [
       1253,
       2831
      ],
      [
       1240,
       2842
      ],
      [
       1244,
       2823
      ],
      [
       1239,
       2819
      ],
      [
       1249,
       2810
      ],
      [
       1259,
       2811
      ],
      [
       1267,
       2798
      ],
      [
       1280,
       2790
      ],
      [
       1271,
       2780
      ],
      [
       1266,
       2790
      ],
      [
       1251,
       2792
      ],
      [
       1248,
       2788
      ],
      [
       1252,
       2781
      ],
      [
       1245,
       2766
      ]
     ]
    ]
   },
   "properties": {
    "sheet": "vancouver_1912_MAP342a_04",
    "outline_id": "vancouver_1912_MAP342a_04:block:fid6:outline85",
    "block_id": "vancouver_1912_MAP342a_04:block:fid6",
    "block_fid": 6,
    "block_number": null,
    "text_inside": [
     "D. Speier",
     "ST.",
     "17",
     "16"
    ],
    "numerals_inside": [],
    "words_inside": [
     "D. Speier",
     "ST."
    ],
    "floors": null,
    "wash_rgb": [
     253,
     214,
     211
    ],
    "wash_chroma": 15.0,
    "wash_lightness_delta": -27.9,
    "hue_deg": 4,
    "material": "brick",
    "area_source_px2": 24370,
    "centroid_source_px": [
     1216,
     2886
    ]
   }
  },
  {
   "type": "Feature",
   "id": 86,
   "geometry": {
    "type": "Polygon",
    "coordinates": [
     [
      [
       1614,
       2772
      ],
      [
       1555,
       2829
      ],
      [
       1583,
       2858
      ],
      [
       1643,
       2802
      ],
      [
       1619,
       2791
      ],
      [
       1617,
       2786
      ],
      [
       1625,
       2781
      ],
      [
       1614,
       2772
      ]
     ]
    ]
   },
   "properties": {
    "sheet": "vancouver_1912_MAP342a_04",
    "outline_id": "vancouver_1912_MAP342a_04:block:fid6:outline86",
    "block_id": "vancouver_1912_MAP342a_04:block:fid6",
    "block_fid": 6,
    "block_number": null,
    "text_inside": [],
    "numerals_inside": [],
    "words_inside": [],
    "floors": null,
    "wash_rgb": [
     253,
     214,
     211
    ],
    "wash_chroma": 14.9,
    "wash_lightness_delta": -27.7,
    "hue_deg": 4,
    "material": "brick",
    "area_source_px2": 3222,
    "centroid_source_px": [
     1597,
     2817
    ]
   }
  },
  {
   "type": "Feature",
   "id": 87,
   "geometry": {
    "type": "Polygon",
    "coordinates": [
     [
      [
       2555,
       2778
      ],
      [
       2534,
       2839
      ],
      [
       2538,
       2858
      ],
      [
       2528,
       2859
      ],
      [
       2510,
       2930
      ],
      [
       2520,
       2935
      ],
      [
       2511,
       2937
      ],
      [
       2507,
       2943
      ],
      [
       2541,
       2952
      ],
      [
       2547,
       2934
      ],
      [
       2544,
       2918
      ],
      [
       2550,
       2915
      ],
      [
       2552,
       2902
      ],
      [
       2560,
       2894
      ],
      [
       2560,
       2901
      ],
      [
       2571,
       2905
      ],
      [
       2564,
       2915
      ],
      [
       2562,
       2931
      ],
      [
       2554,
       2936
      ],
      [
       2558,
       2950
      ],
      [
       2553,
       2956
      ],
      [
       2566,
       2961
      ],
      [
       2585,
       2907
      ],
      [
       2581,
       2882
      ],
      [
       2588,
       2876
      ],
      [
       2584,
       2869
      ],
      [
       2590,
       2860
      ],
      [
       2598,
       2860
      ],
      [
       2614,
       2799
      ],
      [
       2555,
       2778
      ]
     ]
    ]
   },
   "properties": {
    "sheet": "vancouver_1912_MAP342a_04",
    "outline_id": "vancouver_1912_MAP342a_04:block:fid8:outline87",
    "block_id": "vancouver_1912_MAP342a_04:block:fid8",
    "block_fid": 8,
    "block_number": null,
    "text_inside": [
     "FRI",
     "FRI",
     "McClary",
     "FRI",
     "A",
     "FRI",
     "FRI",
     "FRI",
     "FRI",
     "FRI",
     "FRI",
     "FRI",
     "FRI"
    ],
    "numerals_inside": [],
    "words_inside": [
     "FRI",
     "FRI",
     "McClary",
     "FRI",
     "FRI",
     "FRI",
     "FRI",
     "FRI",
     "FRI",
     "FRI",
     "FRI",
     "FRI"
    ],
    "floors": null,
    "wash_rgb": [
     253,
     218,
     214
    ],
    "wash_chroma": 13.6,
    "wash_lightness_delta": -25.3,
    "hue_deg": 6,
    "material": "brick",
    "area_source_px2": 9830,
    "centroid_source_px": [
     2557,
     2866
    ]
   }
  },
  {
   "type": "Feature",
   "id": 88,
   "geometry": {
    "type": "Polygon",
    "coordinates": [
     [
      [
       2543,
       2785
      ],
      [
       2485,
       2782
      ],
      [
       2474,
       2819
      ],
      [
       2476,
       2830
      ],
      [
       2483,
       2834
      ],
      [
       2477,
       2837
      ],
      [
       2481,
       2856
      ],
      [
       2474,
       2867
      ],
      [
       2457,
       2875
      ],
      [
       2445,
       2926
      ],
      [
       2452,
       2925
      ],
      [
       2453,
       2920
      ],
      [
       2463,
       2920
      ],
      [
       2462,
       2931
      ],
      [
       2485,
       2938
      ],
      [
       2506,
       2928
      ],
      [
       2527,
       2859
      ],
      [
       2526,
       2853
      ],
      [
       2515,
       2852
      ],
      [
       2533,
       2838
      ],
      [
       2546,
       2792
      ],
      [
       2543,
       2785
      ]
     ]
    ]
   },
   "properties": {
    "sheet": "vancouver_1912_MAP342a_04",
    "outline_id": "vancouver_1912_MAP342a_04:block:fid8:outline88",
    "block_id": "vancouver_1912_MAP342a_04:block:fid8",
    "block_fid": 8,
    "block_number": null,
    "text_inside": [
     "4",
     "FRI",
     "FRI",
     "FRI",
     "FRI",
     "FRI",
     "FRI",
     "FRI",
     "FRI",
     "FRI",
     "FRI"
    ],
    "numerals_inside": [],
    "words_inside": [
     "FRI",
     "FRI",
     "FRI",
     "FRI",
     "FRI",
     "FRI",
     "FRI",
     "FRI",
     "FRI",
     "FRI"
    ],
    "floors": null,
    "wash_rgb": [
     253,
     218,
     215
    ],
    "wash_chroma": 13.4,
    "wash_lightness_delta": -25.0,
    "hue_deg": 4,
    "material": "brick",
    "area_source_px2": 8686,
    "centroid_source_px": [
     2497,
     2857
    ]
   }
  },
  {
   "type": "Feature",
   "id": 89,
   "geometry": {
    "type": "Polygon",
    "coordinates": [
     [
      [
       2751,
       2798
      ],
      [
       2723,
       2887
      ],
      [
       2733,
       2897
      ],
      [
       2727,
       2899
      ],
      [
       2723,
       2918
      ],
      [
       2716,
       2915
      ],
      [
       2712,
       2919
      ],
      [
       2685,
       3009
      ],
      [
       2690,
       3017
      ],
      [
       2725,
       3026
      ],
      [
       2731,
       3018
      ],
      [
       2741,
       3019
      ],
      [
       2745,
       3015
      ],
      [
       2771,
       2928
      ],
      [
       2767,
       2920
      ],
      [
       2743,
       2904
      ],
      [
       2758,
       2908
      ],
      [
       2766,
       2917
      ],
      [
       2771,
       2915
      ],
      [
       2802,
       2819
      ],
      [
       2798,
       2811
      ],
      [
       2751,
       2798
      ]
     ]
    ]
   },
   "properties": {
    "sheet": "vancouver_1912_MAP342a_04",
    "outline_id": "vancouver_1912_MAP342a_04:block:1:outline89",
    "block_id": "vancouver_1912_MAP342a_04:block:1",
    "block_fid": 1,
    "block_number": "1",
    "text_inside": [
     "FRI",
     "FRI",
     "9",
     "FRI",
     "FRI",
     "FRI",
     "FRI",
     "FRI"
    ],
    "numerals_inside": [],
    "words_inside": [
     "FRI",
     "FRI",
     "FRI",
     "FRI",
     "FRI",
     "FRI",
     "FRI"
    ],
    "floors": null,
    "wash_rgb": [
     253,
     220,
     214
    ],
    "wash_chroma": 13.3,
    "wash_lightness_delta": -24.2,
    "hue_deg": 10,
    "material": "brick",
    "area_source_px2": 12350,
    "centroid_source_px": [
     2745,
     2912
    ]
   }
  },
  {
   "type": "Feature",
   "id": 90,
   "geometry": {
    "type": "Polygon",
    "coordinates": [
     [
      [
       2329,
       2824
      ],
      [
       2311,
       2886
      ],
      [
       2361,
       2902
      ],
      [
       2373,
       2893
      ],
      [
       2386,
       2896
      ],
      [
       2388,
       2888
      ],
      [
       2375,
       2869
      ],
      [
       2358,
       2860
      ],
      [
       2364,
       2847
      ],
      [
       2350,
       2830
      ],
      [
       2351,
       2824
      ],
      [
       2344,
       2818
      ],
      [
       2338,
       2829
      ],
      [
       2329,
       2824
      ]
     ]
    ]
   },
   "properties": {
    "sheet": "vancouver_1912_MAP342a_04",
    "outline_id": "vancouver_1912_MAP342a_04:block:fid8:outline90",
    "block_id": "vancouver_1912_MAP342a_04:block:fid8",
    "block_fid": 8,
    "block_number": null,
    "text_inside": [
     "FRI",
     "FRI",
     "FRI",
     "FRI",
     "FRI",
     "FRI",
     "FRI",
     "FRI"
    ],
    "numerals_inside": [],
    "words_inside": [
     "FRI",
     "FRI",
     "FRI",
     "FRI",
     "FRI",
     "FRI",
     "FRI",
     "FRI"
    ],
    "floors": null,
    "wash_rgb": [
     253,
     215,
     213
    ],
    "wash_chroma": 14.6,
    "wash_lightness_delta": -27.3,
    "hue_deg": 4,
    "material": "brick",
    "area_source_px2": 3458,
    "centroid_source_px": [
     2345,
     2867
    ]
   }
  },
  {
   "type": "Feature",
   "id": 91,
   "geometry": {
    "type": "Polygon",
    "coordinates": [
     [
      [
       1553,
       2834
      ],
      [
       1467,
       2914
      ],
      [
       1467,
       2919
      ],
      [
       1493,
       2945
      ],
      [
       1500,
       2943
      ],
      [
       1556,
       2887
      ],
      [
       1556,
       2872
      ],
      [
       1547,
       2869
      ],
      [
       1540,
       2858
      ],
      [
       1556,
       2847
      ],
      [
       1556,
       2854
      ],
      [
       1563,
       2854
      ],
      [
       1570,
       2861
      ],
      [
       1576,
       2859
      ],
      [
       1553,
       2834
      ]
     ]
    ]
   },
   "properties": {
    "sheet": "vancouver_1912_MAP342a_04",
    "outline_id": "vancouver_1912_MAP342a_04:block:fid6:outline91",
    "block_id": "vancouver_1912_MAP342a_04:block:fid6",
    "block_fid": 6,
    "block_number": null,
    "text_inside": [
     "10"
    ],
    "numerals_inside": [],
    "words_inside": [],
    "floors": null,
    "wash_rgb": [
     254,
     254,
     254
    ],
    "wash_chroma": 0.1,
    "wash_lightness_delta": -0.0,
    "hue_deg": 0,
    "material": "not a building (open lot, yard or court)",
    "area_source_px2": 4348,
    "centroid_source_px": [
     1516,
     2895
    ]
   }
  },
  {
   "type": "Feature",
   "id": 92,
   "geometry": {
    "type": "Polygon",
    "coordinates": [
     [
      [
       1344,
       2853
      ],
      [
       1196,
       2995
      ],
      [
       1204,
       3005
      ],
      [
       1214,
       3007
      ],
      [
       1211,
       3013
      ],
      [
       1238,
       3040
      ],
      [
       1249,
       3043
      ],
      [
       1249,
       3051
      ],
      [
       1255,
       3055
      ],
      [
       1402,
       2911
      ],
      [
       1344,
       2853
      ]
     ]
    ]
   },
   "properties": {
    "sheet": "vancouver_1912_MAP342a_04",
    "outline_id": "vancouver_1912_MAP342a_04:block:fid6:outline92",
    "block_id": "vancouver_1912_MAP342a_04:block:fid6",
    "block_fid": 6,
    "block_number": null,
    "text_inside": [
     "13"
    ],
    "numerals_inside": [],
    "words_inside": [],
    "floors": null,
    "wash_rgb": [
     253,
     209,
     210
    ],
    "wash_chroma": 16.8,
    "wash_lightness_delta": -31.1,
    "hue_deg": 358,
    "material": "brick",
    "area_source_px2": 17113,
    "centroid_source_px": [
     1299,
     2953
    ]
   }
  },
  {
   "type": "Feature",
   "id": 93,
   "geometry": {
    "type": "Polygon",
    "coordinates": [
     [
      [
       2853,
       2855
      ],
      [
       2847,
       2863
      ],
      [
       2826,
       2939
      ],
      [
       2827,
       2945
      ],
      [
       2838,
       2950
      ],
      [
       2822,
       2951
      ],
      [
       2823,
       2959
      ],
      [
       2795,
       3041
      ],
      [
       2799,
       3048
      ],
      [
       2835,
       3057
      ],
      [
       2847,
       3047
      ],
      [
       2866,
       2984
      ],
      [
       2863,
       2973
      ],
      [
       2870,
       2969
      ],
      [
       2875,
       2950
      ],
      [
       2869,
       2948
      ],
      [
       2872,
       2934
      ],
      [
       2881,
       2931
      ],
      [
       2898,
       2873
      ],
      [
       2894,
       2867
      ],
      [
       2853,
       2855
      ]
     ]
    ]
   },
   "properties": {
    "sheet": "vancouver_1912_MAP342a_04",
    "outline_id": "vancouver_1912_MAP342a_04:block:1:outline93",
    "block_id": "vancouver_1912_MAP342a_04:block:1",
    "block_fid": 1,
    "block_number": "1",
    "text_inside": [
     "FRI",
     "FRI",
     "FRI",
     "FRI"
    ],
    "numerals_inside": [],
    "words_inside": [
     "FRI",
     "FRI",
     "FRI",
     "FRI"
    ],
    "floors": null,
    "wash_rgb": [
     253,
     221,
     215
    ],
    "wash_chroma": 12.7,
    "wash_lightness_delta": -23.1,
    "hue_deg": 10,
    "material": "brick",
    "area_source_px2": 9756,
    "centroid_source_px": [
     2847,
     2957
    ]
   }
  },
  {
   "type": "Feature",
   "id": 94,
   "geometry": {
    "type": "Polygon",
    "coordinates": [
     [
      [
       2799,
       2857
      ],
      [
       2793,
       2859
      ],
      [
       2782,
       2900
      ],
      [
       2788,
       2910
      ],
      [
       2783,
       2926
      ],
      [
       2789,
       2930
      ],
      [
       2777,
       2926
      ],
      [
       2773,
       2930
      ],
      [
       2773,
       2945
      ],
      [
       2768,
       2948
      ],
      [
       2749,
       3014
      ],
      [
       2759,
       3022
      ],
      [
       2744,
       3028
      ],
      [
       2787,
       3044
      ],
      [
       2796,
       3029
      ],
      [
       2820,
       2949
      ],
      [
       2810,
       2941
      ],
      [
       2823,
       2939
      ],
      [
       2842,
       2874
      ],
      [
       2838,
       2868
      ],
      [
       2799,
       2857
      ]
     ]
    ]
   },
   "properties": {
    "sheet": "vancouver_1912_MAP342a_04",
    "outline_id": "vancouver_1912_MAP342a_04:block:1:outline94",
    "block_id": "vancouver_1912_MAP342a_04:block:1",
    "block_fid": 1,
    "block_number": "1",
    "text_inside": [
     "FRI",
     "FRI",
     "FRI",
     "FRI",
     "FRI",
     "FRI"
    ],
    "numerals_inside": [],
    "words_inside": [
     "FRI",
     "FRI",
     "FRI",
     "FRI",
     "FRI",
     "FRI"
    ],
    "floors": null,
    "wash_rgb": [
     253,
     217,
     213
    ],
    "wash_chroma": 14.0,
    "wash_lightness_delta": -25.9,
    "hue_deg": 6,
    "material": "brick",
    "area_source_px2": 8656,
    "centroid_source_px": [
     2794,
     2950
    ]
   }
  },
  {
   "type": "Feature",
   "id": 95,
   "geometry": {
    "type": "Polygon",
    "coordinates": [
     [
      [
       2974,
       2859
      ],
      [
       2967,
       2870
      ],
      [
       2909,
       3075
      ],
      [
       2957,
       3089
      ],
      [
       2966,
       3084
      ],
      [
       2969,
       3092
      ],
      [
       3013,
       3104
      ],
      [
       3018,
       3099
      ],
      [
       3038,
       3028
      ],
      [
       3028,
       3023
      ],
      [
       3042,
       3021
      ],
      [
       3080,
       2890
      ],
      [
       2974,
       2859
      ]
     ]
    ]
   },
   "properties": {
    "sheet": "vancouver_1912_MAP342a_04",
    "outline_id": "vancouver_1912_MAP342a_04:block:1:outline95",
    "block_id": "vancouver_1912_MAP342a_04:block:1",
    "block_fid": 1,
    "block_number": "1",
    "text_inside": [
     "11",
     "FRI",
     "FRI",
     "FRI",
     "FRI",
     "FRI",
     "FRI"
    ],
    "numerals_inside": [
     "11"
    ],
    "words_inside": [
     "FRI",
     "FRI",
     "FRI",
     "FRI",
     "FRI",
     "FRI"
    ],
    "floors": null,
    "wash_rgb": [
     254,
     254,
     254
    ],
    "wash_chroma": 0.0,
    "wash_lightness_delta": -0.0,
    "hue_deg": 0,
    "material": "not a building (open lot, yard or court)",
    "area_source_px2": 25276,
    "centroid_source_px": [
     2995,
     2980
    ]
   }
  },
  {
   "type": "Feature",
   "id": 96,
   "geometry": {
    "type": "Polygon",
    "coordinates": [
     [
      [
       2905,
       2870
      ],
      [
       2885,
       2929
      ],
      [
       2894,
       2945
      ],
      [
       2877,
       2955
      ],
      [
       2872,
       2972
      ],
      [
       2876,
       2980
      ],
      [
       2889,
       2988
      ],
      [
       2870,
       2983
      ],
      [
       2847,
       3060
      ],
      [
       2865,
       3066
      ],
      [
       2873,
       3065
      ],
      [
       2875,
       3060
      ],
      [
       2877,
       3067
      ],
      [
       2898,
       3073
      ],
      [
       2906,
       3070
      ],
      [
       2917,
       3039
      ],
      [
       2917,
       3020
      ],
      [
       2923,
       3017
      ],
      [
       2960,
       2890
      ],
      [
       2957,
       2884
      ],
      [
       2934,
       2878
      ],
      [
       2928,
       2881
      ],
      [
       2921,
       2874
      ],
      [
       2905,
       2870
      ]
     ]
    ]
   },
   "properties": {
    "sheet": "vancouver_1912_MAP342a_04",
    "outline_id": "vancouver_1912_MAP342a_04:block:1:outline96",
    "block_id": "vancouver_1912_MAP342a_04:block:1",
    "block_fid": 1,
    "block_number": "1",
    "text_inside": [
     "5",
     "FRI",
     "FRI"
    ],
    "numerals_inside": [],
    "words_inside": [
     "FRI",
     "FRI"
    ],
    "floors": null,
    "wash_rgb": [
     253,
     222,
     214
    ],
    "wash_chroma": 13.1,
    "wash_lightness_delta": -22.9,
    "hue_deg": 12,
    "material": "brick",
    "area_source_px2": 11599,
    "centroid_source_px": [
     2904,
     2973
    ]
   }
  },
  {
   "type": "Feature",
   "id": 97,
   "geometry": {
    "type": "Polygon",
    "coordinates": [
     [
      [
       4058,
       2873
      ],
      [
       4049,
       2902
      ],
      [
       4149,
       2967
      ],
      [
       4168,
       2902
      ],
      [
       4125,
       2889
      ],
      [
       4116,
       2895
      ],
      [
       4109,
       2884
      ],
      [
       4058,
       2873
      ]
     ]
    ]
   },
   "properties": {
    "sheet": "vancouver_1912_MAP342a_04",
    "outline_id": "vancouver_1912_MAP342a_04:block:1:outline97",
    "block_id": "vancouver_1912_MAP342a_04:block:1",
    "block_fid": 1,
    "block_number": "1",
    "text_inside": [],
    "numerals_inside": [],
    "words_inside": [],
    "floors": null,
    "wash_rgb": [
     255,
     255,
     255
    ],
    "wash_chroma": 0.0,
    "wash_lightness_delta": 0.0,
    "hue_deg": 0,
    "material": "not a building (open lot, yard or court)",
    "area_source_px2": 5654,
    "centroid_source_px": [
     4112,
     2914
    ]
   }
  },
  {
   "type": "Feature",
   "id": 98,
   "geometry": {
    "type": "Polygon",
    "coordinates": [
     [
      [
       1730,
       2888
      ],
      [
       1721,
       2890
      ],
      [
       1663,
       2947
      ],
      [
       1660,
       2959
      ],
      [
       1648,
       2968
      ],
      [
       1657,
       2982
      ],
      [
       1653,
       2987
      ],
      [
       1647,
       2987
      ],
      [
       1651,
       2976
      ],
      [
       1640,
       2970
      ],
      [
       1581,
       3026
      ],
      [
       1580,
       3032
      ],
      [
       1609,
       3061
      ],
      [
       1615,
       3060
      ],
      [
       1674,
       3003
      ],
      [
       1671,
       2994
      ],
      [
       1679,
       2998
      ],
      [
       1759,
       2920
      ],
      [
       1753,
       2912
      ],
      [
       1740,
       2913
      ],
      [
       1729,
       2904
      ],
      [
       1736,
       2898
      ],
      [
       1730,
       2888
      ]
     ]
    ]
   },
   "properties": {
    "sheet": "vancouver_1912_MAP342a_04",
    "outline_id": "vancouver_1912_MAP342a_04:block:12:outline98",
    "block_id": "vancouver_1912_MAP342a_04:block:12",
    "block_fid": 9,
    "block_number": "12",
    "text_inside": [],
    "numerals_inside": [],
    "words_inside": [],
    "floors": null,
    "wash_rgb": [
     253,
     214,
     211
    ],
    "wash_chroma": 15.1,
    "wash_lightness_delta": -28.0,
    "hue_deg": 4,
    "material": "brick",
    "area_source_px2": 9392,
    "centroid_source_px": [
     1668,
     2976
    ]
   }
  },
  {
   "type": "Feature",
   "id": 99,
   "geometry": {
    "type": "Polygon",
    "coordinates": [
     [
      [
       3239,
       2899
      ],
      [
       3237,
       2912
      ],
      [
       3361,
       2949
      ],
      [
       3677,
       3032
      ],
      [
       3803,
       3055
      ],
      [
       3822,
       3054
      ],
      [
       3816,
       3049
      ],
      [
       3766,
       3037
      ],
      [
       3766,
       3026
      ],
      [
       3665,
       2999
      ],
      [
       3654,
       3007
      ],
      [
       3243,
       2896
      ],
      [
       3239,
       2899
      ]
     ]
    ]
   },
   "properties": {
    "sheet": "vancouver_1912_MAP342a_04",
    "outline_id": "vancouver_1912_MAP342a_04:block:1:outline99",
    "block_id": "vancouver_1912_MAP342a_04:block:1",
    "block_fid": 1,
    "block_number": "1",
    "text_inside": [],
    "numerals_inside": [],
    "words_inside": [],
    "floors": null,
    "wash_rgb": [
     254,
     254,
     254
    ],
    "wash_chroma": 0.2,
    "wash_lightness_delta": -0.2,
    "hue_deg": 0,
    "material": "not a building (open lot, yard or court)",
    "area_source_px2": 11674,
    "centroid_source_px": [
     3531,
     2981
    ]
   }
  },
  {
   "type": "Feature",
   "id": 100,
   "geometry": {
    "type": "Polygon",
    "coordinates": [
     [
      [
       3113,
       2900
      ],
      [
       3094,
       2968
      ],
      [
       3171,
       2988
      ],
      [
       3192,
       2920
      ],
      [
       3113,
       2900
      ]
     ]
    ]
   },
   "properties": {
    "sheet": "vancouver_1912_MAP342a_04",
    "outline_id": "vancouver_1912_MAP342a_04:block:1:outline100",
    "block_id": "vancouver_1912_MAP342a_04:block:1",
    "block_fid": 1,
    "block_number": "1",
    "text_inside": [],
    "numerals_inside": [],
    "words_inside": [],
    "floors": null,
    "wash_rgb": [
     253,
     235,
     120
    ],
    "wash_chroma": 58.1,
    "wash_lightness_delta": -18.5,
    "hue_deg": 52,
    "material": "frame (wood)",
    "area_source_px2": 5704,
    "centroid_source_px": [
     3143,
     2944
    ]
   }
  },
  {
   "type": "Feature",
   "id": 101,
   "geometry": {
    "type": "Polygon",
    "coordinates": [
     [
      [
       4172,
       2904
      ],
      [
       4152,
       2971
      ],
      [
       4249,
       3032
      ],
      [
       4260,
       2996
      ],
      [
       4230,
       2978
      ],
      [
       4244,
       2951
      ],
      [
       4268,
       2961
      ],
      [
       4273,
       2948
      ],
      [
       4187,
       2906
      ],
      [
       4172,
       2904
      ]
     ]
    ]
   },
   "properties": {
    "sheet": "vancouver_1912_MAP342a_04",
    "outline_id": "vancouver_1912_MAP342a_04:block:1:outline101",
    "block_id": "vancouver_1912_MAP342a_04:block:1",
    "block_fid": 1,
    "block_number": "1",
    "text_inside": [],
    "numerals_inside": [],
    "words_inside": [],
    "floors": null,
    "wash_rgb": [
     254,
     254,
     254
    ],
    "wash_chroma": 0.0,
    "wash_lightness_delta": -0.0,
    "hue_deg": 0,
    "material": "not a building (open lot, yard or court)",
    "area_source_px2": 7862,
    "centroid_source_px": [
     4207,
     2963
    ]
   }
  },
  {
   "type": "Feature",
   "id": 102,
   "geometry": {
    "type": "Polygon",
    "coordinates": [
     [
      [
       1406,
       2914
      ],
      [
       1357,
       2962
      ],
      [
       1370,
       2966
      ],
      [
       1379,
       2957
      ],
      [
       1388,
       2963
      ],
      [
       1394,
       2975
      ],
      [
       1402,
       2977
      ],
      [
       1396,
       2985
      ],
      [
       1407,
       3002
      ],
      [
       1413,
       3003
      ],
      [
       1416,
       2996
      ],
      [
       1426,
       3013
      ],
      [
       1466,
       2974
      ],
      [
       1406,
       2914
      ]
     ]
    ]
   },
   "properties": {
    "sheet": "vancouver_1912_MAP342a_04",
    "outline_id": "vancouver_1912_MAP342a_04:block:fid6:outline102",
    "block_id": "vancouver_1912_MAP342a_04:block:fid6",
    "block_fid": 6,
    "block_number": null,
    "text_inside": [],
    "numerals_inside": [],
    "words_inside": [],
    "floors": null,
    "wash_rgb": [
     253,
     204,
     207
    ],
    "wash_chroma": 18.9,
    "wash_lightness_delta": -34.3,
    "hue_deg": 356,
    "material": "brick",
    "area_source_px2": 4686,
    "centroid_source_px": [
     1416,
     2963
    ]
   }
  },
  {
   "type": "Feature",
   "id": 103,
   "geometry": {
    "type": "Polygon",
    "coordinates": [
     [
      [
       1765,
       2924
      ],
      [
       1759,
       2924
      ],
      [
       1681,
       3001
      ],
      [
       1707,
       3030
      ],
      [
       1712,
       3030
      ],
      [
       1791,
       2953
      ],
      [
       1782,
       2941
      ],
      [
       1773,
       2942
      ],
      [
       1774,
       2933
      ],
      [
       1765,
       2924
      ]
     ]
    ]
   },
   "properties": {
    "sheet": "vancouver_1912_MAP342a_04",
    "outline_id": "vancouver_1912_MAP342a_04:block:12:outline103",
    "block_id": "vancouver_1912_MAP342a_04:block:12",
    "block_fid": 9,
    "block_number": "12",
    "text_inside": [
     "St."
    ],
    "numerals_inside": [],
    "words_inside": [
     "St."
    ],
    "floors": null,
    "wash_rgb": [
     253,
     219,
     212
    ],
    "wash_chroma": 13.5,
    "wash_lightness_delta": -24.8,
    "hue_deg": 10,
    "material": "brick",
    "area_source_px2": 4847,
    "centroid_source_px": [
     1738,
     2974
    ]
   }
  },
  {
   "type": "Feature",
   "id": 104,
   "geometry": {
    "type": "Polygon",
    "coordinates": [
     [
      [
       3235,
       2931
      ],
      [
       3225,
       2943
      ],
      [
       3205,
       3009
      ],
      [
       3208,
       3014
      ],
      [
       3226,
       3014
      ],
      [
       3202,
       3018
      ],
      [
       3190,
       3062
      ],
      [
       3258,
       3082
      ],
      [
       3277,
       3021
      ],
      [
       3267,
       3015
      ],
      [
       3281,
       3013
      ],
      [
       3300,
       2950
      ],
      [
       3277,
       2942
      ],
      [
       3259,
       2950
      ],
      [
       3248,
       2946
      ],
      [
       3248,
       2935
      ],
      [
       3235,
       2931
      ]
     ]
    ]
   },
   "properties": {
    "sheet": "vancouver_1912_MAP342a_04",
    "outline_id": "vancouver_1912_MAP342a_04:block:1:outline104",
    "block_id": "vancouver_1912_MAP342a_04:block:1",
    "block_fid": 1,
    "block_number": "1",
    "text_inside": [
     "B"
    ],
    "numerals_inside": [],
    "words_inside": [],
    "floors": null,
    "wash_rgb": [
     253,
     232,
     116
    ],
    "wash_chroma": 58.6,
    "wash_lightness_delta": -20.6,
    "hue_deg": 50,
    "material": "frame (wood)",
    "area_source_px2": 9728,
    "centroid_source_px": [
     3245,
     3006
    ]
   }
  },
  {
   "type": "Feature",
   "id": 105,
   "geometry": {
    "type": "Polygon",
    "coordinates": [
     [
      [
       2076,
       2945
      ],
      [
       2048,
       3040
      ],
      [
       2078,
       3069
      ],
      [
       2116,
       2956
      ],
      [
       2102,
       2951
      ],
      [
       2092,
       2955
      ],
      [
       2090,
       2948
      ],
      [
       2076,
       2945
      ]
     ]
    ]
   },
   "properties": {
    "sheet": "vancouver_1912_MAP342a_04",
    "outline_id": "vancouver_1912_MAP342a_04:block:10:outline105",
    "block_id": "vancouver_1912_MAP342a_04:block:10",
    "block_fid": 10,
    "block_number": "10",
    "text_inside": [],
    "numerals_inside": [],
    "words_inside": [],
    "floors": null,
    "wash_rgb": [
     253,
     214,
     214
    ],
    "wash_chroma": 14.7,
    "wash_lightness_delta": -27.5,
    "hue_deg": 0,
    "material": "brick",
    "area_source_px2": 4287,
    "centroid_source_px": [
     2081,
     3000
    ]
   }
  },
  {
   "type": "Feature",
   "id": 106,
   "geometry": {
    "type": "Polygon",
    "coordinates": [
     [
      [
       4279,
       2950
      ],
      [
       4274,
       2963
      ],
      [
       4285,
       2972
      ],
      [
       4272,
       2999
      ],
      [
       4262,
       3001
      ],
      [
       4252,
       3036
      ],
      [
       4259,
       3037
      ],
      [
       4267,
       3047
      ],
      [
       4302,
       3069
      ],
      [
       4309,
       3064
      ],
      [
       4307,
       3056
      ],
      [
       4316,
       3052
      ],
      [
       4320,
       3059
      ],
      [
       4314,
       3064
      ],
      [
       4312,
       3075
      ],
      [
       4351,
       3101
      ],
      [
       4354,
       3096
      ],
      [
       4347,
       3086
      ],
      [
       4355,
       3068
      ],
      [
       4363,
       3069
      ],
      [
       4366,
       3058
      ],
      [
       4295,
       3021
      ],
      [
       4313,
       2982
      ],
      [
       4375,
       3012
      ],
      [
       4382,
       2999
      ],
      [
       4279,
       2950
      ]
     ]
    ]
   },
   "properties": {
    "sheet": "vancouver_1912_MAP342a_04",
    "outline_id": "vancouver_1912_MAP342a_04:block:1:outline106",
    "block_id": "vancouver_1912_MAP342a_04:block:1",
    "block_fid": 1,
    "block_number": "1",
    "text_inside": [
     "2"
    ],
    "numerals_inside": [
     "2"
    ],
    "words_inside": [],
    "floors": null,
    "wash_rgb": [
     254,
     254,
     254
    ],
    "wash_chroma": 0.0,
    "wash_lightness_delta": -0.0,
    "hue_deg": 0,
    "material": "not a building (open lot, yard or court)",
    "area_source_px2": 7177,
    "centroid_source_px": [
     4308,
     3024
    ]
   }
  },
  {
   "type": "Feature",
   "id": 107,
   "geometry": {
    "type": "Polygon",
    "coordinates": [
     [
      [
       3310,
       2951
      ],
      [
       3302,
       2953
      ],
      [
       3240,
       3156
      ],
      [
       3243,
       3166
      ],
      [
       3276,
       3175
      ],
      [
       3287,
       3168
      ],
      [
       3294,
       3171
      ],
      [
       3300,
       3164
      ],
      [
       3326,
       3078
      ],
      [
       3325,
       3073
      ],
      [
       3316,
       3070
      ],
      [
       3322,
       3052
      ],
      [
       3327,
       3058
      ],
      [
       3332,
       3057
      ],
      [
       3359,
       2969
      ],
      [
       3356,
       2964
      ],
      [
       3310,
       2951
      ]
     ]
    ]
   },
   "properties": {
    "sheet": "vancouver_1912_MAP342a_04",
    "outline_id": "vancouver_1912_MAP342a_04:block:1:outline107",
    "block_id": "vancouver_1912_MAP342a_04:block:1",
    "block_fid": 1,
    "block_number": "1",
    "text_inside": [],
    "numerals_inside": [],
    "words_inside": [],
    "floors": null,
    "wash_rgb": [
     253,
     209,
     209
    ],
    "wash_chroma": 17.0,
    "wash_lightness_delta": -31.2,
    "hue_deg": 0,
    "material": "brick",
    "area_source_px2": 12954,
    "centroid_source_px": [
     3298,
     3065
    ]
   }
  },
  {
   "type": "Feature",
   "id": 108,
   "geometry": {
    "type": "Polygon",
    "coordinates": [
     [
      [
       1798,
       2957
      ],
      [
       1792,
       2956
      ],
      [
       1712,
       3033
      ],
      [
       1739,
       3063
      ],
      [
       1824,
       2985
      ],
      [
       1813,
       2973
      ],
      [
       1803,
       2973
      ],
      [
       1807,
       2966
      ],
      [
       1798,
       2957
      ]
     ]
    ]
   },
   "properties": {
    "sheet": "vancouver_1912_MAP342a_04",
    "outline_id": "vancouver_1912_MAP342a_04:block:12:outline108",
    "block_id": "vancouver_1912_MAP342a_04:block:12",
    "block_fid": 9,
    "block_number": "12",
    "text_inside": [
     "St.",
     "St.",
     "St."
    ],
    "numerals_inside": [],
    "words_inside": [
     "St.",
     "St.",
     "St."
    ],
    "floors": null,
    "wash_rgb": [
     253,
     218,
     212
    ],
    "wash_chroma": 13.8,
    "wash_lightness_delta": -25.4,
    "hue_deg": 8,
    "material": "brick",
    "area_source_px2": 4762,
    "centroid_source_px": [
     1770,
     3007
    ]
   }
  },
  {
   "type": "Feature",
   "id": 109,
   "geometry": {
    "type": "Polygon",
    "coordinates": [
     [
      [
       2124,
       2957
      ],
      [
       2118,
       2959
      ],
      [
       2082,
       3069
      ],
      [
       2090,
       3083
      ],
      [
       2112,
       3103
      ],
      [
       2118,
       3100
      ],
      [
       2160,
       2971
      ],
      [
       2142,
       2963
      ],
      [
       2135,
       2967
      ],
      [
       2134,
       2960
      ],
      [
       2124,
       2957
      ]
     ]
    ]
   },
   "properties": {
    "sheet": "vancouver_1912_MAP342a_04",
    "outline_id": "vancouver_1912_MAP342a_04:block:10:outline109",
    "block_id": "vancouver_1912_MAP342a_04:block:10",
    "block_fid": 10,
    "block_number": "10",
    "text_inside": [
     "4"
    ],
    "numerals_inside": [],
    "words_inside": [],
    "floors": null,
    "wash_rgb": [
     253,
     214,
     213
    ],
    "wash_chroma": 15.0,
    "wash_lightness_delta": -28.0,
    "hue_deg": 2,
    "material": "brick",
    "area_source_px2": 5792,
    "centroid_source_px": [
     2120,
     3026
    ]
   }
  },
  {
   "type": "Feature",
   "id": 110,
   "geometry": {
    "type": "Polygon",
    "coordinates": [
     [
      [
       3064,
       2962
      ],
      [
       3019,
       3102
      ],
      [
       3022,
       3107
      ],
      [
       3059,
       3116
      ],
      [
       3064,
       3114
      ],
      [
       3106,
       2979
      ],
      [
       3103,
       2973
      ],
      [
       3064,
       2962
      ]
     ]
    ]
   },
   "properties": {
    "sheet": "vancouver_1912_MAP342a_04",
    "outline_id": "vancouver_1912_MAP342a_04:block:1:outline110",
    "block_id": "vancouver_1912_MAP342a_04:block:1",
    "block_fid": 1,
    "block_number": "1",
    "text_inside": [
     "FRI",
     "FRI"
    ],
    "numerals_inside": [],
    "words_inside": [
     "FRI",
     "FRI"
    ],
    "floors": null,
    "wash_rgb": [
     253,
     212,
     212
    ],
    "wash_chroma": 15.7,
    "wash_lightness_delta": -28.9,
    "hue_deg": 0,
    "material": "brick",
    "area_source_px2": 6866,
    "centroid_source_px": [
     3063,
     3040
    ]
   }
  },
  {
   "type": "Feature",
   "id": 111,
   "geometry": {
    "type": "Polygon",
    "coordinates": [
     [
      [
       3367,
       2966
      ],
      [
       3359,
       2977
      ],
      [
       3337,
       3048
      ],
      [
       3355,
       3065
      ],
      [
       3345,
       3061
      ],
      [
       3341,
       3074
      ],
      [
       3329,
       3075
      ],
      [
       3302,
       3163
      ],
      [
       3306,
       3174
      ],
      [
       3298,
       3176
      ],
      [
       3302,
       3182
      ],
      [
       3351,
       3195
      ],
      [
       3357,
       3191
      ],
      [
       3418,
       2984
      ],
      [
       3414,
       2978
      ],
      [
       3367,
       2966
      ]
     ]
    ]
   },
   "properties": {
    "sheet": "vancouver_1912_MAP342a_04",
    "outline_id": "vancouver_1912_MAP342a_04:block:1:outline111",
    "block_id": "vancouver_1912_MAP342a_04:block:1",
    "block_fid": 1,
    "block_number": "1",
    "text_inside": [
     "WATER"
    ],
    "numerals_inside": [],
    "words_inside": [
     "WATER"
    ],
    "floors": null,
    "wash_rgb": [
     253,
     211,
     211
    ],
    "wash_chroma": 16.1,
    "wash_lightness_delta": -29.8,
    "hue_deg": 0,
    "material": "brick",
    "area_source_px2": 13077,
    "centroid_source_px": [
     3359,
     3082
    ]
   }
  },
  {
   "type": "Feature",
   "id": 112,
   "geometry": {
    "type": "Polygon",
    "coordinates": [
     [
      [
       2168,
       2969
      ],
      [
       2161,
       2973
      ],
      [
       2121,
       3101
      ],
      [
       2125,
       3117
      ],
      [
       2152,
       3143
      ],
      [
       2158,
       3139
      ],
      [
       2156,
       3132
      ],
      [
       2201,
       2984
      ],
      [
       2196,
       2977
      ],
      [
       2178,
       2978
      ],
      [
       2168,
       2969
      ]
     ]
    ]
   },
   "properties": {
    "sheet": "vancouver_1912_MAP342a_04",
    "outline_id": "vancouver_1912_MAP342a_04:block:10:outline112",
    "block_id": "vancouver_1912_MAP342a_04:block:10",
    "block_fid": 10,
    "block_number": "10",
    "text_inside": [
     "5"
    ],
    "numerals_inside": [],
    "words_inside": [],
    "floors": null,
    "wash_rgb": [
     253,
     214,
     213
    ],
    "wash_chroma": 14.9,
    "wash_lightness_delta": -27.8,
    "hue_deg": 2,
    "material": "brick",
    "area_source_px2": 6622,
    "centroid_source_px": [
     2159,
     3052
    ]
   }
  },
  {
   "type": "Feature",
   "id": 113,
   "geometry": {
    "type": "Polygon",
    "coordinates": [
     [
      [
       3112,
       2976
      ],
      [
       3105,
       2992
      ],
      [
       3120,
       2996
      ],
      [
       3123,
       3003
      ],
      [
       3117,
       3007
      ],
      [
       3117,
       3017
      ],
      [
       3104,
       3012
      ],
      [
       3096,
       3016
      ],
      [
       3094,
       3027
      ],
      [
       3107,
       3031
      ],
      [
       3091,
       3034
      ],
      [
       3071,
       3105
      ],
      [
       3088,
       3110
      ],
      [
       3083,
       3117
      ],
      [
       3085,
       3122
      ],
      [
       3126,
       3134
      ],
      [
       3170,
       2993
      ],
      [
       3143,
       2984
      ],
      [
       3138,
       2987
      ],
      [
       3130,
       2980
      ],
      [
       3112,
       2976
      ]
     ]
    ]
   },
   "properties": {
    "sheet": "vancouver_1912_MAP342a_04",
    "outline_id": "vancouver_1912_MAP342a_04:block:1:outline113",
    "block_id": "vancouver_1912_MAP342a_04:block:1",
    "block_fid": 1,
    "block_number": "1",
    "text_inside": [
     "FRI",
     "FRI",
     "FRI",
     "FRI"
    ],
    "numerals_inside": [],
    "words_inside": [
     "FRI",
     "FRI",
     "FRI",
     "FRI"
    ],
    "floors": null,
    "wash_rgb": [
     253,
     212,
     212
    ],
    "wash_chroma": 15.8,
    "wash_lightness_delta": -29.3,
    "hue_deg": 0,
    "material": "brick",
    "area_source_px2": 8566,
    "centroid_source_px": [
     3120,
     3058
    ]
   }
  },
  {
   "type": "Feature",
   "id": 114,
   "geometry": {
    "type": "Polygon",
    "coordinates": [
     [
      [
       2209,
       2981
      ],
      [
       2198,
       3005
      ],
      [
       2156,
       3148
      ],
      [
       2175,
       3161
      ],
      [
       2274,
       3186
      ],
      [
       2281,
       3166
      ],
      [
       2260,
       3145
      ],
      [
       2272,
       3147
      ],
      [
       2289,
       3131
      ],
      [
       2285,
       3120
      ],
      [
       2295,
       3121
      ],
      [
       2326,
       3015
      ],
      [
       2311,
       3010
      ],
      [
       2304,
       3013
      ],
      [
       2297,
       3006
      ],
      [
       2275,
       3000
      ],
      [
       2271,
       3005
      ],
      [
       2259,
       2995
      ],
      [
       2238,
       2989
      ],
      [
       2223,
       2993
      ],
      [
       2221,
       2985
      ],
      [
       2209,
       2981
      ]
     ]
    ]
   },
   "properties": {
    "sheet": "vancouver_1912_MAP342a_04",
    "outline_id": "vancouver_1912_MAP342a_04:block:10:outline114",
    "block_id": "vancouver_1912_MAP342a_04:block:10",
    "block_fid": 10,
    "block_number": "10",
    "text_inside": [
     "6",
     "7",
     "8"
    ],
    "numerals_inside": [
     "7",
     "8"
    ],
    "words_inside": [],
    "floors": null,
    "wash_rgb": [
     253,
     216,
     215
    ],
    "wash_chroma": 14.2,
    "wash_lightness_delta": -26.6,
    "hue_deg": 2,
    "material": "brick",
    "area_source_px2": 21987,
    "centroid_source_px": [
     2239,
     3084
    ]
   }
  },
  {
   "type": "Feature",
   "id": 115,
   "geometry": {
    "type": "Polygon",
    "coordinates": [
     [
      [
       3423,
       2981
      ],
      [
       3393,
       3080
      ],
      [
       3440,
       3091
      ],
      [
       3444,
       3084
      ],
      [
       3449,
       3087
      ],
      [
       3453,
       3083
      ],
      [
       3478,
       2997
      ],
      [
       3423,
       2981
      ]
     ]
    ]
   },
   "properties": {
    "sheet": "vancouver_1912_MAP342a_04",
    "outline_id": "vancouver_1912_MAP342a_04:block:1:outline115",
    "block_id": "vancouver_1912_MAP342a_04:block:1",
    "block_fid": 1,
    "block_number": "1",
    "text_inside": [],
    "numerals_inside": [],
    "words_inside": [],
    "floors": null,
    "wash_rgb": [
     254,
     254,
     254
    ],
    "wash_chroma": 0.4,
    "wash_lightness_delta": -0.4,
    "hue_deg": 0,
    "material": "not a building (open lot, yard or court)",
    "area_source_px2": 5826,
    "centroid_source_px": [
     3435,
     3037
    ]
   }
  },
  {
   "type": "Feature",
   "id": 116,
   "geometry": {
    "type": "Polygon",
    "coordinates": [
     [
      [
       4313,
       2990
      ],
      [
       4300,
       3018
      ],
      [
       4305,
       3025
      ],
      [
       4515,
       3124
      ],
      [
       4520,
       3120
      ],
      [
       4534,
       3093
      ],
      [
       4530,
       3088
      ],
      [
       4483,
       3069
      ],
      [
       4318,
       2987
      ],
      [
       4313,
       2990
      ]
     ]
    ]
   },
   "properties": {
    "sheet": "vancouver_1912_MAP342a_04",
    "outline_id": "vancouver_1912_MAP342a_04:block:1:outline116",
    "block_id": "vancouver_1912_MAP342a_04:block:1",
    "block_fid": 1,
    "block_number": "1",
    "text_inside": [
     "Ice House."
    ],
    "numerals_inside": [],
    "words_inside": [
     "Ice House."
    ],
    "floors": null,
    "wash_rgb": [
     253,
     240,
     124
    ],
    "wash_chroma": 57.9,
    "wash_lightness_delta": -15.0,
    "hue_deg": 54,
    "material": "frame (wood)",
    "area_source_px2": 9188,
    "centroid_source_px": [
     4417,
     3057
    ]
   }
  },
  {
   "type": "Feature",
   "id": 117,
   "geometry": {
    "type": "Polygon",
    "coordinates": [
     [
      [
       1830,
       2989
      ],
      [
       1817,
       2995
      ],
      [
       1745,
       3065
      ],
      [
       1767,
       3091
      ],
      [
       1772,
       3093
      ],
      [
       1853,
       3017
      ],
      [
       1848,
       3007
      ],
      [
       1836,
       3005
      ],
      [
       1839,
       2999
      ],
      [
       1830,
       2989
      ]
     ]
    ]
   },
   "properties": {
    "sheet": "vancouver_1912_MAP342a_04",
    "outline_id": "vancouver_1912_MAP342a_04:block:12:outline117",
    "block_id": "vancouver_1912_MAP342a_04:block:12",
    "block_fid": 9,
    "block_number": "12",
    "text_inside": [
     "St.",
     "St.",
     "St."
    ],
    "numerals_inside": [],
    "words_inside": [
     "St.",
     "St.",
     "St."
    ],
    "floors": null,
    "wash_rgb": [
     253,
     217,
     214
    ],
    "wash_chroma": 13.8,
    "wash_lightness_delta": -25.8,
    "hue_deg": 4,
    "material": "brick",
    "area_source_px2": 4503,
    "centroid_source_px": [
     1801,
     3039
    ]
   }
  },
  {
   "type": "Feature",
   "id": 118,
   "geometry": {
    "type": "Polygon",
    "coordinates": [
     [
      [
       3484,
       2997
      ],
      [
       3455,
       3083
      ],
      [
       3468,
       3093
      ],
      [
       3461,
       3107
      ],
      [
       3447,
       3110
      ],
      [
       3417,
       3208
      ],
      [
       3421,
       3215
      ],
      [
       3462,
       3226
      ],
      [
       3475,
       3202
      ],
      [
       3481,
       3178
      ],
      [
       3475,
       3167
      ],
      [
       3483,
       3167
      ],
      [
       3497,
       3123
      ],
      [
       3493,
       3115
      ],
      [
       3524,
       3013
      ],
      [
       3519,
       3006
      ],
      [
       3484,
       2997
      ]
     ]
    ]
   },
   "properties": {
    "sheet": "vancouver_1912_MAP342a_04",
    "outline_id": "vancouver_1912_MAP342a_04:block:1:outline118",
    "block_id": "vancouver_1912_MAP342a_04:block:1",
    "block_fid": 1,
    "block_number": "1",
    "text_inside": [
     "FRI"
    ],
    "numerals_inside": [],
    "words_inside": [
     "FRI"
    ],
    "floors": null,
    "wash_rgb": [
     253,
     232,
     114
    ],
    "wash_chroma": 59.5,
    "wash_lightness_delta": -20.5,
    "hue_deg": 50,
    "material": "frame (wood)",
    "area_source_px2": 10542,
    "centroid_source_px": [
     3472,
     3114
    ]
   }
  },
  {
   "type": "Feature",
   "id": 119,
   "geometry": {
    "type": "Polygon",
    "coordinates": [
     [
      [
       1678,
       3005
      ],
      [
       1614,
       3064
      ],
      [
       1642,
       3094
      ],
      [
       1706,
       3035
      ],
      [
       1678,
       3005
      ]
     ]
    ]
   },
   "properties": {
    "sheet": "vancouver_1912_MAP342a_04",
    "outline_id": "vancouver_1912_MAP342a_04:block:12:outline119",
    "block_id": "vancouver_1912_MAP342a_04:block:12",
    "block_fid": 9,
    "block_number": "12",
    "text_inside": [],
    "numerals_inside": [],
    "words_inside": [],
    "floors": null,
    "wash_rgb": [
     254,
     254,
     254
    ],
    "wash_chroma": 0.2,
    "wash_lightness_delta": -0.2,
    "hue_deg": 0,
    "material": "not a building (open lot, yard or court)",
    "area_source_px2": 3572,
    "centroid_source_px": [
     1660,
     3050
    ]
   }
  },
  {
   "type": "Feature",
   "id": 120,
   "geometry": {
    "type": "Polygon",
    "coordinates": [
     [
      [
       3536,
       3011
      ],
      [
       3486,
       3169
      ],
      [
       3495,
       3181
      ],
      [
       3486,
       3177
      ],
      [
       3482,
       3180
      ],
      [
       3469,
       3227
      ],
      [
       3504,
       3238
      ],
      [
       3524,
       3227
      ],
      [
       3532,
       3236
      ],
      [
       3525,
       3243
      ],
      [
       3575,
       3257
      ],
      [
       3581,
       3249
      ],
      [
       3605,
       3168
      ],
      [
       3599,
       3151
      ],
      [
       3601,
       3140
      ],
      [
       3614,
       3135
      ],
      [
       3641,
       3041
      ],
      [
       3592,
       3025
      ],
      [
       3584,
       3035
      ],
      [
       3583,
       3024
      ],
      [
       3536,
       3011
      ]
     ]
    ]
   },
   "properties": {
    "sheet": "vancouver_1912_MAP342a_04",
    "outline_id": "vancouver_1912_MAP342a_04:block:1:outline120",
    "block_id": "vancouver_1912_MAP342a_04:block:1",
    "block_fid": 1,
    "block_number": "1",
    "text_inside": [
     "Co Limited",
     "Pierce",
     "168",
     "70",
     "O"
    ],
    "numerals_inside": [],
    "words_inside": [
     "Co Limited",
     "Pierce"
    ],
    "floors": null,
    "wash_rgb": [
     253,
     211,
     210
    ],
    "wash_chroma": 16.2,
    "wash_lightness_delta": -30.0,
    "hue_deg": 2,
    "material": "brick",
    "area_source_px2": 24878,
    "centroid_source_px": [
     3554,
     3134
    ]
   }
  },
  {
   "type": "Feature",
   "id": 121,
   "geometry": {
    "type": "Polygon",
    "coordinates": [
     [
      [
       1304,
       3013
      ],
      [
       1259,
       3060
      ],
      [
       1267,
       3070
      ],
      [
       1278,
       3072
      ],
      [
       1275,
       3077
      ],
      [
       1295,
       3097
      ],
      [
       1311,
       3096
      ],
      [
       1326,
       3110
      ],
      [
       1364,
       3072
      ],
      [
       1332,
       3036
      ],
      [
       1304,
       3013
      ]
     ]
    ]
   },
   "properties": {
    "sheet": "vancouver_1912_MAP342a_04",
    "outline_id": "vancouver_1912_MAP342a_04:block:fid6:outline121",
    "block_id": "vancouver_1912_MAP342a_04:block:fid6",
    "block_fid": 6,
    "block_number": null,
    "text_inside": [],
    "numerals_inside": [],
    "words_inside": [],
    "floors": null,
    "wash_rgb": [
     253,
     210,
     211
    ],
    "wash_chroma": 16.3,
    "wash_lightness_delta": -30.3,
    "hue_deg": 358,
    "material": "brick",
    "area_source_px2": 5308,
    "centroid_source_px": [
     1312,
     3063
    ]
   }
  },
  {
   "type": "Feature",
   "id": 122,
   "geometry": {
    "type": "Polygon",
    "coordinates": [
     [
      [
       2333,
       3016
      ],
      [
       2301,
       3111
      ],
      [
       2298,
       3128
      ],
      [
       2302,
       3134
      ],
      [
       2292,
       3144
      ],
      [
       2281,
       3186
      ],
      [
       2358,
       3208
      ],
      [
       2411,
       3040
      ],
      [
       2403,
       3036
      ],
      [
       2392,
       3039
      ],
      [
       2390,
       3033
      ],
      [
       2367,
       3025
      ],
      [
       2348,
       3026
      ],
      [
       2333,
       3016
      ]
     ]
    ]
   },
   "properties": {
    "sheet": "vancouver_1912_MAP342a_04",
    "outline_id": "vancouver_1912_MAP342a_04:block:10:outline122",
    "block_id": "vancouver_1912_MAP342a_04:block:10",
    "block_fid": 10,
    "block_number": "10",
    "text_inside": [
     "FRI",
     "FRI",
     "2",
     "9",
     "10",
     "10"
    ],
    "numerals_inside": [
     "9",
     "10",
     "10"
    ],
    "words_inside": [
     "FRI",
     "FRI"
    ],
    "floors": null,
    "wash_rgb": [
     253,
     214,
     215
    ],
    "wash_chroma": 14.7,
    "wash_lightness_delta": -27.5,
    "hue_deg": 358,
    "material": "brick",
    "area_source_px2": 14414,
    "centroid_source_px": [
     2350,
     3106
    ]
   }
  },
  {
   "type": "Feature",
   "id": 123,
   "geometry": {
    "type": "Polygon",
    "coordinates": [
     [
      [
       1858,
       3019
      ],
      [
       1815,
       3053
      ],
      [
       1815,
       3058
      ],
      [
       1709,
       3160
      ],
      [
       1765,
       3217
      ],
      [
       1913,
       3075
      ],
      [
       1906,
       3066
      ],
      [
       1895,
       3065
      ],
      [
       1900,
       3060
      ],
      [
       1888,
       3049
      ],
      [
       1870,
       3061
      ],
      [
       1883,
       3044
      ],
      [
       1874,
       3036
      ],
      [
       1867,
       3038
      ],
      [
       1869,
       3029
      ],
      [
       1858,
       3019
      ]
     ]
    ]
   },
   "properties": {
    "sheet": "vancouver_1912_MAP342a_04",
    "outline_id": "vancouver_1912_MAP342a_04:block:12:outline123",
    "block_id": "vancouver_1912_MAP342a_04:block:12",
    "block_fid": 9,
    "block_number": "12",
    "text_inside": [
     "St.",
     "St.",
     "St.",
     "St.",
     "St.",
     "St."
    ],
    "numerals_inside": [],
    "words_inside": [
     "St.",
     "St.",
     "St.",
     "St.",
     "St.",
     "St."
    ],
    "floors": null,
    "wash_rgb": [
     253,
     212,
     212
    ],
    "wash_chroma": 15.8,
    "wash_lightness_delta": -29.3,
    "hue_deg": 0,
    "material": "brick",
    "area_source_px2": 16383,
    "centroid_source_px": [
     1809,
     3119
    ]
   }
  },
  {
   "type": "Feature",
   "id": 124,
   "geometry": {
    "type": "Polygon",
    "coordinates": [
     [
      [
       1709,
       3037
      ],
      [
       1646,
       3096
      ],
      [
       1674,
       3126
      ],
      [
       1738,
       3068
      ],
      [
       1709,
       3037
      ]
     ]
    ]
   },
   "properties": {
    "sheet": "vancouver_1912_MAP342a_04",
    "outline_id": "vancouver_1912_MAP342a_04:block:12:outline124",
    "block_id": "vancouver_1912_MAP342a_04:block:12",
    "block_fid": 9,
    "block_number": "12",
    "text_inside": [],
    "numerals_inside": [],
    "words_inside": [],
    "floors": null,
    "wash_rgb": [
     254,
     254,
     254
    ],
    "wash_chroma": 0.2,
    "wash_lightness_delta": -0.1,
    "hue_deg": 0,
    "material": "not a building (open lot, yard or court)",
    "area_source_px2": 3604,
    "centroid_source_px": [
     1692,
     3082
    ]
   }
  },
  {
   "type": "Feature",
   "id": 125,
   "geometry": {
    "type": "Polygon",
    "coordinates": [
     [
      [
       2416,
       3041
      ],
      [
       2364,
       3208
      ],
      [
       2402,
       3220
      ],
      [
       2409,
       3208
      ],
      [
       2408,
       3221
      ],
      [
       2442,
       3230
      ],
      [
       2447,
       3226
      ],
      [
       2494,
       3063
      ],
      [
       2481,
       3058
      ],
      [
       2474,
       3063
      ],
      [
       2470,
       3055
      ],
      [
       2456,
       3055
      ],
      [
       2441,
       3047
      ],
      [
       2434,
       3051
      ],
      [
       2430,
       3044
      ],
      [
       2416,
       3041
      ]
     ]
    ]
   },
   "properties": {
    "sheet": "vancouver_1912_MAP342a_04",
    "outline_id": "vancouver_1912_MAP342a_04:block:10:outline125",
    "block_id": "vancouver_1912_MAP342a_04:block:10",
    "block_fid": 10,
    "block_number": "10",
    "text_inside": [
     "FRI",
     "FRI",
     "FRI",
     "FRI",
     "B",
     "FRI",
     "FRI",
     "FRI",
     "B",
     "11",
     "12"
    ],
    "numerals_inside": [
     "11",
     "12"
    ],
    "words_inside": [
     "FRI",
     "FRI",
     "FRI",
     "FRI",
     "FRI",
     "FRI",
     "FRI"
    ],
    "floors": null,
    "wash_rgb": [
     253,
     212,
     214
    ],
    "wash_chroma": 15.4,
    "wash_lightness_delta": -28.7,
    "hue_deg": 358,
    "material": "brick",
    "area_source_px2": 14431,
    "centroid_source_px": [
     2428,
     3137
    ]
   }
  },
  {
   "type": "Feature",
   "id": 126,
   "geometry": {
    "type": "Polygon",
    "coordinates": [
     [
      [
       4367,
       3061
      ],
      [
       4356,
       3102
      ],
      [
       4361,
       3109
      ],
      [
       4410,
       3136
      ],
      [
       4447,
       3149
      ],
      [
       4460,
       3149
      ],
      [
       4459,
       3102
      ],
      [
       4420,
       3083
      ],
      [
       4408,
       3100
      ],
      [
       4414,
       3079
      ],
      [
       4372,
       3059
      ],
      [
       4367,
       3061
      ]
     ]
    ]
   },
   "properties": {
    "sheet": "vancouver_1912_MAP342a_04",
    "outline_id": "vancouver_1912_MAP342a_04:block:1:outline126",
    "block_id": "vancouver_1912_MAP342a_04:block:1",
    "block_fid": 1,
    "block_number": "1",
    "text_inside": [
     "1"
    ],
    "numerals_inside": [
     "1"
    ],
    "words_inside": [],
    "floors": null,
    "wash_rgb": [
     254,
     254,
     254
    ],
    "wash_chroma": 0.0,
    "wash_lightness_delta": -0.0,
    "hue_deg": 0,
    "material": "not a building (open lot, yard or court)",
    "area_source_px2": 5351,
    "centroid_source_px": [
     4410,
     3107
    ]
   }
  },
  {
   "type": "Feature",
   "id": 127,
   "geometry": {
    "type": "Polygon",
    "coordinates": [
     [
      [
       1555,
       3063
      ],
      [
       1549,
       3068
      ],
      [
       1542,
       3064
      ],
      [
       1494,
       3111
      ],
      [
       1494,
       3122
      ],
      [
       1482,
       3135
      ],
      [
       1476,
       3130
      ],
      [
       1401,
       3201
      ],
      [
       1404,
       3207
      ],
      [
       1415,
       3205
      ],
      [
       1426,
       3214
      ],
      [
       1418,
       3220
      ],
      [
       1437,
       3240
      ],
      [
       1448,
       3243
      ],
      [
       1501,
       3195
      ],
      [
       1508,
       3179
      ],
      [
       1526,
       3170
      ],
      [
       1591,
       3108
      ],
      [
       1590,
       3098
      ],
      [
       1555,
       3063
      ]
     ]
    ]
   },
   "properties": {
    "sheet": "vancouver_1912_MAP342a_04",
    "outline_id": "vancouver_1912_MAP342a_04:block:12:outline127",
    "block_id": "vancouver_1912_MAP342a_04:block:12",
    "block_fid": 9,
    "block_number": "12",
    "text_inside": [
     "20"
    ],
    "numerals_inside": [
     "20"
    ],
    "words_inside": [],
    "floors": null,
    "wash_rgb": [
     253,
     218,
     213
    ],
    "wash_chroma": 13.8,
    "wash_lightness_delta": -25.6,
    "hue_deg": 8,
    "material": "brick",
    "area_source_px2": 12840,
    "centroid_source_px": [
     1499,
     3151
    ]
   }
  },
  {
   "type": "Feature",
   "id": 128,
   "geometry": {
    "type": "Polygon",
    "coordinates": [
     [
      [
       2501,
       3064
      ],
      [
       2496,
       3067
      ],
      [
       2449,
       3226
      ],
      [
       2450,
       3232
      ],
      [
       2479,
       3241
      ],
      [
       2488,
       3239
      ],
      [
       2535,
       3079
      ],
      [
       2532,
       3072
      ],
      [
       2515,
       3077
      ],
      [
       2504,
       3074
      ],
      [
       2507,
       3067
      ],
      [
       2501,
       3064
      ]
     ]
    ]
   },
   "properties": {
    "sheet": "vancouver_1912_MAP342a_04",
    "outline_id": "vancouver_1912_MAP342a_04:block:10:outline128",
    "block_id": "vancouver_1912_MAP342a_04:block:10",
    "block_fid": 10,
    "block_number": "10",
    "text_inside": [
     "FRI",
     "B",
     "FRI",
     "FRI",
     "FRI",
     "FRI",
     "20",
     "20",
     "20",
     "20",
     "13",
     "B",
     "B"
    ],
    "numerals_inside": [
     "20",
     "20",
     "20",
     "20",
     "13"
    ],
    "words_inside": [
     "FRI",
     "FRI",
     "FRI",
     "FRI",
     "FRI"
    ],
    "floors": null,
    "wash_rgb": [
     253,
     212,
     213
    ],
    "wash_chroma": 15.6,
    "wash_lightness_delta": -28.8,
    "hue_deg": 358,
    "material": "brick",
    "area_source_px2": 7002,
    "centroid_source_px": [
     2491,
     3156
    ]
   }
  },
  {
   "type": "Feature",
   "id": 129,
   "geometry": {
    "type": "Polygon",
    "coordinates": [
     [
      [
       3191,
       3067
      ],
      [
       3181,
       3086
      ],
      [
       3166,
       3143
      ],
      [
       3180,
       3149
      ],
      [
       3194,
       3142
      ],
      [
       3203,
       3143
      ],
      [
       3207,
       3147
      ],
      [
       3201,
       3154
      ],
      [
       3234,
       3163
      ],
      [
       3258,
       3088
      ],
      [
       3191,
       3067
      ]
     ]
    ]
   },
   "properties": {
    "sheet": "vancouver_1912_MAP342a_04",
    "outline_id": "vancouver_1912_MAP342a_04:block:1:outline129",
    "block_id": "vancouver_1912_MAP342a_04:block:1",
    "block_fid": 1,
    "block_number": "1",
    "text_inside": [
     "FRI",
     "FRI",
     "FRI"
    ],
    "numerals_inside": [],
    "words_inside": [
     "FRI",
     "FRI",
     "FRI"
    ],
    "floors": null,
    "wash_rgb": [
     253,
     210,
     210
    ],
    "wash_chroma": 16.7,
    "wash_lightness_delta": -30.7,
    "hue_deg": 0,
    "material": "brick",
    "area_source_px2": 5608,
    "centroid_source_px": [
     3212,
     3114
    ]
   }
  },
  {
   "type": "Feature",
   "id": 130,
   "geometry": {
    "type": "Polygon",
    "coordinates": [
     [
      [
       1742,
       3070
      ],
      [
       1678,
       3129
      ],
      [
       1705,
       3157
      ],
      [
       1768,
       3099
      ],
      [
       1742,
       3070
      ]
     ]
    ]
   },
   "properties": {
    "sheet": "vancouver_1912_MAP342a_04",
    "outline_id": "vancouver_1912_MAP342a_04:block:12:outline130",
    "block_id": "vancouver_1912_MAP342a_04:block:12",
    "block_fid": 9,
    "block_number": "12",
    "text_inside": [],
    "numerals_inside": [],
    "words_inside": [],
    "floors": null,
    "wash_rgb": [
     254,
     254,
     254
    ],
    "wash_chroma": 0.1,
    "wash_lightness_delta": -0.1,
    "hue_deg": 0,
    "material": "not a building (open lot, yard or court)",
    "area_source_px2": 3360,
    "centroid_source_px": [
     1723,
     3113
    ]
   }
  },
  {
   "type": "Feature",
   "id": 131,
   "geometry": {
    "type": "Polygon",
    "coordinates": [
     [
      [
       3761,
       3071
      ],
      [
       3737,
       3139
      ],
      [
       3734,
       3157
      ],
      [
       3740,
       3166
      ],
      [
       3735,
       3191
      ],
      [
       3730,
       3182
      ],
      [
       3724,
       3183
      ],
      [
       3694,
       3287
      ],
      [
       3732,
       3300
      ],
      [
       3744,
       3288
      ],
      [
       3761,
       3292
      ],
      [
       3750,
       3300
      ],
      [
       3751,
       3304
      ],
      [
       3802,
       3318
      ],
      [
       3833,
       3227
      ],
      [
       3868,
       3100
      ],
      [
       3761,
       3071
      ]
     ]
    ]
   },
   "properties": {
    "sheet": "vancouver_1912_MAP342a_04",
    "outline_id": "vancouver_1912_MAP342a_04:block:1:outline131",
    "block_id": "vancouver_1912_MAP342a_04:block:1",
    "block_fid": 1,
    "block_number": "1",
    "text_inside": [
     "50",
     "50",
     "50",
     "7",
     "50",
     "50",
     "50",
     "66'"
    ],
    "numerals_inside": [
     "7"
    ],
    "words_inside": [],
    "floors": null,
    "wash_rgb": [
     253,
     213,
     215
    ],
    "wash_chroma": 15.3,
    "wash_lightness_delta": -28.3,
    "hue_deg": 358,
    "material": "brick",
    "area_source_px2": 25574,
    "centroid_source_px": [
     3782,
     3194
    ]
   }
  },
  {
   "type": "Feature",
   "id": 132,
   "geometry": {
    "type": "Polygon",
    "coordinates": [
     [
      [
       1917,
       3078
      ],
      [
       1769,
       3219
      ],
      [
       1784,
       3240
      ],
      [
       1829,
       3282
      ],
      [
       1977,
       3141
      ],
      [
       1970,
       3132
      ],
      [
       1961,
       3130
      ],
      [
       1964,
       3125
      ],
      [
       1917,
       3078
      ]
     ]
    ]
   },
   "properties": {
    "sheet": "vancouver_1912_MAP342a_04",
    "outline_id": "vancouver_1912_MAP342a_04:block:12:outline132",
    "block_id": "vancouver_1912_MAP342a_04:block:12",
    "block_fid": 9,
    "block_number": "12",
    "text_inside": [
     "Griffin Brooke",
     "8",
     "St.",
     "St.",
     "St."
    ],
    "numerals_inside": [
     "8"
    ],
    "words_inside": [
     "Griffin Brooke",
     "St.",
     "St.",
     "St."
    ],
    "floors": null,
    "wash_rgb": [
     253,
     210,
     211
    ],
    "wash_chroma": 16.6,
    "wash_lightness_delta": -30.6,
    "hue_deg": 358,
    "material": "brick",
    "area_source_px2": 17989,
    "centroid_source_px": [
     1872,
     3182
    ]
   }
  },
  {
   "type": "Feature",
   "id": 133,
   "geometry": {
    "type": "Polygon",
    "coordinates": [
     [
      [
       3390,
       3096
      ],
      [
       3359,
       3196
      ],
      [
       3375,
       3203
      ],
      [
       3383,
       3202
      ],
      [
       3385,
       3197
      ],
      [
       3387,
       3205
      ],
      [
       3401,
       3209
      ],
      [
       3413,
       3200
      ],
      [
       3433,
       3132
      ],
      [
       3413,
       3115
      ],
      [
       3404,
       3130
      ],
      [
       3408,
       3111
      ],
      [
       3390,
       3096
      ]
     ]
    ]
   },
   "properties": {
    "sheet": "vancouver_1912_MAP342a_04",
    "outline_id": "vancouver_1912_MAP342a_04:block:1:outline133",
    "block_id": "vancouver_1912_MAP342a_04:block:1",
    "block_fid": 1,
    "block_number": "1",
    "text_inside": [
     "FRI",
     "FRI"
    ],
    "numerals_inside": [],
    "words_inside": [
     "FRI",
     "FRI"
    ],
    "floors": null,
    "wash_rgb": [
     253,
     213,
     212
    ],
    "wash_chroma": 15.3,
    "wash_lightness_delta": -28.6,
    "hue_deg": 2,
    "material": "brick",
    "area_source_px2": 4806,
    "centroid_source_px": [
     3396,
     3158
    ]
   }
  },
  {
   "type": "Feature",
   "id": 134,
   "geometry": {
    "type": "Polygon",
    "coordinates": [
     [
      [
       3874,
       3101
      ],
      [
       3808,
       3319
      ],
      [
       3914,
       3348
      ],
      [
       3937,
       3284
      ],
      [
       3980,
       3130
      ],
      [
       3874,
       3101
      ]
     ]
    ]
   },
   "properties": {
    "sheet": "vancouver_1912_MAP342a_04",
    "outline_id": "vancouver_1912_MAP342a_04:block:1:outline134",
    "block_id": "vancouver_1912_MAP342a_04:block:1",
    "block_fid": 1,
    "block_number": "1",
    "text_inside": [
     "50",
     "50",
     "50",
     "50",
     "50"
    ],
    "numerals_inside": [],
    "words_inside": [],
    "floors": null,
    "wash_rgb": [
     254,
     254,
     254
    ],
    "wash_chroma": 0.1,
    "wash_lightness_delta": -0.1,
    "hue_deg": 0,
    "material": "not a building (open lot, yard or court)",
    "area_source_px2": 25417,
    "centroid_source_px": [
     3895,
     3224
    ]
   }
  },
  {
   "type": "Feature",
   "id": 135,
   "geometry": {
    "type": "Polygon",
    "coordinates": [
     [
      [
       1601,
       3109
      ],
      [
       1593,
       3110
      ],
      [
       1527,
       3174
      ],
      [
       1531,
       3182
      ],
      [
       1525,
       3191
      ],
      [
       1507,
       3193
      ],
      [
       1449,
       3249
      ],
      [
       1477,
       3280
      ],
      [
       1487,
       3281
      ],
      [
       1487,
       3290
      ],
      [
       1494,
       3296
      ],
      [
       1503,
       3292
      ],
      [
       1645,
       3157
      ],
      [
       1601,
       3109
      ]
     ]
    ]
   },
   "properties": {
    "sheet": "vancouver_1912_MAP342a_04",
    "outline_id": "vancouver_1912_MAP342a_04:block:12:outline135",
    "block_id": "vancouver_1912_MAP342a_04:block:12",
    "block_fid": 9,
    "block_number": "12",
    "text_inside": [
     "18"
    ],
    "numerals_inside": [
     "18"
    ],
    "words_inside": [],
    "floors": null,
    "wash_rgb": [
     253,
     216,
     213
    ],
    "wash_chroma": 14.4,
    "wash_lightness_delta": -26.8,
    "hue_deg": 4,
    "material": "brick",
    "area_source_px2": 14006,
    "centroid_source_px": [
     1548,
     3202
    ]
   }
  },
  {
   "type": "Feature",
   "id": 136,
   "geometry": {
    "type": "Polygon",
    "coordinates": [
     [
      [
       2627,
       3206
      ],
      [
       2635,
       3208
      ],
      [
       2637,
       3195
      ],
      [
       2655,
       3186
      ],
      [
       2659,
       3187
      ],
      [
       2657,
       3192
      ],
      [
       2664,
       3193
      ],
      [
       2675,
       3187
      ],
      [
       2679,
       3179
      ],
      [
       2686,
       3182
      ],
      [
       2701,
       3174
      ],
      [
       2714,
       3176
      ],
      [
       2717,
       3161
      ],
      [
       2735,
       3161
      ],
      [
       2740,
       3151
      ],
      [
       2718,
       3144
      ],
      [
       2699,
       3148
      ],
      [
       2690,
       3144
      ],
      [
       2688,
       3136
      ],
      [
       2653,
       3128
      ],
      [
       2647,
       3136
      ],
      [
       2627,
       3206
      ]
     ]
    ]
   },
   "properties": {
    "sheet": "vancouver_1912_MAP342a_04",
    "outline_id": "vancouver_1912_MAP342a_04:block:fid11:outline136",
    "block_id": "vancouver_1912_MAP342a_04:block:fid11",
    "block_fid": 11,
    "block_number": null,
    "text_inside": [
     "FRI",
     "Huckay Smi",
     "FRI",
     "FRI"
    ],
    "numerals_inside": [],
    "words_inside": [
     "FRI",
     "Huckay Smi",
     "FRI",
     "FRI"
    ],
    "floors": null,
    "wash_rgb": [
     253,
     209,
     209
    ],
    "wash_chroma": 16.9,
    "wash_lightness_delta": -31.2,
    "hue_deg": 0,
    "material": "brick",
    "area_source_px2": 3972,
    "centroid_source_px": [
     2675,
     3161
    ]
   }
  },
  {
   "type": "Feature",
   "id": 137,
   "geometry": {
    "type": "Polygon",
    "coordinates": [
     [
      [
       3987,
       3130
      ],
      [
       3978,
       3148
      ],
      [
       3921,
       3349
      ],
      [
       3968,
       3362
      ],
      [
       3973,
       3354
      ],
      [
       3979,
       3365
      ],
      [
       4026,
       3377
      ],
      [
       4032,
       3368
      ],
      [
       4093,
       3158
      ],
      [
       3987,
       3130
      ]
     ]
    ]
   },
   "properties": {
    "sheet": "vancouver_1912_MAP342a_04",
    "outline_id": "vancouver_1912_MAP342a_04:block:1:outline137",
    "block_id": "vancouver_1912_MAP342a_04:block:1",
    "block_fid": 1,
    "block_number": "1",
    "text_inside": [
     "9",
     "50",
     "50",
     "50",
     "50",
     "50"
    ],
    "numerals_inside": [
     "9"
    ],
    "words_inside": [],
    "floors": null,
    "wash_rgb": [
     253,
     219,
     219
    ],
    "wash_chroma": 13.0,
    "wash_lightness_delta": -24.5,
    "hue_deg": 0,
    "material": "brick",
    "area_source_px2": 25691,
    "centroid_source_px": [
     4006,
     3253
    ]
   }
  },
  {
   "type": "Feature",
   "id": 138,
   "geometry": {
    "type": "Polygon",
    "coordinates": [
     [
      [
       4135,
       3156
      ],
      [
       4137,
       3166
      ],
      [
       4420,
       3242
      ],
      [
       4449,
       3246
      ],
      [
       4441,
       3232
      ],
      [
       4446,
       3218
      ],
      [
       4144,
       3137
      ],
      [
       4135,
       3156
      ]
     ]
    ]
   },
   "properties": {
    "sheet": "vancouver_1912_MAP342a_04",
    "outline_id": "vancouver_1912_MAP342a_04:block:1:outline138",
    "block_id": "vancouver_1912_MAP342a_04:block:1",
    "block_fid": 1,
    "block_number": "1",
    "text_inside": [
     "10"
    ],
    "numerals_inside": [
     "10"
    ],
    "words_inside": [],
    "floors": null,
    "wash_rgb": [
     254,
     254,
     254
    ],
    "wash_chroma": 0.0,
    "wash_lightness_delta": -0.1,
    "hue_deg": 0,
    "material": "not a building (open lot, yard or court)",
    "area_source_px2": 9420,
    "centroid_source_px": [
     4291,
     3191
    ]
   }
  },
  {
   "type": "Feature",
   "id": 139,
   "geometry": {
    "type": "Polygon",
    "coordinates": [
     [
      [
       2762,
       3156
      ],
      [
       2758,
       3159
      ],
      [
       2705,
       3342
      ],
      [
       2704,
       3354
      ],
      [
       2708,
       3357
      ],
      [
       2724,
       3358
      ],
      [
       2736,
       3316
      ],
      [
       2757,
       3318
      ],
      [
       2799,
       3167
      ],
      [
       2762,
       3156
      ]
     ]
    ]
   },
   "properties": {
    "sheet": "vancouver_1912_MAP342a_04",
    "outline_id": "vancouver_1912_MAP342a_04:block:fid11:outline139",
    "block_id": "vancouver_1912_MAP342a_04:block:fid11",
    "block_fid": 11,
    "block_number": null,
    "text_inside": [
     "FRI",
     "FRI",
     "FRI",
     "FRI",
     "FRI",
     "FRI",
     "FRI",
     "FRI"
    ],
    "numerals_inside": [],
    "words_inside": [
     "FRI",
     "FRI",
     "FRI",
     "FRI",
     "FRI",
     "FRI",
     "FRI",
     "FRI"
    ],
    "floors": null,
    "wash_rgb": [
     253,
     231,
     116
    ],
    "wash_chroma": 58.4,
    "wash_lightness_delta": -20.9,
    "hue_deg": 50,
    "material": "frame (wood)",
    "area_source_px2": 7798,
    "centroid_source_px": [
     2753,
     3249
    ]
   }
  },
  {
   "type": "Feature",
   "id": 140,
   "geometry": {
    "type": "Polygon",
    "coordinates": [
     [
      [
       4098,
       3159
      ],
      [
       4093,
       3164
      ],
      [
       4032,
       3377
      ],
      [
       4085,
       3392
      ],
      [
       4092,
       3386
      ],
      [
       4097,
       3395
      ],
      [
       4136,
       3405
      ],
      [
       4143,
       3393
      ],
      [
       4203,
       3188
      ],
      [
       4145,
       3171
      ],
      [
       4138,
       3176
      ],
      [
       4112,
       3169
      ],
      [
       4111,
       3162
      ],
      [
       4098,
       3159
      ]
     ]
    ]
   },
   "properties": {
    "sheet": "vancouver_1912_MAP342a_04",
    "outline_id": "vancouver_1912_MAP342a_04:block:1:outline140",
    "block_id": "vancouver_1912_MAP342a_04:block:1",
    "block_fid": 1,
    "block_number": "1",
    "text_inside": [
     "50",
     "50",
     "50",
     "50",
     "50"
    ],
    "numerals_inside": [],
    "words_inside": [],
    "floors": null,
    "wash_rgb": [
     253,
     224,
     220
    ],
    "wash_chroma": 11.4,
    "wash_lightness_delta": -21.3,
    "hue_deg": 8,
    "material": "brick",
    "area_source_px2": 25206,
    "centroid_source_px": [
     4117,
     3282
    ]
   }
  },
  {
   "type": "Feature",
   "id": 141,
   "geometry": {
    "type": "Polygon",
    "coordinates": [
     [
      [
       2752,
       3164
      ],
      [
       2737,
       3166
      ],
      [
       2705,
       3185
      ],
      [
       2714,
       3192
      ],
      [
       2719,
       3189
      ],
      [
       2726,
       3198
      ],
      [
       2705,
       3208
      ],
      [
       2694,
       3205
      ],
      [
       2686,
       3216
      ],
      [
       2653,
       3231
      ],
      [
       2650,
       3229
      ],
      [
       2660,
       3205
      ],
      [
       2624,
       3214
      ],
      [
       2630,
       3224
      ],
      [
       2625,
       3251
      ],
      [
       2640,
       3257
      ],
      [
       2627,
       3258
      ],
      [
       2622,
       3267
      ],
      [
       2618,
       3257
      ],
      [
       2610,
       3260
      ],
      [
       2590,
       3344
      ],
      [
       2602,
       3343
      ],
      [
       2603,
       3329
      ],
      [
       2613,
       3324
      ],
      [
       2607,
       3341
      ],
      [
       2615,
       3344
      ],
      [
       2623,
       3321
      ],
      [
       2632,
       3317
      ],
      [
       2636,
       3323
      ],
      [
       2653,
       3314
      ],
      [
       2660,
       3315
      ],
      [
       2664,
       3311
      ],
      [
       2662,
       3303
      ],
      [
       2672,
       3306
      ],
      [
       2682,
       3298
      ],
      [
       2696,
       3299
      ],
      [
       2705,
       3285
      ],
      [
       2715,
       3283
      ],
      [
       2714,
       3278
      ],
      [
       2723,
       3272
      ],
      [
       2752,
       3164
      ]
     ]
    ]
   },
   "properties": {
    "sheet": "vancouver_1912_MAP342a_04",
    "outline_id": "vancouver_1912_MAP342a_04:block:fid11:outline141",
    "block_id": "vancouver_1912_MAP342a_04:block:fid11",
    "block_fid": 11,
    "block_number": null,
    "text_inside": [
     "BRON",
     "FRI",
     "FRI",
     "FRI",
     "FRI",
     "B",
     "FRI",
     "FRI",
     "FRI",
     "FRI",
     "6",
     "FRI",
     "B",
     "JLockie Co",
     "B",
     "B",
     "B",
     "B",
     "B",
     "B",
     "B",
     "B",
     "B",
     "B",
     "B",
     "B",
     "B",
     "B",
     "B"
    ],
    "numerals_inside": [
     "6"
    ],
    "words_inside": [
     "BRON",
     "FRI",
     "FRI",
     "FRI",
     "FRI",
     "FRI",
     "FRI",
     "FRI",
     "FRI",
     "FRI",
     "JLockie Co"
    ],
    "floors": null,
    "wash_rgb": [
     253,
     206,
     209
    ],
    "wash_chroma": 17.9,
    "wash_lightness_delta": -32.7,
    "hue_deg": 356,
    "material": "brick",
    "area_source_px2": 12138,
    "centroid_source_px": [
     2671,
     3258
    ]
   }
  },
  {
   "type": "Feature",
   "id": 142,
   "geometry": {
    "type": "Polygon",
    "coordinates": [
     [
      [
       2822,
       3172
      ],
      [
       2807,
       3181
      ],
      [
       2783,
       3265
      ],
      [
       2786,
       3271
      ],
      [
       2817,
       3278
      ],
      [
       2824,
       3274
      ],
      [
       2847,
       3187
      ],
      [
       2843,
       3178
      ],
      [
       2822,
       3172
      ]
     ]
    ]
   },
   "properties": {
    "sheet": "vancouver_1912_MAP342a_04",
    "outline_id": "vancouver_1912_MAP342a_04:block:fid11:outline142",
    "block_id": "vancouver_1912_MAP342a_04:block:fid11",
    "block_fid": 11,
    "block_number": null,
    "text_inside": [
     "FRI",
     "FRI",
     "FRI"
    ],
    "numerals_inside": [],
    "words_inside": [
     "FRI",
     "FRI",
     "FRI"
    ],
    "floors": null,
    "wash_rgb": [
     253,
     242,
     158
    ],
    "wash_chroma": 42.6,
    "wash_lightness_delta": -13.0,
    "hue_deg": 54,
    "material": "frame (wood)",
    "area_source_px2": 4142,
    "centroid_source_px": [
     2816,
     3226
    ]
   }
  },
  {
   "type": "Feature",
   "id": 143,
   "geometry": {
    "type": "Polygon",
    "coordinates": [
     [
      [
       1636,
       3175
      ],
      [
       1629,
       3176
      ],
      [
       1499,
       3300
      ],
      [
       1511,
       3313
      ],
      [
       1520,
       3314
      ],
      [
       1519,
       3322
      ],
      [
       1525,
       3328
      ],
      [
       1658,
       3205
      ],
      [
       1657,
       3196
      ],
      [
       1636,
       3175
      ]
     ]
    ]
   },
   "properties": {
    "sheet": "vancouver_1912_MAP342a_04",
    "outline_id": "vancouver_1912_MAP342a_04:block:12:outline143",
    "block_id": "vancouver_1912_MAP342a_04:block:12",
    "block_fid": 9,
    "block_number": "12",
    "text_inside": [
     "17"
    ],
    "numerals_inside": [
     "17"
    ],
    "words_inside": [],
    "floors": null,
    "wash_rgb": [
     253,
     212,
     211
    ],
    "wash_chroma": 15.6,
    "wash_lightness_delta": -29.0,
    "hue_deg": 2,
    "material": "brick",
    "area_source_px2": 7312,
    "centroid_source_px": [
     1580,
     3251
    ]
   }
  },
  {
   "type": "Feature",
   "id": 144,
   "geometry": {
    "type": "Polygon",
    "coordinates": [
     [
      [
       2873,
       3187
      ],
      [
       2839,
       3308
      ],
      [
       2862,
       3316
      ],
      [
       2872,
       3293
      ],
      [
       2867,
       3317
      ],
      [
       2873,
       3319
      ],
      [
       2880,
       3304
      ],
      [
       2899,
       3298
      ],
      [
       2894,
       3324
      ],
      [
       2917,
       3331
      ],
      [
       2928,
       3300
      ],
      [
       2922,
       3331
      ],
      [
       2944,
       3338
      ],
      [
       2952,
       3325
      ],
      [
       2981,
       3217
      ],
      [
       2957,
       3210
      ],
      [
       2949,
       3227
      ],
      [
       2950,
       3207
      ],
      [
       2930,
       3201
      ],
      [
       2924,
       3210
      ],
      [
       2915,
       3199
      ],
      [
       2902,
       3194
      ],
      [
       2894,
       3206
      ],
      [
       2894,
       3193
      ],
      [
       2873,
       3187
      ]
     ]
    ]
   },
   "properties": {
    "sheet": "vancouver_1912_MAP342a_04",
    "outline_id": "vancouver_1912_MAP342a_04:block:fid11:outline144",
    "block_id": "vancouver_1912_MAP342a_04:block:fid11",
    "block_fid": 11,
    "block_number": null,
    "text_inside": [
     "FRI",
     "FRI",
     "FRI",
     "FRI",
     "FRI",
     "FRI",
     "FRI",
     "FRI",
     "FRI",
     "FRI",
     "FRI",
     "6",
     "FRI"
    ],
    "numerals_inside": [
     "6"
    ],
    "words_inside": [
     "FRI",
     "FRI",
     "FRI",
     "FRI",
     "FRI",
     "FRI",
     "FRI",
     "FRI",
     "FRI",
     "FRI",
     "FRI",
     "FRI"
    ],
    "floors": null,
    "wash_rgb": [
     253,
     206,
     208
    ],
    "wash_chroma": 18.0,
    "wash_lightness_delta": -33.0,
    "hue_deg": 358,
    "material": "brick",
    "area_source_px2": 13560,
    "centroid_source_px": [
     2911,
     3261
    ]
   }
  },
  {
   "type": "Feature",
   "id": 145,
   "geometry": {
    "type": "Polygon",
    "coordinates": [
     [
      [
       4209,
       3189
      ],
      [
       4182,
       3266
      ],
      [
       4143,
       3405
      ],
      [
       4186,
       3419
      ],
      [
       4201,
       3416
      ],
      [
       4208,
       3425
      ],
      [
       4252,
       3436
      ],
      [
       4318,
       3218
      ],
      [
       4209,
       3189
      ]
     ]
    ]
   },
   "properties": {
    "sheet": "vancouver_1912_MAP342a_04",
    "outline_id": "vancouver_1912_MAP342a_04:block:1:outline145",
    "block_id": "vancouver_1912_MAP342a_04:block:1",
    "block_fid": 1,
    "block_number": "1",
    "text_inside": [
     "11",
     "50",
     "50",
     "50",
     "50",
     "50",
     "50"
    ],
    "numerals_inside": [
     "11"
    ],
    "words_inside": [],
    "floors": null,
    "wash_rgb": [
     254,
     254,
     254
    ],
    "wash_chroma": 0.1,
    "wash_lightness_delta": -0.1,
    "hue_deg": 0,
    "material": "not a building (open lot, yard or court)",
    "area_source_px2": 26038,
    "centroid_source_px": [
     4230,
     3312
    ]
   }
  },
  {
   "type": "Feature",
   "id": 146,
   "geometry": {
    "type": "Polygon",
    "coordinates": [
     [
      [
       2154,
       3212
      ],
      [
       2143,
       3226
      ],
      [
       2366,
       3451
      ],
      [
       2370,
       3453
      ],
      [
       2384,
       3439
      ],
      [
       2161,
       3213
      ],
      [
       2154,
       3212
      ]
     ]
    ]
   },
   "properties": {
    "sheet": "vancouver_1912_MAP342a_04",
    "outline_id": "vancouver_1912_MAP342a_04:block:1:outline146",
    "block_id": "vancouver_1912_MAP342a_04:block:1",
    "block_fid": 1,
    "block_number": "1",
    "text_inside": [],
    "numerals_inside": [],
    "words_inside": [],
    "floors": null,
    "wash_rgb": [
     254,
     254,
     254
    ],
    "wash_chroma": 0.3,
    "wash_lightness_delta": -0.3,
    "hue_deg": 0,
    "material": "not a building (open lot, yard or court)",
    "area_source_px2": 6943,
    "centroid_source_px": [
     2263,
     3332
    ]
   }
  },
  {
   "type": "Feature",
   "id": 147,
   "geometry": {
    "type": "Polygon",
    "coordinates": [
     [
      [
       1711,
       3220
      ],
      [
       1618,
       3304
      ],
      [
       1618,
       3297
      ],
      [
       1629,
       3292
      ],
      [
       1678,
       3244
      ],
      [
       1650,
       3217
      ],
      [
       1556,
       3306
      ],
      [
       1567,
       3315
      ],
      [
       1578,
       3308
      ],
      [
       1590,
       3309
      ],
      [
       1592,
       3320
      ],
      [
       1607,
       3314
      ],
      [
       1624,
       3324
      ],
      [
       1607,
       3342
      ],
      [
       1609,
       3349
      ],
      [
       1576,
       3348
      ],
      [
       1561,
       3361
      ],
      [
       1564,
       3369
      ],
      [
       1577,
       3375
      ],
      [
       1585,
       3388
      ],
      [
       1592,
       3387
      ],
      [
       1736,
       3248
      ],
      [
       1711,
       3220
      ]
     ]
    ]
   },
   "properties": {
    "sheet": "vancouver_1912_MAP342a_04",
    "outline_id": "vancouver_1912_MAP342a_04:block:12:outline147",
    "block_id": "vancouver_1912_MAP342a_04:block:12",
    "block_fid": 9,
    "block_number": "12",
    "text_inside": [
     "16",
     "15",
     "Hotel"
    ],
    "numerals_inside": [],
    "words_inside": [
     "Hotel"
    ],
    "floors": null,
    "wash_rgb": [
     253,
     210,
     210
    ],
    "wash_chroma": 16.2,
    "wash_lightness_delta": -30.1,
    "hue_deg": 0,
    "material": "brick",
    "area_source_px2": 12099,
    "centroid_source_px": [
     1643,
     3288
    ]
   }
  },
  {
   "type": "Feature",
   "id": 148,
   "geometry": {
    "type": "Polygon",
    "coordinates": [
     [
      [
       2991,
       3218
      ],
      [
       2984,
       3220
      ],
      [
       2929,
       3409
      ],
      [
       2933,
       3414
      ],
      [
       2974,
       3425
      ],
      [
       2983,
       3422
      ],
      [
       3037,
       3234
      ],
      [
       2991,
       3218
      ]
     ]
    ]
   },
   "properties": {
    "sheet": "vancouver_1912_MAP342a_04",
    "outline_id": "vancouver_1912_MAP342a_04:block:fid11:outline148",
    "block_id": "vancouver_1912_MAP342a_04:block:fid11",
    "block_fid": 11,
    "block_number": null,
    "text_inside": [
     "FRI",
     "FRI",
     "FRI",
     "FRI",
     "FRI",
     "FRI",
     "FRI",
     "FRI",
     "5",
     "FRI",
     "FRI",
     "FRI",
     "FRI"
    ],
    "numerals_inside": [
     "5"
    ],
    "words_inside": [
     "FRI",
     "FRI",
     "FRI",
     "FRI",
     "FRI",
     "FRI",
     "FRI",
     "FRI",
     "FRI",
     "FRI",
     "FRI",
     "FRI"
    ],
    "floors": null,
    "wash_rgb": [
     253,
     208,
     209
    ],
    "wash_chroma": 17.1,
    "wash_lightness_delta": -31.6,
    "hue_deg": 358,
    "material": "brick",
    "area_source_px2": 11142,
    "centroid_source_px": [
     2983,
     3321
    ]
   }
  },
  {
   "type": "Feature",
   "id": 149,
   "geometry": {
    "type": "Polygon",
    "coordinates": [
     [
      [
       4323,
       3220
      ],
      [
       4258,
       3436
      ],
      [
       4297,
       3448
      ],
      [
       4297,
       3439
      ],
      [
       4308,
       3435
      ],
      [
       4321,
       3442
      ],
      [
       4307,
       3448
      ],
      [
       4307,
       3452
      ],
      [
       4359,
       3466
      ],
      [
       4387,
       3382
      ],
      [
       4386,
       3362
      ],
      [
       4381,
       3357
      ],
      [
       4390,
       3339
      ],
      [
       4395,
       3345
      ],
      [
       4400,
       3340
      ],
      [
       4426,
       3248
      ],
      [
       4323,
       3220
      ]
     ]
    ]
   },
   "properties": {
    "sheet": "vancouver_1912_MAP342a_04",
    "outline_id": "vancouver_1912_MAP342a_04:block:1:outline149",
    "block_id": "vancouver_1912_MAP342a_04:block:1",
    "block_fid": 1,
    "block_number": "1",
    "text_inside": [
     "50",
     "50",
     "50",
     "50",
     "50",
     "66"
    ],
    "numerals_inside": [
     "66"
    ],
    "words_inside": [],
    "floors": null,
    "wash_rgb": [
     253,
     227,
     219
    ],
    "wash_chroma": 10.9,
    "wash_lightness_delta": -19.5,
    "hue_deg": 14,
    "material": "brick",
    "area_source_px2": 23862,
    "centroid_source_px": [
     4342,
     3341
    ]
   }
  },
  {
   "type": "Feature",
   "id": 150,
   "geometry": {
    "type": "Polygon",
    "coordinates": [
     [
      [
       1894,
       3226
      ],
      [
       1833,
       3287
      ],
      [
       1884,
       3337
      ],
      [
       1899,
       3339
      ],
      [
       1954,
       3283
      ],
      [
       1894,
       3226
      ]
     ]
    ]
   },
   "properties": {
    "sheet": "vancouver_1912_MAP342a_04",
    "outline_id": "vancouver_1912_MAP342a_04:block:12:outline150",
    "block_id": "vancouver_1912_MAP342a_04:block:12",
    "block_fid": 9,
    "block_number": "12",
    "text_inside": [],
    "numerals_inside": [],
    "words_inside": [],
    "floors": null,
    "wash_rgb": [
     253,
     207,
     211
    ],
    "wash_chroma": 17.4,
    "wash_lightness_delta": -32.0,
    "hue_deg": 354,
    "material": "brick",
    "area_source_px2": 7170,
    "centroid_source_px": [
     1894,
     3285
    ]
   }
  },
  {
   "type": "Feature",
   "id": 151,
   "geometry": {
    "type": "Polygon",
    "coordinates": [
     [
      [
       3054,
       3235
      ],
      [
       3037,
       3242
      ],
      [
       3012,
       3328
      ],
      [
       3013,
       3333
      ],
      [
       3024,
       3337
      ],
      [
       3015,
       3353
      ],
      [
       3024,
       3359
      ],
      [
       3020,
       3381
      ],
      [
       3030,
       3385
      ],
      [
       3036,
       3377
      ],
      [
       3036,
       3386
      ],
      [
       3031,
       3389
      ],
      [
       3000,
       3380
      ],
      [
       2994,
       3391
      ],
      [
       2995,
       3396
      ],
      [
       3013,
       3402
      ],
      [
       3006,
       3427
      ],
      [
       3012,
       3436
      ],
      [
       3001,
       3471
      ],
      [
       3002,
       3476
      ],
      [
       3012,
       3479
      ],
      [
       3018,
       3477
      ],
      [
       3027,
       3442
      ],
      [
       3045,
       3439
      ],
      [
       3063,
       3376
      ],
      [
       3053,
       3369
      ],
      [
       3065,
       3367
      ],
      [
       3075,
       3333
      ],
      [
       3072,
       3328
      ],
      [
       3058,
       3327
      ],
      [
       3053,
       3320
      ],
      [
       3049,
       3322
      ],
      [
       3045,
       3317
      ],
      [
       3041,
       3321
      ],
      [
       3037,
       3317
      ],
      [
       3055,
       3250
      ],
      [
       3065,
       3264
      ],
      [
       3074,
       3260
      ],
      [
       3078,
       3269
      ],
      [
       3089,
       3274
      ],
      [
       3098,
       3251
      ],
      [
       3054,
       3235
      ]
     ]
    ]
   },
   "properties": {
    "sheet": "vancouver_1912_MAP342a_04",
    "outline_id": "vancouver_1912_MAP342a_04:block:fid11:outline151",
    "block_id": "vancouver_1912_MAP342a_04:block:fid11",
    "block_fid": 11,
    "block_number": null,
    "text_inside": [
     "FRI",
     "FRI",
     "FRI",
     "FRI",
     "FRI",
     "FRI",
     "FRI",
     "FRI"
    ],
    "numerals_inside": [],
    "words_inside": [
     "FRI",
     "FRI",
     "FRI",
     "FRI",
     "FRI",
     "FRI",
     "FRI",
     "FRI"
    ],
    "floors": null,
    "wash_rgb": [
     254,
     229,
     228
    ],
    "wash_chroma": 9.8,
    "wash_lightness_delta": -17.2,
    "hue_deg": 2,
    "material": "brick",
    "area_source_px2": 8820,
    "centroid_source_px": [
     3039,
     3353
    ]
   }
  },
  {
   "type": "Feature",
   "id": 152,
   "geometry": {
    "type": "Polygon",
    "coordinates": [
     [
      [
       1740,
       3250
      ],
      [
       1590,
       3392
      ],
      [
       1604,
       3407
      ],
      [
       1611,
       3408
      ],
      [
       1611,
       3414
      ],
      [
       1635,
       3439
      ],
      [
       1644,
       3441
      ],
      [
       1643,
       3446
      ],
      [
       1664,
       3468
      ],
      [
       1676,
       3472
      ],
      [
       1675,
       3479
      ],
      [
       1689,
       3493
      ],
      [
       1706,
       3494
      ],
      [
       1714,
       3504
      ],
      [
       1705,
       3510
      ],
      [
       1714,
       3518
      ],
      [
       1780,
       3456
      ],
      [
       1780,
       3440
      ],
      [
       1768,
       3443
      ],
      [
       1768,
       3436
      ],
      [
       1760,
       3436
      ],
      [
       1775,
       3423
      ],
      [
       1773,
       3432
      ],
      [
       1783,
       3429
      ],
      [
       1797,
       3439
      ],
      [
       1862,
       3375
      ],
      [
       1822,
       3332
      ],
      [
       1815,
       3332
      ],
      [
       1815,
       3325
      ],
      [
       1740,
       3250
      ]
     ]
    ]
   },
   "properties": {
    "sheet": "vancouver_1912_MAP342a_04",
    "outline_id": "vancouver_1912_MAP342a_04:block:12:outline152",
    "block_id": "vancouver_1912_MAP342a_04:block:12",
    "block_fid": 9,
    "block_number": "12",
    "text_inside": [
     "Jones Building",
     "14",
     "13",
     "12",
     "Homer",
     "11"
    ],
    "numerals_inside": [],
    "words_inside": [
     "Jones Building",
     "Homer"
    ],
    "floors": null,
    "wash_rgb": [
     253,
     212,
     212
    ],
    "wash_chroma": 15.6,
    "wash_lightness_delta": -28.9,
    "hue_deg": 0,
    "material": "brick",
    "area_source_px2": 35811,
    "centroid_source_px": [
     1725,
     3378
    ]
   }
  },
  {
   "type": "Feature",
   "id": 153,
   "geometry": {
    "type": "Polygon",
    "coordinates": [
     [
      [
       3105,
       3250
      ],
      [
       3095,
       3272
      ],
      [
       3035,
       3481
      ],
      [
       3043,
       3488
      ],
      [
       3052,
       3482
      ],
      [
       3077,
       3487
      ],
      [
       3078,
       3497
      ],
      [
       3100,
       3503
      ],
      [
       3138,
       3491
      ],
      [
       3143,
       3485
      ],
      [
       3200,
       3277
      ],
      [
       3163,
       3265
      ],
      [
       3154,
       3270
      ],
      [
       3145,
       3260
      ],
      [
       3105,
       3250
      ]
     ]
    ]
   },
   "properties": {
    "sheet": "vancouver_1912_MAP342a_04",
    "outline_id": "vancouver_1912_MAP342a_04:block:fid11:outline153",
    "block_id": "vancouver_1912_MAP342a_04:block:fid11",
    "block_fid": 11,
    "block_number": null,
    "text_inside": [
     "FRI",
     "FRI",
     "FRI",
     "FRI",
     "FRI",
     "FRI",
     "FRI",
     "FRI",
     "FRI",
     "FRI",
     "FRI",
     "FRI",
     "A",
     "4",
     "FRI",
     "FRI",
     "FRI",
     "FRI",
     "FRI",
     "FRI",
     "FRI",
     "FRI",
     "FRI"
    ],
    "numerals_inside": [
     "4"
    ],
    "words_inside": [
     "FRI",
     "FRI",
     "FRI",
     "FRI",
     "FRI",
     "FRI",
     "FRI",
     "FRI",
     "FRI",
     "FRI",
     "FRI",
     "FRI",
     "FRI",
     "FRI",
     "FRI",
     "FRI",
     "FRI",
     "FRI",
     "FRI",
     "FRI",
     "FRI"
    ],
    "floors": null,
    "wash_rgb": [
     253,
     212,
     213
    ],
    "wash_chroma": 15.6,
    "wash_lightness_delta": -29.0,
    "hue_deg": 358,
    "material": "brick",
    "area_source_px2": 24669,
    "centroid_source_px": [
     3119,
     3377
    ]
   }
  },
  {
   "type": "Feature",
   "id": 154,
   "geometry": {
    "type": "Polygon",
    "coordinates": [
     [
      [
       3212,
       3278
      ],
      [
       3205,
       3281
      ],
      [
       3146,
       3484
      ],
      [
       3148,
       3491
      ],
      [
       3173,
       3500
      ],
      [
       3196,
       3529
      ],
      [
       3202,
       3527
      ],
      [
       3233,
       3422
      ],
      [
       3234,
       3413
      ],
      [
       3219,
       3412
      ],
      [
       3217,
       3404
      ],
      [
       3224,
       3410
      ],
      [
       3231,
       3408
      ],
      [
       3224,
       3395
      ],
      [
       3241,
       3391
      ],
      [
       3266,
       3306
      ],
      [
       3261,
       3291
      ],
      [
       3212,
       3278
      ]
     ]
    ]
   },
   "properties": {
    "sheet": "vancouver_1912_MAP342a_04",
    "outline_id": "vancouver_1912_MAP342a_04:block:fid11:outline154",
    "block_id": "vancouver_1912_MAP342a_04:block:fid11",
    "block_fid": 11,
    "block_number": null,
    "text_inside": [
     "FRI",
     "FRI",
     "FRI",
     "FRI",
     "FRI",
     "FRI",
     "FRI",
     "FRI",
     "FRI",
     "FRI",
     "FRI",
     "9",
     "3",
     "FRI",
     "FRI",
     "FRI"
    ],
    "numerals_inside": [
     "3"
    ],
    "words_inside": [
     "FRI",
     "FRI",
     "FRI",
     "FRI",
     "FRI",
     "FRI",
     "FRI",
     "FRI",
     "FRI",
     "FRI",
     "FRI",
     "FRI",
     "FRI",
     "FRI"
    ],
    "floors": null,
    "wash_rgb": [
     254,
     254,
     254
    ],
    "wash_chroma": 0.1,
    "wash_lightness_delta": -0.1,
    "hue_deg": 0,
    "material": "not a building (open lot, yard or court)",
    "area_source_px2": 14826,
    "centroid_source_px": [
     3206,
     3396
    ]
   }
  },
  {
   "type": "Feature",
   "id": 155,
   "geometry": {
    "type": "Polygon",
    "coordinates": [
     [
      [
       3278,
       3295
      ],
      [
       3271,
       3299
      ],
      [
       3206,
       3526
      ],
      [
       3209,
       3532
      ],
      [
       3244,
       3542
      ],
      [
       3250,
       3541
      ],
      [
       3318,
       3314
      ],
      [
       3315,
       3306
      ],
      [
       3278,
       3295
      ]
     ]
    ]
   },
   "properties": {
    "sheet": "vancouver_1912_MAP342a_04",
    "outline_id": "vancouver_1912_MAP342a_04:block:fid11:outline155",
    "block_id": "vancouver_1912_MAP342a_04:block:fid11",
    "block_fid": 11,
    "block_number": null,
    "text_inside": [
     "FRI",
     "FRI",
     "FRI",
     "FRI",
     "FRI",
     "FRI",
     "FRI",
     "FRI",
     "FRI"
    ],
    "numerals_inside": [],
    "words_inside": [
     "FRI",
     "FRI",
     "FRI",
     "FRI",
     "FRI",
     "FRI",
     "FRI",
     "FRI",
     "FRI"
    ],
    "floors": null,
    "wash_rgb": [
     253,
     212,
     212
    ],
    "wash_chroma": 15.8,
    "wash_lightness_delta": -29.2,
    "hue_deg": 0,
    "material": "brick",
    "area_source_px2": 11761,
    "centroid_source_px": [
     3262,
     3418
    ]
   }
  },
  {
   "type": "Feature",
   "id": 156,
   "geometry": {
    "type": "Polygon",
    "coordinates": [
     [
      [
       2147,
       3310
      ],
      [
       2132,
       3311
      ],
      [
       2113,
       3298
      ],
      [
       2051,
       3357
      ],
      [
       2051,
       3373
      ],
      [
       2037,
       3386
      ],
      [
       2030,
       3379
      ],
      [
       1986,
       3420
      ],
      [
       1989,
       3425
      ],
      [
       1983,
       3437
      ],
      [
       2033,
       3487
      ],
      [
       2039,
       3487
      ],
      [
       2182,
       3348
      ],
      [
       2176,
       3339
      ],
      [
       2168,
       3342
      ],
      [
       2164,
       3338
      ],
      [
       2170,
       3333
      ],
      [
       2147,
       3310
      ]
     ]
    ]
   },
   "properties": {
    "sheet": "vancouver_1912_MAP342a_04",
    "outline_id": "vancouver_1912_MAP342a_04:block:4:outline156",
    "block_id": "vancouver_1912_MAP342a_04:block:4",
    "block_fid": 12,
    "block_number": "4",
    "text_inside": [
     "Mercoritise"
    ],
    "numerals_inside": [],
    "words_inside": [
     "Mercoritise"
    ],
    "floors": null,
    "wash_rgb": [
     253,
     211,
     211
    ],
    "wash_chroma": 16.0,
    "wash_lightness_delta": -29.6,
    "hue_deg": 0,
    "material": "brick",
    "area_source_px2": 16563,
    "centroid_source_px": [
     2086,
     3388
    ]
   }
  },
  {
   "type": "Feature",
   "id": 157,
   "geometry": {
    "type": "Polygon",
    "coordinates": [
     [
      [
       2712,
       3306
      ],
      [
       2697,
       3300
      ],
      [
       2693,
       3311
      ],
      [
       2636,
       3330
      ],
      [
       2620,
       3342
      ],
      [
       2608,
       3342
      ],
      [
       2599,
       3350
      ],
      [
       2590,
       3343
      ],
      [
       2583,
       3361
      ],
      [
       2687,
       3391
      ],
      [
       2712,
       3306
      ]
     ]
    ]
   },
   "properties": {
    "sheet": "vancouver_1912_MAP342a_04",
    "outline_id": "vancouver_1912_MAP342a_04:block:fid11:outline157",
    "block_id": "vancouver_1912_MAP342a_04:block:fid11",
    "block_fid": 11,
    "block_number": null,
    "text_inside": [],
    "numerals_inside": [],
    "words_inside": [],
    "floors": null,
    "wash_rgb": [
     253,
     200,
     207
    ],
    "wash_chroma": 20.3,
    "wash_lightness_delta": -36.4,
    "hue_deg": 352,
    "material": "brick",
    "area_source_px2": 5604,
    "centroid_source_px": [
     2659,
     3351
    ]
   }
  },
  {
   "type": "Feature",
   "id": 158,
   "geometry": {
    "type": "Polygon",
    "coordinates": [
     [
      [
       3326,
       3309
      ],
      [
       3318,
       3322
      ],
      [
       3255,
       3539
      ],
      [
       3259,
       3546
      ],
      [
       3303,
       3558
      ],
      [
       3309,
       3555
      ],
      [
       3340,
       3448
      ],
      [
       3331,
       3439
      ],
      [
       3337,
       3425
      ],
      [
       3348,
       3420
      ],
      [
       3374,
       3329
      ],
      [
       3371,
       3320
      ],
      [
       3326,
       3309
      ]
     ]
    ]
   },
   "properties": {
    "sheet": "vancouver_1912_MAP342a_04",
    "outline_id": "vancouver_1912_MAP342a_04:block:fid11:outline158",
    "block_id": "vancouver_1912_MAP342a_04:block:fid11",
    "block_fid": 11,
    "block_number": null,
    "text_inside": [
     "FRI",
     "FRI",
     "FRI",
     "FRI",
     "FRI",
     "FRI",
     "FRI",
     "FRI",
     "FRI",
     "FRI"
    ],
    "numerals_inside": [],
    "words_inside": [
     "FRI",
     "FRI",
     "FRI",
     "FRI",
     "FRI",
     "FRI",
     "FRI",
     "FRI",
     "FRI",
     "FRI"
    ],
    "floors": null,
    "wash_rgb": [
     253,
     218,
     215
    ],
    "wash_chroma": 13.6,
    "wash_lightness_delta": -25.0,
    "hue_deg": 4,
    "material": "brick",
    "area_source_px2": 13557,
    "centroid_source_px": [
     3314,
     3434
    ]
   }
  },
  {
   "type": "Feature",
   "id": 159,
   "geometry": {
    "type": "Polygon",
    "coordinates": [
     [
      [
       2837,
       3315
      ],
      [
       2808,
       3422
      ],
      [
       2886,
       3445
      ],
      [
       2893,
       3431
      ],
      [
       2892,
       3446
      ],
      [
       2914,
       3451
      ],
      [
       2945,
       3342
      ],
      [
       2926,
       3336
      ],
      [
       2920,
       3340
      ],
      [
       2916,
       3333
      ],
      [
       2837,
       3315
      ]
     ]
    ]
   },
   "properties": {
    "sheet": "vancouver_1912_MAP342a_04",
    "outline_id": "vancouver_1912_MAP342a_04:block:fid11:outline159",
    "block_id": "vancouver_1912_MAP342a_04:block:fid11",
    "block_fid": 11,
    "block_number": null,
    "text_inside": [
     "FRI",
     "FRI",
     "FRI",
     "FRI",
     "FRI",
     "FRI",
     "FRI",
     "FRI"
    ],
    "numerals_inside": [],
    "words_inside": [
     "FRI",
     "FRI",
     "FRI",
     "FRI",
     "FRI",
     "FRI",
     "FRI",
     "FRI"
    ],
    "floors": null,
    "wash_rgb": [
     254,
     249,
     226
    ],
    "wash_chroma": 12.0,
    "wash_lightness_delta": -4.7,
    "hue_deg": 50,
    "material": "frame (wood)",
    "area_source_px2": 12502,
    "centroid_source_px": [
     2874,
     3382
    ]
   }
  },
  {
   "type": "Feature",
   "id": 160,
   "geometry": {
    "type": "Polygon",
    "coordinates": [
     [
      [
       3393,
       3326
      ],
      [
       3387,
       3333
      ],
      [
       3379,
       3331
      ],
      [
       3356,
       3399
      ],
      [
       3352,
       3430
      ],
      [
       3347,
       3434
      ],
      [
       3349,
       3440
      ],
      [
       3343,
       3447
      ],
      [
       3310,
       3556
      ],
      [
       3315,
       3561
      ],
      [
       3368,
       3575
      ],
      [
       3375,
       3564
      ],
      [
       3398,
       3478
      ],
      [
       3392,
       3473
      ],
      [
       3432,
       3342
      ],
      [
       3428,
       3336
      ],
      [
       3393,
       3326
      ]
     ]
    ]
   },
   "properties": {
    "sheet": "vancouver_1912_MAP342a_04",
    "outline_id": "vancouver_1912_MAP342a_04:block:fid11:outline160",
    "block_id": "vancouver_1912_MAP342a_04:block:fid11",
    "block_fid": 11,
    "block_number": null,
    "text_inside": [
     "FRI",
     "FRI",
     "FRI",
     "FRI",
     "FRI",
     "FRI",
     "FRI",
     "FRI",
     "FRI",
     "FRI",
     "FRI",
     "FRI"
    ],
    "numerals_inside": [],
    "words_inside": [
     "FRI",
     "FRI",
     "FRI",
     "FRI",
     "FRI",
     "FRI",
     "FRI",
     "FRI",
     "FRI",
     "FRI",
     "FRI",
     "FRI"
    ],
    "floors": null,
    "wash_rgb": [
     254,
     254,
     254
    ],
    "wash_chroma": 0.2,
    "wash_lightness_delta": -0.2,
    "hue_deg": 0,
    "material": "not a building (open lot, yard or court)",
    "area_source_px2": 14190,
    "centroid_source_px": [
     3372,
     3453
    ]
   }
  },
  {
   "type": "Feature",
   "id": 161,
   "geometry": {
    "type": "Polygon",
    "coordinates": [
     [
      [
       3439,
       3340
      ],
      [
       3432,
       3351
      ],
      [
       3402,
       3453
      ],
      [
       3400,
       3493
      ],
      [
       3375,
       3576
      ],
      [
       3388,
       3579
      ],
      [
       3403,
       3572
      ],
      [
       3429,
       3571
      ],
      [
       3465,
       3587
      ],
      [
       3470,
       3583
      ],
      [
       3480,
       3585
      ],
      [
       3510,
       3494
      ],
      [
       3507,
       3473
      ],
      [
       3497,
       3474
      ],
      [
       3495,
       3488
      ],
      [
       3484,
       3493
      ],
      [
       3472,
       3507
      ],
      [
       3477,
       3517
      ],
      [
       3473,
       3522
      ],
      [
       3461,
       3524
      ],
      [
       3442,
       3546
      ],
      [
       3437,
       3545
      ],
      [
       3435,
       3536
      ],
      [
       3439,
       3532
      ],
      [
       3449,
       3534
      ],
      [
       3447,
       3526
      ],
      [
       3461,
       3513
      ],
      [
       3477,
       3481
      ],
      [
       3490,
       3481
      ],
      [
       3486,
       3463
      ],
      [
       3492,
       3463
      ],
      [
       3490,
       3454
      ],
      [
       3501,
       3461
      ],
      [
       3520,
       3455
      ],
      [
       3544,
       3370
      ],
      [
       3503,
       3356
      ],
      [
       3487,
       3363
      ],
      [
       3479,
       3359
      ],
      [
       3479,
       3350
      ],
      [
       3439,
       3340
      ]
     ]
    ]
   },
   "properties": {
    "sheet": "vancouver_1912_MAP342a_04",
    "outline_id": "vancouver_1912_MAP342a_04:block:fid11:outline161",
    "block_id": "vancouver_1912_MAP342a_04:block:fid11",
    "block_fid": 11,
    "block_number": null,
    "text_inside": [
     "FRI",
     "FRI",
     "FRI",
     "Winters",
     "FRI",
     "Hotel",
     "FRI",
     "Hotel",
     "FRI",
     "FRI",
     "FRI",
     "FRI",
     "FRI",
     "FRI",
     "FRI",
     "FRI",
     "FRI"
    ],
    "numerals_inside": [],
    "words_inside": [
     "FRI",
     "FRI",
     "FRI",
     "Winters",
     "FRI",
     "Hotel",
     "FRI",
     "Hotel",
     "FRI",
     "FRI",
     "FRI",
     "FRI",
     "FRI",
     "FRI",
     "FRI",
     "FRI",
     "FRI"
    ],
    "floors": null,
    "wash_rgb": [
     253,
     221,
     217
    ],
    "wash_chroma": 12.6,
    "wash_lightness_delta": -23.2,
    "hue_deg": 6,
    "material": "brick",
    "area_source_px2": 23864,
    "centroid_source_px": [
     3459,
     3458
    ]
   }
  },
  {
   "type": "Feature",
   "id": 162,
   "geometry": {
    "type": "Polygon",
    "coordinates": [
     [
      [
       2186,
       3350
      ],
      [
       2039,
       3491
      ],
      [
       2097,
       3550
      ],
      [
       2244,
       3412
      ],
      [
       2240,
       3403
      ],
      [
       2227,
       3401
      ],
      [
       2232,
       3396
      ],
      [
       2186,
       3350
      ]
     ]
    ]
   },
   "properties": {
    "sheet": "vancouver_1912_MAP342a_04",
    "outline_id": "vancouver_1912_MAP342a_04:block:4:outline162",
    "block_id": "vancouver_1912_MAP342a_04:block:4",
    "block_fid": 12,
    "block_number": "4",
    "text_inside": [
     "3",
     "4"
    ],
    "numerals_inside": [],
    "words_inside": [],
    "floors": null,
    "wash_rgb": [
     253,
     210,
     211
    ],
    "wash_chroma": 16.3,
    "wash_lightness_delta": -30.2,
    "hue_deg": 358,
    "material": "brick",
    "area_source_px2": 17061,
    "centroid_source_px": [
     2141,
     3452
    ]
   }
  },
  {
   "type": "Feature",
   "id": 163,
   "geometry": {
    "type": "Polygon",
    "coordinates": [
     [
      [
       2574,
       3401
      ],
      [
       2541,
       3506
      ],
      [
       2556,
       3515
      ],
      [
       2539,
       3514
      ],
      [
       2520,
       3580
      ],
      [
       2548,
       3607
      ],
      [
       2555,
       3597
      ],
      [
       2553,
       3612
      ],
      [
       2574,
       3633
      ],
      [
       2580,
       3634
      ],
      [
       2585,
       3623
      ],
      [
       2585,
       3642
      ],
      [
       2605,
       3646
      ],
      [
       2614,
       3631
      ],
      [
       2621,
       3638
      ],
      [
       2611,
       3647
      ],
      [
       2634,
       3655
      ],
      [
       2641,
       3636
      ],
      [
       2646,
       3645
      ],
      [
       2661,
       3646
      ],
      [
       2666,
       3640
      ],
      [
       2663,
       3661
      ],
      [
       2682,
       3667
      ],
      [
       2745,
       3449
      ],
      [
       2635,
       3417
      ],
      [
       2619,
       3425
      ],
      [
       2609,
       3420
      ],
      [
       2610,
       3411
      ],
      [
       2574,
       3401
      ]
     ]
    ]
   },
   "properties": {
    "sheet": "vancouver_1912_MAP342a_04",
    "outline_id": "vancouver_1912_MAP342a_04:block:fid11:outline163",
    "block_id": "vancouver_1912_MAP342a_04:block:fid11",
    "block_fid": 11,
    "block_number": null,
    "text_inside": [
     "9",
     "10"
    ],
    "numerals_inside": [
     "9",
     "10"
    ],
    "words_inside": [],
    "floors": null,
    "wash_rgb": [
     253,
     210,
     210
    ],
    "wash_chroma": 16.6,
    "wash_lightness_delta": -30.6,
    "hue_deg": 0,
    "material": "brick",
    "area_source_px2": 38453,
    "centroid_source_px": [
     2631,
     3526
    ]
   }
  },
  {
   "type": "Feature",
   "id": 164,
   "geometry": {
    "type": "Polygon",
    "coordinates": [
     [
      [
       3680,
       3404
      ],
      [
       3654,
       3420
      ],
      [
       3633,
       3492
      ],
      [
       3653,
       3502
      ],
      [
       3664,
       3463
      ],
      [
       3667,
       3473
      ],
      [
       3678,
       3481
      ],
      [
       3675,
       3495
      ],
      [
       3667,
       3490
      ],
      [
       3665,
       3500
      ],
      [
       3680,
       3507
      ],
      [
       3670,
       3508
      ],
      [
       3665,
       3519
      ],
      [
       3658,
       3515
      ],
      [
       3652,
       3518
      ],
      [
       3656,
       3529
      ],
      [
       3650,
       3540
      ],
      [
       3657,
       3546
      ],
      [
       3675,
       3536
      ],
      [
       3669,
       3531
      ],
      [
       3673,
       3528
      ],
      [
       3688,
       3537
      ],
      [
       3694,
       3533
      ],
      [
       3693,
       3528
      ],
      [
       3701,
       3530
      ],
      [
       3700,
       3543
      ],
      [
       3692,
       3546
      ],
      [
       3691,
       3551
      ],
      [
       3703,
       3556
      ],
      [
       3699,
       3562
      ],
      [
       3706,
       3568
      ],
      [
       3722,
       3570
      ],
      [
       3750,
       3477
      ],
      [
       3758,
       3474
      ],
      [
       3769,
       3430
      ],
      [
       3722,
       3416
      ],
      [
       3702,
       3424
      ],
      [
       3694,
       3420
      ],
      [
       3700,
       3410
      ],
      [
       3680,
       3404
      ]
     ]
    ]
   },
   "properties": {
    "sheet": "vancouver_1912_MAP342a_04",
    "outline_id": "vancouver_1912_MAP342a_04:block:2:outline164",
    "block_id": "vancouver_1912_MAP342a_04:block:2",
    "block_fid": 13,
    "block_number": "2",
    "text_inside": [
     "Dominion",
     "HOTEL",
     "HOTEL",
     "66"
    ],
    "numerals_inside": [
     "66"
    ],
    "words_inside": [
     "Dominion",
     "HOTEL",
     "HOTEL"
    ],
    "floors": null,
    "wash_rgb": [
     253,
     213,
     215
    ],
    "wash_chroma": 15.0,
    "wash_lightness_delta": -28.0,
    "hue_deg": 358,
    "material": "brick",
    "area_source_px2": 12802,
    "centroid_source_px": [
     3702,
     3474
    ]
   }
  },
  {
   "type": "Feature",
   "id": 165,
   "geometry": {
    "type": "Polygon",
    "coordinates": [
     [
      [
       2252,
       3415
      ],
      [
       2243,
       3416
      ],
      [
       2103,
       3549
      ],
      [
       2103,
       3558
      ],
      [
       2122,
       3577
      ],
      [
       2132,
       3578
      ],
      [
       2274,
       3444
      ],
      [
       2268,
       3432
      ],
      [
       2257,
       3432
      ],
      [
       2261,
       3424
      ],
      [
       2252,
       3415
      ]
     ]
    ]
   },
   "properties": {
    "sheet": "vancouver_1912_MAP342a_04",
    "outline_id": "vancouver_1912_MAP342a_04:block:4:outline165",
    "block_id": "vancouver_1912_MAP342a_04:block:4",
    "block_fid": 12,
    "block_number": "4",
    "text_inside": [
     "5"
    ],
    "numerals_inside": [],
    "words_inside": [],
    "floors": null,
    "wash_rgb": [
     253,
     208,
     210
    ],
    "wash_chroma": 17.1,
    "wash_lightness_delta": -31.5,
    "hue_deg": 358,
    "material": "brick",
    "area_source_px2": 8386,
    "centroid_source_px": [
     2187,
     3498
    ]
   }
  },
  {
   "type": "Feature",
   "id": 166,
   "geometry": {
    "type": "Polygon",
    "coordinates": [
     [
      [
       3777,
       3431
      ],
      [
       3773,
       3433
      ],
      [
       3762,
       3473
      ],
      [
       3752,
       3482
      ],
      [
       3705,
       3642
      ],
      [
       3711,
       3650
      ],
      [
       3752,
       3660
      ],
      [
       3761,
       3658
      ],
      [
       3783,
       3584
      ],
      [
       3778,
       3571
      ],
      [
       3792,
       3556
      ],
      [
       3824,
       3448
      ],
      [
       3817,
       3441
      ],
      [
       3777,
       3431
      ]
     ]
    ]
   },
   "properties": {
    "sheet": "vancouver_1912_MAP342a_04",
    "outline_id": "vancouver_1912_MAP342a_04:block:2:outline166",
    "block_id": "vancouver_1912_MAP342a_04:block:2",
    "block_fid": 13,
    "block_number": "2",
    "text_inside": [
     "05",
     "66",
     "66",
     "66",
     "66"
    ],
    "numerals_inside": [
     "66",
     "66",
     "66",
     "66"
    ],
    "words_inside": [],
    "floors": null,
    "wash_rgb": [
     254,
     254,
     254
    ],
    "wash_chroma": 0.1,
    "wash_lightness_delta": -0.2,
    "hue_deg": 0,
    "material": "not a building (open lot, yard or court)",
    "area_source_px2": 12938,
    "centroid_source_px": [
     3764,
     3547
    ]
   }
  },
  {
   "type": "Feature",
   "id": 167,
   "geometry": {
    "type": "Polygon",
    "coordinates": [
     [
      [
       2283,
       3447
      ],
      [
       2272,
       3449
      ],
      [
       2132,
       3582
      ],
      [
       2155,
       3610
      ],
      [
       2302,
       3477
      ],
      [
       2305,
       3469
      ],
      [
       2295,
       3461
      ],
      [
       2288,
       3462
      ],
      [
       2290,
       3455
      ],
      [
       2283,
       3447
      ]
     ]
    ]
   },
   "properties": {
    "sheet": "vancouver_1912_MAP342a_04",
    "outline_id": "vancouver_1912_MAP342a_04:block:4:outline167",
    "block_id": "vancouver_1912_MAP342a_04:block:4",
    "block_fid": 12,
    "block_number": "4",
    "text_inside": [
     "6",
     "B",
     "B",
     "B",
     "B",
     "B",
     "B",
     "B",
     "B",
     "B",
     "B",
     "B",
     "B",
     "B",
     "B",
     "B",
     "B",
     "B",
     "B",
     "B",
     "B",
     "B",
     "B",
     "B",
     "B",
     "B",
     "B",
     "B"
    ],
    "numerals_inside": [],
    "words_inside": [],
    "floors": null,
    "wash_rgb": [
     253,
     206,
     209
    ],
    "wash_chroma": 17.8,
    "wash_lightness_delta": -32.6,
    "hue_deg": 356,
    "material": "brick",
    "area_source_px2": 7803,
    "centroid_source_px": [
     2217,
     3529
    ]
   }
  },
  {
   "type": "Feature",
   "id": 168,
   "geometry": {
    "type": "Polygon",
    "coordinates": [
     [
      [
       3840,
       3448
      ],
      [
       3825,
       3454
      ],
      [
       3794,
       3558
      ],
      [
       3798,
       3565
      ],
      [
       3786,
       3581
      ],
      [
       3763,
       3658
      ],
      [
       3779,
       3668
      ],
      [
       3780,
       3686
      ],
      [
       3808,
       3694
      ],
      [
       3814,
       3691
      ],
      [
       3882,
       3466
      ],
      [
       3876,
       3457
      ],
      [
       3840,
       3448
      ]
     ]
    ]
   },
   "properties": {
    "sheet": "vancouver_1912_MAP342a_04",
    "outline_id": "vancouver_1912_MAP342a_04:block:2:outline168",
    "block_id": "vancouver_1912_MAP342a_04:block:2",
    "block_fid": 13,
    "block_number": "2",
    "text_inside": [
     "66",
     "66",
     "66",
     "66",
     "66"
    ],
    "numerals_inside": [
     "66",
     "66",
     "66",
     "66",
     "66"
    ],
    "words_inside": [],
    "floors": null,
    "wash_rgb": [
     253,
     211,
     214
    ],
    "wash_chroma": 15.8,
    "wash_lightness_delta": -29.3,
    "hue_deg": 356,
    "material": "brick",
    "area_source_px2": 13710,
    "centroid_source_px": [
     3822,
     3567
    ]
   }
  },
  {
   "type": "Feature",
   "id": 169,
   "geometry": {
    "type": "Polygon",
    "coordinates": [
     [
      [
       3885,
       3462
      ],
      [
       3852,
       3574
      ],
      [
       3901,
       3589
      ],
      [
       3909,
       3573
      ],
      [
       3907,
       3589
      ],
      [
       3927,
       3596
      ],
      [
       3934,
       3592
      ],
      [
       3940,
       3575
      ],
      [
       3936,
       3597
      ],
      [
       3961,
       3604
      ],
      [
       3993,
       3491
      ],
      [
       3945,
       3477
      ],
      [
       3937,
       3483
      ],
      [
       3931,
       3479
      ],
      [
       3932,
       3474
      ],
      [
       3915,
       3468
      ],
      [
       3907,
       3478
      ],
      [
       3906,
       3467
      ],
      [
       3885,
       3462
      ]
     ]
    ]
   },
   "properties": {
    "sheet": "vancouver_1912_MAP342a_04",
    "outline_id": "vancouver_1912_MAP342a_04:block:2:outline169",
    "block_id": "vancouver_1912_MAP342a_04:block:2",
    "block_fid": 13,
    "block_number": "2",
    "text_inside": [
     "50"
    ],
    "numerals_inside": [],
    "words_inside": [],
    "floors": null,
    "wash_rgb": [
     253,
     212,
     214
    ],
    "wash_chroma": 15.7,
    "wash_lightness_delta": -29.1,
    "hue_deg": 358,
    "material": "brick",
    "area_source_px2": 13084,
    "centroid_source_px": [
     3923,
     3533
    ]
   }
  },
  {
   "type": "Feature",
   "id": 170,
   "geometry": {
    "type": "Polygon",
    "coordinates": [
     [
      [
       2796,
       3462
      ],
      [
       2787,
       3480
      ],
      [
       2775,
       3530
      ],
      [
       2847,
       3551
      ],
      [
       2806,
       3696
      ],
      [
       2809,
       3703
      ],
      [
       2838,
       3710
      ],
      [
       2844,
       3701
      ],
      [
       2903,
       3491
      ],
      [
       2869,
       3482
      ],
      [
       2858,
       3517
      ],
      [
       2799,
       3502
      ],
      [
       2806,
       3465
      ],
      [
       2796,
       3462
      ]
     ]
    ]
   },
   "properties": {
    "sheet": "vancouver_1912_MAP342a_04",
    "outline_id": "vancouver_1912_MAP342a_04:block:fid11:outline170",
    "block_id": "vancouver_1912_MAP342a_04:block:fid11",
    "block_fid": 11,
    "block_number": null,
    "text_inside": [],
    "numerals_inside": [],
    "words_inside": [],
    "floors": null,
    "wash_rgb": [
     254,
     253,
     251
    ],
    "wash_chroma": 1.4,
    "wash_lightness_delta": -0.9,
    "hue_deg": 40,
    "material": "not a building (open lot, yard or court)",
    "area_source_px2": 11691,
    "centroid_source_px": [
     2844,
     3575
    ]
   }
  },
  {
   "type": "Feature",
   "id": 171,
   "geometry": {
    "type": "Polygon",
    "coordinates": [
     [
      [
       2311,
       3476
      ],
      [
       2304,
       3478
      ],
      [
       2227,
       3550
      ],
      [
       2252,
       3577
      ],
      [
       2269,
       3566
      ],
      [
       2335,
       3503
      ],
      [
       2329,
       3494
      ],
      [
       2318,
       3494
      ],
      [
       2322,
       3486
      ],
      [
       2311,
       3476
      ]
     ]
    ]
   },
   "properties": {
    "sheet": "vancouver_1912_MAP342a_04",
    "outline_id": "vancouver_1912_MAP342a_04:block:4:outline171",
    "block_id": "vancouver_1912_MAP342a_04:block:4",
    "block_fid": 12,
    "block_number": "4",
    "text_inside": [
     "B",
     "B",
     "B",
     "B",
     "B",
     "B",
     "B",
     "B",
     "B",
     "B",
     "B",
     "B",
     "B",
     "B",
     "B",
     "B",
     "B",
     "B",
     "B",
     "B",
     "B",
     "B",
     "B",
     "B",
     "7"
    ],
    "numerals_inside": [],
    "words_inside": [],
    "floors": null,
    "wash_rgb": [
     253,
     208,
     208
    ],
    "wash_chroma": 17.1,
    "wash_lightness_delta": -31.6,
    "hue_deg": 0,
    "material": "brick",
    "area_source_px2": 4407,
    "centroid_source_px": [
     2283,
     3525
    ]
   }
  },
  {
   "type": "Feature",
   "id": 172,
   "geometry": {
    "type": "Polygon",
    "coordinates": [
     [
      [
       4005,
       3492
      ],
      [
       3998,
       3493
      ],
      [
       3966,
       3607
      ],
      [
       3929,
       3722
      ],
      [
       3933,
       3728
      ],
      [
       3977,
       3740
      ],
      [
       3985,
       3731
      ],
      [
       4011,
       3643
      ],
      [
       4002,
       3638
      ],
      [
       4003,
       3633
      ],
      [
       4017,
       3622
      ],
      [
       4049,
       3510
      ],
      [
       4046,
       3503
      ],
      [
       4005,
       3492
      ]
     ]
    ]
   },
   "properties": {
    "sheet": "vancouver_1912_MAP342a_04",
    "outline_id": "vancouver_1912_MAP342a_04:block:2:outline172",
    "block_id": "vancouver_1912_MAP342a_04:block:2",
    "block_fid": 13,
    "block_number": "2",
    "text_inside": [
     "50",
     "50",
     "4",
     "66",
     "66",
     "66",
     "66",
     "66"
    ],
    "numerals_inside": [
     "4",
     "66",
     "66",
     "66",
     "66",
     "66"
    ],
    "words_inside": [],
    "floors": null,
    "wash_rgb": [
     253,
     213,
     214
    ],
    "wash_chroma": 15.1,
    "wash_lightness_delta": -28.1,
    "hue_deg": 358,
    "material": "brick",
    "area_source_px2": 13159,
    "centroid_source_px": [
     3989,
     3616
    ]
   }
  },
  {
   "type": "Feature",
   "id": 173,
   "geometry": {
    "type": "Polygon",
    "coordinates": [
     [
      [
       2906,
       3494
      ],
      [
       2884,
       3573
      ],
      [
       2984,
       3603
      ],
      [
       2996,
       3603
      ],
      [
       3018,
       3522
      ],
      [
       2906,
       3494
      ]
     ]
    ]
   },
   "properties": {
    "sheet": "vancouver_1912_MAP342a_04",
    "outline_id": "vancouver_1912_MAP342a_04:block:fid11:outline173",
    "block_id": "vancouver_1912_MAP342a_04:block:fid11",
    "block_fid": 11,
    "block_number": null,
    "text_inside": [],
    "numerals_inside": [],
    "words_inside": [],
    "floors": null,
    "wash_rgb": [
     254,
     254,
     254
    ],
    "wash_chroma": 0.1,
    "wash_lightness_delta": -0.1,
    "hue_deg": 0,
    "material": "not a building (open lot, yard or court)",
    "area_source_px2": 9778,
    "centroid_source_px": [
     2951,
     3548
    ]
   }
  },
  {
   "type": "Feature",
   "id": 174,
   "geometry": {
    "type": "Polygon",
    "coordinates": [
     [
      [
       2339,
       3505
      ],
      [
       2266,
       3571
      ],
      [
       2269,
       3580
      ],
      [
       2251,
       3596
      ],
      [
       2276,
       3623
      ],
      [
       2259,
       3642
      ],
      [
       2281,
       3663
      ],
      [
       2305,
       3644
      ],
      [
       2302,
       3634
      ],
      [
       2317,
       3617
      ],
      [
       2321,
       3624
      ],
      [
       2326,
       3624
      ],
      [
       2391,
       3561
      ],
      [
       2369,
       3549
      ],
      [
       2376,
       3545
      ],
      [
       2375,
       3540
      ],
      [
       2361,
       3526
      ],
      [
       2351,
       3526
      ],
      [
       2353,
       3518
      ],
      [
       2339,
       3505
      ]
     ]
    ]
   },
   "properties": {
    "sheet": "vancouver_1912_MAP342a_04",
    "outline_id": "vancouver_1912_MAP342a_04:block:4:outline174",
    "block_id": "vancouver_1912_MAP342a_04:block:4",
    "block_fid": 12,
    "block_number": "4",
    "text_inside": [
     "8",
     "9",
     "B",
     "B"
    ],
    "numerals_inside": [],
    "words_inside": [],
    "floors": null,
    "wash_rgb": [
     253,
     216,
     212
    ],
    "wash_chroma": 14.3,
    "wash_lightness_delta": -26.7,
    "hue_deg": 6,
    "material": "brick",
    "area_source_px2": 10210,
    "centroid_source_px": [
     2317,
     3580
    ]
   }
  },
  {
   "type": "Feature",
   "id": 175,
   "geometry": {
    "type": "Polygon",
    "coordinates": [
     [
      [
       2010,
       3520
      ],
      [
       1859,
       3664
      ],
      [
       1869,
       3676
      ],
      [
       1878,
       3677
      ],
      [
       1876,
       3684
      ],
      [
       1898,
       3706
      ],
      [
       1904,
       3706
      ],
      [
       1927,
       3734
      ],
      [
       1937,
       3735
      ],
      [
       1935,
       3742
      ],
      [
       1947,
       3753
      ],
      [
       2099,
       3610
      ],
      [
       2010,
       3520
      ]
     ]
    ]
   },
   "properties": {
    "sheet": "vancouver_1912_MAP342a_04",
    "outline_id": "vancouver_1912_MAP342a_04:block:4:outline175",
    "block_id": "vancouver_1912_MAP342a_04:block:4",
    "block_fid": 12,
    "block_number": "4",
    "text_inside": [
     "23",
     "22",
     "21"
    ],
    "numerals_inside": [],
    "words_inside": [],
    "floors": null,
    "wash_rgb": [
     253,
     214,
     212
    ],
    "wash_chroma": 15.0,
    "wash_lightness_delta": -27.6,
    "hue_deg": 2,
    "material": "brick",
    "area_source_px2": 26262,
    "centroid_source_px": [
     1981,
     3635
    ]
   }
  },
  {
   "type": "Feature",
   "id": 176,
   "geometry": {
    "type": "Polygon",
    "coordinates": [
     [
      [
       4114,
       3520
      ],
      [
       4109,
       3522
      ],
      [
       4077,
       3632
      ],
      [
       4097,
       3644
      ],
      [
       4094,
       3648
      ],
      [
       4089,
       3642
      ],
      [
       4074,
       3641
      ],
      [
       4051,
       3716
      ],
      [
       4054,
       3721
      ],
      [
       4061,
       3713
      ],
      [
       4049,
       3757
      ],
      [
       4094,
       3771
      ],
      [
       4100,
       3767
      ],
      [
       4126,
       3681
      ],
      [
       4125,
       3676
      ],
      [
       4116,
       3672
      ],
      [
       4120,
       3667
      ],
      [
       4125,
       3672
      ],
      [
       4129,
       3668
      ],
      [
       4124,
       3660
      ],
      [
       4135,
       3652
      ],
      [
       4167,
       3543
      ],
      [
       4163,
       3533
      ],
      [
       4114,
       3520
      ]
     ]
    ]
   },
   "properties": {
    "sheet": "vancouver_1912_MAP342a_04",
    "outline_id": "vancouver_1912_MAP342a_04:block:2:outline176",
    "block_id": "vancouver_1912_MAP342a_04:block:2",
    "block_fid": 13,
    "block_number": "2",
    "text_inside": [
     "50",
     "05",
     "50",
     "66",
     "Hotel",
     "Grand",
     "66",
     "66",
     "66",
     "66",
     "3"
    ],
    "numerals_inside": [
     "66",
     "66",
     "66",
     "66",
     "66",
     "3"
    ],
    "words_inside": [
     "Hotel",
     "Grand"
    ],
    "floors": null,
    "wash_rgb": [
     253,
     212,
     214
    ],
    "wash_chroma": 15.8,
    "wash_lightness_delta": -29.1,
    "hue_deg": 358,
    "material": "brick",
    "area_source_px2": 14499,
    "centroid_source_px": [
     4102,
     3664
    ]
   }
  },
  {
   "type": "Feature",
   "id": 177,
   "geometry": {
    "type": "Polygon",
    "coordinates": [
     [
      [
       2730,
       3523
      ],
      [
       2687,
       3667
      ],
      [
       2712,
       3675
      ],
      [
       2716,
       3666
      ],
      [
       2706,
       3661
      ],
      [
       2720,
       3658
      ],
      [
       2726,
       3665
      ],
      [
       2718,
       3671
      ],
      [
       2720,
       3678
      ],
      [
       2753,
       3686
      ],
      [
       2763,
       3662
      ],
      [
       2758,
       3688
      ],
      [
       2782,
       3696
      ],
      [
       2790,
       3689
      ],
      [
       2790,
       3696
      ],
      [
       2799,
       3699
      ],
      [
       2805,
       3690
      ],
      [
       2831,
       3591
      ],
      [
       2822,
       3588
      ],
      [
       2827,
       3572
      ],
      [
       2838,
       3569
      ],
      [
       2842,
       3553
      ],
      [
       2805,
       3542
      ],
      [
       2796,
       3544
      ],
      [
       2788,
       3537
      ],
      [
       2730,
       3523
      ]
     ]
    ]
   },
   "properties": {
    "sheet": "vancouver_1912_MAP342a_04",
    "outline_id": "vancouver_1912_MAP342a_04:block:fid11:outline177",
    "block_id": "vancouver_1912_MAP342a_04:block:fid11",
    "block_fid": 11,
    "block_number": null,
    "text_inside": [
     "11",
     "157"
    ],
    "numerals_inside": [
     "11",
     "157"
    ],
    "words_inside": [],
    "floors": null,
    "wash_rgb": [
     253,
     205,
     207
    ],
    "wash_chroma": 18.3,
    "wash_lightness_delta": -33.6,
    "hue_deg": 358,
    "material": "brick",
    "area_source_px2": 17466,
    "centroid_source_px": [
     2764,
     3612
    ]
   }
  },
  {
   "type": "Feature",
   "id": 178,
   "geometry": {
    "type": "Polygon",
    "coordinates": [
     [
      [
       3722,
       3574
      ],
      [
       3707,
       3565
      ],
      [
       3694,
       3565
      ],
      [
       3681,
       3590
      ],
      [
       3691,
       3597
      ],
      [
       3676,
       3596
      ],
      [
       3672,
       3587
      ],
      [
       3678,
       3580
      ],
      [
       3675,
       3575
      ],
      [
       3683,
       3573
      ],
      [
       3679,
       3566
      ],
      [
       3686,
       3559
      ],
      [
       3684,
       3550
      ],
      [
       3691,
       3546
      ],
      [
       3688,
       3534
      ],
      [
       3675,
       3536
      ],
      [
       3668,
       3547
      ],
      [
       3661,
       3546
      ],
      [
       3665,
       3556
      ],
      [
       3639,
       3546
      ],
      [
       3625,
       3553
      ],
      [
       3619,
       3544
      ],
      [
       3610,
       3570
      ],
      [
       3616,
       3576
      ],
      [
       3606,
       3579
      ],
      [
       3591,
       3633
      ],
      [
       3671,
       3657
      ],
      [
       3681,
       3643
      ],
      [
       3698,
       3647
      ],
      [
       3703,
       3637
      ],
      [
       3687,
       3629
      ],
      [
       3702,
       3633
      ],
      [
       3707,
       3629
      ],
      [
       3712,
       3606
      ],
      [
       3706,
       3602
      ],
      [
       3716,
       3600
      ],
      [
       3722,
       3574
      ]
     ]
    ]
   },
   "properties": {
    "sheet": "vancouver_1912_MAP342a_04",
    "outline_id": "vancouver_1912_MAP342a_04:block:2:outline178",
    "block_id": "vancouver_1912_MAP342a_04:block:2",
    "block_fid": 13,
    "block_number": "2",
    "text_inside": [
     "66",
     "66",
     "66",
     "66",
     "66",
     "66",
     "66",
     "66"
    ],
    "numerals_inside": [
     "66",
     "66",
     "66",
     "66",
     "66",
     "66",
     "66",
     "66"
    ],
    "words_inside": [],
    "floors": null,
    "wash_rgb": [
     253,
     221,
     221
    ],
    "wash_chroma": 12.0,
    "wash_lightness_delta": -22.8,
    "hue_deg": 0,
    "material": "brick",
    "area_source_px2": 9999,
    "centroid_source_px": [
     3655,
     3601
    ]
   }
  },
  {
   "type": "Feature",
   "id": 179,
   "geometry": {
    "type": "Polygon",
    "coordinates": [
     [
      [
       1868,
       3534
      ],
      [
       1811,
       3589
      ],
      [
       1805,
       3601
      ],
      [
       1806,
       3607
      ],
      [
       1815,
       3606
      ],
      [
       1830,
       3616
      ],
      [
       1820,
       3615
      ],
      [
       1814,
       3621
      ],
      [
       1838,
       3645
      ],
      [
       1847,
       3646
      ],
      [
       1845,
       3652
      ],
      [
       1855,
       3661
      ],
      [
       1931,
       3590
      ],
      [
       1880,
       3537
      ],
      [
       1873,
       3543
      ],
      [
       1892,
       3561
      ],
      [
       1882,
       3569
      ],
      [
       1872,
       3569
      ],
      [
       1859,
       3555
      ],
      [
       1870,
       3550
      ],
      [
       1868,
       3534
      ]
     ]
    ]
   },
   "properties": {
    "sheet": "vancouver_1912_MAP342a_04",
    "outline_id": "vancouver_1912_MAP342a_04:block:4:outline179",
    "block_id": "vancouver_1912_MAP342a_04:block:4",
    "block_fid": 12,
    "block_number": "4",
    "text_inside": [
     "24",
     "B",
     "B"
    ],
    "numerals_inside": [],
    "words_inside": [],
    "floors": null,
    "wash_rgb": [
     253,
     204,
     208
    ],
    "wash_chroma": 18.7,
    "wash_lightness_delta": -34.0,
    "hue_deg": 356,
    "material": "brick",
    "area_source_px2": 7912,
    "centroid_source_px": [
     1861,
     3601
    ]
   }
  },
  {
   "type": "Feature",
   "id": 180,
   "geometry": {
    "type": "Polygon",
    "coordinates": [
     [
      [
       4182,
       3538
      ],
      [
       4166,
       3551
      ],
      [
       4137,
       3649
      ],
      [
       4141,
       3661
      ],
      [
       4129,
       3677
      ],
      [
       4103,
       3765
      ],
      [
       4106,
       3775
      ],
      [
       4150,
       3786
      ],
      [
       4160,
       3765
      ],
      [
       4221,
       3555
      ],
      [
       4214,
       3547
      ],
      [
       4182,
       3538
      ]
     ]
    ]
   },
   "properties": {
    "sheet": "vancouver_1912_MAP342a_04",
    "outline_id": "vancouver_1912_MAP342a_04:block:2:outline180",
    "block_id": "vancouver_1912_MAP342a_04:block:2",
    "block_fid": 13,
    "block_number": "2",
    "text_inside": [
     "05",
     "50",
     "50",
     "66",
     "66",
     "66"
    ],
    "numerals_inside": [
     "66",
     "66",
     "66"
    ],
    "words_inside": [],
    "floors": null,
    "wash_rgb": [
     253,
     225,
     219
    ],
    "wash_chroma": 11.4,
    "wash_lightness_delta": -20.3,
    "hue_deg": 10,
    "material": "brick",
    "area_source_px2": 13184,
    "centroid_source_px": [
     4162,
     3662
    ]
   }
  },
  {
   "type": "Feature",
   "id": 181,
   "geometry": {
    "type": "Polygon",
    "coordinates": [
     [
      [
       3073,
       3545
      ],
      [
       3049,
       3622
      ],
      [
       3056,
       3630
      ],
      [
       3055,
       3640
      ],
      [
       3038,
       3658
      ],
      [
       3011,
       3752
      ],
      [
       3015,
       3759
      ],
      [
       3057,
       3770
      ],
      [
       3063,
       3761
      ],
      [
       3106,
       3611
      ],
      [
       3082,
       3585
      ],
      [
       3073,
       3545
      ]
     ]
    ]
   },
   "properties": {
    "sheet": "vancouver_1912_MAP342a_04",
    "outline_id": "vancouver_1912_MAP342a_04:block:fid11:outline181",
    "block_id": "vancouver_1912_MAP342a_04:block:fid11",
    "block_fid": 11,
    "block_number": null,
    "text_inside": [],
    "numerals_inside": [],
    "words_inside": [],
    "floors": null,
    "wash_rgb": [
     254,
     254,
     254
    ],
    "wash_chroma": 0.1,
    "wash_lightness_delta": -0.1,
    "hue_deg": 0,
    "material": "not a building (open lot, yard or court)",
    "area_source_px2": 9460,
    "centroid_source_px": [
     3060,
     3675
    ]
   }
  },
  {
   "type": "Feature",
   "id": 182,
   "geometry": {
    "type": "Polygon",
    "coordinates": [
     [
      [
       3019,
       3551
      ],
      [
       3010,
       3563
      ],
      [
       2959,
       3740
      ],
      [
       2964,
       3745
      ],
      [
       2999,
       3754
      ],
      [
       3008,
       3750
      ],
      [
       3038,
       3648
      ],
      [
       3030,
       3643
      ],
      [
       3037,
       3625
      ],
      [
       3045,
       3624
      ],
      [
       3061,
       3568
      ],
      [
       3056,
       3562
      ],
      [
       3019,
       3551
      ]
     ]
    ]
   },
   "properties": {
    "sheet": "vancouver_1912_MAP342a_04",
    "outline_id": "vancouver_1912_MAP342a_04:block:fid11:outline182",
    "block_id": "vancouver_1912_MAP342a_04:block:fid11",
    "block_fid": 11,
    "block_number": null,
    "text_inside": [
     "Theatre"
    ],
    "numerals_inside": [],
    "words_inside": [
     "Theatre"
    ],
    "floors": null,
    "wash_rgb": [
     253,
     217,
     213
    ],
    "wash_chroma": 14.5,
    "wash_lightness_delta": -26.2,
    "hue_deg": 6,
    "material": "brick",
    "area_source_px2": 9834,
    "centroid_source_px": [
     3008,
     3656
    ]
   }
  },
  {
   "type": "Feature",
   "id": 183,
   "geometry": {
    "type": "Polygon",
    "coordinates": [
     [
      [
       4225,
       3552
      ],
      [
       4209,
       3603
      ],
      [
       4213,
       3610
      ],
      [
       4220,
       3600
      ],
      [
       4222,
       3603
      ],
      [
       4215,
       3626
      ],
      [
       4230,
       3630
      ],
      [
       4237,
       3613
      ],
      [
       4234,
       3631
      ],
      [
       4249,
       3637
      ],
      [
       4254,
       3628
      ],
      [
       4273,
       3631
      ],
      [
       4278,
       3621
      ],
      [
       4277,
       3633
      ],
      [
       4292,
       3638
      ],
      [
       4289,
       3647
      ],
      [
       4304,
       3651
      ],
      [
       4326,
       3578
      ],
      [
       4314,
       3575
      ],
      [
       4308,
       3583
      ],
      [
       4307,
       3573
      ],
      [
       4288,
       3567
      ],
      [
       4268,
       3584
      ],
      [
       4268,
       3577
      ],
      [
       4258,
       3572
      ],
      [
       4263,
       3561
      ],
      [
       4256,
       3558
      ],
      [
       4251,
       3564
      ],
      [
       4247,
       3556
      ],
      [
       4233,
       3557
      ],
      [
       4231,
       3552
      ],
      [
       4225,
       3552
      ]
     ]
    ]
   },
   "properties": {
    "sheet": "vancouver_1912_MAP342a_04",
    "outline_id": "vancouver_1912_MAP342a_04:block:2:outline183",
    "block_id": "vancouver_1912_MAP342a_04:block:2",
    "block_fid": 13,
    "block_number": "2",
    "text_inside": [
     "05",
     "26",
     "50",
     "05",
     "05",
     "50",
     "26",
     "05",
     "50",
     "05",
     "26",
     "50",
     "50",
     "05"
    ],
    "numerals_inside": [],
    "words_inside": [],
    "floors": null,
    "wash_rgb": [
     253,
     244,
     148
    ],
    "wash_chroma": 48.3,
    "wash_lightness_delta": -11.8,
    "hue_deg": 54,
    "material": "frame (wood)",
    "area_source_px2": 6826,
    "centroid_source_px": [
     4266,
     3601
    ]
   }
  },
  {
   "type": "Feature",
   "id": 184,
   "geometry": {
    "type": "Polygon",
    "coordinates": [
     [
      [
       2217,
       3561
      ],
      [
       2161,
       3616
      ],
      [
       2235,
       3689
      ],
      [
       2259,
       3664
      ],
      [
       2218,
       3616
      ],
      [
       2242,
       3583
      ],
      [
       2217,
       3561
      ]
     ]
    ]
   },
   "properties": {
    "sheet": "vancouver_1912_MAP342a_04",
    "outline_id": "vancouver_1912_MAP342a_04:block:4:outline184",
    "block_id": "vancouver_1912_MAP342a_04:block:4",
    "block_fid": 12,
    "block_number": "4",
    "text_inside": [
     "20",
     "B"
    ],
    "numerals_inside": [],
    "words_inside": [],
    "floors": null,
    "wash_rgb": [
     253,
     212,
     208
    ],
    "wash_chroma": 16.0,
    "wash_lightness_delta": -29.6,
    "hue_deg": 6,
    "material": "brick",
    "area_source_px2": 5413,
    "centroid_source_px": [
     2211,
     3624
    ]
   }
  },
  {
   "type": "Feature",
   "id": 185,
   "geometry": {
    "type": "Polygon",
    "coordinates": [
     [
      [
       3354,
       3613
      ],
      [
       3285,
       3594
      ],
      [
       3265,
       3654
      ],
      [
       3223,
       3644
      ],
      [
       3238,
       3582
      ],
      [
       3195,
       3569
      ],
      [
       3191,
       3582
      ],
      [
       3154,
       3612
      ],
      [
       3110,
       3611
      ],
      [
       3064,
       3770
      ],
      [
       3106,
       3786
      ],
      [
       3116,
       3780
      ],
      [
       3114,
       3786
      ],
      [
       3118,
       3790
      ],
      [
       3132,
       3789
      ],
      [
       3151,
       3795
      ],
      [
       3160,
       3774
      ],
      [
       3184,
       3777
      ],
      [
       3195,
       3736
      ],
      [
       3212,
       3736
      ],
      [
       3221,
       3702
      ],
      [
       3230,
       3700
      ],
      [
       3233,
       3689
      ],
      [
       3256,
       3692
      ],
      [
       3262,
       3683
      ],
      [
       3268,
       3688
      ],
      [
       3282,
       3689
      ],
      [
       3268,
       3713
      ],
      [
       3320,
       3727
      ],
      [
       3354,
       3613
      ]
     ]
    ]
   },
   "properties": {
    "sheet": "vancouver_1912_MAP342a_04",
    "outline_id": "vancouver_1912_MAP342a_04:block:fid11:outline185",
    "block_id": "vancouver_1912_MAP342a_04:block:fid11",
    "block_fid": 11,
    "block_number": null,
    "text_inside": [
     "FRI",
     "FRI",
     "FRI",
     "FRI",
     "14"
    ],
    "numerals_inside": [
     "14"
    ],
    "words_inside": [
     "FRI",
     "FRI",
     "FRI",
     "FRI"
    ],
    "floors": null,
    "wash_rgb": [
     254,
     254,
     254
    ],
    "wash_chroma": 0.2,
    "wash_lightness_delta": -0.1,
    "hue_deg": 0,
    "material": "not a building (open lot, yard or court)",
    "area_source_px2": 33736,
    "centroid_source_px": [
     3195,
     3682
    ]
   }
  },
  {
   "type": "Feature",
   "id": 186,
   "geometry": {
    "type": "Polygon",
    "coordinates": [
     [
      [
       2883,
       3579
      ],
      [
       2875,
       3607
      ],
      [
       2886,
       3614
      ],
      [
       2871,
       3615
      ],
      [
       2854,
       3674
      ],
      [
       2871,
       3670
      ],
      [
       2881,
       3680
      ],
      [
       2887,
       3674
      ],
      [
       2889,
       3681
      ],
      [
       2910,
       3687
      ],
      [
       2914,
       3680
      ],
      [
       2920,
       3681
      ],
      [
       2916,
       3692
      ],
      [
       2944,
       3695
      ],
      [
       2964,
       3708
      ],
      [
       2984,
       3646
      ],
      [
       2971,
       3638
      ],
      [
       2986,
       3637
      ],
      [
       2994,
       3608
      ],
      [
       2883,
       3579
      ]
     ]
    ]
   },
   "properties": {
    "sheet": "vancouver_1912_MAP342a_04",
    "outline_id": "vancouver_1912_MAP342a_04:block:fid11:outline186",
    "block_id": "vancouver_1912_MAP342a_04:block:fid11",
    "block_fid": 11,
    "block_number": null,
    "text_inside": [
     "Hotel",
     "Hotel",
     "Cordova."
    ],
    "numerals_inside": [],
    "words_inside": [
     "Hotel",
     "Hotel",
     "Cordova."
    ],
    "floors": null,
    "wash_rgb": [
     253,
     214,
     209
    ],
    "wash_chroma": 15.7,
    "wash_lightness_delta": -28.2,
    "hue_deg": 6,
    "material": "brick",
    "area_source_px2": 11130,
    "centroid_source_px": [
     2929,
     3641
    ]
   }
  },
  {
   "type": "Feature",
   "id": 187,
   "geometry": {
    "type": "Polygon",
    "coordinates": [
     [
      [
       3957,
       3607
      ],
      [
       3912,
       3595
      ],
      [
       3903,
       3609
      ],
      [
       3893,
       3611
      ],
      [
       3891,
       3604
      ],
      [
       3896,
       3609
      ],
      [
       3901,
       3605
      ],
      [
       3897,
       3590
      ],
      [
       3850,
       3579
      ],
      [
       3815,
       3695
      ],
      [
       3861,
       3707
      ],
      [
       3874,
       3669
      ],
      [
       3904,
       3677
      ],
      [
       3909,
       3674
      ],
      [
       3920,
       3634
      ],
      [
       3942,
       3641
      ],
      [
       3951,
       3639
      ],
      [
       3957,
       3607
      ]
     ]
    ]
   },
   "properties": {
    "sheet": "vancouver_1912_MAP342a_04",
    "outline_id": "vancouver_1912_MAP342a_04:block:2:outline187",
    "block_id": "vancouver_1912_MAP342a_04:block:2",
    "block_fid": 13,
    "block_number": "2",
    "text_inside": [
     "05",
     "66",
     "66",
     "66",
     "66",
     "66",
     "66",
     "66",
     "66"
    ],
    "numerals_inside": [
     "66",
     "66",
     "66",
     "66",
     "66",
     "66",
     "66",
     "66"
    ],
    "words_inside": [],
    "floors": null,
    "wash_rgb": [
     254,
     254,
     254
    ],
    "wash_chroma": 0.0,
    "wash_lightness_delta": -0.0,
    "hue_deg": 0,
    "material": "not a building (open lot, yard or court)",
    "area_source_px2": 9608,
    "centroid_source_px": [
     3877,
     3639
    ]
   }
  },
  {
   "type": "Feature",
   "id": 188,
   "geometry": {
    "type": "Polygon",
    "coordinates": [
     [
      [
       4367,
       3589
      ],
      [
       4328,
       3581
      ],
      [
       4302,
       3671
      ],
      [
       4309,
       3678
      ],
      [
       4308,
       3696
      ],
      [
       4315,
       3694
      ],
      [
       4323,
       3665
      ],
      [
       4331,
       3679
      ],
      [
       4340,
       3678
      ],
      [
       4336,
       3664
      ],
      [
       4330,
       3661
      ],
      [
       4336,
       3655
      ],
      [
       4340,
       3663
      ],
      [
       4348,
       3661
      ],
      [
       4345,
       3646
      ],
      [
       4364,
       3649
      ],
      [
       4368,
       3637
      ],
      [
       4357,
       3632
      ],
      [
       4367,
       3589
      ]
     ]
    ]
   },
   "properties": {
    "sheet": "vancouver_1912_MAP342a_04",
    "outline_id": "vancouver_1912_MAP342a_04:block:2:outline188",
    "block_id": "vancouver_1912_MAP342a_04:block:2",
    "block_fid": 13,
    "block_number": "2",
    "text_inside": [
     "05",
     "05",
     "26",
     "50",
     "26",
     "50"
    ],
    "numerals_inside": [],
    "words_inside": [],
    "floors": null,
    "wash_rgb": [
     253,
     216,
     214
    ],
    "wash_chroma": 14.4,
    "wash_lightness_delta": -26.7,
    "hue_deg": 4,
    "material": "brick",
    "area_source_px2": 3988,
    "centroid_source_px": [
     4336,
     3628
    ]
   }
  },
  {
   "type": "Feature",
   "id": 189,
   "geometry": {
    "type": "Polygon",
    "coordinates": [
     [
      [
       4284,
       3639
      ],
      [
       4258,
       3632
      ],
      [
       4249,
       3640
      ],
      [
       4211,
       3629
      ],
      [
       4214,
       3614
      ],
      [
       4206,
       3615
      ],
      [
       4158,
       3787
      ],
      [
       4166,
       3786
      ],
      [
       4197,
       3681
      ],
      [
       4224,
       3690
      ],
      [
       4240,
       3683
      ],
      [
       4245,
       3695
      ],
      [
       4278,
       3704
      ],
      [
       4290,
       3703
      ],
      [
       4291,
       3699
      ],
      [
       4276,
       3684
      ],
      [
       4286,
       3647
      ],
      [
       4284,
       3639
      ]
     ]
    ]
   },
   "properties": {
    "sheet": "vancouver_1912_MAP342a_04",
    "outline_id": "vancouver_1912_MAP342a_04:block:2:outline189",
    "block_id": "vancouver_1912_MAP342a_04:block:2",
    "block_fid": 13,
    "block_number": "2",
    "text_inside": [
     "2"
    ],
    "numerals_inside": [
     "2"
    ],
    "words_inside": [],
    "floors": null,
    "wash_rgb": [
     254,
     254,
     254
    ],
    "wash_chroma": 0.2,
    "wash_lightness_delta": -0.3,
    "hue_deg": 0,
    "material": "not a building (open lot, yard or court)",
    "area_source_px2": 6134,
    "centroid_source_px": [
     4233,
     3670
    ]
   }
  },
  {
   "type": "Feature",
   "id": 190,
   "geometry": {
    "type": "Polygon",
    "coordinates": [
     [
      [
       2101,
       3613
      ],
      [
       1950,
       3755
      ],
      [
       1955,
       3763
      ],
      [
       1965,
       3764
      ],
      [
       1969,
       3777
      ],
      [
       1977,
       3781
      ],
      [
       2125,
       3643
      ],
      [
       2125,
       3635
      ],
      [
       2101,
       3613
      ]
     ]
    ]
   },
   "properties": {
    "sheet": "vancouver_1912_MAP342a_04",
    "outline_id": "vancouver_1912_MAP342a_04:block:4:outline190",
    "block_id": "vancouver_1912_MAP342a_04:block:4",
    "block_fid": 12,
    "block_number": "4",
    "text_inside": [
     "B",
     "B",
     "B",
     "B",
     "B",
     "B",
     "B",
     "B",
     "B",
     "B",
     "20"
    ],
    "numerals_inside": [],
    "words_inside": [],
    "floors": null,
    "wash_rgb": [
     253,
     214,
     211
    ],
    "wash_chroma": 15.1,
    "wash_lightness_delta": -28.2,
    "hue_deg": 4,
    "material": "brick",
    "area_source_px2": 7860,
    "centroid_source_px": [
     2041,
     3696
    ]
   }
  },
  {
   "type": "Feature",
   "id": 191,
   "geometry": {
    "type": "Polygon",
    "coordinates": [
     [
      [
       4446,
       3616
      ],
      [
       4432,
       3620
      ],
      [
       4424,
       3616
      ],
      [
       4419,
       3625
      ],
      [
       4394,
       3637
      ],
      [
       4401,
       3645
      ],
      [
       4388,
       3641
      ],
      [
       4353,
       3661
      ],
      [
       4361,
       3667
      ],
      [
       4370,
       3662
      ],
      [
       4375,
       3668
      ],
      [
       4382,
       3665
      ],
      [
       4386,
       3652
      ],
      [
       4402,
       3655
      ],
      [
       4415,
       3643
      ],
      [
       4411,
       3637
      ],
      [
       4417,
       3633
      ],
      [
       4421,
       3643
      ],
      [
       4429,
       3643
      ],
      [
       4427,
       3652
      ],
      [
       4417,
       3654
      ],
      [
       4409,
       3662
      ],
      [
       4402,
       3660
      ],
      [
       4398,
       3667
      ],
      [
       4388,
       3671
      ],
      [
       4397,
       3680
      ],
      [
       4384,
       3677
      ],
      [
       4354,
       3700
      ],
      [
       4356,
       3706
      ],
      [
       4370,
       3708
      ],
      [
       4371,
       3716
      ],
      [
       4404,
       3727
      ],
      [
       4390,
       3725
      ],
      [
       4381,
       3741
      ],
      [
       4385,
       3723
      ],
      [
       4363,
       3718
      ],
      [
       4358,
       3733
      ],
      [
       4350,
       3736
      ],
      [
       4362,
       3711
      ],
      [
       4350,
       3708
      ],
      [
       4346,
       3698
      ],
      [
       4338,
       3714
      ],
      [
       4314,
       3708
      ],
      [
       4310,
       3711
      ],
      [
       4308,
       3720
      ],
      [
       4325,
       3727
      ],
      [
       4317,
       3753
      ],
      [
       4321,
       3729
      ],
      [
       4303,
       3721
      ],
      [
       4298,
       3723
      ],
      [
       4292,
       3716
      ],
      [
       4288,
       3719
      ],
      [
       4263,
       3815
      ],
      [
       4293,
       3823
      ],
      [
       4299,
       3813
      ],
      [
       4303,
       3822
      ],
      [
       4314,
       3815
      ],
      [
       4320,
       3796
      ],
      [
       4317,
       3817
      ],
      [
       4333,
       3822
      ],
      [
       4323,
       3828
      ],
      [
       4325,
       3832
      ],
      [
       4432,
       3860
      ],
      [
       4441,
       3858
      ],
      [
       4442,
       3826
      ],
      [
       4436,
       3821
      ],
      [
       4442,
       3817
      ],
      [
       4442,
       3806
      ],
      [
       4434,
       3800
      ],
      [
       4437,
       3796
      ],
      [
       4430,
       3781
      ],
      [
       4417,
       3774
      ],
      [
       4432,
       3779
      ],
      [
       4443,
       3777
      ],
      [
       4429,
       3756
      ],
      [
       4435,
       3739
      ],
      [
       4432,
       3734
      ],
      [
       4444,
       3733
      ],
      [
       4445,
       3658
      ],
      [
       4437,
       3652
      ],
      [
       4446,
       3650
      ],
      [
       4446,
       3616
      ]
     ]
    ]
   },
   "properties": {
    "sheet": "vancouver_1912_MAP342a_04",
    "outline_id": "vancouver_1912_MAP342a_04:block:2:outline191",
    "block_id": "vancouver_1912_MAP342a_04:block:2",
    "block_fid": 13,
    "block_number": "2",
    "text_inside": [
     "Bra",
     "Hotel",
     "50",
     "26",
     "50"
    ],
    "numerals_inside": [],
    "words_inside": [
     "Bra",
     "Hotel"
    ],
    "floors": null,
    "wash_rgb": [
     254,
     217,
     218
    ],
    "wash_chroma": 13.8,
    "wash_lightness_delta": -25.5,
    "hue_deg": 358,
    "material": "brick",
    "area_source_px2": 25468,
    "centroid_source_px": [
     4374,
     3758
    ]
   }
  },
  {
   "type": "Feature",
   "id": 192,
   "geometry": {
    "type": "Polygon",
    "coordinates": [
     [
      [
       4026,
       3625
      ],
      [
       4020,
       3633
      ],
      [
       4024,
       3639
      ],
      [
       4010,
       3651
      ],
      [
       3985,
       3741
      ],
      [
       4034,
       3753
      ],
      [
       4039,
       3749
      ],
      [
       4065,
       3660
      ],
      [
       4048,
       3654
      ],
      [
       4052,
       3633
      ],
      [
       4026,
       3625
      ]
     ]
    ]
   },
   "properties": {
    "sheet": "vancouver_1912_MAP342a_04",
    "outline_id": "vancouver_1912_MAP342a_04:block:2:outline192",
    "block_id": "vancouver_1912_MAP342a_04:block:2",
    "block_fid": 13,
    "block_number": "2",
    "text_inside": [
     "66"
    ],
    "numerals_inside": [
     "66"
    ],
    "words_inside": [],
    "floors": null,
    "wash_rgb": [
     254,
     254,
     254
    ],
    "wash_chroma": 0.0,
    "wash_lightness_delta": -0.0,
    "hue_deg": 0,
    "material": "not a building (open lot, yard or court)",
    "area_source_px2": 6066,
    "centroid_source_px": [
     4026,
     3694
    ]
   }
  },
  {
   "type": "Feature",
   "id": 193,
   "geometry": {
    "type": "Polygon",
    "coordinates": [
     [
      [
       2149,
       3638
      ],
      [
       2143,
       3647
      ],
      [
       2260,
       3768
      ],
      [
       2273,
       3774
      ],
      [
       2281,
       3787
      ],
      [
       2290,
       3788
      ],
      [
       2300,
       3774
      ],
      [
       2294,
       3767
      ],
      [
       2300,
       3763
      ],
      [
       2192,
       3651
      ],
      [
       2178,
       3649
      ],
      [
       2168,
       3628
      ],
      [
       2149,
       3638
      ]
     ]
    ]
   },
   "properties": {
    "sheet": "vancouver_1912_MAP342a_04",
    "outline_id": "vancouver_1912_MAP342a_04:block:4:outline193",
    "block_id": "vancouver_1912_MAP342a_04:block:4",
    "block_fid": 12,
    "block_number": "4",
    "text_inside": [],
    "numerals_inside": [],
    "words_inside": [],
    "floors": null,
    "wash_rgb": [
     254,
     254,
     253
    ],
    "wash_chroma": 0.7,
    "wash_lightness_delta": -0.6,
    "hue_deg": 60,
    "material": "not a building (open lot, yard or court)",
    "area_source_px2": 6186,
    "centroid_source_px": [
     2224,
     3707
    ]
   }
  },
  {
   "type": "Feature",
   "id": 194,
   "geometry": {
    "type": "Polygon",
    "coordinates": [
     [
      [
       2134,
       3645
      ],
      [
       2123,
       3648
      ],
      [
       1981,
       3784
      ],
      [
       2004,
       3811
      ],
      [
       2011,
       3809
      ],
      [
       2158,
       3670
      ],
      [
       2134,
       3645
      ]
     ]
    ]
   },
   "properties": {
    "sheet": "vancouver_1912_MAP342a_04",
    "outline_id": "vancouver_1912_MAP342a_04:block:4:outline194",
    "block_id": "vancouver_1912_MAP342a_04:block:4",
    "block_fid": 12,
    "block_number": "4",
    "text_inside": [
     "19"
    ],
    "numerals_inside": [],
    "words_inside": [],
    "floors": null,
    "wash_rgb": [
     253,
     205,
     206
    ],
    "wash_chroma": 18.5,
    "wash_lightness_delta": -33.9,
    "hue_deg": 358,
    "material": "brick",
    "area_source_px2": 8156,
    "centroid_source_px": [
     2070,
     3726
    ]
   }
  },
  {
   "type": "Feature",
   "id": 195,
   "geometry": {
    "type": "Polygon",
    "coordinates": [
     [
      [
       2164,
       3673
      ],
      [
       2144,
       3686
      ],
      [
       2010,
       3813
      ],
      [
       2046,
       3853
      ],
      [
       2059,
       3856
      ],
      [
       2111,
       3807
      ],
      [
       2106,
       3801
      ],
      [
       2119,
       3790
      ],
      [
       2125,
       3793
      ],
      [
       2152,
       3769
      ],
      [
       2157,
       3755
      ],
      [
       2201,
       3714
      ],
      [
       2164,
       3673
      ]
     ]
    ]
   },
   "properties": {
    "sheet": "vancouver_1912_MAP342a_04",
    "outline_id": "vancouver_1912_MAP342a_04:block:4:outline195",
    "block_id": "vancouver_1912_MAP342a_04:block:4",
    "block_fid": 12,
    "block_number": "4",
    "text_inside": [
     "18"
    ],
    "numerals_inside": [],
    "words_inside": [],
    "floors": null,
    "wash_rgb": [
     253,
     202,
     206
    ],
    "wash_chroma": 19.3,
    "wash_lightness_delta": -35.2,
    "hue_deg": 356,
    "material": "brick",
    "area_source_px2": 12938,
    "centroid_source_px": [
     2107,
     3765
    ]
   }
  },
  {
   "type": "Feature",
   "id": 196,
   "geometry": {
    "type": "Polygon",
    "coordinates": [
     [
      [
       3735,
       3696
      ],
      [
       3741,
       3706
      ],
      [
       3747,
       3707
      ],
      [
       3747,
       3713
      ],
      [
       3756,
       3718
      ],
      [
       3994,
       3782
      ],
      [
       4028,
       3763
      ],
      [
       4023,
       3756
      ],
      [
       4012,
       3763
      ],
      [
       4007,
       3760
      ],
      [
       4007,
       3753
      ],
      [
       3994,
       3747
      ],
      [
       3781,
       3689
      ],
      [
       3775,
       3693
      ],
      [
       3774,
       3705
      ],
      [
       3768,
       3707
      ],
      [
       3753,
       3681
      ],
      [
       3741,
       3680
      ],
      [
       3735,
       3696
      ]
     ]
    ]
   },
   "properties": {
    "sheet": "vancouver_1912_MAP342a_04",
    "outline_id": "vancouver_1912_MAP342a_04:block:2:outline196",
    "block_id": "vancouver_1912_MAP342a_04:block:2",
    "block_fid": 13,
    "block_number": "2",
    "text_inside": [
     "2"
    ],
    "numerals_inside": [
     "2"
    ],
    "words_inside": [],
    "floors": null,
    "wash_rgb": [
     254,
     254,
     254
    ],
    "wash_chroma": 0.0,
    "wash_lightness_delta": -0.0,
    "hue_deg": 0,
    "material": "not a building (open lot, yard or court)",
    "area_source_px2": 9221,
    "centroid_source_px": [
     3879,
     3734
    ]
   }
  },
  {
   "type": "Feature",
   "id": 197,
   "geometry": {
    "type": "Polygon",
    "coordinates": [
     [
      [
       2576,
       3687
      ],
      [
       2579,
       3698
      ],
      [
       2575,
       3703
      ],
      [
       2581,
       3710
      ],
      [
       2850,
       3783
      ],
      [
       2867,
       3767
      ],
      [
       2861,
       3762
      ],
      [
       2852,
       3764
      ],
      [
       2843,
       3757
      ],
      [
       2695,
       3716
      ],
      [
       2576,
       3687
      ]
     ]
    ]
   },
   "properties": {
    "sheet": "vancouver_1912_MAP342a_04",
    "outline_id": "vancouver_1912_MAP342a_04:block:4:outline197",
    "block_id": "vancouver_1912_MAP342a_04:block:4",
    "block_fid": 12,
    "block_number": "4",
    "text_inside": [],
    "numerals_inside": [],
    "words_inside": [],
    "floors": null,
    "wash_rgb": [
     254,
     254,
     254
    ],
    "wash_chroma": 0.2,
    "wash_lightness_delta": -0.2,
    "hue_deg": 0,
    "material": "not a building (open lot, yard or court)",
    "area_source_px2": 6719,
    "centroid_source_px": [
     2717,
     3735
    ]
   }
  },
  {
   "type": "Feature",
   "id": 198,
   "geometry": {
    "type": "Polygon",
    "coordinates": [
     [
      [
       4200,
       3686
      ],
      [
       4168,
       3789
      ],
      [
       4254,
       3813
      ],
      [
       4263,
       3797
      ],
      [
       4287,
       3710
      ],
      [
       4247,
       3697
      ],
      [
       4235,
       3704
      ],
      [
       4224,
       3699
      ],
      [
       4227,
       3693
      ],
      [
       4200,
       3686
      ]
     ]
    ]
   },
   "properties": {
    "sheet": "vancouver_1912_MAP342a_04",
    "outline_id": "vancouver_1912_MAP342a_04:block:2:outline198",
    "block_id": "vancouver_1912_MAP342a_04:block:2",
    "block_fid": 13,
    "block_number": "2",
    "text_inside": [],
    "numerals_inside": [],
    "words_inside": [],
    "floors": null,
    "wash_rgb": [
     253,
     206,
     213
    ],
    "wash_chroma": 18.1,
    "wash_lightness_delta": -32.6,
    "hue_deg": 352,
    "material": "brick",
    "area_source_px2": 9824,
    "centroid_source_px": [
     4227,
     3750
    ]
   }
  },
  {
   "type": "Feature",
   "id": 199,
   "geometry": {
    "type": "Polygon",
    "coordinates": [
     [
      [
       2448,
       3697
      ],
      [
       2431,
       3718
      ],
      [
       2338,
       4023
      ],
      [
       2342,
       4030
      ],
      [
       2335,
       4037
      ],
      [
       2352,
       4044
      ],
      [
       2337,
       4041
      ],
      [
       2331,
       4048
      ],
      [
       2295,
       4175
      ],
      [
       2373,
       4252
      ],
      [
       2424,
       4284
      ],
      [
       2533,
       4319
      ],
      [
       2808,
       4389
      ],
      [
       2819,
       4373
      ],
      [
       2841,
       4362
      ],
      [
       2835,
       4357
      ],
      [
       2838,
       4346
      ],
      [
       2822,
       4347
      ],
      [
       2817,
       4352
      ],
      [
       2819,
       4364
      ],
      [
       2798,
       4360
      ],
      [
       2767,
       4348
      ],
      [
       2748,
       4346
      ],
      [
       2746,
       4331
      ],
      [
       2719,
       4326
      ],
      [
       2704,
       4317
      ],
      [
       2699,
       4320
      ],
      [
       2659,
       4310
      ],
      [
       2664,
       4302
      ],
      [
       2659,
       4297
      ],
      [
       2646,
       4306
      ],
      [
       2633,
       4301
      ],
      [
       2638,
       4295
      ],
      [
       2633,
       4290
      ],
      [
       2619,
       4298
      ],
      [
       2607,
       4292
      ],
      [
       2607,
       4284
      ],
      [
       2598,
       4291
      ],
      [
       2584,
       4286
      ],
      [
       2587,
       4278
      ],
      [
       2564,
       4271
      ],
      [
       2554,
       4274
      ],
      [
       2551,
       4281
      ],
      [
       2569,
       4286
      ],
      [
       2565,
       4293
      ],
      [
       2548,
       4288
      ],
      [
       2540,
       4299
      ],
      [
       2520,
       4294
      ],
      [
       2525,
       4283
      ],
      [
       2506,
       4277
      ],
      [
       2506,
       4271
      ],
      [
       2515,
       4269
      ],
      [
       2530,
       4276
      ],
      [
       2538,
       4265
      ],
      [
       2512,
       4256
      ],
      [
       2499,
       4264
      ],
      [
       2482,
       4256
      ],
      [
       2475,
       4269
      ],
      [
       2465,
       4269
      ],
      [
       2463,
       4277
      ],
      [
       2439,
       4272
      ],
      [
       2443,
       4259
      ],
      [
       2435,
       4258
      ],
      [
       2442,
       4243
      ],
      [
       2417,
       4244
      ],
      [
       2422,
       4236
      ],
      [
       2419,
       4231
      ],
      [
       2402,
       4231
      ],
      [
       2393,
       4222
      ],
      [
       2401,
       4214
      ],
      [
       2342,
       4160
      ],
      [
       2347,
       4143
      ],
      [
       2338,
       4134
      ],
      [
       2346,
       4117
      ],
      [
       2352,
       4121
      ],
      [
       2356,
       4117
      ],
      [
       2358,
       4106
      ],
      [
       2352,
       4099
      ],
      [
       2355,
       4082
      ],
      [
       2366,
       4083
      ],
      [
       2367,
       4075
      ],
      [
       2360,
       4070
      ],
      [
       2364,
       4051
      ],
      [
       2368,
       4049
      ],
      [
       2372,
       4054
      ],
      [
       2378,
       4043
      ],
      [
       2370,
       4035
      ],
      [
       2375,
       4018
      ],
      [
       2383,
       4020
      ],
      [
       2387,
       4016
      ],
      [
       2388,
       4007
      ],
      [
       2381,
       4002
      ],
      [
       2386,
       3982
      ],
      [
       2764,
       4084
      ],
      [
       2908,
       4118
      ],
      [
       2907,
       4111
      ],
      [
       2893,
       4107
      ],
      [
       2894,
       4102
      ],
      [
       2909,
       4093
      ],
      [
       2903,
       4088
      ],
      [
       2622,
       4015
      ],
      [
       2397,
       3950
      ],
      [
       2402,
       3930
      ],
      [
       2412,
       3930
      ],
      [
       2403,
       3919
      ],
      [
       2413,
       3902
      ],
      [
       2414,
       3884
      ],
      [
       2420,
       3880
      ],
      [
       2418,
       3875
      ],
      [
       2429,
       3841
      ],
      [
       2440,
       3841
      ],
      [
       2473,
       3734
      ],
      [
       2496,
       3741
      ],
      [
       2511,
       3734
      ],
      [
       2523,
       3739
      ],
      [
       2522,
       3747
      ],
      [
       2545,
       3754
      ],
      [
       2561,
       3747
      ],
      [
       2571,
       3752
      ],
      [
       2570,
       3760
      ],
      [
       2581,
       3764
      ],
      [
       2600,
       3757
      ],
      [
       2610,
       3762
      ],
      [
       2606,
       3769
      ],
      [
       2611,
       3772
      ],
      [
       2622,
       3764
      ],
      [
       2639,
       3771
      ],
      [
       2639,
       3779
      ],
      [
       2648,
       3773
      ],
      [
       2665,
       3776
      ],
      [
       2662,
       3785
      ],
      [
       2668,
       3788
      ],
      [
       2677,
       3780
      ],
      [
       2689,
       3779
      ],
      [
       2696,
       3786
      ],
      [
       2696,
       3795
      ],
      [
       2716,
       3788
      ],
      [
       2725,
       3792
      ],
      [
       2720,
       3797
      ],
      [
       2723,
       3802
      ],
      [
       2743,
       3796
      ],
      [
       2753,
       3800
      ],
      [
       2749,
       3805
      ],
      [
       2753,
       3810
      ],
      [
       2765,
       3803
      ],
      [
       2775,
       3804
      ],
      [
       2787,
       3814
      ],
      [
       2793,
       3810
      ],
      [
       2809,
       3813
      ],
      [
       2813,
       3824
      ],
      [
       2832,
       3815
      ],
      [
       2836,
       3831
      ],
      [
       2845,
       3824
      ],
      [
       2858,
       3824
      ],
      [
       2852,
       3814
      ],
      [
       2851,
       3789
      ],
      [
       2486,
       3689
      ],
      [
       2466,
       3689
      ],
      [
       2448,
       3697
      ]
     ]
    ]
   },
   "properties": {
    "sheet": "vancouver_1912_MAP342a_04",
    "outline_id": "vancouver_1912_MAP342a_04:block:4:outline199",
    "block_id": "vancouver_1912_MAP342a_04:block:4",
    "block_fid": 12,
    "block_number": "4",
    "text_inside": [
     "187",
     "102",
     "157",
     "102",
     "CRIMID",
     "BLM.",
     "BLM.",
     "BLM.",
     "BLM.",
     "BLM.",
     "BLM.",
     "BLM.",
     "12",
     "BLM.",
     "BLM.",
     "BLM.",
     "BLM."
    ],
    "numerals_inside": [
     "102",
     "102"
    ],
    "words_inside": [
     "CRIMID",
     "BLM.",
     "BLM.",
     "BLM.",
     "BLM.",
     "BLM.",
     "BLM.",
     "BLM.",
     "BLM.",
     "BLM.",
     "BLM.",
     "BLM."
    ],
    "floors": null,
    "wash_rgb": [
     254,
     254,
     254
    ],
    "wash_chroma": 0.2,
    "wash_lightness_delta": -0.1,
    "hue_deg": 0,
    "material": "not a building (open lot, yard or court)",
    "area_source_px2": 72366,
    "centroid_source_px": [
     2553,
     4021
    ]
   }
  },
  {
   "type": "Feature",
   "id": 200,
   "geometry": {
    "type": "Polygon",
    "coordinates": [
     [
      [
       3226,
       3704
      ],
      [
       3221,
       3710
      ],
      [
       3214,
       3743
      ],
      [
       3234,
       3745
      ],
      [
       3233,
       3753
      ],
      [
       3244,
       3761
      ],
      [
       3253,
       3758
      ],
      [
       3259,
       3762
      ],
      [
       3267,
       3753
      ],
      [
       3270,
       3756
      ],
      [
       3263,
       3764
      ],
      [
       3284,
       3770
      ],
      [
       3271,
       3775
      ],
      [
       3252,
       3768
      ],
      [
       3231,
       3781
      ],
      [
       3238,
       3785
      ],
      [
       3252,
       3781
      ],
      [
       3253,
       3789
      ],
      [
       3264,
       3792
      ],
      [
       3269,
       3786
      ],
      [
       3274,
       3787
      ],
      [
       3269,
       3792
      ],
      [
       3273,
       3798
      ],
      [
       3263,
       3804
      ],
      [
       3246,
       3796
      ],
      [
       3224,
       3795
      ],
      [
       3219,
       3790
      ],
      [
       3198,
       3790
      ],
      [
       3187,
       3782
      ],
      [
       3181,
       3803
      ],
      [
       3224,
       3816
      ],
      [
       3236,
       3808
      ],
      [
       3249,
       3813
      ],
      [
       3242,
       3818
      ],
      [
       3245,
       3822
      ],
      [
       3287,
       3832
      ],
      [
       3319,
       3731
      ],
      [
       3226,
       3704
      ]
     ]
    ]
   },
   "properties": {
    "sheet": "vancouver_1912_MAP342a_04",
    "outline_id": "vancouver_1912_MAP342a_04:block:fid11:outline200",
    "block_id": "vancouver_1912_MAP342a_04:block:fid11",
    "block_fid": 11,
    "block_number": null,
    "text_inside": [
     "Nagle",
     "Hotel"
    ],
    "numerals_inside": [],
    "words_inside": [
     "Nagle",
     "Hotel"
    ],
    "floors": null,
    "wash_rgb": [
     253,
     223,
     216
    ],
    "wash_chroma": 12.1,
    "wash_lightness_delta": -22.3,
    "hue_deg": 12,
    "material": "brick",
    "area_source_px2": 8202,
    "centroid_source_px": [
     3263,
     3765
    ]
   }
  },
  {
   "type": "Feature",
   "id": 201,
   "geometry": {
    "type": "Polygon",
    "coordinates": [
     [
      [
       3735,
       3714
      ],
      [
       3728,
       3722
      ],
      [
       3720,
       3754
      ],
      [
       3729,
       3767
      ],
      [
       3725,
       3775
      ],
      [
       3711,
       3777
      ],
      [
       3671,
       3769
      ],
      [
       3667,
       3784
      ],
      [
       3681,
       3791
      ],
      [
       3664,
       3792
      ],
      [
       3662,
       3802
      ],
      [
       3670,
       3810
      ],
      [
       3666,
       3824
      ],
      [
       3655,
       3824
      ],
      [
       3631,
       3910
      ],
      [
       3639,
       3908
      ],
      [
       3653,
       3884
      ],
      [
       3677,
       3871
      ],
      [
       3683,
       3880
      ],
      [
       3689,
       3870
      ],
      [
       3698,
       3869
      ],
      [
       3707,
       3861
      ],
      [
       3722,
       3860
      ],
      [
       3718,
       3848
      ],
      [
       3729,
       3842
      ],
      [
       3733,
       3834
      ],
      [
       3743,
       3842
      ],
      [
       3754,
       3837
      ],
      [
       3756,
       3846
      ],
      [
       3733,
       3857
      ],
      [
       3722,
       3874
      ],
      [
       3711,
       3869
      ],
      [
       3700,
       3880
      ],
      [
       3684,
       3884
      ],
      [
       3675,
       3897
      ],
      [
       3659,
       3898
      ],
      [
       3656,
       3904
      ],
      [
       3627,
       3919
      ],
      [
       3630,
       3924
      ],
      [
       3660,
       3932
      ],
      [
       3669,
       3914
      ],
      [
       3669,
       3922
      ],
      [
       3676,
       3922
      ],
      [
       3677,
       3903
      ],
      [
       3697,
       3891
      ],
      [
       3706,
       3896
      ],
      [
       3706,
       3888
      ],
      [
       3712,
       3883
      ],
      [
       3723,
       3890
      ],
      [
       3737,
       3881
      ],
      [
       3733,
       3874
      ],
      [
       3741,
       3871
      ],
      [
       3740,
       3879
      ],
      [
       3748,
       3880
      ],
      [
       3742,
       3892
      ],
      [
       3722,
       3899
      ],
      [
       3715,
       3907
      ],
      [
       3707,
       3906
      ],
      [
       3683,
       3923
      ],
      [
       3687,
       3929
      ],
      [
       3706,
       3928
      ],
      [
       3707,
       3944
      ],
      [
       3732,
       3952
      ],
      [
       3737,
       3949
      ],
      [
       3773,
       3820
      ],
      [
       3745,
       3810
      ],
      [
       3738,
       3820
      ],
      [
       3739,
       3810
      ],
      [
       3731,
       3807
      ],
      [
       3727,
       3820
      ],
      [
       3716,
       3826
      ],
      [
       3710,
       3822
      ],
      [
       3714,
       3817
      ],
      [
       3712,
       3811
      ],
      [
       3729,
       3802
      ],
      [
       3735,
       3788
      ],
      [
       3754,
       3789
      ],
      [
       3757,
       3776
      ],
      [
       3748,
       3771
      ],
      [
       3766,
       3775
      ],
      [
       3775,
       3767
      ],
      [
       3788,
       3767
      ],
      [
       3798,
       3738
      ],
      [
       3795,
       3731
      ],
      [
       3757,
       3719
      ],
      [
       3748,
       3726
      ],
      [
       3746,
       3718
      ],
      [
       3735,
       3714
      ]
     ]
    ]
   },
   "properties": {
    "sheet": "vancouver_1912_MAP342a_04",
    "outline_id": "vancouver_1912_MAP342a_04:block:2:outline201",
    "block_id": "vancouver_1912_MAP342a_04:block:2",
    "block_fid": 13,
    "block_number": "2",
    "text_inside": [
     "9",
     "Atlantec",
     "Hotel"
    ],
    "numerals_inside": [
     "9"
    ],
    "words_inside": [
     "Atlantec",
     "Hotel"
    ],
    "floors": null,
    "wash_rgb": [
     253,
     209,
     213
    ],
    "wash_chroma": 16.7,
    "wash_lightness_delta": -30.7,
    "hue_deg": 354,
    "material": "brick",
    "area_source_px2": 16738,
    "centroid_source_px": [
     3714,
     3831
    ]
   }
  },
  {
   "type": "Feature",
   "id": 202,
   "geometry": {
    "type": "Polygon",
    "coordinates": [
     [
      [
       3565,
       3720
      ],
      [
       3562,
       3731
      ],
      [
       3567,
       3735
      ],
      [
       3565,
       3740
      ],
      [
       3558,
       3741
      ],
      [
       3556,
       3756
      ],
      [
       3650,
       3778
      ],
      [
       3658,
       3742
      ],
      [
       3583,
       3720
      ],
      [
       3565,
       3720
      ]
     ]
    ]
   },
   "properties": {
    "sheet": "vancouver_1912_MAP342a_04",
    "outline_id": "vancouver_1912_MAP342a_04:block:2:outline202",
    "block_id": "vancouver_1912_MAP342a_04:block:2",
    "block_fid": 13,
    "block_number": "2",
    "text_inside": [
     "D"
    ],
    "numerals_inside": [],
    "words_inside": [],
    "floors": null,
    "wash_rgb": [
     253,
     215,
     215
    ],
    "wash_chroma": 14.3,
    "wash_lightness_delta": -26.8,
    "hue_deg": 0,
    "material": "brick",
    "area_source_px2": 3726,
    "centroid_source_px": [
     3609,
     3749
    ]
   }
  },
  {
   "type": "Feature",
   "id": 203,
   "geometry": {
    "type": "Polygon",
    "coordinates": [
     [
      [
       2421,
       3721
      ],
      [
       2397,
       3726
      ],
      [
       2310,
       4022
      ],
      [
       2312,
       4033
      ],
      [
       2319,
       4027
      ],
      [
       2334,
       4028
      ],
      [
       2408,
       3771
      ],
      [
       2421,
       3741
      ],
      [
       2421,
       3721
      ]
     ]
    ]
   },
   "properties": {
    "sheet": "vancouver_1912_MAP342a_04",
    "outline_id": "vancouver_1912_MAP342a_04:block:4:outline203",
    "block_id": "vancouver_1912_MAP342a_04:block:4",
    "block_fid": 12,
    "block_number": "4",
    "text_inside": [],
    "numerals_inside": [],
    "words_inside": [],
    "floors": null,
    "wash_rgb": [
     254,
     254,
     254
    ],
    "wash_chroma": 0.3,
    "wash_lightness_delta": -0.2,
    "hue_deg": 0,
    "material": "not a building (open lot, yard or court)",
    "area_source_px2": 7666,
    "centroid_source_px": [
     2367,
     3874
    ]
   }
  },
  {
   "type": "Feature",
   "id": 204,
   "geometry": {
    "type": "Polygon",
    "coordinates": [
     [
      [
       2222,
       3733
      ],
      [
       2191,
       3764
      ],
      [
       2245,
       3818
      ],
      [
       2156,
       3905
      ],
      [
       2161,
       3909
      ],
      [
       2172,
       3906
      ],
      [
       2174,
       3898
      ],
      [
       2215,
       3863
      ],
      [
       2177,
       3904
      ],
      [
       2185,
       3911
      ],
      [
       2183,
       3919
      ],
      [
       2200,
       3940
      ],
      [
       2213,
       3942
      ],
      [
       2220,
       3959
      ],
      [
       2244,
       3979
      ],
      [
       2246,
       3989
      ],
      [
       2239,
       3992
      ],
      [
       2241,
       3998
      ],
      [
       2249,
       3998
      ],
      [
       2252,
       4006
      ],
      [
       2260,
       4010
      ],
      [
       2274,
       3970
      ],
      [
       2267,
       3968
      ],
      [
       2268,
       3962
      ],
      [
       2251,
       3948
      ],
      [
       2236,
       3957
      ],
      [
       2270,
       3924
      ],
      [
       2264,
       3937
      ],
      [
       2279,
       3947
      ],
      [
       2282,
       3945
      ],
      [
       2316,
       3826
      ],
      [
       2222,
       3733
      ]
     ]
    ]
   },
   "properties": {
    "sheet": "vancouver_1912_MAP342a_04",
    "outline_id": "vancouver_1912_MAP342a_04:block:4:outline204",
    "block_id": "vancouver_1912_MAP342a_04:block:4",
    "block_fid": 12,
    "block_number": "4",
    "text_inside": [
     "14",
     "Dominion",
     "13",
     "Bldg."
    ],
    "numerals_inside": [],
    "words_inside": [
     "Dominion",
     "Bldg."
    ],
    "floors": null,
    "wash_rgb": [
     253,
     206,
     209
    ],
    "wash_chroma": 18.1,
    "wash_lightness_delta": -33.1,
    "hue_deg": 356,
    "material": "brick",
    "area_source_px2": 18854,
    "centroid_source_px": [
     2250,
     3860
    ]
   }
  },
  {
   "type": "Feature",
   "id": 205,
   "geometry": {
    "type": "Polygon",
    "coordinates": [
     [
      [
       3802,
       3734
      ],
      [
       3793,
       3760
      ],
      [
       3791,
       3789
      ],
      [
       3853,
       3805
      ],
      [
       3841,
       3854
      ],
      [
       3882,
       3863
      ],
      [
       3913,
       3764
      ],
      [
       3802,
       3734
      ]
     ]
    ]
   },
   "properties": {
    "sheet": "vancouver_1912_MAP342a_04",
    "outline_id": "vancouver_1912_MAP342a_04:block:2:outline205",
    "block_id": "vancouver_1912_MAP342a_04:block:2",
    "block_fid": 13,
    "block_number": "2",
    "text_inside": [],
    "numerals_inside": [],
    "words_inside": [],
    "floors": null,
    "wash_rgb": [
     254,
     254,
     254
    ],
    "wash_chroma": 0.0,
    "wash_lightness_delta": -0.0,
    "hue_deg": 0,
    "material": "not a building (open lot, yard or court)",
    "area_source_px2": 8466,
    "centroid_source_px": [
     3855,
     3790
    ]
   }
  },
  {
   "type": "Feature",
   "id": 206,
   "geometry": {
    "type": "Polygon",
    "coordinates": [
     [
      [
       2493,
       3743
      ],
      [
       2466,
       3762
      ],
      [
       2421,
       3915
      ],
      [
       2521,
       3945
      ],
      [
       2539,
       3898
      ],
      [
       2577,
       3767
      ],
      [
       2536,
       3754
      ],
      [
       2523,
       3762
      ],
      [
       2513,
       3760
      ],
      [
       2515,
       3749
      ],
      [
       2493,
       3743
      ]
     ]
    ]
   },
   "properties": {
    "sheet": "vancouver_1912_MAP342a_04",
    "outline_id": "vancouver_1912_MAP342a_04:block:4:outline206",
    "block_id": "vancouver_1912_MAP342a_04:block:4",
    "block_fid": 12,
    "block_number": "4",
    "text_inside": [
     "Hotel",
     "Carder"
    ],
    "numerals_inside": [],
    "words_inside": [
     "Hotel",
     "Carder"
    ],
    "floors": null,
    "wash_rgb": [
     253,
     209,
     209
    ],
    "wash_chroma": 16.8,
    "wash_lightness_delta": -31.0,
    "hue_deg": 0,
    "material": "brick",
    "area_source_px2": 19624,
    "centroid_source_px": [
     2498,
     3847
    ]
   }
  },
  {
   "type": "Feature",
   "id": 207,
   "geometry": {
    "type": "Polygon",
    "coordinates": [
     [
      [
       3385,
       3765
      ],
      [
       3375,
       3792
      ],
      [
       3362,
       3794
      ],
      [
       3349,
       3847
      ],
      [
       3361,
       3852
      ],
      [
       3372,
       3843
      ],
      [
       3384,
       3850
      ],
      [
       3377,
       3855
      ],
      [
       3387,
       3859
      ],
      [
       3403,
       3850
      ],
      [
       3409,
       3832
      ],
      [
       3404,
       3817
      ],
      [
       3406,
       3807
      ],
      [
       3417,
       3804
      ],
      [
       3424,
       3781
      ],
      [
       3413,
       3772
      ],
      [
       3385,
       3765
      ]
     ]
    ]
   },
   "properties": {
    "sheet": "vancouver_1912_MAP342a_04",
    "outline_id": "vancouver_1912_MAP342a_04:block:fid11:outline207",
    "block_id": "vancouver_1912_MAP342a_04:block:fid11",
    "block_fid": 11,
    "block_number": null,
    "text_inside": [
     "B",
     "B"
    ],
    "numerals_inside": [],
    "words_inside": [],
    "floors": null,
    "wash_rgb": [
     253,
     221,
     216
    ],
    "wash_chroma": 12.4,
    "wash_lightness_delta": -23.1,
    "hue_deg": 8,
    "material": "brick",
    "area_source_px2": 4084,
    "centroid_source_px": [
     3387,
     3810
    ]
   }
  },
  {
   "type": "Feature",
   "id": 208,
   "geometry": {
    "type": "Polygon",
    "coordinates": [
     [
      [
       3918,
       3765
      ],
      [
       3851,
       3978
      ],
      [
       3856,
       3986
      ],
      [
       3892,
       3996
      ],
      [
       3907,
       3988
      ],
      [
       3970,
       3785
      ],
      [
       3967,
       3778
      ],
      [
       3918,
       3765
      ]
     ]
    ]
   },
   "properties": {
    "sheet": "vancouver_1912_MAP342a_04",
    "outline_id": "vancouver_1912_MAP342a_04:block:2:outline208",
    "block_id": "vancouver_1912_MAP342a_04:block:2",
    "block_fid": 13,
    "block_number": "2",
    "text_inside": [
     "Hotel"
    ],
    "numerals_inside": [],
    "words_inside": [
     "Hotel"
    ],
    "floors": null,
    "wash_rgb": [
     253,
     206,
     213
    ],
    "wash_chroma": 18.0,
    "wash_lightness_delta": -32.6,
    "hue_deg": 352,
    "material": "brick",
    "area_source_px2": 12777,
    "centroid_source_px": [
     3908,
     3882
    ]
   }
  },
  {
   "type": "Feature",
   "id": 209,
   "geometry": {
    "type": "Polygon",
    "coordinates": [
     [
      [
       2584,
       3768
      ],
      [
       2579,
       3773
      ],
      [
       2554,
       3858
      ],
      [
       2575,
       3865
      ],
      [
       2583,
       3858
      ],
      [
       2585,
       3866
      ],
      [
       2606,
       3872
      ],
      [
       2615,
       3854
      ],
      [
       2634,
       3783
      ],
      [
       2615,
       3776
      ],
      [
       2607,
       3780
      ],
      [
       2606,
       3774
      ],
      [
       2584,
       3768
      ]
     ]
    ]
   },
   "properties": {
    "sheet": "vancouver_1912_MAP342a_04",
    "outline_id": "vancouver_1912_MAP342a_04:block:4:outline209",
    "block_id": "vancouver_1912_MAP342a_04:block:4",
    "block_fid": 12,
    "block_number": "4",
    "text_inside": [],
    "numerals_inside": [],
    "words_inside": [],
    "floors": null,
    "wash_rgb": [
     253,
     235,
     140
    ],
    "wash_chroma": 48.7,
    "wash_lightness_delta": -17.7,
    "hue_deg": 50,
    "material": "frame (wood)",
    "area_source_px2": 5262,
    "centroid_source_px": [
     2594,
     3820
    ]
   }
  },
  {
   "type": "Feature",
   "id": 210,
   "geometry": {
    "type": "Polygon",
    "coordinates": [
     [
      [
       2162,
       3771
      ],
      [
       2150,
       3774
      ],
      [
       2129,
       3795
      ],
      [
       2131,
       3801
      ],
      [
       2109,
       3813
      ],
      [
       2058,
       3861
      ],
      [
       2069,
       3876
      ],
      [
       2084,
       3884
      ],
      [
       2086,
       3893
      ],
      [
       2094,
       3893
      ],
      [
       2144,
       3844
      ],
      [
       2142,
       3836
      ],
      [
       2136,
       3834
      ],
      [
       2151,
       3820
      ],
      [
       2152,
       3828
      ],
      [
       2160,
       3828
      ],
      [
       2189,
       3800
      ],
      [
       2162,
       3771
      ]
     ]
    ]
   },
   "properties": {
    "sheet": "vancouver_1912_MAP342a_04",
    "outline_id": "vancouver_1912_MAP342a_04:block:4:outline210",
    "block_id": "vancouver_1912_MAP342a_04:block:4",
    "block_fid": 12,
    "block_number": "4",
    "text_inside": [
     "17",
     "16"
    ],
    "numerals_inside": [],
    "words_inside": [],
    "floors": null,
    "wash_rgb": [
     253,
     200,
     205
    ],
    "wash_chroma": 20.5,
    "wash_lightness_delta": -36.9,
    "hue_deg": 354,
    "material": "brick",
    "area_source_px2": 6070,
    "centroid_source_px": [
     2121,
     3833
    ]
   }
  },
  {
   "type": "Feature",
   "id": 211,
   "geometry": {
    "type": "Polygon",
    "coordinates": [
     [
      [
       3973,
       3783
      ],
      [
       3954,
       3841
      ],
      [
       3951,
       3864
      ],
      [
       3996,
       3877
      ],
      [
       4002,
       3874
      ],
      [
       4033,
       3889
      ],
      [
       4107,
       3908
      ],
      [
       4118,
       3906
      ],
      [
       4140,
       3824
      ],
      [
       3977,
       3780
      ],
      [
       3973,
       3783
      ]
     ]
    ]
   },
   "properties": {
    "sheet": "vancouver_1912_MAP342a_04",
    "outline_id": "vancouver_1912_MAP342a_04:block:2:outline211",
    "block_id": "vancouver_1912_MAP342a_04:block:2",
    "block_fid": 13,
    "block_number": "2",
    "text_inside": [],
    "numerals_inside": [],
    "words_inside": [],
    "floors": null,
    "wash_rgb": [
     254,
     254,
     254
    ],
    "wash_chroma": 0.0,
    "wash_lightness_delta": -0.0,
    "hue_deg": 0,
    "material": "not a building (open lot, yard or court)",
    "area_source_px2": 15410,
    "centroid_source_px": [
     4046,
     3844
    ]
   }
  },
  {
   "type": "Feature",
   "id": 212,
   "geometry": {
    "type": "Polygon",
    "coordinates": [
     [
      [
       2648,
       3785
      ],
      [
       2636,
       3793
      ],
      [
       2627,
       3831
      ],
      [
       2609,
       3879
      ],
      [
       2615,
       3885
      ],
      [
       2603,
       3897
      ],
      [
       2574,
       3991
      ],
      [
       2577,
       3998
      ],
      [
       2626,
       4011
      ],
      [
       2637,
       3989
      ],
      [
       2691,
       3802
      ],
      [
       2686,
       3795
      ],
      [
       2648,
       3785
      ]
     ]
    ]
   },
   "properties": {
    "sheet": "vancouver_1912_MAP342a_04",
    "outline_id": "vancouver_1912_MAP342a_04:block:4:outline212",
    "block_id": "vancouver_1912_MAP342a_04:block:4",
    "block_fid": 12,
    "block_number": "4",
    "text_inside": [],
    "numerals_inside": [],
    "words_inside": [],
    "floors": null,
    "wash_rgb": [
     253,
     207,
     209
    ],
    "wash_chroma": 17.5,
    "wash_lightness_delta": -32.0,
    "hue_deg": 358,
    "material": "brick",
    "area_source_px2": 12606,
    "centroid_source_px": [
     2633,
     3899
    ]
   }
  },
  {
   "type": "Feature",
   "id": 213,
   "geometry": {
    "type": "Polygon",
    "coordinates": [
     [
      [
       3850,
       3809
      ],
      [
       3785,
       3792
      ],
      [
       3767,
       3859
      ],
      [
       3784,
       3863
      ],
      [
       3793,
       3841
      ],
      [
       3816,
       3847
      ],
      [
       3824,
       3837
      ],
      [
       3829,
       3842
      ],
      [
       3842,
       3838
      ],
      [
       3850,
       3809
      ]
     ]
    ]
   },
   "properties": {
    "sheet": "vancouver_1912_MAP342a_04",
    "outline_id": "vancouver_1912_MAP342a_04:block:2:outline213",
    "block_id": "vancouver_1912_MAP342a_04:block:2",
    "block_fid": 13,
    "block_number": "2",
    "text_inside": [],
    "numerals_inside": [],
    "words_inside": [],
    "floors": null,
    "wash_rgb": [
     253,
     239,
     129
    ],
    "wash_chroma": 55.2,
    "wash_lightness_delta": -15.9,
    "hue_deg": 54,
    "material": "frame (wood)",
    "area_source_px2": 3267,
    "centroid_source_px": [
     3806,
     3824
    ]
   }
  },
  {
   "type": "Feature",
   "id": 214,
   "geometry": {
    "type": "Polygon",
    "coordinates": [
     [
      [
       2700,
       3799
      ],
      [
       2692,
       3807
      ],
      [
       2666,
       3903
      ],
      [
       2676,
       3908
      ],
      [
       2669,
       3912
      ],
      [
       2640,
       4011
      ],
      [
       2643,
       4016
      ],
      [
       2686,
       4028
      ],
      [
       2715,
       3939
      ],
      [
       2712,
       3922
      ],
      [
       2723,
       3912
      ],
      [
       2747,
       3827
      ],
      [
       2735,
       3819
      ],
      [
       2738,
       3809
      ],
      [
       2700,
       3799
      ]
     ]
    ]
   },
   "properties": {
    "sheet": "vancouver_1912_MAP342a_04",
    "outline_id": "vancouver_1912_MAP342a_04:block:4:outline214",
    "block_id": "vancouver_1912_MAP342a_04:block:4",
    "block_fid": 12,
    "block_number": "4",
    "text_inside": [],
    "numerals_inside": [],
    "words_inside": [],
    "floors": null,
    "wash_rgb": [
     253,
     207,
     209
    ],
    "wash_chroma": 17.8,
    "wash_lightness_delta": -32.5,
    "hue_deg": 358,
    "material": "brick",
    "area_source_px2": 11833,
    "centroid_source_px": [
     2694,
     3911
    ]
   }
  },
  {
   "type": "Feature",
   "id": 215,
   "geometry": {
    "type": "Polygon",
    "coordinates": [
     [
      [
       2195,
       3804
      ],
      [
       2187,
       3805
      ],
      [
       2163,
       3828
      ],
      [
       2156,
       3841
      ],
      [
       2145,
       3846
      ],
      [
       2093,
       3896
      ],
      [
       2111,
       3918
      ],
      [
       2121,
       3921
      ],
      [
       2122,
       3928
      ],
      [
       2131,
       3924
      ],
      [
       2179,
       3877
      ],
      [
       2168,
       3865
      ],
      [
       2182,
       3852
      ],
      [
       2184,
       3857
      ],
      [
       2195,
       3860
      ],
      [
       2223,
       3835
      ],
      [
       2195,
       3804
      ]
     ]
    ]
   },
   "properties": {
    "sheet": "vancouver_1912_MAP342a_04",
    "outline_id": "vancouver_1912_MAP342a_04:block:4:outline215",
    "block_id": "vancouver_1912_MAP342a_04:block:4",
    "block_fid": 12,
    "block_number": "4",
    "text_inside": [
     "15",
     "20"
    ],
    "numerals_inside": [],
    "words_inside": [],
    "floors": null,
    "wash_rgb": [
     253,
     207,
     207
    ],
    "wash_chroma": 17.7,
    "wash_lightness_delta": -32.5,
    "hue_deg": 0,
    "material": "brick",
    "area_source_px2": 5934,
    "centroid_source_px": [
     2156,
     3868
    ]
   }
  },
  {
   "type": "Feature",
   "id": 216,
   "geometry": {
    "type": "Polygon",
    "coordinates": [
     [
      [
       3542,
       3809
      ],
      [
       3531,
       3836
      ],
      [
       3539,
       3848
      ],
      [
       3536,
       3863
      ],
      [
       3531,
       3861
      ],
      [
       3533,
       3855
      ],
      [
       3527,
       3853
      ],
      [
       3516,
       3892
      ],
      [
       3527,
       3896
      ],
      [
       3535,
       3887
      ],
      [
       3544,
       3887
      ],
      [
       3549,
       3891
      ],
      [
       3540,
       3900
      ],
      [
       3566,
       3906
      ],
      [
       3571,
       3900
      ],
      [
       3590,
       3823
      ],
      [
       3576,
       3819
      ],
      [
       3560,
       3826
      ],
      [
       3552,
       3822
      ],
      [
       3556,
       3813
      ],
      [
       3542,
       3809
      ]
     ]
    ]
   },
   "properties": {
    "sheet": "vancouver_1912_MAP342a_04",
    "outline_id": "vancouver_1912_MAP342a_04:block:2:outline216",
    "block_id": "vancouver_1912_MAP342a_04:block:2",
    "block_fid": 13,
    "block_number": "2",
    "text_inside": [
     "B"
    ],
    "numerals_inside": [],
    "words_inside": [],
    "floors": null,
    "wash_rgb": [
     253,
     212,
     214
    ],
    "wash_chroma": 15.5,
    "wash_lightness_delta": -28.7,
    "hue_deg": 358,
    "material": "brick",
    "area_source_px2": 4172,
    "centroid_source_px": [
     3556,
     3858
    ]
   }
  },
  {
   "type": "Feature",
   "id": 217,
   "geometry": {
    "type": "Polygon",
    "coordinates": [
     [
      [
       2762,
       3815
      ],
      [
       2752,
       3822
      ],
      [
       2727,
       3912
      ],
      [
       2734,
       3922
      ],
      [
       2762,
       3928
      ],
      [
       2765,
       3939
      ],
      [
       2775,
       3918
      ],
      [
       2772,
       3939
      ],
      [
       2794,
       3946
      ],
      [
       2810,
       3904
      ],
      [
       2828,
       3834
      ],
      [
       2807,
       3827
      ],
      [
       2799,
       3833
      ],
      [
       2796,
       3824
      ],
      [
       2762,
       3815
      ]
     ]
    ]
   },
   "properties": {
    "sheet": "vancouver_1912_MAP342a_04",
    "outline_id": "vancouver_1912_MAP342a_04:block:4:outline217",
    "block_id": "vancouver_1912_MAP342a_04:block:4",
    "block_fid": 12,
    "block_number": "4",
    "text_inside": [],
    "numerals_inside": [],
    "words_inside": [],
    "floors": null,
    "wash_rgb": [
     253,
     204,
     207
    ],
    "wash_chroma": 18.6,
    "wash_lightness_delta": -33.9,
    "hue_deg": 356,
    "material": "brick",
    "area_source_px2": 8507,
    "centroid_source_px": [
     2777,
     3877
    ]
   }
  },
  {
   "type": "Feature",
   "id": 218,
   "geometry": {
    "type": "Polygon",
    "coordinates": [
     [
      [
       3596,
       3824
      ],
      [
       3584,
       3853
      ],
      [
       3572,
       3906
      ],
      [
       3583,
       3911
      ],
      [
       3599,
       3904
      ],
      [
       3602,
       3898
      ],
      [
       3604,
       3904
      ],
      [
       3614,
       3907
      ],
      [
       3602,
       3915
      ],
      [
       3622,
       3922
      ],
      [
       3632,
       3896
      ],
      [
       3629,
       3873
      ],
      [
       3639,
       3871
      ],
      [
       3647,
       3839
      ],
      [
       3633,
       3834
      ],
      [
       3621,
       3839
      ],
      [
       3617,
       3846
      ],
      [
       3617,
       3840
      ],
      [
       3608,
       3837
      ],
      [
       3613,
       3829
      ],
      [
       3596,
       3824
      ]
     ]
    ]
   },
   "properties": {
    "sheet": "vancouver_1912_MAP342a_04",
    "outline_id": "vancouver_1912_MAP342a_04:block:2:outline218",
    "block_id": "vancouver_1912_MAP342a_04:block:2",
    "block_fid": 13,
    "block_number": "2",
    "text_inside": [],
    "numerals_inside": [],
    "words_inside": [],
    "floors": null,
    "wash_rgb": [
     253,
     209,
     212
    ],
    "wash_chroma": 16.6,
    "wash_lightness_delta": -30.6,
    "hue_deg": 356,
    "material": "brick",
    "area_source_px2": 4341,
    "centroid_source_px": [
     3609,
     3871
    ]
   }
  },
  {
   "type": "Feature",
   "id": 219,
   "geometry": {
    "type": "Polygon",
    "coordinates": [
     [
      [
       4145,
       3827
      ],
      [
       4120,
       3909
      ],
      [
       4222,
       3937
      ],
      [
       4247,
       3854
      ],
      [
       4145,
       3827
      ]
     ]
    ]
   },
   "properties": {
    "sheet": "vancouver_1912_MAP342a_04",
    "outline_id": "vancouver_1912_MAP342a_04:block:2:outline219",
    "block_id": "vancouver_1912_MAP342a_04:block:2",
    "block_fid": 13,
    "block_number": "2",
    "text_inside": [],
    "numerals_inside": [],
    "words_inside": [],
    "floors": null,
    "wash_rgb": [
     254,
     254,
     254
    ],
    "wash_chroma": 0.0,
    "wash_lightness_delta": -0.0,
    "hue_deg": 0,
    "material": "not a building (open lot, yard or court)",
    "area_source_px2": 9102,
    "centroid_source_px": [
     4184,
     3882
    ]
   }
  },
  {
   "type": "Feature",
   "id": 220,
   "geometry": {
    "type": "Polygon",
    "coordinates": [
     [
      [
       3796,
       3845
      ],
      [
       3786,
       3868
      ],
      [
       3763,
       3865
      ],
      [
       3738,
       3952
      ],
      [
       3751,
       3953
      ],
      [
       3774,
       3964
      ],
      [
       3782,
       3952
      ],
      [
       3781,
       3964
      ],
      [
       3785,
       3967
      ],
      [
       3798,
       3956
      ],
      [
       3802,
       3971
      ],
      [
       3810,
       3972
      ],
      [
       3815,
       3965
      ],
      [
       3816,
       3975
      ],
      [
       3843,
       3982
      ],
      [
       3880,
       3870
      ],
      [
       3850,
       3859
      ],
      [
       3843,
       3871
      ],
      [
       3844,
       3858
      ],
      [
       3815,
       3851
      ],
      [
       3811,
       3854
      ],
      [
       3808,
       3848
      ],
      [
       3796,
       3845
      ]
     ]
    ]
   },
   "properties": {
    "sheet": "vancouver_1912_MAP342a_04",
    "outline_id": "vancouver_1912_MAP342a_04:block:2:outline220",
    "block_id": "vancouver_1912_MAP342a_04:block:2",
    "block_fid": 13,
    "block_number": "2",
    "text_inside": [],
    "numerals_inside": [],
    "words_inside": [],
    "floors": null,
    "wash_rgb": [
     253,
     206,
     212
    ],
    "wash_chroma": 18.0,
    "wash_lightness_delta": -32.7,
    "hue_deg": 352,
    "material": "brick",
    "area_source_px2": 12382,
    "centroid_source_px": [
     3810,
     3913
    ]
   }
  },
  {
   "type": "Feature",
   "id": 221,
   "geometry": {
    "type": "Polygon",
    "coordinates": [
     [
      [
       2912,
       3856
      ],
      [
       2889,
       3850
      ],
      [
       2872,
       3859
      ],
      [
       2847,
       3942
      ],
      [
       2851,
       3949
      ],
      [
       2836,
       3978
      ],
      [
       2814,
       4060
      ],
      [
       2832,
       4065
      ],
      [
       2840,
       4042
      ],
      [
       2860,
       4049
      ],
      [
       2865,
       4045
      ],
      [
       2915,
       3876
      ],
      [
       2909,
       3865
      ],
      [
       2916,
       3861
      ],
      [
       2912,
       3856
      ]
     ]
    ]
   },
   "properties": {
    "sheet": "vancouver_1912_MAP342a_04",
    "outline_id": "vancouver_1912_MAP342a_04:block:4:outline221",
    "block_id": "vancouver_1912_MAP342a_04:block:4",
    "block_fid": 12,
    "block_number": "4",
    "text_inside": [],
    "numerals_inside": [],
    "words_inside": [],
    "floors": null,
    "wash_rgb": [
     253,
     235,
     132
    ],
    "wash_chroma": 52.3,
    "wash_lightness_delta": -18.2,
    "hue_deg": 52,
    "material": "frame (wood)",
    "area_source_px2": 9360,
    "centroid_source_px": [
     2867,
     3954
    ]
   }
  },
  {
   "type": "Feature",
   "id": 222,
   "geometry": {
    "type": "Polygon",
    "coordinates": [
     [
      [
       4252,
       3855
      ],
      [
       4226,
       3938
      ],
      [
       4335,
       3966
      ],
      [
       4359,
       3883
      ],
      [
       4252,
       3855
      ]
     ]
    ]
   },
   "properties": {
    "sheet": "vancouver_1912_MAP342a_04",
    "outline_id": "vancouver_1912_MAP342a_04:block:2:outline222",
    "block_id": "vancouver_1912_MAP342a_04:block:2",
    "block_fid": 13,
    "block_number": "2",
    "text_inside": [],
    "numerals_inside": [],
    "words_inside": [],
    "floors": null,
    "wash_rgb": [
     254,
     254,
     254
    ],
    "wash_chroma": 0.0,
    "wash_lightness_delta": -0.0,
    "hue_deg": 0,
    "material": "not a building (open lot, yard or court)",
    "area_source_px2": 9664,
    "centroid_source_px": [
     4291,
     3912
    ]
   }
  },
  {
   "type": "Feature",
   "id": 223,
   "geometry": {
    "type": "Polygon",
    "coordinates": [
     [
      [
       2926,
       3860
      ],
      [
       2915,
       3882
      ],
      [
       2860,
       4070
      ],
      [
       2863,
       4075
      ],
      [
       2901,
       4084
      ],
      [
       2908,
       4072
      ],
      [
       2965,
       3877
      ],
      [
       2960,
       3870
      ],
      [
       2926,
       3860
      ]
     ]
    ]
   },
   "properties": {
    "sheet": "vancouver_1912_MAP342a_04",
    "outline_id": "vancouver_1912_MAP342a_04:block:4:outline223",
    "block_id": "vancouver_1912_MAP342a_04:block:4",
    "block_fid": 12,
    "block_number": "4",
    "text_inside": [],
    "numerals_inside": [],
    "words_inside": [],
    "floors": null,
    "wash_rgb": [
     253,
     213,
     211
    ],
    "wash_chroma": 15.6,
    "wash_lightness_delta": -28.5,
    "hue_deg": 2,
    "material": "brick",
    "area_source_px2": 10292,
    "centroid_source_px": [
     2913,
     3972
    ]
   }
  },
  {
   "type": "Feature",
   "id": 224,
   "geometry": {
    "type": "Polygon",
    "coordinates": [
     [
      [
       3954,
       3869
      ],
      [
       3947,
       3888
      ],
      [
       3939,
       3891
      ],
      [
       3906,
       3998
      ],
      [
       3936,
       4007
      ],
      [
       3947,
       3982
      ],
      [
       3942,
       4001
      ],
      [
       3946,
       4010
      ],
      [
       3963,
       4014
      ],
      [
       3974,
       4008
      ],
      [
       3975,
       4018
      ],
      [
       3992,
       4022
      ],
      [
       4000,
       4008
      ],
      [
       3998,
       4023
      ],
      [
       4015,
       4029
      ],
      [
       4025,
       4024
      ],
      [
       4032,
       4005
      ],
      [
       4028,
       4032
      ],
      [
       4074,
       4043
      ],
      [
       4115,
       3912
      ],
      [
       4069,
       3899
      ],
      [
       4056,
       3927
      ],
      [
       4055,
       3918
      ],
      [
       4041,
       3913
      ],
      [
       4049,
       3893
      ],
      [
       4040,
       3891
      ],
      [
       4036,
       3896
      ],
      [
       4033,
       3888
      ],
      [
       4019,
       3885
      ],
      [
       4012,
       3891
      ],
      [
       4004,
       3881
      ],
      [
       3995,
       3898
      ],
      [
       3996,
       3880
      ],
      [
       3983,
       3875
      ],
      [
       3978,
       3881
      ],
      [
       3977,
       3874
      ],
      [
       3954,
       3869
      ]
     ]
    ]
   },
   "properties": {
    "sheet": "vancouver_1912_MAP342a_04",
    "outline_id": "vancouver_1912_MAP342a_04:block:2:outline224",
    "block_id": "vancouver_1912_MAP342a_04:block:2",
    "block_fid": 13,
    "block_number": "2",
    "text_inside": [],
    "numerals_inside": [],
    "words_inside": [],
    "floors": null,
    "wash_rgb": [
     253,
     213,
     215
    ],
    "wash_chroma": 15.4,
    "wash_lightness_delta": -28.5,
    "hue_deg": 358,
    "material": "brick",
    "area_source_px2": 23082,
    "centroid_source_px": [
     4016,
     3958
    ]
   }
  },
  {
   "type": "Feature",
   "id": 225,
   "geometry": {
    "type": "Polygon",
    "coordinates": [
     [
      [
       2988,
       3877
      ],
      [
       2964,
       3888
      ],
      [
       2907,
       4082
      ],
      [
       2913,
       4088
      ],
      [
       2924,
       4085
      ],
      [
       2932,
       4090
      ],
      [
       2943,
       4066
      ],
      [
       2937,
       4093
      ],
      [
       2958,
       4100
      ],
      [
       2968,
       4080
      ],
      [
       3022,
       3886
      ],
      [
       3005,
       3881
      ],
      [
       2995,
       3888
      ],
      [
       2996,
       3881
      ],
      [
       2988,
       3877
      ]
     ]
    ]
   },
   "properties": {
    "sheet": "vancouver_1912_MAP342a_04",
    "outline_id": "vancouver_1912_MAP342a_04:block:4:outline225",
    "block_id": "vancouver_1912_MAP342a_04:block:4",
    "block_fid": 12,
    "block_number": "4",
    "text_inside": [],
    "numerals_inside": [],
    "words_inside": [],
    "floors": null,
    "wash_rgb": [
     253,
     215,
     213
    ],
    "wash_chroma": 14.7,
    "wash_lightness_delta": -27.1,
    "hue_deg": 4,
    "material": "brick",
    "area_source_px2": 12214,
    "centroid_source_px": [
     2966,
     3987
    ]
   }
  },
  {
   "type": "Feature",
   "id": 226,
   "geometry": {
    "type": "Polygon",
    "coordinates": [
     [
      [
       1997,
       3883
      ],
      [
       1995,
       3888
      ],
      [
       2003,
       3897
      ],
      [
       1990,
       3898
      ],
      [
       1987,
       3903
      ],
      [
       2002,
       3907
      ],
      [
       1999,
       3914
      ],
      [
       2198,
       4116
      ],
      [
       2222,
       4130
      ],
      [
       2241,
       4131
      ],
      [
       2233,
       4116
      ],
      [
       2003,
       3884
      ],
      [
       1997,
       3883
      ]
     ]
    ]
   },
   "properties": {
    "sheet": "vancouver_1912_MAP342a_04",
    "outline_id": "vancouver_1912_MAP342a_04:block:4:outline226",
    "block_id": "vancouver_1912_MAP342a_04:block:4",
    "block_fid": 12,
    "block_number": "4",
    "text_inside": [
     "13",
     "12"
    ],
    "numerals_inside": [],
    "words_inside": [],
    "floors": null,
    "wash_rgb": [
     254,
     254,
     253
    ],
    "wash_chroma": 0.4,
    "wash_lightness_delta": -0.3,
    "hue_deg": 60,
    "material": "not a building (open lot, yard or court)",
    "area_source_px2": 7971,
    "centroid_source_px": [
     2114,
     4013
    ]
   }
  },
  {
   "type": "Feature",
   "id": 227,
   "geometry": {
    "type": "Polygon",
    "coordinates": [
     [
      [
       3029,
       3888
      ],
      [
       3024,
       3894
      ],
      [
       2965,
       4096
      ],
      [
       2969,
       4103
      ],
      [
       2999,
       4111
      ],
      [
       3006,
       4104
      ],
      [
       3065,
       3901
      ],
      [
       3029,
       3888
      ]
     ]
    ]
   },
   "properties": {
    "sheet": "vancouver_1912_MAP342a_04",
    "outline_id": "vancouver_1912_MAP342a_04:block:4:outline227",
    "block_id": "vancouver_1912_MAP342a_04:block:4",
    "block_fid": 12,
    "block_number": "4",
    "text_inside": [],
    "numerals_inside": [],
    "words_inside": [],
    "floors": null,
    "wash_rgb": [
     253,
     216,
     214
    ],
    "wash_chroma": 14.2,
    "wash_lightness_delta": -26.3,
    "hue_deg": 4,
    "material": "brick",
    "area_source_px2": 9146,
    "centroid_source_px": [
     3015,
     4000
    ]
   }
  },
  {
   "type": "Feature",
   "id": 228,
   "geometry": {
    "type": "Polygon",
    "coordinates": [
     [
      [
       3073,
       3900
      ],
      [
       3064,
       3914
      ],
      [
       3007,
       4109
      ],
      [
       3016,
       4116
      ],
      [
       3036,
       4120
      ],
      [
       3044,
       4112
      ],
      [
       3046,
       4123
      ],
      [
       3069,
       4130
      ],
      [
       3077,
       4127
      ],
      [
       3137,
       3925
      ],
      [
       3134,
       3917
      ],
      [
       3107,
       3910
      ],
      [
       3096,
       3931
      ],
      [
       3101,
       3909
      ],
      [
       3095,
       3906
      ],
      [
       3086,
       3912
      ],
      [
       3082,
       3903
      ],
      [
       3073,
       3900
      ]
     ]
    ]
   },
   "properties": {
    "sheet": "vancouver_1912_MAP342a_04",
    "outline_id": "vancouver_1912_MAP342a_04:block:4:outline228",
    "block_id": "vancouver_1912_MAP342a_04:block:4",
    "block_fid": 12,
    "block_number": "4",
    "text_inside": [
     "3"
    ],
    "numerals_inside": [],
    "words_inside": [],
    "floors": null,
    "wash_rgb": [
     253,
     217,
     215
    ],
    "wash_chroma": 13.9,
    "wash_lightness_delta": -25.8,
    "hue_deg": 4,
    "material": "brick",
    "area_source_px2": 15892,
    "centroid_source_px": [
     3073,
     4016
    ]
   }
  },
  {
   "type": "Feature",
   "id": 229,
   "geometry": {
    "type": "Polygon",
    "coordinates": [
     [
      [
       2128,
       3930
      ],
      [
       2131,
       3938
      ],
      [
       2145,
       3952
      ],
      [
       2154,
       3951
      ],
      [
       2155,
       3962
      ],
      [
       2171,
       3978
      ],
      [
       2183,
       3977
      ],
      [
       2197,
       3989
      ],
      [
       2188,
       3990
      ],
      [
       2188,
       3995
      ],
      [
       2235,
       4042
      ],
      [
       2252,
       4041
      ],
      [
       2256,
       4028
      ],
      [
       2238,
       4024
      ],
      [
       2232,
       4007
      ],
      [
       2207,
       3985
      ],
      [
       2217,
       3987
      ],
      [
       2231,
       3979
      ],
      [
       2204,
       3954
      ],
      [
       2199,
       3962
      ],
      [
       2206,
       3970
      ],
      [
       2195,
       3972
      ],
      [
       2168,
       3946
      ],
      [
       2169,
       3937
      ],
      [
       2162,
       3938
      ],
      [
       2150,
       3929
      ],
      [
       2159,
       3930
      ],
      [
       2161,
       3923
      ],
      [
       2170,
       3925
      ],
      [
       2173,
       3919
      ],
      [
       2154,
       3908
      ],
      [
       2128,
       3930
      ]
     ]
    ]
   },
   "properties": {
    "sheet": "vancouver_1912_MAP342a_04",
    "outline_id": "vancouver_1912_MAP342a_04:block:4:outline229",
    "block_id": "vancouver_1912_MAP342a_04:block:4",
    "block_fid": 12,
    "block_number": "4",
    "text_inside": [
     "Trusts Bead"
    ],
    "numerals_inside": [],
    "words_inside": [
     "Trusts Bead"
    ],
    "floors": null,
    "wash_rgb": [
     253,
     207,
     207
    ],
    "wash_chroma": 17.5,
    "wash_lightness_delta": -32.4,
    "hue_deg": 0,
    "material": "brick",
    "area_source_px2": 4062,
    "centroid_source_px": [
     2191,
     3976
    ]
   }
  },
  {
   "type": "Feature",
   "id": 230,
   "geometry": {
    "type": "Polygon",
    "coordinates": [
     [
      [
       4121,
       3914
      ],
      [
       4114,
       3925
      ],
      [
       4078,
       4044
      ],
      [
       4120,
       4057
      ],
      [
       4128,
       4053
      ],
      [
       4133,
       4061
      ],
      [
       4178,
       4072
      ],
      [
       4185,
       4061
      ],
      [
       4221,
       3941
      ],
      [
       4181,
       3932
      ],
      [
       4168,
       3949
      ],
      [
       4173,
       3955
      ],
      [
       4160,
       3995
      ],
      [
       4136,
       3992
      ],
      [
       4137,
       4000
      ],
      [
       4176,
       4014
      ],
      [
       4166,
       4021
      ],
      [
       4150,
       4013
      ],
      [
       4135,
       4013
      ],
      [
       4130,
       4007
      ],
      [
       4124,
       4010
      ],
      [
       4117,
       4004
      ],
      [
       4102,
       4002
      ],
      [
       4110,
       4001
      ],
      [
       4119,
       3994
      ],
      [
       4115,
       3989
      ],
      [
       4124,
       3987
      ],
      [
       4134,
       3944
      ],
      [
       4153,
       3946
      ],
      [
       4161,
       3925
      ],
      [
       4121,
       3914
      ]
     ]
    ]
   },
   "properties": {
    "sheet": "vancouver_1912_MAP342a_04",
    "outline_id": "vancouver_1912_MAP342a_04:block:2:outline230",
    "block_id": "vancouver_1912_MAP342a_04:block:2",
    "block_fid": 13,
    "block_number": "2",
    "text_inside": [
     "Russ",
     "Hotel"
    ],
    "numerals_inside": [],
    "words_inside": [
     "Russ",
     "Hotel"
    ],
    "floors": null,
    "wash_rgb": [
     253,
     212,
     214
    ],
    "wash_chroma": 15.6,
    "wash_lightness_delta": -28.8,
    "hue_deg": 358,
    "material": "brick",
    "area_source_px2": 11678,
    "centroid_source_px": [
     4154,
     3993
    ]
   }
  },
  {
   "type": "Feature",
   "id": 231,
   "geometry": {
    "type": "Polygon",
    "coordinates": [
     [
      [
       3215,
       3940
      ],
      [
       3198,
       3934
      ],
      [
       3190,
       3945
      ],
      [
       3178,
       3929
      ],
      [
       3145,
       3920
      ],
      [
       3141,
       3923
      ],
      [
       3109,
       4031
      ],
      [
       3110,
       4037
      ],
      [
       3121,
       4042
      ],
      [
       3106,
       4042
      ],
      [
       3093,
       4088
      ],
      [
       3117,
       4094
      ],
      [
       3123,
       4075
      ],
      [
       3134,
       4072
      ],
      [
       3139,
       4051
      ],
      [
       3136,
       4046
      ],
      [
       3147,
       4046
      ],
      [
       3153,
       4040
      ],
      [
       3152,
       4032
      ],
      [
       3158,
       4028
      ],
      [
       3166,
       4028
      ],
      [
       3162,
       4041
      ],
      [
       3165,
       4051
      ],
      [
       3181,
       4055
      ],
      [
       3185,
       4052
      ],
      [
       3214,
       3957
      ],
      [
       3215,
       3940
      ]
     ]
    ]
   },
   "properties": {
    "sheet": "vancouver_1912_MAP342a_04",
    "outline_id": "vancouver_1912_MAP342a_04:block:4:outline231",
    "block_id": "vancouver_1912_MAP342a_04:block:4",
    "block_fid": 12,
    "block_number": "4",
    "text_inside": [
     "2"
    ],
    "numerals_inside": [],
    "words_inside": [],
    "floors": null,
    "wash_rgb": [
     253,
     218,
     203
    ],
    "wash_chroma": 19.9,
    "wash_lightness_delta": -26.0,
    "hue_deg": 18,
    "material": "brick",
    "area_source_px2": 10780,
    "centroid_source_px": [
     3155,
     3998
    ]
   }
  },
  {
   "type": "Feature",
   "id": 232,
   "geometry": {
    "type": "Polygon",
    "coordinates": [
     [
      [
       2815,
       3923
      ],
      [
       2805,
       3926
      ],
      [
       2770,
       4046
      ],
      [
       2773,
       4051
      ],
      [
       2804,
       4059
      ],
      [
       2812,
       4055
      ],
      [
       2836,
       3969
      ],
      [
       2830,
       3959
      ],
      [
       2846,
       3937
      ],
      [
       2843,
       3931
      ],
      [
       2815,
       3923
      ]
     ]
    ]
   },
   "properties": {
    "sheet": "vancouver_1912_MAP342a_04",
    "outline_id": "vancouver_1912_MAP342a_04:block:4:outline232",
    "block_id": "vancouver_1912_MAP342a_04:block:4",
    "block_fid": 12,
    "block_number": "4",
    "text_inside": [
     "5"
    ],
    "numerals_inside": [
     "5"
    ],
    "words_inside": [],
    "floors": null,
    "wash_rgb": [
     254,
     254,
     254
    ],
    "wash_chroma": 0.2,
    "wash_lightness_delta": -0.2,
    "hue_deg": 0,
    "material": "not a building (open lot, yard or court)",
    "area_source_px2": 5466,
    "centroid_source_px": [
     2807,
     3992
    ]
   }
  },
  {
   "type": "Feature",
   "id": 233,
   "geometry": {
    "type": "Polygon",
    "coordinates": [
     [
      [
       4363,
       3937
      ],
      [
       4358,
       3942
      ],
      [
       4348,
       3980
      ],
      [
       4332,
       3984
      ],
      [
       4339,
       3998
      ],
      [
       4331,
       4018
      ],
      [
       4334,
       4023
      ],
      [
       4321,
       4024
      ],
      [
       4314,
       4051
      ],
      [
       4325,
       4049
      ],
      [
       4330,
       4039
      ],
      [
       4343,
       4041
      ],
      [
       4347,
       4051
      ],
      [
       4378,
       4062
      ],
      [
       4382,
       4054
      ],
      [
       4387,
       4054
      ],
      [
       4390,
       4058
      ],
      [
       4384,
       4064
      ],
      [
       4388,
       4067
      ],
      [
       4402,
       4066
      ],
      [
       4406,
       4059
      ],
      [
       4411,
       4062
      ],
      [
       4408,
       4069
      ],
      [
       4426,
       4072
      ],
      [
       4436,
       4047
      ],
      [
       4438,
       3953
      ],
      [
       4423,
       3953
      ],
      [
       4363,
       3937
      ]
     ]
    ]
   },
   "properties": {
    "sheet": "vancouver_1912_MAP342a_04",
    "outline_id": "vancouver_1912_MAP342a_04:block:2:outline233",
    "block_id": "vancouver_1912_MAP342a_04:block:2",
    "block_fid": 13,
    "block_number": "2",
    "text_inside": [
     "15"
    ],
    "numerals_inside": [
     "15"
    ],
    "words_inside": [],
    "floors": null,
    "wash_rgb": [
     253,
     210,
     214
    ],
    "wash_chroma": 16.5,
    "wash_lightness_delta": -30.2,
    "hue_deg": 354,
    "material": "brick",
    "area_source_px2": 11294,
    "centroid_source_px": [
     4388,
     4002
    ]
   }
  },
  {
   "type": "Feature",
   "id": 234,
   "geometry": {
    "type": "Polygon",
    "coordinates": [
     [
      [
       2748,
       3938
      ],
      [
       2718,
       4034
      ],
      [
       2754,
       4046
      ],
      [
       2760,
       4041
      ],
      [
       2764,
       4047
      ],
      [
       2795,
       3951
      ],
      [
       2771,
       3944
      ],
      [
       2766,
       3952
      ],
      [
       2765,
       3942
      ],
      [
       2748,
       3938
      ]
     ]
    ]
   },
   "properties": {
    "sheet": "vancouver_1912_MAP342a_04",
    "outline_id": "vancouver_1912_MAP342a_04:block:4:outline234",
    "block_id": "vancouver_1912_MAP342a_04:block:4",
    "block_fid": 12,
    "block_number": "4",
    "text_inside": [],
    "numerals_inside": [],
    "words_inside": [],
    "floors": null,
    "wash_rgb": [
     253,
     202,
     207
    ],
    "wash_chroma": 19.5,
    "wash_lightness_delta": -35.3,
    "hue_deg": 354,
    "material": "brick",
    "area_source_px2": 4859,
    "centroid_source_px": [
     2756,
     3994
    ]
   }
  },
  {
   "type": "Feature",
   "id": 235,
   "geometry": {
    "type": "Polygon",
    "coordinates": [
     [
      [
       4228,
       3942
      ],
      [
       4222,
       3947
      ],
      [
       4186,
       4068
      ],
      [
       4192,
       4077
      ],
      [
       4223,
       4085
      ],
      [
       4235,
       4077
      ],
      [
       4244,
       4077
      ],
      [
       4274,
       3981
      ],
      [
       4273,
       3976
      ],
      [
       4265,
       3976
      ],
      [
       4261,
       3990
      ],
      [
       4253,
       3995
      ],
      [
       4248,
       4015
      ],
      [
       4241,
       4023
      ],
      [
       4247,
       4037
      ],
      [
       4239,
       4037
      ],
      [
       4231,
       4062
      ],
      [
       4220,
       4043
      ],
      [
       4212,
       4041
      ],
      [
       4208,
       4033
      ],
      [
       4218,
       4016
      ],
      [
       4215,
       4008
      ],
      [
       4226,
       3970
      ],
      [
       4247,
       3973
      ],
      [
       4251,
       3964
      ],
      [
       4258,
       3962
      ],
      [
       4264,
       3972
      ],
      [
       4274,
       3955
      ],
      [
       4228,
       3942
      ]
     ]
    ]
   },
   "properties": {
    "sheet": "vancouver_1912_MAP342a_04",
    "outline_id": "vancouver_1912_MAP342a_04:block:2:outline235",
    "block_id": "vancouver_1912_MAP342a_04:block:2",
    "block_fid": 13,
    "block_number": "2",
    "text_inside": [],
    "numerals_inside": [],
    "words_inside": [],
    "floors": null,
    "wash_rgb": [
     253,
     210,
     212
    ],
    "wash_chroma": 16.4,
    "wash_lightness_delta": -30.2,
    "hue_deg": 358,
    "material": "brick",
    "area_source_px2": 5064,
    "centroid_source_px": [
     4229,
     4023
    ]
   }
  },
  {
   "type": "Feature",
   "id": 236,
   "geometry": {
    "type": "Polygon",
    "coordinates": [
     [
      [
       3258,
       3950
      ],
      [
       3248,
       3958
      ],
      [
       3251,
       3965
      ],
      [
       3247,
       3976
      ],
      [
       3234,
       3981
      ],
      [
       3237,
       3986
      ],
      [
       3244,
       3986
      ],
      [
       3246,
       3995
      ],
      [
       3236,
       4013
      ],
      [
       3217,
       4026
      ],
      [
       3230,
       4031
      ],
      [
       3227,
       4049
      ],
      [
       3253,
       4056
      ],
      [
       3261,
       4047
      ],
      [
       3285,
       3964
      ],
      [
       3284,
       3958
      ],
      [
       3258,
       3950
      ]
     ]
    ]
   },
   "properties": {
    "sheet": "vancouver_1912_MAP342a_04",
    "outline_id": "vancouver_1912_MAP342a_04:block:4:outline236",
    "block_id": "vancouver_1912_MAP342a_04:block:4",
    "block_fid": 12,
    "block_number": "4",
    "text_inside": [],
    "numerals_inside": [],
    "words_inside": [],
    "floors": null,
    "wash_rgb": [
     253,
     217,
     216
    ],
    "wash_chroma": 13.9,
    "wash_lightness_delta": -26.1,
    "hue_deg": 2,
    "material": "brick",
    "area_source_px2": 3560,
    "centroid_source_px": [
     3255,
     4003
    ]
   }
  },
  {
   "type": "Feature",
   "id": 237,
   "geometry": {
    "type": "Polygon",
    "coordinates": [
     [
      [
       4296,
       3959
      ],
      [
       4291,
       3961
      ],
      [
       4287,
       3975
      ],
      [
       4279,
       3977
      ],
      [
       4249,
       4071
      ],
      [
       4252,
       4080
      ],
      [
       4246,
       4085
      ],
      [
       4247,
       4090
      ],
      [
       4267,
       4096
      ],
      [
       4278,
       4075
      ],
      [
       4273,
       4097
      ],
      [
       4290,
       4103
      ],
      [
       4296,
       4101
      ],
      [
       4334,
       3973
      ],
      [
       4314,
       3964
      ],
      [
       4310,
       3969
      ],
      [
       4308,
       3963
      ],
      [
       4296,
       3959
      ]
     ]
    ]
   },
   "properties": {
    "sheet": "vancouver_1912_MAP342a_04",
    "outline_id": "vancouver_1912_MAP342a_04:block:2:outline237",
    "block_id": "vancouver_1912_MAP342a_04:block:2",
    "block_fid": 13,
    "block_number": "2",
    "text_inside": [],
    "numerals_inside": [],
    "words_inside": [],
    "floors": null,
    "wash_rgb": [
     253,
     209,
     212
    ],
    "wash_chroma": 17.0,
    "wash_lightness_delta": -31.1,
    "hue_deg": 356,
    "material": "brick",
    "area_source_px2": 7008,
    "centroid_source_px": [
     4289,
     4031
    ]
   }
  },
  {
   "type": "Feature",
   "id": 238,
   "geometry": {
    "type": "Polygon",
    "coordinates": [
     [
      [
       3363,
       3980
      ],
      [
       3331,
       3969
      ],
      [
       3313,
       3975
      ],
      [
       3286,
       3974
      ],
      [
       3253,
       4081
      ],
      [
       3206,
       4071
      ],
      [
       3203,
       4083
      ],
      [
       3197,
       4086
      ],
      [
       3199,
       4097
      ],
      [
       3194,
       4101
      ],
      [
       3196,
       4106
      ],
      [
       3203,
       4107
      ],
      [
       3202,
       4116
      ],
      [
       3195,
       4111
      ],
      [
       3188,
       4114
      ],
      [
       3193,
       4122
      ],
      [
       3189,
       4131
      ],
      [
       3180,
       4126
      ],
      [
       3179,
       4119
      ],
      [
       3187,
       4112
      ],
      [
       3184,
       4100
      ],
      [
       3189,
       4097
      ],
      [
       3188,
       4086
      ],
      [
       3194,
       4082
      ],
      [
       3194,
       4068
      ],
      [
       3184,
       4066
      ],
      [
       3158,
       4152
      ],
      [
       3221,
       4170
      ],
      [
       3231,
       4150
      ],
      [
       3230,
       4172
      ],
      [
       3302,
       4190
      ],
      [
       3330,
       4100
      ],
      [
       3319,
       4075
      ],
      [
       3308,
       4079
      ],
      [
       3309,
       4086
      ],
      [
       3303,
       4093
      ],
      [
       3306,
       4100
      ],
      [
       3312,
       4101
      ],
      [
       3308,
       4107
      ],
      [
       3299,
       4098
      ],
      [
       3297,
       4108
      ],
      [
       3292,
       4100
      ],
      [
       3299,
       4080
      ],
      [
       3305,
       4075
      ],
      [
       3303,
       4065
      ],
      [
       3308,
       4059
      ],
      [
       3307,
       4048
      ],
      [
       3312,
       4044
      ],
      [
       3312,
       4020
      ],
      [
       3315,
       4015
      ],
      [
       3316,
       4024
      ],
      [
       3331,
       4035
      ],
      [
       3326,
       4056
      ],
      [
       3318,
       4057
      ],
      [
       3313,
       4065
      ],
      [
       3324,
       4072
      ],
      [
       3328,
       4067
      ],
      [
       3335,
       4074
      ],
      [
       3363,
       3980
      ]
     ]
    ]
   },
   "properties": {
    "sheet": "vancouver_1912_MAP342a_04",
    "outline_id": "vancouver_1912_MAP342a_04:block:4:outline238",
    "block_id": "vancouver_1912_MAP342a_04:block:4",
    "block_fid": 12,
    "block_number": "4",
    "text_inside": [
     "Hotel",
     "1",
     "16"
    ],
    "numerals_inside": [],
    "words_inside": [
     "Hotel"
    ],
    "floors": null,
    "wash_rgb": [
     253,
     216,
     215
    ],
    "wash_chroma": 14.1,
    "wash_lightness_delta": -26.4,
    "hue_deg": 2,
    "material": "brick",
    "area_source_px2": 21040,
    "centroid_source_px": [
     3271,
     4090
    ]
   }
  },
  {
   "type": "Feature",
   "id": 239,
   "geometry": {
    "type": "Polygon",
    "coordinates": [
     [
      [
       2398,
       3989
      ],
      [
       2385,
       4039
      ],
      [
       2461,
       4058
      ],
      [
       2501,
       4073
      ],
      [
       2561,
       4085
      ],
      [
       2575,
       4035
      ],
      [
       2423,
       3992
      ],
      [
       2398,
       3989
      ]
     ]
    ]
   },
   "properties": {
    "sheet": "vancouver_1912_MAP342a_04",
    "outline_id": "vancouver_1912_MAP342a_04:block:4:outline239",
    "block_id": "vancouver_1912_MAP342a_04:block:4",
    "block_fid": 12,
    "block_number": "4",
    "text_inside": [
     "Commercial"
    ],
    "numerals_inside": [],
    "words_inside": [
     "Commercial"
    ],
    "floors": null,
    "wash_rgb": [
     253,
     202,
     206
    ],
    "wash_chroma": 19.5,
    "wash_lightness_delta": -35.4,
    "hue_deg": 356,
    "material": "brick",
    "area_source_px2": 9890,
    "centroid_source_px": [
     2478,
     4038
    ]
   }
  },
  {
   "type": "Feature",
   "id": 240,
   "geometry": {
    "type": "Polygon",
    "coordinates": [
     [
      [
       3482,
       4010
      ],
      [
       3451,
       4114
      ],
      [
       3483,
       4124
      ],
      [
       3490,
       4110
      ],
      [
       3493,
       4120
      ],
      [
       3511,
       4120
      ],
      [
       3516,
       4133
      ],
      [
       3522,
       4129
      ],
      [
       3527,
       4136
      ],
      [
       3557,
       4142
      ],
      [
       3588,
       4039
      ],
      [
       3555,
       4029
      ],
      [
       3549,
       4040
      ],
      [
       3546,
       4029
      ],
      [
       3533,
       4034
      ],
      [
       3522,
       4029
      ],
      [
       3526,
       4022
      ],
      [
       3521,
       4020
      ],
      [
       3514,
       4030
      ],
      [
       3513,
       4017
      ],
      [
       3482,
       4010
      ]
     ]
    ]
   },
   "properties": {
    "sheet": "vancouver_1912_MAP342a_04",
    "outline_id": "vancouver_1912_MAP342a_04:block:3:outline240",
    "block_id": "vancouver_1912_MAP342a_04:block:3",
    "block_fid": 14,
    "block_number": "3",
    "text_inside": [],
    "numerals_inside": [],
    "words_inside": [],
    "floors": null,
    "wash_rgb": [
     253,
     214,
     214
    ],
    "wash_chroma": 14.8,
    "wash_lightness_delta": -27.6,
    "hue_deg": 0,
    "material": "brick",
    "area_source_px2": 11458,
    "centroid_source_px": [
     3520,
     4076
    ]
   }
  },
  {
   "type": "Feature",
   "id": 241,
   "geometry": {
    "type": "Polygon",
    "coordinates": [
     [
      [
       3595,
       4040
      ],
      [
       3590,
       4047
      ],
      [
       3552,
       4175
      ],
      [
       3557,
       4188
      ],
      [
       3545,
       4198
      ],
      [
       3530,
       4252
      ],
      [
       3562,
       4261
      ],
      [
       3568,
       4258
      ],
      [
       3629,
       4056
      ],
      [
       3627,
       4048
      ],
      [
       3595,
       4040
      ]
     ]
    ]
   },
   "properties": {
    "sheet": "vancouver_1912_MAP342a_04",
    "outline_id": "vancouver_1912_MAP342a_04:block:3:outline241",
    "block_id": "vancouver_1912_MAP342a_04:block:3",
    "block_fid": 14,
    "block_number": "3",
    "text_inside": [],
    "numerals_inside": [],
    "words_inside": [],
    "floors": null,
    "wash_rgb": [
     253,
     212,
     213
    ],
    "wash_chroma": 15.7,
    "wash_lightness_delta": -29.1,
    "hue_deg": 358,
    "material": "brick",
    "area_source_px2": 8611,
    "centroid_source_px": [
     3580,
     4150
    ]
   }
  },
  {
   "type": "Feature",
   "id": 242,
   "geometry": {
    "type": "Polygon",
    "coordinates": [
     [
      [
       3182,
       4060
      ],
      [
       3144,
       4051
      ],
      [
       3135,
       4076
      ],
      [
       3124,
       4080
      ],
      [
       3120,
       4098
      ],
      [
       3094,
       4091
      ],
      [
       3090,
       4094
      ],
      [
       3080,
       4131
      ],
      [
       3141,
       4147
      ],
      [
       3153,
       4110
      ],
      [
       3168,
       4110
      ],
      [
       3182,
       4060
      ]
     ]
    ]
   },
   "properties": {
    "sheet": "vancouver_1912_MAP342a_04",
    "outline_id": "vancouver_1912_MAP342a_04:block:4:outline242",
    "block_id": "vancouver_1912_MAP342a_04:block:4",
    "block_fid": 12,
    "block_number": "4",
    "text_inside": [],
    "numerals_inside": [],
    "words_inside": [],
    "floors": null,
    "wash_rgb": [
     254,
     254,
     254
    ],
    "wash_chroma": 0.0,
    "wash_lightness_delta": -0.0,
    "hue_deg": 0,
    "material": "not a building (open lot, yard or court)",
    "area_source_px2": 5014,
    "centroid_source_px": [
     3133,
     4102
    ]
   }
  },
  {
   "type": "Feature",
   "id": 243,
   "geometry": {
    "type": "Polygon",
    "coordinates": [
     [
      [
       3636,
       4050
      ],
      [
       3625,
       4072
      ],
      [
       3605,
       4146
      ],
      [
       3625,
       4150
      ],
      [
       3614,
       4161
      ],
      [
       3613,
       4169
      ],
      [
       3663,
       4183
      ],
      [
       3698,
       4069
      ],
      [
       3661,
       4057
      ],
      [
       3652,
       4063
      ],
      [
       3648,
       4061
      ],
      [
       3651,
       4054
      ],
      [
       3636,
       4050
      ]
     ]
    ]
   },
   "properties": {
    "sheet": "vancouver_1912_MAP342a_04",
    "outline_id": "vancouver_1912_MAP342a_04:block:3:outline243",
    "block_id": "vancouver_1912_MAP342a_04:block:3",
    "block_fid": 14,
    "block_number": "3",
    "text_inside": [
     "7"
    ],
    "numerals_inside": [
     "7"
    ],
    "words_inside": [],
    "floors": null,
    "wash_rgb": [
     254,
     209,
     214
    ],
    "wash_chroma": 16.8,
    "wash_lightness_delta": -30.5,
    "hue_deg": 354,
    "material": "brick",
    "area_source_px2": 7717,
    "centroid_source_px": [
     3651,
     4115
    ]
   }
  },
  {
   "type": "Feature",
   "id": 244,
   "geometry": {
    "type": "Polygon",
    "coordinates": [
     [
      [
       2576,
       4056
      ],
      [
       2553,
       4115
      ],
      [
       2513,
       4252
      ],
      [
       2535,
       4260
      ],
      [
       2541,
       4256
      ],
      [
       2547,
       4263
      ],
      [
       2554,
       4251
      ],
      [
       2555,
       4265
      ],
      [
       2585,
       4273
      ],
      [
       2648,
       4077
      ],
      [
       2576,
       4056
      ]
     ]
    ]
   },
   "properties": {
    "sheet": "vancouver_1912_MAP342a_04",
    "outline_id": "vancouver_1912_MAP342a_04:block:4:outline244",
    "block_id": "vancouver_1912_MAP342a_04:block:4",
    "block_fid": 12,
    "block_number": "4",
    "text_inside": [],
    "numerals_inside": [],
    "words_inside": [],
    "floors": null,
    "wash_rgb": [
     253,
     210,
     210
    ],
    "wash_chroma": 16.4,
    "wash_lightness_delta": -30.4,
    "hue_deg": 0,
    "material": "brick",
    "area_source_px2": 15794,
    "centroid_source_px": [
     2580,
     4164
    ]
   }
  },
  {
   "type": "Feature",
   "id": 245,
   "geometry": {
    "type": "Polygon",
    "coordinates": [
     [
      [
       2680,
       4063
      ],
      [
       2674,
       4065
      ],
      [
       2669,
       4081
      ],
      [
       2655,
       4077
      ],
      [
       2650,
       4081
      ],
      [
       2591,
       4271
      ],
      [
       2596,
       4277
      ],
      [
       2613,
       4276
      ],
      [
       2622,
       4284
      ],
      [
       2661,
       4295
      ],
      [
       2690,
       4202
      ],
      [
       2686,
       4199
      ],
      [
       2679,
       4204
      ],
      [
       2670,
       4228
      ],
      [
       2668,
       4215
      ],
      [
       2662,
       4217
      ],
      [
       2657,
       4211
      ],
      [
       2652,
       4215
      ],
      [
       2649,
       4211
      ],
      [
       2652,
       4195
      ],
      [
       2660,
       4185
      ],
      [
       2657,
       4178
      ],
      [
       2650,
       4183
      ],
      [
       2647,
       4178
      ],
      [
       2655,
       4162
      ],
      [
       2667,
       4160
      ],
      [
       2672,
       4136
      ],
      [
       2682,
       4150
      ],
      [
       2688,
       4141
      ],
      [
       2696,
       4164
      ],
      [
       2703,
       4163
      ],
      [
       2723,
       4099
      ],
      [
       2705,
       4089
      ],
      [
       2708,
       4071
      ],
      [
       2680,
       4063
      ]
     ]
    ]
   },
   "properties": {
    "sheet": "vancouver_1912_MAP342a_04",
    "outline_id": "vancouver_1912_MAP342a_04:block:4:outline245",
    "block_id": "vancouver_1912_MAP342a_04:block:4",
    "block_fid": 12,
    "block_number": "4",
    "text_inside": [
     "102"
    ],
    "numerals_inside": [
     "102"
    ],
    "words_inside": [],
    "floors": null,
    "wash_rgb": [
     253,
     216,
     213
    ],
    "wash_chroma": 14.6,
    "wash_lightness_delta": -26.9,
    "hue_deg": 4,
    "material": "brick",
    "area_source_px2": 13555,
    "centroid_source_px": [
     2655,
     4181
    ]
   }
  },
  {
   "type": "Feature",
   "id": 246,
   "geometry": {
    "type": "Polygon",
    "coordinates": [
     [
      [
       3705,
       4069
      ],
      [
       3670,
       4183
      ],
      [
       3684,
       4189
      ],
      [
       3691,
       4175
      ],
      [
       3690,
       4189
      ],
      [
       3705,
       4195
      ],
      [
       3712,
       4182
      ],
      [
       3728,
       4177
      ],
      [
       3724,
       4198
      ],
      [
       3733,
       4201
      ],
      [
       3739,
       4193
      ],
      [
       3767,
       4088
      ],
      [
       3760,
       4084
      ],
      [
       3754,
       4092
      ],
      [
       3747,
       4085
      ],
      [
       3743,
       4089
      ],
      [
       3741,
       4079
      ],
      [
       3720,
       4077
      ],
      [
       3705,
       4069
      ]
     ]
    ]
   },
   "properties": {
    "sheet": "vancouver_1912_MAP342a_04",
    "outline_id": "vancouver_1912_MAP342a_04:block:3:outline246",
    "block_id": "vancouver_1912_MAP342a_04:block:3",
    "block_fid": 14,
    "block_number": "3",
    "text_inside": [
     "6"
    ],
    "numerals_inside": [
     "6"
    ],
    "words_inside": [],
    "floors": null,
    "wash_rgb": [
     253,
     204,
     210
    ],
    "wash_chroma": 19.1,
    "wash_lightness_delta": -34.2,
    "hue_deg": 352,
    "material": "brick",
    "area_source_px2": 7520,
    "centroid_source_px": [
     3719,
     4134
    ]
   }
  },
  {
   "type": "Feature",
   "id": 247,
   "geometry": {
    "type": "Polygon",
    "coordinates": [
     [
      [
       2735,
       4078
      ],
      [
       2728,
       4089
      ],
      [
       2667,
       4292
      ],
      [
       2670,
       4297
      ],
      [
       2703,
       4307
      ],
      [
       2711,
       4301
      ],
      [
       2775,
       4093
      ],
      [
       2771,
       4087
      ],
      [
       2735,
       4078
      ]
     ]
    ]
   },
   "properties": {
    "sheet": "vancouver_1912_MAP342a_04",
    "outline_id": "vancouver_1912_MAP342a_04:block:4:outline247",
    "block_id": "vancouver_1912_MAP342a_04:block:4",
    "block_fid": 12,
    "block_number": "4",
    "text_inside": [],
    "numerals_inside": [],
    "words_inside": [],
    "floors": null,
    "wash_rgb": [
     253,
     216,
     214
    ],
    "wash_chroma": 14.2,
    "wash_lightness_delta": -26.4,
    "hue_deg": 4,
    "material": "brick",
    "area_source_px2": 10354,
    "centroid_source_px": [
     2721,
     4191
    ]
   }
  },
  {
   "type": "Feature",
   "id": 248,
   "geometry": {
    "type": "Polygon",
    "coordinates": [
     [
      [
       2497,
       4088
      ],
      [
       2492,
       4090
      ],
      [
       2490,
       4104
      ],
      [
       2485,
       4102
      ],
      [
       2477,
       4110
      ],
      [
       2440,
       4228
      ],
      [
       2441,
       4235
      ],
      [
       2454,
       4238
      ],
      [
       2462,
       4223
      ],
      [
       2460,
       4239
      ],
      [
       2479,
       4244
      ],
      [
       2489,
       4224
      ],
      [
       2484,
       4242
      ],
      [
       2489,
       4248
      ],
      [
       2514,
       4235
      ],
      [
       2539,
       4156
      ],
      [
       2538,
       4150
      ],
      [
       2513,
       4142
      ],
      [
       2517,
       4124
      ],
      [
       2523,
       4130
      ],
      [
       2544,
       4130
      ],
      [
       2554,
       4107
      ],
      [
       2550,
       4101
      ],
      [
       2532,
       4097
      ],
      [
       2523,
       4113
      ],
      [
       2523,
       4095
      ],
      [
       2497,
       4088
      ]
     ]
    ]
   },
   "properties": {
    "sheet": "vancouver_1912_MAP342a_04",
    "outline_id": "vancouver_1912_MAP342a_04:block:4:outline248",
    "block_id": "vancouver_1912_MAP342a_04:block:4",
    "block_fid": 12,
    "block_number": "4",
    "text_inside": [
     "102"
    ],
    "numerals_inside": [
     "102"
    ],
    "words_inside": [],
    "floors": null,
    "wash_rgb": [
     253,
     211,
     210
    ],
    "wash_chroma": 16.2,
    "wash_lightness_delta": -29.9,
    "hue_deg": 2,
    "material": "brick",
    "area_source_px2": 10230,
    "centroid_source_px": [
     2496,
     4171
    ]
   }
  },
  {
   "type": "Feature",
   "id": 249,
   "geometry": {
    "type": "Polygon",
    "coordinates": [
     [
      [
       3777,
       4088
      ],
      [
       3770,
       4090
      ],
      [
       3739,
       4198
      ],
      [
       3745,
       4206
      ],
      [
       3773,
       4213
      ],
      [
       3779,
       4209
      ],
      [
       3809,
       4101
      ],
      [
       3803,
       4095
      ],
      [
       3777,
       4088
      ]
     ]
    ]
   },
   "properties": {
    "sheet": "vancouver_1912_MAP342a_04",
    "outline_id": "vancouver_1912_MAP342a_04:block:3:outline249",
    "block_id": "vancouver_1912_MAP342a_04:block:3",
    "block_fid": 14,
    "block_number": "3",
    "text_inside": [],
    "numerals_inside": [],
    "words_inside": [],
    "floors": null,
    "wash_rgb": [
     253,
     208,
     213
    ],
    "wash_chroma": 17.6,
    "wash_lightness_delta": -31.5,
    "hue_deg": 354,
    "material": "brick",
    "area_source_px2": 4940,
    "centroid_source_px": [
     3774,
     4150
    ]
   }
  },
  {
   "type": "Feature",
   "id": 250,
   "geometry": {
    "type": "Polygon",
    "coordinates": [
     [
      [
       2783,
       4091
      ],
      [
       2776,
       4098
      ],
      [
       2758,
       4156
      ],
      [
       2760,
       4161
      ],
      [
       2750,
       4183
      ],
      [
       2751,
       4188
      ],
      [
       2771,
       4195
      ],
      [
       2765,
       4203
      ],
      [
       2768,
       4211
      ],
      [
       2742,
       4211
      ],
      [
       2713,
       4302
      ],
      [
       2715,
       4309
      ],
      [
       2724,
       4305
      ],
      [
       2728,
       4313
      ],
      [
       2744,
       4318
      ],
      [
       2756,
       4292
      ],
      [
       2815,
       4104
      ],
      [
       2812,
       4099
      ],
      [
       2783,
       4091
      ]
     ]
    ]
   },
   "properties": {
    "sheet": "vancouver_1912_MAP342a_04",
    "outline_id": "vancouver_1912_MAP342a_04:block:4:outline250",
    "block_id": "vancouver_1912_MAP342a_04:block:4",
    "block_fid": 12,
    "block_number": "4",
    "text_inside": [
     "12"
    ],
    "numerals_inside": [
     "12"
    ],
    "words_inside": [],
    "floors": null,
    "wash_rgb": [
     253,
     216,
     213
    ],
    "wash_chroma": 14.1,
    "wash_lightness_delta": -26.3,
    "hue_deg": 4,
    "material": "brick",
    "area_source_px2": 8108,
    "centroid_source_px": [
     2765,
     4202
    ]
   }
  },
  {
   "type": "Feature",
   "id": 251,
   "geometry": {
    "type": "Polygon",
    "coordinates": [
     [
      [
       3815,
       4099
      ],
      [
       3804,
       4125
      ],
      [
       3752,
       4312
      ],
      [
       3859,
       4341
      ],
      [
       3921,
       4130
      ],
      [
       3815,
       4099
      ]
     ]
    ]
   },
   "properties": {
    "sheet": "vancouver_1912_MAP342a_04",
    "outline_id": "vancouver_1912_MAP342a_04:block:3:outline251",
    "block_id": "vancouver_1912_MAP342a_04:block:3",
    "block_fid": 14,
    "block_number": "3",
    "text_inside": [
     "Mamida",
     "Mann",
     "Hotel"
    ],
    "numerals_inside": [],
    "words_inside": [
     "Mamida",
     "Mann",
     "Hotel"
    ],
    "floors": null,
    "wash_rgb": [
     253,
     210,
     212
    ],
    "wash_chroma": 16.4,
    "wash_lightness_delta": -30.2,
    "hue_deg": 358,
    "material": "brick",
    "area_source_px2": 24806,
    "centroid_source_px": [
     3835,
     4220
    ]
   }
  },
  {
   "type": "Feature",
   "id": 252,
   "geometry": {
    "type": "Polygon",
    "coordinates": [
     [
      [
       2821,
       4101
      ],
      [
       2793,
       4185
      ],
      [
       2870,
       4208
      ],
      [
       2875,
       4201
      ],
      [
       2873,
       4194
      ],
      [
       2841,
       4184
      ],
      [
       2863,
       4113
      ],
      [
       2821,
       4101
      ]
     ]
    ]
   },
   "properties": {
    "sheet": "vancouver_1912_MAP342a_04",
    "outline_id": "vancouver_1912_MAP342a_04:block:4:outline252",
    "block_id": "vancouver_1912_MAP342a_04:block:4",
    "block_fid": 12,
    "block_number": "4",
    "text_inside": [],
    "numerals_inside": [],
    "words_inside": [],
    "floors": null,
    "wash_rgb": [
     254,
     254,
     254
    ],
    "wash_chroma": 0.2,
    "wash_lightness_delta": -0.3,
    "hue_deg": 0,
    "material": "not a building (open lot, yard or court)",
    "area_source_px2": 4479,
    "centroid_source_px": [
     2830,
     4154
    ]
   }
  },
  {
   "type": "Feature",
   "id": 253,
   "geometry": {
    "type": "Polygon",
    "coordinates": [
     [
      [
       2466,
       4108
      ],
      [
       2453,
       4122
      ],
      [
       2438,
       4124
      ],
      [
       2379,
       4158
      ],
      [
       2369,
       4154
      ],
      [
       2360,
       4169
      ],
      [
       2419,
       4228
      ],
      [
       2429,
       4232
      ],
      [
       2438,
       4228
      ],
      [
       2474,
       4112
      ],
      [
       2466,
       4108
      ]
     ]
    ]
   },
   "properties": {
    "sheet": "vancouver_1912_MAP342a_04",
    "outline_id": "vancouver_1912_MAP342a_04:block:4:outline253",
    "block_id": "vancouver_1912_MAP342a_04:block:4",
    "block_fid": 12,
    "block_number": "4",
    "text_inside": [
     "Vancouver"
    ],
    "numerals_inside": [],
    "words_inside": [
     "Vancouver"
    ],
    "floors": null,
    "wash_rgb": [
     253,
     211,
     211
    ],
    "wash_chroma": 16.2,
    "wash_lightness_delta": -30.0,
    "hue_deg": 0,
    "material": "brick",
    "area_source_px2": 6649,
    "centroid_source_px": [
     2421,
     4172
    ]
   }
  },
  {
   "type": "Feature",
   "id": 254,
   "geometry": {
    "type": "Polygon",
    "coordinates": [
     [
      [
       2905,
       4123
      ],
      [
       2901,
       4125
      ],
      [
       2874,
       4215
      ],
      [
       2883,
       4224
      ],
      [
       2880,
       4236
      ],
      [
       2863,
       4250
      ],
      [
       2838,
       4337
      ],
      [
       2839,
       4343
      ],
      [
       2857,
       4345
      ],
      [
       2860,
       4338
      ],
      [
       2861,
       4349
      ],
      [
       2876,
       4353
      ],
      [
       2882,
       4351
      ],
      [
       2946,
       4139
      ],
      [
       2942,
       4133
      ],
      [
       2926,
       4129
      ],
      [
       2922,
       4134
      ],
      [
       2920,
       4128
      ],
      [
       2905,
       4123
      ]
     ]
    ]
   },
   "properties": {
    "sheet": "vancouver_1912_MAP342a_04",
    "outline_id": "vancouver_1912_MAP342a_04:block:4:outline254",
    "block_id": "vancouver_1912_MAP342a_04:block:4",
    "block_fid": 12,
    "block_number": "4",
    "text_inside": [],
    "numerals_inside": [],
    "words_inside": [],
    "floors": null,
    "wash_rgb": [
     253,
     215,
     213
    ],
    "wash_chroma": 14.5,
    "wash_lightness_delta": -27.0,
    "hue_deg": 4,
    "material": "brick",
    "area_source_px2": 10378,
    "centroid_source_px": [
     2893,
     4238
    ]
   }
  },
  {
   "type": "Feature",
   "id": 255,
   "geometry": {
    "type": "Polygon",
    "coordinates": [
     [
      [
       3929,
       4130
      ],
      [
       3925,
       4132
      ],
      [
       3865,
       4334
      ],
      [
       3868,
       4342
      ],
      [
       3884,
       4341
      ],
      [
       3914,
       4356
      ],
      [
       3943,
       4264
      ],
      [
       3939,
       4256
      ],
      [
       3948,
       4246
      ],
      [
       3976,
       4148
      ],
      [
       3971,
       4142
      ],
      [
       3929,
       4130
      ]
     ]
    ]
   },
   "properties": {
    "sheet": "vancouver_1912_MAP342a_04",
    "outline_id": "vancouver_1912_MAP342a_04:block:3:outline255",
    "block_id": "vancouver_1912_MAP342a_04:block:3",
    "block_fid": 14,
    "block_number": "3",
    "text_inside": [
     "4"
    ],
    "numerals_inside": [
     "4"
    ],
    "words_inside": [],
    "floors": null,
    "wash_rgb": [
     253,
     211,
     212
    ],
    "wash_chroma": 15.9,
    "wash_lightness_delta": -29.5,
    "hue_deg": 358,
    "material": "brick",
    "area_source_px2": 11717,
    "centroid_source_px": [
     3921,
     4242
    ]
   }
  },
  {
   "type": "Feature",
   "id": 256,
   "geometry": {
    "type": "Polygon",
    "coordinates": [
     [
      [
       2949,
       4138
      ],
      [
       2933,
       4205
      ],
      [
       3019,
       4226
      ],
      [
       3019,
       4235
      ],
      [
       3148,
       4273
      ],
      [
       3157,
       4272
      ],
      [
       3177,
       4196
      ],
      [
       3137,
       4185
      ],
      [
       3124,
       4220
      ],
      [
       3108,
       4220
      ],
      [
       3032,
       4199
      ],
      [
       3040,
       4159
      ],
      [
       2954,
       4136
      ],
      [
       2949,
       4138
      ]
     ]
    ]
   },
   "properties": {
    "sheet": "vancouver_1912_MAP342a_04",
    "outline_id": "vancouver_1912_MAP342a_04:block:4:outline256",
    "block_id": "vancouver_1912_MAP342a_04:block:4",
    "block_fid": 12,
    "block_number": "4",
    "text_inside": [],
    "numerals_inside": [],
    "words_inside": [],
    "floors": null,
    "wash_rgb": [
     254,
     254,
     254
    ],
    "wash_chroma": 0.0,
    "wash_lightness_delta": -0.1,
    "hue_deg": 0,
    "material": "not a building (open lot, yard or court)",
    "area_source_px2": 14055,
    "centroid_source_px": [
     3050,
     4207
    ]
   }
  },
  {
   "type": "Feature",
   "id": 257,
   "geometry": {
    "type": "Polygon",
    "coordinates": [
     [
      [
       3993,
       4148
      ],
      [
       3977,
       4156
      ],
      [
       3954,
       4236
      ],
      [
       3962,
       4244
      ],
      [
       3959,
       4254
      ],
      [
       3968,
       4260
      ],
      [
       3963,
       4275
      ],
      [
       3953,
       4277
      ],
      [
       3929,
       4357
      ],
      [
       3974,
       4372
      ],
      [
       3982,
       4358
      ],
      [
       4006,
       4275
      ],
      [
       3996,
       4267
      ],
      [
       4007,
       4266
      ],
      [
       4038,
       4166
      ],
      [
       4035,
       4159
      ],
      [
       4012,
       4153
      ],
      [
       4008,
       4158
      ],
      [
       4006,
       4153
      ],
      [
       3993,
       4148
      ]
     ]
    ]
   },
   "properties": {
    "sheet": "vancouver_1912_MAP342a_04",
    "outline_id": "vancouver_1912_MAP342a_04:block:3:outline257",
    "block_id": "vancouver_1912_MAP342a_04:block:3",
    "block_fid": 14,
    "block_number": "3",
    "text_inside": [],
    "numerals_inside": [],
    "words_inside": [],
    "floors": null,
    "wash_rgb": [
     253,
     211,
     213
    ],
    "wash_chroma": 16.0,
    "wash_lightness_delta": -29.7,
    "hue_deg": 358,
    "material": "brick",
    "area_source_px2": 11712,
    "centroid_source_px": [
     3983,
     4255
    ]
   }
  },
  {
   "type": "Feature",
   "id": 258,
   "geometry": {
    "type": "Polygon",
    "coordinates": [
     [
      [
       3435,
       4165
      ],
      [
       3430,
       4192
      ],
      [
       3437,
       4193
      ],
      [
       3451,
       4179
      ],
      [
       3470,
       4185
      ],
      [
       3470,
       4193
      ],
      [
       3476,
       4197
      ],
      [
       3481,
       4189
      ],
      [
       3489,
       4191
      ],
      [
       3489,
       4203
      ],
      [
       3504,
       4205
      ],
      [
       3508,
       4197
      ],
      [
       3513,
       4199
      ],
      [
       3506,
       4208
      ],
      [
       3513,
       4213
      ],
      [
       3500,
       4218
      ],
      [
       3483,
       4209
      ],
      [
       3473,
       4210
      ],
      [
       3468,
       4204
      ],
      [
       3461,
       4206
      ],
      [
       3456,
       4201
      ],
      [
       3429,
       4196
      ],
      [
       3424,
       4201
      ],
      [
       3421,
       4223
      ],
      [
       3510,
       4248
      ],
      [
       3527,
       4248
      ],
      [
       3541,
       4190
      ],
      [
       3524,
       4189
      ],
      [
       3519,
       4184
      ],
      [
       3512,
       4187
      ],
      [
       3497,
       4178
      ],
      [
       3491,
       4179
      ],
      [
       3485,
       4170
      ],
      [
       3477,
       4175
      ],
      [
       3463,
       4170
      ],
      [
       3459,
       4162
      ],
      [
       3453,
       4166
      ],
      [
       3435,
       4165
      ]
     ]
    ]
   },
   "properties": {
    "sheet": "vancouver_1912_MAP342a_04",
    "outline_id": "vancouver_1912_MAP342a_04:block:3:outline258",
    "block_id": "vancouver_1912_MAP342a_04:block:3",
    "block_fid": 14,
    "block_number": "3",
    "text_inside": [
     "Hotel."
    ],
    "numerals_inside": [],
    "words_inside": [
     "Hotel."
    ],
    "floors": null,
    "wash_rgb": [
     253,
     205,
     211
    ],
    "wash_chroma": 18.4,
    "wash_lightness_delta": -33.3,
    "hue_deg": 352,
    "material": "brick",
    "area_source_px2": 5585,
    "centroid_source_px": [
     3483,
     4210
    ]
   }
  },
  {
   "type": "Feature",
   "id": 259,
   "geometry": {
    "type": "Polygon",
    "coordinates": [
     [
      [
       4045,
       4163
      ],
      [
       4038,
       4172
      ],
      [
       4012,
       4268
      ],
      [
       4050,
       4280
      ],
      [
       4056,
       4270
      ],
      [
       4065,
       4269
      ],
      [
       4070,
       4273
      ],
      [
       4066,
       4284
      ],
      [
       4104,
       4296
      ],
      [
       4096,
       4316
      ],
      [
       4005,
       4292
      ],
      [
       3980,
       4372
      ],
      [
       4078,
       4399
      ],
      [
       4087,
       4381
      ],
      [
       4143,
       4190
      ],
      [
       4115,
       4181
      ],
      [
       4108,
       4186
      ],
      [
       4100,
       4177
      ],
      [
       4045,
       4163
      ]
     ]
    ]
   },
   "properties": {
    "sheet": "vancouver_1912_MAP342a_04",
    "outline_id": "vancouver_1912_MAP342a_04:block:3:outline259",
    "block_id": "vancouver_1912_MAP342a_04:block:3",
    "block_fid": 14,
    "block_number": "3",
    "text_inside": [
     "22",
     "Crenne",
     "Hotel",
     "3"
    ],
    "numerals_inside": [
     "3"
    ],
    "words_inside": [
     "Crenne",
     "Hotel"
    ],
    "floors": null,
    "wash_rgb": [
     253,
     211,
     213
    ],
    "wash_chroma": 15.9,
    "wash_lightness_delta": -29.4,
    "hue_deg": 358,
    "material": "brick",
    "area_source_px2": 20440,
    "centroid_source_px": [
     4060,
     4289
    ]
   }
  },
  {
   "type": "Feature",
   "id": 260,
   "geometry": {
    "type": "Polygon",
    "coordinates": [
     [
      [
       3600,
       4168
      ],
      [
       3570,
       4263
      ],
      [
       3586,
       4268
      ],
      [
       3590,
       4265
      ],
      [
       3599,
       4232
      ],
      [
       3605,
       4229
      ],
      [
       3602,
       4225
      ],
      [
       3606,
       4208
      ],
      [
       3610,
       4206
      ],
      [
       3629,
       4213
      ],
      [
       3612,
       4273
      ],
      [
       3634,
       4280
      ],
      [
       3663,
       4187
      ],
      [
       3600,
       4168
      ]
     ]
    ]
   },
   "properties": {
    "sheet": "vancouver_1912_MAP342a_04",
    "outline_id": "vancouver_1912_MAP342a_04:block:3:outline260",
    "block_id": "vancouver_1912_MAP342a_04:block:3",
    "block_fid": 14,
    "block_number": "3",
    "text_inside": [],
    "numerals_inside": [],
    "words_inside": [],
    "floors": null,
    "wash_rgb": [
     254,
     254,
     254
    ],
    "wash_chroma": 0.2,
    "wash_lightness_delta": -0.1,
    "hue_deg": 0,
    "material": "not a building (open lot, yard or court)",
    "area_source_px2": 5003,
    "centroid_source_px": [
     3620,
     4219
    ]
   }
  },
  {
   "type": "Feature",
   "id": 261,
   "geometry": {
    "type": "Polygon",
    "coordinates": [
     [
      [
       2291,
       4183
      ],
      [
       2286,
       4205
      ],
      [
       2330,
       4251
      ],
      [
       2368,
       4285
      ],
      [
       2424,
       4316
      ],
      [
       2756,
       4406
      ],
      [
       2796,
       4413
      ],
      [
       2803,
       4418
      ],
      [
       2809,
       4416
      ],
      [
       2802,
       4393
      ],
      [
       2478,
       4308
      ],
      [
       2413,
       4283
      ],
      [
       2365,
       4251
      ],
      [
       2297,
       4182
      ],
      [
       2291,
       4183
      ]
     ]
    ]
   },
   "properties": {
    "sheet": "vancouver_1912_MAP342a_04",
    "outline_id": "vancouver_1912_MAP342a_04:block:4:outline261",
    "block_id": "vancouver_1912_MAP342a_04:block:4",
    "block_fid": 12,
    "block_number": "4",
    "text_inside": [],
    "numerals_inside": [],
    "words_inside": [],
    "floors": null,
    "wash_rgb": [
     254,
     254,
     254
    ],
    "wash_chroma": 0.2,
    "wash_lightness_delta": -0.2,
    "hue_deg": 0,
    "material": "not a building (open lot, yard or court)",
    "area_source_px2": 13482,
    "centroid_source_px": [
     2529,
     4322
    ]
   }
  },
  {
   "type": "Feature",
   "id": 262,
   "geometry": {
    "type": "Polygon",
    "coordinates": [
     [
      [
       3668,
       4189
      ],
      [
       3640,
       4281
      ],
      [
       3675,
       4290
      ],
      [
       3690,
       4238
      ],
      [
       3701,
       4238
      ],
      [
       3725,
       4247
      ],
      [
       3710,
       4300
      ],
      [
       3748,
       4309
      ],
      [
       3770,
       4234
      ],
      [
       3732,
       4222
      ],
      [
       3734,
       4206
      ],
      [
       3668,
       4189
      ]
     ]
    ]
   },
   "properties": {
    "sheet": "vancouver_1912_MAP342a_04",
    "outline_id": "vancouver_1912_MAP342a_04:block:3:outline262",
    "block_id": "vancouver_1912_MAP342a_04:block:3",
    "block_fid": 14,
    "block_number": "3",
    "text_inside": [],
    "numerals_inside": [],
    "words_inside": [],
    "floors": null,
    "wash_rgb": [
     254,
     254,
     254
    ],
    "wash_chroma": 0.2,
    "wash_lightness_delta": -0.1,
    "hue_deg": 0,
    "material": "not a building (open lot, yard or court)",
    "area_source_px2": 7981,
    "centroid_source_px": [
     3706,
     4247
    ]
   }
  },
  {
   "type": "Feature",
   "id": 263,
   "geometry": {
    "type": "Polygon",
    "coordinates": [
     [
      [
       4147,
       4191
      ],
      [
       4116,
       4295
      ],
      [
       4163,
       4311
      ],
      [
       4169,
       4300
      ],
      [
       4178,
       4299
      ],
      [
       4183,
       4304
      ],
      [
       4178,
       4315
      ],
      [
       4228,
       4328
      ],
      [
       4230,
       4338
      ],
      [
       4203,
       4432
      ],
      [
       4236,
       4441
      ],
      [
       4247,
       4417
      ],
      [
       4243,
       4443
      ],
      [
       4276,
       4454
      ],
      [
       4283,
       4446
      ],
      [
       4290,
       4447
      ],
      [
       4292,
       4440
      ],
      [
       4285,
       4437
      ],
      [
       4306,
       4370
      ],
      [
       4297,
       4351
      ],
      [
       4305,
       4343
      ],
      [
       4305,
       4333
      ],
      [
       4309,
       4329
      ],
      [
       4314,
       4333
      ],
      [
       4319,
       4328
      ],
      [
       4342,
       4244
      ],
      [
       4323,
       4237
      ],
      [
       4302,
       4236
      ],
      [
       4295,
       4230
      ],
      [
       4220,
       4209
      ],
      [
       4202,
       4215
      ],
      [
       4193,
       4211
      ],
      [
       4196,
       4204
      ],
      [
       4184,
       4201
      ],
      [
       4180,
       4209
      ],
      [
       4178,
       4198
      ],
      [
       4147,
       4191
      ]
     ]
    ]
   },
   "properties": {
    "sheet": "vancouver_1912_MAP342a_04",
    "outline_id": "vancouver_1912_MAP342a_04:block:3:outline263",
    "block_id": "vancouver_1912_MAP342a_04:block:3",
    "block_fid": 14,
    "block_number": "3",
    "text_inside": [
     "60",
     "2",
     "75"
    ],
    "numerals_inside": [
     "2"
    ],
    "words_inside": [],
    "floors": null,
    "wash_rgb": [
     253,
     210,
     212
    ],
    "wash_chroma": 16.7,
    "wash_lightness_delta": -30.5,
    "hue_deg": 358,
    "material": "brick",
    "area_source_px2": 30628,
    "centroid_source_px": [
     4239,
     4310
    ]
   }
  },
  {
   "type": "Feature",
   "id": 264,
   "geometry": {
    "type": "Polygon",
    "coordinates": [
     [
      [
       2794,
       4191
      ],
      [
       2786,
       4202
      ],
      [
       2751,
       4318
      ],
      [
       2821,
       4338
      ],
      [
       2826,
       4333
      ],
      [
       2832,
       4336
      ],
      [
       2862,
       4244
      ],
      [
       2861,
       4239
      ],
      [
       2855,
       4239
      ],
      [
       2861,
       4218
      ],
      [
       2867,
       4220
      ],
      [
       2871,
       4213
      ],
      [
       2824,
       4198
      ],
      [
       2813,
       4225
      ],
      [
       2818,
       4198
      ],
      [
       2794,
       4191
      ]
     ]
    ]
   },
   "properties": {
    "sheet": "vancouver_1912_MAP342a_04",
    "outline_id": "vancouver_1912_MAP342a_04:block:4:outline264",
    "block_id": "vancouver_1912_MAP342a_04:block:4",
    "block_fid": 12,
    "block_number": "4",
    "text_inside": [
     "BLM.",
     "BLM.",
     "BLM."
    ],
    "numerals_inside": [],
    "words_inside": [
     "BLM.",
     "BLM.",
     "BLM."
    ],
    "floors": null,
    "wash_rgb": [
     253,
     216,
     213
    ],
    "wash_chroma": 14.2,
    "wash_lightness_delta": -26.5,
    "hue_deg": 4,
    "material": "brick",
    "area_source_px2": 10952,
    "centroid_source_px": [
     2810,
     4268
    ]
   }
  },
  {
   "type": "Feature",
   "id": 265,
   "geometry": {
    "type": "Polygon",
    "coordinates": [
     [
      [
       3185,
       4198
      ],
      [
       3180,
       4203
      ],
      [
       3120,
       4416
      ],
      [
       3149,
       4426
      ],
      [
       3162,
       4415
      ],
      [
       3174,
       4420
      ],
      [
       3168,
       4423
      ],
      [
       3169,
       4432
      ],
      [
       3225,
       4446
      ],
      [
       3256,
       4349
      ],
      [
       3251,
       4335
      ],
      [
       3258,
       4318
      ],
      [
       3265,
       4318
      ],
      [
       3290,
       4230
      ],
      [
       3185,
       4198
      ]
     ]
    ]
   },
   "properties": {
    "sheet": "vancouver_1912_MAP342a_04",
    "outline_id": "vancouver_1912_MAP342a_04:block:4:outline265",
    "block_id": "vancouver_1912_MAP342a_04:block:4",
    "block_fid": 12,
    "block_number": "4",
    "text_inside": [
     "Departmental",
     "Stoic",
     "16",
     "BLM."
    ],
    "numerals_inside": [],
    "words_inside": [
     "Departmental",
     "Stoic",
     "BLM."
    ],
    "floors": null,
    "wash_rgb": [
     253,
     213,
     214
    ],
    "wash_chroma": 15.2,
    "wash_lightness_delta": -28.2,
    "hue_deg": 358,
    "material": "brick",
    "area_source_px2": 25100,
    "centroid_source_px": [
     3202,
     4322
    ]
   }
  },
  {
   "type": "Feature",
   "id": 266,
   "geometry": {
    "type": "Polygon",
    "coordinates": [
     [
      [
       2931,
       4208
      ],
      [
       2885,
       4354
      ],
      [
       2942,
       4370
      ],
      [
       2952,
       4366
      ],
      [
       2954,
       4373
      ],
      [
       2969,
       4377
      ],
      [
       2975,
       4371
      ],
      [
       3014,
       4232
      ],
      [
       2931,
       4208
      ]
     ]
    ]
   },
   "properties": {
    "sheet": "vancouver_1912_MAP342a_04",
    "outline_id": "vancouver_1912_MAP342a_04:block:4:outline266",
    "block_id": "vancouver_1912_MAP342a_04:block:4",
    "block_fid": 12,
    "block_number": "4",
    "text_inside": [
     "14",
     "BLM."
    ],
    "numerals_inside": [
     "14"
    ],
    "words_inside": [
     "BLM."
    ],
    "floors": null,
    "wash_rgb": [
     253,
     219,
     215
    ],
    "wash_chroma": 13.1,
    "wash_lightness_delta": -24.4,
    "hue_deg": 6,
    "material": "brick",
    "area_source_px2": 13494,
    "centroid_source_px": [
     2949,
     4294
    ]
   }
  },
  {
   "type": "Feature",
   "id": 267,
   "geometry": {
    "type": "Polygon",
    "coordinates": [
     [
      [
       4217,
       4231
      ],
      [
       4208,
       4249
      ],
      [
       4195,
       4300
      ],
      [
       4236,
       4313
      ],
      [
       4258,
       4243
      ],
      [
       4217,
       4231
      ]
     ]
    ]
   },
   "properties": {
    "sheet": "vancouver_1912_MAP342a_04",
    "outline_id": "vancouver_1912_MAP342a_04:block:3:outline267",
    "block_id": "vancouver_1912_MAP342a_04:block:3",
    "block_fid": 14,
    "block_number": "3",
    "text_inside": [],
    "numerals_inside": [],
    "words_inside": [],
    "floors": null,
    "wash_rgb": [
     253,
     242,
     135
    ],
    "wash_chroma": 53.5,
    "wash_lightness_delta": -13.8,
    "hue_deg": 54,
    "material": "frame (wood)",
    "area_source_px2": 3237,
    "centroid_source_px": [
     4226,
     4272
    ]
   }
  },
  {
   "type": "Feature",
   "id": 268,
   "geometry": {
    "type": "Polygon",
    "coordinates": [
     [
      [
       3017,
       4242
      ],
      [
       2977,
       4378
      ],
      [
       2991,
       4384
      ],
      [
       2999,
       4378
      ],
      [
       3005,
       4387
      ],
      [
       3048,
       4399
      ],
      [
       3053,
       4392
      ],
      [
       3062,
       4391
      ],
      [
       3066,
       4379
      ],
      [
       3063,
       4402
      ],
      [
       3070,
       4401
      ],
      [
       3085,
       4409
      ],
      [
       3091,
       4404
      ],
      [
       3095,
       4411
      ],
      [
       3115,
       4415
      ],
      [
       3154,
       4279
      ],
      [
       3133,
       4271
      ],
      [
       3127,
       4278
      ],
      [
       3126,
       4270
      ],
      [
       3108,
       4264
      ],
      [
       3102,
       4265
      ],
      [
       3097,
       4275
      ],
      [
       3095,
       4261
      ],
      [
       3070,
       4258
      ],
      [
       3065,
       4252
      ],
      [
       3017,
       4242
      ]
     ]
    ]
   },
   "properties": {
    "sheet": "vancouver_1912_MAP342a_04",
    "outline_id": "vancouver_1912_MAP342a_04:block:4:outline268",
    "block_id": "vancouver_1912_MAP342a_04:block:4",
    "block_fid": 12,
    "block_number": "4",
    "text_inside": [],
    "numerals_inside": [],
    "words_inside": [],
    "floors": null,
    "wash_rgb": [
     253,
     219,
     217
    ],
    "wash_chroma": 13.2,
    "wash_lightness_delta": -24.8,
    "hue_deg": 4,
    "material": "brick",
    "area_source_px2": 20200,
    "centroid_source_px": [
     3063,
     4330
    ]
   }
  },
  {
   "type": "Feature",
   "id": 269,
   "geometry": {
    "type": "Polygon",
    "coordinates": [
     [
      [
       4349,
       4245
      ],
      [
       4318,
       4336
      ],
      [
       4322,
       4342
      ],
      [
       4347,
       4349
      ],
      [
       4335,
       4371
      ],
      [
       4329,
       4367
      ],
      [
       4321,
       4381
      ],
      [
       4314,
       4381
      ],
      [
       4307,
       4400
      ],
      [
       4310,
       4411
      ],
      [
       4303,
       4414
      ],
      [
       4292,
       4450
      ],
      [
       4287,
       4448
      ],
      [
       4284,
       4454
      ],
      [
       4324,
       4465
      ],
      [
       4339,
       4456
      ],
      [
       4348,
       4461
      ],
      [
       4357,
       4459
      ],
      [
       4361,
       4428
      ],
      [
       4340,
       4419
      ],
      [
       4361,
       4420
      ],
      [
       4359,
       4405
      ],
      [
       4363,
       4392
      ],
      [
       4370,
       4400
      ],
      [
       4380,
       4401
      ],
      [
       4375,
       4425
      ],
      [
       4389,
       4431
      ],
      [
       4375,
       4433
      ],
      [
       4378,
       4443
      ],
      [
       4367,
       4454
      ],
      [
       4367,
       4466
      ],
      [
       4375,
       4464
      ],
      [
       4377,
       4468
      ],
      [
       4372,
       4477
      ],
      [
       4417,
       4489
      ],
      [
       4421,
       4483
      ],
      [
       4422,
       4443
      ],
      [
       4400,
       4435
      ],
      [
       4422,
       4436
      ],
      [
       4423,
       4410
      ],
      [
       4412,
       4394
      ],
      [
       4414,
       4381
      ],
      [
       4423,
       4384
      ],
      [
       4424,
       4374
      ],
      [
       4404,
       4366
      ],
      [
       4425,
       4366
      ],
      [
       4427,
       4268
      ],
      [
       4409,
       4260
      ],
      [
       4399,
       4274
      ],
      [
       4400,
       4260
      ],
      [
       4384,
       4267
      ],
      [
       4375,
       4263
      ],
      [
       4380,
       4257
      ],
      [
       4378,
       4253
      ],
      [
       4349,
       4245
      ]
     ]
    ]
   },
   "properties": {
    "sheet": "vancouver_1912_MAP342a_04",
    "outline_id": "vancouver_1912_MAP342a_04:block:3:outline269",
    "block_id": "vancouver_1912_MAP342a_04:block:3",
    "block_fid": 14,
    "block_number": "3",
    "text_inside": [
     "30",
     "Ruiter",
     "7",
     "Hobel",
     "30",
     "Hotel",
     "86"
    ],
    "numerals_inside": [
     "7"
    ],
    "words_inside": [
     "Ruiter",
     "Hobel",
     "Hotel"
    ],
    "floors": null,
    "wash_rgb": [
     253,
     216,
     216
    ],
    "wash_chroma": 14.3,
    "wash_lightness_delta": -26.4,
    "hue_deg": 0,
    "material": "brick",
    "area_source_px2": 20775,
    "centroid_source_px": [
     4371,
     4373
    ]
   }
  },
  {
   "type": "Feature",
   "id": 270,
   "geometry": {
    "type": "Polygon",
    "coordinates": [
     [
      [
       3420,
       4263
      ],
      [
       3402,
       4276
      ],
      [
       3400,
       4287
      ],
      [
       3406,
       4291
      ],
      [
       3397,
       4294
      ],
      [
       3394,
       4304
      ],
      [
       3400,
       4307
      ],
      [
       3393,
       4308
      ],
      [
       3390,
       4316
      ],
      [
       3397,
       4325
      ],
      [
       3386,
       4328
      ],
      [
       3378,
       4353
      ],
      [
       3383,
       4358
      ],
      [
       3379,
       4362
      ],
      [
       3382,
       4378
      ],
      [
       3377,
       4392
      ],
      [
       3374,
       4384
      ],
      [
       3368,
       4387
      ],
      [
       3341,
       4476
      ],
      [
       3374,
       4487
      ],
      [
       3391,
       4480
      ],
      [
       3398,
       4483
      ],
      [
       3399,
       4493
      ],
      [
       3447,
       4506
      ],
      [
       3484,
       4390
      ],
      [
       3459,
       4379
      ],
      [
       3469,
       4377
      ],
      [
       3476,
       4349
      ],
      [
       3467,
       4344
      ],
      [
       3479,
       4343
      ],
      [
       3486,
       4315
      ],
      [
       3475,
       4310
      ],
      [
       3490,
       4307
      ],
      [
       3496,
       4285
      ],
      [
       3420,
       4263
      ]
     ]
    ]
   },
   "properties": {
    "sheet": "vancouver_1912_MAP342a_04",
    "outline_id": "vancouver_1912_MAP342a_04:block:3:outline270",
    "block_id": "vancouver_1912_MAP342a_04:block:3",
    "block_fid": 14,
    "block_number": "3",
    "text_inside": [
     "5",
     "9"
    ],
    "numerals_inside": [
     "9"
    ],
    "words_inside": [],
    "floors": null,
    "wash_rgb": [
     253,
     210,
     213
    ],
    "wash_chroma": 16.3,
    "wash_lightness_delta": -30.0,
    "hue_deg": 356,
    "material": "brick",
    "area_source_px2": 22534,
    "centroid_source_px": [
     3422,
     4393
    ]
   }
  },
  {
   "type": "Feature",
   "id": 271,
   "geometry": {
    "type": "Polygon",
    "coordinates": [
     [
      [
       3522,
       4290
      ],
      [
       3514,
       4299
      ],
      [
       3466,
       4457
      ],
      [
       3471,
       4462
      ],
      [
       3517,
       4475
      ],
      [
       3522,
       4473
      ],
      [
       3536,
       4424
      ],
      [
       3528,
       4416
      ],
      [
       3534,
       4401
      ],
      [
       3542,
       4401
      ],
      [
       3547,
       4388
      ],
      [
       3544,
       4383
      ],
      [
       3524,
       4377
      ],
      [
       3528,
       4360
      ],
      [
       3549,
       4365
      ],
      [
       3555,
       4362
      ],
      [
       3571,
       4307
      ],
      [
       3563,
       4301
      ],
      [
       3522,
       4290
      ]
     ]
    ]
   },
   "properties": {
    "sheet": "vancouver_1912_MAP342a_04",
    "outline_id": "vancouver_1912_MAP342a_04:block:3:outline271",
    "block_id": "vancouver_1912_MAP342a_04:block:3",
    "block_fid": 14,
    "block_number": "3",
    "text_inside": [],
    "numerals_inside": [],
    "words_inside": [],
    "floors": null,
    "wash_rgb": [
     254,
     254,
     253
    ],
    "wash_chroma": 0.4,
    "wash_lightness_delta": -0.6,
    "hue_deg": 60,
    "material": "not a building (open lot, yard or court)",
    "area_source_px2": 9584,
    "centroid_source_px": [
     3519,
     4376
    ]
   }
  },
  {
   "type": "Feature",
   "id": 272,
   "geometry": {
    "type": "Polygon",
    "coordinates": [
     [
      [
       3578,
       4306
      ],
      [
       3573,
       4309
      ],
      [
       3547,
       4398
      ],
      [
       3558,
       4406
      ],
      [
       3559,
       4413
      ],
      [
       3550,
       4424
      ],
      [
       3539,
       4426
      ],
      [
       3515,
       4512
      ],
      [
       3522,
       4517
      ],
      [
       3511,
       4519
      ],
      [
       3513,
       4524
      ],
      [
       3531,
       4529
      ],
      [
       3540,
       4511
      ],
      [
       3537,
       4529
      ],
      [
       3556,
       4536
      ],
      [
       3562,
       4533
      ],
      [
       3623,
       4326
      ],
      [
       3619,
       4317
      ],
      [
       3601,
       4312
      ],
      [
       3596,
       4320
      ],
      [
       3594,
       4311
      ],
      [
       3578,
       4306
      ]
     ]
    ]
   },
   "properties": {
    "sheet": "vancouver_1912_MAP342a_04",
    "outline_id": "vancouver_1912_MAP342a_04:block:3:outline272",
    "block_id": "vancouver_1912_MAP342a_04:block:3",
    "block_fid": 14,
    "block_number": "3",
    "text_inside": [],
    "numerals_inside": [],
    "words_inside": [],
    "floors": null,
    "wash_rgb": [
     253,
     210,
     212
    ],
    "wash_chroma": 16.3,
    "wash_lightness_delta": -30.2,
    "hue_deg": 358,
    "material": "brick",
    "area_source_px2": 11379,
    "centroid_source_px": [
     3569,
     4420
    ]
   }
  },
  {
   "type": "Feature",
   "id": 273,
   "geometry": {
    "type": "Polygon",
    "coordinates": [
     [
      [
       4154,
       4312
      ],
      [
       4137,
       4361
      ],
      [
       4179,
       4375
      ],
      [
       4169,
       4378
      ],
      [
       4158,
       4419
      ],
      [
       4196,
       4430
      ],
      [
       4205,
       4413
      ],
      [
       4210,
       4387
      ],
      [
       4189,
       4379
      ],
      [
       4191,
       4376
      ],
      [
       4213,
       4380
      ],
      [
       4227,
       4333
      ],
      [
       4180,
       4319
      ],
      [
       4174,
       4324
      ],
      [
       4161,
       4323
      ],
      [
       4161,
       4315
      ],
      [
       4154,
       4312
      ]
     ]
    ]
   },
   "properties": {
    "sheet": "vancouver_1912_MAP342a_04",
    "outline_id": "vancouver_1912_MAP342a_04:block:3:outline273",
    "block_id": "vancouver_1912_MAP342a_04:block:3",
    "block_fid": 14,
    "block_number": "3",
    "text_inside": [],
    "numerals_inside": [],
    "words_inside": [],
    "floors": null,
    "wash_rgb": [
     253,
     231,
     160
    ],
    "wash_chroma": 40.6,
    "wash_lightness_delta": -19.3,
    "hue_deg": 46,
    "material": "frame (wood)",
    "area_source_px2": 5880,
    "centroid_source_px": [
     4183,
     4366
    ]
   }
  },
  {
   "type": "Feature",
   "id": 274,
   "geometry": {
    "type": "Polygon",
    "coordinates": [
     [
      [
       3632,
       4320
      ],
      [
       3624,
       4328
      ],
      [
       3564,
       4533
      ],
      [
       3569,
       4540
      ],
      [
       3624,
       4554
      ],
      [
       3628,
       4548
      ],
      [
       3623,
       4544
      ],
      [
       3632,
       4538
      ],
      [
       3638,
       4513
      ],
      [
       3643,
       4509
      ],
      [
       3656,
       4452
      ],
      [
       3647,
       4451
      ],
      [
       3649,
       4439
      ],
      [
       3635,
       4441
      ],
      [
       3638,
       4452
      ],
      [
       3634,
       4455
      ],
      [
       3633,
       4470
      ],
      [
       3624,
       4482
      ],
      [
       3624,
       4495
      ],
      [
       3616,
       4498
      ],
      [
       3613,
       4489
      ],
      [
       3624,
       4468
      ],
      [
       3612,
       4457
      ],
      [
       3607,
       4461
      ],
      [
       3603,
       4451
      ],
      [
       3614,
       4432
      ],
      [
       3612,
       4421
      ],
      [
       3617,
       4418
      ],
      [
       3623,
       4384
      ],
      [
       3627,
       4382
      ],
      [
       3632,
       4395
      ],
      [
       3648,
       4397
      ],
      [
       3651,
       4391
      ],
      [
       3645,
       4384
      ],
      [
       3653,
       4370
      ],
      [
       3652,
       4358
      ],
      [
       3658,
       4355
      ],
      [
       3661,
       4363
      ],
      [
       3670,
       4366
      ],
      [
       3662,
       4376
      ],
      [
       3665,
       4385
      ],
      [
       3657,
       4387
      ],
      [
       3651,
       4409
      ],
      [
       3646,
       4413
      ],
      [
       3653,
       4423
      ],
      [
       3641,
       4428
      ],
      [
       3645,
       4435
      ],
      [
       3662,
       4432
      ],
      [
       3688,
       4341
      ],
      [
       3680,
       4333
      ],
      [
       3632,
       4320
      ]
     ]
    ]
   },
   "properties": {
    "sheet": "vancouver_1912_MAP342a_04",
    "outline_id": "vancouver_1912_MAP342a_04:block:3:outline274",
    "block_id": "vancouver_1912_MAP342a_04:block:3",
    "block_fid": 14,
    "block_number": "3",
    "text_inside": [
     "Sting",
     "Singhama",
     "Hotel",
     "Hotel"
    ],
    "numerals_inside": [],
    "words_inside": [
     "Sting",
     "Singhama",
     "Hotel",
     "Hotel"
    ],
    "floors": null,
    "wash_rgb": [
     253,
     213,
     213
    ],
    "wash_chroma": 15.4,
    "wash_lightness_delta": -28.7,
    "hue_deg": 0,
    "material": "brick",
    "area_source_px2": 11792,
    "centroid_source_px": [
     3623,
     4444
    ]
   }
  },
  {
   "type": "Feature",
   "id": 275,
   "geometry": {
    "type": "Polygon",
    "coordinates": [
     [
      [
       3742,
       4349
      ],
      [
       3736,
       4357
      ],
      [
       3676,
       4561
      ],
      [
       3678,
       4569
      ],
      [
       3708,
       4577
      ],
      [
       3717,
       4562
      ],
      [
       3774,
       4365
      ],
      [
       3773,
       4358
      ],
      [
       3742,
       4349
      ]
     ]
    ]
   },
   "properties": {
    "sheet": "vancouver_1912_MAP342a_04",
    "outline_id": "vancouver_1912_MAP342a_04:block:3:outline275",
    "block_id": "vancouver_1912_MAP342a_04:block:3",
    "block_fid": 14,
    "block_number": "3",
    "text_inside": [],
    "numerals_inside": [],
    "words_inside": [],
    "floors": null,
    "wash_rgb": [
     253,
     211,
     213
    ],
    "wash_chroma": 16.1,
    "wash_lightness_delta": -29.8,
    "hue_deg": 358,
    "material": "brick",
    "area_source_px2": 8887,
    "centroid_source_px": [
     3725,
     4464
    ]
   }
  },
  {
   "type": "Feature",
   "id": 276,
   "geometry": {
    "type": "Polygon",
    "coordinates": [
     [
      [
       3783,
       4360
      ],
      [
       3773,
       4377
      ],
      [
       3747,
       4469
      ],
      [
       3750,
       4476
      ],
      [
       3759,
       4459
      ],
      [
       3764,
       4463
      ],
      [
       3774,
       4461
      ],
      [
       3778,
       4467
      ],
      [
       3769,
       4475
      ],
      [
       3774,
       4482
      ],
      [
       3769,
       4486
      ],
      [
       3748,
       4478
      ],
      [
       3743,
       4482
      ],
      [
       3718,
       4564
      ],
      [
       3735,
       4572
      ],
      [
       3727,
       4578
      ],
      [
       3729,
       4582
      ],
      [
       3778,
       4596
      ],
      [
       3787,
       4585
      ],
      [
       3839,
       4410
      ],
      [
       3838,
       4400
      ],
      [
       3846,
       4385
      ],
      [
       3846,
       4379
      ],
      [
       3838,
       4374
      ],
      [
       3783,
       4360
      ]
     ]
    ]
   },
   "properties": {
    "sheet": "vancouver_1912_MAP342a_04",
    "outline_id": "vancouver_1912_MAP342a_04:block:3:outline276",
    "block_id": "vancouver_1912_MAP342a_04:block:3",
    "block_fid": 14,
    "block_number": "3",
    "text_inside": [],
    "numerals_inside": [],
    "words_inside": [],
    "floors": null,
    "wash_rgb": [
     253,
     211,
     213
    ],
    "wash_chroma": 16.0,
    "wash_lightness_delta": -29.6,
    "hue_deg": 358,
    "material": "brick",
    "area_source_px2": 15659,
    "centroid_source_px": [
     3783,
     4477
    ]
   }
  },
  {
   "type": "Feature",
   "id": 277,
   "geometry": {
    "type": "Polygon",
    "coordinates": [
     [
      [
       3908,
       4394
      ],
      [
       3880,
       4481
      ],
      [
       3884,
       4496
      ],
      [
       3871,
       4514
      ],
      [
       3842,
       4608
      ],
      [
       3848,
       4615
      ],
      [
       3857,
       4606
      ],
      [
       3865,
       4607
      ],
      [
       3870,
       4612
      ],
      [
       3864,
       4618
      ],
      [
       3878,
       4624
      ],
      [
       3884,
       4618
      ],
      [
       3903,
       4544
      ],
      [
       3896,
       4543
      ],
      [
       3892,
       4556
      ],
      [
       3881,
       4561
      ],
      [
       3888,
       4570
      ],
      [
       3885,
       4577
      ],
      [
       3881,
       4572
      ],
      [
       3873,
       4587
      ],
      [
       3881,
       4593
      ],
      [
       3880,
       4598
      ],
      [
       3867,
       4597
      ],
      [
       3864,
       4587
      ],
      [
       3874,
       4569
      ],
      [
       3877,
       4547
      ],
      [
       3884,
       4543
      ],
      [
       3881,
       4534
      ],
      [
       3885,
       4518
      ],
      [
       3898,
       4518
      ],
      [
       3903,
       4510
      ],
      [
       3892,
       4503
      ],
      [
       3891,
       4496
      ],
      [
       3899,
       4479
      ],
      [
       3897,
       4472
      ],
      [
       3910,
       4435
      ],
      [
       3918,
       4434
      ],
      [
       3918,
       4426
      ],
      [
       3912,
       4424
      ],
      [
       3916,
       4414
      ],
      [
       3920,
       4425
      ],
      [
       3930,
       4430
      ],
      [
       3928,
       4442
      ],
      [
       3913,
       4453
      ],
      [
       3922,
       4462
      ],
      [
       3903,
       4480
      ],
      [
       3909,
       4493
      ],
      [
       3906,
       4501
      ],
      [
       3915,
       4504
      ],
      [
       3944,
       4411
      ],
      [
       3941,
       4402
      ],
      [
       3924,
       4409
      ],
      [
       3916,
       4406
      ],
      [
       3918,
       4398
      ],
      [
       3908,
       4394
      ]
     ]
    ]
   },
   "properties": {
    "sheet": "vancouver_1912_MAP342a_04",
    "outline_id": "vancouver_1912_MAP342a_04:block:3:outline277",
    "block_id": "vancouver_1912_MAP342a_04:block:3",
    "block_fid": 14,
    "block_number": "3",
    "text_inside": [
     "Pado",
     "Fedde",
     "13",
     "Hobel",
     "Hotel"
    ],
    "numerals_inside": [],
    "words_inside": [
     "Pado",
     "Fedde",
     "Hobel",
     "Hotel"
    ],
    "floors": null,
    "wash_rgb": [
     253,
     206,
     211
    ],
    "wash_chroma": 18.1,
    "wash_lightness_delta": -32.9,
    "hue_deg": 354,
    "material": "brick",
    "area_source_px2": 6104,
    "centroid_source_px": [
     3891,
     4509
    ]
   }
  },
  {
   "type": "Feature",
   "id": 278,
   "geometry": {
    "type": "Polygon",
    "coordinates": [
     [
      [
       3958,
       4407
      ],
      [
       3948,
       4408
      ],
      [
       3935,
       4446
      ],
      [
       3916,
       4527
      ],
      [
       3885,
       4621
      ],
      [
       3888,
       4626
      ],
      [
       3897,
       4618
      ],
      [
       3925,
       4623
      ],
      [
       3933,
       4608
      ],
      [
       3950,
       4549
      ],
      [
       3942,
       4538
      ],
      [
       3949,
       4527
      ],
      [
       3944,
       4518
      ],
      [
       3952,
       4507
      ],
      [
       3962,
       4507
      ],
      [
       3984,
       4431
      ],
      [
       3975,
       4422
      ],
      [
       3959,
       4418
      ],
      [
       3963,
       4410
      ],
      [
       3958,
       4407
      ]
     ]
    ]
   },
   "properties": {
    "sheet": "vancouver_1912_MAP342a_04",
    "outline_id": "vancouver_1912_MAP342a_04:block:3:outline278",
    "block_id": "vancouver_1912_MAP342a_04:block:3",
    "block_fid": 14,
    "block_number": "3",
    "text_inside": [],
    "numerals_inside": [],
    "words_inside": [],
    "floors": null,
    "wash_rgb": [
     253,
     211,
     213
    ],
    "wash_chroma": 16.2,
    "wash_lightness_delta": -29.9,
    "hue_deg": 358,
    "material": "brick",
    "area_source_px2": 8248,
    "centroid_source_px": [
     3935,
     4522
    ]
   }
  },
  {
   "type": "Feature",
   "id": 279,
   "geometry": {
    "type": "Polygon",
    "coordinates": [
     [
      [
       3997,
       4417
      ],
      [
       3986,
       4430
      ],
      [
       3928,
       4635
      ],
      [
       3952,
       4644
      ],
      [
       3961,
       4635
      ],
      [
       3975,
       4637
      ],
      [
       3968,
       4644
      ],
      [
       3970,
       4648
      ],
      [
       4006,
       4658
      ],
      [
       4034,
       4579
      ],
      [
       4036,
       4564
      ],
      [
       4029,
       4560
      ],
      [
       4028,
       4549
      ],
      [
       4032,
       4540
      ],
      [
       4039,
       4540
      ],
      [
       4035,
       4519
      ],
      [
       4038,
       4515
      ],
      [
       4041,
       4526
      ],
      [
       4049,
       4526
      ],
      [
       4072,
       4443
      ],
      [
       4048,
       4431
      ],
      [
       4019,
       4438
      ],
      [
       4017,
       4423
      ],
      [
       3997,
       4417
      ]
     ]
    ]
   },
   "properties": {
    "sheet": "vancouver_1912_MAP342a_04",
    "outline_id": "vancouver_1912_MAP342a_04:block:3:outline279",
    "block_id": "vancouver_1912_MAP342a_04:block:3",
    "block_fid": 14,
    "block_number": "3",
    "text_inside": [
     "14",
     "11"
    ],
    "numerals_inside": [
     "14"
    ],
    "words_inside": [],
    "floors": null,
    "wash_rgb": [
     253,
     212,
     214
    ],
    "wash_chroma": 15.6,
    "wash_lightness_delta": -28.9,
    "hue_deg": 358,
    "material": "brick",
    "area_source_px2": 18708,
    "centroid_source_px": [
     4000,
     4539
    ]
   }
  },
  {
   "type": "Feature",
   "id": 280,
   "geometry": {
    "type": "Polygon",
    "coordinates": [
     [
      [
       3679,
       4432
      ],
      [
       3672,
       4434
      ],
      [
       3665,
       4452
      ],
      [
       3652,
       4468
      ],
      [
       3630,
       4553
      ],
      [
       3668,
       4566
      ],
      [
       3673,
       4562
      ],
      [
       3707,
       4444
      ],
      [
       3701,
       4438
      ],
      [
       3679,
       4432
      ]
     ]
    ]
   },
   "properties": {
    "sheet": "vancouver_1912_MAP342a_04",
    "outline_id": "vancouver_1912_MAP342a_04:block:3:outline280",
    "block_id": "vancouver_1912_MAP342a_04:block:3",
    "block_fid": 14,
    "block_number": "3",
    "text_inside": [],
    "numerals_inside": [],
    "words_inside": [],
    "floors": null,
    "wash_rgb": [
     253,
     214,
     214
    ],
    "wash_chroma": 14.9,
    "wash_lightness_delta": -27.8,
    "hue_deg": 0,
    "material": "brick",
    "area_source_px2": 5624,
    "centroid_source_px": [
     3669,
     4500
    ]
   }
  },
  {
   "type": "Feature",
   "id": 281,
   "geometry": {
    "type": "Polygon",
    "coordinates": [
     [
      [
       3842,
       4432
      ],
      [
       3835,
       4434
      ],
      [
       3824,
       4471
      ],
      [
       3826,
       4484
      ],
      [
       3833,
       4493
      ],
      [
       3825,
       4496
      ],
      [
       3821,
       4517
      ],
      [
       3810,
       4516
      ],
      [
       3787,
       4594
      ],
      [
       3788,
       4599
      ],
      [
       3796,
       4601
      ],
      [
       3806,
       4592
      ],
      [
       3822,
       4595
      ],
      [
       3813,
       4604
      ],
      [
       3835,
       4612
      ],
      [
       3856,
       4552
      ],
      [
       3847,
       4541
      ],
      [
       3852,
       4528
      ],
      [
       3858,
       4525
      ],
      [
       3855,
       4507
      ],
      [
       3864,
       4487
      ],
      [
       3868,
       4493
      ],
      [
       3875,
       4488
      ],
      [
       3887,
       4449
      ],
      [
       3877,
       4441
      ],
      [
       3842,
       4432
      ]
     ]
    ]
   },
   "properties": {
    "sheet": "vancouver_1912_MAP342a_04",
    "outline_id": "vancouver_1912_MAP342a_04:block:3:outline281",
    "block_id": "vancouver_1912_MAP342a_04:block:3",
    "block_fid": 14,
    "block_number": "3",
    "text_inside": [
     "A"
    ],
    "numerals_inside": [],
    "words_inside": [],
    "floors": null,
    "wash_rgb": [
     253,
     211,
     213
    ],
    "wash_chroma": 16.0,
    "wash_lightness_delta": -29.6,
    "hue_deg": 358,
    "material": "brick",
    "area_source_px2": 8124,
    "centroid_source_px": [
     3836,
     4524
    ]
   }
  },
  {
   "type": "Feature",
   "id": 282,
   "geometry": {
    "type": "Polygon",
    "coordinates": [
     [
      [
       4080,
       4440
      ],
      [
       4074,
       4446
      ],
      [
       4012,
       4658
      ],
      [
       4056,
       4672
      ],
      [
       4063,
       4664
      ],
      [
       4082,
       4665
      ],
      [
       4083,
       4669
      ],
      [
       4075,
       4671
      ],
      [
       4074,
       4676
      ],
      [
       4120,
       4688
      ],
      [
       4187,
       4470
      ],
      [
       4080,
       4440
      ]
     ]
    ]
   },
   "properties": {
    "sheet": "vancouver_1912_MAP342a_04",
    "outline_id": "vancouver_1912_MAP342a_04:block:3:outline282",
    "block_id": "vancouver_1912_MAP342a_04:block:3",
    "block_fid": 14,
    "block_number": "3",
    "text_inside": [],
    "numerals_inside": [],
    "words_inside": [],
    "floors": null,
    "wash_rgb": [
     253,
     210,
     213
    ],
    "wash_chroma": 16.3,
    "wash_lightness_delta": -30.1,
    "hue_deg": 356,
    "material": "brick",
    "area_source_px2": 25793,
    "centroid_source_px": [
     4100,
     4563
    ]
   }
  },
  {
   "type": "Feature",
   "id": 283,
   "geometry": {
    "type": "Polygon",
    "coordinates": [
     [
      [
       4192,
       4470
      ],
      [
       4126,
       4689
      ],
      [
       4157,
       4698
      ],
      [
       4169,
       4673
      ],
      [
       4163,
       4699
      ],
      [
       4194,
       4708
      ],
      [
       4205,
       4683
      ],
      [
       4261,
       4489
      ],
      [
       4231,
       4480
      ],
      [
       4224,
       4491
      ],
      [
       4223,
       4479
      ],
      [
       4192,
       4470
      ]
     ]
    ]
   },
   "properties": {
    "sheet": "vancouver_1912_MAP342a_04",
    "outline_id": "vancouver_1912_MAP342a_04:block:3:outline283",
    "block_id": "vancouver_1912_MAP342a_04:block:3",
    "block_fid": 14,
    "block_number": "3",
    "text_inside": [
     "19",
     "16"
    ],
    "numerals_inside": [
     "16"
    ],
    "words_inside": [],
    "floors": null,
    "wash_rgb": [
     253,
     203,
     209
    ],
    "wash_chroma": 19.3,
    "wash_lightness_delta": -34.8,
    "hue_deg": 352,
    "material": "brick",
    "area_source_px2": 16508,
    "centroid_source_px": [
     4193,
     4589
    ]
   }
  },
  {
   "type": "Feature",
   "id": 284,
   "geometry": {
    "type": "Polygon",
    "coordinates": [
     [
      [
       4280,
       4493
      ],
      [
       4263,
       4493
      ],
      [
       4201,
       4708
      ],
      [
       4233,
       4718
      ],
      [
       4240,
       4704
      ],
      [
       4298,
       4504
      ],
      [
       4296,
       4498
      ],
      [
       4280,
       4493
      ]
     ]
    ]
   },
   "properties": {
    "sheet": "vancouver_1912_MAP342a_04",
    "outline_id": "vancouver_1912_MAP342a_04:block:3:outline284",
    "block_id": "vancouver_1912_MAP342a_04:block:3",
    "block_fid": 14,
    "block_number": "3",
    "text_inside": [],
    "numerals_inside": [],
    "words_inside": [],
    "floors": null,
    "wash_rgb": [
     253,
     204,
     208
    ],
    "wash_chroma": 18.7,
    "wash_lightness_delta": -34.1,
    "hue_deg": 356,
    "material": "brick",
    "area_source_px2": 8283,
    "centroid_source_px": [
     4249,
     4605
    ]
   }
  },
  {
   "type": "Feature",
   "id": 285,
   "geometry": {
    "type": "Polygon",
    "coordinates": [
     [
      [
       3886,
       4701
      ],
      [
       3922,
       4715
      ],
      [
       4177,
       4781
      ],
      [
       4186,
       4761
      ],
      [
       4183,
       4757
      ],
      [
       3912,
       4686
      ],
      [
       3899,
       4686
      ],
      [
       3886,
       4701
      ]
     ]
    ]
   },
   "properties": {
    "sheet": "vancouver_1912_MAP342a_04",
    "outline_id": "vancouver_1912_MAP342a_04:block:3:outline285",
    "block_id": "vancouver_1912_MAP342a_04:block:3",
    "block_fid": 14,
    "block_number": "3",
    "text_inside": [],
    "numerals_inside": [],
    "words_inside": [],
    "floors": null,
    "wash_rgb": [
     254,
     254,
     254
    ],
    "wash_chroma": 0.0,
    "wash_lightness_delta": -0.0,
    "hue_deg": 0,
    "material": "not a building (open lot, yard or court)",
    "area_source_px2": 7430,
    "centroid_source_px": [
     4037,
     4732
    ]
   }
  }
 ]
}