{
 "type": "FeatureCollection",
 "crs": {
  "type": "name",
  "properties": {
   "name": "urn:ogc:def:crs:EPSG::32610"
  }
 },
 "georeference": {
  "rms_m": 0.4897920555996554,
  "n_labels": 12,
  "from": "vancouver_1912_MAP342a_04_georef.json"
 },
 "source_blocks": "runs/hunyuan/2026-09-15_tiles_vancouver_1912_MAP342a_04/vancouver_1912_MAP342a_04_blocks_px.geojson",
 "lot_convention": "numbered",
 "note": "blocks: polygons with lots inside and streets around them; streets_1895 = OCR street labels around the block that matched the modern layer, streets_modern = modern centrelines within --block-street-reach-m of the polygon, nearby_text = other OCR text the tracer saw nearby",
 "features": [
  {
   "type": "Feature",
   "geometry": {
    "type": "Polygon",
    "coordinates": [
     [
      [
       491793.229,
       5459235.051
      ],
      [
       491790.495,
       5459233.111
      ],
      [
       491767.371,
       5459209.693
      ],
      [
       491764.353,
       5459204.069
      ],
      [
       491762.618,
       5459204.413
      ],
      [
       491758.312,
       5459203.343
      ],
      [
       491757.635,
       5459202.463
      ],
      [
       491758.187,
       5459200.537
      ],
      [
       491756.487,
       5459198.776
      ],
      [
       491754.063,
       5459198.942
      ],
      [
       491753.216,
       5459197.886
      ],
      [
       491753.598,
       5459195.783
      ],
      [
       491751.898,
       5459194.022
      ],
      [
       491748.269,
       5459193.832
      ],
      [
       491747.709,
       5459196.285
      ],
      [
       491744.721,
       5459199.079
      ],
      [
       491743.159,
       5459199.424
      ],
      [
       491740.934,
       5459198.012
      ],
      [
       491737.642,
       5459198.349
      ],
      [
       491737.535,
       5459194.49
      ],
      [
       491736.002,
       5459193.081
      ],
      [
       491732.859,
       5459194.822
      ],
      [
       491730.128,
       5459192.707
      ],
      [
       491729.129,
       5459190.423
      ],
      [
       491726.69,
       5459191.465
      ],
      [
       491724.629,
       5459190.58
      ],
      [
       491723.273,
       5459188.996
      ],
      [
       491723.145,
       5459186.365
      ],
      [
       491724.382,
       5459184.792
      ],
      [
       491726.469,
       5459184.099
      ],
      [
       491727.009,
       5459182.873
      ],
      [
       491720.532,
       5459177.235
      ],
      [
       491716.808,
       5459172.485
      ],
      [
       491717.351,
       5459171.084
      ],
      [
       491722.196,
       5459170.929
      ],
      [
       491724.987,
       5459169.537
      ],
      [
       491759.103,
       5459136.53
      ],
      [
       491762.899,
       5459137.072
      ],
      [
       491765.639,
       5459138.661
      ],
      [
       491767.148,
       5459141.473
      ],
      [
       491766.715,
       5459146.557
      ],
      [
       491768.439,
       5459146.915
      ],
      [
       491775.998,
       5459139.755
      ],
      [
       491775.512,
       5459137.824
      ],
      [
       491776.219,
       5459136.95
      ],
      [
       491778.816,
       5459136.786
      ],
      [
       491780.223,
       5459135.388
      ],
      [
       491780.438,
       5459132.934
      ],
      [
       491784.267,
       5459131.547
      ],
      [
       491784.973,
       5459130.673
      ],
      [
       491784.836,
       5459128.568
      ],
      [
       491788.009,
       5459125.073
      ],
      [
       491791.823,
       5459124.562
      ],
      [
       491810.2,
       5459142.349
      ],
      [
       491812.624,
       5459142.184
      ],
      [
       491813.301,
       5459143.063
      ],
      [
       491812.922,
       5459144.991
      ],
      [
       491813.775,
       5459145.696
      ],
      [
       491815.683,
       5459145.353
      ],
      [
       491816.703,
       5459146.409
      ],
      [
       491817.496,
       5459150.621
      ],
      [
       491790.224,
       5459177.868
      ],
      [
       491790.722,
       5459179.098
      ],
      [
       491793.444,
       5459181.74
      ],
      [
       491795.004,
       5459181.571
      ],
      [
       491822.264,
       5459155.025
      ],
      [
       491847.604,
       5459180.381
      ],
      [
       491847.195,
       5459184.062
      ],
      [
       491843.363,
       5459185.625
      ],
      [
       491829.113,
       5459199.772
      ],
      [
       491828.201,
       5459202.574
      ],
      [
       491825.415,
       5459203.615
      ],
      [
       491819.437,
       5459209.378
      ],
      [
       491819.392,
       5459212.008
      ],
      [
       491818.34,
       5459212.881
      ],
      [
       491815.918,
       5459212.871
      ],
      [
       491793.229,
       5459235.051
      ]
     ]
    ]
   },
   "properties": {
    "sheet": "vancouver_1912_MAP342a_04",
    "block_id": "vancouver_1912_MAP342a_04:block:14",
    "block_number": "14",
    "block_number_inferred": false,
    "lot_numbers": [
     "2",
     "3",
     "4",
     "6",
     "16",
     "17",
     "18",
     "19",
     "100"
    ],
    "street_names": [
     "CORDOVA ST. WEST",
     "GRANVILLE ST.",
     "SEYMOUR ST."
    ],
    "area_source_px2": 235364,
    "centroid_source_px": [
     876,
     2414
    ],
    "n_enclosed": 19,
    "compactness": 0.397,
    "streets_through": [],
    "merged_across": null,
    "streets_1895": [
     {
      "label_1895": "SEYMOUR ST.",
      "modern": [
       "SEYMOUR ST"
      ],
      "side": "SE",
      "distance_px": 51,
      "residual_m": 0.88
     },
     {
      "label_1895": "GRANVILLE ST.",
      "modern": [
       "GRANVILLE ST"
      ],
      "side": "NW",
      "distance_px": 59,
      "residual_m": 0.36
     },
     {
      "label_1895": "CORDOVA ST. WEST",
      "modern": [
       "WEST CORDOVA ST"
      ],
      "side": "E",
      "distance_px": 92,
      "residual_m": 0.08
     }
    ],
    "streets_modern": [
     {
      "name": "GRANVILLE ST",
      "distance_m": 0.1,
      "bearing_deg": 293,
      "side": "NW",
      "ring_share": 0.48
     },
     {
      "name": "WEST HASTINGS ST",
      "distance_m": 0.4,
      "bearing_deg": 269,
      "side": "W",
      "ring_share": 0.39
     },
     {
      "name": "SEYMOUR ST",
      "distance_m": 7.4,
      "bearing_deg": 141,
      "side": "SE",
      "ring_share": 0.18
     },
     {
      "name": "WEST CORDOVA ST",
      "distance_m": 10.1,
      "bearing_deg": 46,
      "side": "NE",
      "ring_share": 0.17
     }
    ],
    "nearby_text": [
     "Clarke & Stewart",
     "Molsons"
    ],
    "centroid_map": [
     491783.992,
     5459178.194
    ],
    "is_block": true
   }
  },
  {
   "type": "Feature",
   "geometry": {
    "type": "Polygon",
    "coordinates": [
     [
      [
       491862.367,
       5459166.586
      ],
      [
       491842.806,
       5459147.216
      ],
      [
       491840.042,
       5459147.03
      ],
      [
       491839.028,
       5459145.623
      ],
      [
       491839.234,
       5459143.694
      ],
      [
       491837.03,
       5459141.055
      ],
      [
       491837.224,
       5459139.828
      ],
      [
       491853.94,
       5459123.06
      ],
      [
       491853.779,
       5459122.358
      ],
      [
       491849.515,
       5459118.834
      ],
      [
       491832.802,
       5459135.426
      ],
      [
       491831.419,
       5459135.42
      ],
      [
       491829.713,
       5459134.011
      ],
      [
       491827.805,
       5459134.354
      ],
      [
       491826.615,
       5459133.121
      ],
      [
       491826.487,
       5459130.49
      ],
      [
       491823.761,
       5459128.024
      ],
      [
       491821.683,
       5459128.191
      ],
      [
       491820.669,
       5459126.784
      ],
      [
       491820.535,
       5459124.503
      ],
      [
       491806.932,
       5459110.769
      ],
      [
       491806.631,
       5459108.138
      ],
      [
       491807.704,
       5459106.038
      ],
      [
       491810.474,
       5459105.873
      ],
      [
       491818.743,
       5459097.665
      ],
      [
       491818.433,
       5459095.559
      ],
      [
       491819.14,
       5459094.685
      ],
      [
       491822.086,
       5459094.346
      ],
      [
       491835.981,
       5459080.723
      ],
      [
       491836.378,
       5459077.744
      ],
      [
       491839.148,
       5459077.58
      ],
      [
       491841.086,
       5459075.483
      ],
      [
       491841.113,
       5459073.905
      ],
      [
       491843.197,
       5459073.387
      ],
      [
       491847.244,
       5459069.37
      ],
      [
       491846.755,
       5459067.614
      ],
      [
       491847.461,
       5459066.74
      ],
      [
       491849.534,
       5459066.924
      ],
      [
       491851.991,
       5459064.83
      ],
      [
       491851.857,
       5459062.549
      ],
      [
       491852.915,
       5459061.326
      ],
      [
       491854.991,
       5459061.334
      ],
      [
       491857.621,
       5459059.241
      ],
      [
       491857.662,
       5459056.786
      ],
      [
       491858.545,
       5459055.737
      ],
      [
       491860.441,
       5459056.095
      ],
      [
       491862.365,
       5459054.876
      ],
      [
       491863.569,
       5459055.231
      ],
      [
       491887.883,
       5459079.882
      ],
      [
       491886.282,
       5459082.506
      ],
      [
       491869.569,
       5459099.098
      ],
      [
       491871.274,
       5459100.508
      ],
      [
       491871.763,
       5459102.264
      ],
      [
       491874.521,
       5459102.801
      ],
      [
       491892.809,
       5459085.163
      ],
      [
       491908.294,
       5459100.132
      ],
      [
       491910.375,
       5459099.79
      ],
      [
       491911.392,
       5459101.021
      ],
      [
       491911.007,
       5459103.3
      ],
      [
       491917.976,
       5459110.518
      ],
      [
       491915.85,
       5459113.491
      ],
      [
       491916.5,
       5459115.948
      ],
      [
       491915.277,
       5459116.645
      ],
      [
       491913.556,
       5459116.112
      ],
      [
       491881.364,
       5459147.899
      ],
      [
       491880.482,
       5459148.947
      ],
      [
       491880.619,
       5459151.052
      ],
      [
       491878.004,
       5459152.269
      ],
      [
       491877.977,
       5459153.848
      ],
      [
       491876.748,
       5459154.895
      ],
      [
       491873.975,
       5459155.234
      ],
      [
       491862.367,
       5459166.586
      ]
     ]
    ]
   },
   "properties": {
    "sheet": "vancouver_1912_MAP342a_04",
    "block_id": "vancouver_1912_MAP342a_04:block:fid6",
    "block_number": null,
    "block_number_inferred": false,
    "lot_numbers": [
     "3",
     "6",
     "7",
     "8",
     "9"
    ],
    "street_names": [
     "CORDOVA ST. WEST",
     "HASTINGS ST. WEST",
     "RICHARDS ST.",
     "SEYMOUR ST."
    ],
    "area_source_px2": 200045,
    "centroid_source_px": [
     1322,
     2802
    ],
    "n_enclosed": 15,
    "compactness": 0.403,
    "streets_through": [],
    "merged_across": null,
    "streets_1895": [
     {
      "label_1895": "RICHARDS ST.",
      "modern": [
       "RICHARDS ST"
      ],
      "side": "SE",
      "distance_px": 51,
      "residual_m": 0.81
     },
     {
      "label_1895": "SEYMOUR ST.",
      "modern": [
       "SEYMOUR ST"
      ],
      "side": "NW",
      "distance_px": 69,
      "residual_m": 0.88
     },
     {
      "label_1895": "CORDOVA ST. WEST",
      "modern": [
       "WEST CORDOVA ST"
      ],
      "side": "N",
      "distance_px": 91,
      "residual_m": 0.08
     },
     {
      "label_1895": "HASTINGS ST. WEST",
      "modern": [
       "WEST HASTINGS ST"
      ],
      "side": "S",
      "distance_px": 118,
      "residual_m": 0.19
     }
    ],
    "streets_modern": [
     {
      "name": "RICHARDS ST",
      "distance_m": 5.8,
      "bearing_deg": 106,
      "side": "E",
      "ring_share": 0.25
     },
     {
      "name": "WEST CORDOVA ST",
      "distance_m": 6.5,
      "bearing_deg": 81,
      "side": "E",
      "ring_share": 0.19
     },
     {
      "name": "SEYMOUR ST",
      "distance_m": 8.8,
      "bearing_deg": 326,
      "side": "NW",
      "ring_share": 0.29
     },
     {
      "name": "WEST HASTINGS ST",
      "distance_m": 11.0,
      "bearing_deg": 245,
      "side": "SW",
      "ring_share": 0.39
     }
    ],
    "nearby_text": [
     "Hotel",
     "REF",
     "ST.WEST",
     "St.Pancis"
    ],
    "centroid_map": [
     491862.284,
     5459110.468
    ],
    "is_block": true
   }
  },
  {
   "type": "Feature",
   "geometry": {
    "type": "Polygon",
    "coordinates": [
     [
      [
       491933.94,
       5459097.255
      ],
      [
       491930.007,
       5459094.608
      ],
      [
       491927.923,
       5459095.126
      ],
      [
       491926.736,
       5459093.718
      ],
      [
       491927.461,
       5459091.792
      ],
      [
       491925.248,
       5459089.678
      ],
      [
       491923.167,
       5459090.021
      ],
      [
       491921.98,
       5459088.613
      ],
      [
       491922.022,
       5459086.158
      ],
      [
       491920.487,
       5459084.924
      ],
      [
       491918.232,
       5459085.266
      ],
      [
       491917.579,
       5459082.983
      ],
      [
       491915.51,
       5459082.624
      ],
      [
       491909.221,
       5459076.11
      ],
      [
       491909.072,
       5459074.706
      ],
      [
       491907.009,
       5459073.997
      ],
      [
       491905.822,
       5459072.589
      ],
      [
       491906.547,
       5459070.663
      ],
      [
       491930.3,
       5459046.909
      ],
      [
       491931.031,
       5459044.632
      ],
      [
       491929.683,
       5459042.522
      ],
      [
       491927.283,
       5459041.285
      ],
      [
       491904.051,
       5459064.865
      ],
      [
       491902.306,
       5459065.735
      ],
      [
       491900.255,
       5459064.324
      ],
      [
       491897.998,
       5459064.841
      ],
      [
       491897.321,
       5459063.961
      ],
      [
       491897.705,
       5459061.683
      ],
      [
       491877.131,
       5459040.906
      ],
      [
       491878.076,
       5459036.175
      ],
      [
       491879.308,
       5459034.952
      ],
      [
       491881.902,
       5459034.963
      ],
      [
       491885.424,
       5459031.294
      ],
      [
       491885.113,
       5459029.188
      ],
      [
       491888.238,
       5459028.5
      ],
      [
       491889.118,
       5459027.626
      ],
      [
       491889.336,
       5459024.997
      ],
      [
       491893.164,
       5459023.609
      ],
      [
       491894.748,
       5459022.037
      ],
      [
       491894.614,
       5459019.757
      ],
      [
       491897.566,
       5459019.067
      ],
      [
       491899.498,
       5459017.322
      ],
      [
       491899.719,
       5459014.517
      ],
      [
       491900.598,
       5459013.643
      ],
      [
       491902.495,
       5459014.002
      ],
      [
       491905.831,
       5459011.034
      ],
      [
       491905.864,
       5459009.105
      ],
      [
       491909.878,
       5459007.017
      ],
      [
       491909.571,
       5459004.736
      ],
      [
       491913.086,
       5459001.418
      ],
      [
       491914.986,
       5459001.601
      ],
      [
       491916.563,
       5459000.38
      ],
      [
       491916.253,
       5458998.274
      ],
      [
       491917.491,
       5458996.701
      ],
      [
       491919.56,
       5458997.06
      ],
      [
       491921.137,
       5458995.839
      ],
      [
       491920.83,
       5458993.558
      ],
      [
       491924.877,
       5458989.541
      ],
      [
       491927.647,
       5458989.376
      ],
      [
       491932.218,
       5458985.011
      ],
      [
       491940.218,
       5458992.584
      ],
      [
       491942.627,
       5458993.295
      ],
      [
       491943.626,
       5458995.579
      ],
      [
       491945.353,
       5458995.762
      ],
      [
       491947.222,
       5458997.698
      ],
      [
       491947.193,
       5458999.452
      ],
      [
       491948.382,
       5459000.684
      ],
      [
       491950.965,
       5459001.396
      ],
      [
       491951.785,
       5459004.03
      ],
      [
       491953.484,
       5459005.791
      ],
      [
       491955.9,
       5459006.151
      ],
      [
       491957.733,
       5459010.192
      ],
      [
       491956.484,
       5459012.467
      ],
      [
       491935.196,
       5459033.6
      ],
      [
       491936.708,
       5459036.237
      ],
      [
       491939.451,
       5459037.651
      ],
      [
       491963.542,
       5459014.424
      ],
      [
       491965.57,
       5459017.239
      ],
      [
       491968.313,
       5459018.653
      ],
      [
       491969.98,
       5459022.342
      ],
      [
       491971.706,
       5459022.525
      ],
      [
       491973.239,
       5459023.934
      ],
      [
       491973.719,
       5459026.216
      ],
      [
       491976.644,
       5459027.104
      ],
      [
       491978.821,
       5459031.322
      ],
      [
       491980.723,
       5459031.33
      ],
      [
       491981.746,
       5459032.211
      ],
      [
       491981.88,
       5459034.491
      ],
      [
       491987.489,
       5459040.301
      ],
      [
       491987.292,
       5459041.703
      ],
      [
       491976.208,
       5459052.706
      ],
      [
       491976.346,
       5459054.811
      ],
      [
       491975.466,
       5459055.685
      ],
      [
       491973.215,
       5459055.851
      ],
      [
       491972.508,
       5459056.725
      ],
      [
       491972.648,
       5459058.655
      ],
      [
       491970.376,
       5459060.048
      ],
      [
       491968.781,
       5459062.322
      ],
      [
       491966.878,
       5459062.314
      ],
      [
       491963.89,
       5459065.108
      ],
      [
       491964.03,
       5459067.037
      ],
      [
       491961.251,
       5459067.728
      ],
      [
       491959.14,
       5459069.824
      ],
      [
       491959.095,
       5459072.454
      ],
      [
       491956.319,
       5459072.969
      ],
      [
       491953.683,
       5459075.413
      ],
      [
       491953.991,
       5459077.694
      ],
      [
       491952.765,
       5459078.566
      ],
      [
       491950.517,
       5459078.557
      ],
      [
       491948.054,
       5459081.002
      ],
      [
       491948.188,
       5459083.283
      ],
      [
       491945.919,
       5459084.501
      ],
      [
       491945.37,
       5459086.253
      ],
      [
       491941.851,
       5459089.746
      ],
      [
       491939.934,
       5459090.615
      ],
      [
       491939.036,
       5459092.54
      ],
      [
       491936.415,
       5459094.108
      ],
      [
       491935.691,
       5459096.034
      ],
      [
       491933.94,
       5459097.255
      ]
     ]
    ]
   },
   "properties": {
    "sheet": "vancouver_1912_MAP342a_04",
    "block_id": "vancouver_1912_MAP342a_04:block:12",
    "block_number": "12",
    "block_number_inferred": false,
    "lot_numbers": [
     "8",
     "10",
     "16",
     "17",
     "18",
     "20"
    ],
    "street_names": [
     "HASTINGS ST. WEST",
     "HOMER ST.",
     "RICHARDS ST."
    ],
    "area_source_px2": 199362,
    "centroid_source_px": [
     1720,
     3201
    ],
    "n_enclosed": 15,
    "compactness": 0.323,
    "streets_through": [],
    "merged_across": null,
    "streets_1895": [
     {
      "label_1895": "HOMER ST.",
      "modern": [
       "HOMER ST"
      ],
      "side": "SE",
      "distance_px": 52,
      "residual_m": 0.01
     },
     {
      "label_1895": "RICHARDS ST.",
      "modern": [
       "RICHARDS ST"
      ],
      "side": "NW",
      "distance_px": 53,
      "residual_m": 0.81
     },
     {
      "label_1895": "HASTINGS ST. WEST",
      "modern": [
       "WEST HASTINGS ST"
      ],
      "side": "W",
      "distance_px": 79,
      "residual_m": 0.19
     }
    ],
    "streets_modern": [
     {
      "name": "WEST CORDOVA ST",
      "distance_m": 6.1,
      "bearing_deg": 7,
      "side": "N",
      "ring_share": 0.3
     },
     {
      "name": "HOMER ST",
      "distance_m": 8.2,
      "bearing_deg": 144,
      "side": "SE",
      "ring_share": 0.24
     },
     {
      "name": "RICHARDS ST",
      "distance_m": 9.9,
      "bearing_deg": 334,
      "side": "NW",
      "ring_share": 0.24
     },
     {
      "name": "WEST HASTINGS ST",
      "distance_m": 10.7,
      "bearing_deg": 203,
      "side": "SW",
      "ring_share": 0.27
     }
    ],
    "nearby_text": [
     "B.C. Electric Ry Co",
     "BANK",
     "Buildings",
     "Mercoritise"
    ],
    "centroid_map": [
     491932.307,
     5459040.779
    ],
    "is_block": true
   }
  },
  {
   "type": "Feature",
   "geometry": {
    "type": "Polygon",
    "coordinates": [
     [
      [
       491964.975,
       5459092.821
      ],
      [
       491964.671,
       5459090.364
      ],
      [
       491967.119,
       5459088.796
      ],
      [
       491969.594,
       5459085.649
      ],
      [
       491971.676,
       5459085.307
      ],
      [
       491972.06,
       5459083.029
      ],
      [
       491974.667,
       5459082.338
      ],
      [
       491975.925,
       5459079.537
      ],
      [
       491978.537,
       5459078.495
      ],
      [
       491978.567,
       5459076.742
      ],
      [
       491986.132,
       5459069.231
      ],
      [
       491988.401,
       5459068.013
      ],
      [
       491990.351,
       5459065.215
      ],
      [
       491992.433,
       5459064.873
      ],
      [
       491995.423,
       5459061.904
      ],
      [
       491995.444,
       5459060.676
      ],
      [
       491997.034,
       5459058.753
      ],
      [
       491999.115,
       5459058.411
      ],
      [
       492001.757,
       5459055.616
      ],
      [
       492001.784,
       5459054.038
      ],
      [
       492003.018,
       5459052.64
      ],
      [
       492005.624,
       5459051.949
      ],
      [
       492009.492,
       5459048.282
      ],
      [
       492062.485,
       5459034.116
      ],
      [
       492065.079,
       5459034.127
      ],
      [
       492066.394,
       5459038.165
      ],
      [
       492068.452,
       5459039.226
      ],
      [
       492068.601,
       5459040.63
      ],
      [
       492067.545,
       5459041.678
      ],
      [
       492068.013,
       5459044.661
      ],
      [
       492070.235,
       5459046.248
      ],
      [
       492069.48,
       5459049.928
      ],
      [
       492072.027,
       5459052.744
      ],
      [
       492071.442,
       5459056.6
      ],
      [
       492072.095,
       5459058.882
      ],
      [
       492074.311,
       5459060.82
      ],
      [
       492073.05,
       5459063.796
      ],
      [
       492071.302,
       5459064.842
      ],
      [
       492070.759,
       5459066.242
      ],
      [
       492065.052,
       5459066.219
      ],
      [
       492063.633,
       5459068.318
      ],
      [
       492062.243,
       5459068.663
      ],
      [
       492060.359,
       5459067.603
      ],
      [
       492057.407,
       5459068.293
      ],
      [
       492055.814,
       5459070.391
      ],
      [
       492052.192,
       5459069.85
      ],
      [
       492013.436,
       5459080.741
      ],
      [
       492012.539,
       5459082.667
      ],
      [
       492007.529,
       5459082.296
      ],
      [
       492005.964,
       5459082.815
      ],
      [
       492004.893,
       5459084.74
      ],
      [
       491998.84,
       5459084.716
      ],
      [
       491997.248,
       5459086.813
      ],
      [
       491991.195,
       5459086.789
      ],
      [
       491989.603,
       5459088.887
      ],
      [
       491986.85,
       5459087.999
      ],
      [
       491981.981,
       5459089.558
      ],
      [
       491980.565,
       5459091.481
      ],
      [
       491977.979,
       5459090.944
      ],
      [
       491975.531,
       5459092.513
      ],
      [
       491973.295,
       5459091.802
      ],
      [
       491972.06,
       5459093.2
      ],
      [
       491969.633,
       5459093.541
      ],
      [
       491967.883,
       5459094.762
      ],
      [
       491966.326,
       5459094.755
      ],
      [
       491964.975,
       5459092.821
      ]
     ]
    ]
   },
   "properties": {
    "sheet": "vancouver_1912_MAP342a_04",
    "block_id": "vancouver_1912_MAP342a_04:block:10",
    "block_number": "10",
    "block_number_inferred": false,
    "lot_numbers": [
     "7",
     "8",
     "9",
     "10",
     "11",
     "12",
     "13",
     "20"
    ],
    "street_names": [],
    "area_source_px2": 95256,
    "centroid_source_px": [
     2261,
     3078
    ],
    "n_enclosed": 7,
    "compactness": 0.453,
    "streets_through": [],
    "merged_across": null,
    "streets_1895": [],
    "streets_modern": [
     {
      "name": "WATER ST",
      "distance_m": 6.8,
      "bearing_deg": 78,
      "side": "E",
      "ring_share": 0.55
     },
     {
      "name": "WEST CORDOVA ST",
      "distance_m": 8.3,
      "bearing_deg": 240,
      "side": "SW",
      "ring_share": 0.41
     },
     {
      "name": "CAMBIE ST",
      "distance_m": 9.2,
      "bearing_deg": 117,
      "side": "SE",
      "ring_share": 0.24
     }
    ],
    "nearby_text": [
     "B.C. Electric Ry Co",
     "BRISBERRY BLACK",
     "Building",
     "Burward",
     "Company",
     "DISTRICT LOT 541",
     "FRI",
     "Hotel",
     "Huckay Smi",
     "LOT SAL",
     "OLD GRANVILLE TOWN",
     "TOMINSITE",
     "TOMNSITE",
     "TOWNISITE"
    ],
    "centroid_map": [
     492025.504,
     5459062.727
    ],
    "is_block": true
   }
  },
  {
   "type": "Feature",
   "geometry": {
    "type": "Polygon",
    "coordinates": [
     [
      [
       492238.761,
       5458900.146
      ],
      [
       492237.303,
       5458894.353
      ],
      [
       492235.94,
       5458893.12
      ],
      [
       492236.492,
       5458891.193
      ],
      [
       492232.419,
       5458876.446
      ],
      [
       492229.705,
       5458873.278
      ],
      [
       492230.785,
       5458870.827
      ],
      [
       492228.656,
       5458863.804
      ],
      [
       492229.201,
       5458862.228
      ],
      [
       492306.342,
       5458841.847
      ],
      [
       492308.107,
       5458839.749
      ],
      [
       492306.407,
       5458837.989
      ],
      [
       492306.261,
       5458836.41
      ],
      [
       492305.06,
       5458835.879
      ],
      [
       492229.819,
       5458856.443
      ],
      [
       492226.008,
       5458856.778
      ],
      [
       492224.475,
       5458855.369
      ],
      [
       492225.722,
       5458853.27
      ],
      [
       492225.089,
       5458849.76
      ],
      [
       492222.689,
       5458848.522
      ],
      [
       492222.549,
       5458846.593
      ],
      [
       492223.613,
       5458845.019
      ],
      [
       492220.894,
       5458842.202
      ],
      [
       492221.493,
       5458837.469
      ],
      [
       492216.102,
       5458818.858
      ],
      [
       492217.701,
       5458816.41
      ],
      [
       492220.465,
       5458816.596
      ],
      [
       492230.019,
       5458814.18
      ],
      [
       492231.25,
       5458812.957
      ],
      [
       492233.841,
       5458813.143
      ],
      [
       492235.583,
       5458812.449
      ],
      [
       492237.172,
       5458810.526
      ],
      [
       492239.403,
       5458811.587
      ],
      [
       492241.675,
       5458810.193
      ],
      [
       492245.662,
       5458809.683
      ],
      [
       492246.556,
       5458807.933
      ],
      [
       492249.484,
       5458808.647
      ],
      [
       492251.05,
       5458808.127
      ],
      [
       492251.938,
       5458806.728
      ],
      [
       492255.042,
       5458807.266
      ],
      [
       492265.819,
       5458804.153
      ],
      [
       492266.71,
       5458802.579
      ],
      [
       492269.48,
       5458802.414
      ],
      [
       492270.888,
       5458801.017
      ],
      [
       492272.444,
       5458801.023
      ],
      [
       492273.807,
       5458802.257
      ],
      [
       492275.546,
       5458801.738
      ],
      [
       492276.619,
       5458799.637
      ],
      [
       492280.236,
       5458800.529
      ],
      [
       492283.883,
       5458799.667
      ],
      [
       492285.818,
       5458797.746
      ],
      [
       492288.23,
       5458798.282
      ],
      [
       492295.351,
       5458796.557
      ],
      [
       492296.773,
       5458794.283
      ],
      [
       492299.871,
       5458795.172
      ],
      [
       492305.612,
       5458793.266
      ],
      [
       492305.295,
       5458791.511
      ],
      [
       492300.715,
       5458786.232
      ],
      [
       492300.623,
       5458781.496
      ],
      [
       492303.957,
       5458778.704
      ],
      [
       492306.912,
       5458777.839
      ],
      [
       492310.881,
       5458778.381
      ],
      [
       492363.179,
       5458764.388
      ],
      [
       492365.213,
       5458766.852
      ],
      [
       492364.297,
       5458769.829
      ],
      [
       492331.467,
       5458778.114
      ],
      [
       492330.76,
       5458778.988
      ],
      [
       492332.296,
       5458780.222
      ],
      [
       492332.239,
       5458783.553
      ],
      [
       492336.706,
       5458785.325
      ],
      [
       492347.48,
       5458782.388
      ],
      [
       492348.717,
       5458780.814
      ],
      [
       492351.648,
       5458781.352
      ],
      [
       492354.275,
       5458779.434
      ],
      [
       492356.688,
       5458779.97
      ],
      [
       492359.816,
       5458779.106
      ],
      [
       492361.047,
       5458777.883
      ],
      [
       492363.984,
       5458778.07
      ],
      [
       492366.602,
       5458776.678
      ],
      [
       492368.326,
       5458777.036
      ],
      [
       492369.903,
       5458775.814
      ],
      [
       492372.148,
       5458775.999
      ],
      [
       492380.835,
       5458773.754
      ],
      [
       492382.549,
       5458774.638
      ],
      [
       492383.208,
       5458776.57
      ],
      [
       492384.914,
       5458777.98
      ],
      [
       492384.863,
       5458780.961
      ],
      [
       492389.956,
       5458786.593
      ],
      [
       492392.553,
       5458786.428
      ],
      [
       492393.91,
       5458788.012
      ],
      [
       492394.539,
       5458791.698
      ],
      [
       492395.392,
       5458792.402
      ],
      [
       492397.989,
       5458792.238
      ],
      [
       492399.349,
       5458793.646
      ],
      [
       492398.952,
       5458796.626
      ],
      [
       492400.658,
       5458798.036
      ],
      [
       492402.05,
       5458797.515
      ],
      [
       492403.759,
       5458798.75
      ],
      [
       492403.174,
       5458802.605
      ],
      [
       492404.698,
       5458804.541
      ],
      [
       492404.999,
       5458807.172
      ],
      [
       492402.175,
       5458810.493
      ],
      [
       492312.878,
       5458833.806
      ],
      [
       492310.084,
       5458835.373
      ],
      [
       492311.45,
       5458836.431
      ],
      [
       492311.065,
       5458838.709
      ],
      [
       492312.598,
       5458840.118
      ],
      [
       492319.372,
       5458838.392
      ],
      [
       492320.965,
       5458836.294
      ],
      [
       492325.974,
       5458836.665
      ],
      [
       492345.261,
       5458831.482
      ],
      [
       492347.202,
       5458829.21
      ],
      [
       492350.3,
       5458830.1
      ],
      [
       492372.885,
       5458824.229
      ],
      [
       492374.999,
       5458821.957
      ],
      [
       492376.382,
       5458821.963
      ],
      [
       492377.402,
       5458823.019
      ],
      [
       492403.29,
       5458816.109
      ],
      [
       492405.175,
       5458817.169
      ],
      [
       492403.556,
       5458820.845
      ],
      [
       492405.255,
       5458822.606
      ],
      [
       492403.657,
       5458825.055
      ],
      [
       492403.633,
       5458826.458
      ],
      [
       492405.342,
       5458827.692
      ],
      [
       492403.714,
       5458831.894
      ],
      [
       492405.249,
       5458833.128
      ],
      [
       492405.032,
       5458835.758
      ],
      [
       492403.794,
       5458837.331
      ],
      [
       492403.857,
       5458843.82
      ],
      [
       492405.524,
       5458847.51
      ],
      [
       492404.104,
       5458849.608
      ],
      [
       492404.176,
       5458855.571
      ],
      [
       492403.469,
       5458856.445
      ],
      [
       492397.911,
       5458857.826
      ],
      [
       492396.679,
       5458859.048
      ],
      [
       492394.61,
       5458858.689
      ],
      [
       492386.085,
       5458861.636
      ],
      [
       492381.925,
       5458862.145
      ],
      [
       492380.685,
       5458863.894
      ],
      [
       492377.757,
       5458863.18
      ],
      [
       492376.349,
       5458864.578
      ],
      [
       492373.934,
       5458864.217
      ],
      [
       492370.096,
       5458866.131
      ],
      [
       492366.983,
       5458866.118
      ],
      [
       492365.579,
       5458867.34
      ],
      [
       492362.642,
       5458867.153
      ],
      [
       492358.452,
       5458869.416
      ],
      [
       492355.515,
       5458869.228
      ],
      [
       492353.067,
       5458870.797
      ],
      [
       492350.652,
       5458870.436
      ],
      [
       492349.569,
       5458873.062
      ],
      [
       492348.186,
       5458873.057
      ],
      [
       492346.653,
       5458871.648
      ],
      [
       492345.058,
       5458873.921
      ],
      [
       492341.784,
       5458873.206
      ],
      [
       492340.886,
       5458875.132
      ],
      [
       492337.791,
       5458874.067
      ],
      [
       492335.534,
       5458874.584
      ],
      [
       492334.472,
       5458875.982
      ],
      [
       492331.016,
       5458875.793
      ],
      [
       492329.764,
       5458878.243
      ],
      [
       492328.38,
       5458878.238
      ],
      [
       492327.19,
       5458877.005
      ],
      [
       492325.628,
       5458877.35
      ],
      [
       492324.548,
       5458879.8
      ],
      [
       492320.764,
       5458878.557
      ],
      [
       492319.515,
       5458880.832
      ],
      [
       492316.42,
       5458879.767
      ],
      [
       492295.392,
       5458885.645
      ],
      [
       492293.794,
       5458888.093
      ],
      [
       492292.41,
       5458888.088
      ],
      [
       492291.047,
       5458886.855
      ],
      [
       492289.479,
       5458887.55
      ],
      [
       492288.93,
       5458889.301
      ],
      [
       492287.374,
       5458889.295
      ],
      [
       492286.184,
       5458888.063
      ],
      [
       492284.961,
       5458888.759
      ],
      [
       492284.416,
       5458890.335
      ],
      [
       492281.839,
       5458889.273
      ],
      [
       492279.901,
       5458891.369
      ],
      [
       492276.8,
       5458890.655
      ],
      [
       492275.202,
       5458893.104
      ],
      [
       492273.645,
       5458893.098
      ],
      [
       492272.283,
       5458891.864
      ],
      [
       492269.996,
       5458894.135
      ],
      [
       492268.606,
       5458894.48
      ],
      [
       492266.552,
       5458893.244
      ],
      [
       492263.424,
       5458894.108
      ],
      [
       492262.192,
       5458895.331
      ],
      [
       492260.123,
       5458894.972
      ],
      [
       492257.168,
       5458895.837
      ],
      [
       492255.936,
       5458897.059
      ],
      [
       492250.217,
       5458897.738
      ],
      [
       492248.98,
       5458899.311
      ],
      [
       492245.872,
       5458898.948
      ],
      [
       492242.035,
       5458900.861
      ],
      [
       492238.761,
       5458900.146
      ]
     ]
    ]
   },
   "properties": {
    "sheet": "vancouver_1912_MAP342a_04",
    "block_id": "vancouver_1912_MAP342a_04:block:3",
    "block_number": "3",
    "block_number_inferred": false,
    "lot_numbers": [
     "2",
     "3",
     "4",
     "6",
     "7",
     "8",
     "9",
     "10",
     "12",
     "14",
     "15",
     "16",
     "1199"
    ],
    "street_names": [
     "CORDOVA ST. WEST",
     "CORDOVA ST.WEST",
     "HASTINGS ST. WEST"
    ],
    "area_source_px2": 496637,
    "centroid_source_px": [
     3905,
     4390
    ],
    "n_enclosed": 31,
    "compactness": 0.18,
    "streets_through": [],
    "merged_across": null,
    "streets_1895": [
     {
      "label_1895": "CORDOVA ST.WEST",
      "modern": [
       "WEST CORDOVA ST"
      ],
      "side": "NW",
      "distance_px": 56,
      "residual_m": 0.81
     },
     {
      "label_1895": "HASTINGS ST. WEST",
      "modern": [
       "WEST HASTINGS ST"
      ],
      "side": "W",
      "distance_px": 60,
      "residual_m": 0.21
     },
     {
      "label_1895": "CORDOVA ST. WEST",
      "modern": [
       "WEST CORDOVA ST"
      ],
      "side": "NW",
      "distance_px": 64,
      "residual_m": 0.33
     }
    ],
    "streets_modern": [
     {
      "name": "WEST HASTINGS ST",
      "distance_m": 1.4,
      "bearing_deg": 144,
      "side": "SE",
      "ring_share": 0.31
     },
     {
      "name": "CARRALL ST",
      "distance_m": 7.6,
      "bearing_deg": 105,
      "side": "E",
      "ring_share": 0.13
     },
     {
      "name": "WEST CORDOVA ST",
      "distance_m": 8.4,
      "bearing_deg": 39,
      "side": "NE",
      "ring_share": 0.34
     },
     {
      "name": "ABBOTT ST",
      "distance_m": 8.7,
      "bearing_deg": 284,
      "side": "W",
      "ring_share": 0.13
     }
    ],
    "nearby_text": [
     "Departmental",
     "Hotel",
     "OFFICIAL",
     "Russ",
     "WALLER BLK",
     "WARDS"
    ],
    "centroid_map": [
     492313.743,
     5458833.81
    ],
    "is_block": true
   }
  },
  {
   "type": "Feature",
   "geometry": {
    "type": "Polygon",
    "coordinates": [
     [
      [
       492230.438,
       5458921.683
      ],
      [
       492229.383,
       5458922.731
      ],
      [
       492228.518,
       5458922.728
      ],
      [
       492226.41,
       5458924.648
      ],
      [
       492226.392,
       5458925.7
      ],
      [
       492225.509,
       5458926.749
      ],
      [
       492224.489,
       5458925.693
      ],
      [
       492223.452,
       5458925.688
      ],
      [
       492222.432,
       5458924.632
      ],
      [
       492221.394,
       5458924.628
      ],
      [
       492218.4,
       5458927.772
      ],
      [
       492217.536,
       5458927.769
      ],
      [
       492216.516,
       5458926.712
      ],
      [
       492214.441,
       5458926.704
      ],
      [
       492212.505,
       5458928.625
      ],
      [
       492211.468,
       5458928.621
      ],
      [
       492210.412,
       5458929.669
      ],
      [
       492209.374,
       5458929.665
      ],
      [
       492208.528,
       5458928.609
      ],
      [
       492207.49,
       5458928.605
      ],
      [
       492206.434,
       5458929.653
      ],
      [
       492205.397,
       5458929.649
      ],
      [
       492203.458,
       5458931.745
      ],
      [
       492202.421,
       5458931.741
      ],
      [
       492201.401,
       5458930.685
      ],
      [
       492200.536,
       5458930.681
      ],
      [
       492198.428,
       5458932.602
      ],
      [
       492197.39,
       5458932.598
      ],
      [
       492196.508,
       5458933.646
      ],
      [
       492193.395,
       5458933.634
      ],
      [
       492192.372,
       5458932.753
      ],
      [
       492191.507,
       5458932.749
      ],
      [
       492189.399,
       5458934.67
      ],
      [
       492188.379,
       5458933.613
      ],
      [
       492187.515,
       5458933.61
      ],
      [
       492186.459,
       5458934.658
      ],
      [
       492186.441,
       5458935.71
      ],
      [
       492185.385,
       5458936.758
      ],
      [
       492184.521,
       5458936.754
      ],
      [
       492183.468,
       5458937.627
      ],
      [
       492180.528,
       5458937.615
      ],
      [
       492179.472,
       5458938.663
      ],
      [
       492177.397,
       5458938.654
      ],
      [
       492176.514,
       5458939.703
      ],
      [
       492175.477,
       5458939.699
      ],
      [
       492174.421,
       5458940.747
      ],
      [
       492172.519,
       5458940.739
      ],
      [
       492171.499,
       5458939.683
      ],
      [
       492169.424,
       5458939.674
      ],
      [
       492168.368,
       5458940.722
      ],
      [
       492165.428,
       5458940.71
      ],
      [
       492164.372,
       5458941.758
      ],
      [
       492162.47,
       5458941.751
      ],
      [
       492161.417,
       5458942.623
      ],
      [
       492158.477,
       5458942.611
      ],
      [
       492157.422,
       5458943.659
      ],
      [
       492155.519,
       5458943.652
      ],
      [
       492154.464,
       5458944.699
      ],
      [
       492151.524,
       5458944.688
      ],
      [
       492150.468,
       5458945.735
      ],
      [
       492148.393,
       5458945.727
      ],
      [
       492147.373,
       5458944.671
      ],
      [
       492146.508,
       5458944.667
      ],
      [
       492145.453,
       5458945.715
      ],
      [
       492145.435,
       5458946.767
      ],
      [
       492144.382,
       5458947.64
      ],
      [
       492143.517,
       5458947.636
      ],
      [
       492142.495,
       5458946.755
      ],
      [
       492141.457,
       5458946.751
      ],
      [
       492139.522,
       5458948.672
      ],
      [
       492138.502,
       5458947.616
      ],
      [
       492136.427,
       5458947.608
      ],
      [
       492134.488,
       5458949.704
      ],
      [
       492133.451,
       5458949.7
      ],
      [
       492132.395,
       5458950.748
      ],
      [
       492131.375,
       5458949.692
      ],
      [
       492130.511,
       5458949.688
      ],
      [
       492128.402,
       5458951.609
      ],
      [
       492127.538,
       5458951.605
      ],
      [
       492126.482,
       5458952.653
      ],
      [
       492124.407,
       5458952.645
      ],
      [
       492123.524,
       5458953.693
      ],
      [
       492121.449,
       5458953.685
      ],
      [
       492120.393,
       5458954.733
      ],
      [
       492118.491,
       5458954.725
      ],
      [
       492117.471,
       5458953.669
      ],
      [
       492116.433,
       5458953.665
      ],
      [
       492115.378,
       5458954.713
      ],
      [
       492114.513,
       5458954.709
      ],
      [
       492113.457,
       5458955.757
      ],
      [
       492111.382,
       5458955.749
      ],
      [
       492110.535,
       5458954.693
      ],
      [
       492108.46,
       5458954.684
      ],
      [
       492108.442,
       5458955.737
      ],
      [
       492106.507,
       5458957.658
      ],
      [
       492105.469,
       5458957.654
      ],
      [
       492104.446,
       5458956.773
      ],
      [
       492102.371,
       5458956.764
      ],
      [
       492101.491,
       5458957.638
      ],
      [
       492101.473,
       5458958.69
      ],
      [
       492100.418,
       5458959.738
      ],
      [
       492098.515,
       5458959.73
      ],
      [
       492097.463,
       5458960.603
      ],
      [
       492094.52,
       5458960.766
      ],
      [
       492093.467,
       5458961.639
      ],
      [
       492089.489,
       5458961.622
      ],
      [
       492088.434,
       5458962.67
      ],
      [
       492085.494,
       5458962.658
      ],
      [
       492084.438,
       5458963.706
      ],
      [
       492082.536,
       5458963.699
      ],
      [
       492071.452,
       5458974.702
      ],
      [
       492071.434,
       5458975.754
      ],
      [
       492072.457,
       5458976.635
      ],
      [
       492072.406,
       5458979.616
      ],
      [
       492073.426,
       5458980.673
      ],
      [
       492073.393,
       5458982.602
      ],
      [
       492074.413,
       5458983.658
      ],
      [
       492074.535,
       5458986.64
      ],
      [
       492075.382,
       5458987.695
      ],
      [
       492075.504,
       5458990.677
      ],
      [
       492076.524,
       5458991.734
      ],
      [
       492076.491,
       5458993.662
      ],
      [
       492077.511,
       5458994.719
      ],
      [
       492077.46,
       5458997.7
      ],
      [
       492078.48,
       5458998.756
      ],
      [
       492078.447,
       5459000.685
      ],
      [
       492079.467,
       5459001.742
      ],
      [
       492079.434,
       5459003.67
      ],
      [
       492081.51,
       5459003.679
      ],
      [
       492082.392,
       5459002.63
      ],
      [
       492085.505,
       5459002.643
      ],
      [
       492086.385,
       5459001.77
      ],
      [
       492088.463,
       5459001.603
      ],
      [
       492089.516,
       5459000.73
      ],
      [
       492092.456,
       5459000.742
      ],
      [
       492093.511,
       5458999.694
      ],
      [
       492095.414,
       5458999.702
      ],
      [
       492096.469,
       5458998.654
      ],
      [
       492099.41,
       5458998.666
      ],
      [
       492100.465,
       5458997.618
      ],
      [
       492103.405,
       5458997.63
      ],
      [
       492104.458,
       5458996.757
      ],
      [
       492106.533,
       5458996.765
      ],
      [
       492107.416,
       5458995.717
      ],
      [
       492110.529,
       5458995.729
      ],
      [
       492111.412,
       5458994.681
      ],
      [
       492113.487,
       5458994.689
      ],
      [
       492114.37,
       5458993.641
      ],
      [
       492117.483,
       5458993.653
      ],
      [
       492118.538,
       5458992.605
      ],
      [
       492120.441,
       5458992.613
      ],
      [
       492121.493,
       5458991.74
      ],
      [
       492124.433,
       5458991.752
      ],
      [
       492125.489,
       5458990.704
      ],
      [
       492128.429,
       5458990.716
      ],
      [
       492129.484,
       5458989.668
      ],
      [
       492131.387,
       5458989.676
      ],
      [
       492132.442,
       5458988.628
      ],
      [
       492135.383,
       5458988.64
      ],
      [
       492136.435,
       5458987.767
      ],
      [
       492138.514,
       5458987.6
      ],
      [
       492139.393,
       5458986.727
      ],
      [
       492142.506,
       5458986.74
      ],
      [
       492143.389,
       5458985.691
      ],
      [
       492145.464,
       5458985.7
      ],
      [
       492146.52,
       5458984.652
      ],
      [
       492149.46,
       5458984.664
      ],
      [
       492150.515,
       5458983.616
      ],
      [
       492153.456,
       5458983.628
      ],
      [
       492154.508,
       5458982.755
      ],
      [
       492156.411,
       5458982.763
      ],
      [
       492157.466,
       5458981.715
      ],
      [
       492160.406,
       5458981.727
      ],
      [
       492161.462,
       5458980.679
      ],
      [
       492163.537,
       5458980.687
      ],
      [
       492164.42,
       5458979.638
      ],
      [
       492167.533,
       5458979.651
      ],
      [
       492168.415,
       5458978.602
      ],
      [
       492170.491,
       5458978.611
      ],
      [
       492171.37,
       5458977.738
      ],
      [
       492174.484,
       5458977.75
      ],
      [
       492175.366,
       5458976.701
      ],
      [
       492178.479,
       5458976.714
      ],
      [
       492179.535,
       5458975.666
      ],
      [
       492181.437,
       5458975.674
      ],
      [
       492182.493,
       5458974.626
      ],
      [
       492185.433,
       5458974.638
      ],
      [
       492186.485,
       5458973.765
      ],
      [
       492188.391,
       5458973.598
      ],
      [
       492189.443,
       5458972.725
      ],
      [
       492192.384,
       5458972.737
      ],
      [
       492193.439,
       5458971.689
      ],
      [
       492195.514,
       5458971.697
      ],
      [
       492196.397,
       5458970.649
      ],
      [
       492199.51,
       5458970.661
      ],
      [
       492200.393,
       5458969.613
      ],
      [
       492203.506,
       5458969.625
      ],
      [
       492204.385,
       5458968.752
      ],
      [
       492206.461,
       5458968.76
      ],
      [
       492207.516,
       5458967.713
      ],
      [
       492210.457,
       5458967.724
      ],
      [
       492211.512,
       5458966.677
      ],
      [
       492213.415,
       5458966.684
      ],
      [
       492214.47,
       5458965.636
      ],
      [
       492217.41,
       5458965.648
      ],
      [
       492218.466,
       5458964.6
      ],
      [
       492220.368,
       5458964.608
      ],
      [
       492221.421,
       5458963.735
      ],
      [
       492224.534,
       5458963.748
      ],
      [
       492225.416,
       5458962.699
      ],
      [
       492228.53,
       5458962.712
      ],
      [
       492229.412,
       5458961.663
      ],
      [
       492231.487,
       5458961.672
      ],
      [
       492232.37,
       5458960.623
      ],
      [
       492235.483,
       5458960.636
      ],
      [
       492234.46,
       5458959.755
      ],
      [
       492234.514,
       5458956.598
      ],
      [
       492233.491,
       5458955.717
      ],
      [
       492233.527,
       5458953.613
      ],
      [
       492232.504,
       5458952.732
      ],
      [
       492232.382,
       5458949.75
      ],
      [
       492231.535,
       5458948.695
      ],
      [
       492231.395,
       5458946.765
      ],
      [
       492230.375,
       5458945.709
      ],
      [
       492230.426,
       5458942.727
      ],
      [
       492229.406,
       5458941.671
      ],
      [
       492229.439,
       5458939.742
      ],
      [
       492228.419,
       5458938.686
      ],
      [
       492228.47,
       5458935.705
      ],
      [
       492227.45,
       5458934.648
      ],
      [
       492227.465,
       5458933.772
      ],
      [
       492228.521,
       5458932.724
      ],
      [
       492229.371,
       5458933.604
      ],
      [
       492230.408,
       5458933.608
      ],
      [
       492231.428,
       5458934.665
      ],
      [
       492232.466,
       5458934.669
      ],
      [
       492233.521,
       5458933.621
      ],
      [
       492234.386,
       5458933.624
      ],
      [
       492235.439,
       5458932.752
      ],
      [
       492236.476,
       5458932.756
      ],
      [
       492237.532,
       5458931.708
      ],
      [
       492237.377,
       5458930.655
      ],
      [
       492238.432,
       5458929.607
      ],
      [
       492238.465,
       5458927.678
      ],
      [
       492237.446,
       5458926.622
      ],
      [
       492237.496,
       5458923.641
      ],
      [
       492236.473,
       5458922.76
      ],
      [
       492235.436,
       5458922.756
      ],
      [
       492234.416,
       5458921.699
      ],
      [
       492230.438,
       5458921.683
      ]
     ]
    ]
   },
   "properties": {
    "sheet": "vancouver_1912_MAP342a_04",
    "block_id": "vancouver_1912_MAP342a_04:block:fid11:part1",
    "lot_numbers": [
     "9",
     "10",
     "11",
     "12",
     "13",
     "14",
     "15",
     "16",
     "157",
     "212"
    ],
    "street_names": [
     "ABBOTT",
     "CAMBIE",
     "CORDOVA ST. WEST",
     "CORDOVA ST.WEST",
     "WATER ST."
    ],
    "area_source_px2": 201032,
    "centroid_source_px": [
     3045,
     3672
    ],
    "n_enclosed": 25,
    "block_number": null,
    "block_number_inferred": true,
    "compactness": 0.358,
    "streets_through": [],
    "merged_across": null,
    "split_from": {
     "block_number": null,
     "cut_along": [
      "TROUNCE ALLEY"
     ],
     "part": 1,
     "of": 2
    },
    "streets_1895": [
     {
      "label_1895": "WATER ST.",
      "modern": [
       "WATER ST"
      ],
      "side": "NE",
      "distance_px": 58,
      "residual_m": 0.34
     },
     {
      "label_1895": "ABBOTT",
      "modern": [
       "ABBOTT ST"
      ],
      "side": "E",
      "distance_px": 60,
      "residual_m": 0.23
     },
     {
      "label_1895": "CAMBIE",
      "modern": [
       "CAMBIE ST"
      ],
      "side": "W",
      "distance_px": 64,
      "residual_m": 0.53
     },
     {
      "label_1895": "CORDOVA ST.WEST",
      "modern": [
       "WEST CORDOVA ST"
      ],
      "side": "SE",
      "distance_px": 124,
      "residual_m": 0.81
     },
     {
      "label_1895": "CORDOVA ST. WEST",
      "modern": [
       "WEST CORDOVA ST"
      ],
      "side": "SE",
      "distance_px": 145,
      "residual_m": 0.33
     }
    ],
    "streets_modern": [
     {
      "name": "ABBOTT ST",
      "distance_m": 1.1,
      "bearing_deg": 110,
      "side": "E",
      "ring_share": 0.2
     },
     {
      "name": "WEST CORDOVA ST",
      "distance_m": 3.2,
      "bearing_deg": 271,
      "side": "W",
      "ring_share": 0.51
     },
     {
      "name": "TROUNCE ALLEY",
      "distance_m": 7.1,
      "bearing_deg": 81,
      "side": "E",
      "ring_share": 0.39
     },
     {
      "name": "CAMBIE ST",
      "distance_m": 10.1,
      "bearing_deg": 281,
      "side": "W",
      "ring_share": 0.08
     }
    ],
    "nearby_text": [
     "DAT.",
     "DISTRICT",
     "DISTRICT LOT 541",
     "FRI",
     "HOTEL",
     "IBIE ST.",
     "LOT SAL",
     "OLD GRANVILLE TOWN",
     "REP.",
     "Ref.",
     "TOMINSITE",
     "TOMNSITE",
     "TOWNISITE",
     "WATER",
     "inol"
    ],
    "centroid_map": [
     492162.866,
     5458959.114
    ],
    "is_block": true
   }
  },
  {
   "type": "Feature",
   "geometry": {
    "type": "Polygon",
    "coordinates": [
     [
      [
       492238.513,
       5458975.73
      ],
      [
       492237.46,
       5458976.602
      ],
      [
       492234.517,
       5458976.766
      ],
      [
       492233.464,
       5458977.638
      ],
      [
       492231.389,
       5458977.63
      ],
      [
       492230.506,
       5458978.679
      ],
      [
       492227.393,
       5458978.666
      ],
      [
       492226.511,
       5458979.715
      ],
      [
       492224.435,
       5458979.706
      ],
      [
       492223.38,
       5458980.754
      ],
      [
       492220.44,
       5458980.742
      ],
      [
       492219.387,
       5458981.615
      ],
      [
       492216.447,
       5458981.603
      ],
      [
       492215.391,
       5458982.651
      ],
      [
       492213.489,
       5458982.643
      ],
      [
       492212.433,
       5458983.691
      ],
      [
       492209.493,
       5458983.679
      ],
      [
       492208.438,
       5458984.727
      ],
      [
       492206.535,
       5458984.719
      ],
      [
       492205.48,
       5458985.767
      ],
      [
       492202.367,
       5458985.755
      ],
      [
       492201.487,
       5458986.628
      ],
      [
       492199.412,
       5458986.62
      ],
      [
       492198.529,
       5458987.668
      ],
      [
       492195.416,
       5458987.656
      ],
      [
       492194.533,
       5458988.704
      ],
      [
       492191.42,
       5458988.692
      ],
      [
       492190.365,
       5458989.74
      ],
      [
       492188.462,
       5458989.732
      ],
      [
       492187.41,
       5458990.605
      ],
      [
       492184.467,
       5458990.768
      ],
      [
       492183.414,
       5458991.641
      ],
      [
       492181.512,
       5458991.633
      ],
      [
       492180.456,
       5458992.681
      ],
      [
       492177.516,
       5458992.669
      ],
      [
       492176.46,
       5458993.717
      ],
      [
       492174.385,
       5458993.708
      ],
      [
       492173.502,
       5458994.757
      ],
      [
       492170.389,
       5458994.744
      ],
      [
       492169.51,
       5458995.618
      ],
      [
       492166.397,
       5458995.605
      ],
      [
       492165.514,
       5458996.654
      ],
      [
       492163.439,
       5458996.645
      ],
      [
       492162.383,
       5458997.693
      ],
      [
       492159.443,
       5458997.681
      ],
      [
       492158.387,
       5458998.729
      ],
      [
       492156.485,
       5458998.722
      ],
      [
       492155.429,
       5458999.77
      ],
      [
       492152.489,
       5458999.758
      ],
      [
       492151.437,
       5459000.63
      ],
      [
       492149.534,
       5459000.622
      ],
      [
       492148.479,
       5459001.67
      ],
      [
       492145.539,
       5459001.659
      ],
      [
       492144.483,
       5459002.706
      ],
      [
       492141.37,
       5459002.694
      ],
      [
       492140.487,
       5459003.742
      ],
      [
       492138.412,
       5459003.734
      ],
      [
       492137.532,
       5459004.607
      ],
      [
       492134.416,
       5459004.77
      ],
      [
       492133.537,
       5459005.643
      ],
      [
       492131.461,
       5459005.635
      ],
      [
       492130.406,
       5459006.683
      ],
      [
       492127.466,
       5459006.671
      ],
      [
       492126.41,
       5459007.719
      ],
      [
       492124.508,
       5459007.711
      ],
      [
       492123.452,
       5459008.759
      ],
      [
       492120.512,
       5459008.747
      ],
      [
       492119.459,
       5459009.62
      ],
      [
       492116.519,
       5459009.608
      ],
      [
       492115.464,
       5459010.656
      ],
      [
       492113.388,
       5459010.647
      ],
      [
       492112.506,
       5459011.696
      ],
      [
       492109.393,
       5459011.684
      ],
      [
       492108.51,
       5459012.732
      ],
      [
       492106.435,
       5459012.724
      ],
      [
       492105.379,
       5459013.772
      ],
      [
       492102.439,
       5459013.76
      ],
      [
       492101.386,
       5459014.632
      ],
      [
       492099.484,
       5459014.625
      ],
      [
       492098.428,
       5459015.673
      ],
      [
       492095.488,
       5459015.661
      ],
      [
       492094.433,
       5459016.709
      ],
      [
       492091.493,
       5459016.697
      ],
      [
       492090.437,
       5459017.745
      ],
      [
       492088.535,
       5459017.737
      ],
      [
       492087.482,
       5459018.61
      ],
      [
       492084.366,
       5459018.772
      ],
      [
       492083.486,
       5459019.646
      ],
      [
       492081.411,
       5459019.637
      ],
      [
       492082.449,
       5459019.641
      ],
      [
       492083.468,
       5459020.698
      ],
      [
       492083.436,
       5459022.627
      ],
      [
       492084.455,
       5459023.683
      ],
      [
       492084.438,
       5459024.735
      ],
      [
       492083.385,
       5459025.608
      ],
      [
       492083.522,
       5459027.713
      ],
      [
       492084.387,
       5459027.716
      ],
      [
       492085.407,
       5459028.773
      ],
      [
       492085.392,
       5459029.649
      ],
      [
       492086.411,
       5459030.706
      ],
      [
       492085.529,
       5459031.754
      ],
      [
       492085.514,
       5459032.631
      ],
      [
       492086.534,
       5459033.687
      ],
      [
       492086.516,
       5459034.74
      ],
      [
       492087.539,
       5459035.621
      ],
      [
       492087.521,
       5459036.673
      ],
      [
       492088.367,
       5459037.728
      ],
      [
       492088.508,
       5459039.658
      ],
      [
       492089.527,
       5459040.714
      ],
      [
       492089.495,
       5459042.643
      ],
      [
       492090.514,
       5459043.7
      ],
      [
       492090.482,
       5459045.629
      ],
      [
       492089.426,
       5459046.677
      ],
      [
       492089.408,
       5459047.729
      ],
      [
       492091.451,
       5459049.666
      ],
      [
       492090.395,
       5459050.714
      ],
      [
       492090.517,
       5459053.696
      ],
      [
       492091.382,
       5459053.699
      ],
      [
       492092.402,
       5459054.756
      ],
      [
       492096.38,
       5459054.772
      ],
      [
       492097.435,
       5459053.724
      ],
      [
       492100.375,
       5459053.736
      ],
      [
       492101.398,
       5459054.617
      ],
      [
       492102.436,
       5459054.621
      ],
      [
       492105.426,
       5459051.652
      ],
      [
       492107.502,
       5459051.66
      ],
      [
       492108.384,
       5459050.612
      ],
      [
       492114.438,
       5459050.636
      ],
      [
       492115.49,
       5459049.763
      ],
      [
       492118.433,
       5459049.6
      ],
      [
       492120.368,
       5459047.679
      ],
      [
       492121.406,
       5459047.683
      ],
      [
       492122.426,
       5459048.739
      ],
      [
       492123.464,
       5459048.744
      ],
      [
       492126.457,
       5459045.599
      ],
      [
       492128.533,
       5459045.607
      ],
      [
       492129.38,
       5459046.663
      ],
      [
       492130.417,
       5459046.667
      ],
      [
       492132.525,
       5459044.747
      ],
      [
       492133.39,
       5459044.75
      ],
      [
       492134.446,
       5459043.702
      ],
      [
       492136.521,
       5459043.711
      ],
      [
       492137.404,
       5459042.662
      ],
      [
       492140.517,
       5459042.675
      ],
      [
       492141.399,
       5459041.626
      ],
      [
       492143.475,
       5459041.635
      ],
      [
       492144.527,
       5459040.762
      ],
      [
       492147.47,
       5459040.598
      ],
      [
       492148.49,
       5459041.655
      ],
      [
       492149.528,
       5459041.659
      ],
      [
       492151.463,
       5459039.738
      ],
      [
       492154.403,
       5459039.75
      ],
      [
       492156.514,
       5459037.654
      ],
      [
       492157.534,
       5459038.71
      ],
      [
       492159.437,
       5459038.718
      ],
      [
       492161.375,
       5459036.621
      ],
      [
       492162.413,
       5459036.626
      ],
      [
       492163.465,
       5459035.753
      ],
      [
       492165.368,
       5459035.761
      ],
      [
       492166.39,
       5459036.642
      ],
      [
       492167.428,
       5459036.646
      ],
      [
       492169.536,
       5459034.725
      ],
      [
       492170.401,
       5459034.729
      ],
      [
       492171.456,
       5459033.681
      ],
      [
       492174.397,
       5459033.693
      ],
      [
       492175.452,
       5459032.645
      ],
      [
       492178.392,
       5459032.657
      ],
      [
       492179.448,
       5459031.609
      ],
      [
       492181.523,
       5459031.617
      ],
      [
       492182.403,
       5459030.744
      ],
      [
       492185.516,
       5459030.757
      ],
      [
       492186.399,
       5459029.708
      ],
      [
       492189.512,
       5459029.721
      ],
      [
       492190.394,
       5459028.672
      ],
      [
       492192.47,
       5459028.68
      ],
      [
       492193.525,
       5459027.632
      ],
      [
       492196.465,
       5459027.644
      ],
      [
       492197.518,
       5459026.772
      ],
      [
       492200.461,
       5459026.608
      ],
      [
       492201.513,
       5459025.736
      ],
      [
       492203.416,
       5459025.743
      ],
      [
       492204.439,
       5459026.624
      ],
      [
       492206.374,
       5459024.703
      ],
      [
       492207.412,
       5459024.707
      ],
      [
       492208.467,
       5459023.659
      ],
      [
       492211.407,
       5459023.671
      ],
      [
       492212.463,
       5459022.623
      ],
      [
       492215.403,
       5459022.635
      ],
      [
       492216.456,
       5459021.763
      ],
      [
       492219.399,
       5459021.599
      ],
      [
       492220.451,
       5459020.727
      ],
      [
       492223.391,
       5459020.739
      ],
      [
       492224.447,
       5459019.691
      ],
      [
       492227.387,
       5459019.703
      ],
      [
       492228.443,
       5459018.655
      ],
      [
       492230.518,
       5459018.663
      ],
      [
       492231.538,
       5459019.719
      ],
      [
       492232.402,
       5459019.723
      ],
      [
       492233.458,
       5459018.675
      ],
      [
       492233.476,
       5459017.623
      ],
      [
       492234.528,
       5459016.75
      ],
      [
       492237.469,
       5459016.762
      ],
      [
       492238.491,
       5459017.643
      ],
      [
       492241.482,
       5459014.674
      ],
      [
       492244.422,
       5459014.686
      ],
      [
       492245.442,
       5459015.742
      ],
      [
       492246.48,
       5459015.746
      ],
      [
       492247.535,
       5459014.698
      ],
      [
       492247.38,
       5459013.646
      ],
      [
       492248.436,
       5459012.598
      ],
      [
       492248.469,
       5459010.669
      ],
      [
       492247.449,
       5459009.612
      ],
      [
       492247.5,
       5459006.631
      ],
      [
       492246.477,
       5459005.75
      ],
      [
       492246.528,
       5459002.769
      ],
      [
       492245.508,
       5459001.713
      ],
      [
       492245.386,
       5458998.731
      ],
      [
       492244.539,
       5458997.675
      ],
      [
       492244.416,
       5458994.694
      ],
      [
       492243.397,
       5458993.637
      ],
      [
       492243.447,
       5458990.656
      ],
      [
       492242.428,
       5458989.6
      ],
      [
       492242.478,
       5458986.619
      ],
      [
       492241.456,
       5458985.738
      ],
      [
       492241.506,
       5458982.757
      ],
      [
       492242.389,
       5458981.708
      ],
      [
       492239.5,
       5458978.715
      ],
      [
       492239.535,
       5458976.611
      ],
      [
       492238.513,
       5458975.73
      ]
     ]
    ]
   },
   "properties": {
    "sheet": "vancouver_1912_MAP342a_04",
    "block_id": "vancouver_1912_MAP342a_04:block:fid11:part2",
    "lot_numbers": [
     "3",
     "4",
     "5",
     "6"
    ],
    "street_names": [
     "ABBOTT",
     "CAMBIE",
     "CORDOVA ST. WEST",
     "CORDOVA ST.WEST",
     "WATER ST."
    ],
    "area_source_px2": 204140,
    "centroid_source_px": [
     3053,
     3343
    ],
    "n_enclosed": 25,
    "block_number": "9",
    "block_number_inferred": true,
    "compactness": 0.393,
    "streets_through": [],
    "merged_across": null,
    "split_from": {
     "block_number": null,
     "cut_along": [
      "TROUNCE ALLEY"
     ],
     "part": 2,
     "of": 2
    },
    "streets_1895": [
     {
      "label_1895": "WATER ST.",
      "modern": [
       "WATER ST"
      ],
      "side": "NE",
      "distance_px": 58,
      "residual_m": 0.34
     },
     {
      "label_1895": "ABBOTT",
      "modern": [
       "ABBOTT ST"
      ],
      "side": "E",
      "distance_px": 60,
      "residual_m": 0.23
     },
     {
      "label_1895": "CAMBIE",
      "modern": [
       "CAMBIE ST"
      ],
      "side": "W",
      "distance_px": 64,
      "residual_m": 0.53
     },
     {
      "label_1895": "CORDOVA ST.WEST",
      "modern": [
       "WEST CORDOVA ST"
      ],
      "side": "SE",
      "distance_px": 124,
      "residual_m": 0.81
     },
     {
      "label_1895": "CORDOVA ST. WEST",
      "modern": [
       "WEST CORDOVA ST"
      ],
      "side": "SE",
      "distance_px": 145,
      "residual_m": 0.33
     }
    ],
    "streets_modern": [
     {
      "name": "WATER ST",
      "distance_m": 7.5,
      "bearing_deg": 86,
      "side": "E",
      "ring_share": 0.42
     },
     {
      "name": "TROUNCE ALLEY",
      "distance_m": 7.5,
      "bearing_deg": 254,
      "side": "W",
      "ring_share": 0.44
     },
     {
      "name": "CAMBIE ST",
      "distance_m": 8.3,
      "bearing_deg": 296,
      "side": "NW",
      "ring_share": 0.17
     },
     {
      "name": "ABBOTT ST",
      "distance_m": 9.3,
      "bearing_deg": 113,
      "side": "SE",
      "ring_share": 0.13
     }
    ],
    "nearby_text": [
     "DAT.",
     "DISTRICT",
     "DISTRICT LOT 541",
     "FRI",
     "HOTEL",
     "IBIE ST.",
     "LOT SAL",
     "OLD GRANVILLE TOWN",
     "REP.",
     "Ref.",
     "TOMINSITE",
     "TOMNSITE",
     "TOWNISITE",
     "WATER",
     "inol"
    ],
    "centroid_map": [
     492163.268,
     5459016.812
    ],
    "is_block": true
   }
  },
  {
   "type": "Feature",
   "geometry": {
    "type": "Polygon",
    "coordinates": [
     [
      [
       492194.413,
       5458822.979
      ],
      [
       492193.357,
       5458824.027
      ],
      [
       492190.417,
       5458824.015
      ],
      [
       492189.361,
       5458825.063
      ],
      [
       492186.421,
       5458825.051
      ],
      [
       492185.369,
       5458825.924
      ],
      [
       492183.466,
       5458825.916
      ],
      [
       492182.411,
       5458826.964
      ],
      [
       492179.47,
       5458826.952
      ],
      [
       492178.415,
       5458828.0
      ],
      [
       492176.34,
       5458827.992
      ],
      [
       492175.457,
       5458829.04
      ],
      [
       492173.382,
       5458829.032
      ],
      [
       492172.329,
       5458829.905
      ],
      [
       492169.386,
       5458830.068
      ],
      [
       492168.333,
       5458830.941
      ],
      [
       492166.431,
       5458830.933
      ],
      [
       492165.408,
       5458830.052
      ],
      [
       492163.333,
       5458830.043
      ],
      [
       492160.342,
       5458833.013
      ],
      [
       492158.44,
       5458833.005
      ],
      [
       492157.384,
       5458834.053
      ],
      [
       492154.444,
       5458834.041
      ],
      [
       492153.391,
       5458834.914
      ],
      [
       492152.354,
       5458834.909
      ],
      [
       492151.331,
       5458834.028
      ],
      [
       492150.466,
       5458834.025
      ],
      [
       492148.358,
       5458835.945
      ],
      [
       492147.335,
       5458835.064
      ],
      [
       492144.395,
       5458835.052
      ],
      [
       492141.404,
       5458838.022
      ],
      [
       492140.367,
       5458838.017
      ],
      [
       492139.347,
       5458836.961
      ],
      [
       492138.309,
       5458836.957
      ],
      [
       492136.371,
       5458839.053
      ],
      [
       492135.333,
       5458839.049
      ],
      [
       492134.454,
       5458839.923
      ],
      [
       492132.378,
       5458839.914
      ],
      [
       492131.355,
       5458839.033
      ],
      [
       492133.467,
       5458836.937
      ],
      [
       492134.331,
       5458836.941
      ],
      [
       492134.346,
       5458836.064
      ],
      [
       492135.402,
       5458835.016
      ],
      [
       492135.42,
       5458833.964
      ],
      [
       492136.475,
       5458832.916
      ],
      [
       492136.368,
       5458829.057
      ],
      [
       492134.328,
       5458826.945
      ],
      [
       492134.343,
       5458826.068
      ],
      [
       492133.324,
       5458825.011
      ],
      [
       492129.346,
       5458824.995
      ],
      [
       492128.463,
       5458826.044
      ],
      [
       492127.425,
       5458826.04
      ],
      [
       492126.373,
       5458826.912
      ],
      [
       492125.335,
       5458826.908
      ],
      [
       492124.453,
       5458827.957
      ],
      [
       492122.377,
       5458827.948
      ],
      [
       492121.322,
       5458828.996
      ],
      [
       492118.382,
       5458828.984
      ],
      [
       492117.326,
       5458830.032
      ],
      [
       492114.386,
       5458830.02
      ],
      [
       492113.33,
       5458831.068
      ],
      [
       492110.39,
       5458831.056
      ],
      [
       492109.338,
       5458831.929
      ],
      [
       492106.397,
       5458831.917
      ],
      [
       492105.342,
       5458832.965
      ],
      [
       492102.402,
       5458832.953
      ],
      [
       492101.346,
       5458834.001
      ],
      [
       492098.406,
       5458833.989
      ],
      [
       492097.351,
       5458835.037
      ],
      [
       492095.448,
       5458835.029
      ],
      [
       492094.396,
       5458835.902
      ],
      [
       492091.452,
       5458836.065
      ],
      [
       492090.4,
       5458836.938
      ],
      [
       492087.46,
       5458836.926
      ],
      [
       492086.404,
       5458837.974
      ],
      [
       492083.464,
       5458837.962
      ],
      [
       492082.409,
       5458839.01
      ],
      [
       492079.468,
       5458838.998
      ],
      [
       492078.413,
       5458840.046
      ],
      [
       492075.473,
       5458840.034
      ],
      [
       492074.42,
       5458840.907
      ],
      [
       492071.304,
       5458841.07
      ],
      [
       492070.424,
       5458841.943
      ],
      [
       492067.311,
       5458841.93
      ],
      [
       492066.429,
       5458842.979
      ],
      [
       492064.353,
       5458842.97
      ],
      [
       492063.471,
       5458844.019
      ],
      [
       492061.395,
       5458844.011
      ],
      [
       492060.34,
       5458845.059
      ],
      [
       492059.302,
       5458845.054
      ],
      [
       492058.423,
       5458845.928
      ],
      [
       492056.347,
       5458845.919
      ],
      [
       492055.465,
       5458846.968
      ],
      [
       492053.389,
       5458846.96
      ],
      [
       492052.334,
       5458848.007
      ],
      [
       492051.469,
       5458848.004
      ],
      [
       492049.361,
       5458849.925
      ],
      [
       492048.323,
       5458849.92
      ],
      [
       492045.329,
       5458853.065
      ],
      [
       492044.464,
       5458853.061
      ],
      [
       492037.427,
       5458860.048
      ],
      [
       492037.394,
       5458861.977
      ],
      [
       492038.414,
       5458863.033
      ],
      [
       492038.364,
       5458866.014
      ],
      [
       492039.383,
       5458867.07
      ],
      [
       492039.35,
       5458868.999
      ],
      [
       492040.37,
       5458870.056
      ],
      [
       492040.32,
       5458873.037
      ],
      [
       492041.342,
       5458873.918
      ],
      [
       492041.465,
       5458876.899
      ],
      [
       492042.311,
       5458877.955
      ],
      [
       492042.434,
       5458880.937
      ],
      [
       492043.453,
       5458881.993
      ],
      [
       492043.403,
       5458884.974
      ],
      [
       492044.422,
       5458886.031
      ],
      [
       492044.39,
       5458887.96
      ],
      [
       492045.409,
       5458889.016
      ],
      [
       492045.359,
       5458891.997
      ],
      [
       492046.378,
       5458893.053
      ],
      [
       492046.346,
       5458894.982
      ],
      [
       492047.365,
       5458896.039
      ],
      [
       492047.333,
       5458897.968
      ],
      [
       492048.352,
       5458899.024
      ],
      [
       492048.302,
       5458902.005
      ],
      [
       492049.321,
       5458903.061
      ],
      [
       492049.462,
       5458904.991
      ],
      [
       492050.308,
       5458906.047
      ],
      [
       492050.431,
       5458909.029
      ],
      [
       492051.453,
       5458909.91
      ],
      [
       492051.418,
       5458912.014
      ],
      [
       492052.437,
       5458913.07
      ],
      [
       492052.387,
       5458916.051
      ],
      [
       492053.409,
       5458916.932
      ],
      [
       492053.374,
       5458919.037
      ],
      [
       492054.396,
       5458919.918
      ],
      [
       492054.361,
       5458922.022
      ],
      [
       492055.383,
       5458922.903
      ],
      [
       492055.33,
       5458926.059
      ],
      [
       492056.352,
       5458926.94
      ],
      [
       492056.317,
       5458929.045
      ],
      [
       492057.339,
       5458929.926
      ],
      [
       492057.444,
       5458933.959
      ],
      [
       492058.464,
       5458935.016
      ],
      [
       492058.413,
       5458937.997
      ],
      [
       492059.433,
       5458939.053
      ],
      [
       492059.367,
       5458942.911
      ],
      [
       492060.387,
       5458943.967
      ],
      [
       492060.336,
       5458946.949
      ],
      [
       492061.356,
       5458948.005
      ],
      [
       492061.323,
       5458949.934
      ],
      [
       492062.343,
       5458950.99
      ],
      [
       492062.31,
       5458952.919
      ],
      [
       492063.33,
       5458953.975
      ],
      [
       492063.47,
       5458955.905
      ],
      [
       492064.317,
       5458956.961
      ],
      [
       492064.454,
       5458959.066
      ],
      [
       492065.304,
       5458959.946
      ],
      [
       492065.441,
       5458962.051
      ],
      [
       492066.306,
       5458962.055
      ],
      [
       492067.361,
       5458961.007
      ],
      [
       492068.399,
       5458961.011
      ],
      [
       492069.454,
       5458959.963
      ],
      [
       492071.357,
       5458959.971
      ],
      [
       492072.377,
       5458961.027
      ],
      [
       492073.432,
       5458959.979
      ],
      [
       492074.47,
       5458959.983
      ],
      [
       492075.352,
       5458958.935
      ],
      [
       492076.39,
       5458958.939
      ],
      [
       492077.443,
       5458958.066
      ],
      [
       492078.307,
       5458958.07
      ],
      [
       492079.363,
       5458957.022
      ],
      [
       492082.303,
       5458957.034
      ],
      [
       492083.359,
       5458955.986
      ],
      [
       492086.472,
       5458955.998
      ],
      [
       492087.354,
       5458954.95
      ],
      [
       492090.467,
       5458954.962
      ],
      [
       492091.35,
       5458953.914
      ],
      [
       492094.463,
       5458953.926
      ],
      [
       492095.343,
       5458953.053
      ],
      [
       492097.418,
       5458953.061
      ],
      [
       492098.474,
       5458952.013
      ],
      [
       492101.414,
       5458952.025
      ],
      [
       492102.469,
       5458950.977
      ],
      [
       492105.409,
       5458950.989
      ],
      [
       492106.465,
       5458949.941
      ],
      [
       492109.405,
       5458949.953
      ],
      [
       492110.461,
       5458948.905
      ],
      [
       492113.401,
       5458948.917
      ],
      [
       492114.453,
       5458948.045
      ],
      [
       492116.356,
       5458948.052
      ],
      [
       492117.411,
       5458947.004
      ],
      [
       492120.351,
       5458947.016
      ],
      [
       492121.407,
       5458945.968
      ],
      [
       492124.347,
       5458945.98
      ],
      [
       492125.403,
       5458944.932
      ],
      [
       492128.343,
       5458944.944
      ],
      [
       492129.395,
       5458944.072
      ],
      [
       492132.339,
       5458943.908
      ],
      [
       492133.391,
       5458943.036
      ],
      [
       492139.444,
       5458943.06
      ],
      [
       492140.327,
       5458942.012
      ],
      [
       492141.365,
       5458942.016
      ],
      [
       492142.42,
       5458940.968
      ],
      [
       492142.349,
       5458935.005
      ],
      [
       492141.329,
       5458933.949
      ],
      [
       492141.344,
       5458933.072
      ],
      [
       492138.457,
       5458929.904
      ],
      [
       492139.337,
       5458929.03
      ],
      [
       492139.355,
       5458927.978
      ],
      [
       492140.41,
       5458926.93
      ],
      [
       492141.448,
       5458926.934
      ],
      [
       492142.328,
       5458926.061
      ],
      [
       492144.37,
       5458927.998
      ],
      [
       492145.426,
       5458926.95
      ],
      [
       492146.464,
       5458926.955
      ],
      [
       492147.346,
       5458925.906
      ],
      [
       492150.459,
       5458925.919
      ],
      [
       492151.339,
       5458925.045
      ],
      [
       492154.452,
       5458925.058
      ],
      [
       492154.47,
       5458924.006
      ],
      [
       492155.353,
       5458922.957
      ],
      [
       492156.372,
       5458924.014
      ],
      [
       492159.312,
       5458924.025
      ],
      [
       492159.33,
       5458922.973
      ],
      [
       492160.386,
       5458921.925
      ],
      [
       492162.461,
       5458921.934
      ],
      [
       492163.308,
       5458922.989
      ],
      [
       492164.346,
       5458922.994
      ],
      [
       492164.364,
       5458921.941
      ],
      [
       492165.416,
       5458921.069
      ],
      [
       492166.454,
       5458921.073
      ],
      [
       492167.337,
       5458920.024
      ],
      [
       492168.359,
       5458920.905
      ],
      [
       492169.397,
       5458920.91
      ],
      [
       492171.437,
       5458923.022
      ],
      [
       492172.301,
       5458923.026
      ],
      [
       492173.357,
       5458921.978
      ],
      [
       492175.432,
       5458921.986
      ],
      [
       492176.315,
       5458920.938
      ],
      [
       492177.353,
       5458920.942
      ],
      [
       492177.403,
       5458917.961
      ],
      [
       492178.459,
       5458916.913
      ],
      [
       492179.324,
       5458916.916
      ],
      [
       492180.376,
       5458916.044
      ],
      [
       492182.452,
       5458916.052
      ],
      [
       492183.474,
       5458916.933
      ],
      [
       492183.316,
       5458916.056
      ],
      [
       492184.372,
       5458915.008
      ],
      [
       492185.41,
       5458915.012
      ],
      [
       492186.465,
       5458913.964
      ],
      [
       492189.405,
       5458913.976
      ],
      [
       492190.425,
       5458915.032
      ],
      [
       492191.463,
       5458915.037
      ],
      [
       492191.308,
       5458913.984
      ],
      [
       492192.363,
       5458912.936
      ],
      [
       492193.401,
       5458912.94
      ],
      [
       492194.453,
       5458912.067
      ],
      [
       492196.323,
       5458914.004
      ],
      [
       492198.398,
       5458914.012
      ],
      [
       492198.416,
       5458912.96
      ],
      [
       492200.352,
       5458911.039
      ],
      [
       492202.427,
       5458911.047
      ],
      [
       492203.45,
       5458911.928
      ],
      [
       492204.314,
       5458911.932
      ],
      [
       492204.329,
       5458911.055
      ],
      [
       492206.441,
       5458908.959
      ],
      [
       492208.307,
       5458911.071
      ],
      [
       492210.385,
       5458910.904
      ],
      [
       492210.4,
       5458910.028
      ],
      [
       492213.391,
       5458907.058
      ],
      [
       492215.434,
       5458908.996
      ],
      [
       492216.471,
       5458909.0
      ],
      [
       492217.354,
       5458907.951
      ],
      [
       492217.372,
       5458906.899
      ],
      [
       492219.307,
       5458904.978
      ],
      [
       492219.325,
       5458903.926
      ],
      [
       492218.302,
       5458903.045
      ],
      [
       492218.338,
       5458900.94
      ],
      [
       492217.315,
       5458900.059
      ],
      [
       492217.351,
       5458897.955
      ],
      [
       492216.331,
       5458896.899
      ],
      [
       492216.382,
       5458893.918
      ],
      [
       492215.359,
       5458893.037
      ],
      [
       492215.395,
       5458890.932
      ],
      [
       492214.372,
       5458890.051
      ],
      [
       492214.408,
       5458887.947
      ],
      [
       492215.464,
       5458886.899
      ],
      [
       492215.306,
       5458886.022
      ],
      [
       492213.439,
       5458883.91
      ],
      [
       492213.454,
       5458883.033
      ],
      [
       492212.434,
       5458881.977
      ],
      [
       492212.467,
       5458880.048
      ],
      [
       492211.447,
       5458878.991
      ],
      [
       492211.307,
       5458877.062
      ],
      [
       492210.46,
       5458876.006
      ],
      [
       492210.338,
       5458873.024
      ],
      [
       492209.318,
       5458871.968
      ],
      [
       492209.351,
       5458870.039
      ],
      [
       492208.331,
       5458868.983
      ],
      [
       492208.349,
       5458867.93
      ],
      [
       492207.312,
       5458867.926
      ],
      [
       492206.429,
       5458868.975
      ],
      [
       492203.316,
       5458868.962
      ],
      [
       492202.433,
       5458870.011
      ],
      [
       492199.32,
       5458869.998
      ],
      [
       492198.438,
       5458871.047
      ],
      [
       492195.325,
       5458871.034
      ],
      [
       492194.445,
       5458871.908
      ],
      [
       492192.37,
       5458871.899
      ],
      [
       492191.314,
       5458872.947
      ],
      [
       492188.374,
       5458872.935
      ],
      [
       492187.318,
       5458873.983
      ],
      [
       492184.378,
       5458873.971
      ],
      [
       492183.323,
       5458875.019
      ],
      [
       492180.383,
       5458875.007
      ],
      [
       492179.327,
       5458876.055
      ],
      [
       492177.425,
       5458876.047
      ],
      [
       492176.372,
       5458876.92
      ],
      [
       492173.432,
       5458876.908
      ],
      [
       492172.376,
       5458877.956
      ],
      [
       492169.436,
       5458877.944
      ],
      [
       492168.381,
       5458878.992
      ],
      [
       492165.44,
       5458878.98
      ],
      [
       492164.385,
       5458880.028
      ],
      [
       492161.445,
       5458880.016
      ],
      [
       492160.389,
       5458881.064
      ],
      [
       492158.314,
       5458881.056
      ],
      [
       492157.434,
       5458881.929
      ],
      [
       492154.321,
       5458881.916
      ],
      [
       492153.439,
       5458882.965
      ],
      [
       492150.325,
       5458882.952
      ],
      [
       492149.443,
       5458884.001
      ],
      [
       492146.33,
       5458883.988
      ],
      [
       492145.447,
       5458885.037
      ],
      [
       492144.41,
       5458885.033
      ],
      [
       492143.39,
       5458883.977
      ],
      [
       492143.408,
       5458882.924
      ],
      [
       492142.385,
       5458882.043
      ],
      [
       492142.403,
       5458880.991
      ],
      [
       492144.338,
       5458879.07
      ],
      [
       492145.379,
       5458878.899
      ],
      [
       492146.431,
       5458878.026
      ],
      [
       492149.371,
       5458878.038
      ],
      [
       492150.427,
       5458876.99
      ],
      [
       492153.367,
       5458877.002
      ],
      [
       492154.423,
       5458875.954
      ],
      [
       492157.363,
       5458875.966
      ],
      [
       492158.418,
       5458874.918
      ],
      [
       492161.358,
       5458874.93
      ],
      [
       492162.411,
       5458874.058
      ],
      [
       492164.313,
       5458874.065
      ],
      [
       492165.369,
       5458873.017
      ],
      [
       492168.309,
       5458873.029
      ],
      [
       492169.365,
       5458871.981
      ],
      [
       492172.305,
       5458871.993
      ],
      [
       492173.36,
       5458870.945
      ],
      [
       492176.473,
       5458870.958
      ],
      [
       492177.356,
       5458869.909
      ],
      [
       492180.469,
       5458869.922
      ],
      [
       492181.349,
       5458869.049
      ],
      [
       492183.424,
       5458869.057
      ],
      [
       492184.307,
       5458868.008
      ],
      [
       492187.42,
       5458868.021
      ],
      [
       492188.302,
       5458866.972
      ],
      [
       492190.378,
       5458866.981
      ],
      [
       492191.433,
       5458865.933
      ],
      [
       492194.373,
       5458865.945
      ],
      [
       492195.426,
       5458865.072
      ],
      [
       492198.369,
       5458864.909
      ],
      [
       492199.422,
       5458864.036
      ],
      [
       492201.324,
       5458864.044
      ],
      [
       492202.38,
       5458862.996
      ],
      [
       492205.32,
       5458863.008
      ],
      [
       492206.375,
       5458861.96
      ],
      [
       492207.413,
       5458861.964
      ],
      [
       492207.446,
       5458860.035
      ],
      [
       492206.426,
       5458858.979
      ],
      [
       492206.322,
       5458854.945
      ],
      [
       492205.472,
       5458854.065
      ],
      [
       492205.353,
       5458850.907
      ],
      [
       492204.33,
       5458850.026
      ],
      [
       492204.366,
       5458847.922
      ],
      [
       492203.343,
       5458847.041
      ],
      [
       492203.394,
       5458844.06
      ],
      [
       492202.374,
       5458843.004
      ],
      [
       492202.41,
       5458840.899
      ],
      [
       492201.387,
       5458840.018
      ],
      [
       492201.438,
       5458837.037
      ],
      [
       492200.418,
       5458835.981
      ],
      [
       492200.469,
       5458833.0
      ],
      [
       492199.449,
       5458831.944
      ],
      [
       492199.309,
       5458830.014
      ],
      [
       492198.462,
       5458828.958
      ],
      [
       492198.34,
       5458825.976
      ],
      [
       492197.32,
       5458824.92
      ],
      [
       492197.335,
       5458824.043
      ],
      [
       492196.315,
       5458822.987
      ],
      [
       492194.413,
       5458822.979
      ]
     ]
    ]
   },
   "properties": {
    "sheet": "vancouver_1912_MAP342a_04",
    "block_id": "vancouver_1912_MAP342a_04:block:4:part1",
    "lot_numbers": [
     "1",
     "2",
     "3",
     "4",
     "5",
     "10",
     "12",
     "13",
     "14",
     "15",
     "16",
     "18",
     "41",
     "79",
     "102",
     "157",
     "187"
    ],
    "street_names": [
     "CAMBIE",
     "HOMER ST."
    ],
    "area_source_px2": 536994,
    "centroid_source_px": [
     2899,
     4091
    ],
    "n_enclosed": 52,
    "block_number": "11",
    "block_number_inferred": true,
    "compactness": 0.351,
    "streets_through": [],
    "merged_across": null,
    "split_from": {
     "block_number": "4",
     "cut_along": [
      "CAMBIE ST"
     ],
     "part": 1,
     "of": 2
    },
    "streets_1895": [
     {
      "label_1895": "HOMER ST.",
      "modern": [
       "HOMER ST"
      ],
      "side": "NW",
      "distance_px": 63,
      "residual_m": 0.01
     },
     {
      "label_1895": "CAMBIE",
      "modern": [
       "CAMBIE ST"
      ],
      "side": "N",
      "distance_px": 157,
      "residual_m": 0.53
     }
    ],
    "streets_modern": [
     {
      "name": "WEST CORDOVA ST",
      "distance_m": 0.1,
      "bearing_deg": 339,
      "side": "N",
      "ring_share": 0.31
     },
     {
      "name": "WEST HASTINGS ST",
      "distance_m": 2.5,
      "bearing_deg": 257,
      "side": "W",
      "ring_share": 0.29
     },
     {
      "name": "CAMBIE ST",
      "distance_m": 7.9,
      "bearing_deg": 307,
      "side": "NW",
      "ring_share": 0.16
     },
     {
      "name": "ABBOTT ST",
      "distance_m": 9.3,
      "bearing_deg": 117,
      "side": "SE",
      "ring_share": 0.16
     }
    ],
    "nearby_text": [
     "BLM.",
     "BRISBERRY BLACK",
     "Building",
     "Burward",
     "Cordova.",
     "Dominion",
     "Homer",
     "Hotel",
     "Hotel.",
     "IBIE ST.",
     "Jones Building",
     "MAHON BLK",
     "Nagle",
     "OFFICIAL",
     "Theatre",
     "Trusts Bldg.",
     "WARDS"
    ],
    "centroid_map": [
     492138.866,
     5458885.537
    ],
    "is_block": true
   }
  },
  {
   "type": "Feature",
   "geometry": {
    "type": "Polygon",
    "coordinates": [
     [
      [
       492023.389,
       5458871.916
      ],
      [
       492023.371,
       5458872.968
      ],
      [
       492021.433,
       5458875.065
      ],
      [
       492021.418,
       5458875.941
      ],
      [
       491934.323,
       5458962.923
      ],
      [
       491932.421,
       5458962.915
      ],
      [
       491931.398,
       5458962.034
      ],
      [
       491929.323,
       5458962.026
      ],
      [
       491928.443,
       5458962.899
      ],
      [
       491927.402,
       5458963.07
      ],
      [
       491925.467,
       5458964.991
      ],
      [
       491925.449,
       5458966.043
      ],
      [
       491924.397,
       5458966.916
      ],
      [
       491924.361,
       5458969.02
      ],
      [
       491925.384,
       5458969.901
      ],
      [
       491925.348,
       5458972.006
      ],
      [
       491926.368,
       5458973.062
      ],
      [
       491927.405,
       5458973.066
      ],
      [
       491929.448,
       5458975.003
      ],
      [
       491930.313,
       5458975.007
      ],
      [
       491931.368,
       5458973.959
      ],
      [
       491933.444,
       5458973.967
      ],
      [
       491934.326,
       5458972.919
      ],
      [
       491935.364,
       5458972.923
      ],
      [
       491937.472,
       5458971.002
      ],
      [
       491937.35,
       5458968.021
      ],
      [
       491998.404,
       5458907.064
      ],
      [
       491999.441,
       5458907.068
      ],
      [
       492001.311,
       5458909.005
      ],
      [
       492001.466,
       5458910.058
      ],
      [
       492003.335,
       5458911.994
      ],
      [
       492001.4,
       5458913.916
      ],
      [
       492001.364,
       5458916.02
      ],
      [
       492000.309,
       5458917.068
      ],
      [
       491999.444,
       5458917.064
      ],
      [
       491998.392,
       5458917.937
      ],
      [
       491997.354,
       5458917.933
      ],
      [
       491996.471,
       5458918.981
      ],
      [
       491995.434,
       5458918.977
      ],
      [
       491995.416,
       5458920.029
      ],
      [
       491994.363,
       5458920.902
      ],
      [
       491994.345,
       5458921.954
      ],
      [
       491993.462,
       5458923.003
      ],
      [
       491992.425,
       5458922.998
      ],
      [
       491990.317,
       5458924.919
      ],
      [
       491990.472,
       5458925.972
      ],
      [
       491988.361,
       5458928.068
      ],
      [
       491986.458,
       5458928.06
      ],
      [
       491986.425,
       5458929.989
      ],
      [
       491985.37,
       5458931.037
      ],
      [
       491983.467,
       5458931.029
      ],
      [
       491983.434,
       5458932.958
      ],
      [
       491981.323,
       5458935.054
      ],
      [
       491980.459,
       5458935.05
      ],
      [
       491979.406,
       5458935.923
      ],
      [
       491979.37,
       5458938.027
      ],
      [
       491977.435,
       5458939.949
      ],
      [
       491974.322,
       5458939.936
      ],
      [
       491973.439,
       5458940.985
      ],
      [
       491973.421,
       5458942.037
      ],
      [
       491974.444,
       5458942.918
      ],
      [
       491973.389,
       5458943.966
      ],
      [
       491972.351,
       5458943.961
      ],
      [
       491971.468,
       5458945.01
      ],
      [
       491969.393,
       5458945.002
      ],
      [
       491969.375,
       5458946.054
      ],
      [
       491967.44,
       5458947.975
      ],
      [
       491965.364,
       5458947.967
      ],
      [
       491964.345,
       5458946.91
      ],
      [
       491963.307,
       5458946.906
      ],
      [
       491961.369,
       5458949.003
      ],
      [
       491961.351,
       5458950.055
      ],
      [
       491960.471,
       5458950.928
      ],
      [
       491960.453,
       5458951.98
      ],
      [
       491962.323,
       5458953.917
      ],
      [
       491960.385,
       5458956.013
      ],
      [
       491958.309,
       5458956.005
      ],
      [
       491957.427,
       5458957.054
      ],
      [
       491957.394,
       5458958.983
      ],
      [
       491955.459,
       5458960.904
      ],
      [
       491954.421,
       5458960.9
      ],
      [
       491953.365,
       5458961.948
      ],
      [
       491952.328,
       5458961.943
      ],
      [
       491951.445,
       5458962.992
      ],
      [
       491951.412,
       5458964.921
      ],
      [
       491950.357,
       5458965.969
      ],
      [
       491948.454,
       5458965.961
      ],
      [
       491947.399,
       5458967.009
      ],
      [
       491947.366,
       5458968.938
      ],
      [
       491946.31,
       5458969.986
      ],
      [
       491946.465,
       5458971.039
      ],
      [
       491950.377,
       5458974.913
      ],
      [
       491951.415,
       5458974.917
      ],
      [
       491955.324,
       5458978.966
      ],
      [
       491955.447,
       5458981.948
      ],
      [
       491956.466,
       5458983.005
      ],
      [
       491960.444,
       5458983.021
      ],
      [
       491970.472,
       5458973.065
      ],
      [
       491976.424,
       5458979.052
      ],
      [
       491977.461,
       5458979.056
      ],
      [
       491983.413,
       5458985.043
      ],
      [
       492000.308,
       5458967.925
      ],
      [
       492001.346,
       5458967.929
      ],
      [
       492005.428,
       5458971.979
      ],
      [
       491977.452,
       5458999.925
      ],
      [
       491977.434,
       5459000.977
      ],
      [
       492002.434,
       5459025.981
      ],
      [
       492005.374,
       5459025.993
      ],
      [
       492006.43,
       5459024.945
      ],
      [
       492006.462,
       5459023.016
      ],
      [
       492008.401,
       5459020.92
      ],
      [
       492008.416,
       5459020.043
      ],
      [
       492011.406,
       5459017.074
      ],
      [
       492014.349,
       5459016.91
      ],
      [
       492014.4,
       5459013.929
      ],
      [
       492016.335,
       5459012.008
      ],
      [
       492019.448,
       5459012.02
      ],
      [
       492019.466,
       5459010.968
      ],
      [
       492020.349,
       5459009.92
      ],
      [
       492020.364,
       5459009.043
      ],
      [
       492025.466,
       5459003.978
      ],
      [
       492027.368,
       5459003.986
      ],
      [
       492028.424,
       5459002.938
      ],
      [
       492028.457,
       5459001.009
      ],
      [
       492030.395,
       5458998.912
      ],
      [
       492032.47,
       5458998.921
      ],
      [
       492032.312,
       5458998.043
      ],
      [
       492034.423,
       5458995.947
      ],
      [
       492035.461,
       5458995.951
      ],
      [
       492035.321,
       5458994.022
      ],
      [
       492036.377,
       5458992.974
      ],
      [
       492038.452,
       5458992.982
      ],
      [
       492039.335,
       5458991.934
      ],
      [
       492039.367,
       5458990.005
      ],
      [
       492041.306,
       5458987.908
      ],
      [
       492043.381,
       5458987.916
      ],
      [
       492044.433,
       5458987.044
      ],
      [
       492044.469,
       5458984.94
      ],
      [
       492045.349,
       5458984.066
      ],
      [
       492047.427,
       5458983.899
      ],
      [
       492048.307,
       5458983.026
      ],
      [
       492048.325,
       5458981.974
      ],
      [
       492050.433,
       5458980.053
      ],
      [
       492051.471,
       5458980.058
      ],
      [
       492051.334,
       5458977.953
      ],
      [
       492050.311,
       5458977.072
      ],
      [
       492050.364,
       5458973.915
      ],
      [
       492049.342,
       5458973.034
      ],
      [
       492049.378,
       5458970.93
      ],
      [
       492048.355,
       5458970.049
      ],
      [
       492048.405,
       5458967.068
      ],
      [
       492047.386,
       5458966.011
      ],
      [
       492047.436,
       5458963.03
      ],
      [
       492046.417,
       5458961.974
      ],
      [
       492047.472,
       5458960.926
      ],
      [
       492048.337,
       5458960.93
      ],
      [
       492048.37,
       5458959.001
      ],
      [
       492047.35,
       5458957.944
      ],
      [
       492047.383,
       5458956.015
      ],
      [
       492046.363,
       5458954.959
      ],
      [
       492046.396,
       5458953.03
      ],
      [
       492045.376,
       5458951.974
      ],
      [
       492045.409,
       5458950.045
      ],
      [
       492044.389,
       5458948.988
      ],
      [
       492044.422,
       5458947.059
      ],
      [
       492043.402,
       5458946.003
      ],
      [
       492043.471,
       5458941.97
      ],
      [
       492042.451,
       5458940.914
      ],
      [
       492042.329,
       5458937.932
      ],
      [
       492041.306,
       5458937.051
      ],
      [
       492041.375,
       5458933.017
      ],
      [
       492040.355,
       5458931.961
      ],
      [
       492040.406,
       5458928.98
      ],
      [
       492039.386,
       5458927.924
      ],
      [
       492039.436,
       5458924.943
      ],
      [
       492038.414,
       5458924.062
      ],
      [
       492038.45,
       5458921.957
      ],
      [
       492037.43,
       5458920.901
      ],
      [
       492037.463,
       5458918.972
      ],
      [
       492036.443,
       5458917.916
      ],
      [
       492036.321,
       5458914.934
      ],
      [
       492035.471,
       5458914.054
      ],
      [
       492035.334,
       5458911.949
      ],
      [
       492034.311,
       5458911.068
      ],
      [
       492034.365,
       5458907.911
      ],
      [
       492033.342,
       5458907.03
      ],
      [
       492033.378,
       5458904.926
      ],
      [
       492032.355,
       5458904.045
      ],
      [
       492032.391,
       5458901.941
      ],
      [
       492031.368,
       5458901.06
      ],
      [
       492031.422,
       5458897.903
      ],
      [
       492030.399,
       5458897.022
      ],
      [
       492030.435,
       5458894.918
      ],
      [
       492029.412,
       5458894.037
      ],
      [
       492029.463,
       5458891.056
      ],
      [
       492028.443,
       5458889.999
      ],
      [
       492028.303,
       5458888.07
      ],
      [
       492027.456,
       5458887.014
      ],
      [
       492027.334,
       5458884.032
      ],
      [
       492026.314,
       5458882.976
      ],
      [
       492026.347,
       5458881.047
      ],
      [
       492025.327,
       5458879.991
      ],
      [
       492025.378,
       5458877.01
      ],
      [
       492024.358,
       5458875.953
      ],
      [
       492024.408,
       5458872.972
      ],
      [
       492023.389,
       5458871.916
      ]
     ]
    ]
   },
   "properties": {
    "sheet": "vancouver_1912_MAP342a_04",
    "block_id": "vancouver_1912_MAP342a_04:block:4:part2",
    "lot_numbers": [
     "3",
     "4",
     "5",
     "6",
     "7",
     "8",
     "9",
     "10",
     "12",
     "13",
     "14",
     "15",
     "16",
     "17",
     "18",
     "19",
     "20",
     "21",
     "22",
     "23",
     "24",
     "25",
     "210"
    ],
    "street_names": [
     "CAMBIE",
     "HOMER ST."
    ],
    "area_source_px2": 267438,
    "centroid_source_px": [
     2103,
     3709
    ],
    "n_enclosed": 52,
    "block_number": null,
    "block_number_inferred": true,
    "compactness": 0.198,
    "streets_through": [],
    "merged_across": null,
    "split_from": {
     "block_number": "4",
     "cut_along": [
      "CAMBIE ST"
     ],
     "part": 2,
     "of": 2
    },
    "streets_1895": [
     {
      "label_1895": "HOMER ST.",
      "modern": [
       "HOMER ST"
      ],
      "side": "NW",
      "distance_px": 63,
      "residual_m": 0.01
     },
     {
      "label_1895": "CAMBIE",
      "modern": [
       "CAMBIE ST"
      ],
      "side": "N",
      "distance_px": 157,
      "residual_m": 0.53
     }
    ],
    "streets_modern": [
     {
      "name": "WEST HASTINGS ST",
      "distance_m": 0.2,
      "bearing_deg": 286,
      "side": "W",
      "ring_share": 0.5
     },
     {
      "name": "HOMER ST",
      "distance_m": 0.5,
      "bearing_deg": 287,
      "side": "W",
      "ring_share": 0.19
     },
     {
      "name": "CAMBIE ST",
      "distance_m": 7.1,
      "bearing_deg": 122,
      "side": "SE",
      "ring_share": 0.34
     },
     {
      "name": "WEST CORDOVA ST",
      "distance_m": 7.4,
      "bearing_deg": 56,
      "side": "NE",
      "ring_share": 0.21
     }
    ],
    "nearby_text": [
     "BLM.",
     "BRISBERRY BLACK",
     "Building",
     "Burward",
     "Cordova.",
     "Dominion",
     "Homer",
     "Hotel",
     "Hotel.",
     "IBIE ST.",
     "Jones Building",
     "MAHON BLK",
     "Nagle",
     "OFFICIAL",
     "Theatre",
     "Trusts Bldg.",
     "WARDS"
    ],
    "centroid_map": [
     492000.061,
     5458951.965
    ],
    "is_block": true
   }
  },
  {
   "type": "Feature",
   "geometry": {
    "type": "Polygon",
    "coordinates": [
     [
      [
       492394.798,
       5458878.156
      ],
      [
       492392.862,
       5458880.077
      ],
      [
       492391.825,
       5458880.073
      ],
      [
       492390.769,
       5458881.121
      ],
      [
       492389.919,
       5458880.241
      ],
      [
       492388.882,
       5458880.236
      ],
      [
       492387.829,
       5458881.109
      ],
      [
       492385.927,
       5458881.101
      ],
      [
       492384.871,
       5458882.149
      ],
      [
       492382.796,
       5458882.141
      ],
      [
       492381.913,
       5458883.189
      ],
      [
       492380.875,
       5458883.185
      ],
      [
       492379.82,
       5458884.233
      ],
      [
       492377.917,
       5458884.226
      ],
      [
       492376.865,
       5458885.098
      ],
      [
       492372.887,
       5458885.082
      ],
      [
       492371.831,
       5458886.13
      ],
      [
       492364.914,
       5458886.102
      ],
      [
       492362.802,
       5458888.198
      ],
      [
       492361.783,
       5458887.141
      ],
      [
       492360.918,
       5458887.138
      ],
      [
       492359.862,
       5458888.186
      ],
      [
       492356.922,
       5458888.174
      ],
      [
       492354.814,
       5458890.094
      ],
      [
       492351.874,
       5458890.083
      ],
      [
       492349.763,
       5458892.178
      ],
      [
       492348.916,
       5458891.123
      ],
      [
       492347.878,
       5458891.119
      ],
      [
       492345.767,
       5458893.214
      ],
      [
       492344.92,
       5458892.159
      ],
      [
       492343.883,
       5458892.155
      ],
      [
       492341.774,
       5458894.075
      ],
      [
       492339.872,
       5458894.067
      ],
      [
       492338.816,
       5458895.115
      ],
      [
       492335.876,
       5458895.103
      ],
      [
       492334.821,
       5458896.151
      ],
      [
       492330.843,
       5458896.135
      ],
      [
       492329.787,
       5458897.183
      ],
      [
       492325.81,
       5458897.167
      ],
      [
       492323.874,
       5458899.088
      ],
      [
       492319.897,
       5458899.072
      ],
      [
       492318.841,
       5458900.12
      ],
      [
       492314.863,
       5458900.104
      ],
      [
       492312.925,
       5458902.201
      ],
      [
       492308.774,
       5458902.184
      ],
      [
       492306.839,
       5458904.105
      ],
      [
       492305.801,
       5458904.101
      ],
      [
       492304.779,
       5458903.22
      ],
      [
       492303.914,
       5458903.216
      ],
      [
       492302.861,
       5458904.089
      ],
      [
       492298.884,
       5458904.073
      ],
      [
       492297.828,
       5458905.121
      ],
      [
       492293.85,
       5458905.105
      ],
      [
       492291.912,
       5458907.201
      ],
      [
       492290.874,
       5458907.197
      ],
      [
       492289.822,
       5458908.07
      ],
      [
       492284.803,
       5458908.225
      ],
      [
       492282.868,
       5458910.146
      ],
      [
       492279.928,
       5458910.134
      ],
      [
       492278.872,
       5458911.182
      ],
      [
       492275.932,
       5458911.17
      ],
      [
       492274.877,
       5458912.218
      ],
      [
       492272.801,
       5458912.209
      ],
      [
       492271.922,
       5458913.083
      ],
      [
       492270.884,
       5458913.079
      ],
      [
       492269.828,
       5458914.126
      ],
      [
       492268.791,
       5458914.122
      ],
      [
       492267.768,
       5458913.241
      ],
      [
       492266.903,
       5458913.238
      ],
      [
       492264.795,
       5458915.158
      ],
      [
       492260.817,
       5458915.142
      ],
      [
       492258.879,
       5458917.239
      ],
      [
       492257.841,
       5458917.235
      ],
      [
       492256.822,
       5458916.178
      ],
      [
       492254.919,
       5458916.171
      ],
      [
       492252.811,
       5458918.091
      ],
      [
       492250.909,
       5458918.083
      ],
      [
       492249.886,
       5458917.202
      ],
      [
       492247.81,
       5458917.194
      ],
      [
       492246.928,
       5458918.243
      ],
      [
       492246.913,
       5458919.119
      ],
      [
       492244.802,
       5458921.215
      ],
      [
       492244.924,
       5458924.197
      ],
      [
       492245.774,
       5458925.077
      ],
      [
       492245.893,
       5458928.234
      ],
      [
       492246.916,
       5458929.115
      ],
      [
       492246.865,
       5458932.097
      ],
      [
       492247.885,
       5458933.153
      ],
      [
       492247.852,
       5458935.082
      ],
      [
       492248.89,
       5458935.086
      ],
      [
       492249.91,
       5458936.142
      ],
      [
       492249.892,
       5458937.195
      ],
      [
       492248.839,
       5458938.067
      ],
      [
       492247.798,
       5458938.238
      ],
      [
       492246.779,
       5458937.182
      ],
      [
       492245.914,
       5458937.178
      ],
      [
       492244.894,
       5458936.122
      ],
      [
       492241.781,
       5458936.109
      ],
      [
       492240.898,
       5458937.158
      ],
      [
       492238.823,
       5458937.15
      ],
      [
       492237.767,
       5458938.198
      ],
      [
       492237.925,
       5458939.075
      ],
      [
       492236.87,
       5458940.123
      ],
      [
       492236.819,
       5458943.104
      ],
      [
       492237.839,
       5458944.16
      ],
      [
       492237.806,
       5458946.089
      ],
      [
       492239.846,
       5458948.202
      ],
      [
       492240.883,
       5458948.206
      ],
      [
       492241.906,
       5458949.087
      ],
      [
       492243.809,
       5458949.095
      ],
      [
       492244.861,
       5458948.222
      ],
      [
       492245.899,
       5458948.227
      ],
      [
       492246.781,
       5458947.178
      ],
      [
       492247.819,
       5458947.182
      ],
      [
       492248.875,
       5458946.134
      ],
      [
       492249.895,
       5458947.191
      ],
      [
       492249.88,
       5458948.067
      ],
      [
       492250.917,
       5458948.072
      ],
      [
       492251.764,
       5458949.127
      ],
      [
       492251.919,
       5458950.18
      ],
      [
       492250.864,
       5458951.228
      ],
      [
       492250.813,
       5458954.209
      ],
      [
       492251.836,
       5458955.09
      ],
      [
       492251.818,
       5458956.142
      ],
      [
       492252.855,
       5458956.146
      ],
      [
       492253.911,
       5458955.099
      ],
      [
       492256.851,
       5458955.11
      ],
      [
       492257.904,
       5458954.238
      ],
      [
       492259.809,
       5458954.07
      ],
      [
       492260.862,
       5458953.198
      ],
      [
       492263.802,
       5458953.21
      ],
      [
       492264.857,
       5458952.162
      ],
      [
       492266.933,
       5458952.17
      ],
      [
       492267.815,
       5458951.121
      ],
      [
       492270.928,
       5458951.134
      ],
      [
       492271.811,
       5458950.085
      ],
      [
       492273.886,
       5458950.094
      ],
      [
       492274.766,
       5458949.22
      ],
      [
       492277.879,
       5458949.233
      ],
      [
       492278.935,
       5458948.185
      ],
      [
       492280.837,
       5458948.193
      ],
      [
       492281.893,
       5458947.145
      ],
      [
       492284.833,
       5458947.157
      ],
      [
       492285.888,
       5458946.109
      ],
      [
       492287.791,
       5458946.117
      ],
      [
       492288.846,
       5458945.069
      ],
      [
       492291.786,
       5458945.081
      ],
      [
       492292.839,
       5458944.208
      ],
      [
       492294.914,
       5458944.216
      ],
      [
       492295.797,
       5458943.168
      ],
      [
       492298.91,
       5458943.18
      ],
      [
       492299.793,
       5458942.132
      ],
      [
       492302.906,
       5458942.144
      ],
      [
       492303.788,
       5458941.096
      ],
      [
       492305.864,
       5458941.104
      ],
      [
       492306.916,
       5458940.232
      ],
      [
       492309.859,
       5458940.068
      ],
      [
       492310.912,
       5458939.196
      ],
      [
       492312.814,
       5458939.203
      ],
      [
       492313.87,
       5458938.155
      ],
      [
       492316.81,
       5458938.167
      ],
      [
       492317.866,
       5458937.119
      ],
      [
       492319.768,
       5458937.127
      ],
      [
       492320.824,
       5458936.079
      ],
      [
       492323.764,
       5458936.091
      ],
      [
       492324.816,
       5458935.218
      ],
      [
       492326.892,
       5458935.227
      ],
      [
       492327.774,
       5458934.178
      ],
      [
       492329.85,
       5458934.187
      ],
      [
       492330.905,
       5458933.139
      ],
      [
       492333.845,
       5458933.15
      ],
      [
       492334.901,
       5458932.103
      ],
      [
       492336.803,
       5458932.11
      ],
      [
       492337.856,
       5458931.238
      ],
      [
       492339.934,
       5458931.071
      ],
      [
       492340.814,
       5458930.197
      ],
      [
       492342.889,
       5458930.206
      ],
      [
       492343.772,
       5458929.157
      ],
      [
       492345.847,
       5458929.166
      ],
      [
       492346.903,
       5458928.118
      ],
      [
       492349.843,
       5458928.13
      ],
      [
       492350.899,
       5458927.082
      ],
      [
       492352.801,
       5458927.089
      ],
      [
       492353.854,
       5458926.217
      ],
      [
       492355.929,
       5458926.225
      ],
      [
       492356.812,
       5458925.177
      ],
      [
       492359.925,
       5458925.189
      ],
      [
       492360.807,
       5458924.141
      ],
      [
       492362.883,
       5458924.149
      ],
      [
       492363.765,
       5458923.1
      ],
      [
       492365.841,
       5458923.109
      ],
      [
       492366.893,
       5458922.236
      ],
      [
       492369.836,
       5458922.073
      ],
      [
       492370.889,
       5458921.2
      ],
      [
       492372.791,
       5458921.208
      ],
      [
       492373.847,
       5458920.16
      ],
      [
       492376.787,
       5458920.172
      ],
      [
       492377.843,
       5458919.124
      ],
      [
       492378.862,
       5458920.18
      ],
      [
       492379.918,
       5458919.132
      ],
      [
       492381.82,
       5458919.14
      ],
      [
       492382.876,
       5458918.092
      ],
      [
       492384.778,
       5458918.1
      ],
      [
       492385.831,
       5458917.227
      ],
      [
       492388.771,
       5458917.239
      ],
      [
       492389.827,
       5458916.191
      ],
      [
       492391.902,
       5458916.2
      ],
      [
       492392.785,
       5458915.151
      ],
      [
       492394.86,
       5458915.159
      ],
      [
       492395.915,
       5458914.111
      ],
      [
       492397.818,
       5458914.119
      ],
      [
       492398.873,
       5458913.071
      ],
      [
       492401.814,
       5458913.083
      ],
      [
       492402.866,
       5458912.21
      ],
      [
       492404.769,
       5458912.218
      ],
      [
       492404.786,
       5458911.166
      ],
      [
       492405.842,
       5458910.118
      ],
      [
       492405.857,
       5458909.241
      ],
      [
       492406.913,
       5458908.193
      ],
      [
       492406.93,
       5458907.141
      ],
      [
       492404.888,
       5458905.204
      ],
      [
       492405.771,
       5458904.155
      ],
      [
       492405.821,
       5458901.174
      ],
      [
       492404.801,
       5458900.118
      ],
      [
       492404.852,
       5458897.137
      ],
      [
       492405.908,
       5458896.089
      ],
      [
       492405.768,
       5458894.159
      ],
      [
       492404.921,
       5458893.103
      ],
      [
       492404.763,
       5458892.226
      ],
      [
       492403.916,
       5458891.17
      ],
      [
       492403.794,
       5458888.189
      ],
      [
       492404.849,
       5458887.141
      ],
      [
       492404.882,
       5458885.212
      ],
      [
       492403.844,
       5458885.207
      ],
      [
       492401.805,
       5458883.095
      ],
      [
       492401.82,
       5458882.218
      ],
      [
       492400.8,
       5458881.162
      ],
      [
       492400.833,
       5458879.233
      ],
      [
       492399.813,
       5458878.176
      ],
      [
       492398.775,
       5458878.172
      ],
      [
       492397.893,
       5458879.221
      ],
      [
       492396.855,
       5458879.217
      ],
      [
       492395.835,
       5458878.16
      ],
      [
       492394.798,
       5458878.156
      ]
     ]
    ]
   },
   "properties": {
    "sheet": "vancouver_1912_MAP342a_04",
    "block_id": "vancouver_1912_MAP342a_04:block:2:part1",
    "lot_numbers": [
     "8",
     "9",
     "12",
     "15",
     "205"
    ],
    "street_names": [
     "ABBOTT",
     "CORDOVA ST. WEST",
     "CORDOVA ST.WEST"
    ],
    "area_source_px2": 194439,
    "centroid_source_px": [
     3952,
     3906
    ],
    "n_enclosed": 32,
    "block_number": null,
    "block_number_inferred": true,
    "compactness": 0.348,
    "streets_through": [],
    "merged_across": null,
    "split_from": {
     "block_number": "2",
     "cut_along": [
      "TROUNCE ALLEY"
     ],
     "part": 1,
     "of": 2
    },
    "streets_1895": [
     {
      "label_1895": "CORDOVA ST. WEST",
      "modern": [
       "WEST CORDOVA ST"
      ],
      "side": "SW",
      "distance_px": 42,
      "residual_m": 0.33
     },
     {
      "label_1895": "ABBOTT",
      "modern": [
       "ABBOTT ST"
      ],
      "side": "NW",
      "distance_px": 44,
      "residual_m": 0.23
     },
     {
      "label_1895": "CORDOVA ST.WEST",
      "modern": [
       "WEST CORDOVA ST"
      ],
      "side": "SW",
      "distance_px": 45,
      "residual_m": 0.81
     }
    ],
    "streets_modern": [
     {
      "name": "ABBOTT ST",
      "distance_m": 0.5,
      "bearing_deg": 291,
      "side": "W",
      "ring_share": 0.21
     },
     {
      "name": "WEST CORDOVA ST",
      "distance_m": 6.4,
      "bearing_deg": 264,
      "side": "W",
      "ring_share": 0.39
     },
     {
      "name": "TROUNCE ALLEY",
      "distance_m": 7.2,
      "bearing_deg": 343,
      "side": "N",
      "ring_share": 0.43
     },
     {
      "name": "CARRALL ST",
      "distance_m": 8.5,
      "bearing_deg": 97,
      "side": "E",
      "ring_share": 0.11
     }
    ],
    "nearby_text": [
     "219,915)Water Line",
     "Crenne",
     "DISTRICT",
     "FRI",
     "Hotel",
     "Original Water Line",
     "Plan No 210",
     "WALLER BLK",
     "Winters",
     "inol"
    ],
    "centroid_map": [
     492320.427,
     5458918.716
    ],
    "is_block": true
   }
  },
  {
   "type": "Feature",
   "geometry": {
    "type": "Polygon",
    "coordinates": [
     [
      [
       492405.881,
       5458928.181
      ],
      [
       492404.825,
       5458929.229
      ],
      [
       492401.885,
       5458929.217
      ],
      [
       492400.832,
       5458930.09
      ],
      [
       492397.892,
       5458930.078
      ],
      [
       492396.837,
       5458931.126
      ],
      [
       492394.934,
       5458931.118
      ],
      [
       492393.879,
       5458932.166
      ],
      [
       492390.766,
       5458932.154
      ],
      [
       492389.883,
       5458933.202
      ],
      [
       492387.808,
       5458933.194
      ],
      [
       492386.925,
       5458934.242
      ],
      [
       492384.85,
       5458934.234
      ],
      [
       492383.797,
       5458935.107
      ],
      [
       492382.774,
       5458934.226
      ],
      [
       492381.895,
       5458935.099
      ],
      [
       492379.819,
       5458935.091
      ],
      [
       492378.764,
       5458936.138
      ],
      [
       492375.824,
       5458936.127
      ],
      [
       492374.768,
       5458937.174
      ],
      [
       492372.866,
       5458937.167
      ],
      [
       492371.81,
       5458938.215
      ],
      [
       492369.908,
       5458938.207
      ],
      [
       492368.855,
       5458939.08
      ],
      [
       492365.915,
       5458939.068
      ],
      [
       492364.859,
       5458940.116
      ],
      [
       492362.784,
       5458940.107
      ],
      [
       492361.901,
       5458941.156
      ],
      [
       492358.788,
       5458941.143
      ],
      [
       492357.906,
       5458942.192
      ],
      [
       492355.83,
       5458942.183
      ],
      [
       492354.775,
       5458943.231
      ],
      [
       492352.872,
       5458943.224
      ],
      [
       492351.82,
       5458944.096
      ],
      [
       492348.88,
       5458944.084
      ],
      [
       492347.824,
       5458945.132
      ],
      [
       492345.922,
       5458945.125
      ],
      [
       492344.866,
       5458946.173
      ],
      [
       492342.791,
       5458946.164
      ],
      [
       492341.908,
       5458947.213
      ],
      [
       492339.833,
       5458947.204
      ],
      [
       492338.78,
       5458948.077
      ],
      [
       492336.878,
       5458948.069
      ],
      [
       492335.822,
       5458949.117
      ],
      [
       492332.882,
       5458949.105
      ],
      [
       492331.826,
       5458950.153
      ],
      [
       492329.924,
       5458950.145
      ],
      [
       492328.869,
       5458951.193
      ],
      [
       492326.793,
       5458951.185
      ],
      [
       492325.911,
       5458952.234
      ],
      [
       492322.797,
       5458952.221
      ],
      [
       492321.918,
       5458953.094
      ],
      [
       492319.842,
       5458953.086
      ],
      [
       492318.787,
       5458954.134
      ],
      [
       492315.847,
       5458954.122
      ],
      [
       492314.791,
       5458955.17
      ],
      [
       492312.889,
       5458955.162
      ],
      [
       492311.833,
       5458956.21
      ],
      [
       492308.893,
       5458956.198
      ],
      [
       492307.841,
       5458957.071
      ],
      [
       492305.762,
       5458957.238
      ],
      [
       492304.883,
       5458958.111
      ],
      [
       492301.769,
       5458958.098
      ],
      [
       492300.887,
       5458959.147
      ],
      [
       492298.811,
       5458959.139
      ],
      [
       492297.929,
       5458960.187
      ],
      [
       492294.816,
       5458960.175
      ],
      [
       492293.933,
       5458961.223
      ],
      [
       492291.858,
       5458961.215
      ],
      [
       492290.805,
       5458962.087
      ],
      [
       492287.865,
       5458962.076
      ],
      [
       492286.81,
       5458963.124
      ],
      [
       492284.907,
       5458963.116
      ],
      [
       492283.852,
       5458964.164
      ],
      [
       492280.911,
       5458964.152
      ],
      [
       492279.856,
       5458965.2
      ],
      [
       492276.916,
       5458965.188
      ],
      [
       492275.86,
       5458966.236
      ],
      [
       492273.785,
       5458966.227
      ],
      [
       492272.905,
       5458967.101
      ],
      [
       492269.792,
       5458967.088
      ],
      [
       492268.91,
       5458968.137
      ],
      [
       492266.834,
       5458968.128
      ],
      [
       492265.779,
       5458969.176
      ],
      [
       492262.838,
       5458969.164
      ],
      [
       492261.783,
       5458970.212
      ],
      [
       492259.88,
       5458970.205
      ],
      [
       492258.828,
       5458971.077
      ],
      [
       492257.79,
       5458971.073
      ],
      [
       492256.908,
       5458972.122
      ],
      [
       492256.872,
       5458974.226
      ],
      [
       492259.934,
       5458977.22
      ],
      [
       492259.919,
       5458978.096
      ],
      [
       492258.864,
       5458979.144
      ],
      [
       492258.831,
       5458981.073
      ],
      [
       492260.87,
       5458983.186
      ],
      [
       492260.852,
       5458984.238
      ],
      [
       492261.875,
       5458985.119
      ],
      [
       492261.839,
       5458987.223
      ],
      [
       492260.787,
       5458988.096
      ],
      [
       492260.769,
       5458989.148
      ],
      [
       492261.789,
       5458990.204
      ],
      [
       492262.826,
       5458990.209
      ],
      [
       492263.849,
       5458991.09
      ],
      [
       492263.798,
       5458994.071
      ],
      [
       492264.818,
       5458995.127
      ],
      [
       492264.89,
       5459001.09
      ],
      [
       492266.929,
       5459003.203
      ],
      [
       492266.896,
       5459005.132
      ],
      [
       492267.916,
       5459006.188
      ],
      [
       492267.898,
       5459007.24
      ],
      [
       492270.841,
       5459007.077
      ],
      [
       492271.894,
       5459006.204
      ],
      [
       492274.834,
       5459006.216
      ],
      [
       492275.857,
       5459007.097
      ],
      [
       492276.895,
       5459007.101
      ],
      [
       492276.909,
       5459006.224
      ],
      [
       492277.792,
       5459005.176
      ],
      [
       492280.905,
       5459005.188
      ],
      [
       492281.788,
       5459004.14
      ],
      [
       492282.825,
       5459004.144
      ],
      [
       492283.881,
       5459003.096
      ],
      [
       492284.919,
       5459003.1
      ],
      [
       492285.766,
       5459004.156
      ],
      [
       492287.874,
       5459002.235
      ],
      [
       492289.779,
       5459002.068
      ],
      [
       492290.832,
       5459001.195
      ],
      [
       492293.772,
       5459001.207
      ],
      [
       492294.827,
       5459000.159
      ],
      [
       492297.767,
       5459000.171
      ],
      [
       492298.787,
       5459001.227
      ],
      [
       492299.825,
       5459001.232
      ],
      [
       492301.763,
       5458999.135
      ],
      [
       492302.801,
       5458999.139
      ],
      [
       492303.821,
       5459000.196
      ],
      [
       492306.934,
       5459000.208
      ],
      [
       492306.797,
       5458998.103
      ],
      [
       492307.849,
       5458997.231
      ],
      [
       492308.887,
       5458997.235
      ],
      [
       492309.91,
       5458998.116
      ],
      [
       492310.774,
       5458998.119
      ],
      [
       492312.882,
       5458996.199
      ],
      [
       492314.785,
       5458996.206
      ],
      [
       492316.896,
       5458994.111
      ],
      [
       492317.934,
       5458994.115
      ],
      [
       492318.781,
       5458995.17
      ],
      [
       492319.818,
       5458995.175
      ],
      [
       492321.929,
       5458993.079
      ],
      [
       492322.776,
       5458994.134
      ],
      [
       492325.889,
       5458994.147
      ],
      [
       492325.907,
       5458993.095
      ],
      [
       492326.787,
       5458992.222
      ],
      [
       492327.825,
       5458992.226
      ],
      [
       492328.847,
       5458993.107
      ],
      [
       492329.885,
       5458993.111
      ],
      [
       492329.9,
       5458992.234
      ],
      [
       492330.782,
       5458991.186
      ],
      [
       492332.858,
       5458991.194
      ],
      [
       492333.881,
       5458992.075
      ],
      [
       492334.918,
       5458992.079
      ],
      [
       492334.933,
       5458991.202
      ],
      [
       492335.816,
       5458990.154
      ],
      [
       492336.854,
       5458990.158
      ],
      [
       492337.909,
       5458989.11
      ],
      [
       492338.774,
       5458989.113
      ],
      [
       492339.794,
       5458990.17
      ],
      [
       492340.831,
       5458990.174
      ],
      [
       492342.77,
       5458988.077
      ],
      [
       492344.845,
       5458988.086
      ],
      [
       492345.897,
       5458987.213
      ],
      [
       492347.8,
       5458987.221
      ],
      [
       492348.823,
       5458988.102
      ],
      [
       492348.838,
       5458987.225
      ],
      [
       492349.893,
       5458986.177
      ],
      [
       492351.796,
       5458986.185
      ],
      [
       492352.815,
       5458987.241
      ],
      [
       492354.894,
       5458987.074
      ],
      [
       492354.909,
       5458986.198
      ],
      [
       492356.847,
       5458984.101
      ],
      [
       492358.886,
       5458986.214
      ],
      [
       492358.871,
       5458987.09
      ],
      [
       492360.911,
       5458989.203
      ],
      [
       492361.776,
       5458989.207
      ],
      [
       492362.799,
       5458990.088
      ],
      [
       492363.836,
       5458990.092
      ],
      [
       492366.827,
       5458987.123
      ],
      [
       492368.902,
       5458987.131
      ],
      [
       492368.92,
       5458986.079
      ],
      [
       492369.8,
       5458985.206
      ],
      [
       492371.875,
       5458985.214
      ],
      [
       492371.893,
       5458984.162
      ],
      [
       492373.828,
       5458982.241
      ],
      [
       492377.809,
       5458982.082
      ],
      [
       492377.824,
       5458981.205
      ],
      [
       492378.88,
       5458980.157
      ],
      [
       492379.917,
       5458980.161
      ],
      [
       492380.8,
       5458979.112
      ],
      [
       492380.815,
       5458978.236
      ],
      [
       492381.87,
       5458977.188
      ],
      [
       492382.908,
       5458977.192
      ],
      [
       492383.931,
       5458978.073
      ],
      [
       492384.796,
       5458978.076
      ],
      [
       492385.848,
       5458977.204
      ],
      [
       492386.886,
       5458977.208
      ],
      [
       492387.769,
       5458976.159
      ],
      [
       492388.806,
       5458976.163
      ],
      [
       492389.862,
       5458975.116
      ],
      [
       492394.877,
       5458975.136
      ],
      [
       492395.933,
       5458974.088
      ],
      [
       492396.798,
       5458974.091
      ],
      [
       492397.85,
       5458973.219
      ],
      [
       492399.926,
       5458973.227
      ],
      [
       492400.808,
       5458972.179
      ],
      [
       492402.884,
       5458972.187
      ],
      [
       492403.766,
       5458971.138
      ],
      [
       492404.804,
       5458971.143
      ],
      [
       492404.872,
       5458967.109
      ],
      [
       492405.925,
       5458966.237
      ],
      [
       492405.821,
       5458962.203
      ],
      [
       492406.876,
       5458961.155
      ],
      [
       492406.894,
       5458960.103
      ],
      [
       492405.871,
       5458959.222
      ],
      [
       492405.889,
       5458958.17
      ],
      [
       492406.772,
       5458957.121
      ],
      [
       492406.805,
       5458955.192
      ],
      [
       492405.785,
       5458954.136
      ],
      [
       492405.818,
       5458952.207
      ],
      [
       492406.873,
       5458951.159
      ],
      [
       492406.891,
       5458950.107
      ],
      [
       492405.869,
       5458949.226
      ],
      [
       492405.904,
       5458947.121
      ],
      [
       492406.787,
       5458946.073
      ],
      [
       492406.838,
       5458943.092
      ],
      [
       492405.8,
       5458943.087
      ],
      [
       492404.777,
       5458942.206
      ],
      [
       492404.864,
       5458937.121
      ],
      [
       492406.799,
       5458935.2
      ],
      [
       492406.835,
       5458933.096
      ],
      [
       492405.812,
       5458932.215
      ],
      [
       492405.83,
       5458931.162
      ],
      [
       492406.886,
       5458930.114
      ],
      [
       492406.918,
       5458928.186
      ],
      [
       492405.881,
       5458928.181
      ]
     ]
    ]
   },
   "properties": {
    "sheet": "vancouver_1912_MAP342a_04",
    "block_id": "vancouver_1912_MAP342a_04:block:2:part2",
    "lot_numbers": [
     "2",
     "3",
     "4",
     "26",
     "50",
     "66"
    ],
    "street_names": [
     "ABBOTT",
     "CORDOVA ST. WEST",
     "CORDOVA ST.WEST"
    ],
    "area_source_px2": 200352,
    "centroid_source_px": [
     4051,
     3610
    ],
    "n_enclosed": 32,
    "block_number": "05",
    "block_number_inferred": true,
    "compactness": 0.402,
    "streets_through": [],
    "merged_across": null,
    "split_from": {
     "block_number": "2",
     "cut_along": [
      "TROUNCE ALLEY"
     ],
     "part": 2,
     "of": 2
    },
    "streets_1895": [
     {
      "label_1895": "CORDOVA ST. WEST",
      "modern": [
       "WEST CORDOVA ST"
      ],
      "side": "SW",
      "distance_px": 42,
      "residual_m": 0.33
     },
     {
      "label_1895": "ABBOTT",
      "modern": [
       "ABBOTT ST"
      ],
      "side": "NW",
      "distance_px": 44,
      "residual_m": 0.23
     },
     {
      "label_1895": "CORDOVA ST.WEST",
      "modern": [
       "WEST CORDOVA ST"
      ],
      "side": "SW",
      "distance_px": 45,
      "residual_m": 0.81
     }
    ],
    "streets_modern": [
     {
      "name": "GAOLER'S MEWS",
      "distance_m": 0.5,
      "bearing_deg": 128,
      "side": "SE",
      "ring_share": 0.16
     },
     {
      "name": "WATER ST",
      "distance_m": 2.6,
      "bearing_deg": 51,
      "side": "NE",
      "ring_share": 0.47
     },
     {
      "name": "TROUNCE ALLEY",
      "distance_m": 7.3,
      "bearing_deg": 138,
      "side": "SE",
      "ring_share": 0.41
     },
     {
      "name": "ABBOTT ST",
      "distance_m": 7.7,
      "bearing_deg": 283,
      "side": "W",
      "ring_share": 0.12
     }
    ],
    "nearby_text": [
     "219,915)Water Line",
     "Crenne",
     "DISTRICT",
     "FRI",
     "Hotel",
     "Original Water Line",
     "Plan No 210",
     "WALLER BLK",
     "Winters",
     "inol"
    ],
    "centroid_map": [
     492336.666,
     5458970.691
    ],
    "is_block": true
   }
  }
 ]
}