{
 "type": "FeatureCollection",
 "crs_note": "Coordinates are pixels on the source scan (origin top-left, y down). Not georeferenced: apply the sheet's GCP transform to get geographic coordinates.",
 "source_image": "data/example/vancouver_1912_MAP342a_04/vancouver_1912_MAP342a_04.tif",
 "source_size": {
  "w": 5991,
  "h": 5719
 },
 "from_run": "runs/hunyuan/2026-09-15_tiles_vancouver_1912_MAP342a_04",
 "params": {
  "bold_stroke_px": 9.0,
  "number_reach_px": 80.0,
  "seal_px": 3,
  "neck_px": 16,
  "open_max": 0.1,
  "seed_px": 20,
  "lot_max_frac": 0.05,
  "open_px": 10,
  "dark": 160,
  "min_area_frac": 0.0015,
  "max_area_frac": 0.2,
  "street_reach_work_px": 170.0
 },
 "street_seeds": "modern centrelines of the sheet's georeference",
 "white_space": {
  "white_regions": 2910,
  "street_regions": 1,
  "after_necks": 6201,
  "enclosed": 4996,
  "street": 1205,
  "seeds_border_or_oversize": 1,
  "seeds_centreline": 103,
  "spread": 1101,
  "recovered": 222,
  "recovered_area_frac": 0.0116
 },
 "frontage_lines_added": [],
 "manual_close_lines": [],
 "generated_utc": "2026-09-17T08:47:55.579176+00:00",
 "features": [
  {
   "type": "Feature",
   "id": 0,
   "geometry": {
    "type": "Polygon",
    "coordinates": [
     [
      [
       1647,
       1445
      ],
      [
       1594,
       1563
      ],
      [
       1598,
       1573
      ],
      [
       2085,
       1781
      ],
      [
       2098,
       1780
      ],
      [
       2118,
       1739
      ],
      [
       2117,
       1730
      ],
      [
       2102,
       1718
      ],
      [
       2131,
       1656
      ],
      [
       2128,
       1648
      ],
      [
       1660,
       1444
      ],
      [
       1647,
       1445
      ]
     ]
    ]
   },
   "properties": {
    "sheet": "vancouver_1912_MAP342a_04",
    "block_id": "vancouver_1912_MAP342a_04:block:fid0",
    "block_number": null,
    "block_number_inferred": false,
    "lot_numbers": [],
    "streets": [
     {
      "name": "ssed",
      "distance_px": 71,
      "bearing_deg": 302,
      "side": "NW",
      "label_bbox_source": [
       1534,
       1385,
       1616,
       1477
      ],
      "rotation_view": 30
     },
     {
      "name": "Proposed",
      "distance_px": 102,
      "bearing_deg": 294,
      "side": "NW",
      "label_bbox_source": [
       1449,
       1401,
       1607,
       1519
      ],
      "rotation_view": 0
     },
     {
      "name": "Viaduct",
      "distance_px": 130,
      "bearing_deg": 335,
      "side": "NW",
      "label_bbox_source": [
       1681,
       1290,
       1796,
       1382
      ],
      "rotation_view": 0
     }
    ],
    "street_names": [
     "ssed",
     "Proposed",
     "Viaduct"
    ],
    "area_source_px2": 75662,
    "centroid_source_px": [
     1865,
     1611
    ],
    "n_outlines": 1
   }
  },
  {
   "type": "Feature",
   "id": 1,
   "geometry": {
    "type": "Polygon",
    "coordinates": [
     [
      [
       1052,
       1777
      ],
      [
       1051,
       1784
      ],
      [
       1057,
       1790
      ],
      [
       1140,
       1835
      ],
      [
       1145,
       1843
      ],
      [
       1185,
       1860
      ],
      [
       1186,
       1867
      ],
      [
       1173,
       1869
      ],
      [
       1167,
       1876
      ],
      [
       1166,
       1904
      ],
      [
       1173,
       1912
      ],
      [
       1182,
       1912
      ],
      [
       1214,
       1932
      ],
      [
       1175,
       2000
      ],
      [
       1163,
       2010
      ],
      [
       1162,
       2030
      ],
      [
       1148,
       2032
      ],
      [
       1093,
       2085
      ],
      [
       1096,
       2094
      ],
      [
       1694,
       2688
      ],
      [
       1696,
       2693
      ],
      [
       1690,
       2699
      ],
      [
       1661,
       2688
      ],
      [
       1643,
       2693
      ],
      [
       1625,
       2713
      ],
      [
       1625,
       2732
      ],
      [
       1634,
       2750
      ],
      [
       1648,
       2760
      ],
      [
       1671,
       2763
      ],
      [
       2085,
       3176
      ],
      [
       2081,
       3204
      ],
      [
       2094,
       3225
      ],
      [
       2112,
       3233
      ],
      [
       2136,
       3229
      ],
      [
       2369,
       3459
      ],
      [
       2378,
       3459
      ],
      [
       2392,
       3445
      ],
      [
       2391,
       3438
      ],
      [
       2156,
       3203
      ],
      [
       2155,
       3183
      ],
      [
       2144,
       3167
      ],
      [
       2132,
       3160
      ],
      [
       2110,
       3158
      ],
      [
       1799,
       2845
      ],
      [
       1803,
       2839
      ],
      [
       1819,
       2846
      ],
      [
       1841,
       2844
      ],
      [
       1858,
       2830
      ],
      [
       1864,
       2816
      ],
      [
       1863,
       2797
      ],
      [
       1845,
       2776
      ],
      [
       1821,
       2773
      ],
      [
       1799,
       2784
      ],
      [
       1795,
       2781
      ],
      [
       1794,
       2760
      ],
      [
       1819,
       2752
      ],
      [
       1880,
       2769
      ],
      [
       1888,
       2782
      ],
      [
       1900,
       2785
      ],
      [
       1915,
       2778
      ],
      [
       1944,
       2788
      ],
      [
       1954,
       2800
      ],
      [
       1969,
       2794
      ],
      [
       1984,
       2798
      ],
      [
       1986,
       2813
      ],
      [
       1958,
       2828
      ],
      [
       1949,
       2846
      ],
      [
       1954,
       2873
      ],
      [
       1971,
       2887
      ],
      [
       2000,
       2887
      ],
      [
       2019,
       2871
      ],
      [
       2024,
       2856
      ],
      [
       2021,
       2838
      ],
      [
       2000,
       2817
      ],
      [
       2012,
       2806
      ],
      [
       2045,
       2814
      ],
      [
       2057,
       2827
      ],
      [
       2066,
       2829
      ],
      [
       2079,
       2824
      ],
      [
       2129,
       2838
      ],
      [
       2138,
       2850
      ],
      [
       2147,
       2852
      ],
      [
       2159,
       2847
      ],
      [
       2214,
       2862
      ],
      [
       2225,
       2876
      ],
      [
       2241,
       2871
      ],
      [
       2270,
       2879
      ],
      [
       2276,
       2876
      ],
      [
       2333,
       2692
      ],
      [
       2335,
       2673
      ],
      [
       2179,
       2628
      ],
      [
       2170,
       2622
      ],
      [
       2174,
       2604
      ],
      [
       2171,
       2596
      ],
      [
       2023,
       2552
      ],
      [
       2013,
       2546
      ],
      [
       2019,
       2531
      ],
      [
       2166,
       2575
      ],
      [
       2533,
       2728
      ],
      [
       2627,
       2758
      ],
      [
       2749,
       2789
      ],
      [
       2751,
       2793
      ],
      [
       2745,
       2799
      ],
      [
       2719,
       2891
      ],
      [
       2706,
       2899
      ],
      [
       2705,
       2909
      ],
      [
       2711,
       2918
      ],
      [
       2683,
       3011
      ],
      [
       2689,
       3029
      ],
      [
       2709,
       3024
      ],
      [
       2717,
       3035
      ],
      [
       2725,
       3037
      ],
      [
       2739,
       3031
      ],
      [
       2755,
       3037
      ],
      [
       2760,
       3048
      ],
      [
       2782,
       3044
      ],
      [
       2844,
       3061
      ],
      [
       2856,
       3073
      ],
      [
       2875,
       3068
      ],
      [
       2883,
       3080
      ],
      [
       2910,
       3078
      ],
      [
       3026,
       3110
      ],
      [
       3035,
       3122
      ],
      [
       3055,
       3118
      ],
      [
       3088,
       3126
      ],
      [
       3099,
       3139
      ],
      [
       3115,
       3133
      ],
      [
       3128,
       3138
      ],
      [
       3139,
       3151
      ],
      [
       3147,
       3151
      ],
      [
       3155,
       3144
      ],
      [
       3186,
       3153
      ],
      [
       3196,
       3165
      ],
      [
       3213,
       3160
      ],
      [
       3248,
       3169
      ],
      [
       3258,
       3175
      ],
      [
       3261,
       3183
      ],
      [
       3269,
       3185
      ],
      [
       3289,
       3180
      ],
      [
       3314,
       3188
      ],
      [
       3319,
       3198
      ],
      [
       3333,
       3196
      ],
      [
       3340,
       3204
      ],
      [
       3392,
       3217
      ],
      [
       3404,
       3212
      ],
      [
       3430,
       3220
      ],
      [
       3438,
       3230
      ],
      [
       3456,
       3226
      ],
      [
       3485,
       3234
      ],
      [
       3492,
       3243
      ],
      [
       3507,
       3240
      ],
      [
       3535,
       3247
      ],
      [
       3561,
       3264
      ],
      [
       3581,
       3254
      ],
      [
       3642,
       3040
      ],
      [
       3580,
       3020
      ],
      [
       3238,
       2929
      ],
      [
       3238,
       2920
      ],
      [
       3690,
       3039
      ],
      [
       3912,
       3073
      ],
      [
       4115,
       3127
      ],
      [
       4128,
       3140
      ],
      [
       4126,
       3158
      ],
      [
       4121,
       3162
      ],
      [
       3758,
       3070
      ],
      [
       3692,
       3288
      ],
      [
       3761,
       3309
      ],
      [
       3768,
       3322
      ],
      [
       3789,
       3316
      ],
      [
       4351,
       3466
      ],
      [
       4360,
       3466
      ],
      [
       4369,
       3448
      ],
      [
       4426,
       3255
      ],
      [
       4432,
       3248
      ],
      [
       4445,
       3251
      ],
      [
       4452,
       3246
      ],
      [
       4450,
       3231
      ],
      [
       4440,
       3219
      ],
      [
       4458,
       3217
      ],
      [
       4462,
       3211
      ],
      [
       4462,
       3108
      ],
      [
       4467,
       3104
      ],
      [
       4515,
       3126
      ],
      [
       4521,
       3123
      ],
      [
       4535,
       3095
      ],
      [
       4532,
       3085
      ],
      [
       4464,
       3053
      ],
      [
       4466,
       2983
      ],
      [
       4462,
       2978
      ],
      [
       4425,
       2967
      ],
      [
       4440,
       2957
      ],
      [
       4438,
       2924
      ],
      [
       3704,
       2566
      ],
      [
       3697,
       2558
      ],
      [
       3665,
       2547
      ],
      [
       3442,
       2436
      ],
      [
       3172,
       2317
      ],
      [
       3159,
       2316
      ],
      [
       3158,
       2330
      ],
      [
       3153,
       2333
      ],
      [
       1322,
       1529
      ],
      [
       1306,
       1526
      ],
      [
       1295,
       1540
      ],
      [
       1294,
       1570
      ],
      [
       1304,
       1578
      ],
      [
       1500,
       1654
      ],
      [
       1956,
       1891
      ],
      [
       3305,
       2486
      ],
      [
       3376,
       2521
      ],
      [
       3360,
       2536
      ],
      [
       1964,
       1919
      ],
      [
       1513,
       1690
      ],
      [
       1322,
       1610
      ],
      [
       1312,
       1610
      ],
      [
       1310,
       1620
      ],
      [
       1368,
       1652
      ],
      [
       1948,
       1939
      ],
      [
       3091,
       2445
      ],
      [
       3110,
       2462
      ],
      [
       3096,
       2473
      ],
      [
       1995,
       1985
      ],
      [
       1812,
       1899
      ],
      [
       1230,
       1610
      ],
      [
       1222,
       1610
      ],
      [
       1183,
       1648
      ],
      [
       1181,
       1657
      ],
      [
       1185,
       1662
      ],
      [
       1918,
       2002
      ],
      [
       2167,
       2123
      ],
      [
       2157,
       2128
      ],
      [
       2144,
       2121
      ],
      [
       2124,
       2124
      ],
      [
       1973,
       2050
      ],
      [
       1236,
       1713
      ],
      [
       1225,
       1717
      ],
      [
       1232,
       1728
      ],
      [
       1746,
       2027
      ],
      [
       1748,
       2032
      ],
      [
       1734,
       2043
      ],
      [
       1721,
       2035
      ],
      [
       1718,
       2023
      ],
      [
       1701,
       2023
      ],
      [
       1682,
       2015
      ],
      [
       1134,
       1704
      ],
      [
       1126,
       1704
      ],
      [
       1109,
       1721
      ],
      [
       1109,
       1729
      ],
      [
       1224,
       1792
      ],
      [
       1226,
       1796
      ],
      [
       1205,
       1814
      ],
      [
       1085,
       1750
      ],
      [
       1069,
       1760
      ],
      [
       1066,
       1772
      ],
      [
       1052,
       1777
      ]
     ]
    ]
   },
   "properties": {
    "sheet": "vancouver_1912_MAP342a_04",
    "block_id": "vancouver_1912_MAP342a_04:block:1",
    "block_number": "1",
    "block_number_inferred": false,
    "lot_numbers": [
     "1",
     "2",
     "3",
     "4",
     "5",
     "6",
     "7",
     "8",
     "9",
     "10",
     "11",
     "12",
     "66",
     "95",
     "210"
    ],
    "streets": [
     {
      "name": "FRI",
      "distance_px": 0,
      "bearing_deg": 141,
      "side": "SE",
      "label_bbox_source": [
       3172,
       3141,
       3201,
       3167
      ],
      "rotation_view": 30
     },
     {
      "name": "n Pacific Railway",
      "distance_px": 10,
      "bearing_deg": 53,
      "side": "NE",
      "label_bbox_source": [
       2228,
       2140,
       3764,
       2582
      ],
      "rotation_view": 0
     },
     {
      "name": "DISTRICT",
      "distance_px": 21,
      "bearing_deg": 129,
      "side": "SE",
      "label_bbox_source": [
       3558,
       3246,
       3620,
       3302
      ],
      "rotation_view": 0
     },
     {
      "name": "BRISBERRY BLACK",
      "distance_px": 24,
      "bearing_deg": 214,
      "side": "SW",
      "label_bbox_source": [
       2174,
       3205,
       2316,
       3312
      ],
      "rotation_view": 30
     },
     {
      "name": "Alexander",
      "distance_px": 28,
      "bearing_deg": 116,
      "side": "SE",
      "label_bbox_source": [
       4373,
       3324,
       4456,
       3461
      ],
      "rotation_view": 0
     },
     {
      "name": "inol",
      "distance_px": 30,
      "bearing_deg": 127,
      "side": "SE",
      "label_bbox_source": [
       3635,
       3271,
       3696,
       3335
      ],
      "rotation_view": 60
     },
     {
      "name": "Original Water Line",
      "distance_px": 38,
      "bearing_deg": 127,
      "side": "SE",
      "label_bbox_source": [
       3583,
       3244,
       3866,
       3431
      ],
      "rotation_view": 30
     },
     {
      "name": "REP.",
      "distance_px": 42,
      "bearing_deg": 147,
      "side": "SE",
      "label_bbox_source": [
       3076,
       3167,
       3125,
       3195
      ],
      "rotation_view": 0
     },
     {
      "name": "CORDOVA ST. WEST",
      "distance_px": 43,
      "bearing_deg": 278,
      "side": "W",
      "label_bbox_source": [
       1134,
       2201,
       1536,
       2582
      ],
      "rotation_view": 0
     },
     {
      "name": "ST.WEST",
      "distance_px": 47,
      "bearing_deg": 273,
      "side": "W",
      "label_bbox_source": [
       1341,
       2372,
       1537,
       2630
      ],
      "rotation_view": 60
     },
     {
      "name": "WATER ST.",
      "distance_px": 47,
      "bearing_deg": 135,
      "side": "SE",
      "label_bbox_source": [
       3257,
       3206,
       3567,
       3333
      ],
      "rotation_view": 0
     },
     {
      "name": "DAT.",
      "distance_px": 48,
      "bearing_deg": 125,
      "side": "SE",
      "label_bbox_source": [
       3615,
       3206,
       3663,
       3248
      ],
      "rotation_view": 30
     },
     {
      "name": "OFTICAL",
      "distance_px": 51,
      "bearing_deg": 124,
      "side": "SE",
      "label_bbox_source": [
       3609,
       3172,
       3684,
       3250
      ],
      "rotation_view": 60
     },
     {
      "name": "OFFICIAL",
      "distance_px": 53,
      "bearing_deg": 124,
      "side": "SE",
      "label_bbox_source": [
       3614,
       3195,
       3682,
       3226
      ],
      "rotation_view": 0
     },
     {
      "name": "219,915)Water Line",
      "distance_px": 54,
      "bearing_deg": 127,
      "side": "SE",
      "label_bbox_source": [
       3707,
       3286,
       3871,
       3458
      ],
      "rotation_view": 60
     },
     {
      "name": "OLD GRANVILLE TOWN",
      "distance_px": 62,
      "bearing_deg": 190,
      "side": "S",
      "label_bbox_source": [
       2572,
       2909,
       2683,
       3172
      ],
      "rotation_view": 0
     },
     {
      "name": "Plan No 210",
      "distance_px": 70,
      "bearing_deg": 124,
      "side": "SE",
      "label_bbox_source": [
       3962,
       3419,
       4111,
       3491
      ],
      "rotation_view": 0
     },
     {
      "name": "McClary",
      "distance_px": 73,
      "bearing_deg": 205,
      "side": "SW",
      "label_bbox_source": [
       2564,
       2794,
       2631,
       2857
      ],
      "rotation_view": 30
     },
     {
      "name": "Budweiser",
      "distance_px": 80,
      "bearing_deg": 235,
      "side": "SW",
      "label_bbox_source": [
       2314,
       2742,
       2448,
       2872
      ],
      "rotation_view": 30
     },
     {
      "name": "Burward",
      "distance_px": 87,
      "bearing_deg": 230,
      "side": "SW",
      "label_bbox_source": [
       1933,
       3172,
       2026,
       3214
      ],
      "rotation_view": 0
     },
     {
      "name": "Company",
      "distance_px": 89,
      "bearing_deg": 230,
      "side": "SW",
      "label_bbox_source": [
       2329,
       2799,
       2419,
       2919
      ],
      "rotation_view": 60
     },
     {
      "name": "Station & Offices.",
      "distance_px": 95,
      "bearing_deg": 292,
      "side": "W",
      "label_bbox_source": [
       903,
       1799,
       1181,
       1980
      ],
      "rotation_view": 0
     },
     {
      "name": "Building",
      "distance_px": 102,
      "bearing_deg": 230,
      "side": "SW",
      "label_bbox_source": [
       1914,
       3148,
       2022,
       3259
      ],
      "rotation_view": 60
     },
     {
      "name": "Hotel",
      "distance_px": 104,
      "bearing_deg": 229,
      "side": "SW",
      "label_bbox_source": [
       1945,
       3205,
       2011,
       3235
      ],
      "rotation_view": 0
     },
     {
      "name": "IBIE ST.",
      "distance_px": 105,
      "bearing_deg": 195,
      "side": "S",
      "label_bbox_source": [
       2344,
       3412,
       2571,
       3644
      ],
      "rotation_view": 60
     },
     {
      "name": "CAMBIE",
      "distance_px": 107,
      "bearing_deg": 194,
      "side": "S",
      "label_bbox_source": [
       2406,
       3306,
       2588,
       3541
      ],
      "rotation_view": 30
     },
     {
      "name": "Grain Shed",
      "distance_px": 120,
      "bearing_deg": 58,
      "side": "NE",
      "label_bbox_source": [
       3186,
       2186,
       3351,
       2270
      ],
      "rotation_view": 0
     },
     {
      "name": "Stimons Wharf",
      "distance_px": 145,
      "bearing_deg": 89,
      "side": "E",
      "label_bbox_source": [
       3900,
       2493,
       4068,
       2590
      ],
      "rotation_view": 0
     },
     {
      "name": "BRON",
      "distance_px": 145,
      "bearing_deg": 180,
      "side": "S",
      "label_bbox_source": [
       2684,
       3159,
       2740,
       3210
      ],
      "rotation_view": 60
     },
     {
      "name": "Proposed",
      "distance_px": 146,
      "bearing_deg": 313,
      "side": "NW",
      "label_bbox_source": [
       1449,
       1401,
       1607,
       1519
      ],
      "rotation_view": 0
     },
     {
      "name": "Stinson's Wharf.",
      "distance_px": 147,
      "bearing_deg": 88,
      "side": "E",
      "label_bbox_source": [
       3896,
       2444,
       4074,
       2635
      ],
      "rotation_view": 60
     },
     {
      "name": "Griffin Brooke",
      "distance_px": 148,
      "bearing_deg": 234,
      "side": "SW",
      "label_bbox_source": [
       1790,
       3069,
       1960,
       3281
      ],
      "rotation_view": 30
     },
     {
      "name": "Huckay Smi",
      "distance_px": 148,
      "bearing_deg": 182,
      "side": "S",
      "label_bbox_source": [
       2623,
       3149,
       2752,
       3212
      ],
      "rotation_view": 0
     },
     {
      "name": "Freight Shed",
      "distance_px": 149,
      "bearing_deg": 346,
      "side": "N",
      "label_bbox_source": [
       2455,
       1837,
       2644,
       1973
      ],
      "rotation_view": 30
     },
     {
      "name": "DISTRICT LOT 541",
      "distance_px": 159,
      "bearing_deg": 194,
      "side": "S",
      "label_bbox_source": [
       2517,
       2980,
       2626,
       3292
      ],
      "rotation_view": 0
     },
     {
      "name": "Mercoritise",
      "distance_px": 159,
      "bearing_deg": 219,
      "side": "SW",
      "label_bbox_source": [
       1988,
       3293,
       2137,
       3475
      ],
      "rotation_view": 30
     },
     {
      "name": "Grand",
      "distance_px": 169,
      "bearing_deg": 125,
      "side": "SE",
      "label_bbox_source": [
       4099,
       3536,
       4176,
       3631
      ],
      "rotation_view": 30
     }
    ],
    "street_names": [
     "FRI",
     "n Pacific Railway",
     "DISTRICT",
     "BRISBERRY BLACK",
     "Alexander",
     "inol",
     "Original Water Line",
     "REP.",
     "CORDOVA ST. WEST",
     "ST.WEST",
     "WATER ST.",
     "DAT.",
     "OFTICAL",
     "OFFICIAL",
     "219,915)Water Line",
     "OLD GRANVILLE TOWN",
     "Plan No 210",
     "McClary",
     "Budweiser",
     "Burward",
     "Company",
     "Station & Offices.",
     "Building",
     "Hotel",
     "IBIE ST.",
     "CAMBIE",
     "Grain Shed",
     "Stimons Wharf",
     "BRON",
     "Proposed",
     "Stinson's Wharf.",
     "Griffin Brooke",
     "Huckay Smi",
     "Freight Shed",
     "DISTRICT LOT 541",
     "Mercoritise",
     "Grand"
    ],
    "area_source_px2": 2446454,
    "centroid_source_px": [
     2713,
     2574
    ],
    "n_outlines": 78
   }
  },
  {
   "type": "Feature",
   "id": 2,
   "geometry": {
    "type": "Polygon",
    "coordinates": [
     [
      [
       2297,
       1732
      ],
      [
       2244,
       1840
      ],
      [
       2247,
       1848
      ],
      [
       2296,
       1869
      ],
      [
       2306,
       1881
      ],
      [
       2802,
       2104
      ],
      [
       2813,
       2102
      ],
      [
       2869,
       1988
      ],
      [
       2866,
       1979
      ],
      [
       2308,
       1730
      ],
      [
       2297,
       1732
      ]
     ]
    ]
   },
   "properties": {
    "sheet": "vancouver_1912_MAP342a_04",
    "block_id": "vancouver_1912_MAP342a_04:block:fid2",
    "block_number": null,
    "block_number_inferred": false,
    "lot_numbers": [],
    "streets": [],
    "street_names": [],
    "area_source_px2": 86821,
    "centroid_source_px": [
     2557,
     1917
    ],
    "n_outlines": 1
   }
  },
  {
   "type": "Feature",
   "id": 3,
   "geometry": {
    "type": "Polygon",
    "coordinates": [
     [
      [
       4427,
       2027
      ],
      [
       4367,
       2077
      ],
      [
       4352,
       2097
      ],
      [
       4346,
       2169
      ],
      [
       4353,
       2174
      ],
      [
       4377,
       2174
      ],
      [
       4381,
       2179
      ],
      [
       4340,
       2604
      ],
      [
       4348,
       2610
      ],
      [
       4453,
       2617
      ],
      [
       4460,
       2613
      ],
      [
       4490,
       2183
      ],
      [
       4507,
       2179
      ],
      [
       4511,
       2174
      ],
      [
       4514,
       2115
      ],
      [
       4490,
       2104
      ],
      [
       4434,
       2030
      ],
      [
       4427,
       2027
      ]
     ]
    ]
   },
   "properties": {
    "sheet": "vancouver_1912_MAP342a_04",
    "block_id": "vancouver_1912_MAP342a_04:block:fid3",
    "block_number": null,
    "block_number_inferred": false,
    "lot_numbers": [],
    "streets": [
     {
      "name": "Union SS Cos Wharf.",
      "distance_px": 86,
      "bearing_deg": 188,
      "side": "S",
      "label_bbox_source": [
       4265,
       2609,
       4471,
       2787
      ],
      "rotation_view": 30
     },
     {
      "name": "Union S.S.Cbs Wharf",
      "distance_px": 89,
      "bearing_deg": 188,
      "side": "S",
      "label_bbox_source": [
       4270,
       2683,
       4464,
       2717
      ],
      "rotation_view": 0
     }
    ],
    "street_names": [
     "Union SS Cos Wharf.",
     "Union S.S.Cbs Wharf"
    ],
    "area_source_px2": 67964,
    "centroid_source_px": [
     4420,
     2326
    ],
    "n_outlines": 0
   }
  },
  {
   "type": "Feature",
   "id": 4,
   "geometry": {
    "type": "Polygon",
    "coordinates": [
     [
      [
       3058,
       2070
      ],
      [
       3002,
       2188
      ],
      [
       3007,
       2198
      ],
      [
       3122,
       2249
      ],
      [
       3125,
       2256
      ],
      [
       3117,
       2269
      ],
      [
       3118,
       2275
      ],
      [
       3156,
       2294
      ],
      [
       3186,
       2302
      ],
      [
       3198,
       2283
      ],
      [
       3449,
       2394
      ],
      [
       3460,
       2389
      ],
      [
       3504,
       2409
      ],
      [
       3515,
       2407
      ],
      [
       3567,
       2300
      ],
      [
       3564,
       2291
      ],
      [
       3068,
       2068
      ],
      [
       3058,
       2070
      ]
     ]
    ]
   },
   "properties": {
    "sheet": "vancouver_1912_MAP342a_04",
    "block_id": "vancouver_1912_MAP342a_04:block:fid4",
    "block_number": null,
    "block_number_inferred": false,
    "lot_numbers": [],
    "streets": [
     {
      "name": "Raiway",
      "distance_px": 148,
      "bearing_deg": 159,
      "side": "S",
      "label_bbox_source": [
       3049,
       2206,
       3726,
       2851
      ],
      "rotation_view": 60
     },
     {
      "name": "n Pacific Railway",
      "distance_px": 149,
      "bearing_deg": 247,
      "side": "SW",
      "label_bbox_source": [
       2228,
       2140,
       3764,
       2582
      ],
      "rotation_view": 0
     },
     {
      "name": "tway",
      "distance_px": 153,
      "bearing_deg": 142,
      "side": "SE",
      "label_bbox_source": [
       3341,
       2494,
       3710,
       2627
      ],
      "rotation_view": 0
     }
    ],
    "street_names": [
     "Raiway",
     "n Pacific Railway",
     "tway"
    ],
    "area_source_px2": 80722,
    "centroid_source_px": [
     3279,
     2243
    ],
    "n_outlines": 1
   }
  },
  {
   "type": "Feature",
   "id": 5,
   "geometry": {
    "type": "Polygon",
    "coordinates": [
     [
      [
       935,
       2090
      ],
      [
       919,
       2101
      ],
      [
       783,
       2234
      ],
      [
       765,
       2266
      ],
      [
       755,
       2264
      ],
      [
       730,
       2270
      ],
      [
       726,
       2275
      ],
      [
       729,
       2286
      ],
      [
       719,
       2296
      ],
      [
       705,
       2295
      ],
      [
       700,
       2301
      ],
      [
       702,
       2313
      ],
      [
       692,
       2323
      ],
      [
       671,
       2324
      ],
      [
       668,
       2310
      ],
      [
       651,
       2294
      ],
      [
       642,
       2292
      ],
      [
       629,
       2300
      ],
      [
       610,
       2298
      ],
      [
       609,
       2320
      ],
      [
       600,
       2328
      ],
      [
       582,
       2318
      ],
      [
       566,
       2330
      ],
      [
       560,
       2343
      ],
      [
       546,
       2337
      ],
      [
       534,
       2342
      ],
      [
       526,
       2351
      ],
      [
       525,
       2366
      ],
      [
       532,
       2375
      ],
      [
       544,
       2379
      ],
      [
       547,
       2386
      ],
      [
       509,
       2418
      ],
      [
       487,
       2445
      ],
      [
       490,
       2453
      ],
      [
       518,
       2454
      ],
      [
       534,
       2462
      ],
      [
       728,
       2651
      ],
      [
       750,
       2648
      ],
      [
       766,
       2639
      ],
      [
       775,
       2623
      ],
      [
       773,
       2594
      ],
      [
       783,
       2592
      ],
      [
       826,
       2633
      ],
      [
       823,
       2644
      ],
      [
       827,
       2649
      ],
      [
       842,
       2650
      ],
      [
       850,
       2658
      ],
      [
       851,
       2672
      ],
      [
       873,
       2680
      ],
      [
       877,
       2685
      ],
      [
       876,
       2697
      ],
      [
       894,
       2717
      ],
      [
       916,
       2720
      ],
      [
       1024,
       2619
      ],
      [
       1038,
       2620
      ],
      [
       1042,
       2615
      ],
      [
       1040,
       2604
      ],
      [
       1045,
       2600
      ],
      [
       1056,
       2602
      ],
      [
       1062,
       2596
      ],
      [
       1067,
       2572
      ],
      [
       912,
       2416
      ],
      [
       915,
       2409
      ],
      [
       931,
       2394
      ],
      [
       940,
       2395
      ],
      [
       1095,
       2547
      ],
      [
       1244,
       2403
      ],
      [
       1242,
       2382
      ],
      [
       1220,
       2373
      ],
      [
       1139,
       2292
      ],
      [
       1134,
       2276
      ],
      [
       1118,
       2270
      ],
      [
       1084,
       2237
      ],
      [
       1084,
       2222
      ],
      [
       1078,
       2217
      ],
      [
       1064,
       2217
      ],
      [
       935,
       2090
      ]
     ]
    ]
   },
   "properties": {
    "sheet": "vancouver_1912_MAP342a_04",
    "block_id": "vancouver_1912_MAP342a_04:block:14",
    "block_number": "14",
    "block_number_inferred": false,
    "lot_numbers": [
     "2",
     "3",
     "4",
     "6",
     "16",
     "17",
     "18",
     "19",
     "100"
    ],
    "streets": [
     {
      "name": "SEYMOUR ST.",
      "distance_px": 51,
      "bearing_deg": 126,
      "side": "SE",
      "label_bbox_source": [
       957,
       2386,
       1283,
       2797
      ],
      "rotation_view": 30
     },
     {
      "name": "GRANVILLE ST.",
      "distance_px": 59,
      "bearing_deg": 316,
      "side": "NW",
      "label_bbox_source": [
       516,
       2057,
       874,
       2388
      ],
      "rotation_view": 0
     },
     {
      "name": "CORDOVA ST. WEST",
      "distance_px": 92,
      "bearing_deg": 87,
      "side": "E",
      "label_bbox_source": [
       1134,
       2201,
       1536,
       2582
      ],
      "rotation_view": 0
     },
     {
      "name": "Clarke & Stewart",
      "distance_px": 160,
      "bearing_deg": 113,
      "side": "SE",
      "label_bbox_source": [
       1207,
       2504,
       1364,
       2666
      ],
      "rotation_view": 0
     },
     {
      "name": "Molsons",
      "distance_px": 162,
      "bearing_deg": 153,
      "side": "SE",
      "label_bbox_source": [
       1011,
       2739,
       1135,
       2851
      ],
      "rotation_view": 30
     }
    ],
    "street_names": [
     "SEYMOUR ST.",
     "GRANVILLE ST.",
     "CORDOVA ST. WEST",
     "Clarke & Stewart",
     "Molsons"
    ],
    "area_source_px2": 235364,
    "centroid_source_px": [
     876,
     2414
    ],
    "n_outlines": 19
   }
  },
  {
   "type": "Feature",
   "id": 6,
   "geometry": {
    "type": "Polygon",
    "coordinates": [
     [
      [
       1328,
       2482
      ],
      [
       1213,
       2592
      ],
      [
       1197,
       2593
      ],
      [
       1191,
       2601
      ],
      [
       1192,
       2612
      ],
      [
       1179,
       2627
      ],
      [
       1180,
       2634
      ],
      [
       1275,
       2730
      ],
      [
       1274,
       2734
      ],
      [
       1249,
       2754
      ],
      [
       1154,
       2659
      ],
      [
       1146,
       2659
      ],
      [
       1136,
       2667
      ],
      [
       1125,
       2665
      ],
      [
       1118,
       2672
      ],
      [
       1117,
       2687
      ],
      [
       1101,
       2701
      ],
      [
       1089,
       2700
      ],
      [
       1083,
       2708
      ],
      [
       1082,
       2721
      ],
      [
       1002,
       2799
      ],
      [
       1000,
       2814
      ],
      [
       1006,
       2826
      ],
      [
       1022,
       2827
      ],
      [
       1069,
       2874
      ],
      [
       1067,
       2886
      ],
      [
       1071,
       2891
      ],
      [
       1088,
       2893
      ],
      [
       1167,
       2971
      ],
      [
       1169,
       2988
      ],
      [
       1185,
       2989
      ],
      [
       1196,
       3001
      ],
      [
       1196,
       3010
      ],
      [
       1208,
       3013
      ],
      [
       1231,
       3036
      ],
      [
       1228,
       3046
      ],
      [
       1232,
       3051
      ],
      [
       1244,
       3050
      ],
      [
       1258,
       3062
      ],
      [
       1257,
       3075
      ],
      [
       1263,
       3082
      ],
      [
       1275,
       3082
      ],
      [
       1290,
       3094
      ],
      [
       1290,
       3108
      ],
      [
       1295,
       3114
      ],
      [
       1306,
       3112
      ],
      [
       1317,
       3119
      ],
      [
       1324,
       3117
      ],
      [
       1467,
       2977
      ],
      [
       1458,
       2962
      ],
      [
       1363,
       2867
      ],
      [
       1373,
       2859
      ],
      [
       1376,
       2849
      ],
      [
       1392,
       2846
      ],
      [
       1496,
       2947
      ],
      [
       1587,
       2862
      ],
      [
       1599,
       2864
      ],
      [
       1605,
       2857
      ],
      [
       1603,
       2844
      ],
      [
       1644,
       2803
      ],
      [
       1632,
       2786
      ],
      [
       1636,
       2772
      ],
      [
       1629,
       2768
      ],
      [
       1619,
       2771
      ],
      [
       1436,
       2589
      ],
      [
       1431,
       2583
      ],
      [
       1432,
       2571
      ],
      [
       1417,
       2564
      ],
      [
       1417,
       2555
      ],
      [
       1410,
       2549
      ],
      [
       1394,
       2547
      ],
      [
       1328,
       2482
      ]
     ]
    ]
   },
   "properties": {
    "sheet": "vancouver_1912_MAP342a_04",
    "block_id": "vancouver_1912_MAP342a_04:block:fid6",
    "block_number": null,
    "block_number_inferred": false,
    "lot_numbers": [
     "3",
     "6",
     "7",
     "8",
     "9"
    ],
    "streets": [
     {
      "name": "RICHARDS ST.",
      "distance_px": 51,
      "bearing_deg": 132,
      "side": "SE",
      "label_bbox_source": [
       1363,
       2777,
       1693,
       3196
      ],
      "rotation_view": 30
     },
     {
      "name": "ST.WEST",
      "distance_px": 56,
      "bearing_deg": 21,
      "side": "N",
      "label_bbox_source": [
       1341,
       2372,
       1537,
       2630
      ],
      "rotation_view": 60
     },
     {
      "name": "REF",
      "distance_px": 64,
      "bearing_deg": 77,
      "side": "E",
      "label_bbox_source": [
       1647,
       2691,
       1699,
       2748
      ],
      "rotation_view": 60
     },
     {
      "name": "SEYMOUR ST.",
      "distance_px": 69,
      "bearing_deg": 316,
      "side": "NW",
      "label_bbox_source": [
       957,
       2386,
       1283,
       2797
      ],
      "rotation_view": 30
     },
     {
      "name": "CORDOVA ST. WEST",
      "distance_px": 91,
      "bearing_deg": 2,
      "side": "N",
      "label_bbox_source": [
       1134,
       2201,
       1536,
       2582
      ],
      "rotation_view": 0
     },
     {
      "name": "HASTINGS ST. WEST",
      "distance_px": 118,
      "bearing_deg": 179,
      "side": "S",
      "label_bbox_source": [
       1120,
       3011,
       1536,
       3461
      ],
      "rotation_view": 0
     },
     {
      "name": "Hotel",
      "distance_px": 139,
      "bearing_deg": 332,
      "side": "NW",
      "label_bbox_source": [
       1112,
       2427,
       1178,
       2501
      ],
      "rotation_view": 0
     },
     {
      "name": "St.Pancis",
      "distance_px": 164,
      "bearing_deg": 331,
      "side": "NW",
      "label_bbox_source": [
       1074,
       2392,
       1180,
       2498
      ],
      "rotation_view": 0
     }
    ],
    "street_names": [
     "RICHARDS ST.",
     "ST.WEST",
     "REF",
     "SEYMOUR ST.",
     "CORDOVA ST. WEST",
     "HASTINGS ST. WEST",
     "Hotel",
     "St.Pancis"
    ],
    "area_source_px2": 200045,
    "centroid_source_px": [
     1322,
     2802
    ],
    "n_outlines": 15
   }
  },
  {
   "type": "Feature",
   "id": 7,
   "geometry": {
    "type": "Polygon",
    "coordinates": [
     [
      [
       3904,
       2549
      ],
      [
       3880,
       2595
      ],
      [
       3883,
       2606
      ],
      [
       4008,
       2663
      ],
      [
       4177,
       2749
      ],
      [
       4189,
       2746
      ],
      [
       4208,
       2703
      ],
      [
       4216,
       2714
      ],
      [
       4198,
       2750
      ],
      [
       4201,
       2760
      ],
      [
       4468,
       2889
      ],
      [
       4477,
       2882
      ],
      [
       4493,
       2849
      ],
      [
       4480,
       2830
      ],
      [
       4499,
       2774
      ],
      [
       4495,
       2765
      ],
      [
       4468,
       2760
      ],
      [
       4448,
       2813
      ],
      [
       4441,
       2817
      ],
      [
       4375,
       2785
      ],
      [
       4376,
       2768
      ],
      [
       4369,
       2761
      ],
      [
       4351,
       2758
      ],
      [
       4342,
       2768
      ],
      [
       4322,
       2759
      ],
      [
       4319,
       2753
      ],
      [
       4327,
       2734
      ],
      [
       4319,
       2727
      ],
      [
       4309,
       2727
      ],
      [
       4295,
       2746
      ],
      [
       4287,
       2740
      ],
      [
       4289,
       2728
      ],
      [
       4285,
       2723
      ],
      [
       4269,
       2717
      ],
      [
       4256,
       2727
      ],
      [
       4236,
       2717
      ],
      [
       4236,
       2702
      ],
      [
       4211,
       2687
      ],
      [
       4226,
       2646
      ],
      [
       4223,
       2635
      ],
      [
       4182,
       2633
      ],
      [
       4148,
       2620
      ],
      [
       4131,
       2639
      ],
      [
       4110,
       2627
      ],
      [
       4114,
       2607
      ],
      [
       4090,
       2594
      ],
      [
       4081,
       2594
      ],
      [
       4066,
       2614
      ],
      [
       3913,
       2543
      ],
      [
       3904,
       2549
      ]
     ]
    ]
   },
   "properties": {
    "sheet": "vancouver_1912_MAP342a_04",
    "block_id": "vancouver_1912_MAP342a_04:block:fid7",
    "block_number": null,
    "block_number_inferred": false,
    "lot_numbers": [],
    "streets": [
     {
      "name": "Stimons Wharf",
      "distance_px": 31,
      "bearing_deg": 309,
      "side": "NW",
      "label_bbox_source": [
       3900,
       2493,
       4068,
       2590
      ],
      "rotation_view": 0
     },
     {
      "name": "Stinson's Wharf.",
      "distance_px": 33,
      "bearing_deg": 310,
      "side": "NW",
      "label_bbox_source": [
       3896,
       2444,
       4074,
       2635
      ],
      "rotation_view": 60
     },
     {
      "name": "Union S.S.Cbs Wharf",
      "distance_px": 52,
      "bearing_deg": 88,
      "side": "E",
      "label_bbox_source": [
       4270,
       2683,
       4464,
       2717
      ],
      "rotation_view": 0
     },
     {
      "name": "Union SS Cos Wharf.",
      "distance_px": 55,
      "bearing_deg": 87,
      "side": "E",
      "label_bbox_source": [
       4265,
       2609,
       4471,
       2787
      ],
      "rotation_view": 30
     }
    ],
    "street_names": [
     "Stimons Wharf",
     "Stinson's Wharf.",
     "Union S.S.Cbs Wharf",
     "Union SS Cos Wharf."
    ],
    "area_source_px2": 49307,
    "centroid_source_px": [
     4187,
     2707
    ],
    "n_outlines": 3
   }
  },
  {
   "type": "Feature",
   "id": 8,
   "geometry": {
    "type": "Polygon",
    "coordinates": [
     [
      [
       2369,
       2687
      ],
      [
       2317,
       2856
      ],
      [
       2309,
       2870
      ],
      [
       2309,
       2886
      ],
      [
       2316,
       2893
      ],
      [
       2317,
       2902
      ],
      [
       2327,
       2906
      ],
      [
       2344,
       2898
      ],
      [
       2397,
       2914
      ],
      [
       2404,
       2927
      ],
      [
       2421,
       2921
      ],
      [
       2454,
       2930
      ],
      [
       2462,
       2944
      ],
      [
       2473,
       2944
      ],
      [
       2481,
       2938
      ],
      [
       2512,
       2947
      ],
      [
       2525,
       2960
      ],
      [
       2546,
       2957
      ],
      [
       2569,
       2962
      ],
      [
       2614,
       2813
      ],
      [
       2618,
       2785
      ],
      [
       2494,
       2740
      ],
      [
       2388,
       2691
      ],
      [
       2369,
       2687
      ]
     ]
    ]
   },
   "properties": {
    "sheet": "vancouver_1912_MAP342a_04",
    "block_id": "vancouver_1912_MAP342a_04:block:fid8",
    "block_number": null,
    "block_number_inferred": false,
    "lot_numbers": [],
    "streets": [
     {
      "name": "FRI",
      "distance_px": 4,
      "bearing_deg": 301,
      "side": "NW",
      "label_bbox_source": [
       2325,
       2744,
       2360,
       2777
      ],
      "rotation_view": 30
     },
     {
      "name": "Loray Post",
      "distance_px": 56,
      "bearing_deg": 283,
      "side": "W",
      "label_bbox_source": [
       2222,
       2718,
       2335,
       2861
      ],
      "rotation_view": 30
     },
     {
      "name": "OLD GRANVILLE TOWN",
      "distance_px": 98,
      "bearing_deg": 142,
      "side": "SE",
      "label_bbox_source": [
       2572,
       2909,
       2683,
       3172
      ],
      "rotation_view": 0
     },
     {
      "name": "Johnston Bros.",
      "distance_px": 160,
      "bearing_deg": 283,
      "side": "W",
      "label_bbox_source": [
       2116,
       2693,
       2238,
       2839
      ],
      "rotation_view": 30
     }
    ],
    "street_names": [
     "FRI",
     "Loray Post",
     "OLD GRANVILLE TOWN",
     "Johnston Bros."
    ],
    "area_source_px2": 54054,
    "centroid_source_px": [
     2463,
     2832
    ],
    "n_outlines": 6
   }
  },
  {
   "type": "Feature",
   "id": 9,
   "geometry": {
    "type": "Polygon",
    "coordinates": [
     [
      [
       1735,
       2879
      ],
      [
       1712,
       2894
      ],
      [
       1700,
       2891
      ],
      [
       1693,
       2899
      ],
      [
       1697,
       2910
      ],
      [
       1684,
       2922
      ],
      [
       1672,
       2920
      ],
      [
       1665,
       2928
      ],
      [
       1665,
       2942
      ],
      [
       1656,
       2949
      ],
      [
       1643,
       2947
      ],
      [
       1639,
       2960
      ],
      [
       1627,
       2962
      ],
      [
       1590,
       2999
      ],
      [
       1589,
       3007
      ],
      [
       1577,
       3011
      ],
      [
       1570,
       3019
      ],
      [
       1574,
       3030
      ],
      [
       1709,
       3166
      ],
      [
       1713,
       3179
      ],
      [
       1705,
       3191
      ],
      [
       1691,
       3198
      ],
      [
       1559,
       3063
      ],
      [
       1549,
       3058
      ],
      [
       1537,
       3066
      ],
      [
       1524,
       3063
      ],
      [
       1520,
       3068
      ],
      [
       1522,
       3081
      ],
      [
       1401,
       3199
      ],
      [
       1406,
       3226
      ],
      [
       1413,
       3233
      ],
      [
       1428,
       3233
      ],
      [
       1448,
       3254
      ],
      [
       1446,
       3266
      ],
      [
       1464,
       3270
      ],
      [
       1469,
       3275
      ],
      [
       1470,
       3290
      ],
      [
       1492,
       3298
      ],
      [
       1501,
       3307
      ],
      [
       1500,
       3320
      ],
      [
       1517,
       3324
      ],
      [
       1528,
       3334
      ],
      [
       1529,
       3350
      ],
      [
       1534,
       3355
      ],
      [
       1545,
       3353
      ],
      [
       1564,
       3370
      ],
      [
       1564,
       3381
      ],
      [
       1587,
       3393
      ],
      [
       1585,
       3406
      ],
      [
       1605,
       3425
      ],
      [
       1616,
       3424
      ],
      [
       1625,
       3431
      ],
      [
       1623,
       3443
      ],
      [
       1630,
       3452
      ],
      [
       1642,
       3450
      ],
      [
       1651,
       3457
      ],
      [
       1649,
       3470
      ],
      [
       1672,
       3493
      ],
      [
       1688,
       3494
      ],
      [
       1714,
       3519
      ],
      [
       1761,
       3476
      ],
      [
       1775,
       3472
      ],
      [
       1781,
       3459
      ],
      [
       1791,
       3458
      ],
      [
       1802,
       3447
      ],
      [
       1802,
       3437
      ],
      [
       1809,
       3430
      ],
      [
       1824,
       3426
      ],
      [
       1829,
       3411
      ],
      [
       1839,
       3401
      ],
      [
       1853,
       3399
      ],
      [
       1864,
       3376
      ],
      [
       1857,
       3363
      ],
      [
       1736,
       3242
      ],
      [
       1745,
       3227
      ],
      [
       1761,
       3219
      ],
      [
       1898,
       3352
      ],
      [
       1910,
       3336
      ],
      [
       1926,
       3328
      ],
      [
       1936,
       3307
      ],
      [
       1946,
       3306
      ],
      [
       1955,
       3298
      ],
      [
       1958,
       3285
      ],
      [
       1975,
       3280
      ],
      [
       1988,
       3256
      ],
      [
       1999,
       3256
      ],
      [
       2005,
       3251
      ],
      [
       2006,
       3238
      ],
      [
       2039,
       3205
      ],
      [
       2038,
       3197
      ],
      [
       1975,
       3134
      ],
      [
       1976,
       3122
      ],
      [
       1971,
       3117
      ],
      [
       1958,
       3116
      ],
      [
       1954,
       3111
      ],
      [
       1955,
       3100
      ],
      [
       1942,
       3092
      ],
      [
       1933,
       3079
      ],
      [
       1922,
       3079
      ],
      [
       1905,
       3063
      ],
      [
       1906,
       3052
      ],
      [
       1890,
       3048
      ],
      [
       1878,
       3036
      ],
      [
       1878,
       3021
      ],
      [
       1862,
       3018
      ],
      [
       1847,
       3004
      ],
      [
       1849,
       2991
      ],
      [
       1842,
       2986
      ],
      [
       1829,
       2986
      ],
      [
       1815,
       2972
      ],
      [
       1816,
       2959
      ],
      [
       1803,
       2952
      ],
      [
       1800,
       2942
      ],
      [
       1780,
       2922
      ],
      [
       1769,
       2917
      ],
      [
       1764,
       2906
      ],
      [
       1749,
       2897
      ],
      [
       1745,
       2886
      ],
      [
       1735,
       2879
      ]
     ]
    ]
   },
   "properties": {
    "sheet": "vancouver_1912_MAP342a_04",
    "block_id": "vancouver_1912_MAP342a_04:block:12",
    "block_number": "12",
    "block_number_inferred": false,
    "lot_numbers": [
     "8",
     "10",
     "16",
     "17",
     "18",
     "20"
    ],
    "streets": [
     {
      "name": "HOMER ST.",
      "distance_px": 52,
      "bearing_deg": 135,
      "side": "SE",
      "label_bbox_source": [
       1758,
       3275,
       2081,
       3524
      ],
      "rotation_view": 60
     },
     {
      "name": "RICHARDS ST.",
      "distance_px": 53,
      "bearing_deg": 318,
      "side": "NW",
      "label_bbox_source": [
       1363,
       2777,
       1693,
       3196
      ],
      "rotation_view": 30
     },
     {
      "name": "B.C. Electric Ry Co",
      "distance_px": 57,
      "bearing_deg": 37,
      "side": "NE",
      "label_bbox_source": [
       1740,
       2842,
       2060,
       3089
      ],
      "rotation_view": 30
     },
     {
      "name": "HASTINGS ST. WEST",
      "distance_px": 79,
      "bearing_deg": 265,
      "side": "W",
      "label_bbox_source": [
       1120,
       3011,
       1536,
       3461
      ],
      "rotation_view": 0
     },
     {
      "name": "Mercoritise",
      "distance_px": 136,
      "bearing_deg": 118,
      "side": "SE",
      "label_bbox_source": [
       1988,
       3293,
       2137,
       3475
      ],
      "rotation_view": 30
     },
     {
      "name": "BANK",
      "distance_px": 140,
      "bearing_deg": 301,
      "side": "NW",
      "label_bbox_source": [
       1356,
       2976,
       1431,
       3039
      ],
      "rotation_view": 30
     },
     {
      "name": "Buildings",
      "distance_px": 157,
      "bearing_deg": 121,
      "side": "SE",
      "label_bbox_source": [
       2005,
       3331,
       2132,
       3481
      ],
      "rotation_view": 30
     }
    ],
    "street_names": [
     "HOMER ST.",
     "RICHARDS ST.",
     "B.C. Electric Ry Co",
     "HASTINGS ST. WEST",
     "Mercoritise",
     "BANK",
     "Buildings"
    ],
    "area_source_px2": 199362,
    "centroid_source_px": [
     1720,
     3201
    ],
    "n_outlines": 15
   }
  },
  {
   "type": "Feature",
   "id": 10,
   "geometry": {
    "type": "Polygon",
    "coordinates": [
     [
      [
       1914,
       2905
      ],
      [
       1912,
       2919
      ],
      [
       1926,
       2928
      ],
      [
       1940,
       2946
      ],
      [
       1952,
       2948
      ],
      [
       1954,
       2961
      ],
      [
       1969,
       2965
      ],
      [
       1976,
       2981
      ],
      [
       1991,
       2987
      ],
      [
       1991,
       2997
      ],
      [
       2034,
       3040
      ],
      [
       2047,
       3047
      ],
      [
       2058,
       3063
      ],
      [
       2070,
       3065
      ],
      [
       2087,
       3082
      ],
      [
       2087,
       3089
      ],
      [
       2096,
       3100
      ],
      [
       2108,
       3102
      ],
      [
       2123,
       3118
      ],
      [
       2123,
       3127
      ],
      [
       2130,
       3135
      ],
      [
       2145,
       3139
      ],
      [
       2167,
       3160
      ],
      [
       2472,
       3242
      ],
      [
       2487,
       3242
      ],
      [
       2495,
       3219
      ],
      [
       2507,
       3213
      ],
      [
       2508,
       3205
      ],
      [
       2502,
       3199
      ],
      [
       2505,
       3182
      ],
      [
       2518,
       3173
      ],
      [
       2514,
       3152
      ],
      [
       2529,
       3136
      ],
      [
       2526,
       3114
      ],
      [
       2530,
       3101
      ],
      [
       2543,
       3090
      ],
      [
       2536,
       3073
      ],
      [
       2526,
       3067
      ],
      [
       2523,
       3059
      ],
      [
       2490,
       3059
      ],
      [
       2482,
       3047
      ],
      [
       2474,
       3045
      ],
      [
       2463,
       3051
      ],
      [
       2446,
       3047
      ],
      [
       2437,
       3035
      ],
      [
       2416,
       3038
      ],
      [
       2193,
       2975
      ],
      [
       2188,
       2964
      ],
      [
       2159,
       2966
      ],
      [
       2150,
       2963
      ],
      [
       2144,
       2952
      ],
      [
       2109,
       2952
      ],
      [
       2100,
       2940
      ],
      [
       2065,
       2940
      ],
      [
       2056,
       2928
      ],
      [
       2040,
       2933
      ],
      [
       2012,
       2924
      ],
      [
       2004,
       2913
      ],
      [
       1989,
       2916
      ],
      [
       1975,
       2907
      ],
      [
       1962,
       2911
      ],
      [
       1955,
       2903
      ],
      [
       1941,
       2901
      ],
      [
       1931,
       2894
      ],
      [
       1922,
       2894
      ],
      [
       1914,
       2905
      ]
     ]
    ]
   },
   "properties": {
    "sheet": "vancouver_1912_MAP342a_04",
    "block_id": "vancouver_1912_MAP342a_04:block:10",
    "block_number": "10",
    "block_number_inferred": false,
    "lot_numbers": [
     "7",
     "8",
     "9",
     "10",
     "11",
     "12",
     "13",
     "20"
    ],
    "streets": [
     {
      "name": "FRI",
      "distance_px": 1,
      "bearing_deg": 91,
      "side": "E",
      "label_bbox_source": [
       2523,
       3067,
       2559,
       3100
      ],
      "rotation_view": 30
     },
     {
      "name": "LOT SAL",
      "distance_px": 10,
      "bearing_deg": 116,
      "side": "SE",
      "label_bbox_source": [
       2483,
       3137,
       2552,
       3269
      ],
      "rotation_view": 0
     },
     {
      "name": "DISTRICT LOT 541",
      "distance_px": 42,
      "bearing_deg": 101,
      "side": "E",
      "label_bbox_source": [
       2517,
       2980,
       2626,
       3292
      ],
      "rotation_view": 0
     },
     {
      "name": "B.C. Electric Ry Co",
      "distance_px": 44,
      "bearing_deg": 287,
      "side": "W",
      "label_bbox_source": [
       1740,
       2842,
       2060,
       3089
      ],
      "rotation_view": 30
     },
     {
      "name": "TOWNISITE",
      "distance_px": 54,
      "bearing_deg": 116,
      "side": "SE",
      "label_bbox_source": [
       2518,
       3154,
       2602,
       3292
      ],
      "rotation_view": 0
     },
     {
      "name": "TOMNSITE",
      "distance_px": 68,
      "bearing_deg": 117,
      "side": "SE",
      "label_bbox_source": [
       2481,
       3148,
       2660,
       3324
      ],
      "rotation_view": 60
     },
     {
      "name": "BRISBERRY BLACK",
      "distance_px": 75,
      "bearing_deg": 185,
      "side": "S",
      "label_bbox_source": [
       2174,
       3205,
       2316,
       3312
      ],
      "rotation_view": 30
     },
     {
      "name": "OLD GRANVILLE TOWN",
      "distance_px": 97,
      "bearing_deg": 84,
      "side": "E",
      "label_bbox_source": [
       2572,
       2909,
       2683,
       3172
      ],
      "rotation_view": 0
     },
     {
      "name": "TOMINSITE",
      "distance_px": 108,
      "bearing_deg": 113,
      "side": "SE",
      "label_bbox_source": [
       2583,
       3155,
       2644,
       3303
      ],
      "rotation_view": 0
     },
     {
      "name": "Burward",
      "distance_px": 149,
      "bearing_deg": 248,
      "side": "W",
      "label_bbox_source": [
       1933,
       3172,
       2026,
       3214
      ],
      "rotation_view": 0
     },
     {
      "name": "Company",
      "distance_px": 161,
      "bearing_deg": 27,
      "side": "NE",
      "label_bbox_source": [
       2329,
       2799,
       2419,
       2919
      ],
      "rotation_view": 60
     },
     {
      "name": "Building",
      "distance_px": 165,
      "bearing_deg": 247,
      "side": "SW",
      "label_bbox_source": [
       1914,
       3148,
       2022,
       3259
      ],
      "rotation_view": 60
     },
     {
      "name": "Huckay Smi",
      "distance_px": 165,
      "bearing_deg": 104,
      "side": "E",
      "label_bbox_source": [
       2623,
       3149,
       2752,
       3212
      ],
      "rotation_view": 0
     },
     {
      "name": "Hotel",
      "distance_px": 168,
      "bearing_deg": 243,
      "side": "SW",
      "label_bbox_source": [
       1945,
       3205,
       2011,
       3235
      ],
      "rotation_view": 0
     }
    ],
    "street_names": [
     "FRI",
     "LOT SAL",
     "DISTRICT LOT 541",
     "B.C. Electric Ry Co",
     "TOWNISITE",
     "TOMNSITE",
     "BRISBERRY BLACK",
     "OLD GRANVILLE TOWN",
     "TOMINSITE",
     "Burward",
     "Company",
     "Building",
     "Huckay Smi",
     "Hotel"
    ],
    "area_source_px2": 95256,
    "centroid_source_px": [
     2261,
     3078
    ],
    "n_outlines": 7
   }
  },
  {
   "type": "Feature",
   "id": 11,
   "geometry": {
    "type": "Polygon",
    "coordinates": [
     [
      [
       2636,
       3131
      ],
      [
       2634,
       3142
      ],
      [
       2641,
       3154
      ],
      [
       2627,
       3163
      ],
      [
       2633,
       3180
      ],
      [
       2617,
       3235
      ],
      [
       2602,
       3249
      ],
      [
       2609,
       3260
      ],
      [
       2606,
       3275
      ],
      [
       2595,
       3278
      ],
      [
       2590,
       3286
      ],
      [
       2598,
       3297
      ],
      [
       2593,
       3321
      ],
      [
       2582,
       3327
      ],
      [
       2578,
       3335
      ],
      [
       2584,
       3346
      ],
      [
       2582,
       3363
      ],
      [
       2693,
       3394
      ],
      [
       2707,
       3408
      ],
      [
       2725,
       3403
      ],
      [
       2849,
       3436
      ],
      [
       2858,
       3452
      ],
      [
       2835,
       3470
      ],
      [
       2583,
       3400
      ],
      [
       2571,
       3400
      ],
      [
       2518,
       3581
      ],
      [
       2580,
       3642
      ],
      [
       2682,
       3669
      ],
      [
       2693,
       3682
      ],
      [
       2723,
       3680
      ],
      [
       2732,
       3694
      ],
      [
       2751,
       3689
      ],
      [
       2771,
       3694
      ],
      [
       2776,
       3704
      ],
      [
       2791,
       3699
      ],
      [
       2844,
       3714
      ],
      [
       2854,
       3727
      ],
      [
       2869,
       3721
      ],
      [
       2888,
       3729
      ],
      [
       2891,
       3739
      ],
      [
       2900,
       3739
      ],
      [
       2909,
       3732
      ],
      [
       2918,
       3745
      ],
      [
       2936,
       3739
      ],
      [
       2948,
       3753
      ],
      [
       2964,
       3746
      ],
      [
       3089,
       3781
      ],
      [
       3106,
       3780
      ],
      [
       3127,
       3791
      ],
      [
       3173,
       3803
      ],
      [
       3183,
       3816
      ],
      [
       3191,
       3816
      ],
      [
       3197,
       3810
      ],
      [
       3204,
       3812
      ],
      [
       3209,
       3822
      ],
      [
       3225,
       3817
      ],
      [
       3253,
       3825
      ],
      [
       3258,
       3834
      ],
      [
       3271,
       3830
      ],
      [
       3285,
       3833
      ],
      [
       3301,
       3849
      ],
      [
       3312,
       3841
      ],
      [
       3329,
       3845
      ],
      [
       3342,
       3860
      ],
      [
       3364,
       3854
      ],
      [
       3381,
       3870
      ],
      [
       3404,
       3861
      ],
      [
       3418,
       3879
      ],
      [
       3435,
       3887
      ],
      [
       3455,
       3886
      ],
      [
       3474,
       3873
      ],
      [
       3481,
       3844
      ],
      [
       3468,
       3822
      ],
      [
       3440,
       3815
      ],
      [
       3419,
       3824
      ],
      [
       3415,
       3817
      ],
      [
       3450,
       3697
      ],
      [
       3461,
       3680
      ],
      [
       3466,
       3659
      ],
      [
       3477,
       3651
      ],
      [
       3474,
       3643
      ],
      [
       3459,
       3634
      ],
      [
       3478,
       3624
      ],
      [
       3489,
       3564
      ],
      [
       3504,
       3553
      ],
      [
       3505,
       3545
      ],
      [
       3499,
       3534
      ],
      [
       3546,
       3375
      ],
      [
       3539,
       3356
      ],
      [
       3527,
       3352
      ],
      [
       3516,
       3357
      ],
      [
       3507,
       3355
      ],
      [
       3494,
       3344
      ],
      [
       3486,
       3342
      ],
      [
       3476,
       3347
      ],
      [
       3462,
       3343
      ],
      [
       3452,
       3331
      ],
      [
       3435,
       3336
      ],
      [
       3305,
       3300
      ],
      [
       3293,
       3288
      ],
      [
       3280,
       3294
      ],
      [
       3092,
       3243
      ],
      [
       3081,
       3231
      ],
      [
       3061,
       3235
      ],
      [
       3042,
       3230
      ],
      [
       3034,
       3218
      ],
      [
       3021,
       3218
      ],
      [
       3015,
       3223
      ],
      [
       3007,
       3212
      ],
      [
       2996,
       3210
      ],
      [
       2986,
       3215
      ],
      [
       2974,
       3202
      ],
      [
       2953,
       3206
      ],
      [
       2879,
       3186
      ],
      [
       2866,
       3172
      ],
      [
       2843,
       3176
      ],
      [
       2824,
       3161
      ],
      [
       2810,
       3167
      ],
      [
       2796,
       3153
      ],
      [
       2778,
       3157
      ],
      [
       2771,
       3146
      ],
      [
       2753,
       3151
      ],
      [
       2724,
       3144
      ],
      [
       2705,
       3128
      ],
      [
       2686,
       3134
      ],
      [
       2653,
       3125
      ],
      [
       2636,
       3131
      ]
     ]
    ]
   },
   "properties": {
    "sheet": "vancouver_1912_MAP342a_04",
    "block_id": "vancouver_1912_MAP342a_04:block:fid11",
    "block_number": null,
    "block_number_inferred": false,
    "lot_numbers": [
     "3",
     "4",
     "5",
     "6",
     "9",
     "10",
     "11",
     "12",
     "13",
     "14",
     "15",
     "16",
     "157",
     "212"
    ],
    "streets": [
     {
      "name": "FRI",
      "distance_px": 1,
      "bearing_deg": 344,
      "side": "N",
      "label_bbox_source": [
       2937,
       3188,
       2973,
       3222
      ],
      "rotation_view": 30
     },
     {
      "name": "TOMINSITE",
      "distance_px": 5,
      "bearing_deg": 302,
      "side": "NW",
      "label_bbox_source": [
       2583,
       3155,
       2644,
       3303
      ],
      "rotation_view": 0
     },
     {
      "name": "TOMNSITE",
      "distance_px": 34,
      "bearing_deg": 299,
      "side": "NW",
      "label_bbox_source": [
       2481,
       3148,
       2660,
       3324
      ],
      "rotation_view": 60
     },
     {
      "name": "TOWNISITE",
      "distance_px": 49,
      "bearing_deg": 300,
      "side": "NW",
      "label_bbox_source": [
       2518,
       3154,
       2602,
       3292
      ],
      "rotation_view": 0
     },
     {
      "name": "Ref.",
      "distance_px": 49,
      "bearing_deg": 206,
      "side": "SW",
      "label_bbox_source": [
       2864,
       3771,
       2924,
       3805
      ],
      "rotation_view": 0
     },
     {
      "name": "REP.",
      "distance_px": 54,
      "bearing_deg": 11,
      "side": "N",
      "label_bbox_source": [
       3076,
       3167,
       3125,
       3195
      ],
      "rotation_view": 0
     },
     {
      "name": "WATER ST.",
      "distance_px": 58,
      "bearing_deg": 59,
      "side": "NE",
      "label_bbox_source": [
       3257,
       3206,
       3567,
       3333
      ],
      "rotation_view": 0
     },
     {
      "name": "ABBOTT",
      "distance_px": 60,
      "bearing_deg": 90,
      "side": "E",
      "label_bbox_source": [
       3524,
       3386,
       3622,
       3607
      ],
      "rotation_view": 0
     },
     {
      "name": "DISTRICT LOT 541",
      "distance_px": 62,
      "bearing_deg": 308,
      "side": "NW",
      "label_bbox_source": [
       2517,
       2980,
       2626,
       3292
      ],
      "rotation_view": 0
     },
     {
      "name": "CAMBIE",
      "distance_px": 64,
      "bearing_deg": 278,
      "side": "W",
      "label_bbox_source": [
       2406,
       3306,
       2588,
       3541
      ],
      "rotation_view": 30
     },
     {
      "name": "IBIE ST.",
      "distance_px": 73,
      "bearing_deg": 267,
      "side": "W",
      "label_bbox_source": [
       2344,
       3412,
       2571,
       3644
      ],
      "rotation_view": 60
     },
     {
      "name": "OLD GRANVILLE TOWN",
      "distance_px": 88,
      "bearing_deg": 318,
      "side": "NW",
      "label_bbox_source": [
       2572,
       2909,
       2683,
       3172
      ],
      "rotation_view": 0
     },
     {
      "name": "LOT SAL",
      "distance_px": 96,
      "bearing_deg": 300,
      "side": "NW",
      "label_bbox_source": [
       2483,
       3137,
       2552,
       3269
      ],
      "rotation_view": 0
     },
     {
      "name": "DISTRICT",
      "distance_px": 96,
      "bearing_deg": 68,
      "side": "E",
      "label_bbox_source": [
       3558,
       3246,
       3620,
       3302
      ],
      "rotation_view": 0
     },
     {
      "name": "WATER",
      "distance_px": 100,
      "bearing_deg": 44,
      "side": "NE",
      "label_bbox_source": [
       3311,
       3178,
       3351,
       3214
      ],
      "rotation_view": 30
     },
     {
      "name": "CORDOVA ST.WEST",
      "distance_px": 124,
      "bearing_deg": 132,
      "side": "SE",
      "label_bbox_source": [
       3301,
       3769,
       3816,
       4158
      ],
      "rotation_view": 30
     },
     {
      "name": "inol",
      "distance_px": 137,
      "bearing_deg": 73,
      "side": "E",
      "label_bbox_source": [
       3635,
       3271,
       3696,
       3335
      ],
      "rotation_view": 60
     },
     {
      "name": "CORDOVA ST. WEST",
      "distance_px": 145,
      "bearing_deg": 130,
      "side": "SE",
      "label_bbox_source": [
       3341,
       3877,
       3831,
       4052
      ],
      "rotation_view": 0
     },
     {
      "name": "HOTEL",
      "distance_px": 150,
      "bearing_deg": 91,
      "side": "E",
      "label_bbox_source": [
       3647,
       3458,
       3680,
       3557
      ],
      "rotation_view": 0
     },
     {
      "name": "DAT.",
      "distance_px": 163,
      "bearing_deg": 66,
      "side": "NE",
      "label_bbox_source": [
       3615,
       3206,
       3663,
       3248
      ],
      "rotation_view": 30
     }
    ],
    "street_names": [
     "FRI",
     "TOMINSITE",
     "TOMNSITE",
     "TOWNISITE",
     "Ref.",
     "REP.",
     "WATER ST.",
     "ABBOTT",
     "DISTRICT LOT 541",
     "CAMBIE",
     "IBIE ST.",
     "OLD GRANVILLE TOWN",
     "LOT SAL",
     "DISTRICT",
     "WATER",
     "CORDOVA ST.WEST",
     "inol",
     "CORDOVA ST. WEST",
     "HOTEL",
     "DAT."
    ],
    "area_source_px2": 480122,
    "centroid_source_px": [
     3038,
     3498
    ],
    "n_outlines": 25
   }
  },
  {
   "type": "Feature",
   "id": 12,
   "geometry": {
    "type": "Polygon",
    "coordinates": [
     [
      [
       1673,
       3591
      ],
      [
       1667,
       3619
      ],
      [
       1679,
       3641
      ],
      [
       1698,
       3650
      ],
      [
       1727,
       3647
      ],
      [
       2209,
       4130
      ],
      [
       2231,
       4160
      ],
      [
       2247,
       4204
      ],
      [
       2255,
       4204
      ],
      [
       2259,
       4194
      ],
      [
       2268,
       4191
      ],
      [
       2275,
       4213
      ],
      [
       2292,
       4215
      ],
      [
       2342,
       4268
      ],
      [
       2392,
       4304
      ],
      [
       2468,
       4334
      ],
      [
       2804,
       4420
      ],
      [
       2842,
       4438
      ],
      [
       2864,
       4435
      ],
      [
       2882,
       4413
      ],
      [
       2882,
       4392
      ],
      [
       2876,
       4379
      ],
      [
       2867,
       4370
      ],
      [
       2847,
       4362
      ],
      [
       2859,
       4350
      ],
      [
       2885,
       4358
      ],
      [
       2890,
       4369
      ],
      [
       2899,
       4369
      ],
      [
       2905,
       4363
      ],
      [
       2919,
       4367
      ],
      [
       2928,
       4381
      ],
      [
       2938,
       4381
      ],
      [
       2949,
       4374
      ],
      [
       2960,
       4384
      ],
      [
       2973,
       4380
      ],
      [
       3029,
       4396
      ],
      [
       3036,
       4406
      ],
      [
       3057,
       4403
      ],
      [
       3155,
       4429
      ],
      [
       3166,
       4438
      ],
      [
       3174,
       4435
      ],
      [
       3224,
       4449
      ],
      [
       3230,
       4446
      ],
      [
       3286,
       4260
      ],
      [
       3292,
       4227
      ],
      [
       3148,
       4184
      ],
      [
       2931,
       4128
      ],
      [
       2921,
       4123
      ],
      [
       2919,
       4117
      ],
      [
       2930,
       4094
      ],
      [
       3302,
       4193
      ],
      [
       3331,
       4100
      ],
      [
       3344,
       4089
      ],
      [
       3338,
       4075
      ],
      [
       3366,
       3984
      ],
      [
       3363,
       3976
      ],
      [
       3353,
       3972
      ],
      [
       3353,
       3963
      ],
      [
       3343,
       3961
      ],
      [
       3336,
       3969
      ],
      [
       3319,
       3963
      ],
      [
       3313,
       3950
      ],
      [
       3301,
       3949
      ],
      [
       3290,
       3957
      ],
      [
       3281,
       3953
      ],
      [
       3279,
       3942
      ],
      [
       3255,
       3948
      ],
      [
       3247,
       3943
      ],
      [
       3245,
       3932
      ],
      [
       3233,
       3932
      ],
      [
       3225,
       3940
      ],
      [
       3211,
       3936
      ],
      [
       3206,
       3922
      ],
      [
       3181,
       3928
      ],
      [
       3165,
       3924
      ],
      [
       3160,
       3915
      ],
      [
       3146,
       3919
      ],
      [
       3124,
       3911
      ],
      [
       3128,
       3889
      ],
      [
       3092,
       3877
      ],
      [
       3069,
       3897
      ],
      [
       3053,
       3892
      ],
      [
       3048,
       3878
      ],
      [
       3026,
       3885
      ],
      [
       3019,
       3872
      ],
      [
       3006,
       3872
      ],
      [
       2998,
       3878
      ],
      [
       2991,
       3865
      ],
      [
       2974,
       3869
      ],
      [
       2967,
       3859
      ],
      [
       2952,
       3861
      ],
      [
       2937,
       3851
      ],
      [
       2925,
       3858
      ],
      [
       2912,
       3855
      ],
      [
       2898,
       3835
      ],
      [
       2911,
       3828
      ],
      [
       2926,
       3810
      ],
      [
       2927,
       3789
      ],
      [
       2924,
       3777
      ],
      [
       2904,
       3763
      ],
      [
       2876,
       3763
      ],
      [
       2551,
       3674
      ],
      [
       2523,
       3659
      ],
      [
       2512,
       3663
      ],
      [
       2479,
       3654
      ],
      [
       2439,
       3665
      ],
      [
       2422,
       3652
      ],
      [
       2409,
       3649
      ],
      [
       2391,
       3652
      ],
      [
       2370,
       3666
      ],
      [
       2369,
       3657
      ],
      [
       2403,
       3556
      ],
      [
       2402,
       3549
      ],
      [
       2386,
       3544
      ],
      [
       2385,
       3534
      ],
      [
       2378,
       3526
      ],
      [
       2364,
       3525
      ],
      [
       2363,
       3512
      ],
      [
       2357,
       3505
      ],
      [
       2345,
       3505
      ],
      [
       2334,
       3496
      ],
      [
       2335,
       3482
      ],
      [
       2329,
       3476
      ],
      [
       2313,
       3474
      ],
      [
       2311,
       3459
      ],
      [
       2297,
       3452
      ],
      [
       2296,
       3443
      ],
      [
       2289,
       3439
      ],
      [
       2281,
       3441
      ],
      [
       2270,
       3431
      ],
      [
       2272,
       3418
      ],
      [
       2262,
       3412
      ],
      [
       2253,
       3414
      ],
      [
       2227,
       3387
      ],
      [
       2229,
       3376
      ],
      [
       2223,
       3369
      ],
      [
       2205,
       3366
      ],
      [
       2193,
       3353
      ],
      [
       2195,
       3339
      ],
      [
       2176,
       3336
      ],
      [
       2145,
       3305
      ],
      [
       2145,
       3292
      ],
      [
       2140,
       3285
      ],
      [
       2122,
       3286
      ],
      [
       1976,
       3428
      ],
      [
       1982,
       3440
      ],
      [
       2130,
       3588
      ],
      [
       2135,
       3597
      ],
      [
       2115,
       3615
      ],
      [
       2109,
       3615
      ],
      [
       2009,
       3519
      ],
      [
       1935,
       3587
      ],
      [
       1879,
       3529
      ],
      [
       1855,
       3530
      ],
      [
       1847,
       3539
      ],
      [
       1846,
       3552
      ],
      [
       1796,
       3601
      ],
      [
       1798,
       3619
      ],
      [
       1805,
       3626
      ],
      [
       1819,
       3629
      ],
      [
       1825,
       3636
      ],
      [
       1825,
       3646
      ],
      [
       1831,
       3652
      ],
      [
       1845,
       3655
      ],
      [
       1859,
       3669
      ],
      [
       1858,
       3678
      ],
      [
       1864,
       3685
      ],
      [
       1873,
       3685
      ],
      [
       1884,
       3694
      ],
      [
       1873,
       3710
      ],
      [
       1874,
       3716
      ],
      [
       1892,
       3734
      ],
      [
       1905,
       3730
      ],
      [
       1922,
       3732
      ],
      [
       1923,
       3749
      ],
      [
       1939,
       3749
      ],
      [
       1951,
       3761
      ],
      [
       1949,
       3771
      ],
      [
       1954,
       3778
      ],
      [
       1968,
       3778
      ],
      [
       1980,
       3790
      ],
      [
       1980,
       3802
      ],
      [
       2001,
       3810
      ],
      [
       2006,
       3816
      ],
      [
       2006,
       3827
      ],
      [
       2021,
       3831
      ],
      [
       2023,
       3843
      ],
      [
       2035,
       3846
      ],
      [
       2047,
       3857
      ],
      [
       2048,
       3870
      ],
      [
       2069,
       3878
      ],
      [
       2074,
       3896
      ],
      [
       2092,
       3901
      ],
      [
       2106,
       3915
      ],
      [
       2105,
       3927
      ],
      [
       2120,
       3937
      ],
      [
       2093,
       3964
      ],
      [
       2087,
       3964
      ],
      [
       1743,
       3618
      ],
      [
       1741,
       3601
      ],
      [
       1730,
       3585
      ],
      [
       1697,
       3576
      ],
      [
       1673,
       3591
      ]
     ]
    ]
   },
   "properties": {
    "sheet": "vancouver_1912_MAP342a_04",
    "block_id": "vancouver_1912_MAP342a_04:block:4",
    "block_number": "4",
    "block_number_inferred": false,
    "lot_numbers": [
     "5",
     "10",
     "12",
     "13",
     "14",
     "41",
     "79",
     "102",
     "218"
    ],
    "streets": [
     {
      "name": "BLM.",
      "distance_px": 3,
      "bearing_deg": 129,
      "side": "SE",
      "label_bbox_source": [
       3151,
       4430,
       3173,
       4447
      ],
      "rotation_view": 0
     },
     {
      "name": "MAHON BLK",
      "distance_px": 6,
      "bearing_deg": 288,
      "side": "W",
      "label_bbox_source": [
       1857,
       3703,
       1945,
       3771
      ],
      "rotation_view": 30
     },
     {
      "name": "Dominion",
      "distance_px": 13,
      "bearing_deg": 262,
      "side": "W",
      "label_bbox_source": [
       2028,
       3956,
       2133,
       4082
      ],
      "rotation_view": 60
     },
     {
      "name": "Trusts Bldg.",
      "distance_px": 14,
      "bearing_deg": 260,
      "side": "W",
      "label_bbox_source": [
       2043,
       3966,
       2152,
       4111
      ],
      "rotation_view": 60
     },
     {
      "name": "OFFICIAL",
      "distance_px": 52,
      "bearing_deg": 99,
      "side": "E",
      "label_bbox_source": [
       3362,
       4062,
       3428,
       4095
      ],
      "rotation_view": 0
     },
     {
      "name": "IBIE ST.",
      "distance_px": 59,
      "bearing_deg": 345,
      "side": "N",
      "label_bbox_source": [
       2344,
       3412,
       2571,
       3644
      ],
      "rotation_view": 60
     },
     {
      "name": "HOMER ST.",
      "distance_px": 63,
      "bearing_deg": 310,
      "side": "NW",
      "label_bbox_source": [
       1758,
       3275,
       2081,
       3524
      ],
      "rotation_view": 60
     },
     {
      "name": "WARDS",
      "distance_px": 69,
      "bearing_deg": 112,
      "side": "E",
      "label_bbox_source": [
       3291,
       4184,
       3419,
       4346
      ],
      "rotation_view": 30
     },
     {
      "name": "Cordova.",
      "distance_px": 73,
      "bearing_deg": 52,
      "side": "NE",
      "label_bbox_source": [
       2851,
       3643,
       2969,
       3737
      ],
      "rotation_view": 30
     },
     {
      "name": "BRISBERRY BLACK",
      "distance_px": 95,
      "bearing_deg": 335,
      "side": "NW",
      "label_bbox_source": [
       2174,
       3205,
       2316,
       3312
      ],
      "rotation_view": 30
     },
     {
      "name": "Hotel",
      "distance_px": 107,
      "bearing_deg": 49,
      "side": "NE",
      "label_bbox_source": [
       2865,
       3632,
       2950,
       3681
      ],
      "rotation_view": 0
     },
     {
      "name": "Homer",
      "distance_px": 137,
      "bearing_deg": 301,
      "side": "NW",
      "label_bbox_source": [
       1661,
       3403,
       1750,
       3475
      ],
      "rotation_view": 60
     },
     {
      "name": "Jones Building",
      "distance_px": 151,
      "bearing_deg": 304,
      "side": "NW",
      "label_bbox_source": [
       1657,
       3309,
       1858,
       3521
      ],
      "rotation_view": 30
     },
     {
      "name": "CAMBIE",
      "distance_px": 157,
      "bearing_deg": 352,
      "side": "N",
      "label_bbox_source": [
       2406,
       3306,
       2588,
       3541
      ],
      "rotation_view": 30
     },
     {
      "name": "Theatre",
      "distance_px": 160,
      "bearing_deg": 56,
      "side": "NE",
      "label_bbox_source": [
       2968,
       3585,
       3066,
       3709
      ],
      "rotation_view": 30
     },
     {
      "name": "Nagle",
      "distance_px": 163,
      "bearing_deg": 74,
      "side": "E",
      "label_bbox_source": [
       3199,
       3744,
       3286,
       3782
      ],
      "rotation_view": 0
     },
     {
      "name": "Burward",
      "distance_px": 166,
      "bearing_deg": 322,
      "side": "NW",
      "label_bbox_source": [
       1933,
       3172,
       2026,
       3214
      ],
      "rotation_view": 0
     },
     {
      "name": "Building",
      "distance_px": 167,
      "bearing_deg": 321,
      "side": "NW",
      "label_bbox_source": [
       1914,
       3148,
       2022,
       3259
      ],
      "rotation_view": 60
     },
     {
      "name": "Hotel.",
      "distance_px": 168,
      "bearing_deg": 105,
      "side": "E",
      "label_bbox_source": [
       3431,
       4183,
       3520,
       4221
      ],
      "rotation_view": 0
     }
    ],
    "street_names": [
     "BLM.",
     "MAHON BLK",
     "Dominion",
     "Trusts Bldg.",
     "OFFICIAL",
     "IBIE ST.",
     "HOMER ST.",
     "WARDS",
     "Cordova.",
     "BRISBERRY BLACK",
     "Hotel",
     "Homer",
     "Jones Building",
     "CAMBIE",
     "Theatre",
     "Nagle",
     "Burward",
     "Building",
     "Hotel."
    ],
    "area_source_px2": 858412,
    "centroid_source_px": [
     2568,
     3953
    ],
    "n_outlines": 52
   }
  },
  {
   "type": "Feature",
   "id": 13,
   "geometry": {
    "type": "Polygon",
    "coordinates": [
     [
      [
       3656,
       3402
      ],
      [
       3650,
       3424
      ],
      [
       3637,
       3436
      ],
      [
       3641,
       3451
      ],
      [
       3630,
       3494
      ],
      [
       3616,
       3504
      ],
      [
       3622,
       3522
      ],
      [
       3616,
       3540
      ],
      [
       3603,
       3547
      ],
      [
       3607,
       3572
      ],
      [
       3593,
       3583
      ],
      [
       3592,
       3594
      ],
      [
       3598,
       3603
      ],
      [
       3586,
       3616
      ],
      [
       3584,
       3630
      ],
      [
       3590,
       3637
      ],
      [
       3668,
       3658
      ],
      [
       3669,
       3677
      ],
      [
       3698,
       3666
      ],
      [
       3706,
       3675
      ],
      [
       3705,
       3686
      ],
      [
       3697,
       3701
      ],
      [
       3683,
       3703
      ],
      [
       3663,
       3692
      ],
      [
       3590,
       3672
      ],
      [
       3576,
       3672
      ],
      [
       3564,
       3681
      ],
      [
       3555,
       3709
      ],
      [
       3560,
       3731
      ],
      [
       3549,
       3736
      ],
      [
       3544,
       3747
      ],
      [
       3538,
       3747
      ],
      [
       3526,
       3736
      ],
      [
       3507,
       3732
      ],
      [
       3489,
       3737
      ],
      [
       3477,
       3749
      ],
      [
       3471,
       3775
      ],
      [
       3485,
       3799
      ],
      [
       3510,
       3806
      ],
      [
       3538,
       3791
      ],
      [
       3545,
       3796
      ],
      [
       3545,
       3804
      ],
      [
       3536,
       3811
      ],
      [
       3515,
       3886
      ],
      [
       3516,
       3893
      ],
      [
       3529,
       3901
      ],
      [
       3532,
       3911
      ],
      [
       3555,
       3905
      ],
      [
       3566,
       3909
      ],
      [
       3574,
       3921
      ],
      [
       3593,
       3916
      ],
      [
       3605,
       3927
      ],
      [
       3618,
       3923
      ],
      [
       3632,
       3926
      ],
      [
       3639,
       3937
      ],
      [
       3655,
       3933
      ],
      [
       3671,
       3937
      ],
      [
       3676,
       3944
      ],
      [
       3689,
       3942
      ],
      [
       3696,
       3950
      ],
      [
       3708,
       3947
      ],
      [
       3715,
       3954
      ],
      [
       3739,
       3955
      ],
      [
       3747,
       3967
      ],
      [
       3772,
       3965
      ],
      [
       3796,
       3982
      ],
      [
       3844,
       3989
      ],
      [
       3854,
       3995
      ],
      [
       3872,
       3991
      ],
      [
       3882,
       4003
      ],
      [
       3895,
       3999
      ],
      [
       3910,
       4002
      ],
      [
       3917,
       4013
      ],
      [
       3937,
       4009
      ],
      [
       3950,
       4019
      ],
      [
       3972,
       4019
      ],
      [
       3979,
       4028
      ],
      [
       4003,
       4027
      ],
      [
       4011,
       4037
      ],
      [
       4026,
       4033
      ],
      [
       4045,
       4043
      ],
      [
       4076,
       4048
      ],
      [
       4083,
       4059
      ],
      [
       4101,
       4054
      ],
      [
       4109,
       4063
      ],
      [
       4123,
       4060
      ],
      [
       4130,
       4067
      ],
      [
       4149,
       4067
      ],
      [
       4158,
       4081
      ],
      [
       4171,
       4079
      ],
      [
       4183,
       4086
      ],
      [
       4195,
       4079
      ],
      [
       4205,
       4090
      ],
      [
       4219,
       4094
      ],
      [
       4245,
       4092
      ],
      [
       4252,
       4099
      ],
      [
       4267,
       4098
      ],
      [
       4278,
       4107
      ],
      [
       4292,
       4105
      ],
      [
       4308,
       4114
      ],
      [
       4340,
       4119
      ],
      [
       4346,
       4125
      ],
      [
       4357,
       4123
      ],
      [
       4376,
       4139
      ],
      [
       4391,
       4133
      ],
      [
       4406,
       4138
      ],
      [
       4414,
       4133
      ],
      [
       4422,
       4104
      ],
      [
       4435,
       4097
      ],
      [
       4432,
       4070
      ],
      [
       4435,
       4055
      ],
      [
       4444,
       4050
      ],
      [
       4446,
       4040
      ],
      [
       4438,
       4025
      ],
      [
       4438,
       4015
      ],
      [
       4446,
       4008
      ],
      [
       4447,
       3993
      ],
      [
       4439,
       3980
      ],
      [
       4449,
       3974
      ],
      [
       4450,
       3967
      ],
      [
       4440,
       3943
      ],
      [
       4450,
       3931
      ],
      [
       4450,
       3917
      ],
      [
       4439,
       3901
      ],
      [
       4034,
       3794
      ],
      [
       4029,
       3788
      ],
      [
       4032,
       3773
      ],
      [
       4042,
       3760
      ],
      [
       4245,
       3812
      ],
      [
       4269,
       3828
      ],
      [
       4306,
       3822
      ],
      [
       4318,
       3832
      ],
      [
       4444,
       3864
      ],
      [
       4452,
       3857
      ],
      [
       4451,
       3842
      ],
      [
       4445,
       3832
      ],
      [
       4453,
       3825
      ],
      [
       4454,
       3813
      ],
      [
       4444,
       3803
      ],
      [
       4445,
       3771
      ],
      [
       4454,
       3766
      ],
      [
       4455,
       3753
      ],
      [
       4446,
       3748
      ],
      [
       4446,
       3741
      ],
      [
       4455,
       3730
      ],
      [
       4450,
       3710
      ],
      [
       4457,
       3703
      ],
      [
       4457,
       3690
      ],
      [
       4451,
       3681
      ],
      [
       4458,
       3672
      ],
      [
       4448,
       3656
      ],
      [
       4446,
       3607
      ],
      [
       4394,
       3594
      ],
      [
       4381,
       3586
      ],
      [
       4360,
       3586
      ],
      [
       4327,
       3571
      ],
      [
       4315,
       3573
      ],
      [
       4305,
       3562
      ],
      [
       4294,
       3559
      ],
      [
       4290,
       3545
      ],
      [
       4259,
       3546
      ],
      [
       4255,
       3530
      ],
      [
       4246,
       3529
      ],
      [
       4239,
       3518
      ],
      [
       4226,
       3519
      ],
      [
       4223,
       3509
      ],
      [
       4209,
       3501
      ],
      [
       4194,
       3505
      ],
      [
       4169,
       3533
      ],
      [
       4160,
       3529
      ],
      [
       4156,
       3518
      ],
      [
       4148,
       3518
      ],
      [
       4139,
       3525
      ],
      [
       4128,
       3521
      ],
      [
       4123,
       3513
      ],
      [
       4110,
       3517
      ],
      [
       4086,
       3511
      ],
      [
       4079,
       3498
      ],
      [
       4071,
       3498
      ],
      [
       4064,
       3505
      ],
      [
       4045,
       3499
      ],
      [
       4042,
       3489
      ],
      [
       4034,
       3489
      ],
      [
       4026,
       3496
      ],
      [
       4017,
       3492
      ],
      [
       4014,
       3482
      ],
      [
       3994,
       3487
      ],
      [
       3988,
       3475
      ],
      [
       3976,
       3475
      ],
      [
       3966,
       3481
      ],
      [
       3956,
       3471
      ],
      [
       3936,
       3473
      ],
      [
       3929,
       3463
      ],
      [
       3915,
       3467
      ],
      [
       3907,
       3452
      ],
      [
       3899,
       3452
      ],
      [
       3890,
       3460
      ],
      [
       3884,
       3456
      ],
      [
       3882,
       3444
      ],
      [
       3862,
       3440
      ],
      [
       3850,
       3446
      ],
      [
       3839,
       3436
      ],
      [
       3822,
       3443
      ],
      [
       3770,
       3427
      ],
      [
       3762,
       3417
      ],
      [
       3746,
       3421
      ],
      [
       3732,
       3412
      ],
      [
       3719,
       3414
      ],
      [
       3712,
       3410
      ],
      [
       3710,
       3398
      ],
      [
       3701,
       3398
      ],
      [
       3694,
       3407
      ],
      [
       3665,
       3398
      ],
      [
       3656,
       3402
      ]
     ]
    ]
   },
   "properties": {
    "sheet": "vancouver_1912_MAP342a_04",
    "block_id": "vancouver_1912_MAP342a_04:block:2",
    "block_number": "2",
    "block_number_inferred": false,
    "lot_numbers": [
     "2",
     "3",
     "4",
     "8",
     "9",
     "12",
     "15",
     "66",
     "205"
    ],
    "streets": [
     {
      "name": "Plan No 210",
      "distance_px": 34,
      "bearing_deg": 6,
      "side": "N",
      "label_bbox_source": [
       3962,
       3419,
       4111,
       3491
      ],
      "rotation_view": 0
     },
     {
      "name": "CORDOVA ST. WEST",
      "distance_px": 42,
      "bearing_deg": 244,
      "side": "SW",
      "label_bbox_source": [
       3341,
       3877,
       3831,
       4052
      ],
      "rotation_view": 0
     },
     {
      "name": "ABBOTT",
      "distance_px": 44,
      "bearing_deg": 302,
      "side": "NW",
      "label_bbox_source": [
       3524,
       3386,
       3622,
       3607
      ],
      "rotation_view": 0
     },
     {
      "name": "CORDOVA ST.WEST",
      "distance_px": 45,
      "bearing_deg": 246,
      "side": "SW",
      "label_bbox_source": [
       3301,
       3769,
       3816,
       4158
      ],
      "rotation_view": 30
     },
     {
      "name": "219,915)Water Line",
      "distance_px": 52,
      "bearing_deg": 331,
      "side": "NW",
      "label_bbox_source": [
       3707,
       3286,
       3871,
       3458
      ],
      "rotation_view": 60
     },
     {
      "name": "Original Water Line",
      "distance_px": 62,
      "bearing_deg": 327,
      "side": "NW",
      "label_bbox_source": [
       3583,
       3244,
       3866,
       3431
      ],
      "rotation_view": 30
     },
     {
      "name": "WALLER BLK",
      "distance_px": 83,
      "bearing_deg": 165,
      "side": "S",
      "label_bbox_source": [
       4051,
       4128,
       4161,
       4165
      ],
      "rotation_view": 0
     },
     {
      "name": "FRI",
      "distance_px": 87,
      "bearing_deg": 316,
      "side": "NW",
      "label_bbox_source": [
       3588,
       3326,
       3608,
       3348
      ],
      "rotation_view": 30
     },
     {
      "name": "inol",
      "distance_px": 95,
      "bearing_deg": 324,
      "side": "NW",
      "label_bbox_source": [
       3635,
       3271,
       3696,
       3335
      ],
      "rotation_view": 60
     },
     {
      "name": "DISTRICT",
      "distance_px": 144,
      "bearing_deg": 320,
      "side": "NW",
      "label_bbox_source": [
       3558,
       3246,
       3620,
       3302
      ],
      "rotation_view": 0
     },
     {
      "name": "Hotel",
      "distance_px": 147,
      "bearing_deg": 297,
      "side": "NW",
      "label_bbox_source": [
       3431,
       3443,
       3500,
       3546
      ],
      "rotation_view": 0
     },
     {
      "name": "Winters",
      "distance_px": 151,
      "bearing_deg": 296,
      "side": "NW",
      "label_bbox_source": [
       3392,
       3429,
       3530,
       3560
      ],
      "rotation_view": 60
     },
     {
      "name": "Crenne",
      "distance_px": 152,
      "bearing_deg": 171,
      "side": "S",
      "label_bbox_source": [
       4035,
       4189,
       4124,
       4235
      ],
      "rotation_view": 0
     }
    ],
    "street_names": [
     "Plan No 210",
     "CORDOVA ST. WEST",
     "ABBOTT",
     "CORDOVA ST.WEST",
     "219,915)Water Line",
     "Original Water Line",
     "WALLER BLK",
     "FRI",
     "inol",
     "DISTRICT",
     "Hotel",
     "Winters",
     "Crenne"
    ],
    "area_source_px2": 457422,
    "centroid_source_px": [
     4005,
     3765
    ],
    "n_outlines": 32
   }
  },
  {
   "type": "Feature",
   "id": 14,
   "geometry": {
    "type": "Polygon",
    "coordinates": [
     [
      [
       3478,
       4010
      ],
      [
       3469,
       4043
      ],
      [
       3461,
       4050
      ],
      [
       3464,
       4061
      ],
      [
       3439,
       4145
      ],
      [
       3423,
       4163
      ],
      [
       3429,
       4177
      ],
      [
       3416,
       4217
      ],
      [
       3419,
       4226
      ],
      [
       3863,
       4344
      ],
      [
       3873,
       4356
      ],
      [
       3863,
       4366
      ],
      [
       3862,
       4375
      ],
      [
       3855,
       4378
      ],
      [
       3422,
       4259
      ],
      [
       3400,
       4257
      ],
      [
       3391,
       4265
      ],
      [
       3398,
       4277
      ],
      [
       3394,
       4297
      ],
      [
       3380,
       4304
      ],
      [
       3379,
       4315
      ],
      [
       3385,
       4324
      ],
      [
       3369,
       4340
      ],
      [
       3372,
       4367
      ],
      [
       3339,
       4473
      ],
      [
       3348,
       4487
      ],
      [
       3364,
       4486
      ],
      [
       3419,
       4500
      ],
      [
       3426,
       4507
      ],
      [
       3441,
       4506
      ],
      [
       3451,
       4510
      ],
      [
       3460,
       4521
      ],
      [
       3473,
       4515
      ],
      [
       3486,
       4523
      ],
      [
       3509,
       4526
      ],
      [
       3514,
       4536
      ],
      [
       3531,
       4532
      ],
      [
       3540,
       4535
      ],
      [
       3545,
       4543
      ],
      [
       3563,
       4540
      ],
      [
       3625,
       4558
      ],
      [
       3630,
       4567
      ],
      [
       3646,
       4568
      ],
      [
       3654,
       4576
      ],
      [
       3663,
       4576
      ],
      [
       3671,
       4569
      ],
      [
       3681,
       4572
      ],
      [
       3687,
       4584
      ],
      [
       3708,
       4579
      ],
      [
       3729,
       4584
      ],
      [
       3740,
       4595
      ],
      [
       3754,
       4592
      ],
      [
       3795,
       4602
      ],
      [
       3803,
       4615
      ],
      [
       3821,
       4610
      ],
      [
       3854,
       4621
      ],
      [
       3852,
       4631
      ],
      [
       3825,
       4661
      ],
      [
       3824,
       4688
      ],
      [
       3843,
       4704
      ],
      [
       3860,
       4709
      ],
      [
       3883,
       4706
      ],
      [
       4184,
       4787
      ],
      [
       4196,
       4773
      ],
      [
       4191,
       4756
      ],
      [
       4002,
       4708
      ],
      [
       3998,
       4703
      ],
      [
       4007,
       4696
      ],
      [
       4007,
       4677
      ],
      [
       4033,
       4667
      ],
      [
       4095,
       4684
      ],
      [
       4102,
       4693
      ],
      [
       4119,
       4690
      ],
      [
       4134,
       4701
      ],
      [
       4148,
       4698
      ],
      [
       4166,
       4703
      ],
      [
       4173,
       4710
      ],
      [
       4190,
       4709
      ],
      [
       4205,
       4717
      ],
      [
       4215,
       4715
      ],
      [
       4224,
       4722
      ],
      [
       4237,
       4721
      ],
      [
       4287,
       4734
      ],
      [
       4297,
       4729
      ],
      [
       4301,
       4718
      ],
      [
       4311,
       4710
      ],
      [
       4311,
       4693
      ],
      [
       4341,
       4661
      ],
      [
       4356,
       4662
      ],
      [
       4364,
       4653
      ],
      [
       4368,
       4632
      ],
      [
       4373,
       4628
      ],
      [
       4388,
       4629
      ],
      [
       4396,
       4621
      ],
      [
       4394,
       4604
      ],
      [
       4404,
       4596
      ],
      [
       4412,
       4599
      ],
      [
       4422,
       4592
      ],
      [
       4419,
       4570
      ],
      [
       4428,
       4559
      ],
      [
       4430,
       4544
      ],
      [
       4414,
       4525
      ],
      [
       3900,
       4390
      ],
      [
       3884,
       4381
      ],
      [
       3892,
       4375
      ],
      [
       3890,
       4362
      ],
      [
       3899,
       4354
      ],
      [
       3938,
       4364
      ],
      [
       3947,
       4376
      ],
      [
       3976,
       4374
      ],
      [
       4087,
       4404
      ],
      [
       4098,
       4417
      ],
      [
       4116,
       4412
      ],
      [
       4246,
       4446
      ],
      [
       4258,
       4459
      ],
      [
       4266,
       4459
      ],
      [
       4272,
       4453
      ],
      [
       4421,
       4493
      ],
      [
       4432,
       4487
      ],
      [
       4423,
       4466
      ],
      [
       4433,
       4456
      ],
      [
       4424,
       4442
      ],
      [
       4424,
       4434
      ],
      [
       4434,
       4427
      ],
      [
       4425,
       4403
      ],
      [
       4434,
       4396
      ],
      [
       4433,
       4381
      ],
      [
       4426,
       4372
      ],
      [
       4427,
       4335
      ],
      [
       4437,
       4314
      ],
      [
       4429,
       4302
      ],
      [
       4430,
       4268
      ],
      [
       4426,
       4263
      ],
      [
       4394,
       4255
      ],
      [
       4387,
       4248
      ],
      [
       4375,
       4250
      ],
      [
       4326,
       4233
      ],
      [
       4302,
       4230
      ],
      [
       4295,
       4220
      ],
      [
       4278,
       4224
      ],
      [
       4270,
       4216
      ],
      [
       4256,
       4218
      ],
      [
       4234,
       4207
      ],
      [
       4216,
       4207
      ],
      [
       4208,
       4200
      ],
      [
       4191,
       4201
      ],
      [
       4167,
       4188
      ],
      [
       4150,
       4189
      ],
      [
       4136,
       4180
      ],
      [
       4122,
       4182
      ],
      [
       4116,
       4167
      ],
      [
       4108,
       4167
      ],
      [
       4099,
       4175
      ],
      [
       4090,
       4162
      ],
      [
       4071,
       4166
      ],
      [
       4066,
       4155
      ],
      [
       4048,
       4161
      ],
      [
       4035,
       4158
      ],
      [
       4029,
       4150
      ],
      [
       4009,
       4151
      ],
      [
       4002,
       4137
      ],
      [
       3994,
       4137
      ],
      [
       3987,
       4144
      ],
      [
       3978,
       4142
      ],
      [
       3972,
       4128
      ],
      [
       3950,
       4135
      ],
      [
       3943,
       4122
      ],
      [
       3925,
       4128
      ],
      [
       3804,
       4094
      ],
      [
       3795,
       4080
      ],
      [
       3787,
       4080
      ],
      [
       3779,
       4087
      ],
      [
       3770,
       4083
      ],
      [
       3767,
       4073
      ],
      [
       3758,
       4073
      ],
      [
       3751,
       4080
      ],
      [
       3744,
       4076
      ],
      [
       3741,
       4067
      ],
      [
       3726,
       4073
      ],
      [
       3715,
       4061
      ],
      [
       3697,
       4065
      ],
      [
       3688,
       4051
      ],
      [
       3679,
       4051
      ],
      [
       3671,
       4058
      ],
      [
       3658,
       4045
      ],
      [
       3650,
       4043
      ],
      [
       3638,
       4050
      ],
      [
       3620,
       4045
      ],
      [
       3613,
       4038
      ],
      [
       3601,
       4040
      ],
      [
       3584,
       4035
      ],
      [
       3577,
       4028
      ],
      [
       3544,
       4024
      ],
      [
       3537,
       4015
      ],
      [
       3519,
       4017
      ],
      [
       3497,
       4006
      ],
      [
       3478,
       4010
      ]
     ]
    ]
   },
   "properties": {
    "sheet": "vancouver_1912_MAP342a_04",
    "block_id": "vancouver_1912_MAP342a_04:block:3",
    "block_number": "3",
    "block_number_inferred": false,
    "lot_numbers": [
     "2",
     "3",
     "4",
     "6",
     "7",
     "8",
     "9",
     "10",
     "12",
     "14",
     "15",
     "16",
     "1199"
    ],
    "streets": [
     {
      "name": "WALLER BLK",
      "distance_px": 21,
      "bearing_deg": 40,
      "side": "NE",
      "label_bbox_source": [
       4051,
       4128,
       4161,
       4165
      ],
      "rotation_view": 0
     },
     {
      "name": "WARDS",
      "distance_px": 36,
      "bearing_deg": 283,
      "side": "W",
      "label_bbox_source": [
       3291,
       4184,
       3419,
       4346
      ],
      "rotation_view": 30
     },
     {
      "name": "CORDOVA ST.WEST",
      "distance_px": 56,
      "bearing_deg": 321,
      "side": "NW",
      "label_bbox_source": [
       3301,
       3769,
       3816,
       4158
      ],
      "rotation_view": 30
     },
     {
      "name": "HASTINGS ST. WEST",
      "distance_px": 60,
      "bearing_deg": 252,
      "side": "W",
      "label_bbox_source": [
       3099,
       4458,
       3693,
       4661
      ],
      "rotation_view": 0
     },
     {
      "name": "OFFICIAL",
      "distance_px": 61,
      "bearing_deg": 301,
      "side": "NW",
      "label_bbox_source": [
       3362,
       4062,
       3428,
       4095
      ],
      "rotation_view": 0
     },
     {
      "name": "CORDOVA ST. WEST",
      "distance_px": 64,
      "bearing_deg": 323,
      "side": "NW",
      "label_bbox_source": [
       3341,
       3877,
       3831,
       4052
      ],
      "rotation_view": 0
     },
     {
      "name": "Departmental",
      "distance_px": 138,
      "bearing_deg": 275,
      "side": "W",
      "label_bbox_source": [
       3125,
       4219,
       3339,
       4437
      ],
      "rotation_view": 60
     },
     {
      "name": "Hotel",
      "distance_px": 141,
      "bearing_deg": 33,
      "side": "NE",
      "label_bbox_source": [
       4089,
       4006,
       4184,
       4049
      ],
      "rotation_view": 0
     },
     {
      "name": "Russ",
      "distance_px": 167,
      "bearing_deg": 31,
      "side": "NE",
      "label_bbox_source": [
       4101,
       3983,
       4180,
       4020
      ],
      "rotation_view": 0
     }
    ],
    "street_names": [
     "WALLER BLK",
     "WARDS",
     "CORDOVA ST.WEST",
     "HASTINGS ST. WEST",
     "OFFICIAL",
     "CORDOVA ST. WEST",
     "Departmental",
     "Hotel",
     "Russ"
    ],
    "area_source_px2": 496637,
    "centroid_source_px": [
     3905,
     4390
    ],
    "n_outlines": 31
   }
  }
 ]
}