{
 "type": "FeatureCollection",
 "crs": {
  "type": "name",
  "properties": {
   "name": "urn:ogc:def:crs:EPSG::32610"
  }
 },
 "georeference": {
  "rms_m": 0.4897920555996554,
  "n_labels": 12,
  "from": "vancouver_1912_MAP342a_04_georef.json"
 },
 "source_buildings": "runs/hunyuan/2026-09-15_tiles_vancouver_1912_MAP342a_04/vancouver_1912_MAP342a_04_buildings_px.geojson",
 "lot_convention": "numbered",
 "note": "enclosed outlines inside the traced blocks (building footprints, yards, courtyards — the plan's linework, not classified); text_inside = OCR tokens whose centre lies inside, in reading order; numerals_inside / words_inside = the same split by regex; floors = null unless --floors single-numeral-1-3 (Sanborn): then the single numeral inside when it reads 1 to 3 inclusive (1½ -> 1.5); a field for a person to fill otherwise; wash_rgb / wash_chroma / wash_lightness_delta / hue_deg = the measured colour inside the outline relative to the paper; material = that colour looked up in the key given with --legend (colour words or calibrated hue ranges), else null; block_id links to <stem>_blocks_px.geojson",
 "paper_chroma": 0.0,
 "legend": "configs/legend/goad_sanborn_default.json",
 "features": [
  {
   "type": "Feature",
   "geometry": {
    "type": "Polygon",
    "coordinates": [
     [
      [
       491915.302,
       5459349.01
      ],
      [
       491912.299,
       5459342.509
      ],
      [
       491915.23,
       5459343.047
      ],
      [
       491911.297,
       5459340.401
      ],
      [
       491905.82,
       5459326.875
      ],
      [
       491916.62,
       5459322.359
      ],
      [
       491923.466,
       5459336.767
      ],
      [
       491926.108,
       5459344.144
      ],
      [
       491921.4,
       5459346.404
      ],
      [
       491917.115,
       5459344.107
      ],
      [
       491920.01,
       5459346.749
      ],
      [
       491915.302,
       5459349.01
      ]
     ]
    ]
   },
   "properties": {
    "sheet": "vancouver_1912_MAP342a_04",
    "building_id": "vancouver_1912_MAP342a_04:block:fid0:bldg0",
    "block_id": null,
    "block_fid": 0,
    "block_number": null,
    "text_inside": [],
    "numerals_inside": [],
    "words_inside": [],
    "floors": null,
    "wash_rgb": [
     253,
     245,
     154
    ],
    "wash_chroma": 45.9,
    "wash_lightness_delta": -11.0,
    "hue_deg": 56,
    "material": "frame (wood)",
    "area_source_px2": 9436,
    "centroid_source_px": [
     1654,
     1521
    ],
    "orphan": true,
    "orphan_because": "its block was rejected, split away or never traced",
    "centroid_map": [
     491915.88,
     5459335.334
    ]
   }
  },
  {
   "type": "Feature",
   "geometry": {
    "type": "Polygon",
    "coordinates": [
     [
      [
       491886.739,
       5459319.958
      ],
      [
       491918.376,
       5459300.445
      ],
      [
       491930.059,
       5459294.881
      ],
      [
       491946.931,
       5459289.337
      ],
      [
       491964.643,
       5459285.2
      ],
      [
       491966.02,
       5459285.556
      ],
      [
       491887.425,
       5459320.312
      ],
      [
       491886.739,
       5459319.958
      ]
     ]
    ]
   },
   "properties": {
    "sheet": "vancouver_1912_MAP342a_04",
    "building_id": "vancouver_1912_MAP342a_04:block:1:bldg1",
    "block_id": null,
    "block_fid": 1,
    "block_number": null,
    "text_inside": [],
    "numerals_inside": [],
    "words_inside": [],
    "floors": null,
    "wash_rgb": [
     254,
     254,
     254
    ],
    "wash_chroma": 0.1,
    "wash_lightness_delta": -0.1,
    "hue_deg": 0,
    "material": "not a building (open lot, yard or court)",
    "area_source_px2": 10806,
    "centroid_source_px": [
     1715,
     1721
    ],
    "orphan": true,
    "orphan_because": "its block was rejected, split away or never traced",
    "centroid_map": [
     491927.027,
     5459300.305
    ]
   }
  },
  {
   "type": "Feature",
   "geometry": {
    "type": "Polygon",
    "coordinates": [
     [
      [
       491838.722,
       5459316.081
      ],
      [
       491839.083,
       5459315.206
      ],
      [
       491860.183,
       5459305.12
      ],
      [
       491863.072,
       5459308.113
      ],
      [
       491841.961,
       5459318.9
      ],
      [
       491838.722,
       5459316.081
      ]
     ]
    ]
   },
   "properties": {
    "sheet": "vancouver_1912_MAP342a_04",
    "building_id": "vancouver_1912_MAP342a_04:block:1:bldg2",
    "block_id": null,
    "block_fid": 1,
    "block_number": null,
    "text_inside": [],
    "numerals_inside": [],
    "words_inside": [],
    "floors": null,
    "wash_rgb": [
     254,
     254,
     254
    ],
    "wash_chroma": 0.0,
    "wash_lightness_delta": -0.1,
    "hue_deg": 0,
    "material": "not a building (open lot, yard or court)",
    "area_source_px2": 3382,
    "centroid_source_px": [
     1275,
     1652
    ],
    "orphan": true,
    "orphan_because": "its block was rejected, split away or never traced",
    "centroid_map": [
     491850.724,
     5459312.096
    ]
   }
  },
  {
   "type": "Feature",
   "geometry": {
    "type": "Polygon",
    "coordinates": [
     [
      [
       491834.47,
       5459311.855
      ],
      [
       491856.098,
       5459301.245
      ],
      [
       491859.679,
       5459304.241
      ],
      [
       491837.876,
       5459315.025
      ],
      [
       491834.47,
       5459311.855
      ]
     ]
    ]
   },
   "properties": {
    "sheet": "vancouver_1912_MAP342a_04",
    "building_id": "vancouver_1912_MAP342a_04:block:1:bldg3",
    "block_id": null,
    "block_fid": 1,
    "block_number": null,
    "text_inside": [],
    "numerals_inside": [],
    "words_inside": [],
    "floors": null,
    "wash_rgb": [
     254,
     254,
     254
    ],
    "wash_chroma": 0.0,
    "wash_lightness_delta": -0.0,
    "hue_deg": 0,
    "material": "not a building (open lot, yard or court)",
    "area_source_px2": 3440,
    "centroid_source_px": [
     1252,
     1674
    ],
    "orphan": true,
    "orphan_because": "its block was rejected, split away or never traced",
    "centroid_map": [
     491846.812,
     5459308.222
    ]
   }
  },
  {
   "type": "Feature",
   "geometry": {
    "type": "Polygon",
    "coordinates": [
     [
      [
       491868.353,
       5459312.869
      ],
      [
       491875.867,
       5459308.34
      ],
      [
       491964.998,
       5459264.333
      ],
      [
       492167.85,
       5459174.488
      ],
      [
       492176.196,
       5459171.892
      ],
      [
       492180.049,
       5459169.101
      ],
      [
       492189.627,
       5459165.282
      ],
      [
       492190.831,
       5459165.638
      ],
      [
       492191.55,
       5459164.062
      ],
      [
       492200.263,
       5459160.239
      ],
      [
       492201.966,
       5459161.825
      ],
      [
       492200.2,
       5459163.922
      ],
      [
       491966.859,
       5459266.795
      ],
      [
       491890.443,
       5459305.593
      ],
      [
       491869.713,
       5459314.278
      ],
      [
       491868.353,
       5459312.869
      ]
     ]
    ]
   },
   "properties": {
    "sheet": "vancouver_1912_MAP342a_04",
    "building_id": "vancouver_1912_MAP342a_04:block:1:bldg4",
    "block_id": null,
    "block_fid": 1,
    "block_number": null,
    "text_inside": [
     "Rait"
    ],
    "numerals_inside": [],
    "words_inside": [
     "Rait"
    ],
    "floors": null,
    "wash_rgb": [
     254,
     254,
     254
    ],
    "wash_chroma": 0.1,
    "wash_lightness_delta": -0.1,
    "hue_deg": 0,
    "material": "not a building (open lot, yard or court)",
    "area_source_px2": 39206,
    "centroid_source_px": [
     2315,
     2082
    ],
    "orphan": true,
    "orphan_because": "its block was rejected, split away or never traced",
    "centroid_map": [
     492031.872,
     5459237.421
    ]
   }
  },
  {
   "type": "Feature",
   "geometry": {
    "type": "Polygon",
    "coordinates": [
     [
      [
       491861.045,
       5459305.299
      ],
      [
       491869.427,
       5459300.598
      ],
      [
       491965.678,
       5459254.865
      ],
      [
       492098.653,
       5459195.603
      ],
      [
       492100.717,
       5459196.313
      ],
      [
       492101.09,
       5459194.736
      ],
      [
       492111.025,
       5459190.217
      ],
      [
       492112.227,
       5459190.748
      ],
      [
       492115.906,
       5459187.957
      ],
      [
       492123.737,
       5459185.183
      ],
      [
       492133.681,
       5459180.137
      ],
      [
       492138.36,
       5459179.63
      ],
      [
       492140.128,
       5459177.357
      ],
      [
       492162.435,
       5459167.452
      ],
      [
       492165.727,
       5459167.114
      ],
      [
       492167.779,
       5459168.525
      ],
      [
       491964.923,
       5459258.545
      ],
      [
       491875.098,
       5459302.725
      ],
      [
       491870.923,
       5459304.111
      ],
      [
       491864.11,
       5459308.117
      ],
      [
       491861.045,
       5459305.299
      ]
     ]
    ]
   },
   "properties": {
    "sheet": "vancouver_1912_MAP342a_04",
    "building_id": "vancouver_1912_MAP342a_04:block:1:bldg5",
    "block_id": null,
    "block_fid": 1,
    "block_number": null,
    "text_inside": [],
    "numerals_inside": [],
    "words_inside": [],
    "floors": null,
    "wash_rgb": [
     254,
     254,
     254
    ],
    "wash_chroma": 0.0,
    "wash_lightness_delta": -0.0,
    "hue_deg": 0,
    "material": "not a building (open lot, yard or court)",
    "area_source_px2": 36428,
    "centroid_source_px": [
     2179,
     2075
    ],
    "orphan": true,
    "orphan_because": "its block was rejected, split away or never traced",
    "centroid_map": [
     492008.33,
     5459238.553
    ]
   }
  },
  {
   "type": "Feature",
   "geometry": {
    "type": "Polygon",
    "coordinates": [
     [
      [
       491904.111,
       5459305.298
      ],
      [
       491911.277,
       5459300.943
      ],
      [
       491969.378,
       5459271.19
      ],
      [
       492211.606,
       5459164.494
      ],
      [
       492219.424,
       5459162.421
      ],
      [
       492219.445,
       5459161.194
      ],
      [
       492230.943,
       5459156.33
      ],
      [
       492231.963,
       5459157.387
      ],
      [
       492230.043,
       5459158.431
      ],
      [
       492233.156,
       5459158.444
      ],
      [
       491968.445,
       5459275.219
      ],
      [
       491911.411,
       5459303.223
      ],
      [
       491904.97,
       5459305.652
      ],
      [
       491904.111,
       5459305.298
      ]
     ]
    ]
   },
   "properties": {
    "sheet": "vancouver_1912_MAP342a_04",
    "building_id": "vancouver_1912_MAP342a_04:block:1:bldg6",
    "block_id": null,
    "block_fid": 1,
    "block_number": null,
    "text_inside": [],
    "numerals_inside": [],
    "words_inside": [],
    "floors": null,
    "wash_rgb": [
     254,
     254,
     254
    ],
    "wash_chroma": 0.0,
    "wash_lightness_delta": -0.1,
    "hue_deg": 0,
    "material": "not a building (open lot, yard or court)",
    "area_source_px2": 36244,
    "centroid_source_px": [
     2570,
     2147
    ],
    "orphan": true,
    "orphan_because": "its block was rejected, split away or never traced",
    "centroid_map": [
     492076.167,
     5459226.202
    ]
   }
  },
  {
   "type": "Feature",
   "geometry": {
    "type": "Polygon",
    "coordinates": [
     [
      [
       491857.305,
       5459301.425
      ],
      [
       491858.015,
       5459300.376
      ],
      [
       491869.349,
       5459294.985
      ],
      [
       491876.661,
       5459292.209
      ],
      [
       491884.515,
       5459288.032
      ],
      [
       491886.071,
       5459288.038
      ],
      [
       491887.828,
       5459286.467
      ],
      [
       492019.628,
       5459225.096
      ],
      [
       492026.415,
       5459222.668
      ],
      [
       492027.823,
       5459221.271
      ],
      [
       492044.56,
       5459213.447
      ],
      [
       492047.634,
       5459215.739
      ],
      [
       492045.884,
       5459216.96
      ],
      [
       492046.388,
       5459217.839
      ],
      [
       491963.081,
       5459255.03
      ],
      [
       491859.846,
       5459304.592
      ],
      [
       491857.305,
       5459301.425
      ]
     ]
    ]
   },
   "properties": {
    "sheet": "vancouver_1912_MAP342a_04",
    "building_id": "vancouver_1912_MAP342a_04:block:1:bldg7",
    "block_id": null,
    "block_fid": 1,
    "block_number": null,
    "text_inside": [],
    "numerals_inside": [],
    "words_inside": [],
    "floors": null,
    "wash_rgb": [
     254,
     254,
     254
    ],
    "wash_chroma": 0.0,
    "wash_lightness_delta": -0.0,
    "hue_deg": 0,
    "material": "not a building (open lot, yard or court)",
    "area_source_px2": 26854,
    "centroid_source_px": [
     1865,
     1962
    ],
    "orphan": true,
    "orphan_because": "its block was rejected, split away or never traced",
    "centroid_map": [
     491953.688,
     5459258.149
    ]
   }
  },
  {
   "type": "Feature",
   "geometry": {
    "type": "Polygon",
    "coordinates": [
     [
      [
       491822.4,
       5459299.53
      ],
      [
       491822.585,
       5459298.829
      ],
      [
       491916.334,
       5459247.651
      ],
      [
       491917.545,
       5459247.655
      ],
      [
       491918.604,
       5459246.432
      ],
      [
       491921.046,
       5459245.214
      ],
      [
       491922.581,
       5459246.448
      ],
      [
       491922.393,
       5459247.324
      ],
      [
       491920.488,
       5459247.492
      ],
      [
       491920.637,
       5459248.896
      ],
      [
       491847.811,
       5459290.163
      ],
      [
       491845.569,
       5459289.803
      ],
      [
       491845.891,
       5459291.208
      ],
      [
       491826.855,
       5459302.003
      ],
      [
       491824.949,
       5459302.171
      ],
      [
       491822.4,
       5459299.53
      ]
     ]
    ]
   },
   "properties": {
    "sheet": "vancouver_1912_MAP342a_04",
    "building_id": "vancouver_1912_MAP342a_04:block:1:bldg8",
    "block_id": null,
    "block_fid": 1,
    "block_number": null,
    "text_inside": [],
    "numerals_inside": [],
    "words_inside": [],
    "floors": null,
    "wash_rgb": [
     254,
     254,
     254
    ],
    "wash_chroma": 0.2,
    "wash_lightness_delta": -0.2,
    "hue_deg": 0,
    "material": "not a building (open lot, yard or court)",
    "area_source_px2": 14653,
    "centroid_source_px": [
     1374,
     1858
    ],
    "orphan": true,
    "orphan_because": "its block was rejected, split away or never traced",
    "centroid_map": [
     491868.461,
     5459276.042
    ]
   }
  },
  {
   "type": "Feature",
   "geometry": {
    "type": "Polygon",
    "coordinates": [
     [
      [
       492028.919,
       5459299.139
      ],
      [
       492027.724,
       5459298.258
      ],
      [
       492019.222,
       5459279.459
      ],
      [
       492027.947,
       5459274.934
      ],
      [
       492029.316,
       5459275.817
      ],
      [
       492037.82,
       5459294.441
      ],
      [
       492028.919,
       5459299.139
      ]
     ]
    ]
   },
   "properties": {
    "sheet": "vancouver_1912_MAP342a_04",
    "building_id": "vancouver_1912_MAP342a_04:block:fid2:bldg9",
    "block_id": null,
    "block_fid": 2,
    "block_number": null,
    "text_inside": [],
    "numerals_inside": [],
    "words_inside": [],
    "floors": null,
    "wash_rgb": [
     253,
     243,
     135
    ],
    "wash_chroma": 54.0,
    "wash_lightness_delta": -13.2,
    "hue_deg": 54,
    "material": "frame (wood)",
    "area_source_px2": 7724,
    "centroid_source_px": [
     2300,
     1799
    ],
    "orphan": true,
    "orphan_because": "its block was rejected, split away or never traced",
    "centroid_map": [
     492028.433,
     5459287.037
    ]
   }
  },
  {
   "type": "Feature",
   "geometry": {
    "type": "Polygon",
    "coordinates": [
     [
      [
       491851.354,
       5459295.439
      ],
      [
       491852.063,
       5459294.389
      ],
      [
       491876.163,
       5459280.808
      ],
      [
       491942.023,
       5459252.49
      ],
      [
       491967.658,
       5459240.142
      ],
      [
       491968.851,
       5459241.199
      ],
      [
       491967.619,
       5459242.422
      ],
      [
       491970.21,
       5459242.608
      ],
      [
       491959.043,
       5459248.35
      ],
      [
       491853.414,
       5459296.324
      ],
      [
       491851.354,
       5459295.439
      ]
     ]
    ]
   },
   "properties": {
    "sheet": "vancouver_1912_MAP342a_04",
    "building_id": "vancouver_1912_MAP342a_04:block:1:bldg10",
    "block_id": null,
    "block_fid": 1,
    "block_number": null,
    "text_inside": [],
    "numerals_inside": [],
    "words_inside": [],
    "floors": null,
    "wash_rgb": [
     254,
     254,
     254
    ],
    "wash_chroma": 0.2,
    "wash_lightness_delta": -0.2,
    "hue_deg": 0,
    "material": "not a building (open lot, yard or court)",
    "area_source_px2": 15954,
    "centroid_source_px": [
     1608,
     1900
    ],
    "orphan": true,
    "orphan_because": "its block was rejected, split away or never traced",
    "centroid_map": [
     491909.056,
     5459268.841
    ]
   }
  },
  {
   "type": "Feature",
   "geometry": {
    "type": "Polygon",
    "coordinates": [
     [
      [
       491942.61,
       5459289.144
      ],
      [
       491968.43,
       5459276.096
      ],
      [
       492227.559,
       5459162.104
      ],
      [
       492228.244,
       5459162.457
      ],
      [
       492215.816,
       5459171.175
      ],
      [
       491964.703,
       5459281.693
      ],
      [
       491944.685,
       5459289.153
      ],
      [
       491942.61,
       5459289.144
      ]
     ]
    ]
   },
   "properties": {
    "sheet": "vancouver_1912_MAP342a_04",
    "building_id": "vancouver_1912_MAP342a_04:block:1:bldg11",
    "block_id": null,
    "block_fid": 1,
    "block_number": null,
    "text_inside": [],
    "numerals_inside": [],
    "words_inside": [],
    "floors": null,
    "wash_rgb": [
     254,
     254,
     254
    ],
    "wash_chroma": 0.1,
    "wash_lightness_delta": -0.2,
    "hue_deg": 0,
    "material": "not a building (open lot, yard or court)",
    "area_source_px2": 35074,
    "centroid_source_px": [
     2653,
     2158
    ],
    "orphan": true,
    "orphan_because": "its block was rejected, split away or never traced",
    "centroid_map": [
     492090.555,
     5459224.331
    ]
   }
  },
  {
   "type": "Feature",
   "geometry": {
    "type": "Polygon",
    "coordinates": [
     [
      [
       491839.963,
       5459283.818
      ],
      [
       491862.491,
       5459271.107
      ],
      [
       491864.555,
       5459271.817
      ],
      [
       491868.076,
       5459268.149
      ],
      [
       491870.518,
       5459266.931
      ],
      [
       491873.083,
       5459268.695
      ],
      [
       491872.239,
       5459267.464
      ],
      [
       491873.118,
       5459266.591
      ],
      [
       491875.334,
       5459268.529
      ],
      [
       491874.448,
       5459269.753
      ],
      [
       491844.245,
       5459286.291
      ],
      [
       491842.683,
       5459286.635
      ],
      [
       491839.963,
       5459283.818
      ]
     ]
    ]
   },
   "properties": {
    "sheet": "vancouver_1912_MAP342a_04",
    "building_id": "vancouver_1912_MAP342a_04:block:1:bldg12",
    "block_id": null,
    "block_fid": 1,
    "block_number": null,
    "text_inside": [],
    "numerals_inside": [],
    "words_inside": [],
    "floors": null,
    "wash_rgb": [
     254,
     254,
     254
    ],
    "wash_chroma": 0.0,
    "wash_lightness_delta": -0.0,
    "hue_deg": 0,
    "material": "not a building (open lot, yard or court)",
    "area_source_px2": 5130,
    "centroid_source_px": [
     1306,
     1852
    ],
    "orphan": true,
    "orphan_because": "its block was rejected, split away or never traced",
    "centroid_map": [
     491856.682,
     5459277.046
    ]
   }
  },
  {
   "type": "Feature",
   "geometry": {
    "type": "Polygon",
    "coordinates": [
     [
      [
       491957.716,
       5459285.698
      ],
      [
       492205.174,
       5459176.569
      ],
      [
       492206.206,
       5459176.924
      ],
      [
       492190.282,
       5459187.732
      ],
      [
       491982.394,
       5459278.783
      ],
      [
       491963.784,
       5459284.846
      ],
      [
       491957.716,
       5459285.698
      ]
     ]
    ]
   },
   "properties": {
    "sheet": "vancouver_1912_MAP342a_04",
    "building_id": "vancouver_1912_MAP342a_04:block:1:bldg13",
    "block_id": null,
    "block_fid": 1,
    "block_number": null,
    "text_inside": [],
    "numerals_inside": [],
    "words_inside": [],
    "floors": null,
    "wash_rgb": [
     254,
     254,
     254
    ],
    "wash_chroma": 0.1,
    "wash_lightness_delta": -0.1,
    "hue_deg": 0,
    "material": "not a building (open lot, yard or court)",
    "area_source_px2": 32716,
    "centroid_source_px": [
     2620,
     2116
    ],
    "orphan": true,
    "orphan_because": "its block was rejected, split away or never traced",
    "centroid_map": [
     492084.722,
     5459231.673
    ]
   }
  },
  {
   "type": "Feature",
   "geometry": {
    "type": "Polygon",
    "coordinates": [
     [
      [
       491885.597,
       5459275.234
      ],
      [
       491913.206,
       5459258.686
      ],
      [
       491916.337,
       5459257.647
      ],
      [
       491917.366,
       5459258.177
      ],
      [
       491918.6,
       5459256.779
      ],
      [
       491935.126,
       5459251.234
      ],
      [
       491961.459,
       5459238.539
      ],
      [
       491964.023,
       5459240.303
      ],
      [
       491963.14,
       5459241.352
      ],
      [
       491940.469,
       5459252.308
      ],
      [
       491887.849,
       5459275.068
      ],
      [
       491885.597,
       5459275.234
      ]
     ]
    ]
   },
   "properties": {
    "sheet": "vancouver_1912_MAP342a_04",
    "building_id": "vancouver_1912_MAP342a_04:block:1:bldg14",
    "block_id": null,
    "block_fid": 1,
    "block_number": null,
    "text_inside": [],
    "numerals_inside": [],
    "words_inside": [],
    "floors": null,
    "wash_rgb": [
     254,
     254,
     254
    ],
    "wash_chroma": 0.2,
    "wash_lightness_delta": -0.1,
    "hue_deg": 0,
    "material": "not a building (open lot, yard or court)",
    "area_source_px2": 9275,
    "centroid_source_px": [
     1706,
     1972
    ],
    "orphan": true,
    "orphan_because": "its block was rejected, split away or never traced",
    "centroid_map": [
     491926.219,
     5459256.284
    ]
   }
  },
  {
   "type": "Feature",
   "geometry": {
    "type": "Polygon",
    "coordinates": [
     [
      [
       491841.523,
       5459273.478
      ],
      [
       491884.479,
       5459249.451
      ],
      [
       491886.668,
       5459252.967
      ],
      [
       491890.273,
       5459254.56
      ],
      [
       491890.085,
       5459255.436
      ],
      [
       491869.138,
       5459266.75
      ],
      [
       491857.497,
       5459269.859
      ],
      [
       491856.095,
       5459270.906
      ],
      [
       491857.619,
       5459272.841
      ],
      [
       491853.775,
       5459275.106
      ],
      [
       491849.15,
       5459272.456
      ],
      [
       491843.237,
       5459274.361
      ],
      [
       491841.523,
       5459273.478
      ]
     ]
    ]
   },
   "properties": {
    "sheet": "vancouver_1912_MAP342a_04",
    "building_id": "vancouver_1912_MAP342a_04:block:1:bldg15",
    "block_id": null,
    "block_fid": 1,
    "block_number": null,
    "text_inside": [
     "Original Water Line as on Plan"
    ],
    "numerals_inside": [],
    "words_inside": [
     "Original Water Line as on Plan"
    ],
    "floors": null,
    "wash_rgb": [
     254,
     254,
     254
    ],
    "wash_chroma": 0.0,
    "wash_lightness_delta": -0.0,
    "hue_deg": 0,
    "material": "not a building (open lot, yard or court)",
    "area_source_px2": 10370,
    "centroid_source_px": [
     1375,
     1937
    ],
    "orphan": true,
    "orphan_because": "its block was rejected, split away or never traced",
    "centroid_map": [
     491868.869,
     5459262.189
    ]
   }
  },
  {
   "type": "Feature",
   "geometry": {
    "type": "Polygon",
    "coordinates": [
     [
      [
       491887.05,
       5459250.864
      ],
      [
       491887.434,
       5459248.586
      ],
      [
       491890.553,
       5459248.248
      ],
      [
       491889.355,
       5459247.541
      ],
      [
       491889.891,
       5459246.491
      ],
      [
       491946.269,
       5459216.381
      ],
      [
       491976.32,
       5459198.615
      ],
      [
       492060.963,
       5459143.892
      ],
      [
       492061.989,
       5459144.597
      ],
      [
       492064.968,
       5459142.329
      ],
      [
       492064.813,
       5459141.277
      ],
      [
       492066.542,
       5459141.284
      ],
      [
       492070.228,
       5459138.142
      ],
      [
       492077.39,
       5459133.962
      ],
      [
       492093.782,
       5459126.137
      ],
      [
       492109.442,
       5459120.588
      ],
      [
       492111.154,
       5459121.648
      ],
      [
       492111.175,
       5459120.42
      ],
      [
       492126.994,
       5459115.749
      ],
      [
       492130.11,
       5459115.586
      ],
      [
       492131.067,
       5459120.325
      ],
      [
       492114.371,
       5459125.694
      ],
      [
       492112.132,
       5459125.159
      ],
      [
       492111.589,
       5459126.56
      ],
      [
       492088.954,
       5459135.412
      ],
      [
       492068.338,
       5459147.604
      ],
      [
       492039.658,
       5459166.077
      ],
      [
       492039.5,
       5459165.2
      ],
      [
       492042.154,
       5459161.703
      ],
      [
       492038.632,
       5459165.372
      ],
      [
       492039.127,
       5459166.777
      ],
      [
       491966.361,
       5459214.708
      ],
      [
       491906.324,
       5459246.382
      ],
      [
       491903.381,
       5459246.546
      ],
      [
       491902.478,
       5459248.822
      ],
      [
       491893.75,
       5459253.522
      ],
      [
       491892.906,
       5459252.291
      ],
      [
       491891.156,
       5459253.511
      ],
      [
       491889.602,
       5459253.329
      ],
      [
       491887.05,
       5459250.864
      ]
     ]
    ]
   },
   "properties": {
    "sheet": "vancouver_1912_MAP342a_04",
    "building_id": "vancouver_1912_MAP342a_04:block:1:bldg16",
    "block_id": null,
    "block_fid": 1,
    "block_number": null,
    "text_inside": [
     "Cordovia"
    ],
    "numerals_inside": [],
    "words_inside": [
     "Cordovia"
    ],
    "floors": null,
    "wash_rgb": [
     254,
     254,
     254
    ],
    "wash_chroma": 0.1,
    "wash_lightness_delta": -0.1,
    "hue_deg": 0,
    "material": "not a building (open lot, yard or court)",
    "area_source_px2": 67192,
    "centroid_source_px": [
     2134,
     2372
    ],
    "orphan": true,
    "orphan_because": "its block was rejected, split away or never traced",
    "centroid_map": [
     492001.434,
     5459186.441
    ]
   }
  },
  {
   "type": "Feature",
   "geometry": {
    "type": "Polygon",
    "coordinates": [
     [
      [
       491910.657,
       5459245.874
      ],
      [
       491912.938,
       5459243.954
      ],
      [
       491966.167,
       5459215.935
      ],
      [
       492031.762,
       5459172.709
      ],
      [
       492032.266,
       5459173.588
      ],
      [
       492030.677,
       5459175.511
      ],
      [
       492031.014,
       5459176.038
      ],
      [
       492034.389,
       5459170.791
      ],
      [
       492081.076,
       5459140.992
      ],
      [
       492103.401,
       5459130.034
      ],
      [
       492111.75,
       5459127.262
      ],
      [
       492113.11,
       5459128.67
      ],
      [
       492112.964,
       5459127.091
      ],
      [
       492129.316,
       5459121.546
      ],
      [
       492131.738,
       5459121.556
      ],
      [
       492132.385,
       5459124.189
      ],
      [
       492131.675,
       5459125.238
      ],
      [
       492116.199,
       5459130.086
      ],
      [
       492113.435,
       5459129.899
      ],
      [
       492112.722,
       5459131.124
      ],
      [
       492099.671,
       5459135.806
      ],
      [
       492080.995,
       5459145.726
      ],
      [
       492030.802,
       5459178.317
      ],
      [
       492029.764,
       5459178.313
      ],
      [
       492029.433,
       5459177.435
      ],
      [
       492027.131,
       5459180.582
      ],
      [
       491962.428,
       5459222.233
      ],
      [
       491961.402,
       5459221.528
      ],
      [
       491960.683,
       5459223.103
      ],
      [
       491952.14,
       5459227.102
      ],
      [
       491951.78,
       5459227.977
      ],
      [
       491936.772,
       5459235.808
      ],
      [
       491932.6,
       5459237.019
      ],
      [
       491930.313,
       5459239.289
      ],
      [
       491928.945,
       5459238.407
      ],
      [
       491924.585,
       5459240.494
      ],
      [
       491926.836,
       5459240.328
      ],
      [
       491925.775,
       5459241.726
      ],
      [
       491924.731,
       5459242.073
      ],
      [
       491921.982,
       5459241.009
      ],
      [
       491912.547,
       5459246.583
      ],
      [
       491910.657,
       5459245.874
      ]
     ]
    ]
   },
   "properties": {
    "sheet": "vancouver_1912_MAP342a_04",
    "building_id": "vancouver_1912_MAP342a_04:block:1:bldg17",
    "block_id": null,
    "block_fid": 1,
    "block_number": null,
    "text_inside": [],
    "numerals_inside": [],
    "words_inside": [],
    "floors": null,
    "wash_rgb": [
     254,
     254,
     254
    ],
    "wash_chroma": 0.1,
    "wash_lightness_delta": -0.1,
    "hue_deg": 0,
    "material": "not a building (open lot, yard or court)",
    "area_source_px2": 30981,
    "centroid_source_px": [
     2287,
     2419
    ],
    "orphan": true,
    "orphan_because": "its block was rejected, split away or never traced",
    "centroid_map": [
     492028.035,
     5459178.306
    ]
   }
  },
  {
   "type": "Feature",
   "geometry": {
    "type": "Polygon",
    "coordinates": [
     [
      [
       491931.965,
       5459243.856
      ],
      [
       491982.943,
       5459216.003
      ],
      [
       491990.773,
       5459213.229
      ],
      [
       491991.841,
       5459211.48
      ],
      [
       491993.212,
       5459212.187
      ],
      [
       491994.957,
       5459211.317
      ],
      [
       491994.459,
       5459210.087
      ],
      [
       491996.88,
       5459210.097
      ],
      [
       492001.6,
       5459207.135
      ],
      [
       492001.964,
       5459206.084
      ],
      [
       492006.142,
       5459204.523
      ],
      [
       492052.748,
       5459179.458
      ],
      [
       492136.905,
       5459143.147
      ],
      [
       492137.591,
       5459143.501
      ],
      [
       492138.584,
       5459146.135
      ],
      [
       492137.179,
       5459147.357
      ],
      [
       492121.152,
       5459154.132
      ],
      [
       492119.941,
       5459154.127
      ],
      [
       492119.112,
       5459152.019
      ],
      [
       492119.062,
       5459155.0
      ],
      [
       492055.113,
       5459182.8
      ],
      [
       492053.38,
       5459182.968
      ],
      [
       491946.74,
       5459239.531
      ],
      [
       491942.751,
       5459240.217
      ],
      [
       491941.507,
       5459242.141
      ],
      [
       491934.181,
       5459245.794
      ],
      [
       491931.965,
       5459243.856
      ]
     ]
    ]
   },
   "properties": {
    "sheet": "vancouver_1912_MAP342a_04",
    "building_id": "vancouver_1912_MAP342a_04:block:1:bldg18",
    "block_id": null,
    "block_fid": 1,
    "block_number": null,
    "text_inside": [],
    "numerals_inside": [],
    "words_inside": [],
    "floors": null,
    "wash_rgb": [
     254,
     254,
     254
    ],
    "wash_chroma": 0.1,
    "wash_lightness_delta": -0.1,
    "hue_deg": 0,
    "material": "not a building (open lot, yard or court)",
    "area_source_px2": 26412,
    "centroid_source_px": [
     2343,
     2345
    ],
    "orphan": true,
    "orphan_because": "its block was rejected, split away or never traced",
    "centroid_map": [
     492037.499,
     5459191.322
    ]
   }
  },
  {
   "type": "Feature",
   "geometry": {
    "type": "Polygon",
    "coordinates": [
     [
      [
       491927.323,
       5459242.259
      ],
      [
       491930.65,
       5459239.817
      ],
      [
       491947.742,
       5459231.468
      ],
      [
       491951.243,
       5459229.027
      ],
      [
       491952.272,
       5459229.558
      ],
      [
       491956.282,
       5459227.645
      ],
      [
       491955.599,
       5459227.116
      ],
      [
       491955.957,
       5459226.416
      ],
      [
       491965.204,
       5459221.718
      ],
      [
       492082.552,
       5459145.733
      ],
      [
       492099.656,
       5459136.683
      ],
      [
       492101.382,
       5459136.865
      ],
      [
       492025.482,
       5459186.012
      ],
      [
       492024.635,
       5459184.956
      ],
      [
       492021.633,
       5459188.627
      ],
      [
       491971.967,
       5459220.694
      ],
      [
       491967.443,
       5459222.254
      ],
      [
       491966.898,
       5459223.83
      ],
      [
       491963.582,
       5459225.57
      ],
      [
       491962.389,
       5459224.513
      ],
      [
       491958.727,
       5459226.252
      ],
      [
       491960.791,
       5459226.962
      ],
      [
       491931.112,
       5459243.151
      ],
      [
       491927.323,
       5459242.259
      ]
     ]
    ]
   },
   "properties": {
    "sheet": "vancouver_1912_MAP342a_04",
    "building_id": "vancouver_1912_MAP342a_04:block:1:bldg19",
    "block_id": null,
    "block_fid": 1,
    "block_number": null,
    "text_inside": [],
    "numerals_inside": [],
    "words_inside": [],
    "floors": null,
    "wash_rgb": [
     254,
     254,
     254
    ],
    "wash_chroma": 0.1,
    "wash_lightness_delta": -0.2,
    "hue_deg": 0,
    "material": "not a building (open lot, yard or court)",
    "area_source_px2": 17443,
    "centroid_source_px": [
     2226,
     2357
    ],
    "orphan": true,
    "orphan_because": "its block was rejected, split away or never traced",
    "centroid_map": [
     492017.3,
     5459189.135
    ]
   }
  },
  {
   "type": "Feature",
   "geometry": {
    "type": "Polygon",
    "coordinates": [
     [
      [
       491949.859,
       5459239.193
      ],
      [
       491955.104,
       5459235.883
      ],
      [
       491969.042,
       5459229.976
      ],
      [
       491995.204,
       5459217.105
      ],
      [
       491997.283,
       5459216.938
      ],
      [
       491999.042,
       5459215.192
      ],
      [
       492058.849,
       5459186.849
      ],
      [
       492136.729,
       5459153.493
      ],
      [
       492155.327,
       5459148.132
      ],
      [
       492158.443,
       5459147.969
      ],
      [
       492152.855,
       5459151.103
      ],
      [
       492053.905,
       5459192.791
      ],
      [
       491970.017,
       5459233.663
      ],
      [
       491965.848,
       5459234.698
      ],
      [
       491964.443,
       5459235.92
      ],
      [
       491962.544,
       5459235.737
      ],
      [
       491961.125,
       5459237.836
      ],
      [
       491953.449,
       5459241.663
      ],
      [
       491952.069,
       5459241.482
      ],
      [
       491949.859,
       5459239.193
      ]
     ]
    ]
   },
   "properties": {
    "sheet": "vancouver_1912_MAP342a_04",
    "building_id": "vancouver_1912_MAP342a_04:block:1:bldg20",
    "block_id": null,
    "block_fid": 1,
    "block_number": null,
    "text_inside": [],
    "numerals_inside": [],
    "words_inside": [],
    "floors": null,
    "wash_rgb": [
     254,
     254,
     254
    ],
    "wash_chroma": 0.0,
    "wash_lightness_delta": -0.1,
    "hue_deg": 0,
    "material": "not a building (open lot, yard or court)",
    "area_source_px2": 27008,
    "centroid_source_px": [
     2416,
     2329
    ],
    "orphan": true,
    "orphan_because": "its block was rejected, split away or never traced",
    "centroid_map": [
     492050.076,
     5459194.179
    ]
   }
  },
  {
   "type": "Feature",
   "geometry": {
    "type": "Polygon",
    "coordinates": [
     [
      [
       491969.82,
       5459235.065
      ],
      [
       491971.051,
       5459233.843
      ],
      [
       492056.502,
       5459192.626
      ],
      [
       492140.474,
       5459157.016
      ],
      [
       492141.333,
       5459157.37
      ],
      [
       492142.391,
       5459156.147
      ],
      [
       492171.136,
       5459143.987
      ],
      [
       492190.25,
       5459138.804
      ],
      [
       492191.109,
       5459139.158
      ],
      [
       492188.834,
       5459140.727
      ],
      [
       492091.274,
       5459182.07
      ],
      [
       492087.281,
       5459182.93
      ],
      [
       492086.571,
       5459183.98
      ],
      [
       492057.48,
       5459196.138
      ],
      [
       491987.899,
       5459229.702
      ],
      [
       491985.644,
       5459230.044
      ],
      [
       491972.038,
       5459236.828
      ],
      [
       491969.82,
       5459235.065
      ]
     ]
    ]
   },
   "properties": {
    "sheet": "vancouver_1912_MAP342a_04",
    "building_id": "vancouver_1912_MAP342a_04:block:1:bldg21",
    "block_id": null,
    "block_fid": 1,
    "block_number": null,
    "text_inside": [],
    "numerals_inside": [],
    "words_inside": [],
    "floors": null,
    "wash_rgb": [
     254,
     254,
     254
    ],
    "wash_chroma": 0.0,
    "wash_lightness_delta": -0.1,
    "hue_deg": 0,
    "material": "not a building (open lot, yard or court)",
    "area_source_px2": 28321,
    "centroid_source_px": [
     2576,
     2373
    ],
    "orphan": true,
    "orphan_because": "its block was rejected, split away or never traced",
    "centroid_map": [
     492077.879,
     5459186.575
    ]
   }
  },
  {
   "type": "Feature",
   "geometry": {
    "type": "Polygon",
    "coordinates": [
     [
      [
       491793.933,
       5459234.353
      ],
      [
       491791.864,
       5459233.993
      ],
      [
       491781.663,
       5459223.605
      ],
      [
       491780.506,
       5459220.444
      ],
      [
       491777.921,
       5459219.907
      ],
      [
       491767.717,
       5459209.695
      ],
      [
       491772.127,
       5459204.627
      ],
      [
       491773.165,
       5459204.631
      ],
      [
       491798.337,
       5459229.635
      ],
      [
       491797.8,
       5459230.685
      ],
      [
       491794.684,
       5459230.848
      ],
      [
       491793.277,
       5459232.245
      ],
      [
       491794.995,
       5459232.954
      ],
      [
       491793.933,
       5459234.353
      ]
     ]
    ]
   },
   "properties": {
    "sheet": "vancouver_1912_MAP342a_04",
    "building_id": "vancouver_1912_MAP342a_04:block:14:bldg22",
    "block_id": "vancouver_1912_MAP342a_04:block:14",
    "block_fid": 5,
    "block_number": "14",
    "text_inside": [],
    "numerals_inside": [],
    "words_inside": [],
    "floors": null,
    "wash_rgb": [
     254,
     254,
     254
    ],
    "wash_chroma": 0.0,
    "wash_lightness_delta": -0.0,
    "hue_deg": 0,
    "material": "not a building (open lot, yard or court)",
    "area_source_px2": 8628,
    "centroid_source_px": [
     873,
     2180
    ],
    "orphan": false,
    "centroid_map": [
     491782.775,
     5459219.226
    ]
   }
  },
  {
   "type": "Feature",
   "geometry": {
    "type": "Polygon",
    "coordinates": [
     [
      [
       491798.865,
       5459229.111
      ],
      [
       491796.134,
       5459226.996
      ],
      [
       491773.347,
       5459204.105
      ],
      [
       491776.877,
       5459199.911
      ],
      [
       491778.452,
       5459198.865
      ],
      [
       491780.163,
       5459199.924
      ],
      [
       491803.284,
       5459223.518
      ],
      [
       491803.606,
       5459224.922
      ],
      [
       491798.865,
       5459229.111
      ]
     ]
    ]
   },
   "properties": {
    "sheet": "vancouver_1912_MAP342a_04",
    "building_id": "vancouver_1912_MAP342a_04:block:14:bldg23",
    "block_id": "vancouver_1912_MAP342a_04:block:14",
    "block_fid": 5,
    "block_number": "14",
    "text_inside": [
     "2"
    ],
    "numerals_inside": [
     "2"
    ],
    "words_inside": [],
    "floors": null,
    "wash_rgb": [
     254,
     254,
     254
    ],
    "wash_chroma": 0.0,
    "wash_lightness_delta": -0.0,
    "hue_deg": 0,
    "material": "not a building (open lot, yard or court)",
    "area_source_px2": 9073,
    "centroid_source_px": [
     906,
     2211
    ],
    "orphan": false,
    "centroid_map": [
     491788.575,
     5459213.813
    ]
   }
  },
  {
   "type": "Feature",
   "geometry": {
    "type": "Polygon",
    "coordinates": [
     [
      [
       491999.385,
       5459225.54
      ],
      [
       492052.754,
       5459199.451
      ],
      [
       492202.237,
       5459135.696
      ],
      [
       492216.487,
       5459131.72
      ],
      [
       492217.865,
       5459132.076
      ],
      [
       492202.696,
       5459139.205
      ],
      [
       492062.621,
       5459198.964
      ],
      [
       492006.997,
       5459225.395
      ],
      [
       492003.377,
       5459224.679
      ],
      [
       492001.621,
       5459226.25
      ],
      [
       491999.385,
       5459225.54
      ]
     ]
    ]
   },
   "properties": {
    "sheet": "vancouver_1912_MAP342a_04",
    "building_id": "vancouver_1912_MAP342a_04:block:1:bldg24",
    "block_id": null,
    "block_fid": 1,
    "block_number": null,
    "text_inside": [
     "a d i a n p a",
     "a d i a m p a c"
    ],
    "numerals_inside": [],
    "words_inside": [],
    "floors": null,
    "wash_rgb": [
     254,
     254,
     254
    ],
    "wash_chroma": 0.1,
    "wash_lightness_delta": -0.1,
    "hue_deg": 0,
    "material": "not a building (open lot, yard or court)",
    "area_source_px2": 25814,
    "centroid_source_px": [
     2726,
     2412
    ],
    "orphan": true,
    "orphan_because": "its block was rejected, split away or never traced",
    "centroid_map": [
     492103.937,
     5459179.841
    ]
   }
  },
  {
   "type": "Feature",
   "geometry": {
    "type": "Polygon",
    "coordinates": [
     [
      [
       491804.841,
       5459223.524
      ],
      [
       491802.953,
       5459222.639
      ],
      [
       491779.143,
       5459198.868
      ],
      [
       491778.812,
       5459197.99
      ],
      [
       491783.208,
       5459193.799
      ],
      [
       491786.288,
       5459195.74
      ],
      [
       491809.072,
       5459218.806
      ],
      [
       491804.841,
       5459223.524
      ]
     ]
    ]
   },
   "properties": {
    "sheet": "vancouver_1912_MAP342a_04",
    "building_id": "vancouver_1912_MAP342a_04:block:14:bldg25",
    "block_id": "vancouver_1912_MAP342a_04:block:14",
    "block_fid": 5,
    "block_number": "14",
    "text_inside": [
     "3"
    ],
    "numerals_inside": [
     "3"
    ],
    "words_inside": [],
    "floors": null,
    "wash_rgb": [
     254,
     254,
     254
    ],
    "wash_chroma": 0.0,
    "wash_lightness_delta": -0.0,
    "hue_deg": 0,
    "material": "not a building (open lot, yard or court)",
    "area_source_px2": 8476,
    "centroid_source_px": [
     936,
     2242
    ],
    "orphan": false,
    "centroid_map": [
     491793.856,
     5459208.397
    ]
   }
  },
  {
   "type": "Feature",
   "geometry": {
    "type": "Polygon",
    "coordinates": [
     [
      [
       492022.843,
       5459219.146
      ],
      [
       492060.164,
       5459201.059
      ],
      [
       492228.996,
       5459128.438
      ],
      [
       492244.46,
       5459124.292
      ],
      [
       492245.492,
       5459124.647
      ],
      [
       492205.753,
       5459142.549
      ],
      [
       492120.734,
       5459178.682
      ],
      [
       492110.793,
       5459183.552
      ],
      [
       492105.228,
       5459185.283
      ],
      [
       492099.468,
       5459188.416
      ],
      [
       492094.959,
       5459189.099
      ],
      [
       492093.37,
       5459191.022
      ],
      [
       492085.527,
       5459194.498
      ],
      [
       492079.45,
       5459195.876
      ],
      [
       492078.386,
       5459197.45
      ],
      [
       492070.195,
       5459201.1
      ],
      [
       492067.079,
       5459201.262
      ],
      [
       492065.841,
       5459202.836
      ],
      [
       492063.414,
       5459203.177
      ],
      [
       492062.182,
       5459204.399
      ],
      [
       492048.06,
       5459211.006
      ],
      [
       492046.34,
       5459210.473
      ],
      [
       492043.215,
       5459211.162
      ],
      [
       492041.641,
       5459212.208
      ],
      [
       492043.197,
       5459212.214
      ],
      [
       492043.528,
       5459213.092
      ],
      [
       492026.096,
       5459221.088
      ],
      [
       492022.843,
       5459219.146
      ]
     ]
    ]
   },
   "properties": {
    "sheet": "vancouver_1912_MAP342a_04",
    "building_id": "vancouver_1912_MAP342a_04:block:1:bldg26",
    "block_id": null,
    "block_fid": 1,
    "block_number": null,
    "text_inside": [],
    "numerals_inside": [],
    "words_inside": [],
    "floors": null,
    "wash_rgb": [
     254,
     254,
     254
    ],
    "wash_chroma": 0.1,
    "wash_lightness_delta": -0.1,
    "hue_deg": 0,
    "material": "not a building (open lot, yard or court)",
    "area_source_px2": 27352,
    "centroid_source_px": [
     2879,
     2452
    ],
    "orphan": true,
    "orphan_because": "its block was rejected, split away or never traced",
    "centroid_map": [
     492130.518,
     5459172.934
    ]
   }
  },
  {
   "type": "Feature",
   "geometry": {
    "type": "Polygon",
    "coordinates": [
     [
      [
       491912.187,
       5459206.773
      ],
      [
       491912.378,
       5459205.721
      ],
      [
       491916.907,
       5459203.81
      ],
      [
       491917.572,
       5459205.391
      ],
      [
       491914.927,
       5459208.362
      ],
      [
       491917.909,
       5459205.919
      ],
      [
       491920.426,
       5459210.489
      ],
      [
       491921.288,
       5459210.668
      ],
      [
       491935.758,
       5459203.887
      ],
      [
       491937.443,
       5459206.524
      ],
      [
       491940.917,
       5459205.661
      ],
      [
       491942.42,
       5459208.824
      ],
      [
       491918.544,
       5459219.425
      ],
      [
       491912.187,
       5459206.773
      ]
     ]
    ]
   },
   "properties": {
    "sheet": "vancouver_1912_MAP342a_04",
    "building_id": "vancouver_1912_MAP342a_04:block:1:bldg27",
    "block_id": null,
    "block_fid": 1,
    "block_number": null,
    "text_inside": [],
    "numerals_inside": [],
    "words_inside": [],
    "floors": null,
    "wash_rgb": [
     253,
     240,
     134
    ],
    "wash_chroma": 53.2,
    "wash_lightness_delta": -15.1,
    "hue_deg": 54,
    "material": "frame (wood)",
    "area_source_px2": 7111,
    "centroid_source_px": [
     1701,
     2230
    ],
    "orphan": true,
    "orphan_because": "its block was rejected, split away or never traced",
    "centroid_map": [
     491926.124,
     5459211.038
    ]
   }
  },
  {
   "type": "Feature",
   "geometry": {
    "type": "Polygon",
    "coordinates": [
     [
      [
       491809.77,
       5459218.458
      ],
      [
       491799.056,
       5459207.717
      ],
      [
       491804.158,
       5459202.652
      ],
      [
       491814.705,
       5459213.042
      ],
      [
       491813.637,
       5459214.791
      ],
      [
       491811.914,
       5459214.433
      ],
      [
       491812.406,
       5459216.014
      ],
      [
       491809.77,
       5459218.458
      ]
     ]
    ]
   },
   "properties": {
    "sheet": "vancouver_1912_MAP342a_04",
    "building_id": "vancouver_1912_MAP342a_04:block:14:bldg28",
    "block_id": "vancouver_1912_MAP342a_04:block:14",
    "block_fid": 5,
    "block_number": "14",
    "text_inside": [],
    "numerals_inside": [],
    "words_inside": [],
    "floors": null,
    "wash_rgb": [
     253,
     215,
     211
    ],
    "wash_chroma": 14.7,
    "wash_lightness_delta": -27.1,
    "hue_deg": 6,
    "material": "brick",
    "area_source_px2": 3594,
    "centroid_source_px": [
     1011,
     2231
    ],
    "orphan": false,
    "centroid_map": [
     491806.794,
     5459210.379
    ]
   }
  },
  {
   "type": "Feature",
   "geometry": {
    "type": "Polygon",
    "coordinates": [
     [
      [
       491994.012,
       5459216.048
      ],
      [
       491998.386,
       5459213.084
      ],
      [
       492053.708,
       5459184.022
      ],
      [
       492119.738,
       5459155.88
      ],
      [
       492120.4,
       5459157.636
      ],
      [
       492126.817,
       5459156.61
      ],
      [
       492056.079,
       5459187.013
      ],
      [
       491996.263,
       5459215.882
      ],
      [
       491994.012,
       5459216.048
      ]
     ]
    ]
   },
   "properties": {
    "sheet": "vancouver_1912_MAP342a_04",
    "building_id": "vancouver_1912_MAP342a_04:block:1:bldg29",
    "block_id": null,
    "block_fid": 1,
    "block_number": null,
    "text_inside": [],
    "numerals_inside": [],
    "words_inside": [],
    "floors": null,
    "wash_rgb": [
     254,
     254,
     254
    ],
    "wash_chroma": 0.1,
    "wash_lightness_delta": -0.2,
    "hue_deg": 0,
    "material": "not a building (open lot, yard or court)",
    "area_source_px2": 14268,
    "centroid_source_px": [
     2528,
     2411
    ],
    "orphan": true,
    "orphan_because": "its block was rejected, split away or never traced",
    "centroid_map": [
     492069.691,
     5459179.878
    ]
   }
  },
  {
   "type": "Feature",
   "geometry": {
    "type": "Polygon",
    "coordinates": [
     [
      [
       492050.303,
       5459211.366
      ],
      [
       492061.992,
       5459205.451
      ],
      [
       492064.902,
       5459207.216
      ],
      [
       492070.636,
       5459205.661
      ],
      [
       492067.914,
       5459203.019
      ],
      [
       492070.18,
       5459201.976
      ],
      [
       492072.759,
       5459202.864
      ],
      [
       492071.748,
       5459201.281
      ],
      [
       492078.025,
       5459198.325
      ],
      [
       492079.898,
       5459200.087
      ],
      [
       492083.354,
       5459200.276
      ],
      [
       492085.107,
       5459198.88
      ],
      [
       492084.433,
       5459197.825
      ],
      [
       492082.847,
       5459199.573
      ],
      [
       492080.285,
       5459197.633
      ],
      [
       492083.947,
       5459195.894
      ],
      [
       492085.843,
       5459196.253
      ],
      [
       492085.864,
       5459195.025
      ],
      [
       492093.534,
       5459191.549
      ],
      [
       492096.277,
       5459192.963
      ],
      [
       492095.042,
       5459194.361
      ],
      [
       492097.994,
       5459193.671
      ],
      [
       492098.698,
       5459192.973
      ],
      [
       492095.967,
       5459190.857
      ],
      [
       492098.4,
       5459190.166
      ],
      [
       492100.288,
       5459191.05
      ],
      [
       492099.28,
       5459189.292
      ],
      [
       492105.899,
       5459186.513
      ],
      [
       492107.951,
       5459187.924
      ],
      [
       492107.587,
       5459188.975
      ],
      [
       492109.659,
       5459189.159
      ],
      [
       492108.249,
       5459190.732
      ],
      [
       492054.928,
       5459214.015
      ],
      [
       492053.577,
       5459212.081
      ],
      [
       492050.303,
       5459211.366
      ]
     ]
    ]
   },
   "properties": {
    "sheet": "vancouver_1912_MAP342a_04",
    "building_id": "vancouver_1912_MAP342a_04:block:1:bldg30",
    "block_id": null,
    "block_fid": 1,
    "block_number": null,
    "text_inside": [
     "ian pacific",
     "acitic"
    ],
    "numerals_inside": [],
    "words_inside": [
     "ian pacific",
     "acitic"
    ],
    "floors": null,
    "wash_rgb": [
     254,
     254,
     254
    ],
    "wash_chroma": 0.1,
    "wash_lightness_delta": -0.1,
    "hue_deg": 0,
    "material": "not a building (open lot, yard or court)",
    "area_source_px2": 8344,
    "centroid_source_px": [
     2593,
     2295
    ],
    "orphan": true,
    "orphan_because": "its block was rejected, split away or never traced",
    "centroid_map": [
     492080.586,
     5459200.265
    ]
   }
  },
  {
   "type": "Feature",
   "geometry": {
    "type": "Polygon",
    "coordinates": [
     [
      [
       491985.585,
       5459213.208
      ],
      [
       492016.721,
       5459192.64
      ],
      [
       492020.899,
       5459191.079
      ],
      [
       492023.18,
       5459189.159
      ],
      [
       492046.561,
       5459177.153
      ],
      [
       492116.611,
       5459146.572
      ],
      [
       492117.639,
       5459147.103
      ],
      [
       492118.292,
       5459149.385
      ],
      [
       492117.58,
       5459150.61
      ],
      [
       492052.59,
       5459178.581
      ],
      [
       492015.764,
       5459198.073
      ],
      [
       492014.741,
       5459197.192
      ],
      [
       492010.528,
       5459200.858
      ],
      [
       491987.141,
       5459213.214
      ],
      [
       491985.585,
       5459213.208
      ]
     ]
    ]
   },
   "properties": {
    "sheet": "vancouver_1912_MAP342a_04",
    "building_id": "vancouver_1912_MAP342a_04:block:1:bldg31",
    "block_id": null,
    "block_fid": 1,
    "block_number": null,
    "text_inside": [],
    "numerals_inside": [],
    "words_inside": [],
    "floors": null,
    "wash_rgb": [
     254,
     254,
     254
    ],
    "wash_chroma": 0.1,
    "wash_lightness_delta": -0.1,
    "hue_deg": 0,
    "material": "not a building (open lot, yard or court)",
    "area_source_px2": 17522,
    "centroid_source_px": [
     2461,
     2437
    ],
    "orphan": true,
    "orphan_because": "its block was rejected, split away or never traced",
    "centroid_map": [
     492058.181,
     5459175.272
    ]
   }
  },
  {
   "type": "Feature",
   "geometry": {
    "type": "Polygon",
    "coordinates": [
     [
      [
       491815.751,
       5459212.52
      ],
      [
       491802.816,
       5459200.191
      ],
      [
       491804.233,
       5459198.268
      ],
      [
       491805.44,
       5459198.448
      ],
      [
       491806.493,
       5459197.576
      ],
      [
       491806.165,
       5459196.522
      ],
      [
       491806.869,
       5459195.824
      ],
      [
       491808.762,
       5459196.357
      ],
      [
       491819.986,
       5459207.627
      ],
      [
       491819.267,
       5459209.202
      ],
      [
       491816.834,
       5459209.894
      ],
      [
       491817.335,
       5459210.948
      ],
      [
       491815.751,
       5459212.52
      ]
     ]
    ]
   },
   "properties": {
    "sheet": "vancouver_1912_MAP342a_04",
    "building_id": "vancouver_1912_MAP342a_04:block:14:bldg32",
    "block_id": "vancouver_1912_MAP342a_04:block:14",
    "block_fid": 5,
    "block_number": "14",
    "text_inside": [
     "4"
    ],
    "numerals_inside": [
     "4"
    ],
    "words_inside": [],
    "floors": null,
    "wash_rgb": [
     253,
     212,
     210
    ],
    "wash_chroma": 15.7,
    "wash_lightness_delta": -29.1,
    "hue_deg": 2,
    "material": "brick",
    "area_source_px2": 3850,
    "centroid_source_px": [
     1037,
     2267
    ],
    "orphan": false,
    "centroid_map": [
     491811.398,
     5459204.084
    ]
   }
  },
  {
   "type": "Feature",
   "geometry": {
    "type": "Polygon",
    "coordinates": [
     [
      [
       491767.926,
       5459207.591
      ],
      [
       491764.538,
       5459203.368
      ],
      [
       491781.779,
       5459186.252
      ],
      [
       491783.697,
       5459185.383
      ],
      [
       491786.759,
       5459188.377
      ],
      [
       491785.859,
       5459190.477
      ],
      [
       491767.926,
       5459207.591
      ]
     ]
    ]
   },
   "properties": {
    "sheet": "vancouver_1912_MAP342a_04",
    "building_id": "vancouver_1912_MAP342a_04:block:14:bldg33",
    "block_id": "vancouver_1912_MAP342a_04:block:14",
    "block_fid": 5,
    "block_number": "14",
    "text_inside": [],
    "numerals_inside": [],
    "words_inside": [],
    "floors": null,
    "wash_rgb": [
     254,
     254,
     254
    ],
    "wash_chroma": 0.1,
    "wash_lightness_delta": -0.1,
    "hue_deg": 0,
    "material": "not a building (open lot, yard or court)",
    "area_source_px2": 4898,
    "centroid_source_px": [
     830,
     2310
    ],
    "orphan": false,
    "centroid_map": [
     491775.726,
     5459196.399
    ]
   }
  },
  {
   "type": "Feature",
   "geometry": {
    "type": "Polygon",
    "coordinates": [
     [
      [
       491820.68,
       5459207.454
      ],
      [
       491795.338,
       5459182.273
      ],
      [
       491805.724,
       5459171.618
      ],
      [
       491813.721,
       5459179.367
      ],
      [
       491813.014,
       5459180.241
      ],
      [
       491809.603,
       5459177.421
      ],
      [
       491809.397,
       5459179.349
      ],
      [
       491808.345,
       5459180.222
      ],
      [
       491810.897,
       5459182.687
      ],
      [
       491811.601,
       5459181.989
      ],
      [
       491812.8,
       5459182.695
      ],
      [
       491812.09,
       5459183.744
      ],
      [
       491814.49,
       5459184.982
      ],
      [
       491813.783,
       5459185.856
      ],
      [
       491815.495,
       5459186.915
      ],
      [
       491815.128,
       5459188.141
      ],
      [
       491816.682,
       5459188.322
      ],
      [
       491817.046,
       5459187.272
      ],
      [
       491818.438,
       5459186.751
      ],
      [
       491818.122,
       5459184.996
      ],
      [
       491818.99,
       5459184.824
      ],
      [
       491831.063,
       5459196.974
      ],
      [
       491830.178,
       5459198.198
      ],
      [
       491828.275,
       5459198.19
      ],
      [
       491829.122,
       5459199.246
      ],
      [
       491824.548,
       5459203.787
      ],
      [
       491822.821,
       5459203.605
      ],
      [
       491823.316,
       5459205.009
      ],
      [
       491820.68,
       5459207.454
      ]
     ]
    ]
   },
   "properties": {
    "sheet": "vancouver_1912_MAP342a_04",
    "building_id": "vancouver_1912_MAP342a_04:block:14:bldg34",
    "block_id": "vancouver_1912_MAP342a_04:block:14",
    "block_fid": 5,
    "block_number": "14",
    "text_inside": [
     "Hotel"
    ],
    "numerals_inside": [],
    "words_inside": [
     "Hotel"
    ],
    "floors": null,
    "wash_rgb": [
     253,
     213,
     210
    ],
    "wash_chroma": 15.5,
    "wash_lightness_delta": -28.7,
    "hue_deg": 4,
    "material": "brick",
    "area_source_px2": 16172,
    "centroid_source_px": [
     1049,
     2345
    ],
    "orphan": false,
    "centroid_map": [
     491813.706,
     5459190.415
    ]
   }
  },
  {
   "type": "Feature",
   "geometry": {
    "type": "Polygon",
    "coordinates": [
     [
      [
       491799.25,
       5459206.49
      ],
      [
       491798.206,
       5459206.837
      ],
      [
       491784.257,
       5459193.101
      ],
      [
       491789.186,
       5459188.036
      ],
      [
       491792.264,
       5459190.153
      ],
      [
       491803.147,
       5459201.07
      ],
      [
       491803.293,
       5459202.649
      ],
      [
       491799.25,
       5459206.49
      ]
     ]
    ]
   },
   "properties": {
    "sheet": "vancouver_1912_MAP342a_04",
    "building_id": "vancouver_1912_MAP342a_04:block:14:bldg35",
    "block_id": "vancouver_1912_MAP342a_04:block:14",
    "block_fid": 5,
    "block_number": "14",
    "text_inside": [
     "4"
    ],
    "numerals_inside": [
     "4"
    ],
    "words_inside": [],
    "floors": null,
    "wash_rgb": [
     254,
     254,
     254
    ],
    "wash_chroma": 0.1,
    "wash_lightness_delta": -0.1,
    "hue_deg": 0,
    "material": "not a building (open lot, yard or court)",
    "area_source_px2": 5030,
    "centroid_source_px": [
     932,
     2308
    ],
    "orphan": false,
    "centroid_map": [
     491793.361,
     5459196.821
    ]
   }
  },
  {
   "type": "Feature",
   "geometry": {
    "type": "Polygon",
    "coordinates": [
     [
      [
       491901.303,
       5459206.027
      ],
      [
       491890.241,
       5459195.46
      ],
      [
       491890.444,
       5459193.707
      ],
      [
       491889.275,
       5459191.247
      ],
      [
       491888.073,
       5459190.716
      ],
      [
       491887.357,
       5459192.116
      ],
      [
       491886.332,
       5459191.411
      ],
      [
       491887.76,
       5459188.786
      ],
      [
       491885.315,
       5459190.179
      ],
      [
       491876.14,
       5459180.496
      ],
      [
       491899.708,
       5459157.443
      ],
      [
       491901.077,
       5459158.325
      ],
      [
       491904.59,
       5459155.183
      ],
      [
       491903.403,
       5459153.775
      ],
      [
       491922.394,
       5459135.438
      ],
      [
       491936.224,
       5459156.188
      ],
      [
       491934.84,
       5459156.182
      ],
      [
       491922.761,
       5459144.384
      ],
      [
       491922.102,
       5459142.452
      ],
      [
       491918.956,
       5459144.368
      ],
      [
       491917.003,
       5459147.342
      ],
      [
       491919.415,
       5459147.878
      ],
      [
       491929.625,
       5459157.74
      ],
      [
       491928.382,
       5459159.664
      ],
      [
       491930.594,
       5459161.777
      ],
      [
       491932.169,
       5459160.731
      ],
      [
       491935.452,
       5459160.92
      ],
      [
       491937.745,
       5459158.299
      ],
      [
       491942.301,
       5459164.981
      ],
      [
       491922.591,
       5459184.893
      ],
      [
       491920.357,
       5459184.008
      ],
      [
       491921.711,
       5459185.767
      ],
      [
       491901.303,
       5459206.027
      ]
     ]
    ]
   },
   "properties": {
    "sheet": "vancouver_1912_MAP342a_04",
    "building_id": "vancouver_1912_MAP342a_04:block:1:bldg36",
    "block_id": null,
    "block_fid": 1,
    "block_number": null,
    "text_inside": [
     "220'"
    ],
    "numerals_inside": [],
    "words_inside": [],
    "floors": null,
    "wash_rgb": [
     254,
     254,
     254
    ],
    "wash_chroma": 0.1,
    "wash_lightness_delta": -0.1,
    "hue_deg": 0,
    "material": "not a building (open lot, yard or court)",
    "area_source_px2": 67386,
    "centroid_source_px": [
     1615,
     2455
    ],
    "orphan": true,
    "orphan_because": "its block was rejected, split away or never traced",
    "centroid_map": [
     491911.922,
     5459171.522
    ]
   }
  },
  {
   "type": "Feature",
   "geometry": {
    "type": "Polygon",
    "coordinates": [
     [
      [
       491762.794,
       5459204.238
      ],
      [
       491758.369,
       5459200.011
      ],
      [
       491759.618,
       5459197.737
      ],
      [
       491757.692,
       5459199.132
      ],
      [
       491753.78,
       5459195.258
      ],
      [
       491755.026,
       5459193.158
      ],
      [
       491753.273,
       5459194.554
      ],
      [
       491752.587,
       5459194.201
      ],
      [
       491752.119,
       5459191.217
      ],
      [
       491754.94,
       5459188.072
      ],
      [
       491752.724,
       5459186.134
      ],
      [
       491753.947,
       5459185.438
      ],
      [
       491757.361,
       5459188.082
      ],
      [
       491754.138,
       5459184.386
      ],
      [
       491747.998,
       5459189.447
      ],
      [
       491743.403,
       5459185.044
      ],
      [
       491744.474,
       5459183.119
      ],
      [
       491742.553,
       5459184.164
      ],
      [
       491737.964,
       5459179.41
      ],
      [
       491741.811,
       5459176.971
      ],
      [
       491739.932,
       5459175.56
      ],
      [
       491743.976,
       5459171.718
      ],
      [
       491745.538,
       5459171.374
      ],
      [
       491745.738,
       5459169.796
      ],
      [
       491747.494,
       5459168.225
      ],
      [
       491753.288,
       5459173.334
      ],
      [
       491753.443,
       5459174.387
      ],
      [
       491751.678,
       5459176.485
      ],
      [
       491754.129,
       5459174.741
      ],
      [
       491758.724,
       5459179.144
      ],
      [
       491758.005,
       5459180.719
      ],
      [
       491759.228,
       5459180.023
      ],
      [
       491760.429,
       5459180.554
      ],
      [
       491763.829,
       5459184.075
      ],
      [
       491763.811,
       5459185.127
      ],
      [
       491764.849,
       5459185.131
      ],
      [
       491768.421,
       5459188.653
      ],
      [
       491767.526,
       5459190.403
      ],
      [
       491769.098,
       5459189.533
      ],
      [
       491773.016,
       5459193.056
      ],
      [
       491772.995,
       5459194.283
      ],
      [
       491762.794,
       5459204.238
      ]
     ]
    ]
   },
   "properties": {
    "sheet": "vancouver_1912_MAP342a_04",
    "building_id": "vancouver_1912_MAP342a_04:block:14:bldg37",
    "block_id": "vancouver_1912_MAP342a_04:block:14",
    "block_fid": 5,
    "block_number": "14",
    "text_inside": [
     "100",
     "19"
    ],
    "numerals_inside": [
     "100",
     "19"
    ],
    "words_inside": [],
    "floors": null,
    "wash_rgb": [
     253,
     215,
     211
    ],
    "wash_chroma": 14.9,
    "wash_lightness_delta": -27.5,
    "hue_deg": 6,
    "material": "brick",
    "area_source_px2": 16568,
    "centroid_source_px": [
     712,
     2368
    ],
    "orphan": false,
    "centroid_map": [
     491755.492,
     5459186.145
    ]
   }
  },
  {
   "type": "Feature",
   "geometry": {
    "type": "Polygon",
    "coordinates": [
     [
      [
       492239.972,
       5459205.12
      ],
      [
       492239.116,
       5459204.59
      ],
      [
       492230.618,
       5459185.616
      ],
      [
       492230.979,
       5459184.74
      ],
      [
       492238.472,
       5459181.439
      ],
      [
       492239.146,
       5459182.494
      ],
      [
       492240.696,
       5459182.851
      ],
      [
       492248.697,
       5459200.595
      ],
      [
       492248.163,
       5459201.47
      ],
      [
       492239.972,
       5459205.12
      ]
     ]
    ]
   },
   "properties": {
    "sheet": "vancouver_1912_MAP342a_04",
    "building_id": "vancouver_1912_MAP342a_04:block:fid4:bldg38",
    "block_id": null,
    "block_fid": 4,
    "block_number": null,
    "text_inside": [],
    "numerals_inside": [],
    "words_inside": [],
    "floors": null,
    "wash_rgb": [
     253,
     239,
     124
    ],
    "wash_chroma": 57.7,
    "wash_lightness_delta": -15.8,
    "hue_deg": 54,
    "material": "frame (wood)",
    "area_source_px2": 7497,
    "centroid_source_px": [
     3512,
     2339
    ],
    "orphan": true,
    "orphan_because": "its block was rejected, split away or never traced",
    "centroid_map": [
     492239.656,
     5459193.193
    ]
   }
  },
  {
   "type": "Feature",
   "geometry": {
    "type": "Polygon",
    "coordinates": [
     [
      [
       491802.312,
       5459199.313
      ],
      [
       491790.233,
       5459187.514
      ],
      [
       491790.248,
       5459186.637
      ],
      [
       491794.813,
       5459182.622
      ],
      [
       491806.889,
       5459194.596
      ],
      [
       491805.476,
       5459196.344
      ],
      [
       491804.45,
       5459195.638
      ],
      [
       491802.706,
       5459196.508
      ],
      [
       491803.541,
       5459198.265
      ],
      [
       491802.312,
       5459199.313
      ]
     ]
    ]
   },
   "properties": {
    "sheet": "vancouver_1912_MAP342a_04",
    "building_id": "vancouver_1912_MAP342a_04:block:14:bldg39",
    "block_id": "vancouver_1912_MAP342a_04:block:14",
    "block_fid": 5,
    "block_number": "14",
    "text_inside": [],
    "numerals_inside": [],
    "words_inside": [],
    "floors": null,
    "wash_rgb": [
     254,
     254,
     254
    ],
    "wash_chroma": 0.4,
    "wash_lightness_delta": -0.3,
    "hue_deg": 0,
    "material": "not a building (open lot, yard or court)",
    "area_source_px2": 3682,
    "centroid_source_px": [
     959,
     2343
    ],
    "orphan": false,
    "centroid_map": [
     491798.135,
     5459190.702
    ]
   }
  },
  {
   "type": "Feature",
   "geometry": {
    "type": "Polygon",
    "coordinates": [
     [
      [
       491832.814,
       5459195.753
      ],
      [
       491831.248,
       5459196.273
      ],
      [
       491806.588,
       5459171.621
      ],
      [
       491806.43,
       5459170.744
      ],
      [
       491810.477,
       5459166.727
      ],
      [
       491811.517,
       5459166.556
      ],
      [
       491836.517,
       5459191.559
      ],
      [
       491835.631,
       5459192.783
      ],
      [
       491834.072,
       5459192.953
      ],
      [
       491834.221,
       5459194.356
      ],
      [
       491832.814,
       5459195.753
      ]
     ]
    ]
   },
   "properties": {
    "sheet": "vancouver_1912_MAP342a_04",
    "building_id": "vancouver_1912_MAP342a_04:block:14:bldg40",
    "block_id": "vancouver_1912_MAP342a_04:block:14",
    "block_fid": 5,
    "block_number": "14",
    "text_inside": [
     "6"
    ],
    "numerals_inside": [
     "6"
    ],
    "words_inside": [],
    "floors": null,
    "wash_rgb": [
     253,
     215,
     211
    ],
    "wash_chroma": 14.9,
    "wash_lightness_delta": -27.6,
    "hue_deg": 6,
    "material": "brick",
    "area_source_px2": 8376,
    "centroid_source_px": [
     1092,
     2397
    ],
    "orphan": false,
    "centroid_map": [
     491821.298,
     5459181.326
    ]
   }
  },
  {
   "type": "Feature",
   "geometry": {
    "type": "Polygon",
    "coordinates": [
     [
      [
       491936.99,
       5459192.493
      ],
      [
       491933.838,
       5459184.588
      ],
      [
       491954.753,
       5459175.203
      ],
      [
       491955.436,
       5459175.732
      ],
      [
       491957.085,
       5459180.474
      ],
      [
       491954.467,
       5459181.866
      ],
      [
       491952.567,
       5459181.683
      ],
      [
       491951.682,
       5459182.907
      ],
      [
       491946.627,
       5459185.166
      ],
      [
       491945.739,
       5459186.566
      ],
      [
       491940.896,
       5459186.546
      ],
      [
       491941.042,
       5459188.125
      ],
      [
       491937.041,
       5459189.512
      ],
      [
       491939.265,
       5459190.924
      ],
      [
       491938.374,
       5459192.498
      ],
      [
       491936.99,
       5459192.493
      ]
     ]
    ]
   },
   "properties": {
    "sheet": "vancouver_1912_MAP342a_04",
    "building_id": "vancouver_1912_MAP342a_04:block:1:bldg41",
    "block_id": null,
    "block_fid": 1,
    "block_number": null,
    "text_inside": [],
    "numerals_inside": [],
    "words_inside": [],
    "floors": null,
    "wash_rgb": [
     253,
     204,
     208
    ],
    "wash_chroma": 18.7,
    "wash_lightness_delta": -34.1,
    "hue_deg": 356,
    "material": "brick",
    "area_source_px2": 4628,
    "centroid_source_px": [
     1809,
     2392
    ],
    "orphan": true,
    "orphan_because": "its block was rejected, split away or never traced",
    "centroid_map": [
     491945.286,
     5459182.706
    ]
   }
  },
  {
   "type": "Feature",
   "geometry": {
    "type": "Polygon",
    "coordinates": [
     [
      [
       491837.042,
       5459191.211
      ],
      [
       491811.702,
       5459165.855
      ],
      [
       491822.258,
       5459155.375
      ],
      [
       491832.805,
       5459165.765
      ],
      [
       491832.766,
       5459168.045
      ],
      [
       491830.855,
       5459168.563
      ],
      [
       491826.093,
       5459163.809
      ],
      [
       491826.382,
       5459167.142
      ],
      [
       491825.508,
       5459167.665
      ],
      [
       491826.522,
       5459169.072
      ],
      [
       491825.475,
       5459169.593
      ],
      [
       491823.943,
       5459168.184
      ],
      [
       491824.259,
       5459169.939
      ],
      [
       491823.191,
       5459171.689
      ],
      [
       491825.404,
       5459173.802
      ],
      [
       491824.339,
       5459175.376
      ],
      [
       491825.544,
       5459175.732
      ],
      [
       491826.039,
       5459177.137
      ],
      [
       491827.25,
       5459177.142
      ],
      [
       491828.484,
       5459175.744
      ],
      [
       491830.884,
       5459176.981
      ],
      [
       491832.572,
       5459179.443
      ],
      [
       491832.381,
       5459180.494
      ],
      [
       491833.258,
       5459179.796
      ],
      [
       491835.139,
       5459181.032
      ],
      [
       491835.521,
       5459178.929
      ],
      [
       491831.943,
       5459175.758
      ],
      [
       491833.347,
       5459174.536
      ],
      [
       491833.723,
       5459172.784
      ],
      [
       491835.092,
       5459173.666
      ],
      [
       491833.941,
       5459170.154
      ],
      [
       491835.318,
       5459170.51
      ],
      [
       491836.204,
       5459169.286
      ],
      [
       491847.601,
       5459180.556
      ],
      [
       491847.07,
       5459181.255
      ],
      [
       491843.954,
       5459181.418
      ],
      [
       491843.241,
       5459182.643
      ],
      [
       491844.44,
       5459183.349
      ],
      [
       491844.252,
       5459184.225
      ],
      [
       491841.261,
       5459187.194
      ],
      [
       491839.359,
       5459187.187
      ],
      [
       491839.854,
       5459188.592
      ],
      [
       491837.042,
       5459191.211
      ]
     ]
    ]
   },
   "properties": {
    "sheet": "vancouver_1912_MAP342a_04",
    "building_id": "vancouver_1912_MAP342a_04:block:14:bldg42",
    "block_id": "vancouver_1912_MAP342a_04:block:14",
    "block_fid": 5,
    "block_number": "14",
    "text_inside": [],
    "numerals_inside": [],
    "words_inside": [],
    "floors": null,
    "wash_rgb": [
     253,
     209,
     208
    ],
    "wash_chroma": 16.9,
    "wash_lightness_delta": -31.1,
    "hue_deg": 2,
    "material": "brick",
    "area_source_px2": 14111,
    "centroid_source_px": [
     1140,
     2441
    ],
    "orphan": false,
    "centroid_map": [
     491829.73,
     5459173.644
    ]
   }
  },
  {
   "type": "Feature",
   "geometry": {
    "type": "Polygon",
    "coordinates": [
     [
      [
       491771.853,
       5459190.245
      ],
      [
       491770.815,
       5459190.241
      ],
      [
       491748.365,
       5459167.878
      ],
      [
       491749.609,
       5459165.954
      ],
      [
       491751.52,
       5459165.436
      ],
      [
       491752.069,
       5459163.684
      ],
      [
       491753.977,
       5459163.341
      ],
      [
       491766.226,
       5459175.316
      ],
      [
       491766.891,
       5459176.897
      ],
      [
       491768.096,
       5459177.253
      ],
      [
       491775.92,
       5459185.001
      ],
      [
       491776.072,
       5459186.229
      ],
      [
       491771.853,
       5459190.245
      ]
     ]
    ]
   },
   "properties": {
    "sheet": "vancouver_1912_MAP342a_04",
    "building_id": "vancouver_1912_MAP342a_04:block:14:bldg43",
    "block_id": "vancouver_1912_MAP342a_04:block:14",
    "block_fid": 5,
    "block_number": "14",
    "text_inside": [
     "18"
    ],
    "numerals_inside": [
     "18"
    ],
    "words_inside": [],
    "floors": null,
    "wash_rgb": [
     253,
     209,
     207
    ],
    "wash_chroma": 17.0,
    "wash_lightness_delta": -31.2,
    "hue_deg": 2,
    "material": "brick",
    "area_source_px2": 7748,
    "centroid_source_px": [
     750,
     2422
    ],
    "orphan": false,
    "centroid_map": [
     491762.225,
     5459176.703
    ]
   }
  },
  {
   "type": "Feature",
   "geometry": {
    "type": "Polygon",
    "coordinates": [
     [
      [
       491779.683,
       5459187.471
      ],
      [
       491753.819,
       5459162.464
      ],
      [
       491755.936,
       5459160.017
      ],
      [
       491757.496,
       5459159.848
      ],
      [
       491757.346,
       5459158.444
      ],
      [
       491759.619,
       5459157.051
      ],
      [
       491759.809,
       5459155.999
      ],
      [
       491761.563,
       5459154.603
      ],
      [
       491762.598,
       5459154.783
      ],
      [
       491764.712,
       5459152.512
      ],
      [
       491789.714,
       5459177.34
      ],
      [
       491785.662,
       5459181.708
      ],
      [
       491783.592,
       5459181.349
      ],
      [
       491784.254,
       5459183.105
      ],
      [
       491779.683,
       5459187.471
      ]
     ]
    ]
   },
   "properties": {
    "sheet": "vancouver_1912_MAP342a_04",
    "building_id": "vancouver_1912_MAP342a_04:block:14:bldg44",
    "block_id": "vancouver_1912_MAP342a_04:block:14",
    "block_fid": 5,
    "block_number": "14",
    "text_inside": [
     "17",
     "16"
    ],
    "numerals_inside": [
     "17",
     "16"
    ],
    "words_inside": [],
    "floors": null,
    "wash_rgb": [
     253,
     209,
     206
    ],
    "wash_chroma": 17.1,
    "wash_lightness_delta": -31.4,
    "hue_deg": 4,
    "material": "brick",
    "area_source_px2": 17106,
    "centroid_source_px": [
     805,
     2460
    ],
    "orphan": false,
    "centroid_map": [
     491771.85,
     5459170.078
    ]
   }
  },
  {
   "type": "Feature",
   "geometry": {
    "type": "Polygon",
    "coordinates": [
     [
      [
       491970.005,
       5459183.507
      ],
      [
       491968.35,
       5459179.116
      ],
      [
       491973.929,
       5459176.508
      ],
      [
       491974.126,
       5459175.106
      ],
      [
       491973.1,
       5459174.401
      ],
      [
       491973.118,
       5459173.348
      ],
      [
       491978.694,
       5459170.916
      ],
      [
       491980.725,
       5459173.555
      ],
      [
       491984.384,
       5459171.991
      ],
      [
       491985.239,
       5459172.521
      ],
      [
       491986.548,
       5459176.91
      ],
      [
       491972.429,
       5459183.342
      ],
      [
       491970.005,
       5459183.507
      ]
     ]
    ]
   },
   "properties": {
    "sheet": "vancouver_1912_MAP342a_04",
    "building_id": "vancouver_1912_MAP342a_04:block:1:bldg45",
    "block_id": null,
    "block_fid": 1,
    "block_number": null,
    "text_inside": [],
    "numerals_inside": [],
    "words_inside": [],
    "floors": null,
    "wash_rgb": [
     253,
     240,
     136
    ],
    "wash_chroma": 52.1,
    "wash_lightness_delta": -15.2,
    "hue_deg": 54,
    "material": "frame (wood)",
    "area_source_px2": 3944,
    "centroid_source_px": [
     1994,
     2424
    ],
    "orphan": true,
    "orphan_because": "its block was rejected, split away or never traced",
    "centroid_map": [
     491977.376,
     5459177.224
    ]
   }
  },
  {
   "type": "Feature",
   "geometry": {
    "type": "Polygon",
    "coordinates": [
     [
      [
       492032.278,
       5459183.058
      ],
      [
       492055.539,
       5459167.895
      ],
      [
       492115.826,
       5459141.834
      ],
      [
       492117.529,
       5459143.419
      ],
      [
       492117.681,
       5459144.648
      ],
      [
       492115.403,
       5459146.392
      ],
      [
       492113.497,
       5459146.56
      ],
      [
       492105.47,
       5459150.736
      ],
      [
       492053.553,
       5459172.798
      ],
      [
       492032.964,
       5459183.412
      ],
      [
       492032.278,
       5459183.058
      ]
     ]
    ]
   },
   "properties": {
    "sheet": "vancouver_1912_MAP342a_04",
    "building_id": "vancouver_1912_MAP342a_04:block:1:bldg46",
    "block_id": null,
    "block_fid": 1,
    "block_number": null,
    "text_inside": [],
    "numerals_inside": [],
    "words_inside": [],
    "floors": null,
    "wash_rgb": [
     254,
     254,
     254
    ],
    "wash_chroma": 0.0,
    "wash_lightness_delta": -0.1,
    "hue_deg": 0,
    "material": "not a building (open lot, yard or court)",
    "area_source_px2": 10292,
    "centroid_source_px": [
     2590,
     2529
    ],
    "orphan": true,
    "orphan_because": "its block was rejected, split away or never traced",
    "centroid_map": [
     492080.766,
     5459159.229
    ]
   }
  },
  {
   "type": "Feature",
   "geometry": {
    "type": "Polygon",
    "coordinates": [
     [
      [
       491790.591,
       5459176.642
      ],
      [
       491789.556,
       5459176.463
      ],
      [
       491766.426,
       5459153.396
      ],
      [
       491767.723,
       5459148.315
      ],
      [
       491771.594,
       5459144.473
      ],
      [
       491773.153,
       5459144.304
      ],
      [
       491773.177,
       5459142.901
      ],
      [
       491775.285,
       5459140.98
      ],
      [
       491800.795,
       5459166.512
      ],
      [
       491790.591,
       5459176.642
      ]
     ]
    ]
   },
   "properties": {
    "sheet": "vancouver_1912_MAP342a_04",
    "building_id": "vancouver_1912_MAP342a_04:block:14:bldg47",
    "block_id": "vancouver_1912_MAP342a_04:block:14",
    "block_fid": 5,
    "block_number": "14",
    "text_inside": [
     "Dogs"
    ],
    "numerals_inside": [],
    "words_inside": [
     "Dogs"
    ],
    "floors": null,
    "wash_rgb": [
     253,
     210,
     209
    ],
    "wash_chroma": 16.5,
    "wash_lightness_delta": -30.5,
    "hue_deg": 2,
    "material": "brick",
    "area_source_px2": 17677,
    "centroid_source_px": [
     872,
     2520
    ],
    "orphan": false,
    "centroid_map": [
     491783.616,
     5459159.603
    ]
   }
  },
  {
   "type": "Feature",
   "geometry": {
    "type": "Polygon",
    "coordinates": [
     [
      [
       492134.644,
       5459174.354
      ],
      [
       492255.403,
       5459121.531
      ],
      [
       492271.389,
       5459117.211
      ],
      [
       492273.461,
       5459117.395
      ],
      [
       492216.815,
       5459142.945
      ],
      [
       492215.787,
       5459142.415
      ],
      [
       492215.423,
       5459143.465
      ],
      [
       492172.377,
       5459162.582
      ],
      [
       492169.416,
       5459163.797
      ],
      [
       492168.733,
       5459163.268
      ],
      [
       492166.801,
       5459165.014
      ],
      [
       492140.841,
       5459176.133
      ],
      [
       492138.443,
       5459174.72
      ],
      [
       492134.644,
       5459174.354
      ]
     ]
    ]
   },
   "properties": {
    "sheet": "vancouver_1912_MAP342a_04",
    "building_id": "vancouver_1912_MAP342a_04:block:1:bldg48",
    "block_id": null,
    "block_fid": 1,
    "block_number": null,
    "text_inside": [],
    "numerals_inside": [],
    "words_inside": [],
    "floors": null,
    "wash_rgb": [
     254,
     254,
     254
    ],
    "wash_chroma": 0.1,
    "wash_lightness_delta": -0.1,
    "hue_deg": 0,
    "material": "not a building (open lot, yard or court)",
    "area_source_px2": 18678,
    "centroid_source_px": [
     3273,
     2594
    ],
    "orphan": true,
    "orphan_because": "its block was rejected, split away or never traced",
    "centroid_map": [
     492199.082,
     5459148.309
    ]
   }
  },
  {
   "type": "Feature",
   "geometry": {
    "type": "Polygon",
    "coordinates": [
     [
      [
       491730.951,
       5459164.651
      ],
      [
       491752.233,
       5459143.868
      ],
      [
       491753.977,
       5459142.998
      ],
      [
       491754.114,
       5459145.103
      ],
      [
       491755.462,
       5459147.213
      ],
      [
       491735.4,
       5459167.475
      ],
      [
       491734.174,
       5459168.347
      ],
      [
       491730.951,
       5459164.651
      ]
     ]
    ]
   },
   "properties": {
    "sheet": "vancouver_1912_MAP342a_04",
    "building_id": "vancouver_1912_MAP342a_04:block:14:bldg49",
    "block_id": "vancouver_1912_MAP342a_04:block:14",
    "block_fid": 5,
    "block_number": "14",
    "text_inside": [],
    "numerals_inside": [],
    "words_inside": [],
    "floors": null,
    "wash_rgb": [
     254,
     254,
     254
    ],
    "wash_chroma": 0.0,
    "wash_lightness_delta": -0.0,
    "hue_deg": 0,
    "material": "not a building (open lot, yard or court)",
    "area_source_px2": 4922,
    "centroid_source_px": [
     640,
     2540
    ],
    "orphan": false,
    "centroid_map": [
     491743.552,
     5459155.933
    ]
   }
  },
  {
   "type": "Feature",
   "geometry": {
    "type": "Polygon",
    "coordinates": [
     [
      [
       492168.318,
       5459167.3
      ],
      [
       492169.028,
       5459166.251
      ],
      [
       492167.829,
       5459165.544
      ],
      [
       492168.36,
       5459164.845
      ],
      [
       492280.588,
       5459115.319
      ],
      [
       492298.142,
       5459110.305
      ],
      [
       492300.215,
       5459110.489
      ],
      [
       492176.483,
       5459165.229
      ],
      [
       492172.687,
       5459164.687
      ],
      [
       492171.452,
       5459166.085
      ],
      [
       492171.78,
       5459167.139
      ],
      [
       492169.86,
       5459168.183
      ],
      [
       492168.318,
       5459167.3
      ]
     ]
    ]
   },
   "properties": {
    "sheet": "vancouver_1912_MAP342a_04",
    "building_id": "vancouver_1912_MAP342a_04:block:1:bldg50",
    "block_id": null,
    "block_fid": 1,
    "block_number": null,
    "text_inside": [],
    "numerals_inside": [],
    "words_inside": [],
    "floors": null,
    "wash_rgb": [
     254,
     254,
     254
    ],
    "wash_chroma": 0.1,
    "wash_lightness_delta": -0.1,
    "hue_deg": 0,
    "material": "not a building (open lot, yard or court)",
    "area_source_px2": 15705,
    "centroid_source_px": [
     3464,
     2649
    ],
    "orphan": true,
    "orphan_because": "its block was rejected, split away or never traced",
    "centroid_map": [
     492232.279,
     5459138.799
    ]
   }
  },
  {
   "type": "Feature",
   "geometry": {
    "type": "Polygon",
    "coordinates": [
     [
      [
       491862.37,
       5459166.411
      ],
      [
       491850.296,
       5459154.262
      ],
      [
       491849.992,
       5459151.805
      ],
      [
       491848.296,
       5459149.869
      ],
      [
       491847.759,
       5459150.919
      ],
      [
       491846.724,
       5459150.74
      ],
      [
       491837.203,
       5459141.056
      ],
      [
       491838.274,
       5459139.131
      ],
      [
       491848.648,
       5459129.177
      ],
      [
       491873.987,
       5459154.533
      ],
      [
       491872.225,
       5459156.455
      ],
      [
       491870.671,
       5459156.273
      ],
      [
       491870.638,
       5459158.202
      ],
      [
       491868.175,
       5459160.647
      ],
      [
       491867.141,
       5459160.468
      ],
      [
       491867.862,
       5459158.717
      ],
      [
       491867.188,
       5459157.662
      ],
      [
       491865.62,
       5459158.357
      ],
      [
       491865.134,
       5459156.426
      ],
      [
       491862.561,
       5459155.188
      ],
      [
       491855.568,
       5459149.373
      ],
      [
       491856.794,
       5459148.501
      ],
      [
       491857.176,
       5459146.398
      ],
      [
       491858.004,
       5459148.506
      ],
      [
       491861.443,
       5459149.747
      ],
      [
       491862.966,
       5459151.682
      ],
      [
       491863.894,
       5459148.003
      ],
      [
       491863.038,
       5459147.474
      ],
      [
       491862.331,
       5459148.348
      ],
      [
       491860.444,
       5459147.463
      ],
      [
       491859.6,
       5459146.232
      ],
      [
       491860.151,
       5459144.305
      ],
      [
       491858.106,
       5459142.543
      ],
      [
       491856.025,
       5459142.886
      ],
      [
       491848.045,
       5459134.085
      ],
      [
       491847.828,
       5459136.715
      ],
      [
       491846.596,
       5459137.937
      ],
      [
       491844.562,
       5459135.474
      ],
      [
       491843.346,
       5459135.82
      ],
      [
       491842.952,
       5459138.624
      ],
      [
       491844.479,
       5459140.384
      ],
      [
       491845.538,
       5459139.16
      ],
      [
       491846.22,
       5459139.689
      ],
      [
       491846.527,
       5459141.97
      ],
      [
       491849.423,
       5459144.613
      ],
      [
       491848.361,
       5459146.011
      ],
      [
       491849.915,
       5459146.193
      ],
      [
       491851.79,
       5459147.779
      ],
      [
       491853.696,
       5459147.611
      ],
      [
       491853.138,
       5459149.889
      ],
      [
       491851.427,
       5459148.83
      ],
      [
       491850.726,
       5459149.353
      ],
      [
       491853.284,
       5459151.468
      ],
      [
       491853.651,
       5459150.242
      ],
      [
       491855.389,
       5459149.723
      ],
      [
       491855.503,
       5459153.23
      ],
      [
       491859.972,
       5459154.827
      ],
      [
       491865.778,
       5459159.235
      ],
      [
       491865.581,
       5459160.637
      ],
      [
       491866.944,
       5459161.87
      ],
      [
       491863.118,
       5459163.082
      ],
      [
       491862.584,
       5459163.957
      ],
      [
       491863.777,
       5459165.014
      ],
      [
       491862.37,
       5459166.411
      ]
     ]
    ]
   },
   "properties": {
    "sheet": "vancouver_1912_MAP342a_04",
    "building_id": "vancouver_1912_MAP342a_04:block:fid6:bldg51",
    "block_id": "vancouver_1912_MAP342a_04:block:fid6",
    "block_fid": 6,
    "block_number": null,
    "text_inside": [
     "Clarke & Stewart",
     "64",
     "65",
     "66",
     "Building"
    ],
    "numerals_inside": [],
    "words_inside": [
     "Clarke & Stewart",
     "Building"
    ],
    "floors": null,
    "wash_rgb": [
     253,
     216,
     213
    ],
    "wash_chroma": 14.4,
    "wash_lightness_delta": -26.8,
    "hue_deg": 4,
    "material": "brick",
    "area_source_px2": 14224,
    "centroid_source_px": [
     1289,
     2587
    ],
    "orphan": false,
    "centroid_map": [
     491855.935,
     5459148.146
    ]
   }
  },
  {
   "type": "Feature",
   "geometry": {
    "type": "Polygon",
    "coordinates": [
     [
      [
       491944.564,
       5459164.114
      ],
      [
       491951.783,
       5459156.602
      ],
      [
       491977.681,
       5459149.166
      ],
      [
       491978.706,
       5459149.872
      ],
      [
       491980.975,
       5459158.825
      ],
      [
       491954.377,
       5459166.784
      ],
      [
       491944.564,
       5459164.114
      ]
     ]
    ]
   },
   "properties": {
    "sheet": "vancouver_1912_MAP342a_04",
    "building_id": "vancouver_1912_MAP342a_04:block:1:bldg52",
    "block_id": null,
    "block_fid": 1,
    "block_number": null,
    "text_inside": [],
    "numerals_inside": [],
    "words_inside": [],
    "floors": null,
    "wash_rgb": [
     253,
     238,
     139
    ],
    "wash_chroma": 50.4,
    "wash_lightness_delta": -16.1,
    "hue_deg": 52,
    "material": "frame (wood)",
    "area_source_px2": 10990,
    "centroid_source_px": [
     1914,
     2530
    ],
    "orphan": true,
    "orphan_because": "its block was rejected, split away or never traced",
    "centroid_map": [
     491963.857,
     5459158.58
    ]
   }
  },
  {
   "type": "Feature",
   "geometry": {
    "type": "Polygon",
    "coordinates": [
     [
      [
       491797.577,
       5459162.466
      ],
      [
       491797.431,
       5459160.887
      ],
      [
       491799.721,
       5459158.441
      ],
      [
       491797.005,
       5459155.449
      ],
      [
       491805.45,
       5459147.065
      ],
      [
       491807.37,
       5459146.021
      ],
      [
       491808.909,
       5459147.079
      ],
      [
       491808.545,
       5459148.13
      ],
      [
       491811.485,
       5459148.142
      ],
      [
       491816.631,
       5459150.618
      ],
      [
       491801.847,
       5459165.64
      ],
      [
       491800.81,
       5459165.635
      ],
      [
       491797.577,
       5459162.466
      ]
     ]
    ]
   },
   "properties": {
    "sheet": "vancouver_1912_MAP342a_04",
    "building_id": "vancouver_1912_MAP342a_04:block:14:bldg53",
    "block_id": "vancouver_1912_MAP342a_04:block:14",
    "block_fid": 5,
    "block_number": "14",
    "text_inside": [],
    "numerals_inside": [],
    "words_inside": [],
    "floors": null,
    "wash_rgb": [
     253,
     207,
     209
    ],
    "wash_chroma": 17.5,
    "wash_lightness_delta": -32.1,
    "hue_deg": 358,
    "material": "brick",
    "area_source_px2": 6244,
    "centroid_source_px": [
     998,
     2545
    ],
    "orphan": false,
    "centroid_map": [
     491805.482,
     5459155.308
    ]
   }
  },
  {
   "type": "Feature",
   "geometry": {
    "type": "Polygon",
    "coordinates": [
     [
      [
       492063.402,
       5459163.192
      ],
      [
       492094.363,
       5459142.799
      ],
      [
       492097.577,
       5459147.021
      ],
      [
       492111.711,
       5459139.713
      ],
      [
       492115.537,
       5459138.501
      ],
      [
       492115.671,
       5459140.781
      ],
      [
       492064.959,
       5459163.198
      ],
      [
       492063.402,
       5459163.192
      ]
     ]
    ]
   },
   "properties": {
    "sheet": "vancouver_1912_MAP342a_04",
    "building_id": "vancouver_1912_MAP342a_04:block:1:bldg54",
    "block_id": null,
    "block_fid": 1,
    "block_number": null,
    "text_inside": [],
    "numerals_inside": [],
    "words_inside": [],
    "floors": null,
    "wash_rgb": [
     254,
     254,
     254
    ],
    "wash_chroma": 0.1,
    "wash_lightness_delta": -0.1,
    "hue_deg": 0,
    "material": "not a building (open lot, yard or court)",
    "area_source_px2": 5996,
    "centroid_source_px": [
     2639,
     2582
    ],
    "orphan": true,
    "orphan_because": "its block was rejected, split away or never traced",
    "centroid_map": [
     492089.398,
     5459149.969
    ]
   }
  },
  {
   "type": "Feature",
   "geometry": {
    "type": "Polygon",
    "coordinates": [
     [
      [
       492189.704,
       5459160.723
      ],
      [
       492191.982,
       5459158.978
      ],
      [
       492236.245,
       5459139.516
      ],
      [
       492238.323,
       5459139.349
      ],
      [
       492238.684,
       5459138.474
      ],
      [
       492270.575,
       5459124.398
      ],
      [
       492271.434,
       5459124.752
      ],
      [
       492280.508,
       5459120.054
      ],
      [
       492311.862,
       5459107.028
      ],
      [
       492312.72,
       5459107.383
      ],
      [
       492298.548,
       5459116.971
      ],
      [
       492280.964,
       5459123.739
      ],
      [
       492240.879,
       5459141.639
      ],
      [
       492231.131,
       5459145.283
      ],
      [
       492204.11,
       5459157.8
      ],
      [
       492201.336,
       5459158.139
      ],
      [
       492199.753,
       5459159.711
      ],
      [
       492193.655,
       5459162.317
      ],
      [
       492189.704,
       5459160.723
      ]
     ]
    ]
   },
   "properties": {
    "sheet": "vancouver_1912_MAP342a_04",
    "building_id": "vancouver_1912_MAP342a_04:block:1:bldg55",
    "block_id": null,
    "block_fid": 1,
    "block_number": null,
    "text_inside": [],
    "numerals_inside": [],
    "words_inside": [],
    "floors": null,
    "wash_rgb": [
     254,
     254,
     254
    ],
    "wash_chroma": 0.0,
    "wash_lightness_delta": -0.1,
    "hue_deg": 0,
    "material": "not a building (open lot, yard or court)",
    "area_source_px2": 15053,
    "centroid_source_px": [
     3570,
     2669
    ],
    "orphan": true,
    "orphan_because": "its block was rejected, split away or never traced",
    "centroid_map": [
     492250.671,
     5459135.366
    ]
   }
  },
  {
   "type": "Feature",
   "geometry": {
    "type": "Polygon",
    "coordinates": [
     [
      [
       492204.786,
       5459158.679
      ],
      [
       492283.561,
       5459123.574
      ],
      [
       492291.221,
       5459120.624
      ],
      [
       492292.08,
       5459120.978
      ],
      [
       492278.262,
       5459130.041
      ],
      [
       492218.148,
       5459156.103
      ],
      [
       492215.044,
       5459155.564
      ],
      [
       492213.642,
       5459156.611
      ],
      [
       492213.443,
       5459158.188
      ],
      [
       492207.348,
       5459160.619
      ],
      [
       492204.786,
       5459158.679
      ]
     ]
    ]
   },
   "properties": {
    "sheet": "vancouver_1912_MAP342a_04",
    "building_id": "vancouver_1912_MAP342a_04:block:1:bldg56",
    "block_id": null,
    "block_fid": 1,
    "block_number": null,
    "text_inside": [],
    "numerals_inside": [],
    "words_inside": [],
    "floors": null,
    "wash_rgb": [
     254,
     254,
     254
    ],
    "wash_chroma": 0.1,
    "wash_lightness_delta": -0.2,
    "hue_deg": 0,
    "material": "not a building (open lot, yard or court)",
    "area_source_px2": 9663,
    "centroid_source_px": [
     3553,
     2635
    ],
    "orphan": true,
    "orphan_because": "its block was rejected, split away or never traced",
    "centroid_map": [
     492247.63,
     5459141.316
    ]
   }
  },
  {
   "type": "Feature",
   "geometry": {
    "type": "Polygon",
    "coordinates": [
     [
      [
       491937.763,
       5459157.247
      ],
      [
       491925.961,
       5459139.311
      ],
      [
       491926.691,
       5459137.034
      ],
      [
       491924.449,
       5459136.674
      ],
      [
       491923.283,
       5459134.039
      ],
      [
       491926.972,
       5459130.722
      ],
      [
       491929.545,
       5459131.96
      ],
      [
       491927.678,
       5459129.848
      ],
      [
       491932.25,
       5459125.482
      ],
      [
       491935.294,
       5459129.528
      ],
      [
       491933.523,
       5459131.976
      ],
      [
       491936.126,
       5459131.461
      ],
      [
       491938.159,
       5459133.924
      ],
      [
       491934.128,
       5459126.893
      ],
      [
       491935.187,
       5459125.669
      ],
      [
       491933.299,
       5459124.785
      ],
      [
       491933.487,
       5459123.909
      ],
      [
       491950.516,
       5459119.243
      ],
      [
       491952.395,
       5459120.653
      ],
      [
       491956.727,
       5459120.145
      ],
      [
       491958.212,
       5459124.36
      ],
      [
       491957.279,
       5459118.218
      ],
      [
       491958.827,
       5459118.75
      ],
      [
       491959.024,
       5459117.348
      ],
      [
       491960.249,
       5459116.476
      ],
      [
       491968.407,
       5459114.756
      ],
      [
       491967.34,
       5459116.505
      ],
      [
       491969.4,
       5459117.39
      ],
      [
       491973.154,
       5459130.558
      ],
      [
       491972.776,
       5459132.486
      ],
      [
       491971.031,
       5459133.356
      ],
      [
       491973.962,
       5459133.894
      ],
      [
       491977.558,
       5459146.184
      ],
      [
       491976.333,
       5459147.056
      ],
      [
       491976.133,
       5459148.634
      ],
      [
       491967.265,
       5459151.403
      ],
      [
       491965.896,
       5459150.521
      ],
      [
       491964.745,
       5459147.009
      ],
      [
       491965.041,
       5459149.992
      ],
      [
       491962.944,
       5459151.211
      ],
      [
       491963.788,
       5459152.442
      ],
      [
       491954.923,
       5459155.036
      ],
      [
       491951.133,
       5459154.144
      ],
      [
       491948.435,
       5459150.1
      ],
      [
       491949.866,
       5459147.299
      ],
      [
       491949.192,
       5459146.245
      ],
      [
       491950.269,
       5459143.969
      ],
      [
       491949.079,
       5459142.737
      ],
      [
       491950.483,
       5459141.515
      ],
      [
       491952.022,
       5459142.573
      ],
      [
       491952.55,
       5459142.049
      ],
      [
       491952.436,
       5459138.541
      ],
      [
       491953.707,
       5459135.039
      ],
      [
       491953.03,
       5459134.16
      ],
      [
       491954.804,
       5459131.536
      ],
      [
       491954.13,
       5459130.481
      ],
      [
       491955.183,
       5459129.609
      ],
      [
       491954.691,
       5459128.028
      ],
      [
       491955.749,
       5459126.805
      ],
      [
       491955.594,
       5459125.752
      ],
      [
       491953.68,
       5459126.446
      ],
      [
       491952.717,
       5459132.229
      ],
      [
       491950.624,
       5459133.273
      ],
      [
       491952.344,
       5459133.806
      ],
      [
       491950.543,
       5459138.008
      ],
      [
       491950.692,
       5459139.411
      ],
      [
       491948.736,
       5459142.56
      ],
      [
       491945.751,
       5459145.178
      ],
      [
       491943.899,
       5459142.19
      ],
      [
       491946.178,
       5459140.445
      ],
      [
       491944.093,
       5459140.963
      ],
      [
       491941.702,
       5459139.199
      ],
      [
       491939.802,
       5459139.016
      ],
      [
       491941.103,
       5459133.76
      ],
      [
       491945.73,
       5459126.063
      ],
      [
       491942.271,
       5459126.049
      ],
      [
       491941.389,
       5459127.098
      ],
      [
       491942.93,
       5459127.981
      ],
      [
       491941.708,
       5459128.677
      ],
      [
       491942.033,
       5459129.906
      ],
      [
       491939.734,
       5459132.878
      ],
      [
       491940.059,
       5459134.107
      ],
      [
       491937.08,
       5459136.375
      ],
      [
       491938.109,
       5459136.905
      ],
      [
       491938.258,
       5459138.309
      ],
      [
       491936.821,
       5459141.459
      ],
      [
       491937.318,
       5459142.689
      ],
      [
       491936.263,
       5459143.737
      ],
      [
       491936.418,
       5459144.79
      ],
      [
       491937.963,
       5459145.498
      ],
      [
       491939.367,
       5459144.276
      ],
      [
       491939.74,
       5459142.699
      ],
      [
       491938.717,
       5459141.818
      ],
      [
       491939.954,
       5459140.245
      ],
      [
       491943.315,
       5459146.045
      ],
      [
       491944.546,
       5459144.823
      ],
      [
       491946.574,
       5459147.637
      ],
      [
       491940.912,
       5459155.155
      ],
      [
       491943.864,
       5459154.465
      ],
      [
       491944.886,
       5459155.346
      ],
      [
       491944.523,
       5459156.397
      ],
      [
       491942.101,
       5459156.387
      ],
      [
       491941.219,
       5459157.436
      ],
      [
       491942.411,
       5459158.493
      ],
      [
       491941.019,
       5459159.013
      ],
      [
       491937.763,
       5459157.247
      ]
     ]
    ]
   },
   "properties": {
    "sheet": "vancouver_1912_MAP342a_04",
    "building_id": "vancouver_1912_MAP342a_04:block:1:bldg57",
    "block_id": null,
    "block_fid": 1,
    "block_number": null,
    "text_inside": [
     "Kelly, Douglas",
     "& Company",
     "4 Company",
     "St.",
     "St.",
     "B",
     "5",
     "St.",
     "St.",
     "St.",
     "St.",
     "St."
    ],
    "numerals_inside": [],
    "words_inside": [
     "Kelly, Douglas",
     "& Company",
     "4 Company",
     "St.",
     "St.",
     "St.",
     "St.",
     "St.",
     "St.",
     "St."
    ],
    "floors": null,
    "wash_rgb": [
     253,
     216,
     212
    ],
    "wash_chroma": 14.5,
    "wash_lightness_delta": -26.8,
    "hue_deg": 6,
    "material": "brick",
    "area_source_px2": 44735,
    "centroid_source_px": [
     1850,
     2656
    ],
    "orphan": true,
    "orphan_because": "its block was rejected, split away or never traced",
    "centroid_map": [
     491953.164,
     5459136.44
    ]
   }
  },
  {
   "type": "Feature",
   "geometry": {
    "type": "Polygon",
    "coordinates": [
     [
      [
       492219.517,
       5459156.985
      ],
      [
       492222.144,
       5459155.067
      ],
      [
       492270.408,
       5459134.218
      ],
      [
       492271.094,
       5459134.572
      ],
      [
       492258.492,
       5459143.289
      ],
      [
       492249.425,
       5459147.637
      ],
      [
       492232.878,
       5459154.409
      ],
      [
       492231.164,
       5459153.525
      ],
      [
       492230.961,
       5459155.278
      ],
      [
       492221.553,
       5459159.273
      ],
      [
       492219.517,
       5459156.985
      ]
     ]
    ]
   },
   "properties": {
    "sheet": "vancouver_1912_MAP342a_04",
    "building_id": "vancouver_1912_MAP342a_04:block:1:bldg58",
    "block_id": null,
    "block_fid": 1,
    "block_number": null,
    "text_inside": [],
    "numerals_inside": [],
    "words_inside": [],
    "floors": null,
    "wash_rgb": [
     254,
     254,
     254
    ],
    "wash_chroma": 0.1,
    "wash_lightness_delta": -0.2,
    "hue_deg": 0,
    "material": "not a building (open lot, yard or court)",
    "area_source_px2": 6015,
    "centroid_source_px": [
     3528,
     2597
    ],
    "orphan": true,
    "orphan_because": "its block was rejected, split away or never traced",
    "centroid_map": [
     492243.193,
     5459147.962
    ]
   }
  },
  {
   "type": "Feature",
   "geometry": {
    "type": "Polygon",
    "coordinates": [
     [
      [
       491805.286,
       5459146.538
      ],
      [
       491800.887,
       5459150.905
      ],
      [
       491799.343,
       5459150.197
      ],
      [
       491792.481,
       5459157.009
      ],
      [
       491775.816,
       5459140.281
      ],
      [
       491777.748,
       5459138.535
      ],
      [
       491780.307,
       5459140.65
      ],
      [
       491780.116,
       5459141.701
      ],
      [
       491783.399,
       5459141.89
      ],
      [
       491783.417,
       5459140.838
      ],
      [
       491785.674,
       5459140.321
      ],
      [
       491788.608,
       5459140.683
      ],
      [
       491789.625,
       5459141.915
      ],
      [
       491790.505,
       5459141.042
      ],
      [
       491794.643,
       5459141.76
      ],
      [
       491795.705,
       5459140.361
      ],
      [
       491798.102,
       5459141.774
      ],
      [
       491797.915,
       5459142.65
      ],
      [
       491796.355,
       5459142.819
      ],
      [
       491794.772,
       5459144.391
      ],
      [
       491796.981,
       5459146.68
      ],
      [
       491798.729,
       5459145.635
      ],
      [
       491799.28,
       5459143.708
      ],
      [
       491802.354,
       5459146.0
      ],
      [
       491802.032,
       5459144.596
      ],
      [
       491803.419,
       5459144.426
      ],
      [
       491805.286,
       5459146.538
      ]
     ]
    ]
   },
   "properties": {
    "sheet": "vancouver_1912_MAP342a_04",
    "building_id": "vancouver_1912_MAP342a_04:block:14:bldg59",
    "block_id": "vancouver_1912_MAP342a_04:block:14",
    "block_fid": 5,
    "block_number": "14",
    "text_inside": [
     "13",
     "12th"
    ],
    "numerals_inside": [],
    "words_inside": [
     "12th"
    ],
    "floors": null,
    "wash_rgb": [
     253,
     200,
     205
    ],
    "wash_chroma": 20.5,
    "wash_lightness_delta": -36.9,
    "hue_deg": 354,
    "material": "brick",
    "area_source_px2": 7543,
    "centroid_source_px": [
     911,
     2593
    ],
    "orphan": false,
    "centroid_map": [
     491790.579,
     5459146.829
    ]
   }
  },
  {
   "type": "Feature",
   "geometry": {
    "type": "Polygon",
    "coordinates": [
     [
      [
       492308.59,
       5459156.996
      ],
      [
       492304.413,
       5459148.386
      ],
      [
       492304.958,
       5459146.809
      ],
      [
       492348.21,
       5459125.765
      ],
      [
       492354.329,
       5459142.274
      ],
      [
       492350.321,
       5459144.012
      ],
      [
       492347.784,
       5459140.67
      ],
      [
       492343.248,
       5459142.931
      ],
      [
       492344.575,
       5459146.268
      ],
      [
       492339.688,
       5459148.879
      ],
      [
       492338.653,
       5459148.7
      ],
      [
       492337.159,
       5459145.011
      ],
      [
       492336.122,
       5459145.007
      ],
      [
       492310.314,
       5459157.353
      ],
      [
       492308.59,
       5459156.996
      ]
     ]
    ]
   },
   "properties": {
    "sheet": "vancouver_1912_MAP342a_04",
    "building_id": "vancouver_1912_MAP342a_04:block:fid7:bldg60",
    "block_id": null,
    "block_fid": 7,
    "block_number": null,
    "text_inside": [],
    "numerals_inside": [],
    "words_inside": [],
    "floors": null,
    "wash_rgb": [
     253,
     242,
     141
    ],
    "wash_chroma": 50.7,
    "wash_lightness_delta": -13.4,
    "hue_deg": 54,
    "material": "frame (wood)",
    "area_source_px2": 21310,
    "centroid_source_px": [
     4032,
     2633
    ],
    "orphan": true,
    "orphan_because": "its block was rejected, split away or never traced",
    "centroid_map": [
     492330.465,
     5459142.002
    ]
   }
  },
  {
   "type": "Feature",
   "geometry": {
    "type": "Polygon",
    "coordinates": [
     [
      [
       491980.528,
       5459154.614
      ],
      [
       491979.067,
       5459148.996
      ],
      [
       491992.977,
       5459144.668
      ],
      [
       491991.847,
       5459139.929
      ],
      [
       491992.22,
       5459138.352
      ],
      [
       492035.311,
       5459126.777
      ],
      [
       492036.575,
       5459133.797
      ],
      [
       492034.154,
       5459133.787
      ],
      [
       492032.231,
       5459135.007
      ],
      [
       492007.902,
       5459141.747
      ],
      [
       492008.871,
       5459145.785
      ],
      [
       492008.331,
       5459147.01
      ],
      [
       491981.211,
       5459155.143
      ],
      [
       491980.528,
       5459154.614
      ]
     ]
    ]
   },
   "properties": {
    "sheet": "vancouver_1912_MAP342a_04",
    "building_id": "vancouver_1912_MAP342a_04:block:1:bldg61",
    "block_id": null,
    "block_fid": 1,
    "block_number": null,
    "text_inside": [
     "FRI",
     "FRI"
    ],
    "numerals_inside": [],
    "words_inside": [
     "FRI",
     "FRI"
    ],
    "floors": null,
    "wash_rgb": [
     253,
     238,
     133
    ],
    "wash_chroma": 53.0,
    "wash_lightness_delta": -16.2,
    "hue_deg": 52,
    "material": "frame (wood)",
    "area_source_px2": 16580,
    "centroid_source_px": [
     2162,
     2636
    ],
    "orphan": true,
    "orphan_because": "its block was rejected, split away or never traced",
    "centroid_map": [
     492007.064,
     5459140.166
    ]
   }
  },
  {
   "type": "Feature",
   "geometry": {
    "type": "Polygon",
    "coordinates": [
     [
      [
       491875.037,
       5459153.836
      ],
      [
       491874.172,
       5459153.832
      ],
      [
       491849.685,
       5459129.181
      ],
      [
       491849.533,
       5459127.953
      ],
      [
       491853.929,
       5459123.762
      ],
      [
       491857.686,
       5459126.583
      ],
      [
       491879.277,
       5459148.592
      ],
      [
       491878.555,
       5459150.343
      ],
      [
       491876.468,
       5459151.036
      ],
      [
       491876.799,
       5459151.914
      ],
      [
       491875.037,
       5459153.836
      ]
     ]
    ]
   },
   "properties": {
    "sheet": "vancouver_1912_MAP342a_04",
    "building_id": "vancouver_1912_MAP342a_04:block:fid6:bldg62",
    "block_id": "vancouver_1912_MAP342a_04:block:fid6",
    "block_fid": 6,
    "block_number": null,
    "text_inside": [
     "67",
     "68",
     "69",
     "3"
    ],
    "numerals_inside": [
     "3"
    ],
    "words_inside": [],
    "floors": null,
    "wash_rgb": [
     253,
     212,
     213
    ],
    "wash_chroma": 15.5,
    "wash_lightness_delta": -28.8,
    "hue_deg": 358,
    "material": "brick",
    "area_source_px2": 8741,
    "centroid_source_px": [
     1337,
     2641
    ],
    "orphan": false,
    "centroid_map": [
     491864.398,
     5459138.711
    ]
   }
  },
  {
   "type": "Feature",
   "geometry": {
    "type": "Polygon",
    "coordinates": [
     [
      [
       491880.145,
       5459148.42
      ],
      [
       491854.978,
       5459123.065
      ],
      [
       491857.441,
       5459120.619
      ],
      [
       491858.789,
       5459122.729
      ],
      [
       491863.056,
       5459126.079
      ],
      [
       491862.585,
       5459123.271
      ],
      [
       491858.315,
       5459120.097
      ],
      [
       491860.08,
       5459118.0
      ],
      [
       491862.817,
       5459119.764
      ],
      [
       491865.355,
       5459123.107
      ],
      [
       491867.245,
       5459123.816
      ],
      [
       491866.351,
       5459125.566
      ],
      [
       491868.927,
       5459126.629
      ],
      [
       491868.727,
       5459128.206
      ],
      [
       491872.642,
       5459131.905
      ],
      [
       491870.782,
       5459129.442
      ],
      [
       491870.797,
       5459128.565
      ],
      [
       491872.013,
       5459128.219
      ],
      [
       491871.527,
       5459126.288
      ],
      [
       491866.935,
       5459121.71
      ],
      [
       491865.898,
       5459121.706
      ],
      [
       491865.066,
       5459119.773
      ],
      [
       491861.663,
       5459116.428
      ],
      [
       491870.46,
       5459107.695
      ],
      [
       491895.802,
       5459132.875
      ],
      [
       491893.533,
       5459134.094
      ],
      [
       491893.336,
       5459135.496
      ],
      [
       491889.29,
       5459139.513
      ],
      [
       491888.076,
       5459139.684
      ],
      [
       491887.531,
       5459141.26
      ],
      [
       491884.185,
       5459144.754
      ],
      [
       491881.221,
       5459146.144
      ],
      [
       491881.549,
       5459147.198
      ],
      [
       491880.145,
       5459148.42
      ]
     ]
    ]
   },
   "properties": {
    "sheet": "vancouver_1912_MAP342a_04",
    "building_id": "vancouver_1912_MAP342a_04:block:fid6:bldg63",
    "block_id": "vancouver_1912_MAP342a_04:block:fid6",
    "block_fid": 6,
    "block_number": null,
    "text_inside": [
     "70",
     "71",
     "72",
     "73",
     "74",
     "75",
     "76",
     "77",
     "78",
     "6"
    ],
    "numerals_inside": [
     "6"
    ],
    "words_inside": [],
    "floors": null,
    "wash_rgb": [
     253,
     213,
     212
    ],
    "wash_chroma": 15.4,
    "wash_lightness_delta": -28.7,
    "hue_deg": 2,
    "material": "brick",
    "area_source_px2": 24302,
    "centroid_source_px": [
     1405,
     2700
    ],
    "orphan": false,
    "centroid_map": [
     491876.334,
     5459128.412
    ]
   }
  },
  {
   "type": "Feature",
   "geometry": {
    "type": "Polygon",
    "coordinates": [
     [
      [
       491979.085,
       5459147.944
      ],
      [
       491975.298,
       5459136.705
      ],
      [
       491976.542,
       5459134.781
      ],
      [
       491976.44,
       5459130.572
      ],
      [
       491974.517,
       5459131.791
      ],
      [
       491973.831,
       5459131.438
      ],
      [
       491969.278,
       5459114.409
      ],
      [
       491973.107,
       5459113.021
      ],
      [
       491975.677,
       5459114.435
      ],
      [
       491977.755,
       5459114.268
      ],
      [
       491978.11,
       5459113.743
      ],
      [
       491976.569,
       5459112.86
      ],
      [
       491976.927,
       5459112.16
      ],
      [
       491982.664,
       5459110.429
      ],
      [
       491985.976,
       5459119.036
      ],
      [
       491986.752,
       5459124.3
      ],
      [
       491983.934,
       5459127.27
      ],
      [
       491984.08,
       5459128.849
      ],
      [
       491986.808,
       5459131.14
      ],
      [
       491989.393,
       5459131.676
      ],
      [
       491992.644,
       5459143.965
      ],
      [
       491987.947,
       5459145.525
      ],
      [
       491985.717,
       5459144.463
      ],
      [
       491983.799,
       5459145.333
      ],
      [
       491984.3,
       5459146.387
      ],
      [
       491979.085,
       5459147.944
      ]
     ]
    ]
   },
   "properties": {
    "sheet": "vancouver_1912_MAP342a_04",
    "building_id": "vancouver_1912_MAP342a_04:block:1:bldg64",
    "block_id": null,
    "block_fid": 1,
    "block_number": null,
    "text_inside": [
     "Cobalt Bros. Ltd.",
     "Gavitt Bros."
    ],
    "numerals_inside": [],
    "words_inside": [
     "Cobalt Bros. Ltd.",
     "Gavitt Bros."
    ],
    "floors": null,
    "wash_rgb": [
     253,
     216,
     213
    ],
    "wash_chroma": 14.2,
    "wash_lightness_delta": -26.4,
    "hue_deg": 4,
    "material": "brick",
    "area_source_px2": 15510,
    "centroid_source_px": [
     2012,
     2698
    ],
    "orphan": true,
    "orphan_because": "its block was rejected, split away or never traced",
    "centroid_map": [
     491981.307,
     5459129.188
    ]
   }
  },
  {
   "type": "Feature",
   "geometry": {
    "type": "Polygon",
    "coordinates": [
     [
      [
       492096.74,
       5459145.44
      ],
      [
       492095.756,
       5459142.279
      ],
      [
       492105.703,
       5459137.058
      ],
      [
       492108.482,
       5459136.368
      ],
      [
       492117.04,
       5459131.492
      ],
      [
       492118.072,
       5459131.847
      ],
      [
       492119.578,
       5459134.834
      ],
      [
       492118.695,
       5459135.883
      ],
      [
       492097.762,
       5459146.32
      ],
      [
       492096.74,
       5459145.44
      ]
     ]
    ]
   },
   "properties": {
    "sheet": "vancouver_1912_MAP342a_04",
    "building_id": "vancouver_1912_MAP342a_04:block:1:bldg65",
    "block_id": null,
    "block_fid": 1,
    "block_number": null,
    "text_inside": [],
    "numerals_inside": [],
    "words_inside": [],
    "floors": null,
    "wash_rgb": [
     253,
     236,
     122
    ],
    "wash_chroma": 57.6,
    "wash_lightness_delta": -17.8,
    "hue_deg": 52,
    "material": "frame (wood)",
    "area_source_px2": 3686,
    "centroid_source_px": [
     2743,
     2646
    ],
    "orphan": true,
    "orphan_because": "its block was rejected, split away or never traced",
    "centroid_map": [
     492107.576,
     5459138.819
    ]
   }
  },
  {
   "type": "Feature",
   "geometry": {
    "type": "Polygon",
    "coordinates": [
     [
      [
       491809.159,
       5459142.52
      ],
      [
       491807.403,
       5459144.092
      ],
      [
       491802.42,
       5459142.142
      ],
      [
       491802.098,
       5459140.738
      ],
      [
       491800.392,
       5459139.328
      ],
      [
       491800.017,
       5459141.08
      ],
      [
       491797.262,
       5459140.368
      ],
      [
       491795.523,
       5459140.887
      ],
      [
       491793.642,
       5459139.652
      ],
      [
       491792.064,
       5459140.873
      ],
      [
       491790.537,
       5459139.113
      ],
      [
       491786.73,
       5459139.273
      ],
      [
       491785.543,
       5459137.865
      ],
      [
       491784.83,
       5459139.09
      ],
      [
       491779.642,
       5459139.069
      ],
      [
       491778.98,
       5459137.312
      ],
      [
       491782.677,
       5459133.469
      ],
      [
       491784.762,
       5459132.952
      ],
      [
       491784.789,
       5459131.373
      ],
      [
       491788.829,
       5459127.707
      ],
      [
       491790.371,
       5459128.59
      ],
      [
       491793.349,
       5459126.322
      ],
      [
       491802.194,
       5459135.127
      ],
      [
       491802.322,
       5459137.758
      ],
      [
       491801.275,
       5459138.28
      ],
      [
       491803.836,
       5459140.219
      ],
      [
       491805.593,
       5459138.648
      ],
      [
       491809.159,
       5459142.52
      ]
     ]
    ]
   },
   "properties": {
    "sheet": "vancouver_1912_MAP342a_04",
    "building_id": "vancouver_1912_MAP342a_04:block:14:bldg66",
    "block_id": "vancouver_1912_MAP342a_04:block:14",
    "block_fid": 5,
    "block_number": "14",
    "text_inside": [],
    "numerals_inside": [],
    "words_inside": [],
    "floors": null,
    "wash_rgb": [
     253,
     204,
     207
    ],
    "wash_chroma": 18.7,
    "wash_lightness_delta": -34.1,
    "hue_deg": 356,
    "material": "brick",
    "area_source_px2": 7407,
    "centroid_source_px": [
     923,
     2660
    ],
    "orphan": false,
    "centroid_map": [
     491792.854,
     5459135.089
    ]
   }
  },
  {
   "type": "Feature",
   "geometry": {
    "type": "Polygon",
    "coordinates": [
     [
      [
       492363.331,
       5459141.785
      ],
      [
       492354.863,
       5459141.4
      ],
      [
       492349.257,
       5459125.243
      ],
      [
       492356.407,
       5459121.765
      ],
      [
       492357.612,
       5459122.12
      ],
      [
       492364.041,
       5459140.736
      ],
      [
       492363.331,
       5459141.785
      ]
     ]
    ]
   },
   "properties": {
    "sheet": "vancouver_1912_MAP342a_04",
    "building_id": "vancouver_1912_MAP342a_04:block:fid7:bldg67",
    "block_id": null,
    "block_fid": 7,
    "block_number": null,
    "text_inside": [],
    "numerals_inside": [],
    "words_inside": [],
    "floors": null,
    "wash_rgb": [
     253,
     244,
     134
    ],
    "wash_chroma": 54.7,
    "wash_lightness_delta": -12.4,
    "hue_deg": 56,
    "material": "frame (wood)",
    "area_source_px2": 5663,
    "centroid_source_px": [
     4182,
     2688
    ],
    "orphan": true,
    "orphan_because": "its block was rejected, split away or never traced",
    "centroid_map": [
     492356.571,
     5459132.463
    ]
   }
  },
  {
   "type": "Feature",
   "geometry": {
    "type": "Polygon",
    "coordinates": [
     [
      [
       492116.202,
       5459140.082
      ],
      [
       492115.546,
       5459137.975
      ],
      [
       492120.433,
       5459135.364
      ],
      [
       492118.099,
       5459130.269
      ],
      [
       492131.836,
       5459125.94
      ],
      [
       492133.041,
       5459126.296
      ],
      [
       492134.314,
       5459132.79
      ],
      [
       492127.169,
       5459135.917
      ],
      [
       492126.319,
       5459135.037
      ],
      [
       492124.59,
       5459135.03
      ],
      [
       492124.032,
       5459137.308
      ],
      [
       492116.888,
       5459140.435
      ],
      [
       492116.202,
       5459140.082
      ]
     ]
    ]
   },
   "properties": {
    "sheet": "vancouver_1912_MAP342a_04",
    "building_id": "vancouver_1912_MAP342a_04:block:1:bldg68",
    "block_id": null,
    "block_fid": 1,
    "block_number": null,
    "text_inside": [
     "8"
    ],
    "numerals_inside": [
     "8"
    ],
    "words_inside": [],
    "floors": null,
    "wash_rgb": [
     254,
     254,
     254
    ],
    "wash_chroma": 0.0,
    "wash_lightness_delta": -0.0,
    "hue_deg": 0,
    "material": "not a building (open lot, yard or court)",
    "area_source_px2": 4270,
    "centroid_source_px": [
     2847,
     2684
    ],
    "orphan": true,
    "orphan_because": "its block was rejected, split away or never traced",
    "centroid_map": [
     492125.675,
     5459132.229
    ]
   }
  },
  {
   "type": "Feature",
   "geometry": {
    "type": "Polygon",
    "coordinates": [
     [
      [
       491991.886,
       5459137.649
      ],
      [
       491991.033,
       5459136.944
      ],
      [
       491990.067,
       5459132.731
      ],
      [
       491989.045,
       5459131.85
      ],
      [
       491991.347,
       5459128.703
      ],
      [
       491991.37,
       5459127.3
      ],
      [
       491987.276,
       5459123.952
      ],
      [
       491983.701,
       5459110.434
      ],
      [
       491985.094,
       5459109.913
      ],
      [
       491986.969,
       5459111.499
      ],
      [
       491987.181,
       5459109.22
      ],
      [
       491990.485,
       5459108.181
      ],
      [
       491991.159,
       5459109.236
      ],
      [
       491992.396,
       5459107.663
      ],
      [
       491997.087,
       5459106.454
      ],
      [
       491998.918,
       5459110.671
      ],
      [
       492005.096,
       5459133.844
      ],
      [
       491999.01,
       5459135.749
      ],
      [
       491997.468,
       5459134.866
      ],
      [
       491996.926,
       5459136.267
      ],
      [
       491991.886,
       5459137.649
      ]
     ]
    ]
   },
   "properties": {
    "sheet": "vancouver_1912_MAP342a_04",
    "building_id": "vancouver_1912_MAP342a_04:block:1:bldg69",
    "block_id": null,
    "block_fid": 1,
    "block_number": null,
    "text_inside": [],
    "numerals_inside": [],
    "words_inside": [],
    "floors": null,
    "wash_rgb": [
     253,
     218,
     215
    ],
    "wash_chroma": 13.4,
    "wash_lightness_delta": -25.1,
    "hue_deg": 4,
    "material": "brick",
    "area_source_px2": 13137,
    "centroid_source_px": [
     2088,
     2740
    ],
    "orphan": true,
    "orphan_because": "its block was rejected, split away or never traced",
    "centroid_map": [
     491994.576,
     5459121.877
    ]
   }
  },
  {
   "type": "Feature",
   "geometry": {
    "type": "Polygon",
    "coordinates": [
     [
      [
       491831.94,
       5459135.247
      ],
      [
       491827.864,
       5459130.846
      ],
      [
       491836.473,
       5459122.99
      ],
      [
       491834.445,
       5459120.176
      ],
      [
       491837.6,
       5459117.733
      ],
      [
       491843.716,
       5459124.247
      ],
      [
       491831.94,
       5459135.247
      ]
     ]
    ]
   },
   "properties": {
    "sheet": "vancouver_1912_MAP342a_04",
    "building_id": "vancouver_1912_MAP342a_04:block:fid6:bldg70",
    "block_id": "vancouver_1912_MAP342a_04:block:fid6",
    "block_fid": 6,
    "block_number": null,
    "text_inside": [],
    "numerals_inside": [],
    "words_inside": [],
    "floors": null,
    "wash_rgb": [
     253,
     200,
     207
    ],
    "wash_chroma": 20.5,
    "wash_lightness_delta": -36.7,
    "hue_deg": 352,
    "material": "brick",
    "area_source_px2": 3589,
    "centroid_source_px": [
     1171,
     2708
    ],
    "orphan": false,
    "centroid_map": [
     491835.888,
     5459126.845
    ]
   }
  },
  {
   "type": "Feature",
   "geometry": {
    "type": "Polygon",
    "coordinates": [
     [
      [
       492006.133,
       5459133.849
      ],
      [
       492000.397,
       5459115.236
      ],
      [
       491998.473,
       5459106.285
      ],
      [
       492004.735,
       5459104.205
      ],
      [
       492006.626,
       5459104.915
      ],
      [
       492010.21,
       5459117.907
      ],
      [
       492008.811,
       5459118.778
      ],
      [
       492008.337,
       5459116.145
      ],
      [
       492007.303,
       5459115.966
      ],
      [
       492006.295,
       5459114.208
      ],
      [
       492007.207,
       5459111.406
      ],
      [
       492004.777,
       5459111.922
      ],
      [
       492006.694,
       5459121.224
      ],
      [
       492009.175,
       5459127.898
      ],
      [
       492009.718,
       5459126.498
      ],
      [
       492010.755,
       5459126.502
      ],
      [
       492009.938,
       5459123.693
      ],
      [
       492009.083,
       5459123.163
      ],
      [
       492010.836,
       5459121.767
      ],
      [
       492012.151,
       5459125.806
      ],
      [
       492013.174,
       5459126.687
      ],
      [
       492012.971,
       5459128.44
      ],
      [
       492013.83,
       5459128.794
      ],
      [
       492013.865,
       5459126.69
      ],
      [
       492015.622,
       5459125.119
      ],
      [
       492014.951,
       5459123.888
      ],
      [
       492014.238,
       5459125.113
      ],
      [
       492013.045,
       5459124.056
      ],
      [
       492014.286,
       5459122.307
      ],
      [
       492012.738,
       5459121.775
      ],
      [
       492012.425,
       5459119.845
      ],
      [
       492011.403,
       5459118.964
      ],
      [
       492012.333,
       5459115.109
      ],
      [
       492010.791,
       5459114.226
      ],
      [
       492009.116,
       5459111.063
      ],
      [
       492011.045,
       5459109.492
      ],
      [
       492010.383,
       5459107.736
      ],
      [
       492009.008,
       5459107.204
      ],
      [
       492007.854,
       5459103.867
      ],
      [
       492012.035,
       5459102.131
      ],
      [
       492013.702,
       5459105.82
      ],
      [
       492020.038,
       5459129.871
      ],
      [
       492014.823,
       5459131.429
      ],
      [
       492013.633,
       5459130.196
      ],
      [
       492012.562,
       5459132.121
      ],
      [
       492006.133,
       5459133.849
      ]
     ]
    ]
   },
   "properties": {
    "sheet": "vancouver_1912_MAP342a_04",
    "building_id": "vancouver_1912_MAP342a_04:block:1:bldg71",
    "block_id": null,
    "block_fid": 1,
    "block_number": null,
    "text_inside": [
     "Johnston Bros."
    ],
    "numerals_inside": [],
    "words_inside": [
     "Johnston Bros."
    ],
    "floors": null,
    "wash_rgb": [
     253,
     218,
     214
    ],
    "wash_chroma": 13.6,
    "wash_lightness_delta": -25.5,
    "hue_deg": 6,
    "material": "brick",
    "area_source_px2": 11185,
    "centroid_source_px": [
     2170,
     2762
    ],
    "orphan": true,
    "orphan_because": "its block was rejected, split away or never traced",
    "centroid_map": [
     492008.823,
     5459118.076
    ]
   }
  },
  {
   "type": "Feature",
   "geometry": {
    "type": "Polygon",
    "coordinates": [
     [
      [
       492134.681,
       5459131.564
      ],
      [
       492133.398,
       5459125.596
      ],
      [
       492152.515,
       5459120.237
      ],
      [
       492153.305,
       5459124.624
      ],
      [
       492135.533,
       5459132.269
      ],
      [
       492134.681,
       5459131.564
      ]
     ]
    ]
   },
   "properties": {
    "sheet": "vancouver_1912_MAP342a_04",
    "building_id": "vancouver_1912_MAP342a_04:block:1:bldg72",
    "block_id": null,
    "block_fid": 1,
    "block_number": null,
    "text_inside": [],
    "numerals_inside": [],
    "words_inside": [],
    "floors": null,
    "wash_rgb": [
     254,
     254,
     254
    ],
    "wash_chroma": 0.1,
    "wash_lightness_delta": -0.1,
    "hue_deg": 0,
    "material": "not a building (open lot, yard or court)",
    "area_source_px2": 3746,
    "centroid_source_px": [
     2946,
     2721
    ],
    "orphan": true,
    "orphan_because": "its block was rejected, split away or never traced",
    "centroid_map": [
     492142.908,
     5459125.81
    ]
   }
  },
  {
   "type": "Feature",
   "geometry": {
    "type": "Polygon",
    "coordinates": [
     [
      [
       491835.435,
       5459122.985
      ],
      [
       491827.178,
       5459130.493
      ],
      [
       491825.646,
       5459129.084
      ],
      [
       491826.54,
       5459127.334
      ],
      [
       491824.626,
       5459128.027
      ],
      [
       491819.014,
       5459122.393
      ],
      [
       491819.399,
       5459120.115
      ],
      [
       491821.441,
       5459122.052
      ],
      [
       491822.655,
       5459121.881
      ],
      [
       491823.198,
       5459120.481
      ],
      [
       491824.587,
       5459120.136
      ],
      [
       491824.274,
       5459118.205
      ],
      [
       491822.035,
       5459117.67
      ],
      [
       491821.492,
       5459119.071
      ],
      [
       491818.883,
       5459119.937
      ],
      [
       491817.171,
       5459118.878
      ],
      [
       491816.298,
       5459119.4
      ],
      [
       491809.156,
       5459112.181
      ],
      [
       491810.555,
       5459111.31
      ],
      [
       491812.591,
       5459113.598
      ],
      [
       491813.823,
       5459112.376
      ],
      [
       491815.189,
       5459113.433
      ],
      [
       491818.32,
       5459112.394
      ],
      [
       491820.028,
       5459113.628
      ],
      [
       491820.565,
       5459112.578
      ],
      [
       491825.762,
       5459112.073
      ],
      [
       491826.469,
       5459111.199
      ],
      [
       491827.495,
       5459111.905
      ],
      [
       491828.544,
       5459111.208
      ],
      [
       491827.7,
       5459109.977
      ],
      [
       491824.587,
       5459109.964
      ],
      [
       491821.108,
       5459111.178
      ],
      [
       491810.051,
       5459110.431
      ],
      [
       491808.643,
       5459111.829
      ],
      [
       491806.777,
       5459109.717
      ],
      [
       491810.245,
       5459109.205
      ],
      [
       491810.6,
       5459108.68
      ],
      [
       491809.413,
       5459107.272
      ],
      [
       491810.99,
       5459106.051
      ],
      [
       491813.555,
       5459107.815
      ],
      [
       491813.194,
       5459108.69
      ],
      [
       491815.09,
       5459109.049
      ],
      [
       491818.057,
       5459107.482
      ],
      [
       491821.868,
       5459107.147
      ],
      [
       491822.545,
       5459108.027
      ],
      [
       491823.928,
       5459108.032
      ],
      [
       491824.987,
       5459106.809
      ],
      [
       491824.31,
       5459105.929
      ],
      [
       491825.184,
       5459105.407
      ],
      [
       491836.75,
       5459116.853
      ],
      [
       491832.343,
       5459121.745
      ],
      [
       491833.911,
       5459121.05
      ],
      [
       491835.435,
       5459122.985
      ]
     ]
    ]
   },
   "properties": {
    "sheet": "vancouver_1912_MAP342a_04",
    "building_id": "vancouver_1912_MAP342a_04:block:fid6:bldg73",
    "block_id": "vancouver_1912_MAP342a_04:block:fid6",
    "block_fid": 6,
    "block_number": null,
    "text_inside": [
     "20",
     "Molsons",
     "19",
     "Bank"
    ],
    "numerals_inside": [],
    "words_inside": [
     "Molsons",
     "Bank"
    ],
    "floors": null,
    "wash_rgb": [
     254,
     218,
     216
    ],
    "wash_chroma": 13.6,
    "wash_lightness_delta": -25.3,
    "hue_deg": 4,
    "material": "brick",
    "area_source_px2": 10612,
    "centroid_source_px": [
     1102,
     2763
    ],
    "orphan": false,
    "centroid_map": [
     491824.119,
     5459117.152
    ]
   }
  },
  {
   "type": "Feature",
   "geometry": {
    "type": "Polygon",
    "coordinates": [
     [
      [
       492043.022,
       5459131.017
      ],
      [
       492042.232,
       5459126.629
      ],
      [
       492062.47,
       5459116.365
      ],
      [
       492063.498,
       5459116.895
      ],
      [
       492064.273,
       5459122.159
      ],
      [
       492059.741,
       5459124.245
      ],
      [
       492055.951,
       5459123.353
      ],
      [
       492055.066,
       5459124.577
      ],
      [
       492052.114,
       5459125.266
      ],
      [
       492052.597,
       5459127.373
      ],
      [
       492044.057,
       5459131.196
      ],
      [
       492043.022,
       5459131.017
      ]
     ]
    ]
   },
   "properties": {
    "sheet": "vancouver_1912_MAP342a_04",
    "building_id": "vancouver_1912_MAP342a_04:block:fid8:bldg74",
    "block_id": null,
    "block_fid": 8,
    "block_number": null,
    "text_inside": [
     "FRI",
     "FRI",
     "FRI"
    ],
    "numerals_inside": [],
    "words_inside": [
     "FRI",
     "FRI",
     "FRI"
    ],
    "floors": null,
    "wash_rgb": [
     253,
     234,
     126
    ],
    "wash_chroma": 54.9,
    "wash_lightness_delta": -18.9,
    "hue_deg": 52,
    "material": "frame (wood)",
    "area_source_px2": 3798,
    "centroid_source_px": [
     2429,
     2731
    ],
    "orphan": true,
    "orphan_because": "its block was rejected, split away or never traced",
    "centroid_map": [
     492053.524,
     5459123.694
    ]
   }
  },
  {
   "type": "Feature",
   "geometry": {
    "type": "Polygon",
    "coordinates": [
     [
      [
       492021.081,
       5459129.525
      ],
      [
       492019.904,
       5459127.591
      ],
      [
       492013.067,
       5459102.486
      ],
      [
       492013.773,
       5459101.612
      ],
      [
       492017.596,
       5459100.575
      ],
      [
       492019.474,
       5459101.985
      ],
      [
       492022.084,
       5459101.119
      ],
      [
       492023.613,
       5459102.704
      ],
      [
       492022.898,
       5459104.104
      ],
      [
       492024.263,
       5459105.161
      ],
      [
       492025.372,
       5459111.129
      ],
      [
       492027.093,
       5459111.662
      ],
      [
       492026.192,
       5459113.762
      ],
      [
       492028.304,
       5459121.838
      ],
      [
       492029.812,
       5459124.65
      ],
      [
       492029.261,
       5459126.577
      ],
      [
       492026.494,
       5459126.566
      ],
      [
       492025.948,
       5459128.142
      ],
      [
       492021.081,
       5459129.525
      ]
     ]
    ]
   },
   "properties": {
    "sheet": "vancouver_1912_MAP342a_04",
    "building_id": "vancouver_1912_MAP342a_04:block:1:bldg75",
    "block_id": null,
    "block_fid": 1,
    "block_number": null,
    "text_inside": [
     "FRI",
     "FRI",
     "FRI",
     "FRI",
     "FRI"
    ],
    "numerals_inside": [],
    "words_inside": [
     "FRI",
     "FRI",
     "FRI",
     "FRI",
     "FRI"
    ],
    "floors": null,
    "wash_rgb": [
     253,
     217,
     215
    ],
    "wash_chroma": 13.7,
    "wash_lightness_delta": -25.6,
    "hue_deg": 4,
    "material": "brick",
    "area_source_px2": 8922,
    "centroid_source_px": [
     2242,
     2782
    ],
    "orphan": true,
    "orphan_because": "its block was rejected, split away or never traced",
    "centroid_map": [
     492021.335,
     5459114.62
    ]
   }
  },
  {
   "type": "Feature",
   "geometry": {
    "type": "Polygon",
    "coordinates": [
     [
      [
       491902.133,
       5459126.763
      ],
      [
       491897.356,
       5459122.886
      ],
      [
       491876.618,
       5459101.582
      ],
      [
       491881.198,
       5459096.69
      ],
      [
       491906.197,
       5459121.694
      ],
      [
       491906.0,
       5459123.096
      ],
      [
       491903.919,
       5459123.438
      ],
      [
       491903.54,
       5459125.366
      ],
      [
       491902.133,
       5459126.763
      ]
     ]
    ]
   },
   "properties": {
    "sheet": "vancouver_1912_MAP342a_04",
    "building_id": "vancouver_1912_MAP342a_04:block:fid6:bldg76",
    "block_id": "vancouver_1912_MAP342a_04:block:fid6",
    "block_fid": 6,
    "block_number": null,
    "text_inside": [
     "81",
     "82",
     "83",
     "8"
    ],
    "numerals_inside": [
     "8"
    ],
    "words_inside": [],
    "floors": null,
    "wash_rgb": [
     254,
     254,
     253
    ],
    "wash_chroma": 0.4,
    "wash_lightness_delta": -0.4,
    "hue_deg": 60,
    "material": "not a building (open lot, yard or court)",
    "area_source_px2": 8085,
    "centroid_source_px": [
     1491,
     2796
    ],
    "orphan": false,
    "centroid_map": [
     491891.494,
     5459111.638
    ]
   }
  },
  {
   "type": "Feature",
   "geometry": {
    "type": "Polygon",
    "coordinates": [
     [
      [
       492362.371,
       5459127.05
      ],
      [
       492359.717,
       5459120.375
      ],
      [
       492406.458,
       5459097.591
      ],
      [
       492407.486,
       5459098.121
      ],
      [
       492410.656,
       5459104.974
      ],
      [
       492410.298,
       5459105.674
      ],
      [
       492363.558,
       5459128.458
      ],
      [
       492362.371,
       5459127.05
      ]
     ]
    ]
   },
   "properties": {
    "sheet": "vancouver_1912_MAP342a_04",
    "building_id": "vancouver_1912_MAP342a_04:block:fid7:bldg77",
    "block_id": null,
    "block_fid": 7,
    "block_number": null,
    "text_inside": [],
    "numerals_inside": [],
    "words_inside": [],
    "floors": null,
    "wash_rgb": [
     253,
     243,
     128
    ],
    "wash_chroma": 57.0,
    "wash_lightness_delta": -13.4,
    "hue_deg": 56,
    "material": "frame (wood)",
    "area_source_px2": 15590,
    "centroid_source_px": [
     4346,
     2800
    ],
    "orphan": true,
    "orphan_because": "its block was rejected, split away or never traced",
    "centroid_map": [
     492385.269,
     5459112.938
    ]
   }
  },
  {
   "type": "Feature",
   "geometry": {
    "type": "Polygon",
    "coordinates": [
     [
      [
       491890.739,
       5459125.489
      ],
      [
       491889.183,
       5459125.483
      ],
      [
       491871.504,
       5459107.348
      ],
      [
       491874.867,
       5459102.802
      ],
      [
       491877.116,
       5459102.811
      ],
      [
       491894.965,
       5459121.122
      ],
      [
       491890.739,
       5459125.489
      ]
     ]
    ]
   },
   "properties": {
    "sheet": "vancouver_1912_MAP342a_04",
    "building_id": "vancouver_1912_MAP342a_04:block:fid6:bldg78",
    "block_id": "vancouver_1912_MAP342a_04:block:fid6",
    "block_fid": 6,
    "block_number": null,
    "text_inside": [
     "79",
     "80",
     "7"
    ],
    "numerals_inside": [
     "7"
    ],
    "words_inside": [],
    "floors": null,
    "wash_rgb": [
     254,
     254,
     254
    ],
    "wash_chroma": 0.2,
    "wash_lightness_delta": -0.2,
    "hue_deg": 0,
    "material": "not a building (open lot, yard or court)",
    "area_source_px2": 6310,
    "centroid_source_px": [
     1442,
     2783
    ],
    "orphan": false,
    "centroid_map": [
     491882.981,
     5459113.884
    ]
   }
  },
  {
   "type": "Feature",
   "geometry": {
    "type": "Polygon",
    "coordinates": [
     [
      [
       492042.068,
       5459126.103
      ],
      [
       492040.261,
       5459120.483
      ],
      [
       492043.928,
       5459118.394
      ],
      [
       492044.784,
       5459118.923
      ],
      [
       492045.533,
       5459115.594
      ],
      [
       492044.546,
       5459112.609
      ],
      [
       492045.953,
       5459111.212
      ],
      [
       492049.066,
       5459111.225
      ],
      [
       492050.638,
       5459110.354
      ],
      [
       492049.645,
       5459107.719
      ],
      [
       492047.053,
       5459107.534
      ],
      [
       492049.361,
       5459104.036
      ],
      [
       492049.212,
       5459102.632
      ],
      [
       492050.083,
       5459102.285
      ],
      [
       492051.264,
       5459104.043
      ],
      [
       492055.155,
       5459119.316
      ],
      [
       492042.068,
       5459126.103
      ]
     ]
    ]
   },
   "properties": {
    "sheet": "vancouver_1912_MAP342a_04",
    "building_id": "vancouver_1912_MAP342a_04:block:fid8:bldg79",
    "block_id": null,
    "block_fid": 8,
    "block_number": null,
    "text_inside": [
     "FRI",
     "FRI",
     "FRI",
     "FRI"
    ],
    "numerals_inside": [],
    "words_inside": [
     "FRI",
     "FRI",
     "FRI",
     "FRI"
    ],
    "floors": null,
    "wash_rgb": [
     253,
     215,
     213
    ],
    "wash_chroma": 14.5,
    "wash_lightness_delta": -27.1,
    "hue_deg": 4,
    "material": "brick",
    "area_source_px2": 4911,
    "centroid_source_px": [
     2399,
     2771
    ],
    "orphan": true,
    "orphan_because": "its block was rejected, split away or never traced",
    "centroid_map": [
     492048.455,
     5459116.659
    ]
   }
  },
  {
   "type": "Feature",
   "geometry": {
    "type": "Polygon",
    "coordinates": [
     [
      [
       491844.95,
       5459122.849
      ],
      [
       491844.08,
       5459123.196
      ],
      [
       491819.077,
       5459098.367
      ],
      [
       491820.669,
       5459096.269
      ],
      [
       491822.053,
       5459096.275
      ],
      [
       491821.725,
       5459095.221
      ],
      [
       491824.182,
       5459093.127
      ],
      [
       491842.38,
       5459111.264
      ],
      [
       491841.831,
       5459113.015
      ],
      [
       491848.129,
       5459119.003
      ],
      [
       491844.95,
       5459122.849
      ]
     ]
    ]
   },
   "properties": {
    "sheet": "vancouver_1912_MAP342a_04",
    "building_id": "vancouver_1912_MAP342a_04:block:fid6:bldg80",
    "block_id": "vancouver_1912_MAP342a_04:block:fid6",
    "block_fid": 6,
    "block_number": null,
    "text_inside": [
     "18"
    ],
    "numerals_inside": [],
    "words_inside": [],
    "floors": null,
    "wash_rgb": [
     253,
     204,
     208
    ],
    "wash_chroma": 18.7,
    "wash_lightness_delta": -34.2,
    "hue_deg": 356,
    "material": "brick",
    "area_source_px2": 8057,
    "centroid_source_px": [
     1155,
     2816
    ],
    "orphan": false,
    "centroid_map": [
     491833.443,
     5459107.896
    ]
   }
  },
  {
   "type": "Feature",
   "geometry": {
    "type": "Polygon",
    "coordinates": [
     [
      [
       491907.763,
       5459121.174
      ],
      [
       491906.722,
       5459121.345
      ],
      [
       491882.411,
       5459096.52
      ],
      [
       491882.432,
       5459095.292
      ],
      [
       491886.479,
       5459091.275
      ],
      [
       491887.516,
       5459091.279
      ],
      [
       491911.827,
       5459116.105
      ],
      [
       491910.756,
       5459118.03
      ],
      [
       491909.03,
       5459117.847
      ],
      [
       491909.525,
       5459119.252
      ],
      [
       491907.763,
       5459121.174
      ]
     ]
    ]
   },
   "properties": {
    "sheet": "vancouver_1912_MAP342a_04",
    "building_id": "vancouver_1912_MAP342a_04:block:fid6:bldg81",
    "block_id": "vancouver_1912_MAP342a_04:block:fid6",
    "block_fid": 6,
    "block_number": null,
    "text_inside": [
     "84",
     "9"
    ],
    "numerals_inside": [
     "9"
    ],
    "words_inside": [],
    "floors": null,
    "wash_rgb": [
     254,
     254,
     254
    ],
    "wash_chroma": 0.1,
    "wash_lightness_delta": -0.1,
    "hue_deg": 0,
    "material": "not a building (open lot, yard or court)",
    "area_source_px2": 8622,
    "centroid_source_px": [
     1522,
     2827
    ],
    "orphan": false,
    "centroid_map": [
     491896.948,
     5459106.224
    ]
   }
  },
  {
   "type": "Feature",
   "geometry": {
    "type": "Polygon",
    "coordinates": [
     [
      [
       491923.73,
       5459117.907
      ],
      [
       491940.805,
       5459100.439
      ],
      [
       491943.065,
       5459099.747
      ],
      [
       491945.301,
       5459100.457
      ],
      [
       491945.629,
       5459101.511
      ],
      [
       491926.981,
       5459120.024
      ],
      [
       491923.73,
       5459117.907
      ]
     ]
    ]
   },
   "properties": {
    "sheet": "vancouver_1912_MAP342a_04",
    "building_id": "vancouver_1912_MAP342a_04:block:1:bldg82",
    "block_id": null,
    "block_fid": 1,
    "block_number": null,
    "text_inside": [
     "St.",
     "St."
    ],
    "numerals_inside": [],
    "words_inside": [
     "St.",
     "St."
    ],
    "floors": null,
    "wash_rgb": [
     254,
     254,
     254
    ],
    "wash_chroma": 0.1,
    "wash_lightness_delta": -0.1,
    "hue_deg": 0,
    "material": "not a building (open lot, yard or court)",
    "area_source_px2": 3464,
    "centroid_source_px": [
     1740,
     2809
    ],
    "orphan": true,
    "orphan_because": "its block was rejected, split away or never traced",
    "centroid_map": [
     491934.596,
     5459109.533
    ]
   }
  },
  {
   "type": "Feature",
   "geometry": {
    "type": "Polygon",
    "coordinates": [
     [
      [
       492056.026,
       5459118.969
      ],
      [
       492050.638,
       5459100.183
      ],
      [
       492051.18,
       5459098.782
      ],
      [
       492053.068,
       5459099.666
      ],
      [
       492054.118,
       5459098.969
      ],
      [
       492054.687,
       5459095.99
      ],
      [
       492056.059,
       5459096.697
      ],
      [
       492056.876,
       5459099.506
      ],
      [
       492055.793,
       5459102.133
      ],
      [
       492057.842,
       5459103.719
      ],
      [
       492059.014,
       5459106.004
      ],
      [
       492058.307,
       5459106.878
      ],
      [
       492060.713,
       5459107.764
      ],
      [
       492062.839,
       5459114.963
      ],
      [
       492056.026,
       5459118.969
      ]
     ]
    ]
   },
   "properties": {
    "sheet": "vancouver_1912_MAP342a_04",
    "building_id": "vancouver_1912_MAP342a_04:block:fid8:bldg83",
    "block_id": null,
    "block_fid": 8,
    "block_number": null,
    "text_inside": [
     "FRI",
     "FRI",
     "FRI"
    ],
    "numerals_inside": [],
    "words_inside": [
     "FRI",
     "FRI",
     "FRI"
    ],
    "floors": null,
    "wash_rgb": [
     253,
     217,
     214
    ],
    "wash_chroma": 13.8,
    "wash_lightness_delta": -25.8,
    "hue_deg": 4,
    "material": "brick",
    "area_source_px2": 4274,
    "centroid_source_px": [
     2445,
     2816
    ],
    "orphan": true,
    "orphan_because": "its block was rejected, split away or never traced",
    "centroid_map": [
     492056.545,
     5459108.8
    ]
   }
  },
  {
   "type": "Feature",
   "geometry": {
    "type": "Polygon",
    "coordinates": [
     [
      [
       492110.358,
       5459117.611
      ],
      [
       492128.827,
       5459109.619
      ],
      [
       492184.606,
       5459094.412
      ],
      [
       492188.077,
       5459093.725
      ],
      [
       492190.811,
       5459095.665
      ],
      [
       492186.455,
       5459097.576
      ],
      [
       492146.149,
       5459108.111
      ],
      [
       492111.908,
       5459117.968
      ],
      [
       492110.358,
       5459117.611
      ]
     ]
    ]
   },
   "properties": {
    "sheet": "vancouver_1912_MAP342a_04",
    "building_id": "vancouver_1912_MAP342a_04:block:1:bldg84",
    "block_id": null,
    "block_fid": 1,
    "block_number": null,
    "text_inside": [],
    "numerals_inside": [],
    "words_inside": [],
    "floors": null,
    "wash_rgb": [
     254,
     254,
     254
    ],
    "wash_chroma": 0.1,
    "wash_lightness_delta": -0.2,
    "hue_deg": 0,
    "material": "not a building (open lot, yard or court)",
    "area_source_px2": 8083,
    "centroid_source_px": [
     3006,
     2841
    ],
    "orphan": true,
    "orphan_because": "its block was rejected, split away or never traced",
    "centroid_map": [
     492153.642,
     5459104.809
    ]
   }
  },
  {
   "type": "Feature",
   "geometry": {
    "type": "Polygon",
    "coordinates": [
     [
      [
       491848.859,
       5459116.727
      ],
      [
       491824.88,
       5459092.779
      ],
      [
       491825.419,
       5459091.554
      ],
      [
       491827.331,
       5459091.035
      ],
      [
       491826.824,
       5459090.332
      ],
      [
       491831.049,
       5459085.965
      ],
      [
       491833.134,
       5459085.447
      ],
      [
       491833.16,
       5459083.869
      ],
      [
       491836.679,
       5459080.376
      ],
      [
       491839.64,
       5459079.16
      ],
      [
       491838.79,
       5459078.28
      ],
      [
       491840.543,
       5459076.884
      ],
      [
       491865.197,
       5459101.886
      ],
      [
       491865.179,
       5459102.938
      ],
      [
       491859.907,
       5459107.827
      ],
      [
       491858.89,
       5459106.596
      ],
      [
       491857.337,
       5459106.414
      ],
      [
       491856.678,
       5459104.482
      ],
      [
       491855.118,
       5459104.651
      ],
      [
       491856.138,
       5459105.708
      ],
      [
       491855.083,
       5459106.756
      ],
      [
       491855.238,
       5459107.809
      ],
      [
       491857.623,
       5459109.923
      ],
      [
       491856.738,
       5459111.147
      ],
      [
       491853.833,
       5459109.03
      ],
      [
       491853.52,
       5459107.1
      ],
      [
       491850.926,
       5459107.09
      ],
      [
       491850.437,
       5459105.334
      ],
      [
       491848.221,
       5459103.396
      ],
      [
       491848.857,
       5459106.73
      ],
      [
       491847.98,
       5459107.428
      ],
      [
       491849.683,
       5459109.014
      ],
      [
       491851.415,
       5459108.845
      ],
      [
       491852.76,
       5459111.13
      ],
      [
       491854.984,
       5459112.542
      ],
      [
       491853.398,
       5459114.29
      ],
      [
       491852.563,
       5459112.533
      ],
      [
       491849.975,
       5459112.171
      ],
      [
       491849.444,
       5459112.871
      ],
      [
       491850.115,
       5459114.101
      ],
      [
       491848.859,
       5459116.727
      ]
     ]
    ]
   },
   "properties": {
    "sheet": "vancouver_1912_MAP342a_04",
    "building_id": "vancouver_1912_MAP342a_04:block:fid6:bldg85",
    "block_id": "vancouver_1912_MAP342a_04:block:fid6",
    "block_fid": 6,
    "block_number": null,
    "text_inside": [
     "D. Speier",
     "ST.",
     "17",
     "16"
    ],
    "numerals_inside": [],
    "words_inside": [
     "D. Speier",
     "ST."
    ],
    "floors": null,
    "wash_rgb": [
     253,
     214,
     211
    ],
    "wash_chroma": 15.0,
    "wash_lightness_delta": -27.9,
    "hue_deg": 4,
    "material": "brick",
    "area_source_px2": 24370,
    "centroid_source_px": [
     1216,
     2886
    ],
    "orphan": false,
    "centroid_map": [
     491844.202,
     5459095.663
    ]
   }
  },
  {
   "type": "Feature",
   "geometry": {
    "type": "Polygon",
    "coordinates": [
     [
      [
       491912.695,
       5459115.933
      ],
      [
       491902.661,
       5459105.896
      ],
      [
       491907.59,
       5459100.83
      ],
      [
       491917.8,
       5459110.693
      ],
      [
       491913.616,
       5459112.605
      ],
      [
       491913.255,
       5459113.48
      ],
      [
       491914.624,
       5459114.362
      ],
      [
       491912.695,
       5459115.933
      ]
     ]
    ]
   },
   "properties": {
    "sheet": "vancouver_1912_MAP342a_04",
    "building_id": "vancouver_1912_MAP342a_04:block:fid6:bldg86",
    "block_id": "vancouver_1912_MAP342a_04:block:fid6",
    "block_fid": 6,
    "block_number": null,
    "text_inside": [],
    "numerals_inside": [],
    "words_inside": [],
    "floors": null,
    "wash_rgb": [
     253,
     214,
     211
    ],
    "wash_chroma": 14.9,
    "wash_lightness_delta": -27.7,
    "hue_deg": 4,
    "material": "brick",
    "area_source_px2": 3222,
    "centroid_source_px": [
     1597,
     2817
    ],
    "orphan": false,
    "centroid_map": [
     491909.889,
     5459108.03
    ]
   }
  },
  {
   "type": "Feature",
   "geometry": {
    "type": "Polygon",
    "coordinates": [
     [
      [
       492075.455,
       5459115.54
      ],
      [
       492072.006,
       5459104.829
      ],
      [
       492072.754,
       5459101.5
      ],
      [
       492071.028,
       5459101.317
      ],
      [
       492068.126,
       5459088.854
      ],
      [
       492069.871,
       5459087.985
      ],
      [
       492068.32,
       5459087.628
      ],
      [
       492067.646,
       5459086.573
      ],
      [
       492073.553,
       5459085.018
      ],
      [
       492074.537,
       5459088.179
      ],
      [
       492073.971,
       5459090.983
      ],
      [
       492074.999,
       5459091.513
      ],
      [
       492075.307,
       5459093.794
      ],
      [
       492076.666,
       5459095.202
      ],
      [
       492076.687,
       5459093.975
      ],
      [
       492078.601,
       5459093.281
      ],
      [
       492077.421,
       5459091.523
      ],
      [
       492077.123,
       5459088.716
      ],
      [
       492075.754,
       5459087.833
      ],
      [
       492076.487,
       5459085.381
      ],
      [
       492075.641,
       5459084.325
      ],
      [
       492077.904,
       5459083.458
      ],
      [
       492081.029,
       5459092.94
      ],
      [
       492080.262,
       5459097.321
      ],
      [
       492081.455,
       5459098.378
      ],
      [
       492080.742,
       5459099.603
      ],
      [
       492081.753,
       5459101.186
      ],
      [
       492083.137,
       5459101.191
      ],
      [
       492085.722,
       5459111.899
      ],
      [
       492075.455,
       5459115.54
      ]
     ]
    ]
   },
   "properties": {
    "sheet": "vancouver_1912_MAP342a_04",
    "building_id": "vancouver_1912_MAP342a_04:block:fid8:bldg87",
    "block_id": null,
    "block_fid": 8,
    "block_number": null,
    "text_inside": [
     "FRI",
     "FRI",
     "McClary",
     "FRI",
     "A",
     "FRI",
     "FRI",
     "FRI",
     "FRI",
     "FRI",
     "FRI",
     "FRI",
     "FRI"
    ],
    "numerals_inside": [],
    "words_inside": [
     "FRI",
     "FRI",
     "McClary",
     "FRI",
     "FRI",
     "FRI",
     "FRI",
     "FRI",
     "FRI",
     "FRI",
     "FRI",
     "FRI"
    ],
    "floors": null,
    "wash_rgb": [
     253,
     218,
     214
    ],
    "wash_chroma": 13.6,
    "wash_lightness_delta": -25.3,
    "hue_deg": 6,
    "material": "brick",
    "area_source_px2": 9830,
    "centroid_source_px": [
     2557,
     2866
    ],
    "orphan": true,
    "orphan_because": "its block was rejected, split away or never traced",
    "centroid_map": [
     492076.064,
     5459100.11
    ]
   }
  },
  {
   "type": "Feature",
   "geometry": {
    "type": "Polygon",
    "coordinates": [
     [
      [
       492073.401,
       5459114.304
      ],
      [
       492063.361,
       5459114.79
      ],
      [
       492061.569,
       5459108.294
      ],
      [
       492061.948,
       5459106.366
      ],
      [
       492063.17,
       5459105.67
      ],
      [
       492062.142,
       5459105.14
      ],
      [
       492062.89,
       5459101.811
      ],
      [
       492061.712,
       5459099.877
      ],
      [
       492058.796,
       5459098.462
      ],
      [
       492056.873,
       5459089.51
      ],
      [
       492058.08,
       5459089.691
      ],
      [
       492058.239,
       5459090.568
      ],
      [
       492059.968,
       5459090.575
      ],
      [
       492059.828,
       5459088.645
      ],
      [
       492063.827,
       5459087.434
      ],
      [
       492067.429,
       5459089.202
      ],
      [
       492070.855,
       5459101.317
      ],
      [
       492070.664,
       5459102.368
      ],
      [
       492068.758,
       5459102.536
      ],
      [
       492071.83,
       5459105.003
      ],
      [
       492073.941,
       5459113.079
      ],
      [
       492073.401,
       5459114.304
      ]
     ]
    ]
   },
   "properties": {
    "sheet": "vancouver_1912_MAP342a_04",
    "building_id": "vancouver_1912_MAP342a_04:block:fid8:bldg88",
    "block_id": null,
    "block_fid": 8,
    "block_number": null,
    "text_inside": [
     "4",
     "FRI",
     "FRI",
     "FRI",
     "FRI",
     "FRI",
     "FRI",
     "FRI",
     "FRI",
     "FRI",
     "FRI"
    ],
    "numerals_inside": [],
    "words_inside": [
     "FRI",
     "FRI",
     "FRI",
     "FRI",
     "FRI",
     "FRI",
     "FRI",
     "FRI",
     "FRI",
     "FRI"
    ],
    "floors": null,
    "wash_rgb": [
     253,
     218,
     215
    ],
    "wash_chroma": 13.4,
    "wash_lightness_delta": -25.0,
    "hue_deg": 4,
    "material": "brick",
    "area_source_px2": 8686,
    "centroid_source_px": [
     2497,
     2857
    ],
    "orphan": true,
    "orphan_because": "its block was rejected, split away or never traced",
    "centroid_map": [
     492065.66,
     5459101.646
    ]
   }
  },
  {
   "type": "Feature",
   "geometry": {
    "type": "Polygon",
    "coordinates": [
     [
      [
       492109.413,
       5459112.171
      ],
      [
       492104.836,
       5459096.544
      ],
      [
       492106.595,
       5459094.798
      ],
      [
       492105.563,
       5459094.443
      ],
      [
       492104.928,
       5459091.108
      ],
      [
       492103.709,
       5459091.629
      ],
      [
       492103.029,
       5459090.925
      ],
      [
       492098.628,
       5459075.124
      ],
      [
       492099.516,
       5459073.724
      ],
      [
       492105.596,
       5459072.171
      ],
      [
       492106.61,
       5459073.578
      ],
      [
       492108.343,
       5459073.409
      ],
      [
       492109.022,
       5459074.114
      ],
      [
       492113.259,
       5459089.388
      ],
      [
       492112.544,
       5459090.788
      ],
      [
       492108.345,
       5459093.577
      ],
      [
       492110.951,
       5459092.886
      ],
      [
       492112.362,
       5459091.313
      ],
      [
       492113.221,
       5459091.668
      ],
      [
       492118.296,
       5459108.524
      ],
      [
       492117.58,
       5459109.924
      ],
      [
       492109.413,
       5459112.171
      ]
     ]
    ]
   },
   "properties": {
    "sheet": "vancouver_1912_MAP342a_04",
    "building_id": "vancouver_1912_MAP342a_04:block:1:bldg89",
    "block_id": null,
    "block_fid": 1,
    "block_number": null,
    "text_inside": [
     "FRI",
     "FRI",
     "9",
     "FRI",
     "FRI",
     "FRI",
     "FRI",
     "FRI"
    ],
    "numerals_inside": [],
    "words_inside": [
     "FRI",
     "FRI",
     "FRI",
     "FRI",
     "FRI",
     "FRI",
     "FRI"
    ],
    "floors": null,
    "wash_rgb": [
     253,
     220,
     214
    ],
    "wash_chroma": 13.3,
    "wash_lightness_delta": -24.2,
    "hue_deg": 10,
    "material": "brick",
    "area_source_px2": 12350,
    "centroid_source_px": [
     2745,
     2912
    ],
    "orphan": true,
    "orphan_because": "its block was rejected, split away or never traced",
    "centroid_map": [
     492108.715,
     5459092.176
    ]
   }
  },
  {
   "type": "Feature",
   "geometry": {
    "type": "Polygon",
    "coordinates": [
     [
      [
       492036.507,
       5459107.316
      ],
      [
       492033.579,
       5459096.431
      ],
      [
       492042.274,
       5459093.66
      ],
      [
       492044.322,
       5459095.247
      ],
      [
       492046.579,
       5459094.73
      ],
      [
       492046.902,
       5459096.134
      ],
      [
       492044.597,
       5459099.457
      ],
      [
       492041.63,
       5459101.023
      ],
      [
       492042.628,
       5459103.307
      ],
      [
       492040.156,
       5459106.278
      ],
      [
       492040.312,
       5459107.331
      ],
      [
       492039.083,
       5459108.378
      ],
      [
       492038.078,
       5459106.445
      ],
      [
       492036.507,
       5459107.316
      ]
     ]
    ]
   },
   "properties": {
    "sheet": "vancouver_1912_MAP342a_04",
    "building_id": "vancouver_1912_MAP342a_04:block:fid8:bldg90",
    "block_id": null,
    "block_fid": 8,
    "block_number": null,
    "text_inside": [
     "FRI",
     "FRI",
     "FRI",
     "FRI",
     "FRI",
     "FRI",
     "FRI",
     "FRI"
    ],
    "numerals_inside": [],
    "words_inside": [
     "FRI",
     "FRI",
     "FRI",
     "FRI",
     "FRI",
     "FRI",
     "FRI",
     "FRI"
    ],
    "floors": null,
    "wash_rgb": [
     253,
     215,
     213
    ],
    "wash_chroma": 14.6,
    "wash_lightness_delta": -27.3,
    "hue_deg": 4,
    "material": "brick",
    "area_source_px2": 3458,
    "centroid_source_px": [
     2345,
     2867
    ],
    "orphan": true,
    "orphan_because": "its block was rejected, split away or never traced",
    "centroid_map": [
     492039.402,
     5459099.786
    ]
   }
  },
  {
   "type": "Feature",
   "geometry": {
    "type": "Polygon",
    "coordinates": [
     [
      [
       491902.33,
       5459105.018
      ],
      [
       491887.695,
       5459090.929
      ],
      [
       491887.71,
       5459090.052
      ],
      [
       491892.284,
       5459085.511
      ],
      [
       491893.489,
       5459085.867
      ],
      [
       491903.007,
       5459095.726
      ],
      [
       491902.962,
       5459098.357
      ],
      [
       491901.397,
       5459098.876
      ],
      [
       491900.153,
       5459100.8
      ],
      [
       491902.888,
       5459102.741
      ],
      [
       491902.908,
       5459101.513
      ],
      [
       491904.119,
       5459101.518
      ],
      [
       491905.351,
       5459100.295
      ],
      [
       491906.382,
       5459100.65
      ],
      [
       491902.33,
       5459105.018
      ]
     ]
    ]
   },
   "properties": {
    "sheet": "vancouver_1912_MAP342a_04",
    "building_id": "vancouver_1912_MAP342a_04:block:fid6:bldg91",
    "block_id": "vancouver_1912_MAP342a_04:block:fid6",
    "block_fid": 6,
    "block_number": null,
    "text_inside": [
     "10"
    ],
    "numerals_inside": [],
    "words_inside": [],
    "floors": null,
    "wash_rgb": [
     254,
     254,
     254
    ],
    "wash_chroma": 0.1,
    "wash_lightness_delta": -0.0,
    "hue_deg": 0,
    "material": "not a building (open lot, yard or court)",
    "area_source_px2": 4348,
    "centroid_source_px": [
     1516,
     2895
    ],
    "orphan": false,
    "centroid_map": [
     491896.113,
     5459094.295
    ]
   }
  },
  {
   "type": "Feature",
   "geometry": {
    "type": "Polygon",
    "coordinates": [
     [
      [
       491866.241,
       5459101.54
      ],
      [
       491841.068,
       5459076.535
      ],
      [
       491842.482,
       5459074.787
      ],
      [
       491844.217,
       5459074.444
      ],
      [
       491843.716,
       5459073.389
      ],
      [
       491848.466,
       5459068.674
      ],
      [
       491850.378,
       5459068.155
      ],
      [
       491850.402,
       5459066.752
      ],
      [
       491851.451,
       5459066.055
      ],
      [
       491876.445,
       5459091.41
      ],
      [
       491866.241,
       5459101.54
      ]
     ]
    ]
   },
   "properties": {
    "sheet": "vancouver_1912_MAP342a_04",
    "building_id": "vancouver_1912_MAP342a_04:block:fid6:bldg92",
    "block_id": "vancouver_1912_MAP342a_04:block:fid6",
    "block_fid": 6,
    "block_number": null,
    "text_inside": [
     "13"
    ],
    "numerals_inside": [],
    "words_inside": [],
    "floors": null,
    "wash_rgb": [
     253,
     209,
     210
    ],
    "wash_chroma": 16.8,
    "wash_lightness_delta": -31.1,
    "hue_deg": 358,
    "material": "brick",
    "area_source_px2": 17113,
    "centroid_source_px": [
     1299,
     2953
    ],
    "orphan": false,
    "centroid_map": [
     491858.756,
     5459083.972
    ]
   }
  },
  {
   "type": "Feature",
   "geometry": {
    "type": "Polygon",
    "coordinates": [
     [
      [
       492127.223,
       5459102.247
      ],
      [
       492126.209,
       5459100.84
      ],
      [
       492122.804,
       5459087.498
      ],
      [
       492122.995,
       5459086.446
      ],
      [
       492124.912,
       5459085.577
      ],
      [
       492122.148,
       5459085.391
      ],
      [
       492122.345,
       5459083.988
      ],
      [
       492117.747,
       5459069.589
      ],
      [
       492118.46,
       5459068.365
      ],
      [
       492124.713,
       5459066.812
      ],
      [
       492126.758,
       5459068.574
      ],
      [
       492129.856,
       5459079.635
      ],
      [
       492129.305,
       5459081.561
      ],
      [
       492130.503,
       5459082.268
      ],
      [
       492131.312,
       5459085.603
      ],
      [
       492130.268,
       5459085.95
      ],
      [
       492130.745,
       5459088.407
      ],
      [
       492132.293,
       5459088.939
      ],
      [
       492135.06,
       5459099.122
      ],
      [
       492134.35,
       5459100.171
      ],
      [
       492127.223,
       5459102.247
      ]
     ]
    ]
   },
   "properties": {
    "sheet": "vancouver_1912_MAP342a_04",
    "building_id": "vancouver_1912_MAP342a_04:block:1:bldg93",
    "block_id": null,
    "block_fid": 1,
    "block_number": null,
    "text_inside": [
     "FRI",
     "FRI",
     "FRI",
     "FRI"
    ],
    "numerals_inside": [],
    "words_inside": [
     "FRI",
     "FRI",
     "FRI",
     "FRI"
    ],
    "floors": null,
    "wash_rgb": [
     253,
     221,
     215
    ],
    "wash_chroma": 12.7,
    "wash_lightness_delta": -23.1,
    "hue_deg": 10,
    "material": "brick",
    "area_source_px2": 9756,
    "centroid_source_px": [
     2847,
     2957
    ],
    "orphan": true,
    "orphan_because": "its block was rejected, split away or never traced",
    "centroid_map": [
     492126.49,
     5459084.356
    ]
   }
  },
  {
   "type": "Feature",
   "geometry": {
    "type": "Polygon",
    "coordinates": [
     [
      [
       492117.89,
       5459101.858
      ],
      [
       492116.858,
       5459101.503
      ],
      [
       492115.078,
       5459094.306
      ],
      [
       492116.146,
       5459092.556
      ],
      [
       492115.329,
       5459089.747
      ],
      [
       492116.378,
       5459089.05
      ],
      [
       492114.291,
       5459089.743
      ],
      [
       492113.611,
       5459089.039
      ],
      [
       492113.656,
       5459086.408
      ],
      [
       492112.8,
       5459085.879
      ],
      [
       492109.711,
       5459074.292
      ],
      [
       492111.465,
       5459072.896
      ],
      [
       492108.888,
       5459071.833
      ],
      [
       492116.373,
       5459069.058
      ],
      [
       492117.884,
       5459071.694
      ],
      [
       492121.796,
       5459085.74
      ],
      [
       492120.043,
       5459087.136
      ],
      [
       492122.285,
       5459087.496
      ],
      [
       492125.378,
       5459098.907
      ],
      [
       492124.668,
       5459099.956
      ],
      [
       492117.89,
       5459101.858
      ]
     ]
    ]
   },
   "properties": {
    "sheet": "vancouver_1912_MAP342a_04",
    "building_id": "vancouver_1912_MAP342a_04:block:1:bldg94",
    "block_id": null,
    "block_fid": 1,
    "block_number": null,
    "text_inside": [
     "FRI",
     "FRI",
     "FRI",
     "FRI",
     "FRI",
     "FRI"
    ],
    "numerals_inside": [],
    "words_inside": [
     "FRI",
     "FRI",
     "FRI",
     "FRI",
     "FRI",
     "FRI"
    ],
    "floors": null,
    "wash_rgb": [
     253,
     217,
     213
    ],
    "wash_chroma": 14.0,
    "wash_lightness_delta": -25.9,
    "hue_deg": 6,
    "material": "brick",
    "area_source_px2": 8656,
    "centroid_source_px": [
     2794,
     2950
    ],
    "orphan": true,
    "orphan_because": "its block was rejected, split away or never traced",
    "centroid_map": [
     492117.303,
     5459085.546
    ]
   }
  },
  {
   "type": "Feature",
   "geometry": {
    "type": "Polygon",
    "coordinates": [
     [
      [
       492148.162,
       5459101.63
      ],
      [
       492146.984,
       5459099.696
      ],
      [
       492137.565,
       5459063.707
      ],
      [
       492145.908,
       5459061.286
      ],
      [
       492147.449,
       5459062.169
      ],
      [
       492147.992,
       5459060.768
      ],
      [
       492155.638,
       5459058.695
      ],
      [
       492156.487,
       5459059.575
      ],
      [
       492159.735,
       5459072.039
      ],
      [
       492157.99,
       5459072.909
      ],
      [
       492160.405,
       5459073.27
      ],
      [
       492166.587,
       5459096.268
      ],
      [
       492148.162,
       5459101.63
      ]
     ]
    ]
   },
   "properties": {
    "sheet": "vancouver_1912_MAP342a_04",
    "building_id": "vancouver_1912_MAP342a_04:block:1:bldg95",
    "block_id": null,
    "block_fid": 1,
    "block_number": null,
    "text_inside": [
     "11",
     "FRI",
     "FRI",
     "FRI",
     "FRI",
     "FRI",
     "FRI"
    ],
    "numerals_inside": [
     "11"
    ],
    "words_inside": [
     "FRI",
     "FRI",
     "FRI",
     "FRI",
     "FRI",
     "FRI"
    ],
    "floors": null,
    "wash_rgb": [
     254,
     254,
     254
    ],
    "wash_chroma": 0.0,
    "wash_lightness_delta": -0.0,
    "hue_deg": 0,
    "material": "not a building (open lot, yard or court)",
    "area_source_px2": 25276,
    "centroid_source_px": [
     2995,
     2980
    ],
    "orphan": true,
    "orphan_because": "its block was rejected, split away or never traced",
    "centroid_map": [
     492152.155,
     5459080.426
    ]
   }
  },
  {
   "type": "Feature",
   "geometry": {
    "type": "Polygon",
    "coordinates": [
     [
      [
       492136.261,
       5459099.653
      ],
      [
       492132.978,
       5459089.293
      ],
      [
       492134.583,
       5459086.493
      ],
      [
       492131.672,
       5459084.728
      ],
      [
       492130.858,
       5459081.743
      ],
      [
       492131.574,
       5459080.343
      ],
      [
       492133.846,
       5459078.949
      ],
      [
       492130.545,
       5459079.813
      ],
      [
       492126.797,
       5459066.294
      ],
      [
       492129.928,
       5459065.255
      ],
      [
       492131.309,
       5459065.436
      ],
      [
       492131.64,
       5459066.314
      ],
      [
       492132.006,
       5459065.088
      ],
      [
       492135.656,
       5459064.05
      ],
      [
       492137.031,
       5459064.582
      ],
      [
       492138.841,
       5459070.026
      ],
      [
       492138.784,
       5459073.357
      ],
      [
       492139.813,
       5459073.888
      ],
      [
       492145.833,
       5459096.184
      ],
      [
       492145.296,
       5459097.234
      ],
      [
       492141.301,
       5459098.27
      ],
      [
       492140.272,
       5459097.74
      ],
      [
       492139.04,
       5459098.963
      ],
      [
       492136.261,
       5459099.653
      ]
     ]
    ]
   },
   "properties": {
    "sheet": "vancouver_1912_MAP342a_04",
    "building_id": "vancouver_1912_MAP342a_04:block:1:bldg96",
    "block_id": null,
    "block_fid": 1,
    "block_number": null,
    "text_inside": [
     "5",
     "FRI",
     "FRI"
    ],
    "numerals_inside": [],
    "words_inside": [
     "FRI",
     "FRI"
    ],
    "floors": null,
    "wash_rgb": [
     253,
     222,
     214
    ],
    "wash_chroma": 13.1,
    "wash_lightness_delta": -22.9,
    "hue_deg": 12,
    "material": "brick",
    "area_source_px2": 11599,
    "centroid_source_px": [
     2904,
     2973
    ],
    "orphan": true,
    "orphan_because": "its block was rejected, split away or never traced",
    "centroid_map": [
     492136.396,
     5459081.59
    ]
   }
  },
  {
   "type": "Feature",
   "geometry": {
    "type": "Polygon",
    "coordinates": [
     [
      [
       492335.678,
       5459099.935
      ],
      [
       492334.208,
       5459094.843
      ],
      [
       492351.696,
       5459083.515
      ],
      [
       492354.788,
       5459094.926
      ],
      [
       492347.313,
       5459097.176
      ],
      [
       492345.774,
       5459096.118
      ],
      [
       492344.531,
       5459098.042
      ],
      [
       492335.678,
       5459099.935
      ]
     ]
    ]
   },
   "properties": {
    "sheet": "vancouver_1912_MAP342a_04",
    "building_id": "vancouver_1912_MAP342a_04:block:1:bldg97",
    "block_id": null,
    "block_fid": 1,
    "block_number": null,
    "text_inside": [],
    "numerals_inside": [],
    "words_inside": [],
    "floors": null,
    "wash_rgb": [
     255,
     255,
     255
    ],
    "wash_chroma": 0.0,
    "wash_lightness_delta": 0.0,
    "hue_deg": 0,
    "material": "not a building (open lot, yard or court)",
    "area_source_px2": 5654,
    "centroid_source_px": [
     4112,
     2914
    ],
    "orphan": true,
    "orphan_because": "its block was rejected, split away or never traced",
    "centroid_map": [
     492345.139,
     5459092.783
    ]
   }
  },
  {
   "type": "Feature",
   "geometry": {
    "type": "Polygon",
    "coordinates": [
     [
      [
       491933.103,
       5459095.673
      ],
      [
       491931.552,
       5459095.316
      ],
      [
       491921.691,
       5459085.28
      ],
      [
       491921.208,
       5459083.173
      ],
      [
       491919.16,
       5459081.587
      ],
      [
       491920.758,
       5459079.138
      ],
      [
       491920.081,
       5459078.258
      ],
      [
       491919.043,
       5459078.254
      ],
      [
       491919.702,
       5459080.186
      ],
      [
       491917.782,
       5459081.23
      ],
      [
       491907.745,
       5459071.369
      ],
      [
       491907.59,
       5459070.316
      ],
      [
       491912.692,
       5459065.251
      ],
      [
       491913.727,
       5459065.431
      ],
      [
       491923.761,
       5459075.467
      ],
      [
       491923.215,
       5459077.043
      ],
      [
       491924.61,
       5459076.348
      ],
      [
       491938.214,
       5459090.082
      ],
      [
       491937.152,
       5459091.48
      ],
      [
       491934.907,
       5459091.296
      ],
      [
       491932.977,
       5459092.866
      ],
      [
       491934.17,
       5459093.923
      ],
      [
       491933.103,
       5459095.673
      ]
     ]
    ]
   },
   "properties": {
    "sheet": "vancouver_1912_MAP342a_04",
    "building_id": "vancouver_1912_MAP342a_04:block:12:bldg98",
    "block_id": "vancouver_1912_MAP342a_04:block:12",
    "block_fid": 9,
    "block_number": "12",
    "text_inside": [],
    "numerals_inside": [],
    "words_inside": [],
    "floors": null,
    "wash_rgb": [
     253,
     214,
     211
    ],
    "wash_chroma": 15.1,
    "wash_lightness_delta": -28.0,
    "hue_deg": 4,
    "material": "brick",
    "area_source_px2": 9392,
    "centroid_source_px": [
     1668,
     2976
    ],
    "orphan": false,
    "centroid_map": [
     491922.642,
     5459080.198
    ]
   }
  },
  {
   "type": "Feature",
   "geometry": {
    "type": "Polygon",
    "coordinates": [
     [
      [
       492194.112,
       5459094.801
      ],
      [
       492193.805,
       5459092.52
      ],
      [
       492215.361,
       5459086.119
      ],
      [
       492270.259,
       5459071.786
      ],
      [
       492292.119,
       5459067.841
      ],
      [
       492295.402,
       5459068.03
      ],
      [
       492294.35,
       5459068.902
      ],
      [
       492285.667,
       5459070.971
      ],
      [
       492285.634,
       5459072.9
      ],
      [
       492268.086,
       5459077.564
      ],
      [
       492266.207,
       5459076.154
      ],
      [
       492194.795,
       5459095.33
      ],
      [
       492194.112,
       5459094.801
      ]
     ]
    ]
   },
   "properties": {
    "sheet": "vancouver_1912_MAP342a_04",
    "building_id": "vancouver_1912_MAP342a_04:block:1:bldg99",
    "block_id": null,
    "block_fid": 1,
    "block_number": null,
    "text_inside": [],
    "numerals_inside": [],
    "words_inside": [],
    "floors": null,
    "wash_rgb": [
     254,
     254,
     254
    ],
    "wash_chroma": 0.2,
    "wash_lightness_delta": -0.2,
    "hue_deg": 0,
    "material": "not a building (open lot, yard or court)",
    "area_source_px2": 11674,
    "centroid_source_px": [
     3531,
     2981
    ],
    "orphan": true,
    "orphan_because": "its block was rejected, split away or never traced",
    "centroid_map": [
     492244.857,
     5459080.627
    ]
   }
  },
  {
   "type": "Feature",
   "geometry": {
    "type": "Polygon",
    "coordinates": [
     [
      [
       492172.324,
       5459094.538
      ],
      [
       492169.241,
       5459082.6
      ],
      [
       492182.617,
       5459079.147
      ],
      [
       492186.046,
       5459091.086
      ],
      [
       492172.324,
       5459094.538
      ]
     ]
    ]
   },
   "properties": {
    "sheet": "vancouver_1912_MAP342a_04",
    "building_id": "vancouver_1912_MAP342a_04:block:1:bldg100",
    "block_id": null,
    "block_fid": 1,
    "block_number": null,
    "text_inside": [],
    "numerals_inside": [],
    "words_inside": [],
    "floors": null,
    "wash_rgb": [
     253,
     235,
     120
    ],
    "wash_chroma": 58.1,
    "wash_lightness_delta": -18.5,
    "hue_deg": 52,
    "material": "frame (wood)",
    "area_source_px2": 5704,
    "centroid_source_px": [
     3143,
     2944
    ],
    "orphan": true,
    "orphan_because": "its block was rejected, split away or never traced",
    "centroid_map": [
     492177.643,
     5459086.843
    ]
   }
  },
  {
   "type": "Feature",
   "geometry": {
    "type": "Polygon",
    "coordinates": [
     [
      [
       492355.486,
       5459094.579
      ],
      [
       492352.227,
       5459082.816
      ],
      [
       492369.185,
       5459072.187
      ],
      [
       492370.98,
       5459078.507
      ],
      [
       492365.738,
       5459081.643
      ],
      [
       492368.079,
       5459086.387
      ],
      [
       492372.259,
       5459084.65
      ],
      [
       492373.085,
       5459086.934
      ],
      [
       492358.086,
       5459094.238
      ],
      [
       492355.486,
       5459094.579
      ]
     ]
    ]
   },
   "properties": {
    "sheet": "vancouver_1912_MAP342a_04",
    "building_id": "vancouver_1912_MAP342a_04:block:1:bldg101",
    "block_id": null,
    "block_fid": 1,
    "block_number": null,
    "text_inside": [],
    "numerals_inside": [],
    "words_inside": [],
    "floors": null,
    "wash_rgb": [
     254,
     254,
     254
    ],
    "wash_chroma": 0.0,
    "wash_lightness_delta": -0.0,
    "hue_deg": 0,
    "material": "not a building (open lot, yard or court)",
    "area_source_px2": 7862,
    "centroid_source_px": [
     4207,
     2963
    ],
    "orphan": true,
    "orphan_because": "its block was rejected, split away or never traced",
    "centroid_map": [
     492361.715,
     5459084.257
    ]
   }
  },
  {
   "type": "Feature",
   "geometry": {
    "type": "Polygon",
    "coordinates": [
     [
      [
       491877.145,
       5459090.886
      ],
      [
       491868.814,
       5459082.435
      ],
      [
       491871.074,
       5459081.743
      ],
      [
       491872.604,
       5459083.327
      ],
      [
       491874.179,
       5459082.281
      ],
      [
       491875.252,
       5459080.181
      ],
      [
       491876.642,
       5459079.836
      ],
      [
       491875.628,
       5459078.429
      ],
      [
       491877.581,
       5459075.456
      ],
      [
       491878.622,
       5459075.284
      ],
      [
       491879.12,
       5459076.514
      ],
      [
       491880.9,
       5459073.54
      ],
      [
       491887.701,
       5459080.407
      ],
      [
       491877.145,
       5459090.886
      ]
     ]
    ]
   },
   "properties": {
    "sheet": "vancouver_1912_MAP342a_04",
    "building_id": "vancouver_1912_MAP342a_04:block:fid6:bldg102",
    "block_id": "vancouver_1912_MAP342a_04:block:fid6",
    "block_fid": 6,
    "block_number": null,
    "text_inside": [],
    "numerals_inside": [],
    "words_inside": [],
    "floors": null,
    "wash_rgb": [
     253,
     204,
     207
    ],
    "wash_chroma": 18.9,
    "wash_lightness_delta": -34.3,
    "hue_deg": 356,
    "material": "brick",
    "area_source_px2": 4686,
    "centroid_source_px": [
     1416,
     2963
    ],
    "orphan": false,
    "centroid_map": [
     491879.021,
     5459082.301
    ]
   }
  },
  {
   "type": "Feature",
   "geometry": {
    "type": "Polygon",
    "coordinates": [
     [
      [
       491939.263,
       5459089.384
      ],
      [
       491938.225,
       5459089.38
      ],
      [
       491924.965,
       5459075.823
      ],
      [
       491929.548,
       5459070.756
      ],
      [
       491930.413,
       5459070.759
      ],
      [
       491943.846,
       5459084.317
      ],
      [
       491942.254,
       5459086.415
      ],
      [
       491940.7,
       5459086.234
      ],
      [
       491940.846,
       5459087.813
      ],
      [
       491939.263,
       5459089.384
      ]
     ]
    ]
   },
   "properties": {
    "sheet": "vancouver_1912_MAP342a_04",
    "building_id": "vancouver_1912_MAP342a_04:block:12:bldg103",
    "block_id": "vancouver_1912_MAP342a_04:block:12",
    "block_fid": 9,
    "block_number": "12",
    "text_inside": [
     "St."
    ],
    "numerals_inside": [],
    "words_inside": [
     "St."
    ],
    "floors": null,
    "wash_rgb": [
     253,
     219,
     212
    ],
    "wash_chroma": 13.5,
    "wash_lightness_delta": -24.8,
    "hue_deg": 10,
    "material": "brick",
    "area_source_px2": 4847,
    "centroid_source_px": [
     1738,
     2974
    ],
    "orphan": false,
    "centroid_map": [
     491934.743,
     5459080.598
    ]
   }
  },
  {
   "type": "Feature",
   "geometry": {
    "type": "Polygon",
    "coordinates": [
     [
      [
       492193.516,
       5459089.187
      ],
      [
       492191.822,
       5459087.076
      ],
      [
       492188.56,
       5459075.488
      ],
      [
       492189.094,
       5459074.614
      ],
      [
       492192.207,
       5459074.626
      ],
      [
       492188.068,
       5459073.908
      ],
      [
       492186.124,
       5459066.184
      ],
      [
       492197.944,
       5459062.724
      ],
      [
       492201.048,
       5459073.434
      ],
      [
       492199.301,
       5459074.48
      ],
      [
       492201.716,
       5459074.84
      ],
      [
       492204.814,
       5459085.901
      ],
      [
       492200.812,
       5459087.288
      ],
      [
       492197.723,
       5459085.872
      ],
      [
       492195.809,
       5459086.566
      ],
      [
       492195.776,
       5459088.495
      ],
      [
       492193.516,
       5459089.187
      ]
     ]
    ]
   },
   "properties": {
    "sheet": "vancouver_1912_MAP342a_04",
    "building_id": "vancouver_1912_MAP342a_04:block:1:bldg104",
    "block_id": null,
    "block_fid": 1,
    "block_number": null,
    "text_inside": [
     "B"
    ],
    "numerals_inside": [],
    "words_inside": [],
    "floors": null,
    "wash_rgb": [
     253,
     232,
     116
    ],
    "wash_chroma": 58.6,
    "wash_lightness_delta": -20.6,
    "hue_deg": 50,
    "material": "frame (wood)",
    "area_source_px2": 9728,
    "centroid_source_px": [
     3245,
     3006
    ],
    "orphan": true,
    "orphan_because": "its block was rejected, split away or never traced",
    "centroid_map": [
     492195.469,
     5459076.042
    ]
   }
  },
  {
   "type": "Feature",
   "geometry": {
    "type": "Polygon",
    "coordinates": [
     [
      [
       491993.112,
       5459085.92
      ],
      [
       491988.553,
       5459069.241
      ],
      [
       491993.828,
       5459064.177
      ],
      [
       492000.063,
       5459084.019
      ],
      [
       491997.627,
       5459084.886
      ],
      [
       491995.909,
       5459084.178
      ],
      [
       491995.542,
       5459085.404
      ],
      [
       491993.112,
       5459085.92
      ]
     ]
    ]
   },
   "properties": {
    "sheet": "vancouver_1912_MAP342a_04",
    "building_id": "vancouver_1912_MAP342a_04:block:10:bldg105",
    "block_id": "vancouver_1912_MAP342a_04:block:10",
    "block_fid": 10,
    "block_number": "10",
    "text_inside": [],
    "numerals_inside": [],
    "words_inside": [],
    "floors": null,
    "wash_rgb": [
     253,
     214,
     214
    ],
    "wash_chroma": 14.7,
    "wash_lightness_delta": -27.5,
    "hue_deg": 0,
    "material": "brick",
    "area_source_px2": 4287,
    "centroid_source_px": [
     2081,
     3000
    ],
    "orphan": false,
    "centroid_map": [
     491994.141,
     5459076.279
    ]
   }
  },
  {
   "type": "Feature",
   "geometry": {
    "type": "Polygon",
    "coordinates": [
     [
      [
       492374.129,
       5459086.587
      ],
      [
       492373.303,
       5459084.304
      ],
      [
       492375.232,
       5459082.733
      ],
      [
       492373.064,
       5459077.99
      ],
      [
       492371.341,
       5459077.632
      ],
      [
       492369.716,
       5459071.487
      ],
      [
       492370.929,
       5459071.317
      ],
      [
       492372.343,
       5459069.569
      ],
      [
       492378.461,
       5459065.736
      ],
      [
       492379.657,
       5459066.617
      ],
      [
       492379.287,
       5459068.019
      ],
      [
       492380.832,
       5459068.727
      ],
      [
       492381.545,
       5459067.502
      ],
      [
       492380.522,
       5459066.621
      ],
      [
       492380.209,
       5459064.69
      ],
      [
       492387.031,
       5459060.159
      ],
      [
       492387.535,
       5459061.037
      ],
      [
       492386.295,
       5459062.786
      ],
      [
       492387.625,
       5459065.948
      ],
      [
       492389.011,
       5459065.778
      ],
      [
       492389.497,
       5459067.709
      ],
      [
       492377.108,
       5459074.148
      ],
      [
       492380.104,
       5459080.999
      ],
      [
       492390.917,
       5459075.782
      ],
      [
       492392.088,
       5459078.067
      ],
      [
       492374.129,
       5459086.587
      ]
     ]
    ]
   },
   "properties": {
    "sheet": "vancouver_1912_MAP342a_04",
    "building_id": "vancouver_1912_MAP342a_04:block:1:bldg106",
    "block_id": null,
    "block_fid": 1,
    "block_number": null,
    "text_inside": [
     "2"
    ],
    "numerals_inside": [
     "2"
    ],
    "words_inside": [],
    "floors": null,
    "wash_rgb": [
     254,
     254,
     254
    ],
    "wash_chroma": 0.0,
    "wash_lightness_delta": -0.0,
    "hue_deg": 0,
    "material": "not a building (open lot, yard or court)",
    "area_source_px2": 7177,
    "centroid_source_px": [
     4308,
     3024
    ],
    "orphan": true,
    "orphan_because": "its block was rejected, split away or never traced",
    "centroid_map": [
     492379.365,
     5459073.631
    ]
   }
  },
  {
   "type": "Feature",
   "geometry": {
    "type": "Polygon",
    "coordinates": [
     [
      [
       492206.546,
       5459085.733
      ],
      [
       492205.169,
       5459085.376
      ],
      [
       492195.052,
       5459049.735
      ],
      [
       492195.6,
       5459047.984
      ],
      [
       492201.334,
       5459046.429
      ],
      [
       492203.216,
       5459047.664
      ],
      [
       492204.436,
       5459047.143
      ],
      [
       492205.452,
       5459048.374
      ],
      [
       492209.692,
       5459063.473
      ],
      [
       492209.504,
       5459064.349
      ],
      [
       492207.939,
       5459064.869
      ],
      [
       492208.923,
       5459068.03
      ],
      [
       492209.806,
       5459066.981
      ],
      [
       492210.667,
       5459067.16
      ],
      [
       492215.074,
       5459082.61
      ],
      [
       492214.541,
       5459083.485
      ],
      [
       492206.546,
       5459085.733
      ]
     ]
    ]
   },
   "properties": {
    "sheet": "vancouver_1912_MAP342a_04",
    "building_id": "vancouver_1912_MAP342a_04:block:1:bldg107",
    "block_id": null,
    "block_fid": 1,
    "block_number": null,
    "text_inside": [],
    "numerals_inside": [],
    "words_inside": [],
    "floors": null,
    "wash_rgb": [
     253,
     209,
     209
    ],
    "wash_chroma": 17.0,
    "wash_lightness_delta": -31.2,
    "hue_deg": 0,
    "material": "brick",
    "area_source_px2": 12954,
    "centroid_source_px": [
     3298,
     3065
    ],
    "orphan": true,
    "orphan_because": "its block was rejected, split away or never traced",
    "centroid_map": [
     492204.811,
     5459065.733
    ]
   }
  },
  {
   "type": "Feature",
   "geometry": {
    "type": "Polygon",
    "coordinates": [
     [
      [
       491945.069,
       5459083.621
      ],
      [
       491944.028,
       5459083.792
      ],
      [
       491930.422,
       5459070.233
      ],
      [
       491935.181,
       5459064.991
      ],
      [
       491949.649,
       5459078.729
      ],
      [
       491947.711,
       5459080.826
      ],
      [
       491945.981,
       5459080.819
      ],
      [
       491946.652,
       5459082.049
      ],
      [
       491945.069,
       5459083.621
      ]
     ]
    ]
   },
   "properties": {
    "sheet": "vancouver_1912_MAP342a_04",
    "building_id": "vancouver_1912_MAP342a_04:block:12:bldg108",
    "block_id": "vancouver_1912_MAP342a_04:block:12",
    "block_fid": 9,
    "block_number": "12",
    "text_inside": [
     "St.",
     "St.",
     "St."
    ],
    "numerals_inside": [],
    "words_inside": [
     "St.",
     "St.",
     "St."
    ],
    "floors": null,
    "wash_rgb": [
     253,
     218,
     212
    ],
    "wash_chroma": 13.8,
    "wash_lightness_delta": -25.4,
    "hue_deg": 8,
    "material": "brick",
    "area_source_px2": 4762,
    "centroid_source_px": [
     1770,
     3007
    ],
    "orphan": false,
    "centroid_map": [
     491940.375,
     5459074.833
    ]
   }
  },
  {
   "type": "Feature",
   "geometry": {
    "type": "Polygon",
    "coordinates": [
     [
      [
       492001.449,
       5459083.849
      ],
      [
       492000.418,
       5459083.494
      ],
      [
       491994.52,
       5459064.18
      ],
      [
       491995.945,
       5459061.73
      ],
      [
       491999.81,
       5459058.239
      ],
      [
       492000.838,
       5459058.769
      ],
      [
       492007.717,
       5459081.419
      ],
      [
       492004.58,
       5459082.81
      ],
      [
       492003.382,
       5459082.103
      ],
      [
       492003.188,
       5459083.33
      ],
      [
       492001.449,
       5459083.849
      ]
     ]
    ]
   },
   "properties": {
    "sheet": "vancouver_1912_MAP342a_04",
    "building_id": "vancouver_1912_MAP342a_04:block:10:bldg109",
    "block_id": "vancouver_1912_MAP342a_04:block:10",
    "block_fid": 10,
    "block_number": "10",
    "text_inside": [
     "4"
    ],
    "numerals_inside": [],
    "words_inside": [],
    "floors": null,
    "wash_rgb": [
     253,
     214,
     213
    ],
    "wash_chroma": 15.0,
    "wash_lightness_delta": -28.0,
    "hue_deg": 2,
    "material": "brick",
    "area_source_px2": 5792,
    "centroid_source_px": [
     2120,
     3026
    ],
    "orphan": false,
    "centroid_map": [
     492000.964,
     5459071.747
    ]
   }
  },
  {
   "type": "Feature",
   "geometry": {
    "type": "Polygon",
    "coordinates": [
     [
      [
       492164.034,
       5459083.631
      ],
      [
       492156.669,
       5459059.05
      ],
      [
       492157.203,
       5459058.175
      ],
      [
       492163.629,
       5459056.623
      ],
      [
       492164.488,
       5459056.977
      ],
      [
       492171.349,
       5459080.68
      ],
      [
       492170.812,
       5459081.73
      ],
      [
       492164.034,
       5459083.631
      ]
     ]
    ]
   },
   "properties": {
    "sheet": "vancouver_1912_MAP342a_04",
    "building_id": "vancouver_1912_MAP342a_04:block:1:bldg110",
    "block_id": null,
    "block_fid": 1,
    "block_number": null,
    "text_inside": [
     "FRI",
     "FRI"
    ],
    "numerals_inside": [],
    "words_inside": [
     "FRI",
     "FRI"
    ],
    "floors": null,
    "wash_rgb": [
     253,
     212,
     212
    ],
    "wash_chroma": 15.7,
    "wash_lightness_delta": -28.9,
    "hue_deg": 0,
    "material": "brick",
    "area_source_px2": 6866,
    "centroid_source_px": [
     3063,
     3040
    ],
    "orphan": true,
    "orphan_because": "its block was rejected, split away or never traced",
    "centroid_map": [
     492164.094,
     5459069.953
    ]
   }
  },
  {
   "type": "Feature",
   "geometry": {
    "type": "Polygon",
    "coordinates": [
     [
      [
       492216.449,
       5459083.142
      ],
      [
       492215.098,
       5459081.208
      ],
      [
       492211.505,
       5459068.742
      ],
      [
       492214.669,
       5459065.773
      ],
      [
       492212.928,
       5459066.468
      ],
      [
       492212.275,
       5459064.185
      ],
      [
       492210.202,
       5459064.002
      ],
      [
       492205.795,
       5459048.551
      ],
      [
       492206.52,
       5459046.625
      ],
      [
       492205.142,
       5459046.269
      ],
      [
       492205.852,
       5459045.219
      ],
      [
       492214.365,
       5459042.974
      ],
      [
       492215.391,
       5459043.68
      ],
      [
       492225.323,
       5459080.021
      ],
      [
       492224.613,
       5459081.071
      ],
      [
       492216.449,
       5459083.142
      ]
     ]
    ]
   },
   "properties": {
    "sheet": "vancouver_1912_MAP342a_04",
    "building_id": "vancouver_1912_MAP342a_04:block:1:bldg111",
    "block_id": null,
    "block_fid": 1,
    "block_number": null,
    "text_inside": [
     "WATER"
    ],
    "numerals_inside": [],
    "words_inside": [
     "WATER"
    ],
    "floors": null,
    "wash_rgb": [
     253,
     211,
     211
    ],
    "wash_chroma": 16.1,
    "wash_lightness_delta": -29.8,
    "hue_deg": 0,
    "material": "brick",
    "area_source_px2": 13077,
    "centroid_source_px": [
     3359,
     3082
    ],
    "orphan": true,
    "orphan_because": "its block was rejected, split away or never traced",
    "centroid_map": [
     492215.412,
     5459062.795
    ]
   }
  },
  {
   "type": "Feature",
   "geometry": {
    "type": "Polygon",
    "coordinates": [
     [
      [
       492009.095,
       5459081.776
      ],
      [
       492007.896,
       5459081.069
      ],
      [
       492001.36,
       5459058.596
      ],
      [
       492002.1,
       5459055.793
      ],
      [
       492006.847,
       5459051.252
      ],
      [
       492007.873,
       5459051.958
      ],
      [
       492007.506,
       5459053.184
      ],
      [
       492014.847,
       5459079.169
      ],
      [
       492013.961,
       5459080.393
      ],
      [
       492010.851,
       5459080.205
      ],
      [
       492009.095,
       5459081.776
      ]
     ]
    ]
   },
   "properties": {
    "sheet": "vancouver_1912_MAP342a_04",
    "building_id": "vancouver_1912_MAP342a_04:block:10:bldg112",
    "block_id": "vancouver_1912_MAP342a_04:block:10",
    "block_fid": 10,
    "block_number": "10",
    "text_inside": [
     "5"
    ],
    "numerals_inside": [],
    "words_inside": [],
    "floors": null,
    "wash_rgb": [
     253,
     214,
     213
    ],
    "wash_chroma": 14.9,
    "wash_lightness_delta": -27.8,
    "hue_deg": 2,
    "material": "brick",
    "area_source_px2": 6622,
    "centroid_source_px": [
     2159,
     3052
    ],
    "orphan": false,
    "centroid_map": [
     492007.786,
     5459067.215
    ]
   }
  },
  {
   "type": "Feature",
   "geometry": {
    "type": "Polygon",
    "coordinates": [
     [
      [
       492172.377,
       5459081.21
      ],
      [
       492171.215,
       5459078.399
      ],
      [
       492173.821,
       5459077.708
      ],
      [
       492174.36,
       5459076.483
      ],
      [
       492173.335,
       5459075.777
      ],
      [
       492173.365,
       5459074.024
      ],
      [
       492171.101,
       5459074.891
      ],
      [
       492169.73,
       5459074.184
      ],
      [
       492169.417,
       5459072.254
      ],
      [
       492171.677,
       5459071.562
      ],
      [
       492168.919,
       5459071.024
      ],
      [
       492165.671,
       5459058.56
      ],
      [
       492168.626,
       5459057.695
      ],
      [
       492167.783,
       5459056.464
      ],
      [
       492168.143,
       5459055.589
      ],
      [
       492175.27,
       5459053.513
      ],
      [
       492182.459,
       5459078.269
      ],
      [
       492177.763,
       5459079.829
      ],
      [
       492176.907,
       5459079.299
      ],
      [
       492175.502,
       5459080.521
      ],
      [
       492172.377,
       5459081.21
      ]
     ]
    ]
   },
   "properties": {
    "sheet": "vancouver_1912_MAP342a_04",
    "building_id": "vancouver_1912_MAP342a_04:block:1:bldg113",
    "block_id": null,
    "block_fid": 1,
    "block_number": null,
    "text_inside": [
     "FRI",
     "FRI",
     "FRI",
     "FRI"
    ],
    "numerals_inside": [],
    "words_inside": [
     "FRI",
     "FRI",
     "FRI",
     "FRI"
    ],
    "floors": null,
    "wash_rgb": [
     253,
     212,
     212
    ],
    "wash_chroma": 15.8,
    "wash_lightness_delta": -29.3,
    "hue_deg": 0,
    "material": "brick",
    "area_source_px2": 8566,
    "centroid_source_px": [
     3120,
     3058
    ],
    "orphan": true,
    "orphan_because": "its block was rejected, split away or never traced",
    "centroid_map": [
     492174.006,
     5459066.836
    ]
   }
  },
  {
   "type": "Feature",
   "geometry": {
    "type": "Polygon",
    "coordinates": [
     [
      [
       492016.222,
       5459079.7
      ],
      [
       492014.391,
       5459075.484
      ],
      [
       492007.554,
       5459050.378
      ],
      [
       492010.878,
       5459048.112
      ],
      [
       492028.075,
       5459043.797
      ],
      [
       492029.226,
       5459047.309
      ],
      [
       492025.531,
       5459050.977
      ],
      [
       492027.612,
       5459050.635
      ],
      [
       492030.505,
       5459053.453
      ],
      [
       492029.78,
       5459055.379
      ],
      [
       492031.513,
       5459055.21
      ],
      [
       492036.558,
       5459073.82
      ],
      [
       492033.949,
       5459074.686
      ],
      [
       492032.747,
       5459074.155
      ],
      [
       492031.515,
       5459075.378
      ],
      [
       492027.693,
       5459076.415
      ],
      [
       492027.016,
       5459075.535
      ],
      [
       492024.911,
       5459077.28
      ],
      [
       492021.261,
       5459078.318
      ],
      [
       492018.679,
       5459077.606
      ],
      [
       492018.309,
       5459079.007
      ],
      [
       492016.222,
       5459079.7
      ]
     ]
    ]
   },
   "properties": {
    "sheet": "vancouver_1912_MAP342a_04",
    "building_id": "vancouver_1912_MAP342a_04:block:10:bldg114",
    "block_id": "vancouver_1912_MAP342a_04:block:10",
    "block_fid": 10,
    "block_number": "10",
    "text_inside": [
     "6",
     "7",
     "8"
    ],
    "numerals_inside": [
     "7",
     "8"
    ],
    "words_inside": [],
    "floors": null,
    "wash_rgb": [
     253,
     216,
     215
    ],
    "wash_chroma": 14.2,
    "wash_lightness_delta": -26.6,
    "hue_deg": 2,
    "material": "brick",
    "area_source_px2": 21987,
    "centroid_source_px": [
     2239,
     3084
    ],
    "orphan": false,
    "centroid_map": [
     492021.717,
     5459061.659
    ]
   }
  },
  {
   "type": "Feature",
   "geometry": {
    "type": "Polygon",
    "coordinates": [
     [
      [
       492226.179,
       5459080.551
      ],
      [
       492221.286,
       5459063.17
      ],
      [
       492229.447,
       5459061.274
      ],
      [
       492230.118,
       5459062.504
      ],
      [
       492230.992,
       5459061.981
      ],
      [
       492231.671,
       5459062.686
      ],
      [
       492235.739,
       5459077.784
      ],
      [
       492226.179,
       5459080.551
      ]
     ]
    ]
   },
   "properties": {
    "sheet": "vancouver_1912_MAP342a_04",
    "building_id": "vancouver_1912_MAP342a_04:block:1:bldg115",
    "block_id": null,
    "block_fid": 1,
    "block_number": null,
    "text_inside": [],
    "numerals_inside": [],
    "words_inside": [],
    "floors": null,
    "wash_rgb": [
     254,
     254,
     254
    ],
    "wash_chroma": 0.4,
    "wash_lightness_delta": -0.4,
    "hue_deg": 0,
    "material": "not a building (open lot, yard or court)",
    "area_source_px2": 5826,
    "centroid_source_px": [
     3435,
     3037
    ],
    "orphan": true,
    "orphan_because": "its block was rejected, split away or never traced",
    "centroid_map": [
     492228.421,
     5459070.739
    ]
   }
  },
  {
   "type": "Feature",
   "geometry": {
    "type": "Polygon",
    "coordinates": [
     [
      [
       492380.128,
       5459079.597
      ],
      [
       492377.963,
       5459074.677
      ],
      [
       492378.849,
       5459073.453
      ],
      [
       492415.463,
       5459056.24
      ],
      [
       492416.316,
       5459056.945
      ],
      [
       492418.657,
       5459061.69
      ],
      [
       492417.95,
       5459062.564
      ],
      [
       492409.765,
       5459065.862
      ],
      [
       492380.984,
       5459080.126
      ],
      [
       492380.128,
       5459079.597
      ]
     ]
    ]
   },
   "properties": {
    "sheet": "vancouver_1912_MAP342a_04",
    "building_id": "vancouver_1912_MAP342a_04:block:1:bldg116",
    "block_id": null,
    "block_fid": 1,
    "block_number": null,
    "text_inside": [
     "Ice House."
    ],
    "numerals_inside": [],
    "words_inside": [
     "Ice House."
    ],
    "floors": null,
    "wash_rgb": [
     253,
     240,
     124
    ],
    "wash_chroma": 57.9,
    "wash_lightness_delta": -15.0,
    "hue_deg": 54,
    "material": "frame (wood)",
    "area_source_px2": 9188,
    "centroid_source_px": [
     4417,
     3057
    ],
    "orphan": true,
    "orphan_because": "its block was rejected, split away or never traced",
    "centroid_map": [
     492398.315,
     5459067.921
    ]
   }
  },
  {
   "type": "Feature",
   "geometry": {
    "type": "Polygon",
    "coordinates": [
     [
      [
       491950.699,
       5459078.032
      ],
      [
       491948.468,
       5459076.97
      ],
      [
       491936.225,
       5459064.645
      ],
      [
       491940.107,
       5459060.101
      ],
      [
       491940.978,
       5459059.754
      ],
      [
       491954.76,
       5459073.138
      ],
      [
       491953.865,
       5459074.888
      ],
      [
       491951.784,
       5459075.23
      ],
      [
       491952.285,
       5459076.284
      ],
      [
       491950.699,
       5459078.032
      ]
     ]
    ]
   },
   "properties": {
    "sheet": "vancouver_1912_MAP342a_04",
    "building_id": "vancouver_1912_MAP342a_04:block:12:bldg117",
    "block_id": "vancouver_1912_MAP342a_04:block:12",
    "block_fid": 9,
    "block_number": "12",
    "text_inside": [
     "St.",
     "St.",
     "St."
    ],
    "numerals_inside": [],
    "words_inside": [
     "St.",
     "St.",
     "St."
    ],
    "floors": null,
    "wash_rgb": [
     253,
     217,
     214
    ],
    "wash_chroma": 13.8,
    "wash_lightness_delta": -25.8,
    "hue_deg": 4,
    "material": "brick",
    "area_source_px2": 4503,
    "centroid_source_px": [
     1801,
     3039
    ],
    "orphan": false,
    "centroid_map": [
     491945.832,
     5459069.244
    ]
   }
  },
  {
   "type": "Feature",
   "geometry": {
    "type": "Polygon",
    "coordinates": [
     [
      [
       492236.776,
       5459077.788
      ],
      [
       492232.017,
       5459062.687
      ],
      [
       492234.296,
       5459060.943
      ],
      [
       492233.127,
       5459058.483
      ],
      [
       492230.714,
       5459057.947
      ],
      [
       492225.818,
       5459040.741
      ],
      [
       492226.531,
       5459039.516
      ],
      [
       492233.655,
       5459037.616
      ],
      [
       492235.831,
       5459041.833
      ],
      [
       492236.797,
       5459046.046
      ],
      [
       492235.727,
       5459047.971
      ],
      [
       492237.11,
       5459047.977
      ],
      [
       492239.4,
       5459055.702
      ],
      [
       492238.685,
       5459057.102
      ],
      [
       492243.742,
       5459075.01
      ],
      [
       492242.856,
       5459076.234
      ],
      [
       492236.776,
       5459077.788
      ]
     ]
    ]
   },
   "properties": {
    "sheet": "vancouver_1912_MAP342a_04",
    "building_id": "vancouver_1912_MAP342a_04:block:1:bldg118",
    "block_id": null,
    "block_fid": 1,
    "block_number": null,
    "text_inside": [
     "FRI"
    ],
    "numerals_inside": [],
    "words_inside": [
     "FRI"
    ],
    "floors": null,
    "wash_rgb": [
     253,
     232,
     114
    ],
    "wash_chroma": 59.5,
    "wash_lightness_delta": -20.5,
    "hue_deg": 50,
    "material": "frame (wood)",
    "area_source_px2": 10542,
    "centroid_source_px": [
     3472,
     3114
    ],
    "orphan": true,
    "orphan_because": "its block was rejected, split away or never traced",
    "centroid_map": [
     492235.05,
     5459057.263
    ]
   }
  },
  {
   "type": "Feature",
   "geometry": {
    "type": "Polygon",
    "coordinates": [
     [
      [
       491924.458,
       5459075.119
      ],
      [
       491913.566,
       5459064.729
      ],
      [
       491918.498,
       5459059.487
      ],
      [
       491929.39,
       5459069.878
      ],
      [
       491924.458,
       5459075.119
      ]
     ]
    ]
   },
   "properties": {
    "sheet": "vancouver_1912_MAP342a_04",
    "building_id": "vancouver_1912_MAP342a_04:block:12:bldg119",
    "block_id": "vancouver_1912_MAP342a_04:block:12",
    "block_fid": 9,
    "block_number": "12",
    "text_inside": [],
    "numerals_inside": [],
    "words_inside": [],
    "floors": null,
    "wash_rgb": [
     254,
     254,
     254
    ],
    "wash_chroma": 0.2,
    "wash_lightness_delta": -0.2,
    "hue_deg": 0,
    "material": "not a building (open lot, yard or court)",
    "area_source_px2": 3572,
    "centroid_source_px": [
     1660,
     3050
    ],
    "orphan": false,
    "centroid_map": [
     491921.48,
     5459067.216
    ]
   }
  },
  {
   "type": "Feature",
   "geometry": {
    "type": "Polygon",
    "coordinates": [
     [
      [
       492245.811,
       5459075.37
      ],
      [
       492237.635,
       5459047.628
      ],
      [
       492239.228,
       5459045.53
      ],
      [
       492237.659,
       5459046.225
      ],
      [
       492236.976,
       5459045.696
      ],
      [
       492234.868,
       5459037.445
      ],
      [
       492240.954,
       5459035.541
      ],
      [
       492244.38,
       5459037.484
      ],
      [
       492245.791,
       5459035.911
      ],
      [
       492244.601,
       5459034.679
      ],
      [
       492253.29,
       5459032.259
      ],
      [
       492254.304,
       5459033.666
      ],
      [
       492258.213,
       5459047.887
      ],
      [
       492257.125,
       5459050.864
      ],
      [
       492257.438,
       5459052.794
      ],
      [
       492259.671,
       5459053.68
      ],
      [
       492264.06,
       5459070.182
      ],
      [
       492255.538,
       5459072.954
      ],
      [
       492254.184,
       5459071.195
      ],
      [
       492253.979,
       5459073.123
      ],
      [
       492245.811,
       5459075.37
      ]
     ]
    ]
   },
   "properties": {
    "sheet": "vancouver_1912_MAP342a_04",
    "building_id": "vancouver_1912_MAP342a_04:block:1:bldg120",
    "block_id": null,
    "block_fid": 1,
    "block_number": null,
    "text_inside": [
     "Co Limited",
     "Pierce",
     "168",
     "70",
     "O"
    ],
    "numerals_inside": [],
    "words_inside": [
     "Co Limited",
     "Pierce"
    ],
    "floors": null,
    "wash_rgb": [
     253,
     211,
     210
    ],
    "wash_chroma": 16.2,
    "wash_lightness_delta": -30.0,
    "hue_deg": 2,
    "material": "brick",
    "area_source_px2": 24878,
    "centroid_source_px": [
     3554,
     3134
    ],
    "orphan": true,
    "orphan_because": "its block was rejected, split away or never traced",
    "centroid_map": [
     492249.291,
     5459053.813
    ]
   }
  },
  {
   "type": "Feature",
   "geometry": {
    "type": "Polygon",
    "coordinates": [
     [
      [
       491859.8,
       5459073.454
      ],
      [
       491852.158,
       5459065.181
      ],
      [
       491853.571,
       5459063.433
      ],
      [
       491855.48,
       5459063.09
      ],
      [
       491854.976,
       5459062.211
      ],
      [
       491858.494,
       5459058.718
      ],
      [
       491861.258,
       5459058.905
      ],
      [
       491863.894,
       5459056.46
      ],
      [
       491870.353,
       5459063.15
      ],
      [
       491864.711,
       5459069.441
      ],
      [
       491859.8,
       5459073.454
      ]
     ]
    ]
   },
   "properties": {
    "sheet": "vancouver_1912_MAP342a_04",
    "building_id": "vancouver_1912_MAP342a_04:block:fid6:bldg121",
    "block_id": "vancouver_1912_MAP342a_04:block:fid6",
    "block_fid": 6,
    "block_number": null,
    "text_inside": [],
    "numerals_inside": [],
    "words_inside": [],
    "floors": null,
    "wash_rgb": [
     253,
     210,
     211
    ],
    "wash_chroma": 16.3,
    "wash_lightness_delta": -30.3,
    "hue_deg": 358,
    "material": "brick",
    "area_source_px2": 5308,
    "centroid_source_px": [
     1312,
     3063
    ],
    "orphan": false,
    "centroid_map": [
     491861.333,
     5459064.692
    ]
   }
  },
  {
   "type": "Feature",
   "geometry": {
    "type": "Polygon",
    "coordinates": [
     [
      [
       492037.771,
       5459073.65
      ],
      [
       492032.52,
       5459056.968
      ],
      [
       492032.052,
       5459053.985
      ],
      [
       492032.762,
       5459052.936
      ],
      [
       492031.062,
       5459051.175
      ],
      [
       492029.285,
       5459043.802
      ],
      [
       492042.668,
       5459039.998
      ],
      [
       492051.333,
       5459069.496
      ],
      [
       492049.937,
       5459070.191
      ],
      [
       492048.044,
       5459069.658
      ],
      [
       492047.68,
       5459070.708
      ],
      [
       492043.678,
       5459072.095
      ],
      [
       492040.395,
       5459071.907
      ],
      [
       492037.771,
       5459073.65
      ]
     ]
    ]
   },
   "properties": {
    "sheet": "vancouver_1912_MAP342a_04",
    "building_id": "vancouver_1912_MAP342a_04:block:10:bldg122",
    "block_id": "vancouver_1912_MAP342a_04:block:10",
    "block_fid": 10,
    "block_number": "10",
    "text_inside": [
     "FRI",
     "FRI",
     "2",
     "9",
     "10",
     "10"
    ],
    "numerals_inside": [
     "9",
     "10",
     "10"
    ],
    "words_inside": [
     "FRI",
     "FRI"
    ],
    "floors": null,
    "wash_rgb": [
     253,
     214,
     215
    ],
    "wash_chroma": 14.7,
    "wash_lightness_delta": -27.5,
    "hue_deg": 358,
    "material": "brick",
    "area_source_px2": 14414,
    "centroid_source_px": [
     2350,
     3106
    ],
    "orphan": false,
    "centroid_map": [
     492040.98,
     5459057.879
    ]
   }
  },
  {
   "type": "Feature",
   "geometry": {
    "type": "Polygon",
    "coordinates": [
     [
      [
       491955.631,
       5459072.791
      ],
      [
       491948.295,
       5459066.798
      ],
      [
       491948.31,
       5459065.922
      ],
      [
       491930.282,
       5459047.961
      ],
      [
       491940.137,
       5459038.005
      ],
      [
       491965.31,
       5459063.009
      ],
      [
       491964.072,
       5459064.582
      ],
      [
       491962.167,
       5459064.75
      ],
      [
       491963.017,
       5459065.63
      ],
      [
       491960.908,
       5459067.551
      ],
      [
       491957.831,
       5459065.434
      ],
      [
       491960.029,
       5459068.424
      ],
      [
       491958.448,
       5459069.821
      ],
      [
       491957.244,
       5459069.465
      ],
      [
       491957.563,
       5459071.045
      ],
      [
       491955.631,
       5459072.791
      ]
     ]
    ]
   },
   "properties": {
    "sheet": "vancouver_1912_MAP342a_04",
    "building_id": "vancouver_1912_MAP342a_04:block:12:bldg123",
    "block_id": "vancouver_1912_MAP342a_04:block:12",
    "block_fid": 9,
    "block_number": "12",
    "text_inside": [
     "St.",
     "St.",
     "St.",
     "St.",
     "St.",
     "St."
    ],
    "numerals_inside": [],
    "words_inside": [
     "St.",
     "St.",
     "St.",
     "St.",
     "St.",
     "St."
    ],
    "floors": null,
    "wash_rgb": [
     253,
     212,
     212
    ],
    "wash_chroma": 15.8,
    "wash_lightness_delta": -29.3,
    "hue_deg": 0,
    "material": "brick",
    "area_source_px2": 16383,
    "centroid_source_px": [
     1809,
     3119
    ],
    "orphan": false,
    "centroid_map": [
     491947.455,
     5459055.22
    ]
   }
  },
  {
   "type": "Feature",
   "geometry": {
    "type": "Polygon",
    "coordinates": [
     [
      [
       491929.915,
       5459069.53
      ],
      [
       491919.196,
       5459059.139
      ],
      [
       491924.128,
       5459053.898
      ],
      [
       491935.023,
       5459064.114
      ],
      [
       491929.915,
       5459069.53
      ]
     ]
    ]
   },
   "properties": {
    "sheet": "vancouver_1912_MAP342a_04",
    "building_id": "vancouver_1912_MAP342a_04:block:12:bldg124",
    "block_id": "vancouver_1912_MAP342a_04:block:12",
    "block_fid": 9,
    "block_number": "12",
    "text_inside": [],
    "numerals_inside": [],
    "words_inside": [],
    "floors": null,
    "wash_rgb": [
     254,
     254,
     254
    ],
    "wash_chroma": 0.2,
    "wash_lightness_delta": -0.1,
    "hue_deg": 0,
    "material": "not a building (open lot, yard or court)",
    "area_source_px2": 3604,
    "centroid_source_px": [
     1692,
     3082
    ],
    "orphan": false,
    "centroid_map": [
     491927.109,
     5459061.627
    ]
   }
  },
  {
   "type": "Feature",
   "geometry": {
    "type": "Polygon",
    "coordinates": [
     [
      [
       492052.2,
       5459069.324
      ],
      [
       492043.705,
       5459040.003
      ],
      [
       492050.313,
       5459037.925
      ],
      [
       492051.488,
       5459040.034
      ],
      [
       492051.354,
       5459037.754
      ],
      [
       492057.261,
       5459036.199
      ],
      [
       492058.114,
       5459036.904
      ],
      [
       492065.756,
       5459065.521
      ],
      [
       492063.493,
       5459066.388
      ],
      [
       492062.297,
       5459065.507
      ],
      [
       492061.581,
       5459066.907
      ],
      [
       492059.16,
       5459066.897
      ],
      [
       492056.542,
       5459068.289
      ],
      [
       492055.343,
       5459067.583
      ],
      [
       492054.631,
       5459068.808
      ],
      [
       492052.2,
       5459069.324
      ]
     ]
    ]
   },
   "properties": {
    "sheet": "vancouver_1912_MAP342a_04",
    "building_id": "vancouver_1912_MAP342a_04:block:10:bldg125",
    "block_id": "vancouver_1912_MAP342a_04:block:10",
    "block_fid": 10,
    "block_number": "10",
    "text_inside": [
     "FRI",
     "FRI",
     "FRI",
     "FRI",
     "B",
     "FRI",
     "FRI",
     "FRI",
     "B",
     "11",
     "12"
    ],
    "numerals_inside": [
     "11",
     "12"
    ],
    "words_inside": [
     "FRI",
     "FRI",
     "FRI",
     "FRI",
     "FRI",
     "FRI",
     "FRI"
    ],
    "floors": null,
    "wash_rgb": [
     253,
     212,
     214
    ],
    "wash_chroma": 15.4,
    "wash_lightness_delta": -28.7,
    "hue_deg": 358,
    "material": "brick",
    "area_source_px2": 14431,
    "centroid_source_px": [
     2428,
     3137
    ],
    "orphan": false,
    "centroid_map": [
     492054.562,
     5459052.498
    ]
   }
  },
  {
   "type": "Feature",
   "geometry": {
    "type": "Polygon",
    "coordinates": [
     [
      [
       492389.679,
       5459067.184
      ],
      [
       492387.899,
       5459059.987
      ],
      [
       492388.785,
       5459058.763
      ],
      [
       492397.34,
       5459054.062
      ],
      [
       492403.777,
       5459051.809
      ],
      [
       492406.026,
       5459051.818
      ],
      [
       492405.713,
       5459060.059
      ],
      [
       492398.911,
       5459063.363
      ],
      [
       492396.886,
       5459060.374
      ],
      [
       492397.861,
       5459064.061
      ],
      [
       492390.538,
       5459067.538
      ],
      [
       492389.679,
       5459067.184
      ]
     ]
    ]
   },
   "properties": {
    "sheet": "vancouver_1912_MAP342a_04",
    "building_id": "vancouver_1912_MAP342a_04:block:1:bldg126",
    "block_id": null,
    "block_fid": 1,
    "block_number": null,
    "text_inside": [
     "1"
    ],
    "numerals_inside": [
     "1"
    ],
    "words_inside": [],
    "floors": null,
    "wash_rgb": [
     254,
     254,
     254
    ],
    "wash_chroma": 0.0,
    "wash_lightness_delta": -0.0,
    "hue_deg": 0,
    "material": "not a building (open lot, yard or court)",
    "area_source_px2": 5351,
    "centroid_source_px": [
     4410,
     3107
    ],
    "orphan": true,
    "orphan_because": "its block was rejected, split away or never traced",
    "centroid_map": [
     492397.253,
     5459059.148
    ]
   }
  },
  {
   "type": "Feature",
   "geometry": {
    "type": "Polygon",
    "coordinates": [
     [
      [
       491903.359,
       5459064.863
      ],
      [
       491902.336,
       5459063.982
      ],
      [
       491901.114,
       5459064.678
      ],
      [
       491892.952,
       5459056.403
      ],
      [
       491892.985,
       5459054.474
      ],
      [
       491890.949,
       5459052.186
      ],
      [
       491889.896,
       5459053.058
      ],
      [
       491877.137,
       5459040.555
      ],
      [
       491877.674,
       5459039.505
      ],
      [
       491879.57,
       5459039.864
      ],
      [
       491881.499,
       5459038.293
      ],
      [
       491880.134,
       5459037.235
      ],
      [
       491883.479,
       5459033.741
      ],
      [
       491885.391,
       5459033.223
      ],
      [
       491894.414,
       5459041.677
      ],
      [
       491895.577,
       5459044.488
      ],
      [
       491898.663,
       5459046.079
      ],
      [
       491909.719,
       5459056.997
      ],
      [
       491909.517,
       5459058.75
      ],
      [
       491903.359,
       5459064.863
      ]
     ]
    ]
   },
   "properties": {
    "sheet": "vancouver_1912_MAP342a_04",
    "building_id": "vancouver_1912_MAP342a_04:block:12:bldg127",
    "block_id": "vancouver_1912_MAP342a_04:block:12",
    "block_fid": 9,
    "block_number": "12",
    "text_inside": [
     "20"
    ],
    "numerals_inside": [
     "20"
    ],
    "words_inside": [],
    "floors": null,
    "wash_rgb": [
     253,
     218,
     213
    ],
    "wash_chroma": 13.8,
    "wash_lightness_delta": -25.6,
    "hue_deg": 8,
    "material": "brick",
    "area_source_px2": 12840,
    "centroid_source_px": [
     1499,
     3151
    ],
    "orphan": false,
    "centroid_map": [
     491893.937,
     5459049.392
    ]
   }
  },
  {
   "type": "Feature",
   "geometry": {
    "type": "Polygon",
    "coordinates": [
     [
      [
       492066.97,
       5459065.35
      ],
      [
       492066.114,
       5459064.821
      ],
      [
       492058.46,
       5459036.906
      ],
      [
       492058.65,
       5459035.854
      ],
      [
       492063.693,
       5459034.296
      ],
      [
       492065.243,
       5459034.653
      ],
      [
       492072.894,
       5459062.744
      ],
      [
       492072.355,
       5459063.969
      ],
      [
       492069.43,
       5459063.08
      ],
      [
       492067.518,
       5459063.599
      ],
      [
       492068.016,
       5459064.828
      ],
      [
       492066.97,
       5459065.35
      ]
     ]
    ]
   },
   "properties": {
    "sheet": "vancouver_1912_MAP342a_04",
    "building_id": "vancouver_1912_MAP342a_04:block:10:bldg128",
    "block_id": "vancouver_1912_MAP342a_04:block:10",
    "block_fid": 10,
    "block_number": "10",
    "text_inside": [
     "FRI",
     "B",
     "FRI",
     "FRI",
     "FRI",
     "FRI",
     "20",
     "20",
     "20",
     "20",
     "13",
     "B",
     "B"
    ],
    "numerals_inside": [
     "20",
     "20",
     "20",
     "20",
     "13"
    ],
    "words_inside": [
     "FRI",
     "FRI",
     "FRI",
     "FRI",
     "FRI"
    ],
    "floors": null,
    "wash_rgb": [
     253,
     212,
     213
    ],
    "wash_chroma": 15.6,
    "wash_lightness_delta": -28.8,
    "hue_deg": 358,
    "material": "brick",
    "area_source_px2": 7002,
    "centroid_source_px": [
     2491,
     3156
    ],
    "orphan": false,
    "centroid_map": [
     492065.515,
     5459049.21
    ]
   }
  },
  {
   "type": "Feature",
   "geometry": {
    "type": "Polygon",
    "coordinates": [
     [
      [
       492186.312,
       5459065.308
      ],
      [
       492184.639,
       5459061.969
      ],
      [
       492182.215,
       5459051.963
      ],
      [
       492184.654,
       5459050.921
      ],
      [
       492187.054,
       5459052.158
      ],
      [
       492188.614,
       5459051.989
      ],
      [
       492189.318,
       5459051.29
      ],
      [
       492188.301,
       5459050.059
      ],
      [
       492194.035,
       5459048.503
      ],
      [
       492197.962,
       5459061.672
      ],
      [
       492186.312,
       5459065.308
      ]
     ]
    ]
   },
   "properties": {
    "sheet": "vancouver_1912_MAP342a_04",
    "building_id": "vancouver_1912_MAP342a_04:block:1:bldg129",
    "block_id": null,
    "block_fid": 1,
    "block_number": null,
    "text_inside": [
     "FRI",
     "FRI",
     "FRI"
    ],
    "numerals_inside": [],
    "words_inside": [
     "FRI",
     "FRI",
     "FRI"
    ],
    "floors": null,
    "wash_rgb": [
     253,
     210,
     210
    ],
    "wash_chroma": 16.7,
    "wash_lightness_delta": -30.7,
    "hue_deg": 0,
    "material": "brick",
    "area_source_px2": 5608,
    "centroid_source_px": [
     3212,
     3114
    ],
    "orphan": true,
    "orphan_because": "its block was rejected, split away or never traced",
    "centroid_map": [
     492190.084,
     5459057.081
    ]
   }
  },
  {
   "type": "Feature",
   "geometry": {
    "type": "Polygon",
    "coordinates": [
     [
      [
       491935.721,
       5459063.766
      ],
      [
       491924.828,
       5459053.375
      ],
      [
       491929.581,
       5459048.484
      ],
      [
       491940.304,
       5459058.699
      ],
      [
       491935.721,
       5459063.766
      ]
     ]
    ]
   },
   "properties": {
    "sheet": "vancouver_1912_MAP342a_04",
    "building_id": "vancouver_1912_MAP342a_04:block:12:bldg130",
    "block_id": "vancouver_1912_MAP342a_04:block:12",
    "block_fid": 9,
    "block_number": "12",
    "text_inside": [],
    "numerals_inside": [],
    "words_inside": [],
    "floors": null,
    "wash_rgb": [
     254,
     254,
     254
    ],
    "wash_chroma": 0.1,
    "wash_lightness_delta": -0.1,
    "hue_deg": 0,
    "material": "not a building (open lot, yard or court)",
    "area_source_px2": 3360,
    "centroid_source_px": [
     1723,
     3113
    ],
    "orphan": false,
    "centroid_map": [
     491932.563,
     5459056.212
    ]
   }
  },
  {
   "type": "Feature",
   "geometry": {
    "type": "Polygon",
    "coordinates": [
     [
      [
       492284.903,
       5459065.006
      ],
      [
       492280.955,
       5459053.065
      ],
      [
       492280.49,
       5459049.906
      ],
      [
       492281.555,
       5459048.332
      ],
      [
       492280.765,
       5459043.945
      ],
      [
       492279.873,
       5459045.519
      ],
      [
       492278.838,
       5459045.34
      ],
      [
       492273.96,
       5459027.081
      ],
      [
       492280.571,
       5459024.828
      ],
      [
       492282.611,
       5459026.941
      ],
      [
       492285.563,
       5459026.252
      ],
      [
       492283.684,
       5459024.841
      ],
      [
       492283.869,
       5459024.14
      ],
      [
       492292.731,
       5459021.721
      ],
      [
       492297.821,
       5459037.7
      ],
      [
       492303.495,
       5459059.995
      ],
      [
       492284.903,
       5459065.006
      ]
     ]
    ]
   },
   "properties": {
    "sheet": "vancouver_1912_MAP342a_04",
    "building_id": "vancouver_1912_MAP342a_04:block:1:bldg131",
    "block_id": null,
    "block_fid": 1,
    "block_number": null,
    "text_inside": [
     "50",
     "50",
     "50",
     "7",
     "50",
     "50",
     "50",
     "66'"
    ],
    "numerals_inside": [
     "7"
    ],
    "words_inside": [],
    "floors": null,
    "wash_rgb": [
     253,
     213,
     215
    ],
    "wash_chroma": 15.3,
    "wash_lightness_delta": -28.3,
    "hue_deg": 358,
    "material": "brick",
    "area_source_px2": 25574,
    "centroid_source_px": [
     3782,
     3194
    ],
    "orphan": true,
    "orphan_because": "its block was rejected, split away or never traced",
    "centroid_map": [
     492288.902,
     5459043.451
    ]
   }
  },
  {
   "type": "Feature",
   "geometry": {
    "type": "Polygon",
    "coordinates": [
     [
      [
       491966.01,
       5459062.486
      ],
      [
       491940.835,
       5459037.657
      ],
      [
       491943.492,
       5459033.985
      ],
      [
       491951.4,
       5459026.651
      ],
      [
       491976.575,
       5459051.48
      ],
      [
       491975.338,
       5459053.054
      ],
      [
       491973.775,
       5459053.398
      ],
      [
       491974.279,
       5459054.277
      ],
      [
       491966.01,
       5459062.486
      ]
     ]
    ]
   },
   "properties": {
    "sheet": "vancouver_1912_MAP342a_04",
    "building_id": "vancouver_1912_MAP342a_04:block:12:bldg132",
    "block_id": "vancouver_1912_MAP342a_04:block:12",
    "block_fid": 9,
    "block_number": "12",
    "text_inside": [
     "Griffin Brooke",
     "8",
     "St.",
     "St.",
     "St."
    ],
    "numerals_inside": [
     "8"
    ],
    "words_inside": [
     "Griffin Brooke",
     "St.",
     "St.",
     "St."
    ],
    "floors": null,
    "wash_rgb": [
     253,
     210,
     211
    ],
    "wash_chroma": 16.6,
    "wash_lightness_delta": -30.6,
    "hue_deg": 358,
    "material": "brick",
    "area_source_px2": 17989,
    "centroid_source_px": [
     1872,
     3182
    ],
    "orphan": false,
    "centroid_map": [
     491958.538,
     5459044.217
    ]
   }
  },
  {
   "type": "Feature",
   "geometry": {
    "type": "Polygon",
    "coordinates": [
     [
      [
       492220.815,
       5459060.362
      ],
      [
       492215.752,
       5459042.804
      ],
      [
       492218.54,
       5459041.588
      ],
      [
       492219.92,
       5459041.769
      ],
      [
       492220.251,
       5459042.647
      ],
      [
       492220.621,
       5459041.246
      ],
      [
       492223.054,
       5459040.554
      ],
      [
       492225.103,
       5459042.141
      ],
      [
       492228.359,
       5459054.079
      ],
      [
       492224.849,
       5459057.046
      ],
      [
       492223.337,
       5459054.409
      ],
      [
       492223.972,
       5459057.744
      ],
      [
       492220.815,
       5459060.362
      ]
     ]
    ]
   },
   "properties": {
    "sheet": "vancouver_1912_MAP342a_04",
    "building_id": "vancouver_1912_MAP342a_04:block:1:bldg133",
    "block_id": null,
    "block_fid": 1,
    "block_number": null,
    "text_inside": [
     "FRI",
     "FRI"
    ],
    "numerals_inside": [],
    "words_inside": [
     "FRI",
     "FRI"
    ],
    "floors": null,
    "wash_rgb": [
     253,
     213,
     212
    ],
    "wash_chroma": 15.3,
    "wash_lightness_delta": -28.6,
    "hue_deg": 2,
    "material": "brick",
    "area_source_px2": 4806,
    "centroid_source_px": [
     3396,
     3158
    ],
    "orphan": true,
    "orphan_because": "its block was rejected, split away or never traced",
    "centroid_map": [
     492222.037,
     5459049.494
    ]
   }
  },
  {
   "type": "Feature",
   "geometry": {
    "type": "Polygon",
    "coordinates": [
     [
      [
       492304.536,
       5459059.824
      ],
      [
       492293.772,
       5459021.55
      ],
      [
       492312.191,
       5459016.539
      ],
      [
       492315.977,
       5459027.778
      ],
      [
       492322.955,
       5459054.813
      ],
      [
       492304.536,
       5459059.824
      ]
     ]
    ]
   },
   "properties": {
    "sheet": "vancouver_1912_MAP342a_04",
    "building_id": "vancouver_1912_MAP342a_04:block:1:bldg134",
    "block_id": null,
    "block_fid": 1,
    "block_number": null,
    "text_inside": [
     "50",
     "50",
     "50",
     "50",
     "50"
    ],
    "numerals_inside": [],
    "words_inside": [],
    "floors": null,
    "wash_rgb": [
     254,
     254,
     254
    ],
    "wash_chroma": 0.1,
    "wash_lightness_delta": -0.1,
    "hue_deg": 0,
    "material": "not a building (open lot, yard or court)",
    "area_source_px2": 25417,
    "centroid_source_px": [
     3895,
     3224
    ],
    "orphan": true,
    "orphan_because": "its block was rejected, split away or never traced",
    "centroid_map": [
     492308.535,
     5459038.27
    ]
   }
  },
  {
   "type": "Feature",
   "geometry": {
    "type": "Polygon",
    "coordinates": [
     [
      [
       491911.452,
       5459056.828
      ],
      [
       491910.071,
       5459056.647
      ],
      [
       491898.848,
       5459045.378
      ],
      [
       491899.563,
       5459043.978
      ],
      [
       491898.552,
       5459042.396
      ],
      [
       491895.445,
       5459042.032
      ],
      [
       491885.582,
       5459032.172
      ],
      [
       491890.517,
       5459026.755
      ],
      [
       491892.249,
       5459026.587
      ],
      [
       491892.276,
       5459025.009
      ],
      [
       491893.504,
       5459023.961
      ],
      [
       491895.049,
       5459024.669
      ],
      [
       491919.205,
       5459048.442
      ],
      [
       491911.452,
       5459056.828
      ]
     ]
    ]
   },
   "properties": {
    "sheet": "vancouver_1912_MAP342a_04",
    "building_id": "vancouver_1912_MAP342a_04:block:12:bldg135",
    "block_id": "vancouver_1912_MAP342a_04:block:12",
    "block_fid": 9,
    "block_number": "12",
    "text_inside": [
     "18"
    ],
    "numerals_inside": [
     "18"
    ],
    "words_inside": [],
    "floors": null,
    "wash_rgb": [
     253,
     216,
     213
    ],
    "wash_chroma": 14.4,
    "wash_lightness_delta": -26.8,
    "hue_deg": 4,
    "material": "brick",
    "area_source_px2": 14006,
    "centroid_source_px": [
     1548,
     3202
    ],
    "orphan": false,
    "centroid_map": [
     491902.563,
     5459040.483
    ]
   }
  },
  {
   "type": "Feature",
   "geometry": {
    "type": "Polygon",
    "coordinates": [
     [
      [
       492089.184,
       5459040.538
      ],
      [
       492090.574,
       5459040.193
      ],
      [
       492090.881,
       5459042.474
      ],
      [
       492093.967,
       5459044.064
      ],
      [
       492094.662,
       5459043.892
      ],
      [
       492094.331,
       5459043.014
      ],
      [
       492095.545,
       5459042.843
      ],
      [
       492097.429,
       5459043.903
      ],
      [
       492098.097,
       5459045.309
      ],
      [
       492099.317,
       5459044.788
      ],
      [
       492101.887,
       5459046.201
      ],
      [
       492104.141,
       5459045.859
      ],
      [
       492104.615,
       5459048.492
      ],
      [
       492107.728,
       5459048.504
      ],
      [
       492108.563,
       5459050.262
      ],
      [
       492104.738,
       5459051.474
      ],
      [
       492101.464,
       5459050.759
      ],
      [
       492099.895,
       5459051.454
      ],
      [
       492099.525,
       5459052.855
      ],
      [
       492093.448,
       5459054.234
      ],
      [
       492092.435,
       5459052.827
      ],
      [
       492089.184,
       5459040.538
      ]
     ]
    ]
   },
   "properties": {
    "sheet": "vancouver_1912_MAP342a_04",
    "building_id": "vancouver_1912_MAP342a_04:block:fid11:part2:bldg136",
    "block_id": "vancouver_1912_MAP342a_04:block:fid11:part2",
    "block_fid": 11,
    "block_number": "9",
    "text_inside": [
     "FRI",
     "Huckay Smi",
     "FRI",
     "FRI"
    ],
    "numerals_inside": [],
    "words_inside": [
     "FRI",
     "Huckay Smi",
     "FRI",
     "FRI"
    ],
    "floors": null,
    "wash_rgb": [
     253,
     209,
     209
    ],
    "wash_chroma": 16.9,
    "wash_lightness_delta": -31.2,
    "hue_deg": 0,
    "material": "brick",
    "area_source_px2": 3972,
    "centroid_source_px": [
     2675,
     3161
    ],
    "orphan": false,
    "centroid_map": [
     492097.352,
     5459048.462
    ]
   }
  },
  {
   "type": "Feature",
   "geometry": {
    "type": "Polygon",
    "coordinates": [
     [
      [
       492324.165,
       5459054.818
      ],
      [
       492322.662,
       5459051.655
      ],
      [
       492313.404,
       5459016.368
      ],
      [
       492321.571,
       5459014.122
      ],
      [
       492322.412,
       5459015.528
      ],
      [
       492323.483,
       5459013.603
      ],
      [
       492331.647,
       5459011.532
      ],
      [
       492332.658,
       5459013.114
      ],
      [
       492342.581,
       5459049.982
      ],
      [
       492324.165,
       5459054.818
      ]
     ]
    ]
   },
   "properties": {
    "sheet": "vancouver_1912_MAP342a_04",
    "building_id": "vancouver_1912_MAP342a_04:block:1:bldg137",
    "block_id": null,
    "block_fid": 1,
    "block_number": null,
    "text_inside": [
     "9",
     "50",
     "50",
     "50",
     "50",
     "50"
    ],
    "numerals_inside": [
     "9"
    ],
    "words_inside": [],
    "floors": null,
    "wash_rgb": [
     253,
     219,
     219
    ],
    "wash_chroma": 13.0,
    "wash_lightness_delta": -24.5,
    "hue_deg": 0,
    "material": "brick",
    "area_source_px2": 25691,
    "centroid_source_px": [
     4006,
     3253
    ],
    "orphan": true,
    "orphan_because": "its block was rejected, split away or never traced",
    "centroid_map": [
     492327.818,
     5459033.262
    ]
   }
  },
  {
   "type": "Feature",
   "geometry": {
    "type": "Polygon",
    "coordinates": [
     [
      [
       492349.839,
       5459050.362
      ],
      [
       492350.215,
       5459048.61
      ],
      [
       492399.385,
       5459035.481
      ],
      [
       492404.413,
       5459034.8
      ],
      [
       492402.987,
       5459037.25
      ],
      [
       492403.81,
       5459039.708
      ],
      [
       492351.339,
       5459053.701
      ],
      [
       492349.839,
       5459050.362
      ]
     ]
    ]
   },
   "properties": {
    "sheet": "vancouver_1912_MAP342a_04",
    "building_id": "vancouver_1912_MAP342a_04:block:1:bldg138",
    "block_id": null,
    "block_fid": 1,
    "block_number": null,
    "text_inside": [
     "10"
    ],
    "numerals_inside": [
     "10"
    ],
    "words_inside": [],
    "floors": null,
    "wash_rgb": [
     254,
     254,
     254
    ],
    "wash_chroma": 0.0,
    "wash_lightness_delta": -0.1,
    "hue_deg": 0,
    "material": "not a building (open lot, yard or court)",
    "area_source_px2": 9420,
    "centroid_source_px": [
     4291,
     3191
    ],
    "orphan": true,
    "orphan_because": "its block was rejected, split away or never traced",
    "centroid_map": [
     492376.923,
     5459044.334
    ]
   }
  },
  {
   "type": "Feature",
   "geometry": {
    "type": "Polygon",
    "coordinates": [
     [
      [
       492112.383,
       5459049.4
      ],
      [
       492111.7,
       5459048.871
      ],
      [
       492103.08,
       5459016.744
      ],
      [
       492102.943,
       5459014.639
      ],
      [
       492103.644,
       5459014.115
      ],
      [
       492106.414,
       5459013.951
      ],
      [
       492108.364,
       5459021.325
      ],
      [
       492112.002,
       5459020.989
      ],
      [
       492118.815,
       5459047.497
      ],
      [
       492112.383,
       5459049.4
      ]
     ]
    ]
   },
   "properties": {
    "sheet": "vancouver_1912_MAP342a_04",
    "building_id": "vancouver_1912_MAP342a_04:block:fid11:part2:bldg139",
    "block_id": "vancouver_1912_MAP342a_04:block:fid11:part2",
    "block_fid": 11,
    "block_number": "9",
    "text_inside": [
     "FRI",
     "FRI",
     "FRI",
     "FRI",
     "FRI",
     "FRI",
     "FRI",
     "FRI"
    ],
    "numerals_inside": [],
    "words_inside": [
     "FRI",
     "FRI",
     "FRI",
     "FRI",
     "FRI",
     "FRI",
     "FRI",
     "FRI"
    ],
    "floors": null,
    "wash_rgb": [
     253,
     231,
     116
    ],
    "wash_chroma": 58.4,
    "wash_lightness_delta": -20.9,
    "hue_deg": 50,
    "material": "frame (wood)",
    "area_source_px2": 7798,
    "centroid_source_px": [
     2753,
     3249
    ],
    "orphan": false,
    "centroid_map": [
     492111.104,
     5459033.086
    ]
   }
  },
  {
   "type": "Feature",
   "geometry": {
    "type": "Polygon",
    "coordinates": [
     [
      [
       492343.449,
       5459049.81
      ],
      [
       492342.599,
       5459048.93
      ],
      [
       492332.685,
       5459011.536
      ],
      [
       492341.896,
       5459008.943
      ],
      [
       492343.088,
       5459010.0
      ],
      [
       492343.98,
       5459008.425
      ],
      [
       492350.755,
       5459006.699
      ],
      [
       492351.93,
       5459008.808
      ],
      [
       492361.695,
       5459044.799
      ],
      [
       492351.613,
       5459047.739
      ],
      [
       492350.417,
       5459046.857
      ],
      [
       492345.9,
       5459048.067
      ],
      [
       492345.706,
       5459049.293
      ],
      [
       492343.449,
       5459049.81
      ]
     ]
    ]
   },
   "properties": {
    "sheet": "vancouver_1912_MAP342a_04",
    "building_id": "vancouver_1912_MAP342a_04:block:1:bldg140",
    "block_id": null,
    "block_fid": 1,
    "block_number": null,
    "text_inside": [
     "50",
     "50",
     "50",
     "50",
     "50"
    ],
    "numerals_inside": [],
    "words_inside": [],
    "floors": null,
    "wash_rgb": [
     253,
     224,
     220
    ],
    "wash_chroma": 11.4,
    "wash_lightness_delta": -21.3,
    "hue_deg": 8,
    "material": "brick",
    "area_source_px2": 25206,
    "centroid_source_px": [
     4117,
     3282
    ],
    "orphan": true,
    "orphan_because": "its block was rejected, split away or never traced",
    "centroid_map": [
     492347.102,
     5459028.255
    ]
   }
  },
  {
   "type": "Feature",
   "geometry": {
    "type": "Polygon",
    "coordinates": [
     [
      [
       492110.678,
       5459047.99
      ],
      [
       492108.089,
       5459047.629
      ],
      [
       492102.612,
       5459044.275
      ],
      [
       492104.189,
       5459043.054
      ],
      [
       492105.045,
       5459043.583
      ],
      [
       492106.282,
       5459042.01
      ],
      [
       492102.68,
       5459040.242
      ],
      [
       492100.769,
       5459040.76
      ],
      [
       492099.418,
       5459038.825
      ],
      [
       492093.756,
       5459036.172
      ],
      [
       492093.231,
       5459036.521
      ],
      [
       492094.889,
       5459040.736
      ],
      [
       492088.69,
       5459039.133
      ],
      [
       492089.757,
       5459037.383
      ],
      [
       492088.973,
       5459032.645
      ],
      [
       492091.585,
       5459031.604
      ],
      [
       492089.34,
       5459031.419
      ],
      [
       492088.502,
       5459029.837
      ],
      [
       492087.78,
       5459031.588
      ],
      [
       492086.405,
       5459031.056
      ],
      [
       492083.197,
       5459016.312
      ],
      [
       492085.27,
       5459016.496
      ],
      [
       492085.401,
       5459018.952
      ],
      [
       492087.115,
       5459019.836
      ],
      [
       492086.128,
       5459016.85
      ],
      [
       492087.521,
       5459016.33
      ],
      [
       492088.836,
       5459020.369
      ],
      [
       492090.38,
       5459021.076
      ],
      [
       492091.09,
       5459020.027
      ],
      [
       492094.003,
       5459021.617
      ],
      [
       492095.217,
       5459021.447
      ],
      [
       492095.897,
       5459022.151
      ],
      [
       492095.527,
       5459023.552
      ],
      [
       492097.265,
       5459023.033
      ],
      [
       492098.971,
       5459024.443
      ],
      [
       492101.395,
       5459024.278
      ],
      [
       492102.91,
       5459026.739
      ],
      [
       492104.634,
       5459027.097
      ],
      [
       492104.446,
       5459027.973
      ],
      [
       492105.984,
       5459029.031
      ],
      [
       492110.678,
       5459047.99
      ]
     ]
    ]
   },
   "properties": {
    "sheet": "vancouver_1912_MAP342a_04",
    "building_id": "vancouver_1912_MAP342a_04:block:fid11:part2:bldg141",
    "block_id": "vancouver_1912_MAP342a_04:block:fid11:part2",
    "block_fid": 11,
    "block_number": "9",
    "text_inside": [
     "BRON",
     "FRI",
     "FRI",
     "FRI",
     "FRI",
     "B",
     "FRI",
     "FRI",
     "FRI",
     "FRI",
     "6",
     "FRI",
     "B",
     "JLockie Co",
     "B",
     "B",
     "B",
     "B",
     "B",
     "B",
     "B",
     "B",
     "B",
     "B",
     "B",
     "B",
     "B",
     "B",
     "B"
    ],
    "numerals_inside": [
     "6"
    ],
    "words_inside": [
     "BRON",
     "FRI",
     "FRI",
     "FRI",
     "FRI",
     "FRI",
     "FRI",
     "FRI",
     "FRI",
     "FRI",
     "JLockie Co"
    ],
    "floors": null,
    "wash_rgb": [
     253,
     206,
     209
    ],
    "wash_chroma": 17.9,
    "wash_lightness_delta": -32.7,
    "hue_deg": 356,
    "material": "brick",
    "area_source_px2": 12138,
    "centroid_source_px": [
     2671,
     3258
    ],
    "orphan": false,
    "centroid_map": [
     492096.949,
     5459031.45
    ]
   }
  },
  {
   "type": "Feature",
   "geometry": {
    "type": "Polygon",
    "coordinates": [
     [
      [
       492122.808,
       5459046.636
      ],
      [
       492120.24,
       5459045.048
      ],
      [
       492116.34,
       5459030.301
      ],
      [
       492116.877,
       5459029.251
      ],
      [
       492122.259,
       5459028.045
      ],
      [
       492123.458,
       5459028.751
      ],
      [
       492127.176,
       5459044.024
      ],
      [
       492126.457,
       5459045.599
      ],
      [
       492122.808,
       5459046.636
      ]
     ]
    ]
   },
   "properties": {
    "sheet": "vancouver_1912_MAP342a_04",
    "building_id": "vancouver_1912_MAP342a_04:block:fid11:part2:bldg142",
    "block_id": "vancouver_1912_MAP342a_04:block:fid11:part2",
    "block_fid": 11,
    "block_number": "9",
    "text_inside": [
     "FRI",
     "FRI",
     "FRI"
    ],
    "numerals_inside": [],
    "words_inside": [
     "FRI",
     "FRI",
     "FRI"
    ],
    "floors": null,
    "wash_rgb": [
     253,
     242,
     158
    ],
    "wash_chroma": 42.6,
    "wash_lightness_delta": -13.0,
    "hue_deg": 54,
    "material": "frame (wood)",
    "area_source_px2": 4142,
    "centroid_source_px": [
     2816,
     3226
    ],
    "orphan": false,
    "centroid_map": [
     492121.931,
     5459037.163
    ]
   }
  },
  {
   "type": "Feature",
   "geometry": {
    "type": "Polygon",
    "coordinates": [
     [
      [
       491917.702,
       5459045.279
      ],
      [
       491916.494,
       5459045.099
      ],
      [
       491894.381,
       5459023.263
      ],
      [
       491896.495,
       5459020.992
      ],
      [
       491898.055,
       5459020.823
      ],
      [
       491897.906,
       5459019.42
      ],
      [
       491898.961,
       5459018.372
      ],
      [
       491921.596,
       5459040.034
      ],
      [
       491921.396,
       5459041.611
      ],
      [
       491917.702,
       5459045.279
      ]
     ]
    ]
   },
   "properties": {
    "sheet": "vancouver_1912_MAP342a_04",
    "building_id": "vancouver_1912_MAP342a_04:block:12:bldg143",
    "block_id": "vancouver_1912_MAP342a_04:block:12",
    "block_fid": 9,
    "block_number": "12",
    "text_inside": [
     "17"
    ],
    "numerals_inside": [
     "17"
    ],
    "words_inside": [],
    "floors": null,
    "wash_rgb": [
     253,
     212,
     211
    ],
    "wash_chroma": 15.6,
    "wash_lightness_delta": -29.0,
    "hue_deg": 2,
    "material": "brick",
    "area_source_px2": 7312,
    "centroid_source_px": [
     1580,
     3251
    ],
    "orphan": false,
    "centroid_map": [
     491908.244,
     5459031.913
    ]
   }
  },
  {
   "type": "Feature",
   "geometry": {
    "type": "Polygon",
    "coordinates": [
     [
      [
       492131.673,
       5459044.042
      ],
      [
       492126.153,
       5459022.8
      ],
      [
       492130.155,
       5459021.413
      ],
      [
       492131.816,
       5459025.453
      ],
      [
       492131.023,
       5459021.241
      ],
      [
       492132.066,
       5459020.895
      ],
      [
       492133.232,
       5459023.53
      ],
      [
       492136.5,
       5459024.595
      ],
      [
       492135.713,
       5459020.033
      ],
      [
       492139.712,
       5459018.821
      ],
      [
       492141.522,
       5459024.265
      ],
      [
       492140.577,
       5459018.825
      ],
      [
       492144.402,
       5459017.613
      ],
      [
       492145.747,
       5459019.898
      ],
      [
       492150.44,
       5459038.857
      ],
      [
       492146.269,
       5459040.068
      ],
      [
       492144.936,
       5459037.081
      ],
      [
       492145.049,
       5459040.589
      ],
      [
       492141.572,
       5459041.627
      ],
      [
       492140.562,
       5459040.044
      ],
      [
       492138.972,
       5459041.967
      ],
      [
       492136.709,
       5459042.835
      ],
      [
       492135.361,
       5459040.725
      ],
      [
       492135.322,
       5459043.004
      ],
      [
       492131.673,
       5459044.042
      ]
     ]
    ]
   },
   "properties": {
    "sheet": "vancouver_1912_MAP342a_04",
    "building_id": "vancouver_1912_MAP342a_04:block:fid11:part2:bldg144",
    "block_id": "vancouver_1912_MAP342a_04:block:fid11:part2",
    "block_fid": 11,
    "block_number": "9",
    "text_inside": [
     "FRI",
     "FRI",
     "FRI",
     "FRI",
     "FRI",
     "FRI",
     "FRI",
     "FRI",
     "FRI",
     "FRI",
     "FRI",
     "6",
     "FRI"
    ],
    "numerals_inside": [
     "6"
    ],
    "words_inside": [
     "FRI",
     "FRI",
     "FRI",
     "FRI",
     "FRI",
     "FRI",
     "FRI",
     "FRI",
     "FRI",
     "FRI",
     "FRI",
     "FRI"
    ],
    "floors": null,
    "wash_rgb": [
     253,
     206,
     208
    ],
    "wash_chroma": 18.0,
    "wash_lightness_delta": -33.0,
    "hue_deg": 358,
    "material": "brick",
    "area_source_px2": 13560,
    "centroid_source_px": [
     2911,
     3261
    ],
    "orphan": false,
    "centroid_map": [
     492138.465,
     5459031.092
    ]
   }
  },
  {
   "type": "Feature",
   "geometry": {
    "type": "Polygon",
    "coordinates": [
     [
      [
       492362.735,
       5459044.627
      ],
      [
       492358.296,
       5459031.106
      ],
      [
       492351.965,
       5459006.704
      ],
      [
       492359.444,
       5459004.279
      ],
      [
       492362.029,
       5459004.816
      ],
      [
       492363.267,
       5459003.242
      ],
      [
       492370.909,
       5459001.344
      ],
      [
       492381.673,
       5459039.619
      ],
      [
       492362.735,
       5459044.627
      ]
     ]
    ]
   },
   "properties": {
    "sheet": "vancouver_1912_MAP342a_04",
    "building_id": "vancouver_1912_MAP342a_04:block:1:bldg145",
    "block_id": null,
    "block_fid": 1,
    "block_number": null,
    "text_inside": [
     "11",
     "50",
     "50",
     "50",
     "50",
     "50",
     "50"
    ],
    "numerals_inside": [
     "11"
    ],
    "words_inside": [],
    "floors": null,
    "wash_rgb": [
     254,
     254,
     254
    ],
    "wash_chroma": 0.1,
    "wash_lightness_delta": -0.1,
    "hue_deg": 0,
    "material": "not a building (open lot, yard or court)",
    "area_source_px2": 26038,
    "centroid_source_px": [
     4230,
     3312
    ],
    "orphan": true,
    "orphan_because": "its block was rejected, split away or never traced",
    "centroid_map": [
     492366.734,
     5459023.073
    ]
   }
  },
  {
   "type": "Feature",
   "geometry": {
    "type": "Polygon",
    "coordinates": [
     [
      [
       492007.399,
       5459039.154
      ],
      [
       492005.538,
       5459036.691
      ],
      [
       492044.776,
       5458997.392
      ],
      [
       492045.474,
       5458997.044
      ],
      [
       492047.854,
       5458999.509
      ],
      [
       492008.612,
       5459038.984
      ],
      [
       492007.399,
       5459039.154
      ]
     ]
    ]
   },
   "properties": {
    "sheet": "vancouver_1912_MAP342a_04",
    "building_id": "vancouver_1912_MAP342a_04:block:1:bldg146",
    "block_id": null,
    "block_fid": 1,
    "block_number": null,
    "text_inside": [],
    "numerals_inside": [],
    "words_inside": [],
    "floors": null,
    "wash_rgb": [
     254,
     254,
     254
    ],
    "wash_chroma": 0.3,
    "wash_lightness_delta": -0.3,
    "hue_deg": 0,
    "material": "not a building (open lot, yard or court)",
    "area_source_px2": 6943,
    "centroid_source_px": [
     2263,
     3332
    ],
    "orphan": true,
    "orphan_because": "its block was rejected, split away or never traced",
    "centroid_map": [
     492026.608,
     5459018.187
    ]
   }
  },
  {
   "type": "Feature",
   "geometry": {
    "type": "Polygon",
    "coordinates": [
     [
      [
       491930.807,
       5459037.441
      ],
      [
       491914.974,
       5459022.645
      ],
      [
       491914.953,
       5459023.873
      ],
      [
       491916.84,
       5459024.757
      ],
      [
       491925.171,
       5459033.209
      ],
      [
       491920.248,
       5459037.924
      ],
      [
       491904.257,
       5459022.251
      ],
      [
       491906.186,
       5459020.681
      ],
      [
       491908.068,
       5459021.916
      ],
      [
       491910.146,
       5459021.749
      ],
      [
       491910.525,
       5459019.821
      ],
      [
       491913.101,
       5459020.884
      ],
      [
       491916.071,
       5459019.142
      ],
      [
       491913.185,
       5459015.974
      ],
      [
       491913.551,
       5459014.748
      ],
      [
       491907.841,
       5459014.9
      ],
      [
       491905.286,
       5459012.61
      ],
      [
       491905.828,
       5459011.209
      ],
      [
       491908.095,
       5459010.166
      ],
      [
       491909.517,
       5459007.892
      ],
      [
       491910.725,
       5459008.072
      ],
      [
       491935.214,
       5459032.548
      ],
      [
       491930.807,
       5459037.441
      ]
     ]
    ]
   },
   "properties": {
    "sheet": "vancouver_1912_MAP342a_04",
    "building_id": "vancouver_1912_MAP342a_04:block:12:bldg147",
    "block_id": "vancouver_1912_MAP342a_04:block:12",
    "block_fid": 9,
    "block_number": "12",
    "text_inside": [
     "16",
     "15",
     "Hotel"
    ],
    "numerals_inside": [],
    "words_inside": [
     "Hotel"
    ],
    "floors": null,
    "wash_rgb": [
     253,
     210,
     210
    ],
    "wash_chroma": 16.2,
    "wash_lightness_delta": -30.1,
    "hue_deg": 0,
    "material": "brick",
    "area_source_px2": 12099,
    "centroid_source_px": [
     1643,
     3288
    ],
    "orphan": false,
    "centroid_map": [
     491919.25,
     5459025.469
    ]
   }
  },
  {
   "type": "Feature",
   "geometry": {
    "type": "Polygon",
    "coordinates": [
     [
      [
       492152.173,
       5459038.688
      ],
      [
       492150.968,
       5459038.333
      ],
      [
       492142.02,
       5459005.152
      ],
      [
       492142.727,
       5459004.278
      ],
      [
       492149.85,
       5459002.377
      ],
      [
       492151.398,
       5459002.91
      ],
      [
       492160.176,
       5459035.915
      ],
      [
       492152.173,
       5459038.688
      ]
     ]
    ]
   },
   "properties": {
    "sheet": "vancouver_1912_MAP342a_04",
    "building_id": "vancouver_1912_MAP342a_04:block:fid11:part2:bldg148",
    "block_id": "vancouver_1912_MAP342a_04:block:fid11:part2",
    "block_fid": 11,
    "block_number": "9",
    "text_inside": [
     "FRI",
     "FRI",
     "FRI",
     "FRI",
     "FRI",
     "FRI",
     "FRI",
     "FRI",
     "5",
     "FRI",
     "FRI",
     "FRI",
     "FRI"
    ],
    "numerals_inside": [
     "5"
    ],
    "words_inside": [
     "FRI",
     "FRI",
     "FRI",
     "FRI",
     "FRI",
     "FRI",
     "FRI",
     "FRI",
     "FRI",
     "FRI",
     "FRI",
     "FRI"
    ],
    "floors": null,
    "wash_rgb": [
     253,
     208,
     209
    ],
    "wash_chroma": 17.1,
    "wash_lightness_delta": -31.6,
    "hue_deg": 358,
    "material": "brick",
    "area_source_px2": 11142,
    "centroid_source_px": [
     2983,
     3321
    ],
    "orphan": false,
    "centroid_map": [
     492151.097,
     5459020.621
    ]
   }
  },
  {
   "type": "Feature",
   "geometry": {
    "type": "Polygon",
    "coordinates": [
     [
      [
       492382.544,
       5459039.271
      ],
      [
       492371.947,
       5459001.348
      ],
      [
       492378.727,
       5458999.271
      ],
      [
       492378.701,
       5459000.85
      ],
      [
       492380.591,
       5459001.559
      ],
      [
       492382.86,
       5459000.34
      ],
      [
       492380.457,
       5458999.278
      ],
      [
       492380.469,
       5458998.577
      ],
      [
       492389.504,
       5458996.158
      ],
      [
       492394.096,
       5459010.908
      ],
      [
       492393.863,
       5459014.415
      ],
      [
       492392.983,
       5459015.288
      ],
      [
       492394.486,
       5459018.451
      ],
      [
       492395.369,
       5459017.402
      ],
      [
       492396.219,
       5459018.282
      ],
      [
       492400.441,
       5459034.433
      ],
      [
       492382.544,
       5459039.271
      ]
     ]
    ]
   },
   "properties": {
    "sheet": "vancouver_1912_MAP342a_04",
    "building_id": "vancouver_1912_MAP342a_04:block:1:bldg149",
    "block_id": null,
    "block_fid": 1,
    "block_number": null,
    "text_inside": [
     "50",
     "50",
     "50",
     "50",
     "50",
     "66"
    ],
    "numerals_inside": [
     "66"
    ],
    "words_inside": [],
    "floors": null,
    "wash_rgb": [
     253,
     227,
     219
    ],
    "wash_chroma": 10.9,
    "wash_lightness_delta": -19.5,
    "hue_deg": 14,
    "material": "brick",
    "area_source_px2": 23862,
    "centroid_source_px": [
     4342,
     3341
    ],
    "orphan": true,
    "orphan_because": "its block was rejected, split away or never traced",
    "centroid_map": [
     492386.191,
     5459018.066
    ]
   }
  },
  {
   "type": "Feature",
   "geometry": {
    "type": "Polygon",
    "coordinates": [
     [
      [
       491962.474,
       5459036.517
      ],
      [
       491952.106,
       5459025.777
      ],
      [
       491961.076,
       5459017.045
      ],
      [
       491963.676,
       5459016.705
      ],
      [
       491973.021,
       5459026.563
      ],
      [
       491962.474,
       5459036.517
      ]
     ]
    ]
   },
   "properties": {
    "sheet": "vancouver_1912_MAP342a_04",
    "building_id": "vancouver_1912_MAP342a_04:block:12:bldg150",
    "block_id": "vancouver_1912_MAP342a_04:block:12",
    "block_fid": 9,
    "block_number": "12",
    "text_inside": [],
    "numerals_inside": [],
    "words_inside": [],
    "floors": null,
    "wash_rgb": [
     253,
     207,
     211
    ],
    "wash_chroma": 17.4,
    "wash_lightness_delta": -32.0,
    "hue_deg": 354,
    "material": "brick",
    "area_source_px2": 7170,
    "centroid_source_px": [
     1894,
     3285
    ],
    "orphan": false,
    "centroid_map": [
     491962.65,
     5459026.171
    ]
   }
  },
  {
   "type": "Feature",
   "geometry": {
    "type": "Polygon",
    "coordinates": [
     [
      [
       492163.119,
       5459035.752
      ],
      [
       492160.2,
       5459034.512
      ],
      [
       492156.133,
       5459019.414
      ],
      [
       492156.321,
       5459018.538
      ],
      [
       492158.235,
       5459017.844
      ],
      [
       492156.726,
       5459015.032
      ],
      [
       492158.301,
       5459013.986
      ],
      [
       492157.675,
       5459010.125
      ],
      [
       492159.416,
       5459009.431
      ],
      [
       492160.43,
       5459010.838
      ],
      [
       492160.457,
       5459009.26
      ],
      [
       492159.601,
       5459008.73
      ],
      [
       492154.213,
       5459010.287
      ],
      [
       492153.208,
       5459008.354
      ],
      [
       492153.396,
       5459007.478
      ],
      [
       492156.527,
       5459006.438
      ],
      [
       492155.391,
       5459002.049
      ],
      [
       492156.455,
       5459000.475
      ],
      [
       492154.657,
       5458994.33
      ],
      [
       492154.845,
       5458993.454
      ],
      [
       492156.583,
       5458992.935
      ],
      [
       492157.615,
       5458993.29
      ],
      [
       492159.067,
       5458999.434
      ],
      [
       492162.171,
       5458999.972
      ],
      [
       492165.096,
       5459011.032
      ],
      [
       492163.346,
       5459012.253
      ],
      [
       492165.415,
       5459012.612
      ],
      [
       492167.043,
       5459018.581
      ],
      [
       492166.51,
       5459019.456
      ],
      [
       492164.085,
       5459019.621
      ],
      [
       492163.2,
       5459020.845
      ],
      [
       492162.514,
       5459020.492
      ],
      [
       492161.807,
       5459021.366
      ],
      [
       492161.127,
       5459020.662
      ],
      [
       492160.424,
       5459021.36
      ],
      [
       492163.337,
       5459033.122
      ],
      [
       492165.108,
       5459030.674
      ],
      [
       492166.653,
       5459031.382
      ],
      [
       492167.371,
       5459029.806
      ],
      [
       492169.289,
       5459028.937
      ],
      [
       492170.777,
       5459032.977
      ],
      [
       492163.119,
       5459035.752
      ]
     ]
    ]
   },
   "properties": {
    "sheet": "vancouver_1912_MAP342a_04",
    "building_id": "vancouver_1912_MAP342a_04:block:fid11:part2:bldg151",
    "block_id": "vancouver_1912_MAP342a_04:block:fid11:part2",
    "block_fid": 11,
    "block_number": "9",
    "text_inside": [
     "FRI",
     "FRI",
     "FRI",
     "FRI",
     "FRI",
     "FRI",
     "FRI",
     "FRI"
    ],
    "numerals_inside": [],
    "words_inside": [
     "FRI",
     "FRI",
     "FRI",
     "FRI",
     "FRI",
     "FRI",
     "FRI",
     "FRI"
    ],
    "floors": null,
    "wash_rgb": [
     254,
     229,
     228
    ],
    "wash_chroma": 9.8,
    "wash_lightness_delta": -17.2,
    "hue_deg": 2,
    "material": "brick",
    "area_source_px2": 8820,
    "centroid_source_px": [
     3039,
     3353
    ],
    "orphan": false,
    "centroid_map": [
     492160.877,
     5459015.049
    ]
   }
  },
  {
   "type": "Feature",
   "geometry": {
    "type": "Polygon",
    "coordinates": [
     [
      [
       491935.912,
       5459032.2
      ],
      [
       491910.394,
       5459007.194
      ],
      [
       491912.86,
       5459004.574
      ],
      [
       491914.073,
       5459004.403
      ],
      [
       491914.091,
       5459003.351
      ],
      [
       491918.316,
       5458998.984
      ],
      [
       491919.879,
       5458998.64
      ],
      [
       491919.721,
       5458997.762
      ],
      [
       491923.418,
       5458993.919
      ],
      [
       491925.506,
       5458993.226
      ],
      [
       491925.354,
       5458991.998
      ],
      [
       491927.817,
       5458989.553
      ],
      [
       491930.76,
       5458989.389
      ],
      [
       491932.173,
       5458987.641
      ],
      [
       491930.635,
       5458986.583
      ],
      [
       491932.215,
       5458985.186
      ],
      [
       491943.444,
       5458996.105
      ],
      [
       491943.397,
       5458998.91
      ],
      [
       491941.33,
       5458998.376
      ],
      [
       491941.309,
       5458999.603
      ],
      [
       491939.926,
       5458999.598
      ],
      [
       491942.481,
       5459001.888
      ],
      [
       491942.162,
       5459000.308
      ],
      [
       491943.883,
       5459000.841
      ],
      [
       491946.334,
       5458999.098
      ],
      [
       491957.384,
       5459010.366
      ],
      [
       491950.338,
       5459017.878
      ],
      [
       491949.128,
       5459017.873
      ],
      [
       491949.107,
       5459019.101
      ],
      [
       491935.912,
       5459032.2
      ]
     ]
    ]
   },
   "properties": {
    "sheet": "vancouver_1912_MAP342a_04",
    "building_id": "vancouver_1912_MAP342a_04:block:12:bldg152",
    "block_id": "vancouver_1912_MAP342a_04:block:12",
    "block_fid": 9,
    "block_number": "12",
    "text_inside": [
     "Jones Building",
     "14",
     "13",
     "12",
     "Homer",
     "11"
    ],
    "numerals_inside": [],
    "words_inside": [
     "Jones Building",
     "Homer"
    ],
    "floors": null,
    "wash_rgb": [
     253,
     212,
     212
    ],
    "wash_chroma": 15.6,
    "wash_lightness_delta": -28.9,
    "hue_deg": 0,
    "material": "brick",
    "area_source_px2": 35811,
    "centroid_source_px": [
     1725,
     3378
    ],
    "orphan": false,
    "centroid_map": [
     491933.7,
     5459009.744
    ]
   }
  },
  {
   "type": "Feature",
   "geometry": {
    "type": "Polygon",
    "coordinates": [
     [
      [
       492171.984,
       5459033.157
      ],
      [
       492170.32,
       5459029.292
      ],
      [
       492160.567,
       5458992.6
      ],
      [
       492161.972,
       5458991.378
      ],
      [
       492163.51,
       5458992.437
      ],
      [
       492167.849,
       5458991.577
      ],
      [
       492168.052,
       5458989.825
      ],
      [
       492171.874,
       5458988.788
      ],
      [
       492178.41,
       5458990.919
      ],
      [
       492179.257,
       5458991.974
      ],
      [
       492188.495,
       5459028.489
      ],
      [
       492182.06,
       5459030.567
      ],
      [
       492180.518,
       5459029.684
      ],
      [
       492178.932,
       5459031.431
      ],
      [
       492171.984,
       5459033.157
      ]
     ]
    ]
   },
   "properties": {
    "sheet": "vancouver_1912_MAP342a_04",
    "building_id": "vancouver_1912_MAP342a_04:block:fid11:part2:bldg153",
    "block_id": "vancouver_1912_MAP342a_04:block:fid11:part2",
    "block_fid": 11,
    "block_number": "9",
    "text_inside": [
     "FRI",
     "FRI",
     "FRI",
     "FRI",
     "FRI",
     "FRI",
     "FRI",
     "FRI",
     "FRI",
     "FRI",
     "FRI",
     "FRI",
     "A",
     "4",
     "FRI",
     "FRI",
     "FRI",
     "FRI",
     "FRI",
     "FRI",
     "FRI",
     "FRI",
     "FRI"
    ],
    "numerals_inside": [
     "4"
    ],
    "words_inside": [
     "FRI",
     "FRI",
     "FRI",
     "FRI",
     "FRI",
     "FRI",
     "FRI",
     "FRI",
     "FRI",
     "FRI",
     "FRI",
     "FRI",
     "FRI",
     "FRI",
     "FRI",
     "FRI",
     "FRI",
     "FRI",
     "FRI",
     "FRI",
     "FRI"
    ],
    "floors": null,
    "wash_rgb": [
     253,
     212,
     213
    ],
    "wash_chroma": 15.6,
    "wash_lightness_delta": -29.0,
    "hue_deg": 358,
    "material": "brick",
    "area_source_px2": 24669,
    "centroid_source_px": [
     3119,
     3377
    ],
    "orphan": false,
    "centroid_map": [
     492174.784,
     5459010.896
    ]
   }
  },
  {
   "type": "Feature",
   "geometry": {
    "type": "Polygon",
    "coordinates": [
     [
      [
       492190.573,
       5459028.322
      ],
      [
       492189.371,
       5459027.791
      ],
      [
       492179.773,
       5458992.152
      ],
      [
       492180.14,
       5458990.926
      ],
      [
       492184.49,
       5458989.365
      ],
      [
       492188.555,
       5458984.296
      ],
      [
       492189.586,
       5458984.651
      ],
      [
       492194.635,
       5459003.085
      ],
      [
       492194.781,
       5459004.664
      ],
      [
       492192.183,
       5459004.829
      ],
      [
       492191.814,
       5459006.23
      ],
      [
       492193.042,
       5459005.183
      ],
      [
       492194.247,
       5459005.539
      ],
      [
       492192.998,
       5459007.813
      ],
      [
       492195.926,
       5459008.527
      ],
      [
       492199.996,
       5459023.45
      ],
      [
       492199.086,
       5459026.077
      ],
      [
       492190.573,
       5459028.322
      ]
     ]
    ]
   },
   "properties": {
    "sheet": "vancouver_1912_MAP342a_04",
    "building_id": "vancouver_1912_MAP342a_04:block:fid11:part2:bldg154",
    "block_id": "vancouver_1912_MAP342a_04:block:fid11:part2",
    "block_fid": 11,
    "block_number": "9",
    "text_inside": [
     "FRI",
     "FRI",
     "FRI",
     "FRI",
     "FRI",
     "FRI",
     "FRI",
     "FRI",
     "FRI",
     "FRI",
     "FRI",
     "9",
     "3",
     "FRI",
     "FRI",
     "FRI"
    ],
    "numerals_inside": [
     "3"
    ],
    "words_inside": [
     "FRI",
     "FRI",
     "FRI",
     "FRI",
     "FRI",
     "FRI",
     "FRI",
     "FRI",
     "FRI",
     "FRI",
     "FRI",
     "FRI",
     "FRI",
     "FRI"
    ],
    "floors": null,
    "wash_rgb": [
     254,
     254,
     254
    ],
    "wash_chroma": 0.1,
    "wash_lightness_delta": -0.1,
    "hue_deg": 0,
    "material": "not a building (open lot, yard or court)",
    "area_source_px2": 14826,
    "centroid_source_px": [
     3206,
     3396
    ],
    "orphan": false,
    "centroid_map": [
     492189.887,
     5459007.625
    ]
   }
  },
  {
   "type": "Feature",
   "geometry": {
    "type": "Polygon",
    "coordinates": [
     [
      [
       492202.038,
       5459025.387
      ],
      [
       492200.84,
       5459024.681
      ],
      [
       492190.275,
       5458984.829
      ],
      [
       492190.812,
       5458983.779
      ],
      [
       492196.895,
       5458982.05
      ],
      [
       492197.93,
       5458982.229
      ],
      [
       492209.013,
       5459022.083
      ],
      [
       492208.47,
       5459023.484
      ],
      [
       492202.038,
       5459025.387
      ]
     ]
    ]
   },
   "properties": {
    "sheet": "vancouver_1912_MAP342a_04",
    "building_id": "vancouver_1912_MAP342a_04:block:fid11:part2:bldg155",
    "block_id": "vancouver_1912_MAP342a_04:block:fid11:part2",
    "block_fid": 11,
    "block_number": "9",
    "text_inside": [
     "FRI",
     "FRI",
     "FRI",
     "FRI",
     "FRI",
     "FRI",
     "FRI",
     "FRI",
     "FRI"
    ],
    "numerals_inside": [],
    "words_inside": [
     "FRI",
     "FRI",
     "FRI",
     "FRI",
     "FRI",
     "FRI",
     "FRI",
     "FRI",
     "FRI"
    ],
    "floors": null,
    "wash_rgb": [
     253,
     212,
     212
    ],
    "wash_chroma": 15.8,
    "wash_lightness_delta": -29.2,
    "hue_deg": 0,
    "material": "brick",
    "area_source_px2": 11761,
    "centroid_source_px": [
     3262,
     3418
    ],
    "orphan": false,
    "centroid_map": [
     492199.638,
     5459003.807
    ]
   }
  },
  {
   "type": "Feature",
   "geometry": {
    "type": "Polygon",
    "coordinates": [
     [
      [
       492006.48,
       5459021.964
      ],
      [
       492003.889,
       5459021.778
      ],
      [
       492000.564,
       5459024.044
      ],
      [
       491990.018,
       5459013.655
      ],
      [
       491990.065,
       5459010.849
      ],
      [
       491987.683,
       5459008.56
      ],
      [
       491986.451,
       5459009.782
      ],
      [
       491978.964,
       5459002.562
      ],
      [
       491979.498,
       5459001.687
      ],
      [
       491978.496,
       5458999.579
      ],
      [
       491987.292,
       5458990.846
      ],
      [
       491988.33,
       5458990.85
      ],
      [
       492012.647,
       5459015.325
      ],
      [
       492011.582,
       5459016.899
      ],
      [
       492010.208,
       5459016.367
      ],
      [
       492009.504,
       5459017.066
      ],
      [
       492010.527,
       5459017.947
      ],
      [
       492006.48,
       5459021.964
      ]
     ]
    ]
   },
   "properties": {
    "sheet": "vancouver_1912_MAP342a_04",
    "building_id": "vancouver_1912_MAP342a_04:block:4:part2:bldg156",
    "block_id": "vancouver_1912_MAP342a_04:block:4:part2",
    "block_fid": 12,
    "block_number": null,
    "text_inside": [
     "Mercoritise"
    ],
    "numerals_inside": [],
    "words_inside": [
     "Mercoritise"
    ],
    "floors": null,
    "wash_rgb": [
     253,
     211,
     211
    ],
    "wash_chroma": 16.0,
    "wash_lightness_delta": -29.6,
    "hue_deg": 0,
    "material": "brick",
    "area_source_px2": 16563,
    "centroid_source_px": [
     2086,
     3388
    ],
    "orphan": false,
    "centroid_map": [
     491996.163,
     5459008.243
    ]
   }
  },
  {
   "type": "Feature",
   "geometry": {
    "type": "Polygon",
    "coordinates": [
     [
      [
       492104.183,
       5459023.061
      ],
      [
       492101.571,
       5459024.103
      ],
      [
       492100.912,
       5459022.171
      ],
      [
       492091.111,
       5459018.8
      ],
      [
       492088.38,
       5459016.684
      ],
      [
       492086.304,
       5459016.676
      ],
      [
       492084.772,
       5459015.266
      ],
      [
       492083.194,
       5459016.488
      ],
      [
       492082.037,
       5459013.326
      ],
      [
       492100.113,
       5459008.138
      ],
      [
       492104.183,
       5459023.061
      ]
     ]
    ]
   },
   "properties": {
    "sheet": "vancouver_1912_MAP342a_04",
    "building_id": "vancouver_1912_MAP342a_04:block:fid11:bldg157",
    "block_id": null,
    "block_fid": 11,
    "block_number": null,
    "text_inside": [],
    "numerals_inside": [],
    "words_inside": [],
    "floors": null,
    "wash_rgb": [
     253,
     200,
     207
    ],
    "wash_chroma": 20.3,
    "wash_lightness_delta": -36.4,
    "hue_deg": 352,
    "material": "brick",
    "area_source_px2": 5604,
    "centroid_source_px": [
     2659,
     3351
    ],
    "orphan": true,
    "orphan_because": "its block was rejected, split away or never traced",
    "centroid_map": [
     492095.151,
     5459015.133
    ]
   }
  },
  {
   "type": "Feature",
   "geometry": {
    "type": "Polygon",
    "coordinates": [
     [
      [
       492210.382,
       5459022.966
      ],
      [
       492209.037,
       5459020.68
      ],
      [
       492198.788,
       5458982.584
      ],
      [
       492199.501,
       5458981.359
      ],
      [
       492207.147,
       5458979.285
      ],
      [
       492208.175,
       5458979.816
      ],
      [
       492213.217,
       5458998.601
      ],
      [
       492211.634,
       5459000.173
      ],
      [
       492212.63,
       5459002.632
      ],
      [
       492214.517,
       5459003.516
      ],
      [
       492218.743,
       5459019.492
      ],
      [
       492218.197,
       5459021.068
      ],
      [
       492210.382,
       5459022.966
      ]
     ]
    ]
   },
   "properties": {
    "sheet": "vancouver_1912_MAP342a_04",
    "building_id": "vancouver_1912_MAP342a_04:block:fid11:part2:bldg158",
    "block_id": "vancouver_1912_MAP342a_04:block:fid11:part2",
    "block_fid": 11,
    "block_number": "9",
    "text_inside": [
     "FRI",
     "FRI",
     "FRI",
     "FRI",
     "FRI",
     "FRI",
     "FRI",
     "FRI",
     "FRI",
     "FRI"
    ],
    "numerals_inside": [],
    "words_inside": [
     "FRI",
     "FRI",
     "FRI",
     "FRI",
     "FRI",
     "FRI",
     "FRI",
     "FRI",
     "FRI",
     "FRI"
    ],
    "floors": null,
    "wash_rgb": [
     253,
     218,
     215
    ],
    "wash_chroma": 13.6,
    "wash_lightness_delta": -25.0,
    "hue_deg": 4,
    "material": "brick",
    "area_source_px2": 13557,
    "centroid_source_px": [
     3314,
     3434
    ],
    "orphan": false,
    "centroid_map": [
     492208.679,
     5459001.038
    ]
   }
  },
  {
   "type": "Feature",
   "geometry": {
    "type": "Polygon",
    "coordinates": [
     [
      [
       492125.828,
       5459021.571
      ],
      [
       492121.132,
       5459002.787
      ],
      [
       492134.691,
       5458998.809
      ],
      [
       492135.86,
       5459001.269
      ],
      [
       492135.731,
       5458998.637
      ],
      [
       492139.551,
       5458997.776
      ],
      [
       492144.587,
       5459016.912
      ],
      [
       492141.283,
       5459017.951
      ],
      [
       492140.258,
       5459017.245
      ],
      [
       492139.545,
       5459018.47
      ],
      [
       492125.828,
       5459021.571
      ]
     ]
    ]
   },
   "properties": {
    "sheet": "vancouver_1912_MAP342a_04",
    "building_id": "vancouver_1912_MAP342a_04:block:fid11:part2:bldg159",
    "block_id": "vancouver_1912_MAP342a_04:block:fid11:part2",
    "block_fid": 11,
    "block_number": "9",
    "text_inside": [
     "FRI",
     "FRI",
     "FRI",
     "FRI",
     "FRI",
     "FRI",
     "FRI",
     "FRI"
    ],
    "numerals_inside": [],
    "words_inside": [
     "FRI",
     "FRI",
     "FRI",
     "FRI",
     "FRI",
     "FRI",
     "FRI",
     "FRI"
    ],
    "floors": null,
    "wash_rgb": [
     254,
     249,
     226
    ],
    "wash_chroma": 12.0,
    "wash_lightness_delta": -4.7,
    "hue_deg": 50,
    "material": "frame (wood)",
    "area_source_px2": 12502,
    "centroid_source_px": [
     2874,
     3382
    ],
    "orphan": false,
    "centroid_map": [
     492132.427,
     5459009.848
    ]
   }
  },
  {
   "type": "Feature",
   "geometry": {
    "type": "Polygon",
    "coordinates": [
     [
      [
       492222.02,
       5459020.032
      ],
      [
       492221.003,
       5459018.8
      ],
      [
       492219.613,
       5459019.145
      ],
      [
       492215.838,
       5459007.205
      ],
      [
       492215.239,
       5459001.766
      ],
      [
       492214.386,
       5459001.061
      ],
      [
       492214.75,
       5459000.01
      ],
      [
       492213.733,
       5458998.778
      ],
      [
       492208.351,
       5458979.641
      ],
      [
       492209.231,
       5458978.768
      ],
      [
       492218.439,
       5458976.35
      ],
      [
       492219.617,
       5458978.284
      ],
      [
       492223.338,
       5458993.381
      ],
      [
       492222.285,
       5458994.253
      ],
      [
       492228.812,
       5459017.253
      ],
      [
       492228.103,
       5459018.303
      ],
      [
       492222.02,
       5459020.032
      ]
     ]
    ]
   },
   "properties": {
    "sheet": "vancouver_1912_MAP342a_04",
    "building_id": "vancouver_1912_MAP342a_04:block:fid11:part2:bldg160",
    "block_id": "vancouver_1912_MAP342a_04:block:fid11:part2",
    "block_fid": 11,
    "block_number": "9",
    "text_inside": [
     "FRI",
     "FRI",
     "FRI",
     "FRI",
     "FRI",
     "FRI",
     "FRI",
     "FRI",
     "FRI",
     "FRI",
     "FRI",
     "FRI"
    ],
    "numerals_inside": [],
    "words_inside": [
     "FRI",
     "FRI",
     "FRI",
     "FRI",
     "FRI",
     "FRI",
     "FRI",
     "FRI",
     "FRI",
     "FRI",
     "FRI",
     "FRI"
    ],
    "floors": null,
    "wash_rgb": [
     254,
     254,
     254
    ],
    "wash_chroma": 0.2,
    "wash_lightness_delta": -0.2,
    "hue_deg": 0,
    "material": "not a building (open lot, yard or court)",
    "area_source_px2": 14190,
    "centroid_source_px": [
     3372,
     3453
    ],
    "orphan": false,
    "centroid_map": [
     492218.767,
     5458997.746
    ]
   }
  },
  {
   "type": "Feature",
   "geometry": {
    "type": "Polygon",
    "coordinates": [
     [
      [
       492230.017,
       5459017.609
      ],
      [
       492228.839,
       5459015.675
      ],
      [
       492223.955,
       5458997.767
      ],
      [
       492223.728,
       5458990.752
      ],
      [
       492219.652,
       5458976.179
      ],
      [
       492221.91,
       5458975.663
      ],
      [
       492224.483,
       5458976.901
      ],
      [
       492228.977,
       5458977.094
      ],
      [
       492235.25,
       5458974.314
      ],
      [
       492236.103,
       5458975.019
      ],
      [
       492237.839,
       5458974.675
      ],
      [
       492242.756,
       5458990.653
      ],
      [
       492242.174,
       5458994.334
      ],
      [
       492240.448,
       5458994.151
      ],
      [
       492240.144,
       5458991.695
      ],
      [
       492238.256,
       5458990.811
      ],
      [
       492236.222,
       5458988.347
      ],
      [
       492237.117,
       5458986.597
      ],
      [
       492236.44,
       5458985.717
      ],
      [
       492234.371,
       5458985.358
      ],
      [
       492231.15,
       5458981.487
      ],
      [
       492230.283,
       5458981.659
      ],
      [
       492229.91,
       5458983.236
      ],
      [
       492230.59,
       5458983.94
      ],
      [
       492232.325,
       5458983.596
      ],
      [
       492231.955,
       5458984.998
      ],
      [
       492234.338,
       5458987.287
      ],
      [
       492237.01,
       5458992.91
      ],
      [
       492239.258,
       5458992.919
      ],
      [
       492238.512,
       5458996.073
      ],
      [
       492239.55,
       5458996.077
      ],
      [
       492239.177,
       5458997.654
      ],
      [
       492241.101,
       5458996.434
      ],
      [
       492244.369,
       5458997.499
      ],
      [
       492248.266,
       5459012.422
      ],
      [
       492241.133,
       5459014.848
      ],
      [
       492238.387,
       5459013.609
      ],
      [
       492236.992,
       5459014.305
      ],
      [
       492236.965,
       5459015.883
      ],
      [
       492230.017,
       5459017.609
      ]
     ]
    ]
   },
   "properties": {
    "sheet": "vancouver_1912_MAP342a_04",
    "building_id": "vancouver_1912_MAP342a_04:block:fid11:part2:bldg161",
    "block_id": "vancouver_1912_MAP342a_04:block:fid11:part2",
    "block_fid": 11,
    "block_number": "9",
    "text_inside": [
     "FRI",
     "FRI",
     "FRI",
     "Winters",
     "FRI",
     "Hotel",
     "FRI",
     "Hotel",
     "FRI",
     "FRI",
     "FRI",
     "FRI",
     "FRI",
     "FRI",
     "FRI",
     "FRI",
     "FRI"
    ],
    "numerals_inside": [],
    "words_inside": [
     "FRI",
     "FRI",
     "FRI",
     "Winters",
     "FRI",
     "Hotel",
     "FRI",
     "Hotel",
     "FRI",
     "FRI",
     "FRI",
     "FRI",
     "FRI",
     "FRI",
     "FRI",
     "FRI",
     "FRI"
    ],
    "floors": null,
    "wash_rgb": [
     253,
     221,
     217
    ],
    "wash_chroma": 12.6,
    "wash_lightness_delta": -23.2,
    "hue_deg": 6,
    "material": "brick",
    "area_source_px2": 23864,
    "centroid_source_px": [
     3459,
     3458
    ],
    "orphan": false,
    "centroid_map": [
     492233.828,
     5458996.931
    ]
   }
  },
  {
   "type": "Feature",
   "geometry": {
    "type": "Polygon",
    "coordinates": [
     [
      [
       492013.345,
       5459014.977
      ],
      [
       491988.342,
       5458990.149
      ],
      [
       491998.549,
       5458979.843
      ],
      [
       492023.56,
       5459004.146
      ],
      [
       492022.842,
       5459005.721
      ],
      [
       492020.588,
       5459006.063
      ],
      [
       492021.437,
       5459006.943
      ],
      [
       492013.345,
       5459014.977
      ]
     ]
    ]
   },
   "properties": {
    "sheet": "vancouver_1912_MAP342a_04",
    "building_id": "vancouver_1912_MAP342a_04:block:4:part2:bldg162",
    "block_id": "vancouver_1912_MAP342a_04:block:4:part2",
    "block_fid": 12,
    "block_number": null,
    "text_inside": [
     "3",
     "4"
    ],
    "numerals_inside": [],
    "words_inside": [],
    "floors": null,
    "wash_rgb": [
     253,
     210,
     211
    ],
    "wash_chroma": 16.3,
    "wash_lightness_delta": -30.2,
    "hue_deg": 358,
    "material": "brick",
    "area_source_px2": 17061,
    "centroid_source_px": [
     2141,
     3452
    ],
    "orphan": false,
    "centroid_map": [
     492005.866,
     5458997.059
    ]
   }
  },
  {
   "type": "Feature",
   "geometry": {
    "type": "Polygon",
    "coordinates": [
     [
      [
       492080.6,
       5459006.306
      ],
      [
       492075.206,
       5458987.87
      ],
      [
       492077.827,
       5458986.302
      ],
      [
       492074.884,
       5458986.466
      ],
      [
       492071.795,
       5458974.879
      ],
      [
       492076.718,
       5458970.164
      ],
      [
       492077.899,
       5458971.922
      ],
      [
       492077.598,
       5458969.29
      ],
      [
       492081.292,
       5458965.623
      ],
      [
       492082.333,
       5458965.452
      ],
      [
       492083.165,
       5458967.384
      ],
      [
       492083.221,
       5458964.052
      ],
      [
       492086.692,
       5458963.365
      ],
      [
       492088.204,
       5458966.001
      ],
      [
       492089.436,
       5458964.779
      ],
      [
       492087.733,
       5458963.194
      ],
      [
       492091.735,
       5458961.807
      ],
      [
       492092.889,
       5458965.144
      ],
      [
       492093.78,
       5458963.569
      ],
      [
       492096.377,
       5458963.404
      ],
      [
       492097.224,
       5458964.46
      ],
      [
       492096.768,
       5458960.775
      ],
      [
       492100.072,
       5458959.736
      ],
      [
       492110.317,
       5458998.008
      ],
      [
       492091.198,
       5459003.543
      ],
      [
       492088.454,
       5459002.129
      ],
      [
       492086.71,
       5459002.998
      ],
      [
       492086.856,
       5459004.577
      ],
      [
       492080.6,
       5459006.306
      ]
     ]
    ]
   },
   "properties": {
    "sheet": "vancouver_1912_MAP342a_04",
    "building_id": "vancouver_1912_MAP342a_04:block:fid11:part1:bldg163",
    "block_id": "vancouver_1912_MAP342a_04:block:fid11:part1",
    "block_fid": 11,
    "block_number": null,
    "text_inside": [
     "9",
     "10"
    ],
    "numerals_inside": [
     "9",
     "10"
    ],
    "words_inside": [],
    "floors": null,
    "wash_rgb": [
     253,
     210,
     210
    ],
    "wash_chroma": 16.6,
    "wash_lightness_delta": -30.6,
    "hue_deg": 0,
    "material": "brick",
    "area_source_px2": 38453,
    "centroid_source_px": [
     2631,
     3526
    ],
    "orphan": false,
    "centroid_map": [
     492090.831,
     5458984.426
    ]
   }
  },
  {
   "type": "Feature",
   "geometry": {
    "type": "Polygon",
    "coordinates": [
     [
      [
       492271.888,
       5459006.555
      ],
      [
       492267.439,
       5459003.731
      ],
      [
       492264.022,
       5458991.09
      ],
      [
       492267.511,
       5458989.351
      ],
      [
       492269.297,
       5458996.197
      ],
      [
       492269.846,
       5458994.446
      ],
      [
       492271.772,
       5458993.051
      ],
      [
       492271.295,
       5458990.594
      ],
      [
       492269.896,
       5458991.465
      ],
      [
       492269.58,
       5458989.71
      ],
      [
       492272.195,
       5458988.493
      ],
      [
       492270.469,
       5458988.311
      ],
      [
       492269.637,
       5458986.378
      ],
      [
       492268.414,
       5458987.075
      ],
      [
       492267.386,
       5458986.544
      ],
      [
       492268.11,
       5458984.618
      ],
      [
       492267.105,
       5458982.685
      ],
      [
       492268.334,
       5458981.638
      ],
      [
       492271.417,
       5458983.404
      ],
      [
       492270.365,
       5458984.277
      ],
      [
       492271.047,
       5458984.806
      ],
      [
       492273.668,
       5458983.238
      ],
      [
       492274.694,
       5458983.943
      ],
      [
       492274.506,
       5458984.82
      ],
      [
       492275.896,
       5458984.474
      ],
      [
       492275.762,
       5458982.194
      ],
      [
       492274.387,
       5458981.662
      ],
      [
       492274.229,
       5458980.785
      ],
      [
       492276.319,
       5458979.917
      ],
      [
       492275.645,
       5458978.862
      ],
      [
       492276.874,
       5458977.814
      ],
      [
       492279.647,
       5458977.475
      ],
      [
       492284.212,
       5458993.803
      ],
      [
       492285.587,
       5458994.334
      ],
      [
       492287.358,
       5459002.058
      ],
      [
       492279.188,
       5459004.48
      ],
      [
       492275.753,
       5459003.063
      ],
      [
       492274.357,
       5459003.759
      ],
      [
       492275.365,
       5459005.517
      ],
      [
       492271.888,
       5459006.555
      ]
     ]
    ]
   },
   "properties": {
    "sheet": "vancouver_1912_MAP342a_04",
    "building_id": "vancouver_1912_MAP342a_04:block:2:part2:bldg164",
    "block_id": "vancouver_1912_MAP342a_04:block:2:part2",
    "block_fid": 13,
    "block_number": "05",
    "text_inside": [
     "Dominion",
     "HOTEL",
     "HOTEL",
     "66"
    ],
    "numerals_inside": [
     "66"
    ],
    "words_inside": [
     "Dominion",
     "HOTEL",
     "HOTEL"
    ],
    "floors": null,
    "wash_rgb": [
     253,
     213,
     215
    ],
    "wash_chroma": 15.0,
    "wash_lightness_delta": -28.0,
    "hue_deg": 358,
    "material": "brick",
    "area_source_px2": 12802,
    "centroid_source_px": [
     3702,
     3474
    ],
    "orphan": false,
    "centroid_map": [
     492275.902,
     5458994.295
    ]
   }
  },
  {
   "type": "Feature",
   "geometry": {
    "type": "Polygon",
    "coordinates": [
     [
      [
       492024.953,
       5459003.625
      ],
      [
       492023.399,
       5459003.443
      ],
      [
       491999.584,
       5458980.023
      ],
      [
       491999.611,
       5458978.444
      ],
      [
       492002.953,
       5458975.126
      ],
      [
       492004.686,
       5458974.958
      ],
      [
       492028.844,
       5458998.555
      ],
      [
       492027.771,
       5459000.655
      ],
      [
       492025.868,
       5459000.647
      ],
      [
       492026.536,
       5459002.053
      ],
      [
       492024.953,
       5459003.625
      ]
     ]
    ]
   },
   "properties": {
    "sheet": "vancouver_1912_MAP342a_04",
    "building_id": "vancouver_1912_MAP342a_04:block:4:part2:bldg165",
    "block_id": "vancouver_1912_MAP342a_04:block:4:part2",
    "block_fid": 12,
    "block_number": null,
    "text_inside": [
     "5"
    ],
    "numerals_inside": [],
    "words_inside": [],
    "floors": null,
    "wash_rgb": [
     253,
     208,
     210
    ],
    "wash_chroma": 17.1,
    "wash_lightness_delta": -31.5,
    "hue_deg": 358,
    "material": "brick",
    "area_source_px2": 8386,
    "centroid_source_px": [
     2187,
     3498
    ],
    "orphan": false,
    "centroid_map": [
     492013.959,
     5458989.025
    ]
   }
  },
  {
   "type": "Feature",
   "geometry": {
    "type": "Polygon",
    "coordinates": [
     [
      [
       492288.744,
       5459001.888
      ],
      [
       492288.059,
       5459001.535
      ],
      [
       492286.276,
       5458994.513
      ],
      [
       492284.573,
       5458992.927
      ],
      [
       492276.922,
       5458964.837
      ],
      [
       492277.983,
       5458963.438
      ],
      [
       492285.104,
       5458961.714
      ],
      [
       492286.655,
       5458962.071
      ],
      [
       492290.239,
       5458975.063
      ],
      [
       492289.335,
       5458977.339
      ],
      [
       492291.712,
       5458979.979
      ],
      [
       492296.924,
       5458998.94
      ],
      [
       492295.692,
       5459000.163
      ],
      [
       492288.744,
       5459001.888
      ]
     ]
    ]
   },
   "properties": {
    "sheet": "vancouver_1912_MAP342a_04",
    "building_id": "vancouver_1912_MAP342a_04:block:2:part2:bldg166",
    "block_id": "vancouver_1912_MAP342a_04:block:2:part2",
    "block_fid": 13,
    "block_number": "05",
    "text_inside": [
     "05",
     "66",
     "66",
     "66",
     "66"
    ],
    "numerals_inside": [
     "66",
     "66",
     "66",
     "66"
    ],
    "words_inside": [],
    "floors": null,
    "wash_rgb": [
     254,
     254,
     254
    ],
    "wash_chroma": 0.1,
    "wash_lightness_delta": -0.2,
    "hue_deg": 0,
    "material": "not a building (open lot, yard or court)",
    "area_source_px2": 12938,
    "centroid_source_px": [
     3764,
     3547
    ],
    "orphan": false,
    "centroid_map": [
     492286.842,
     5458981.537
    ]
   }
  },
  {
   "type": "Feature",
   "geometry": {
    "type": "Polygon",
    "coordinates": [
     [
      [
       492030.41,
       5458998.035
      ],
      [
       492028.513,
       5458997.677
      ],
      [
       492004.698,
       5458974.256
      ],
      [
       492008.759,
       5458969.362
      ],
      [
       492033.785,
       5458992.788
      ],
      [
       492034.28,
       5458994.193
      ],
      [
       492032.527,
       5458995.589
      ],
      [
       492031.319,
       5458995.408
      ],
      [
       492031.644,
       5458996.637
      ],
      [
       492030.41,
       5458998.035
      ]
     ]
    ]
   },
   "properties": {
    "sheet": "vancouver_1912_MAP342a_04",
    "building_id": "vancouver_1912_MAP342a_04:block:4:part2:bldg167",
    "block_id": "vancouver_1912_MAP342a_04:block:4:part2",
    "block_fid": 12,
    "block_number": null,
    "text_inside": [
     "6",
     "B",
     "B",
     "B",
     "B",
     "B",
     "B",
     "B",
     "B",
     "B",
     "B",
     "B",
     "B",
     "B",
     "B",
     "B",
     "B",
     "B",
     "B",
     "B",
     "B",
     "B",
     "B",
     "B",
     "B",
     "B",
     "B",
     "B"
    ],
    "numerals_inside": [],
    "words_inside": [],
    "floors": null,
    "wash_rgb": [
     253,
     206,
     209
    ],
    "wash_chroma": 17.8,
    "wash_lightness_delta": -32.6,
    "hue_deg": 356,
    "material": "brick",
    "area_source_px2": 7803,
    "centroid_source_px": [
     2217,
     3529
    ],
    "orphan": false,
    "centroid_map": [
     492019.24,
     5458983.61
    ]
   }
  },
  {
   "type": "Feature",
   "geometry": {
    "type": "Polygon",
    "coordinates": [
     [
      [
       492299.691,
       5458998.951
      ],
      [
       492297.114,
       5458997.889
      ],
      [
       492292.063,
       5458979.63
      ],
      [
       492292.776,
       5458978.405
      ],
      [
       492290.748,
       5458975.591
      ],
      [
       492287.0,
       5458962.072
      ],
      [
       492289.797,
       5458960.33
      ],
      [
       492290.024,
       5458957.174
      ],
      [
       492294.89,
       5458955.791
      ],
      [
       492295.919,
       5458956.321
      ],
      [
       492307.008,
       5458995.824
      ],
      [
       492305.944,
       5458997.398
      ],
      [
       492299.691,
       5458998.951
      ]
     ]
    ]
   },
   "properties": {
    "sheet": "vancouver_1912_MAP342a_04",
    "building_id": "vancouver_1912_MAP342a_04:block:2:part2:bldg168",
    "block_id": "vancouver_1912_MAP342a_04:block:2:part2",
    "block_fid": 13,
    "block_number": "05",
    "text_inside": [
     "66",
     "66",
     "66",
     "66",
     "66"
    ],
    "numerals_inside": [
     "66",
     "66",
     "66",
     "66",
     "66"
    ],
    "words_inside": [],
    "floors": null,
    "wash_rgb": [
     253,
     211,
     214
    ],
    "wash_chroma": 15.8,
    "wash_lightness_delta": -29.3,
    "hue_deg": 356,
    "material": "brick",
    "area_source_px2": 13710,
    "centroid_source_px": [
     3822,
     3567
    ],
    "orphan": false,
    "centroid_map": [
     492296.933,
     5458978.071
    ]
   }
  },
  {
   "type": "Feature",
   "geometry": {
    "type": "Polygon",
    "coordinates": [
     [
      [
       492307.515,
       5458996.528
      ],
      [
       492302.142,
       5458976.865
      ],
      [
       492310.661,
       5458974.268
      ],
      [
       492311.997,
       5458977.08
      ],
      [
       492311.699,
       5458974.273
      ],
      [
       492315.179,
       5458973.059
      ],
      [
       492316.377,
       5458973.766
      ],
      [
       492317.364,
       5458976.751
      ],
      [
       492316.738,
       5458972.89
      ],
      [
       492321.083,
       5458971.68
      ],
      [
       492326.28,
       5458991.518
      ],
      [
       492317.937,
       5458993.939
      ],
      [
       492316.571,
       5458992.882
      ],
      [
       492315.521,
       5458993.579
      ],
      [
       492315.679,
       5458994.456
      ],
      [
       492312.721,
       5458995.497
      ],
      [
       492311.368,
       5458993.737
      ],
      [
       492311.162,
       5458995.666
      ],
      [
       492307.515,
       5458996.528
      ]
     ]
    ]
   },
   "properties": {
    "sheet": "vancouver_1912_MAP342a_04",
    "building_id": "vancouver_1912_MAP342a_04:block:2:part2:bldg169",
    "block_id": "vancouver_1912_MAP342a_04:block:2:part2",
    "block_fid": 13,
    "block_number": "05",
    "text_inside": [
     "50"
    ],
    "numerals_inside": [],
    "words_inside": [],
    "floors": null,
    "wash_rgb": [
     253,
     212,
     214
    ],
    "wash_chroma": 15.7,
    "wash_lightness_delta": -29.1,
    "hue_deg": 358,
    "material": "brick",
    "area_source_px2": 13084,
    "centroid_source_px": [
     3923,
     3533
    ],
    "orphan": false,
    "centroid_map": [
     492314.299,
     5458984.104
    ]
   }
  },
  {
   "type": "Feature",
   "geometry": {
    "type": "Polygon",
    "coordinates": [
     [
      [
       492119.176,
       5458995.764
      ],
      [
       492117.673,
       5458992.602
      ],
      [
       492115.747,
       5458983.825
      ],
      [
       492128.262,
       5458980.193
      ],
      [
       492121.604,
       5458954.738
      ],
      [
       492122.144,
       5458953.512
      ],
      [
       492127.18,
       5458952.305
      ],
      [
       492128.191,
       5458953.888
      ],
      [
       492137.768,
       5458990.754
      ],
      [
       492131.861,
       5458992.308
      ],
      [
       492130.063,
       5458986.163
      ],
      [
       492119.814,
       5458988.752
      ],
      [
       492120.915,
       5458995.245
      ],
      [
       492119.176,
       5458995.764
      ]
     ]
    ]
   },
   "properties": {
    "sheet": "vancouver_1912_MAP342a_04",
    "building_id": "vancouver_1912_MAP342a_04:block:fid11:part1:bldg170",
    "block_id": "vancouver_1912_MAP342a_04:block:fid11:part1",
    "block_fid": 11,
    "block_number": null,
    "text_inside": [],
    "numerals_inside": [],
    "words_inside": [],
    "floors": null,
    "wash_rgb": [
     254,
     253,
     251
    ],
    "wash_chroma": 1.4,
    "wash_lightness_delta": -0.9,
    "hue_deg": 40,
    "material": "not a building (open lot, yard or court)",
    "area_source_px2": 11691,
    "centroid_source_px": [
     2844,
     3575
    ],
    "orphan": false,
    "centroid_map": [
     492127.815,
     5458975.983
    ]
   }
  },
  {
   "type": "Feature",
   "geometry": {
    "type": "Polygon",
    "coordinates": [
     [
      [
       492035.339,
       5458992.97
      ],
      [
       492034.134,
       5458992.614
      ],
      [
       492021.032,
       5458979.934
      ],
      [
       492025.436,
       5458975.217
      ],
      [
       492028.344,
       5458977.158
      ],
      [
       492039.57,
       5458988.252
      ],
      [
       492038.506,
       5458989.826
      ],
      [
       492036.603,
       5458989.818
      ],
      [
       492037.271,
       5458991.224
      ],
      [
       492035.339,
       5458992.97
      ]
     ]
    ]
   },
   "properties": {
    "sheet": "vancouver_1912_MAP342a_04",
    "building_id": "vancouver_1912_MAP342a_04:block:4:part2:bldg171",
    "block_id": "vancouver_1912_MAP342a_04:block:4:part2",
    "block_fid": 12,
    "block_number": null,
    "text_inside": [
     "B",
     "B",
     "B",
     "B",
     "B",
     "B",
     "B",
     "B",
     "B",
     "B",
     "B",
     "B",
     "B",
     "B",
     "B",
     "B",
     "B",
     "B",
     "B",
     "B",
     "B",
     "B",
     "B",
     "B",
     "7"
    ],
    "numerals_inside": [],
    "words_inside": [],
    "floors": null,
    "wash_rgb": [
     253,
     208,
     208
    ],
    "wash_chroma": 17.1,
    "wash_lightness_delta": -31.6,
    "hue_deg": 0,
    "material": "brick",
    "area_source_px2": 4407,
    "centroid_source_px": [
     2283,
     3525
    ],
    "orphan": false,
    "centroid_map": [
     492030.643,
     5458984.357
    ]
   }
  },
  {
   "type": "Feature",
   "geometry": {
    "type": "Polygon",
    "coordinates": [
     [
      [
       492328.358,
       5458991.351
      ],
      [
       492327.151,
       5458991.171
      ],
      [
       492321.956,
       5458971.158
      ],
      [
       492315.9,
       5458950.966
      ],
      [
       492316.61,
       5458949.916
      ],
      [
       492324.256,
       5458947.843
      ],
      [
       492325.612,
       5458949.427
      ],
      [
       492329.846,
       5458964.876
      ],
      [
       492328.275,
       5458965.747
      ],
      [
       492328.433,
       5458966.624
      ],
      [
       492330.821,
       5458968.563
      ],
      [
       492336.022,
       5458988.225
      ],
      [
       492335.482,
       5458989.451
      ],
      [
       492328.358,
       5458991.351
      ]
     ]
    ]
   },
   "properties": {
    "sheet": "vancouver_1912_MAP342a_04",
    "building_id": "vancouver_1912_MAP342a_04:block:2:part2:bldg172",
    "block_id": "vancouver_1912_MAP342a_04:block:2:part2",
    "block_fid": 13,
    "block_number": "05",
    "text_inside": [
     "50",
     "50",
     "4",
     "66",
     "66",
     "66",
     "66",
     "66"
    ],
    "numerals_inside": [
     "4",
     "66",
     "66",
     "66",
     "66",
     "66"
    ],
    "words_inside": [],
    "floors": null,
    "wash_rgb": [
     253,
     213,
     214
    ],
    "wash_chroma": 15.1,
    "wash_lightness_delta": -28.1,
    "hue_deg": 358,
    "material": "brick",
    "area_source_px2": 13159,
    "centroid_source_px": [
     3989,
     3616
    ],
    "orphan": false,
    "centroid_map": [
     492325.961,
     5458969.595
    ]
   }
  },
  {
   "type": "Feature",
   "geometry": {
    "type": "Polygon",
    "coordinates": [
     [
      [
       492138.296,
       5458990.23
      ],
      [
       492134.727,
       5458976.361
      ],
      [
       492152.111,
       5458971.171
      ],
      [
       492154.186,
       5458971.179
      ],
      [
       492157.749,
       5458985.399
      ],
      [
       492138.296,
       5458990.23
      ]
     ]
    ]
   },
   "properties": {
    "sheet": "vancouver_1912_MAP342a_04",
    "building_id": "vancouver_1912_MAP342a_04:block:fid11:part1:bldg173",
    "block_id": "vancouver_1912_MAP342a_04:block:fid11:part1",
    "block_fid": 11,
    "block_number": null,
    "text_inside": [],
    "numerals_inside": [],
    "words_inside": [],
    "floors": null,
    "wash_rgb": [
     254,
     254,
     254
    ],
    "wash_chroma": 0.1,
    "wash_lightness_delta": -0.1,
    "hue_deg": 0,
    "material": "not a building (open lot, yard or court)",
    "area_source_px2": 9778,
    "centroid_source_px": [
     2951,
     3548
    ],
    "orphan": false,
    "centroid_map": [
     492146.24,
     5458980.792
    ]
   }
  },
  {
   "type": "Feature",
   "geometry": {
    "type": "Polygon",
    "coordinates": [
     [
      [
       492040.268,
       5458987.904
      ],
      [
       492027.84,
       5458976.279
      ],
      [
       492028.385,
       5458974.703
      ],
      [
       492025.32,
       5458971.885
      ],
      [
       492029.724,
       5458967.167
      ],
      [
       492026.841,
       5458963.824
      ],
      [
       492030.708,
       5458960.157
      ],
      [
       492034.802,
       5458963.505
      ],
      [
       492034.254,
       5458965.257
      ],
      [
       492036.797,
       5458968.248
      ],
      [
       492037.51,
       5458967.024
      ],
      [
       492038.375,
       5458967.027
      ],
      [
       492049.428,
       5458978.12
      ],
      [
       492045.588,
       5458980.209
      ],
      [
       492046.786,
       5458980.915
      ],
      [
       492046.598,
       5458981.792
      ],
      [
       492044.135,
       5458984.237
      ],
      [
       492042.406,
       5458984.23
      ],
      [
       492042.728,
       5458985.634
      ],
      [
       492040.268,
       5458987.904
      ]
     ]
    ]
   },
   "properties": {
    "sheet": "vancouver_1912_MAP342a_04",
    "building_id": "vancouver_1912_MAP342a_04:block:4:part2:bldg174",
    "block_id": "vancouver_1912_MAP342a_04:block:4:part2",
    "block_fid": 12,
    "block_number": null,
    "text_inside": [
     "8",
     "9",
     "B",
     "B"
    ],
    "numerals_inside": [],
    "words_inside": [],
    "floors": null,
    "wash_rgb": [
     253,
     216,
     212
    ],
    "wash_chroma": 14.3,
    "wash_lightness_delta": -26.7,
    "hue_deg": 6,
    "material": "brick",
    "area_source_px2": 10210,
    "centroid_source_px": [
     2317,
     3580
    ],
    "orphan": false,
    "centroid_map": [
     492036.687,
     5458974.737
    ]
   }
  },
  {
   "type": "Feature",
   "geometry": {
    "type": "Polygon",
    "coordinates": [
     [
      [
       491983.413,
       5458985.043
      ],
      [
       491957.728,
       5458959.685
      ],
      [
       491959.493,
       5458957.588
      ],
      [
       491961.053,
       5458957.419
      ],
      [
       491960.728,
       5458956.19
      ],
      [
       491964.598,
       5458952.348
      ],
      [
       491965.636,
       5458952.352
      ],
      [
       491969.697,
       5458947.458
      ],
      [
       491971.429,
       5458947.29
      ],
      [
       491971.104,
       5458946.061
      ],
      [
       491973.213,
       5458944.14
      ],
      [
       491999.074,
       5458969.323
      ],
      [
       491983.413,
       5458985.043
      ]
     ]
    ]
   },
   "properties": {
    "sheet": "vancouver_1912_MAP342a_04",
    "building_id": "vancouver_1912_MAP342a_04:block:4:part2:bldg175",
    "block_id": "vancouver_1912_MAP342a_04:block:4:part2",
    "block_fid": 12,
    "block_number": null,
    "text_inside": [
     "23",
     "22",
     "21"
    ],
    "numerals_inside": [],
    "words_inside": [],
    "floors": null,
    "wash_rgb": [
     253,
     214,
     212
    ],
    "wash_chroma": 15.0,
    "wash_lightness_delta": -27.6,
    "hue_deg": 2,
    "material": "brick",
    "area_source_px2": 26262,
    "centroid_source_px": [
     1981,
     3635
    ],
    "orphan": false,
    "centroid_map": [
     491978.741,
     5458964.856
    ]
   }
  },
  {
   "type": "Feature",
   "geometry": {
    "type": "Polygon",
    "coordinates": [
     [
      [
       492347.293,
       5458986.517
      ],
      [
       492346.434,
       5458986.163
      ],
      [
       492341.228,
       5458966.851
      ],
      [
       492344.723,
       5458964.761
      ],
      [
       492344.216,
       5458964.058
      ],
      [
       492343.333,
       5458965.106
      ],
      [
       492340.736,
       5458965.271
      ],
      [
       492336.982,
       5458952.103
      ],
      [
       492337.516,
       5458951.228
      ],
      [
       492338.703,
       5458952.636
      ],
      [
       492336.759,
       5458944.912
      ],
      [
       492344.583,
       5458942.489
      ],
      [
       492345.609,
       5458943.194
      ],
      [
       492349.849,
       5458958.293
      ],
      [
       492349.661,
       5458959.169
      ],
      [
       492348.092,
       5458959.864
      ],
      [
       492348.769,
       5458960.744
      ],
      [
       492349.649,
       5458959.871
      ],
      [
       492350.329,
       5458960.575
      ],
      [
       492349.44,
       5458961.974
      ],
      [
       492351.319,
       5458963.385
      ],
      [
       492356.528,
       5458982.521
      ],
      [
       492355.806,
       5458984.272
      ],
      [
       492347.293,
       5458986.517
      ]
     ]
    ]
   },
   "properties": {
    "sheet": "vancouver_1912_MAP342a_04",
    "building_id": "vancouver_1912_MAP342a_04:block:2:part2:bldg176",
    "block_id": "vancouver_1912_MAP342a_04:block:2:part2",
    "block_fid": 13,
    "block_number": "05",
    "text_inside": [
     "50",
     "05",
     "50",
     "66",
     "Hotel",
     "Grand",
     "66",
     "66",
     "66",
     "66",
     "3"
    ],
    "numerals_inside": [
     "66",
     "66",
     "66",
     "66",
     "66",
     "3"
    ],
    "words_inside": [
     "Hotel",
     "Grand"
    ],
    "floors": null,
    "wash_rgb": [
     253,
     212,
     214
    ],
    "wash_chroma": 15.8,
    "wash_lightness_delta": -29.1,
    "hue_deg": 358,
    "material": "brick",
    "area_source_px2": 14499,
    "centroid_source_px": [
     4102,
     3664
    ],
    "orphan": false,
    "centroid_map": [
     492345.647,
     5458961.258
    ]
   }
  },
  {
   "type": "Feature",
   "geometry": {
    "type": "Polygon",
    "coordinates": [
     [
      [
       492107.944,
       5458985.021
      ],
      [
       492100.937,
       5458959.74
      ],
      [
       492105.284,
       5458958.354
      ],
      [
       492105.949,
       5458959.935
      ],
      [
       492104.205,
       5458960.805
      ],
      [
       492106.617,
       5458961.341
      ],
      [
       492107.676,
       5458960.118
      ],
      [
       492106.31,
       5458959.06
      ],
      [
       492106.677,
       5458957.834
      ],
      [
       492112.408,
       5458956.454
      ],
      [
       492114.066,
       5458960.67
      ],
      [
       492113.278,
       5458956.107
      ],
      [
       492117.453,
       5458954.721
      ],
      [
       492118.816,
       5458955.954
      ],
      [
       492118.837,
       5458954.727
      ],
      [
       492120.402,
       5458954.207
      ],
      [
       492121.413,
       5458955.789
      ],
      [
       492125.614,
       5458973.168
      ],
      [
       492124.049,
       5458973.688
      ],
      [
       492124.866,
       5458976.497
      ],
      [
       492126.759,
       5458977.031
      ],
      [
       492127.403,
       5458979.839
      ],
      [
       492120.971,
       5458981.742
      ],
      [
       492119.421,
       5458981.385
      ],
      [
       492118.016,
       5458982.607
      ],
      [
       492107.944,
       5458985.021
      ]
     ]
    ]
   },
   "properties": {
    "sheet": "vancouver_1912_MAP342a_04",
    "building_id": "vancouver_1912_MAP342a_04:block:fid11:part1:bldg177",
    "block_id": "vancouver_1912_MAP342a_04:block:fid11:part1",
    "block_fid": 11,
    "block_number": null,
    "text_inside": [
     "11",
     "157"
    ],
    "numerals_inside": [
     "11",
     "157"
    ],
    "words_inside": [],
    "floors": null,
    "wash_rgb": [
     253,
     205,
     207
    ],
    "wash_chroma": 18.3,
    "wash_lightness_delta": -33.6,
    "hue_deg": 358,
    "material": "brick",
    "area_source_px2": 17466,
    "centroid_source_px": [
     2764,
     3612
    ],
    "orphan": false,
    "centroid_map": [
     492114.089,
     5458969.438
    ]
   }
  },
  {
   "type": "Feature",
   "geometry": {
    "type": "Polygon",
    "coordinates": [
     [
      [
       492279.659,
       5458976.773
      ],
      [
       492277.038,
       5458978.341
      ],
      [
       492274.79,
       5458978.332
      ],
      [
       492272.616,
       5458973.939
      ],
      [
       492274.366,
       5458972.718
      ],
      [
       492271.769,
       5458972.883
      ],
      [
       492271.05,
       5458974.459
      ],
      [
       492272.067,
       5458975.69
      ],
      [
       492271.533,
       5458976.565
      ],
      [
       492272.911,
       5458976.921
      ],
      [
       492272.198,
       5458978.146
      ],
      [
       492273.388,
       5458979.379
      ],
      [
       492273.015,
       5458980.955
      ],
      [
       492274.214,
       5458981.662
      ],
      [
       492273.659,
       5458983.764
      ],
      [
       492271.417,
       5458983.404
      ],
      [
       492270.239,
       5458981.47
      ],
      [
       492269.026,
       5458981.641
      ],
      [
       492269.747,
       5458979.89
      ],
      [
       492265.221,
       5458981.625
      ],
      [
       492262.821,
       5458980.388
      ],
      [
       492261.756,
       5458981.962
      ],
      [
       492260.277,
       5458977.396
      ],
      [
       492261.333,
       5458976.348
      ],
      [
       492259.612,
       5458975.815
      ],
      [
       492257.179,
       5458966.335
      ],
      [
       492271.086,
       5458962.183
      ],
      [
       492272.774,
       5458964.645
      ],
      [
       492275.726,
       5458963.955
      ],
      [
       492276.561,
       5458965.713
      ],
      [
       492273.77,
       5458967.104
      ],
      [
       492276.376,
       5458966.413
      ],
      [
       492277.229,
       5458967.118
      ],
      [
       492278.025,
       5458971.155
      ],
      [
       492276.975,
       5458971.852
      ],
      [
       492278.699,
       5458972.21
      ],
      [
       492279.659,
       5458976.773
      ]
     ]
    ]
   },
   "properties": {
    "sheet": "vancouver_1912_MAP342a_04",
    "building_id": "vancouver_1912_MAP342a_04:block:2:part2:bldg178",
    "block_id": "vancouver_1912_MAP342a_04:block:2:part2",
    "block_fid": 13,
    "block_number": "05",
    "text_inside": [
     "66",
     "66",
     "66",
     "66",
     "66",
     "66",
     "66",
     "66"
    ],
    "numerals_inside": [
     "66",
     "66",
     "66",
     "66",
     "66",
     "66",
     "66",
     "66"
    ],
    "words_inside": [],
    "floors": null,
    "wash_rgb": [
     253,
     221,
     221
    ],
    "wash_chroma": 12.0,
    "wash_lightness_delta": -22.8,
    "hue_deg": 0,
    "material": "brick",
    "area_source_px2": 9999,
    "centroid_source_px": [
     3655,
     3601
    ],
    "orphan": false,
    "centroid_map": [
     492268.152,
     5458971.992
    ]
   }
  },
  {
   "type": "Feature",
   "geometry": {
    "type": "Polygon",
    "coordinates": [
     [
      [
       491958.896,
       5458982.488
      ],
      [
       491949.203,
       5458972.804
      ],
      [
       491948.201,
       5458970.695
      ],
      [
       491948.392,
       5458969.644
      ],
      [
       491949.945,
       5458969.825
      ],
      [
       491952.569,
       5458968.082
      ],
      [
       491950.837,
       5458968.251
      ],
      [
       491949.817,
       5458967.194
      ],
      [
       491954.039,
       5458963.003
      ],
      [
       491955.599,
       5458962.834
      ],
      [
       491955.271,
       5458961.78
      ],
      [
       491957.027,
       5458960.209
      ],
      [
       491969.959,
       5458972.712
      ],
      [
       491960.981,
       5458981.971
      ],
      [
       491959.788,
       5458980.914
      ],
      [
       491963.128,
       5458977.77
      ],
      [
       491961.422,
       5458976.361
      ],
      [
       491959.693,
       5458976.354
      ],
      [
       491957.403,
       5458978.8
      ],
      [
       491959.29,
       5458979.684
      ],
      [
       491958.896,
       5458982.488
      ]
     ]
    ]
   },
   "properties": {
    "sheet": "vancouver_1912_MAP342a_04",
    "building_id": "vancouver_1912_MAP342a_04:block:4:part2:bldg179",
    "block_id": "vancouver_1912_MAP342a_04:block:4:part2",
    "block_fid": 12,
    "block_number": null,
    "text_inside": [
     "24",
     "B",
     "B"
    ],
    "numerals_inside": [],
    "words_inside": [],
    "floors": null,
    "wash_rgb": [
     253,
     204,
     208
    ],
    "wash_chroma": 18.7,
    "wash_lightness_delta": -34.0,
    "hue_deg": 356,
    "material": "brick",
    "area_source_px2": 7912,
    "centroid_source_px": [
     1861,
     3601
    ],
    "orphan": false,
    "centroid_map": [
     491957.886,
     5458970.734
    ]
   }
  },
  {
   "type": "Feature",
   "geometry": {
    "type": "Polygon",
    "coordinates": [
     [
      [
       492359.107,
       5458983.409
      ],
      [
       492356.379,
       5458981.118
      ],
      [
       492351.656,
       5458963.912
      ],
      [
       492352.383,
       5458961.811
      ],
      [
       492350.356,
       5458958.997
      ],
      [
       492346.121,
       5458943.547
      ],
      [
       492346.67,
       5458941.796
      ],
      [
       492354.313,
       5458939.897
      ],
      [
       492355.979,
       5458943.587
      ],
      [
       492365.903,
       5458980.455
      ],
      [
       492364.668,
       5458981.853
      ],
      [
       492359.107,
       5458983.409
      ]
     ]
    ]
   },
   "properties": {
    "sheet": "vancouver_1912_MAP342a_04",
    "building_id": "vancouver_1912_MAP342a_04:block:2:part2:bldg180",
    "block_id": "vancouver_1912_MAP342a_04:block:2:part2",
    "block_fid": 13,
    "block_number": "05",
    "text_inside": [
     "05",
     "50",
     "50",
     "66",
     "66",
     "66"
    ],
    "numerals_inside": [
     "66",
     "66",
     "66"
    ],
    "words_inside": [],
    "floors": null,
    "wash_rgb": [
     253,
     225,
     219
    ],
    "wash_chroma": 11.4,
    "wash_lightness_delta": -20.3,
    "hue_deg": 10,
    "material": "brick",
    "area_source_px2": 13184,
    "centroid_source_px": [
     4162,
     3662
    ],
    "orphan": false,
    "centroid_map": [
     492356.018,
     5458961.65
    ]
   }
  },
  {
   "type": "Feature",
   "geometry": {
    "type": "Polygon",
    "coordinates": [
     [
      [
       492167.33,
       5458981.404
      ],
      [
       492163.409,
       5458967.885
      ],
      [
       492164.644,
       5458966.487
      ],
      [
       492164.5,
       5458964.732
      ],
      [
       492161.614,
       5458961.564
      ],
      [
       492157.225,
       5458945.061
      ],
      [
       492157.938,
       5458943.837
      ],
      [
       492165.234,
       5458941.937
      ],
      [
       492166.245,
       5458943.52
      ],
      [
       492173.234,
       5458969.853
      ],
      [
       492169.006,
       5458974.396
      ],
      [
       492167.33,
       5458981.404
      ]
     ]
    ]
   },
   "properties": {
    "sheet": "vancouver_1912_MAP342a_04",
    "building_id": "vancouver_1912_MAP342a_04:block:fid11:part1:bldg181",
    "block_id": "vancouver_1912_MAP342a_04:block:fid11:part1",
    "block_fid": 11,
    "block_number": null,
    "text_inside": [],
    "numerals_inside": [],
    "words_inside": [],
    "floors": null,
    "wash_rgb": [
     254,
     254,
     254
    ],
    "wash_chroma": 0.1,
    "wash_lightness_delta": -0.1,
    "hue_deg": 0,
    "material": "not a building (open lot, yard or court)",
    "area_source_px2": 9460,
    "centroid_source_px": [
     3060,
     3675
    ],
    "orphan": false,
    "centroid_map": [
     492165.47,
     5458958.598
    ]
   }
  },
  {
   "type": "Feature",
   "geometry": {
    "type": "Polygon",
    "coordinates": [
     [
      [
       492158.009,
       5458980.314
      ],
      [
       492156.488,
       5458978.203
      ],
      [
       492148.196,
       5458947.129
      ],
      [
       492149.076,
       5458946.256
      ],
      [
       492155.156,
       5458944.702
      ],
      [
       492156.7,
       5458945.41
      ],
      [
       492161.584,
       5458963.318
      ],
      [
       492160.186,
       5458964.189
      ],
      [
       492161.343,
       5458967.35
      ],
      [
       492162.723,
       5458967.531
      ],
      [
       492165.323,
       5458977.362
      ],
      [
       492164.441,
       5458978.411
      ],
      [
       492158.009,
       5458980.314
      ]
     ]
    ]
   },
   "properties": {
    "sheet": "vancouver_1912_MAP342a_04",
    "building_id": "vancouver_1912_MAP342a_04:block:fid11:part1:bldg182",
    "block_id": "vancouver_1912_MAP342a_04:block:fid11:part1",
    "block_fid": 11,
    "block_number": null,
    "text_inside": [
     "Theatre"
    ],
    "numerals_inside": [],
    "words_inside": [
     "Theatre"
    ],
    "floors": null,
    "wash_rgb": [
     253,
     217,
     213
    ],
    "wash_chroma": 14.5,
    "wash_lightness_delta": -26.2,
    "hue_deg": 6,
    "material": "brick",
    "area_source_px2": 9834,
    "centroid_source_px": [
     3008,
     3656
    ],
    "orphan": false,
    "centroid_map": [
     492156.42,
     5458961.894
    ]
   }
  },
  {
   "type": "Feature",
   "geometry": {
    "type": "Polygon",
    "coordinates": [
     [
      [
       492366.586,
       5458980.984
      ],
      [
       492363.971,
       5458972.029
      ],
      [
       492364.683,
       5458970.805
      ],
      [
       492365.864,
       5458972.563
      ],
      [
       492366.219,
       5458972.038
      ],
      [
       492365.077,
       5458968.0
      ],
      [
       492367.683,
       5458967.309
      ],
      [
       492368.843,
       5458970.295
      ],
      [
       492368.378,
       5458967.137
      ],
      [
       492370.99,
       5458966.095
      ],
      [
       492371.828,
       5458967.677
      ],
      [
       492375.123,
       5458967.164
      ],
      [
       492375.958,
       5458968.921
      ],
      [
       492375.82,
       5458966.816
      ],
      [
       492378.43,
       5458965.95
      ],
      [
       492377.938,
       5458964.37
      ],
      [
       492380.544,
       5458963.679
      ],
      [
       492384.131,
       5458976.495
      ],
      [
       492382.046,
       5458977.013
      ],
      [
       492381.033,
       5458975.606
      ],
      [
       492380.83,
       5458977.359
      ],
      [
       492377.526,
       5458978.398
      ],
      [
       492374.118,
       5458975.402
      ],
      [
       492374.097,
       5458976.63
      ],
      [
       492372.352,
       5458977.5
      ],
      [
       492373.184,
       5458979.432
      ],
      [
       492371.965,
       5458979.953
      ],
      [
       492371.118,
       5458978.898
      ],
      [
       492370.402,
       5458980.298
      ],
      [
       492367.984,
       5458980.113
      ],
      [
       492367.623,
       5458980.988
      ],
      [
       492366.586,
       5458980.984
      ]
     ]
    ]
   },
   "properties": {
    "sheet": "vancouver_1912_MAP342a_04",
    "building_id": "vancouver_1912_MAP342a_04:block:2:part2:bldg183",
    "block_id": "vancouver_1912_MAP342a_04:block:2:part2",
    "block_fid": 13,
    "block_number": "05",
    "text_inside": [
     "05",
     "26",
     "50",
     "05",
     "05",
     "50",
     "26",
     "05",
     "50",
     "05",
     "26",
     "50",
     "50",
     "05"
    ],
    "numerals_inside": [],
    "words_inside": [],
    "floors": null,
    "wash_rgb": [
     253,
     244,
     148
    ],
    "wash_chroma": 48.3,
    "wash_lightness_delta": -11.8,
    "hue_deg": 54,
    "material": "frame (wood)",
    "area_source_px2": 6826,
    "centroid_source_px": [
     4266,
     3601
    ],
    "orphan": false,
    "centroid_map": [
     492373.823,
     5458972.42
    ]
   }
  },
  {
   "type": "Feature",
   "geometry": {
    "type": "Polygon",
    "coordinates": [
     [
      [
       492019.335,
       5458977.998
      ],
      [
       492009.815,
       5458968.314
      ],
      [
       492022.83,
       5458955.565
      ],
      [
       492026.906,
       5458959.966
      ],
      [
       492019.672,
       5458968.354
      ],
      [
       492023.725,
       5458974.158
      ],
      [
       492019.335,
       5458977.998
      ]
     ]
    ]
   },
   "properties": {
    "sheet": "vancouver_1912_MAP342a_04",
    "building_id": "vancouver_1912_MAP342a_04:block:4:part2:bldg184",
    "block_id": "vancouver_1912_MAP342a_04:block:4:part2",
    "block_fid": 12,
    "block_number": null,
    "text_inside": [
     "20",
     "B"
    ],
    "numerals_inside": [],
    "words_inside": [],
    "floors": null,
    "wash_rgb": [
     253,
     212,
     208
    ],
    "wash_chroma": 16.0,
    "wash_lightness_delta": -29.6,
    "hue_deg": 6,
    "material": "brick",
    "area_source_px2": 5413,
    "centroid_source_px": [
     2211,
     3624
    ],
    "orphan": false,
    "centroid_map": [
     492018.486,
     5458966.947
    ]
   }
  },
  {
   "type": "Feature",
   "geometry": {
    "type": "Polygon",
    "coordinates": [
     [
      [
       492216.131,
       5458969.677
      ],
      [
       492204.141,
       5458972.96
      ],
      [
       492200.861,
       5458962.424
      ],
      [
       492193.567,
       5458964.149
      ],
      [
       492195.977,
       5458975.031
      ],
      [
       492188.501,
       5458977.281
      ],
      [
       492187.848,
       5458974.998
      ],
      [
       492181.539,
       5458969.712
      ],
      [
       492173.926,
       5458969.856
      ],
      [
       492166.445,
       5458941.942
      ],
      [
       492173.756,
       5458939.166
      ],
      [
       492175.468,
       5458940.225
      ],
      [
       492175.14,
       5458939.171
      ],
      [
       492175.844,
       5458938.473
      ],
      [
       492178.262,
       5458938.658
      ],
      [
       492181.566,
       5458937.619
      ],
      [
       492183.06,
       5458941.308
      ],
      [
       492187.219,
       5458940.799
      ],
      [
       492188.999,
       5458947.996
      ],
      [
       492191.939,
       5458948.008
      ],
      [
       492193.395,
       5458953.976
      ],
      [
       492194.945,
       5458954.333
      ],
      [
       492195.431,
       5458956.265
      ],
      [
       492199.418,
       5458955.755
      ],
      [
       492200.429,
       5458957.337
      ],
      [
       492201.481,
       5458956.464
      ],
      [
       492203.906,
       5458956.299
      ],
      [
       492201.556,
       5458952.08
      ],
      [
       492210.591,
       5458949.662
      ],
      [
       492216.131,
       5458969.677
      ]
     ]
    ]
   },
   "properties": {
    "sheet": "vancouver_1912_MAP342a_04",
    "building_id": "vancouver_1912_MAP342a_04:block:fid11:part1:bldg185",
    "block_id": "vancouver_1912_MAP342a_04:block:fid11:part1",
    "block_fid": 11,
    "block_number": null,
    "text_inside": [
     "FRI",
     "FRI",
     "FRI",
     "FRI",
     "14"
    ],
    "numerals_inside": [
     "14"
    ],
    "words_inside": [
     "FRI",
     "FRI",
     "FRI",
     "FRI"
    ],
    "floors": null,
    "wash_rgb": [
     254,
     254,
     254
    ],
    "wash_chroma": 0.2,
    "wash_lightness_delta": -0.1,
    "hue_deg": 0,
    "material": "not a building (open lot, yard or court)",
    "area_source_px2": 33736,
    "centroid_source_px": [
     3195,
     3682
    ],
    "orphan": false,
    "centroid_map": [
     492188.838,
     5458957.465
    ]
   }
  },
  {
   "type": "Feature",
   "geometry": {
    "type": "Polygon",
    "coordinates": [
     [
      [
       492134.572,
       5458975.309
      ],
      [
       492133.272,
       5458970.393
      ],
      [
       492135.195,
       5458969.173
      ],
      [
       492132.604,
       5458968.987
      ],
      [
       492129.84,
       5458958.629
      ],
      [
       492132.768,
       5458959.343
      ],
      [
       492134.527,
       5458957.596
      ],
      [
       492135.547,
       5458958.652
      ],
      [
       492135.914,
       5458957.426
      ],
      [
       492139.563,
       5458956.389
      ],
      [
       492140.234,
       5458957.619
      ],
      [
       492141.275,
       5458957.448
      ],
      [
       492140.616,
       5458955.516
      ],
      [
       492145.467,
       5458955.01
      ],
      [
       492148.965,
       5458952.744
      ],
      [
       492152.239,
       5458963.63
      ],
      [
       492149.967,
       5458965.024
      ],
      [
       492152.558,
       5458965.21
      ],
      [
       492153.855,
       5458970.301
      ],
      [
       492134.572,
       5458975.309
      ]
     ]
    ]
   },
   "properties": {
    "sheet": "vancouver_1912_MAP342a_04",
    "building_id": "vancouver_1912_MAP342a_04:block:fid11:part1:bldg186",
    "block_id": "vancouver_1912_MAP342a_04:block:fid11:part1",
    "block_fid": 11,
    "block_number": null,
    "text_inside": [
     "Hotel",
     "Hotel",
     "Cordova."
    ],
    "numerals_inside": [],
    "words_inside": [
     "Hotel",
     "Hotel",
     "Cordova."
    ],
    "floors": null,
    "wash_rgb": [
     253,
     214,
     209
    ],
    "wash_chroma": 15.7,
    "wash_lightness_delta": -28.2,
    "hue_deg": 6,
    "material": "brick",
    "area_source_px2": 11130,
    "centroid_source_px": [
     2929,
     3641
    ],
    "orphan": false,
    "centroid_map": [
     492142.712,
     5458964.469
    ]
   }
  },
  {
   "type": "Feature",
   "geometry": {
    "type": "Polygon",
    "coordinates": [
     [
      [
       492320.4,
       5458971.151
      ],
      [
       492312.582,
       5458973.224
      ],
      [
       492311.067,
       5458970.763
      ],
      [
       492309.343,
       5458970.405
      ],
      [
       492308.976,
       5458971.631
      ],
      [
       492309.856,
       5458970.758
      ],
      [
       492310.709,
       5458971.463
      ],
      [
       492309.972,
       5458974.09
      ],
      [
       492301.811,
       5458975.986
      ],
      [
       492296.104,
       5458955.62
      ],
      [
       492304.095,
       5458953.548
      ],
      [
       492306.23,
       5458960.221
      ],
      [
       492311.443,
       5458958.839
      ],
      [
       492312.298,
       5458959.369
      ],
      [
       492314.081,
       5458966.391
      ],
      [
       492317.907,
       5458965.179
      ],
      [
       492319.458,
       5458965.536
      ],
      [
       492320.4,
       5458971.151
      ]
     ]
    ]
   },
   "properties": {
    "sheet": "vancouver_1912_MAP342a_04",
    "building_id": "vancouver_1912_MAP342a_04:block:2:part2:bldg187",
    "block_id": "vancouver_1912_MAP342a_04:block:2:part2",
    "block_fid": 13,
    "block_number": "05",
    "text_inside": [
     "05",
     "66",
     "66",
     "66",
     "66",
     "66",
     "66",
     "66",
     "66"
    ],
    "numerals_inside": [
     "66",
     "66",
     "66",
     "66",
     "66",
     "66",
     "66",
     "66"
    ],
    "words_inside": [],
    "floors": null,
    "wash_rgb": [
     254,
     254,
     254
    ],
    "wash_chroma": 0.0,
    "wash_lightness_delta": -0.0,
    "hue_deg": 0,
    "material": "not a building (open lot, yard or court)",
    "area_source_px2": 9608,
    "centroid_source_px": [
     3877,
     3639
    ],
    "orphan": false,
    "centroid_map": [
     492306.66,
     5458965.484
    ]
   }
  },
  {
   "type": "Feature",
   "geometry": {
    "type": "Polygon",
    "coordinates": [
     [
      [
       492391.254,
       5458974.595
      ],
      [
       492384.486,
       5458975.971
      ],
      [
       492380.257,
       5458960.17
      ],
      [
       492381.489,
       5458958.948
      ],
      [
       492381.37,
       5458955.79
      ],
      [
       492382.574,
       5458956.146
      ],
      [
       492383.871,
       5458961.237
      ],
      [
       492385.297,
       5458958.788
      ],
      [
       492386.85,
       5458958.969
      ],
      [
       492386.117,
       5458961.422
      ],
      [
       492385.07,
       5458961.943
      ],
      [
       492386.09,
       5458963.0
      ],
      [
       492386.806,
       5458961.6
      ],
      [
       492388.183,
       5458961.956
      ],
      [
       492387.62,
       5458964.584
      ],
      [
       492390.915,
       5458964.072
      ],
      [
       492391.57,
       5458966.179
      ],
      [
       492389.653,
       5458967.048
      ],
      [
       492391.254,
       5458974.595
      ]
     ]
    ]
   },
   "properties": {
    "sheet": "vancouver_1912_MAP342a_04",
    "building_id": "vancouver_1912_MAP342a_04:block:2:part2:bldg188",
    "block_id": "vancouver_1912_MAP342a_04:block:2:part2",
    "block_fid": 13,
    "block_number": "05",
    "text_inside": [
     "05",
     "05",
     "26",
     "50",
     "26",
     "50"
    ],
    "numerals_inside": [],
    "words_inside": [],
    "floors": null,
    "wash_rgb": [
     253,
     216,
     214
    ],
    "wash_chroma": 14.4,
    "wash_lightness_delta": -26.7,
    "hue_deg": 4,
    "material": "brick",
    "area_source_px2": 3988,
    "centroid_source_px": [
     4336,
     3628
    ],
    "orphan": false,
    "centroid_map": [
     492386.009,
     5458967.734
    ]
   }
  },
  {
   "type": "Feature",
   "geometry": {
    "type": "Polygon",
    "coordinates": [
     [
      [
       492377.049,
       5458965.769
      ],
      [
       492372.531,
       5458966.978
      ],
      [
       492370.999,
       5458965.569
      ],
      [
       492364.394,
       5458967.471
      ],
      [
       492364.868,
       5458970.104
      ],
      [
       492363.487,
       5458969.923
      ],
      [
       492355.699,
       5458939.728
      ],
      [
       492357.08,
       5458939.909
      ],
      [
       492362.128,
       5458958.343
      ],
      [
       492366.824,
       5458956.784
      ],
      [
       492369.571,
       5458958.022
      ],
      [
       492370.471,
       5458955.922
      ],
      [
       492376.205,
       5458954.367
      ],
      [
       492378.278,
       5458954.55
      ],
      [
       492378.439,
       5458955.252
      ],
      [
       492375.8,
       5458957.872
      ],
      [
       492377.419,
       5458964.368
      ],
      [
       492377.049,
       5458965.769
      ]
     ]
    ]
   },
   "properties": {
    "sheet": "vancouver_1912_MAP342a_04",
    "building_id": "vancouver_1912_MAP342a_04:block:2:part2:bldg189",
    "block_id": "vancouver_1912_MAP342a_04:block:2:part2",
    "block_fid": 13,
    "block_number": "05",
    "text_inside": [
     "2"
    ],
    "numerals_inside": [
     "2"
    ],
    "words_inside": [],
    "floors": null,
    "wash_rgb": [
     254,
     254,
     254
    ],
    "wash_chroma": 0.2,
    "wash_lightness_delta": -0.3,
    "hue_deg": 0,
    "material": "not a building (open lot, yard or court)",
    "area_source_px2": 6134,
    "centroid_source_px": [
     4233,
     3670
    ],
    "orphan": false,
    "centroid_map": [
     492368.321,
     5458960.297
    ]
   }
  },
  {
   "type": "Feature",
   "geometry": {
    "type": "Polygon",
    "coordinates": [
     [
      [
       491999.429,
       5458968.798
      ],
      [
       491973.737,
       5458943.792
      ],
      [
       491974.626,
       5458942.392
      ],
      [
       491976.358,
       5458942.224
      ],
      [
       491977.089,
       5458939.947
      ],
      [
       491978.485,
       5458939.251
      ],
      [
       492003.669,
       5458963.554
      ],
      [
       492003.645,
       5458964.957
      ],
      [
       491999.429,
       5458968.798
      ]
     ]
    ]
   },
   "properties": {
    "sheet": "vancouver_1912_MAP342a_04",
    "building_id": "vancouver_1912_MAP342a_04:block:4:part2:bldg190",
    "block_id": "vancouver_1912_MAP342a_04:block:4:part2",
    "block_fid": 12,
    "block_number": null,
    "text_inside": [
     "B",
     "B",
     "B",
     "B",
     "B",
     "B",
     "B",
     "B",
     "B",
     "B",
     "20"
    ],
    "numerals_inside": [],
    "words_inside": [],
    "floors": null,
    "wash_rgb": [
     253,
     214,
     211
    ],
    "wash_chroma": 15.1,
    "wash_lightness_delta": -28.2,
    "hue_deg": 4,
    "material": "brick",
    "area_source_px2": 7860,
    "centroid_source_px": [
     2041,
     3696
    ],
    "orphan": false,
    "centroid_map": [
     491989.3,
     5458954.202
    ]
   }
  },
  {
   "type": "Feature",
   "geometry": {
    "type": "Polygon",
    "coordinates": [
     [
      [
       492404.998,
       5458969.916
      ],
      [
       492402.588,
       5458969.205
      ],
      [
       492401.193,
       5458969.9
      ],
      [
       492400.355,
       5458968.319
      ],
      [
       492396.067,
       5458966.197
      ],
      [
       492397.302,
       5458964.799
      ],
      [
       492395.041,
       5458965.491
      ],
      [
       492389.048,
       5458961.96
      ],
      [
       492390.449,
       5458960.913
      ],
      [
       492391.991,
       5458961.796
      ],
      [
       492392.874,
       5458960.747
      ],
      [
       492394.075,
       5458961.278
      ],
      [
       492394.728,
       5458963.561
      ],
      [
       492397.504,
       5458963.046
      ],
      [
       492399.717,
       5458965.159
      ],
      [
       492399.007,
       5458966.209
      ],
      [
       492400.033,
       5458966.914
      ],
      [
       492400.755,
       5458965.164
      ],
      [
       492402.138,
       5458965.169
      ],
      [
       492401.819,
       5458963.59
      ],
      [
       492400.096,
       5458963.232
      ],
      [
       492398.736,
       5458961.823
      ],
      [
       492397.519,
       5458962.169
      ],
      [
       492396.848,
       5458960.939
      ],
      [
       492395.131,
       5458960.23
      ],
      [
       492396.714,
       5458958.659
      ],
      [
       492394.457,
       5458959.176
      ],
      [
       492389.337,
       5458955.121
      ],
      [
       492389.701,
       5458954.071
      ],
      [
       492392.128,
       5458953.73
      ],
      [
       492392.325,
       5458952.327
      ],
      [
       492398.065,
       5458950.422
      ],
      [
       492395.638,
       5458950.763
      ],
      [
       492394.129,
       5458947.951
      ],
      [
       492394.767,
       5458951.11
      ],
      [
       492390.947,
       5458951.971
      ],
      [
       492390.127,
       5458949.337
      ],
      [
       492388.753,
       5458948.806
      ],
      [
       492390.754,
       5458953.198
      ],
      [
       492388.669,
       5458953.716
      ],
      [
       492387.948,
       5458955.466
      ],
      [
       492386.612,
       5458952.655
      ],
      [
       492382.443,
       5458953.69
      ],
      [
       492381.76,
       5458953.161
      ],
      [
       492381.441,
       5458951.582
      ],
      [
       492384.402,
       5458950.366
      ],
      [
       492383.096,
       5458945.801
      ],
      [
       492383.716,
       5458950.013
      ],
      [
       492380.58,
       5458951.403
      ],
      [
       492379.721,
       5458951.049
      ],
      [
       492378.662,
       5458952.272
      ],
      [
       492377.979,
       5458951.743
      ],
      [
       492373.942,
       5458934.891
      ],
      [
       492379.154,
       5458933.509
      ],
      [
       492380.162,
       5458935.267
      ],
      [
       492380.881,
       5458933.692
      ],
      [
       492382.762,
       5458934.927
      ],
      [
       492383.743,
       5458938.263
      ],
      [
       492383.287,
       5458934.578
      ],
      [
       492386.069,
       5458933.713
      ],
      [
       492384.358,
       5458932.654
      ],
      [
       492384.716,
       5458931.954
      ],
      [
       492403.304,
       5458927.119
      ],
      [
       492404.855,
       5458927.476
      ],
      [
       492404.932,
       5458933.088
      ],
      [
       492403.88,
       5458933.96
      ],
      [
       492404.906,
       5458934.666
      ],
      [
       492404.873,
       5458936.595
      ],
      [
       492403.471,
       5458937.642
      ],
      [
       492403.978,
       5458938.345
      ],
      [
       492402.723,
       5458940.971
      ],
      [
       492400.454,
       5458942.189
      ],
      [
       492403.063,
       5458941.323
      ],
      [
       492404.959,
       5458941.681
      ],
      [
       492402.475,
       5458945.354
      ],
      [
       492403.462,
       5458948.339
      ],
      [
       492402.928,
       5458949.214
      ],
      [
       492405.001,
       5458949.398
      ],
      [
       492404.95,
       5458962.55
      ],
      [
       492403.549,
       5458963.597
      ],
      [
       492405.099,
       5458963.954
      ],
      [
       492404.998,
       5458969.916
      ]
     ]
    ]
   },
   "properties": {
    "sheet": "vancouver_1912_MAP342a_04",
    "building_id": "vancouver_1912_MAP342a_04:block:2:part2:bldg191",
    "block_id": "vancouver_1912_MAP342a_04:block:2:part2",
    "block_fid": 13,
    "block_number": "05",
    "text_inside": [
     "Bra",
     "Hotel",
     "50",
     "26",
     "50"
    ],
    "numerals_inside": [],
    "words_inside": [
     "Bra",
     "Hotel"
    ],
    "floors": null,
    "wash_rgb": [
     254,
     217,
     218
    ],
    "wash_chroma": 13.8,
    "wash_lightness_delta": -25.5,
    "hue_deg": 358,
    "material": "brick",
    "area_source_px2": 25468,
    "centroid_source_px": [
     4374,
     3758
    ],
    "orphan": false,
    "centroid_map": [
     492392.969,
     5458944.965
    ]
   }
  },
  {
   "type": "Feature",
   "geometry": {
    "type": "Polygon",
    "coordinates": [
     [
      [
       492332.387,
       5458968.043
      ],
      [
       492331.373,
       5458966.636
      ],
      [
       492332.083,
       5458965.587
      ],
      [
       492329.697,
       5458963.473
      ],
      [
       492325.642,
       5458947.673
      ],
      [
       492334.152,
       5458945.603
      ],
      [
       492335.005,
       5458946.308
      ],
      [
       492339.236,
       5458961.933
      ],
      [
       492336.278,
       5458962.973
      ],
      [
       492336.907,
       5458966.659
      ],
      [
       492332.387,
       5458968.043
      ]
     ]
    ]
   },
   "properties": {
    "sheet": "vancouver_1912_MAP342a_04",
    "building_id": "vancouver_1912_MAP342a_04:block:2:part2:bldg192",
    "block_id": "vancouver_1912_MAP342a_04:block:2:part2",
    "block_fid": 13,
    "block_number": "05",
    "text_inside": [
     "66"
    ],
    "numerals_inside": [
     "66"
    ],
    "words_inside": [],
    "floors": null,
    "wash_rgb": [
     254,
     254,
     254
    ],
    "wash_chroma": 0.0,
    "wash_lightness_delta": -0.0,
    "hue_deg": 0,
    "material": "not a building (open lot, yard or court)",
    "area_source_px2": 6066,
    "centroid_source_px": [
     4026,
     3694
    ],
    "orphan": false,
    "centroid_map": [
     492332.593,
     5458955.944
    ]
   }
  },
  {
   "type": "Feature",
   "geometry": {
    "type": "Polygon",
    "coordinates": [
     [
      [
       492007.805,
       5458964.448
      ],
      [
       492006.794,
       5458962.866
      ],
      [
       492027.39,
       5458941.729
      ],
      [
       492029.656,
       5458940.686
      ],
      [
       492031.078,
       5458938.412
      ],
      [
       492032.638,
       5458938.243
      ],
      [
       492034.325,
       5458940.705
      ],
      [
       492033.267,
       5458941.929
      ],
      [
       492034.293,
       5458942.634
      ],
      [
       492015.28,
       5458962.199
      ],
      [
       492012.853,
       5458962.539
      ],
      [
       492011.061,
       5458966.215
      ],
      [
       492007.805,
       5458964.448
      ]
     ]
    ]
   },
   "properties": {
    "sheet": "vancouver_1912_MAP342a_04",
    "building_id": "vancouver_1912_MAP342a_04:block:4:part2:bldg193",
    "block_id": "vancouver_1912_MAP342a_04:block:4:part2",
    "block_fid": 12,
    "block_number": null,
    "text_inside": [],
    "numerals_inside": [],
    "words_inside": [],
    "floors": null,
    "wash_rgb": [
     254,
     254,
     253
    ],
    "wash_chroma": 0.7,
    "wash_lightness_delta": -0.6,
    "hue_deg": 60,
    "material": "not a building (open lot, yard or court)",
    "area_source_px2": 6186,
    "centroid_source_px": [
     2224,
     3707
    ],
    "orphan": false,
    "centroid_map": [
     492020.982,
     5458952.401
    ]
   }
  },
  {
   "type": "Feature",
   "geometry": {
    "type": "Polygon",
    "coordinates": [
     [
      [
       492005.231,
       5458963.21
      ],
      [
       492003.338,
       5458962.676
      ],
      [
       491979.185,
       5458938.728
      ],
      [
       491983.244,
       5458934.01
      ],
      [
       491984.448,
       5458934.365
      ],
      [
       492009.457,
       5458958.843
      ],
      [
       492005.231,
       5458963.21
      ]
     ]
    ]
   },
   "properties": {
    "sheet": "vancouver_1912_MAP342a_04",
    "building_id": "vancouver_1912_MAP342a_04:block:4:part2:bldg194",
    "block_id": "vancouver_1912_MAP342a_04:block:4:part2",
    "block_fid": 12,
    "block_number": null,
    "text_inside": [
     "19"
    ],
    "numerals_inside": [],
    "words_inside": [],
    "floors": null,
    "wash_rgb": [
     253,
     205,
     206
    ],
    "wash_chroma": 18.5,
    "wash_lightness_delta": -33.9,
    "hue_deg": 358,
    "material": "brick",
    "area_source_px2": 8156,
    "centroid_source_px": [
     2070,
     3726
    ],
    "orphan": false,
    "centroid_map": [
     491994.405,
     5458948.961
    ]
   }
  },
  {
   "type": "Feature",
   "geometry": {
    "type": "Polygon",
    "coordinates": [
     [
      [
       492010.503,
       5458958.321
      ],
      [
       492007.083,
       5458956.027
      ],
      [
       491984.287,
       5458933.663
      ],
      [
       491990.633,
       5458926.674
      ],
      [
       491992.89,
       5458926.157
      ],
      [
       492001.737,
       5458934.786
      ],
      [
       492000.854,
       5458935.835
      ],
      [
       492003.07,
       5458937.773
      ],
      [
       492004.116,
       5458937.251
      ],
      [
       492008.714,
       5458941.478
      ],
      [
       492009.537,
       5458943.937
      ],
      [
       492017.025,
       5458951.157
      ],
      [
       492010.503,
       5458958.321
      ]
     ]
    ]
   },
   "properties": {
    "sheet": "vancouver_1912_MAP342a_04",
    "building_id": "vancouver_1912_MAP342a_04:block:4:part2:bldg195",
    "block_id": "vancouver_1912_MAP342a_04:block:4:part2",
    "block_fid": 12,
    "block_number": null,
    "text_inside": [
     "18"
    ],
    "numerals_inside": [],
    "words_inside": [],
    "floors": null,
    "wash_rgb": [
     253,
     202,
     206
    ],
    "wash_chroma": 19.3,
    "wash_lightness_delta": -35.2,
    "hue_deg": 356,
    "material": "brick",
    "area_source_px2": 12938,
    "centroid_source_px": [
     2107,
     3765
    ],
    "orphan": false,
    "centroid_map": [
     492000.92,
     5458942.148
    ]
   }
  },
  {
   "type": "Feature",
   "geometry": {
    "type": "Polygon",
    "coordinates": [
     [
      [
       492282.271,
       5458955.389
      ],
      [
       492283.339,
       5458953.639
      ],
      [
       492284.379,
       5458953.468
      ],
      [
       492284.397,
       5458952.416
      ],
      [
       492285.969,
       5458951.546
      ],
      [
       492327.321,
       5458940.49
      ],
      [
       492333.145,
       5458943.845
      ],
      [
       492332.259,
       5458945.069
      ],
      [
       492330.377,
       5458943.834
      ],
      [
       492329.504,
       5458944.357
      ],
      [
       492329.483,
       5458945.584
      ],
      [
       492327.217,
       5458946.627
      ],
      [
       492290.206,
       5458956.649
      ],
      [
       492289.18,
       5458955.943
      ],
      [
       492289.043,
       5458953.838
      ],
      [
       492288.011,
       5458953.483
      ],
      [
       492285.34,
       5458958.032
      ],
      [
       492283.261,
       5458958.199
      ],
      [
       492282.271,
       5458955.389
      ]
     ]
    ]
   },
   "properties": {
    "sheet": "vancouver_1912_MAP342a_04",
    "building_id": "vancouver_1912_MAP342a_04:block:2:bldg196",
    "block_id": null,
    "block_fid": 13,
    "block_number": null,
    "text_inside": [
     "2"
    ],
    "numerals_inside": [
     "2"
    ],
    "words_inside": [],
    "floors": null,
    "wash_rgb": [
     254,
     254,
     254
    ],
    "wash_chroma": 0.0,
    "wash_lightness_delta": -0.0,
    "hue_deg": 0,
    "material": "not a building (open lot, yard or court)",
    "area_source_px2": 9221,
    "centroid_source_px": [
     3879,
     3734
    ],
    "orphan": true,
    "orphan_because": "its block was rejected, split away or never traced",
    "centroid_map": [
     492307.289,
     5458948.826
    ]
   }
  },
  {
   "type": "Feature",
   "geometry": {
    "type": "Polygon",
    "coordinates": [
     [
      [
       492081.799,
       5458956.155
      ],
      [
       492082.351,
       5458954.228
      ],
      [
       492081.674,
       5458953.348
      ],
      [
       492082.733,
       5458952.125
      ],
      [
       492129.473,
       5458939.512
      ],
      [
       492132.365,
       5458942.33
      ],
      [
       492131.313,
       5458943.203
      ],
      [
       492129.762,
       5458942.846
      ],
      [
       492128.185,
       5458944.067
      ],
      [
       492102.466,
       5458951.153
      ],
      [
       492081.799,
       5458956.155
      ]
     ]
    ]
   },
   "properties": {
    "sheet": "vancouver_1912_MAP342a_04",
    "building_id": "vancouver_1912_MAP342a_04:block:4:part1:bldg197",
    "block_id": "vancouver_1912_MAP342a_04:block:4:part1",
    "block_fid": 12,
    "block_number": "11",
    "text_inside": [],
    "numerals_inside": [],
    "words_inside": [],
    "floors": null,
    "wash_rgb": [
     254,
     254,
     254
    ],
    "wash_chroma": 0.2,
    "wash_lightness_delta": -0.2,
    "hue_deg": 0,
    "material": "not a building (open lot, yard or court)",
    "area_source_px2": 6719,
    "centroid_source_px": [
     2717,
     3735
    ],
    "orphan": false,
    "centroid_map": [
     492106.328,
     5458947.836
    ]
   }
  },
  {
   "type": "Feature",
   "geometry": {
    "type": "Polygon",
    "coordinates": [
     [
      [
       492362.662,
       5458957.468
      ],
      [
       492357.435,
       5458939.384
      ],
      [
       492372.38,
       5458935.236
      ],
      [
       492373.888,
       5458938.048
      ],
      [
       492377.78,
       5458953.321
      ],
      [
       492370.823,
       5458955.572
      ],
      [
       492368.768,
       5458954.336
      ],
      [
       492366.851,
       5458955.205
      ],
      [
       492367.352,
       5458956.26
      ],
      [
       492362.662,
       5458957.468
      ]
     ]
    ]
   },
   "properties": {
    "sheet": "vancouver_1912_MAP342a_04",
    "building_id": "vancouver_1912_MAP342a_04:block:2:part2:bldg198",
    "block_id": "vancouver_1912_MAP342a_04:block:2:part2",
    "block_fid": 13,
    "block_number": "05",
    "text_inside": [],
    "numerals_inside": [],
    "words_inside": [],
    "floors": null,
    "wash_rgb": [
     253,
     206,
     213
    ],
    "wash_chroma": 18.1,
    "wash_lightness_delta": -32.6,
    "hue_deg": 352,
    "material": "brick",
    "area_source_px2": 9824,
    "centroid_source_px": [
     4227,
     3750
    ],
    "orphan": false,
    "centroid_map": [
     492367.522,
     5458946.264
    ]
   }
  },
  {
   "type": "Feature",
   "geometry": {
    "type": "Polygon",
    "coordinates": [
     [
      [
       492059.692,
       5458954.311
      ],
      [
       492056.814,
       5458950.617
      ],
      [
       492041.64,
       5458897.068
      ],
      [
       492042.353,
       5458895.843
      ],
      [
       492041.163,
       5458894.611
      ],
      [
       492044.124,
       5458893.395
      ],
      [
       492041.521,
       5458893.911
      ],
      [
       492040.504,
       5458892.679
      ],
      [
       492034.657,
       5458870.383
      ],
      [
       492048.377,
       5458856.935
      ],
      [
       492057.292,
       5458851.36
      ],
      [
       492076.248,
       5458845.298
      ],
      [
       492124.017,
       5458833.216
      ],
      [
       492125.872,
       5458836.03
      ],
      [
       492129.644,
       5458837.974
      ],
      [
       492128.591,
       5458838.847
      ],
      [
       492129.077,
       5458840.778
      ],
      [
       492126.313,
       5458840.591
      ],
      [
       492125.463,
       5458839.711
      ],
      [
       492125.845,
       5458837.608
      ],
      [
       492122.201,
       5458838.295
      ],
      [
       492116.804,
       5458840.377
      ],
      [
       492113.512,
       5458840.714
      ],
      [
       492113.121,
       5458843.343
      ],
      [
       492108.437,
       5458844.201
      ],
      [
       492105.816,
       5458845.769
      ],
      [
       492104.96,
       5458845.239
      ],
      [
       492098.012,
       5458846.965
      ],
      [
       492098.853,
       5458848.371
      ],
      [
       492097.974,
       5458849.245
      ],
      [
       492095.752,
       5458847.657
      ],
      [
       492093.489,
       5458848.525
      ],
      [
       492094.336,
       5458849.581
      ],
      [
       492093.456,
       5458850.454
      ],
      [
       492091.059,
       5458849.041
      ],
      [
       492088.965,
       5458850.085
      ],
      [
       492088.942,
       5458851.488
      ],
      [
       492087.406,
       5458850.254
      ],
      [
       492084.97,
       5458851.121
      ],
      [
       492085.465,
       5458852.526
      ],
      [
       492081.466,
       5458853.737
      ],
      [
       492079.746,
       5458853.204
      ],
      [
       492079.248,
       5458851.975
      ],
      [
       492082.376,
       5458851.111
      ],
      [
       492081.705,
       5458849.88
      ],
      [
       492078.75,
       5458850.745
      ],
      [
       492077.399,
       5458848.811
      ],
      [
       492073.925,
       5458849.673
      ],
      [
       492074.757,
       5458851.606
      ],
      [
       492071.453,
       5458852.645
      ],
      [
       492071.435,
       5458853.697
      ],
      [
       492072.986,
       5458854.054
      ],
      [
       492075.601,
       5458852.837
      ],
      [
       492076.952,
       5458854.771
      ],
      [
       492072.428,
       5458856.331
      ],
      [
       492070.204,
       5458854.919
      ],
      [
       492067.24,
       5458856.31
      ],
      [
       492066.068,
       5458854.026
      ],
      [
       492064.338,
       5458854.019
      ],
      [
       492064.016,
       5458852.614
      ],
      [
       492059.851,
       5458853.474
      ],
      [
       492060.504,
       5458855.757
      ],
      [
       492059.117,
       5458855.927
      ],
      [
       492060.283,
       5458858.562
      ],
      [
       492055.962,
       5458858.369
      ],
      [
       492056.803,
       5458859.775
      ],
      [
       492056.27,
       5458860.65
      ],
      [
       492053.329,
       5458860.638
      ],
      [
       492051.746,
       5458862.21
      ],
      [
       492053.106,
       5458863.619
      ],
      [
       492042.741,
       5458873.047
      ],
      [
       492043.555,
       5458876.031
      ],
      [
       492041.971,
       5458877.603
      ],
      [
       492043.304,
       5458880.59
      ],
      [
       492044.354,
       5458879.892
      ],
      [
       492045.034,
       5458880.597
      ],
      [
       492045.347,
       5458882.527
      ],
      [
       492044.288,
       5458883.75
      ],
      [
       492044.756,
       5458886.734
      ],
      [
       492046.662,
       5458886.566
      ],
      [
       492046.811,
       5458887.969
      ],
      [
       492045.585,
       5458888.841
      ],
      [
       492046.22,
       5458892.176
      ],
      [
       492046.906,
       5458892.529
      ],
      [
       492047.613,
       5458891.655
      ],
      [
       492048.618,
       5458893.589
      ],
      [
       492047.21,
       5458894.986
      ],
      [
       492048.024,
       5458897.97
      ],
      [
       492049.414,
       5458897.625
      ],
      [
       492050.094,
       5458898.33
      ],
      [
       492050.24,
       5458899.909
      ],
      [
       492049.014,
       5458900.78
      ],
      [
       492049.819,
       5458904.291
      ],
      [
       492115.498,
       5458886.669
      ],
      [
       492140.503,
       5458880.808
      ],
      [
       492140.309,
       5458882.035
      ],
      [
       492137.876,
       5458882.727
      ],
      [
       492138.034,
       5458883.604
      ],
      [
       492140.602,
       5458885.193
      ],
      [
       492139.549,
       5458886.065
      ],
      [
       492090.733,
       5458898.67
      ],
      [
       492051.626,
       5458909.91
      ],
      [
       492052.431,
       5458913.421
      ],
      [
       492054.161,
       5458913.428
      ],
      [
       492052.572,
       5458915.351
      ],
      [
       492054.25,
       5458918.339
      ],
      [
       492054.37,
       5458921.496
      ],
      [
       492055.395,
       5458922.201
      ],
      [
       492055.034,
       5458923.077
      ],
      [
       492056.835,
       5458929.047
      ],
      [
       492058.738,
       5458929.054
      ],
      [
       492064.126,
       5458947.841
      ],
      [
       492068.125,
       5458946.629
      ],
      [
       492070.698,
       5458947.867
      ],
      [
       492072.788,
       5458946.999
      ],
      [
       492072.639,
       5458945.595
      ],
      [
       492076.638,
       5458944.384
      ],
      [
       492079.384,
       5458945.623
      ],
      [
       492081.128,
       5458944.753
      ],
      [
       492080.979,
       5458943.349
      ],
      [
       492082.894,
       5458942.656
      ],
      [
       492086.159,
       5458943.897
      ],
      [
       492087.903,
       5458943.027
      ],
      [
       492087.232,
       5458941.796
      ],
      [
       492088.106,
       5458941.274
      ],
      [
       492089.984,
       5458942.684
      ],
      [
       492092.945,
       5458941.469
      ],
      [
       492092.969,
       5458940.066
      ],
      [
       492094.508,
       5458941.124
      ],
      [
       492097.457,
       5458940.61
      ],
      [
       492096.965,
       5458939.03
      ],
      [
       492098.012,
       5458938.508
      ],
      [
       492099.544,
       5458939.917
      ],
      [
       492101.617,
       5458940.101
      ],
      [
       492102.848,
       5458938.878
      ],
      [
       492102.875,
       5458937.3
      ],
      [
       492106.313,
       5458938.542
      ],
      [
       492107.882,
       5458937.847
      ],
      [
       492107.032,
       5458936.966
      ],
      [
       492107.565,
       5458936.092
      ],
      [
       492111.006,
       5458937.158
      ],
      [
       492112.748,
       5458936.463
      ],
      [
       492112.071,
       5458935.584
      ],
      [
       492112.778,
       5458934.71
      ],
      [
       492114.832,
       5458935.946
      ],
      [
       492116.565,
       5458935.777
      ],
      [
       492118.67,
       5458934.032
      ],
      [
       492119.696,
       5458934.738
      ],
      [
       492122.472,
       5458934.223
      ],
      [
       492123.196,
       5458932.297
      ],
      [
       492126.455,
       5458933.888
      ],
      [
       492127.195,
       5458931.085
      ],
      [
       492128.731,
       5458932.319
      ],
      [
       492130.979,
       5458932.328
      ],
      [
       492129.911,
       5458934.078
      ],
      [
       492129.664,
       5458938.461
      ],
      [
       492066.24,
       5458955.741
      ],
      [
       492062.781,
       5458955.727
      ],
      [
       492059.692,
       5458954.311
      ]
     ]
    ]
   },
   "properties": {
    "sheet": "vancouver_1912_MAP342a_04",
    "building_id": "vancouver_1912_MAP342a_04:block:4:part1:bldg199",
    "block_id": "vancouver_1912_MAP342a_04:block:4:part1",
    "block_fid": 12,
    "block_number": "11",
    "text_inside": [
     "187",
     "102",
     "157",
     "102",
     "CRIMID",
     "BLM.",
     "BLM.",
     "BLM.",
     "BLM.",
     "BLM.",
     "BLM.",
     "BLM.",
     "12",
     "BLM.",
     "BLM.",
     "BLM.",
     "BLM."
    ],
    "numerals_inside": [
     "102",
     "102"
    ],
    "words_inside": [
     "CRIMID",
     "BLM.",
     "BLM.",
     "BLM.",
     "BLM.",
     "BLM.",
     "BLM.",
     "BLM.",
     "BLM.",
     "BLM.",
     "BLM.",
     "BLM."
    ],
    "floors": null,
    "wash_rgb": [
     254,
     254,
     254
    ],
    "wash_chroma": 0.2,
    "wash_lightness_delta": -0.1,
    "hue_deg": 0,
    "material": "not a building (open lot, yard or court)",
    "area_source_px2": 72366,
    "centroid_source_px": [
     2553,
     4021
    ],
    "orphan": false,
    "centroid_map": [
     492078.818,
     5458897.569
    ]
   }
  },
  {
   "type": "Feature",
   "geometry": {
    "type": "Polygon",
    "coordinates": [
     [
      [
       492194.265,
       5458953.629
      ],
      [
       492193.418,
       5458952.574
      ],
      [
       492192.306,
       5458946.782
      ],
      [
       492195.771,
       5458946.445
      ],
      [
       492195.622,
       5458945.042
      ],
      [
       492197.548,
       5458943.646
      ],
      [
       492199.096,
       5458944.179
      ],
      [
       492200.146,
       5458943.482
      ],
      [
       492201.502,
       5458945.065
      ],
      [
       492202.03,
       5458944.541
      ],
      [
       492200.843,
       5458943.134
      ],
      [
       492204.493,
       5458942.096
      ],
      [
       492202.26,
       5458941.21
      ],
      [
       492198.953,
       5458942.425
      ],
      [
       492195.36,
       5458940.13
      ],
      [
       492196.582,
       5458939.434
      ],
      [
       492198.992,
       5458940.145
      ],
      [
       492199.188,
       5458938.743
      ],
      [
       492201.1,
       5458938.224
      ],
      [
       492201.947,
       5458939.28
      ],
      [
       492202.814,
       5458939.108
      ],
      [
       492201.965,
       5458938.228
      ],
      [
       492202.674,
       5458937.179
      ],
      [
       492200.963,
       5458936.119
      ],
      [
       492197.999,
       5458937.51
      ],
      [
       492194.191,
       5458937.67
      ],
      [
       492193.311,
       5458938.544
      ],
      [
       492189.679,
       5458938.529
      ],
      [
       492187.753,
       5458939.924
      ],
      [
       492186.778,
       5458936.237
      ],
      [
       492194.254,
       5458933.988
      ],
      [
       492196.305,
       5458935.399
      ],
      [
       492198.568,
       5458934.531
      ],
      [
       492197.373,
       5458933.65
      ],
      [
       492197.903,
       5458932.95
      ],
      [
       492205.197,
       5458931.226
      ],
      [
       492210.43,
       5458948.96
      ],
      [
       492194.265,
       5458953.629
      ]
     ]
    ]
   },
   "properties": {
    "sheet": "vancouver_1912_MAP342a_04",
    "building_id": "vancouver_1912_MAP342a_04:block:fid11:part1:bldg200",
    "block_id": "vancouver_1912_MAP342a_04:block:fid11:part1",
    "block_fid": 11,
    "block_number": null,
    "text_inside": [
     "Nagle",
     "Hotel"
    ],
    "numerals_inside": [],
    "words_inside": [
     "Nagle",
     "Hotel"
    ],
    "floors": null,
    "wash_rgb": [
     253,
     223,
     216
    ],
    "wash_chroma": 12.1,
    "wash_lightness_delta": -22.3,
    "hue_deg": 12,
    "material": "brick",
    "area_source_px2": 8202,
    "centroid_source_px": [
     3263,
     3765
    ],
    "orphan": false,
    "centroid_map": [
     492200.846,
     5458942.958
    ]
   }
  },
  {
   "type": "Feature",
   "geometry": {
    "type": "Polygon",
    "coordinates": [
     [
      [
       492282.325,
       5458952.232
      ],
      [
       492281.138,
       5458950.825
      ],
      [
       492279.85,
       5458945.208
      ],
      [
       492281.445,
       5458942.934
      ],
      [
       492280.777,
       5458941.529
      ],
      [
       492278.362,
       5458941.168
      ],
      [
       492271.42,
       5458942.543
      ],
      [
       492270.773,
       5458939.91
      ],
      [
       492273.216,
       5458938.692
      ],
      [
       492270.278,
       5458938.505
      ],
      [
       492269.962,
       5458936.75
      ],
      [
       492271.37,
       5458935.352
      ],
      [
       492270.72,
       5458932.895
      ],
      [
       492268.817,
       5458932.887
      ],
      [
       492264.923,
       5458917.789
      ],
      [
       492266.301,
       5458918.146
      ],
      [
       492268.651,
       5458922.364
      ],
      [
       492272.762,
       5458924.661
      ],
      [
       492273.827,
       5458923.087
      ],
      [
       492274.835,
       5458924.844
      ],
      [
       492276.388,
       5458925.026
      ],
      [
       492277.921,
       5458926.435
      ],
      [
       492280.512,
       5458926.621
      ],
      [
       492279.785,
       5458928.723
      ],
      [
       492281.669,
       5458929.782
      ],
      [
       492282.337,
       5458931.188
      ],
      [
       492284.09,
       5458929.792
      ],
      [
       492285.978,
       5458930.677
      ],
      [
       492286.351,
       5458929.1
      ],
      [
       492282.406,
       5458927.155
      ],
      [
       492280.554,
       5458924.166
      ],
      [
       492278.637,
       5458925.035
      ],
      [
       492276.767,
       5458923.098
      ],
      [
       492274.012,
       5458922.386
      ],
      [
       492272.494,
       5458920.1
      ],
      [
       492269.73,
       5458919.913
      ],
      [
       492269.229,
       5458918.859
      ],
      [
       492264.258,
       5458916.208
      ],
      [
       492264.792,
       5458915.334
      ],
      [
       492270.004,
       5458913.952
      ],
      [
       492271.507,
       5458917.115
      ],
      [
       492271.531,
       5458915.712
      ],
      [
       492272.742,
       5458915.717
      ],
      [
       492272.858,
       5458919.049
      ],
      [
       492276.281,
       5458921.167
      ],
      [
       492277.852,
       5458920.297
      ],
      [
       492277.829,
       5458921.7
      ],
      [
       492278.851,
       5458922.581
      ],
      [
       492280.775,
       5458921.361
      ],
      [
       492283.169,
       5458922.949
      ],
      [
       492282.456,
       5458924.174
      ],
      [
       492283.831,
       5458924.705
      ],
      [
       492283.682,
       5458923.302
      ],
      [
       492285.069,
       5458923.132
      ],
      [
       492284.067,
       5458921.024
      ],
      [
       492280.629,
       5458919.782
      ],
      [
       492279.442,
       5458918.374
      ],
      [
       492278.055,
       5458918.544
      ],
      [
       492273.955,
       5458915.546
      ],
      [
       492274.665,
       5458914.497
      ],
      [
       492277.948,
       5458914.686
      ],
      [
       492278.169,
       5458911.88
      ],
      [
       492282.516,
       5458910.495
      ],
      [
       492283.372,
       5458911.025
      ],
      [
       492289.213,
       5458933.671
      ],
      [
       492284.341,
       5458935.405
      ],
      [
       492283.16,
       5458933.647
      ],
      [
       492283.303,
       5458935.401
      ],
      [
       492281.911,
       5458935.921
      ],
      [
       492281.258,
       5458933.639
      ],
      [
       492279.373,
       5458932.579
      ],
      [
       492278.323,
       5458933.276
      ],
      [
       492279.0,
       5458934.156
      ],
      [
       492278.637,
       5458935.207
      ],
      [
       492281.55,
       5458936.797
      ],
      [
       492282.546,
       5458939.256
      ],
      [
       492285.835,
       5458939.094
      ],
      [
       492286.315,
       5458941.376
      ],
      [
       492284.743,
       5458942.246
      ],
      [
       492287.868,
       5458941.557
      ],
      [
       492289.401,
       5458942.966
      ],
      [
       492291.649,
       5458942.976
      ],
      [
       492293.292,
       5458948.068
      ],
      [
       492292.752,
       5458949.293
      ],
      [
       492286.145,
       5458951.371
      ],
      [
       492284.609,
       5458950.137
      ],
      [
       492284.239,
       5458951.539
      ],
      [
       492282.325,
       5458952.232
      ]
     ]
    ]
   },
   "properties": {
    "sheet": "vancouver_1912_MAP342a_04",
    "building_id": "vancouver_1912_MAP342a_04:block:2:part1:bldg201",
    "block_id": "vancouver_1912_MAP342a_04:block:2:part1",
    "block_fid": 13,
    "block_number": null,
    "text_inside": [
     "9",
     "Atlantec",
     "Hotel"
    ],
    "numerals_inside": [
     "9"
    ],
    "words_inside": [
     "Atlantec",
     "Hotel"
    ],
    "floors": null,
    "wash_rgb": [
     253,
     209,
     213
    ],
    "wash_chroma": 16.7,
    "wash_lightness_delta": -30.7,
    "hue_deg": 354,
    "material": "brick",
    "area_source_px2": 16738,
    "centroid_source_px": [
     3714,
     3831
    ],
    "orphan": false,
    "centroid_map": [
     492279.042,
     5458931.701
    ]
   }
  },
  {
   "type": "Feature",
   "geometry": {
    "type": "Polygon",
    "coordinates": [
     [
      [
       492252.942,
       5458951.061
      ],
      [
       492252.456,
       5458949.13
      ],
      [
       492253.333,
       5458948.432
      ],
      [
       492253.002,
       5458947.554
      ],
      [
       492251.794,
       5458947.374
      ],
      [
       492251.493,
       5458944.742
      ],
      [
       492267.815,
       5458940.95
      ],
      [
       492269.092,
       5458947.268
      ],
      [
       492256.055,
       5458951.074
      ],
      [
       492252.942,
       5458951.061
      ]
     ]
    ]
   },
   "properties": {
    "sheet": "vancouver_1912_MAP342a_04",
    "building_id": "vancouver_1912_MAP342a_04:block:2:part1:bldg202",
    "block_id": "vancouver_1912_MAP342a_04:block:2:part1",
    "block_fid": 13,
    "block_number": null,
    "text_inside": [
     "D"
    ],
    "numerals_inside": [],
    "words_inside": [],
    "floors": null,
    "wash_rgb": [
     253,
     215,
     215
    ],
    "wash_chroma": 14.3,
    "wash_lightness_delta": -26.8,
    "hue_deg": 0,
    "material": "brick",
    "area_source_px2": 3726,
    "centroid_source_px": [
     3609,
     3749
    ],
    "orphan": false,
    "centroid_map": [
     492260.638,
     5458946.007
    ]
   }
  },
  {
   "type": "Feature",
   "geometry": {
    "type": "Polygon",
    "coordinates": [
     [
      [
       492055.094,
       5458950.084
      ],
      [
       492050.958,
       5458949.19
      ],
      [
       492036.795,
       5458897.223
      ],
      [
       492037.174,
       5458895.296
      ],
      [
       492038.366,
       5458896.353
      ],
      [
       492040.963,
       5458896.188
      ],
      [
       492052.995,
       5458941.307
      ],
      [
       492055.154,
       5458946.577
      ],
      [
       492055.094,
       5458950.084
      ]
     ]
    ]
   },
   "properties": {
    "sheet": "vancouver_1912_MAP342a_04",
    "building_id": "vancouver_1912_MAP342a_04:block:4:bldg203",
    "block_id": null,
    "block_fid": 12,
    "block_number": null,
    "text_inside": [],
    "numerals_inside": [],
    "words_inside": [],
    "floors": null,
    "wash_rgb": [
     254,
     254,
     254
    ],
    "wash_chroma": 0.3,
    "wash_lightness_delta": -0.2,
    "hue_deg": 0,
    "material": "not a building (open lot, yard or court)",
    "area_source_px2": 7666,
    "centroid_source_px": [
     2367,
     3874
    ],
    "orphan": true,
    "orphan_because": "its block was rejected, split away or never traced",
    "centroid_map": [
     492046.211,
     5458923.216
    ]
   }
  },
  {
   "type": "Feature",
   "geometry": {
    "type": "Polygon",
    "coordinates": [
     [
      [
       492020.713,
       5458947.84
      ],
      [
       492015.444,
       5458942.382
      ],
      [
       492024.945,
       5458932.951
      ],
      [
       492009.812,
       5458917.632
      ],
      [
       492010.689,
       5458916.934
      ],
      [
       492012.582,
       5458917.468
      ],
      [
       492012.904,
       5458918.873
      ],
      [
       492019.891,
       5458925.039
      ],
      [
       492013.441,
       5458917.822
      ],
      [
       492014.845,
       5458916.601
      ],
      [
       492014.523,
       5458915.196
      ],
      [
       492017.526,
       5458911.526
      ],
      [
       492019.78,
       5458911.184
      ],
      [
       492021.042,
       5458908.208
      ],
      [
       492025.252,
       5458904.718
      ],
      [
       492025.628,
       5458902.965
      ],
      [
       492024.426,
       5458902.434
      ],
      [
       492024.79,
       5458901.384
      ],
      [
       492026.173,
       5458901.389
      ],
      [
       492026.716,
       5458899.989
      ],
      [
       492028.112,
       5458899.293
      ],
      [
       492030.414,
       5458906.317
      ],
      [
       492029.197,
       5458906.663
      ],
      [
       492029.352,
       5458907.716
      ],
      [
       492026.37,
       5458910.159
      ],
      [
       492023.803,
       5458908.57
      ],
      [
       492029.585,
       5458914.381
      ],
      [
       492028.586,
       5458912.097
      ],
      [
       492031.21,
       5458910.354
      ],
      [
       492031.723,
       5458910.706
      ],
      [
       492037.248,
       5458931.598
      ],
      [
       492020.713,
       5458947.84
      ]
     ]
    ]
   },
   "properties": {
    "sheet": "vancouver_1912_MAP342a_04",
    "building_id": "vancouver_1912_MAP342a_04:block:4:part2:bldg204",
    "block_id": "vancouver_1912_MAP342a_04:block:4:part2",
    "block_fid": 12,
    "block_number": null,
    "text_inside": [
     "14",
     "Dominion",
     "13",
     "Bldg."
    ],
    "numerals_inside": [],
    "words_inside": [
     "Dominion",
     "Bldg."
    ],
    "floors": null,
    "wash_rgb": [
     253,
     206,
     209
    ],
    "wash_chroma": 18.1,
    "wash_lightness_delta": -33.1,
    "hue_deg": 356,
    "material": "brick",
    "area_source_px2": 18854,
    "centroid_source_px": [
     2250,
     3860
    ],
    "orphan": false,
    "centroid_map": [
     492025.935,
     5458925.589
    ]
   }
  },
  {
   "type": "Feature",
   "geometry": {
    "type": "Polygon",
    "coordinates": [
     [
      [
       492293.972,
       5458948.772
      ],
      [
       492292.493,
       5458944.207
      ],
      [
       492292.234,
       5458939.12
      ],
      [
       492303.004,
       5458936.358
      ],
      [
       492301.075,
       5458927.757
      ],
      [
       492308.193,
       5458926.207
      ],
      [
       492313.259,
       5458943.589
      ],
      [
       492293.972,
       5458948.772
      ]
     ]
    ]
   },
   "properties": {
    "sheet": "vancouver_1912_MAP342a_04",
    "building_id": "vancouver_1912_MAP342a_04:block:2:part1:bldg205",
    "block_id": "vancouver_1912_MAP342a_04:block:2:part1",
    "block_fid": 13,
    "block_number": null,
    "text_inside": [],
    "numerals_inside": [],
    "words_inside": [],
    "floors": null,
    "wash_rgb": [
     254,
     254,
     254
    ],
    "wash_chroma": 0.0,
    "wash_lightness_delta": -0.0,
    "hue_deg": 0,
    "material": "not a building (open lot, yard or court)",
    "area_source_px2": 8466,
    "centroid_source_px": [
     3855,
     3790
    ],
    "orphan": false,
    "centroid_map": [
     492303.305,
     5458938.989
    ]
   }
  },
  {
   "type": "Feature",
   "geometry": {
    "type": "Polygon",
    "coordinates": [
     [
      [
       492067.612,
       5458946.277
      ],
      [
       492062.999,
       5458942.926
      ],
      [
       492055.673,
       5458916.065
      ],
      [
       492073.057,
       5458910.874
      ],
      [
       492076.03,
       5458919.128
      ],
      [
       492082.211,
       5458942.127
      ],
      [
       492075.081,
       5458944.378
      ],
      [
       492072.857,
       5458942.966
      ],
      [
       492071.121,
       5458943.309
      ],
      [
       492071.434,
       5458945.24
      ],
      [
       492067.612,
       5458946.277
      ]
     ]
    ]
   },
   "properties": {
    "sheet": "vancouver_1912_MAP342a_04",
    "building_id": "vancouver_1912_MAP342a_04:block:4:part1:bldg206",
    "block_id": "vancouver_1912_MAP342a_04:block:4:part1",
    "block_fid": 12,
    "block_number": "11",
    "text_inside": [
     "Hotel",
     "Carder"
    ],
    "numerals_inside": [],
    "words_inside": [
     "Hotel",
     "Carder"
    ],
    "floors": null,
    "wash_rgb": [
     253,
     209,
     209
    ],
    "wash_chroma": 16.8,
    "wash_lightness_delta": -31.0,
    "hue_deg": 0,
    "material": "brick",
    "area_source_px2": 19624,
    "centroid_source_px": [
     2498,
     3847
    ],
    "orphan": false,
    "centroid_map": [
     492068.787,
     5458928.043
    ]
   }
  },
  {
   "type": "Feature",
   "geometry": {
    "type": "Polygon",
    "coordinates": [
     [
      [
       492221.946,
       5458943.044
      ],
      [
       492220.297,
       5458938.302
      ],
      [
       492218.055,
       5458937.942
      ],
      [
       492215.964,
       5458928.639
      ],
      [
       492218.055,
       5458927.771
      ],
      [
       492219.93,
       5458929.357
      ],
      [
       492222.026,
       5458928.138
      ],
      [
       492220.831,
       5458927.256
      ],
      [
       492222.572,
       5458926.562
      ],
      [
       492225.312,
       5458928.151
      ],
      [
       492226.296,
       5458931.312
      ],
      [
       492225.387,
       5458933.939
      ],
      [
       492225.703,
       5458935.694
      ],
      [
       492227.596,
       5458936.227
      ],
      [
       492228.738,
       5458940.265
      ],
      [
       492226.809,
       5458941.836
      ],
      [
       492221.946,
       5458943.044
      ]
     ]
    ]
   },
   "properties": {
    "sheet": "vancouver_1912_MAP342a_04",
    "building_id": "vancouver_1912_MAP342a_04:block:fid11:part1:bldg207",
    "block_id": "vancouver_1912_MAP342a_04:block:fid11:part1",
    "block_fid": 11,
    "block_number": null,
    "text_inside": [
     "B",
     "B"
    ],
    "numerals_inside": [],
    "words_inside": [],
    "floors": null,
    "wash_rgb": [
     253,
     221,
     216
    ],
    "wash_chroma": 12.4,
    "wash_lightness_delta": -23.1,
    "hue_deg": 8,
    "material": "brick",
    "area_source_px2": 4084,
    "centroid_source_px": [
     3387,
     3810
    ],
    "orphan": false,
    "centroid_map": [
     492222.426,
     5458935.154
    ]
   }
  },
  {
   "type": "Feature",
   "geometry": {
    "type": "Polygon",
    "coordinates": [
     [
      [
       492314.126,
       5458943.417
      ],
      [
       492303.174,
       5458906.019
      ],
      [
       492304.063,
       5458904.62
      ],
      [
       492310.319,
       5458902.892
      ],
      [
       492312.889,
       5458904.305
      ],
      [
       492323.179,
       5458939.947
      ],
      [
       492322.64,
       5458941.172
      ],
      [
       492314.126,
       5458943.417
      ]
     ]
    ]
   },
   "properties": {
    "sheet": "vancouver_1912_MAP342a_04",
    "building_id": "vancouver_1912_MAP342a_04:block:2:part1:bldg208",
    "block_id": "vancouver_1912_MAP342a_04:block:2:part1",
    "block_fid": 13,
    "block_number": null,
    "text_inside": [
     "Hotel"
    ],
    "numerals_inside": [],
    "words_inside": [
     "Hotel"
    ],
    "floors": null,
    "wash_rgb": [
     253,
     206,
     213
    ],
    "wash_chroma": 18.0,
    "wash_lightness_delta": -32.6,
    "hue_deg": 352,
    "material": "brick",
    "area_source_px2": 12777,
    "centroid_source_px": [
     3908,
     3882
    ],
    "orphan": false,
    "centroid_map": [
     492312.746,
     5458922.894
    ]
   }
  },
  {
   "type": "Feature",
   "geometry": {
    "type": "Polygon",
    "coordinates": [
     [
      [
       492083.424,
       5458941.956
      ],
      [
       492082.575,
       5458941.076
      ],
      [
       492078.505,
       5458926.153
      ],
      [
       492082.157,
       5458924.94
      ],
      [
       492083.52,
       5458926.173
      ],
      [
       492083.89,
       5458924.772
      ],
      [
       492087.54,
       5458923.735
      ],
      [
       492089.042,
       5458926.897
      ],
      [
       492092.117,
       5458939.361
      ],
      [
       492088.81,
       5458940.575
      ],
      [
       492087.438,
       5458939.868
      ],
      [
       492087.247,
       5458940.92
      ],
      [
       492083.424,
       5458941.956
      ]
     ]
    ]
   },
   "properties": {
    "sheet": "vancouver_1912_MAP342a_04",
    "building_id": "vancouver_1912_MAP342a_04:block:4:part1:bldg209",
    "block_id": "vancouver_1912_MAP342a_04:block:4:part1",
    "block_fid": 12,
    "block_number": "11",
    "text_inside": [],
    "numerals_inside": [],
    "words_inside": [],
    "floors": null,
    "wash_rgb": [
     253,
     235,
     140
    ],
    "wash_chroma": 48.7,
    "wash_lightness_delta": -17.7,
    "hue_deg": 50,
    "material": "frame (wood)",
    "area_source_px2": 5262,
    "centroid_source_px": [
     2594,
     3820
    ],
    "orphan": false,
    "centroid_map": [
     492085.309,
     5458932.845
    ]
   }
  },
  {
   "type": "Feature",
   "geometry": {
    "type": "Polygon",
    "coordinates": [
     [
      [
       492010.45,
       5458941.135
      ],
      [
       492008.383,
       5458940.6
      ],
      [
       492004.814,
       5458936.903
      ],
      [
       492005.178,
       5458935.852
      ],
      [
       492001.409,
       5458933.732
      ],
      [
       491992.732,
       5458925.279
      ],
      [
       491994.679,
       5458922.657
      ],
      [
       491997.297,
       5458921.264
      ],
      [
       491997.67,
       5458919.688
      ],
      [
       491999.053,
       5458919.693
      ],
      [
       492007.555,
       5458928.321
      ],
      [
       492007.185,
       5458929.722
      ],
      [
       492006.141,
       5458930.069
      ],
      [
       492008.694,
       5458932.534
      ],
      [
       492008.89,
       5458931.132
      ],
      [
       492010.274,
       5458931.138
      ],
      [
       492015.206,
       5458936.068
      ],
      [
       492010.45,
       5458941.135
      ]
     ]
    ]
   },
   "properties": {
    "sheet": "vancouver_1912_MAP342a_04",
    "building_id": "vancouver_1912_MAP342a_04:block:4:part2:bldg210",
    "block_id": "vancouver_1912_MAP342a_04:block:4:part2",
    "block_fid": 12,
    "block_number": null,
    "text_inside": [
     "17",
     "16"
    ],
    "numerals_inside": [],
    "words_inside": [],
    "floors": null,
    "wash_rgb": [
     253,
     200,
     205
    ],
    "wash_chroma": 20.5,
    "wash_lightness_delta": -36.9,
    "hue_deg": 354,
    "material": "brick",
    "area_source_px2": 6070,
    "centroid_source_px": [
     2121,
     3833
    ],
    "orphan": false,
    "centroid_map": [
     492003.544,
     5458930.234
    ]
   }
  },
  {
   "type": "Feature",
   "geometry": {
    "type": "Polygon",
    "coordinates": [
     [
      [
       492323.692,
       5458940.3
      ],
      [
       492320.579,
       5458930.115
      ],
      [
       492320.129,
       5458926.08
      ],
      [
       492327.95,
       5458923.832
      ],
      [
       492328.979,
       5458924.362
      ],
      [
       492334.385,
       5458921.754
      ],
      [
       492347.24,
       5458918.474
      ],
      [
       492349.136,
       5458918.832
      ],
      [
       492352.697,
       5458933.227
      ],
      [
       492324.375,
       5458940.828
      ],
      [
       492323.692,
       5458940.3
      ]
     ]
    ]
   },
   "properties": {
    "sheet": "vancouver_1912_MAP342a_04",
    "building_id": "vancouver_1912_MAP342a_04:block:2:part1:bldg211",
    "block_id": "vancouver_1912_MAP342a_04:block:2:part1",
    "block_fid": 13,
    "block_number": null,
    "text_inside": [],
    "numerals_inside": [],
    "words_inside": [],
    "floors": null,
    "wash_rgb": [
     254,
     254,
     254
    ],
    "wash_chroma": 0.0,
    "wash_lightness_delta": -0.0,
    "hue_deg": 0,
    "material": "not a building (open lot, yard or court)",
    "area_source_px2": 15410,
    "centroid_source_px": [
     4046,
     3844
    ],
    "orphan": false,
    "centroid_map": [
     492336.499,
     5458929.654
    ]
   }
  },
  {
   "type": "Feature",
   "geometry": {
    "type": "Polygon",
    "coordinates": [
     [
      [
       492094.544,
       5458939.02
      ],
      [
       492092.492,
       5458937.609
      ],
      [
       492091.049,
       5458930.939
      ],
      [
       492088.079,
       5458922.509
      ],
      [
       492089.135,
       5458921.461
      ],
      [
       492087.095,
       5458919.349
      ],
      [
       492082.36,
       5458902.845
      ],
      [
       492082.9,
       5458901.619
      ],
      [
       492091.413,
       5458899.374
      ],
      [
       492093.25,
       5458903.239
      ],
      [
       492102.031,
       5458936.069
      ],
      [
       492101.146,
       5458937.293
      ],
      [
       492094.544,
       5458939.02
      ]
     ]
    ]
   },
   "properties": {
    "sheet": "vancouver_1912_MAP342a_04",
    "building_id": "vancouver_1912_MAP342a_04:block:4:part1:bldg212",
    "block_id": "vancouver_1912_MAP342a_04:block:4:part1",
    "block_fid": 12,
    "block_number": "11",
    "text_inside": [],
    "numerals_inside": [],
    "words_inside": [],
    "floors": null,
    "wash_rgb": [
     253,
     207,
     209
    ],
    "wash_chroma": 17.5,
    "wash_lightness_delta": -32.0,
    "hue_deg": 358,
    "material": "brick",
    "area_source_px2": 12606,
    "centroid_source_px": [
     2633,
     3899
    ],
    "orphan": false,
    "centroid_map": [
     492092.29,
     5458919.019
    ]
   }
  },
  {
   "type": "Feature",
   "geometry": {
    "type": "Polygon",
    "coordinates": [
     [
      [
       492302.497,
       5458935.654
      ],
      [
       492291.205,
       5458938.59
      ],
      [
       492288.292,
       5458926.828
      ],
      [
       492291.244,
       5458926.138
      ],
      [
       492292.735,
       5458930.003
      ],
      [
       492296.73,
       5458928.967
      ],
      [
       492298.084,
       5458930.726
      ],
      [
       492298.964,
       5458929.852
      ],
      [
       492301.2,
       5458930.563
      ],
      [
       492302.497,
       5458935.654
      ]
     ]
    ]
   },
   "properties": {
    "sheet": "vancouver_1912_MAP342a_04",
    "building_id": "vancouver_1912_MAP342a_04:block:2:part1:bldg213",
    "block_id": "vancouver_1912_MAP342a_04:block:2:part1",
    "block_fid": 13,
    "block_number": null,
    "text_inside": [],
    "numerals_inside": [],
    "words_inside": [],
    "floors": null,
    "wash_rgb": [
     253,
     239,
     129
    ],
    "wash_chroma": 55.2,
    "wash_lightness_delta": -15.9,
    "hue_deg": 54,
    "material": "frame (wood)",
    "area_source_px2": 3267,
    "centroid_source_px": [
     3806,
     3824
    ],
    "orphan": false,
    "centroid_map": [
     492294.932,
     5458932.993
    ]
   }
  },
  {
   "type": "Feature",
   "geometry": {
    "type": "Polygon",
    "coordinates": [
     [
      [
       492103.579,
       5458936.602
      ],
      [
       492102.219,
       5458935.193
      ],
      [
       492098.009,
       5458918.341
      ],
      [
       492099.753,
       5458917.471
      ],
      [
       492098.554,
       5458916.764
      ],
      [
       492093.834,
       5458899.384
      ],
      [
       492094.368,
       5458898.509
      ],
      [
       492101.841,
       5458896.435
      ],
      [
       492106.591,
       5458912.062
      ],
      [
       492106.021,
       5458915.041
      ],
      [
       492107.894,
       5458916.802
      ],
      [
       492111.791,
       5458931.725
      ],
      [
       492109.692,
       5458933.119
      ],
      [
       492110.181,
       5458934.875
      ],
      [
       492103.579,
       5458936.602
      ]
     ]
    ]
   },
   "properties": {
    "sheet": "vancouver_1912_MAP342a_04",
    "building_id": "vancouver_1912_MAP342a_04:block:4:part1:bldg214",
    "block_id": "vancouver_1912_MAP342a_04:block:4:part1",
    "block_fid": 12,
    "block_number": "11",
    "text_inside": [],
    "numerals_inside": [],
    "words_inside": [],
    "floors": null,
    "wash_rgb": [
     253,
     207,
     209
    ],
    "wash_chroma": 17.8,
    "wash_lightness_delta": -32.5,
    "hue_deg": 358,
    "material": "brick",
    "area_source_px2": 11833,
    "centroid_source_px": [
     2694,
     3911
    ],
    "orphan": false,
    "centroid_map": [
     492102.875,
     5458916.957
    ]
   }
  },
  {
   "type": "Feature",
   "geometry": {
    "type": "Polygon",
    "coordinates": [
     [
      [
       492016.256,
       5458935.371
      ],
      [
       492014.875,
       5458935.19
      ],
      [
       492010.793,
       5458931.14
      ],
      [
       492009.621,
       5458928.855
      ],
      [
       492007.734,
       5458927.971
      ],
      [
       491998.889,
       5458919.166
      ],
      [
       492002.068,
       5458915.321
      ],
      [
       492003.807,
       5458914.802
      ],
      [
       492004.0,
       5458913.575
      ],
      [
       492005.545,
       5458914.283
      ],
      [
       492013.706,
       5458922.559
      ],
      [
       492011.768,
       5458924.655
      ],
      [
       492014.15,
       5458926.945
      ],
      [
       492014.511,
       5458926.069
      ],
      [
       492016.423,
       5458925.551
      ],
      [
       492021.191,
       5458929.954
      ],
      [
       492016.256,
       5458935.371
      ]
     ]
    ]
   },
   "properties": {
    "sheet": "vancouver_1912_MAP342a_04",
    "building_id": "vancouver_1912_MAP342a_04:block:4:part2:bldg215",
    "block_id": "vancouver_1912_MAP342a_04:block:4:part2",
    "block_fid": 12,
    "block_number": null,
    "text_inside": [
     "15",
     "20"
    ],
    "numerals_inside": [],
    "words_inside": [],
    "floors": null,
    "wash_rgb": [
     253,
     207,
     207
    ],
    "wash_chroma": 17.7,
    "wash_lightness_delta": -32.5,
    "hue_deg": 0,
    "material": "brick",
    "area_source_px2": 5934,
    "centroid_source_px": [
     2156,
     3868
    ],
    "orphan": false,
    "centroid_map": [
     492009.702,
     5458924.121
    ]
   }
  },
  {
   "type": "Feature",
   "geometry": {
    "type": "Polygon",
    "coordinates": [
     [
      [
       492249.23,
       5458935.438
      ],
      [
       492247.408,
       5458930.696
      ],
      [
       492248.827,
       5458928.597
      ],
      [
       492248.353,
       5458925.965
      ],
      [
       492247.482,
       5458926.312
      ],
      [
       492247.81,
       5458927.365
      ],
      [
       492246.767,
       5458927.712
      ],
      [
       492244.981,
       5458920.865
      ],
      [
       492246.895,
       5458920.171
      ],
      [
       492248.252,
       5458921.755
      ],
      [
       492249.808,
       5458921.762
      ],
      [
       492250.685,
       5458921.064
      ],
      [
       492249.155,
       5458919.479
      ],
      [
       492253.67,
       5458918.445
      ],
      [
       492254.517,
       5458919.501
      ],
      [
       492257.573,
       5458933.017
      ],
      [
       492255.14,
       5458933.708
      ],
      [
       492252.393,
       5458932.47
      ],
      [
       492250.998,
       5458933.166
      ],
      [
       492251.663,
       5458934.747
      ],
      [
       492249.23,
       5458935.438
      ]
     ]
    ]
   },
   "properties": {
    "sheet": "vancouver_1912_MAP342a_04",
    "building_id": "vancouver_1912_MAP342a_04:block:2:part1:bldg216",
    "block_id": "vancouver_1912_MAP342a_04:block:2:part1",
    "block_fid": 13,
    "block_number": null,
    "text_inside": [
     "B"
    ],
    "numerals_inside": [],
    "words_inside": [],
    "floors": null,
    "wash_rgb": [
     253,
     212,
     214
    ],
    "wash_chroma": 15.5,
    "wash_lightness_delta": -28.7,
    "hue_deg": 358,
    "material": "brick",
    "area_source_px2": 4172,
    "centroid_source_px": [
     3556,
     3858
    ],
    "orphan": false,
    "centroid_map": [
     492251.797,
     5458926.855
    ]
   }
  },
  {
   "type": "Feature",
   "geometry": {
    "type": "Polygon",
    "coordinates": [
     [
      [
       492114.349,
       5458933.839
      ],
      [
       492112.641,
       5458932.605
      ],
      [
       492108.585,
       5458916.805
      ],
      [
       492109.826,
       5458915.056
      ],
      [
       492114.686,
       5458914.024
      ],
      [
       492115.238,
       5458912.097
      ],
      [
       492116.905,
       5458915.787
      ],
      [
       492116.449,
       5458912.102
      ],
      [
       492120.274,
       5458910.89
      ],
      [
       492122.916,
       5458918.266
      ],
      [
       492125.82,
       5458930.554
      ],
      [
       492122.168,
       5458931.767
      ],
      [
       492120.802,
       5458930.709
      ],
      [
       492120.256,
       5458932.285
      ],
      [
       492114.349,
       5458933.839
      ]
     ]
    ]
   },
   "properties": {
    "sheet": "vancouver_1912_MAP342a_04",
    "building_id": "vancouver_1912_MAP342a_04:block:4:part1:bldg217",
    "block_id": "vancouver_1912_MAP342a_04:block:4:part1",
    "block_fid": 12,
    "block_number": "11",
    "text_inside": [],
    "numerals_inside": [],
    "words_inside": [],
    "floors": null,
    "wash_rgb": [
     253,
     204,
     207
    ],
    "wash_chroma": 18.6,
    "wash_lightness_delta": -33.9,
    "hue_deg": 356,
    "material": "brick",
    "area_source_px2": 8507,
    "centroid_source_px": [
     2777,
     3877
    ],
    "orphan": false,
    "centroid_map": [
     492117.128,
     5458922.978
    ]
   }
  },
  {
   "type": "Feature",
   "geometry": {
    "type": "Polygon",
    "coordinates": [
     [
      [
       492258.614,
       5458932.846
      ],
      [
       492256.625,
       5458927.752
      ],
      [
       492254.707,
       5458918.449
      ],
      [
       492256.625,
       5458917.58
      ],
      [
       492259.371,
       5458918.819
      ],
      [
       492259.872,
       5458919.873
      ],
      [
       492260.236,
       5458918.823
      ],
      [
       492261.974,
       5458918.304
      ],
      [
       492259.923,
       5458916.892
      ],
      [
       492263.403,
       5458915.679
      ],
      [
       492265.054,
       5458920.245
      ],
      [
       492264.467,
       5458924.276
      ],
      [
       492266.19,
       5458924.634
      ],
      [
       492267.479,
       5458930.251
      ],
      [
       492265.042,
       5458931.118
      ],
      [
       492262.982,
       5458930.233
      ],
      [
       492262.311,
       5458929.002
      ],
      [
       492262.293,
       5458930.055
      ],
      [
       492260.728,
       5458930.574
      ],
      [
       492261.569,
       5458931.981
      ],
      [
       492258.614,
       5458932.846
      ]
     ]
    ]
   },
   "properties": {
    "sheet": "vancouver_1912_MAP342a_04",
    "building_id": "vancouver_1912_MAP342a_04:block:2:part1:bldg218",
    "block_id": "vancouver_1912_MAP342a_04:block:2:part1",
    "block_fid": 13,
    "block_number": null,
    "text_inside": [],
    "numerals_inside": [],
    "words_inside": [],
    "floors": null,
    "wash_rgb": [
     253,
     209,
     212
    ],
    "wash_chroma": 16.6,
    "wash_lightness_delta": -30.6,
    "hue_deg": 356,
    "material": "brick",
    "area_source_px2": 4341,
    "centroid_source_px": [
     3609,
     3871
    ],
    "orphan": false,
    "centroid_map": [
     492261.002,
     5458924.613
    ]
   }
  },
  {
   "type": "Feature",
   "geometry": {
    "type": "Polygon",
    "coordinates": [
     [
      [
       492353.57,
       5458932.704
      ],
      [
       492349.491,
       5458918.307
      ],
      [
       492367.215,
       5458913.469
      ],
      [
       492371.291,
       5458928.041
      ],
      [
       492353.57,
       5458932.704
      ]
     ]
    ]
   },
   "properties": {
    "sheet": "vancouver_1912_MAP342a_04",
    "building_id": "vancouver_1912_MAP342a_04:block:2:part1:bldg219",
    "block_id": "vancouver_1912_MAP342a_04:block:2:part1",
    "block_fid": 13,
    "block_number": null,
    "text_inside": [],
    "numerals_inside": [],
    "words_inside": [],
    "floors": null,
    "wash_rgb": [
     254,
     254,
     254
    ],
    "wash_chroma": 0.0,
    "wash_lightness_delta": -0.0,
    "hue_deg": 0,
    "material": "not a building (open lot, yard or court)",
    "area_source_px2": 9102,
    "centroid_source_px": [
     4184,
     3882
    ],
    "orphan": false,
    "centroid_map": [
     492360.479,
     5458923.087
    ]
   }
  },
  {
   "type": "Feature",
   "geometry": {
    "type": "Polygon",
    "coordinates": [
     [
      [
       492293.266,
       5458929.303
      ],
      [
       492291.605,
       5458925.263
      ],
      [
       492287.618,
       5458925.773
      ],
      [
       492283.554,
       5458910.499
      ],
      [
       492285.805,
       5458910.333
      ],
      [
       492289.816,
       5458908.42
      ],
      [
       492291.163,
       5458910.53
      ],
      [
       492291.026,
       5458908.425
      ],
      [
       492291.727,
       5458907.902
      ],
      [
       492293.943,
       5458909.84
      ],
      [
       492294.679,
       5458907.212
      ],
      [
       492296.066,
       5458907.043
      ],
      [
       492296.91,
       5458908.274
      ],
      [
       492297.112,
       5458906.521
      ],
      [
       492301.803,
       5458905.312
      ],
      [
       492307.868,
       5458924.978
      ],
      [
       492302.646,
       5458926.886
      ],
      [
       492301.472,
       5458924.777
      ],
      [
       492301.606,
       5458927.057
      ],
      [
       492296.569,
       5458928.264
      ],
      [
       492295.887,
       5458927.736
      ],
      [
       492295.35,
       5458928.786
      ],
      [
       492293.266,
       5458929.303
      ]
     ]
    ]
   },
   "properties": {
    "sheet": "vancouver_1912_MAP342a_04",
    "building_id": "vancouver_1912_MAP342a_04:block:2:part1:bldg220",
    "block_id": "vancouver_1912_MAP342a_04:block:2:part1",
    "block_fid": 13,
    "block_number": null,
    "text_inside": [],
    "numerals_inside": [],
    "words_inside": [],
    "floors": null,
    "wash_rgb": [
     253,
     206,
     212
    ],
    "wash_chroma": 18.0,
    "wash_lightness_delta": -32.7,
    "hue_deg": 352,
    "material": "brick",
    "area_source_px2": 12382,
    "centroid_source_px": [
     3810,
     3913
    ],
    "orphan": false,
    "centroid_map": [
     492295.89,
     5458917.389
    ]
   }
  },
  {
   "type": "Feature",
   "geometry": {
    "type": "Polygon",
    "coordinates": [
     [
      [
       492140.413,
       5458926.755
      ],
      [
       492136.418,
       5458927.791
      ],
      [
       492133.505,
       5458926.201
      ],
      [
       492129.429,
       5458911.628
      ],
      [
       492130.141,
       5458910.404
      ],
      [
       492127.633,
       5458905.308
      ],
      [
       492124.073,
       5458890.913
      ],
      [
       492127.201,
       5458890.049
      ],
      [
       492128.516,
       5458894.088
      ],
      [
       492131.996,
       5458892.874
      ],
      [
       492132.849,
       5458893.579
      ],
      [
       492140.992,
       5458923.25
      ],
      [
       492139.921,
       5458925.174
      ],
      [
       492141.12,
       5458925.881
      ],
      [
       492140.413,
       5458926.755
      ]
     ]
    ]
   },
   "properties": {
    "sheet": "vancouver_1912_MAP342a_04",
    "building_id": "vancouver_1912_MAP342a_04:block:4:part1:bldg221",
    "block_id": "vancouver_1912_MAP342a_04:block:4:part1",
    "block_fid": 12,
    "block_number": "11",
    "text_inside": [],
    "numerals_inside": [],
    "words_inside": [],
    "floors": null,
    "wash_rgb": [
     253,
     235,
     132
    ],
    "wash_chroma": 52.3,
    "wash_lightness_delta": -18.2,
    "hue_deg": 52,
    "material": "frame (wood)",
    "area_source_px2": 9360,
    "centroid_source_px": [
     2867,
     3954
    ],
    "orphan": false,
    "centroid_map": [
     492132.923,
     5458909.538
    ]
   }
  },
  {
   "type": "Feature",
   "geometry": {
    "type": "Polygon",
    "coordinates": [
     [
      [
       492372.159,
       5458927.869
      ],
      [
       492367.91,
       5458913.296
      ],
      [
       492386.845,
       5458908.463
      ],
      [
       492390.748,
       5458923.034
      ],
      [
       492372.159,
       5458927.869
      ]
     ]
    ]
   },
   "properties": {
    "sheet": "vancouver_1912_MAP342a_04",
    "building_id": "vancouver_1912_MAP342a_04:block:2:part1:bldg222",
    "block_id": "vancouver_1912_MAP342a_04:block:2:part1",
    "block_fid": 13,
    "block_number": null,
    "text_inside": [],
    "numerals_inside": [],
    "words_inside": [],
    "floors": null,
    "wash_rgb": [
     254,
     254,
     254
    ],
    "wash_chroma": 0.0,
    "wash_lightness_delta": -0.0,
    "hue_deg": 0,
    "material": "not a building (open lot, yard or court)",
    "area_source_px2": 9664,
    "centroid_source_px": [
     4291,
     3912
    ],
    "orphan": false,
    "centroid_map": [
     492379.074,
     5458917.901
    ]
   }
  },
  {
   "type": "Feature",
   "geometry": {
    "type": "Polygon",
    "coordinates": [
     [
      [
       492142.847,
       5458926.063
      ],
      [
       492141.01,
       5458922.198
      ],
      [
       492132.059,
       5458889.192
      ],
      [
       492132.592,
       5458888.317
      ],
      [
       492139.191,
       5458886.765
      ],
      [
       492140.366,
       5458888.875
      ],
      [
       492149.642,
       5458923.109
      ],
      [
       492148.757,
       5458924.333
      ],
      [
       492142.847,
       5458926.063
      ]
     ]
    ]
   },
   "properties": {
    "sheet": "vancouver_1912_MAP342a_04",
    "building_id": "vancouver_1912_MAP342a_04:block:4:part1:bldg223",
    "block_id": "vancouver_1912_MAP342a_04:block:4:part1",
    "block_fid": 12,
    "block_number": "11",
    "text_inside": [],
    "numerals_inside": [],
    "words_inside": [],
    "floors": null,
    "wash_rgb": [
     253,
     213,
     211
    ],
    "wash_chroma": 15.6,
    "wash_lightness_delta": -28.5,
    "hue_deg": 2,
    "material": "brick",
    "area_source_px2": 10292,
    "centroid_source_px": [
     2913,
     3972
    ],
    "orphan": false,
    "centroid_map": [
     492140.932,
     5458906.414
    ]
   }
  },
  {
   "type": "Feature",
   "geometry": {
    "type": "Polygon",
    "coordinates": [
     [
      [
       492320.663,
       5458925.205
      ],
      [
       492319.509,
       5458921.869
      ],
      [
       492318.134,
       5458921.337
      ],
      [
       492312.746,
       5458902.551
      ],
      [
       492317.961,
       5458900.993
      ],
      [
       492319.789,
       5458905.385
      ],
      [
       492318.981,
       5458902.05
      ],
      [
       492319.7,
       5458900.474
      ],
      [
       492322.652,
       5458899.785
      ],
      [
       492324.536,
       5458900.845
      ],
      [
       492324.739,
       5458899.092
      ],
      [
       492327.691,
       5458898.402
      ],
      [
       492329.033,
       5458900.863
      ],
      [
       492328.732,
       5458898.231
      ],
      [
       492331.69,
       5458897.191
      ],
      [
       492333.404,
       5458898.075
      ],
      [
       492334.558,
       5458901.411
      ],
      [
       492333.947,
       5458896.674
      ],
      [
       492341.935,
       5458894.777
      ],
      [
       492348.635,
       5458917.778
      ],
      [
       492340.641,
       5458920.025
      ],
      [
       492338.476,
       5458915.106
      ],
      [
       492338.277,
       5458916.684
      ],
      [
       492335.84,
       5458917.551
      ],
      [
       492337.164,
       5458921.063
      ],
      [
       492335.602,
       5458921.408
      ],
      [
       492334.925,
       5458920.528
      ],
      [
       492334.382,
       5458921.929
      ],
      [
       492331.952,
       5458922.445
      ],
      [
       492330.759,
       5458921.388
      ],
      [
       492329.346,
       5458923.136
      ],
      [
       492327.84,
       5458920.149
      ],
      [
       492327.959,
       5458923.306
      ],
      [
       492325.696,
       5458924.174
      ],
      [
       492324.849,
       5458923.118
      ],
      [
       492324.655,
       5458924.345
      ],
      [
       492320.663,
       5458925.205
      ]
     ]
    ]
   },
   "properties": {
    "sheet": "vancouver_1912_MAP342a_04",
    "building_id": "vancouver_1912_MAP342a_04:block:2:part1:bldg224",
    "block_id": "vancouver_1912_MAP342a_04:block:2:part1",
    "block_fid": 13,
    "block_number": null,
    "text_inside": [],
    "numerals_inside": [],
    "words_inside": [],
    "floors": null,
    "wash_rgb": [
     253,
     213,
     215
    ],
    "wash_chroma": 15.4,
    "wash_lightness_delta": -28.5,
    "hue_deg": 358,
    "material": "brick",
    "area_source_px2": 23082,
    "centroid_source_px": [
     4016,
     3958
    ],
    "orphan": false,
    "centroid_map": [
     492331.651,
     5458909.642
    ]
   }
  },
  {
   "type": "Feature",
   "geometry": {
    "type": "Polygon",
    "coordinates": [
     [
      [
       492153.62,
       5458923.126
      ],
      [
       492149.502,
       5458921.18
      ],
      [
       492140.223,
       5458887.12
      ],
      [
       492141.279,
       5458886.072
      ],
      [
       492143.172,
       5458886.606
      ],
      [
       492144.571,
       5458885.735
      ],
      [
       492146.401,
       5458889.951
      ],
      [
       492145.444,
       5458885.212
      ],
      [
       492149.097,
       5458884.0
      ],
      [
       492150.767,
       5458887.514
      ],
      [
       492159.527,
       5458921.571
      ],
      [
       492156.572,
       5458922.436
      ],
      [
       492154.864,
       5458921.202
      ],
      [
       492155.016,
       5458922.43
      ],
      [
       492153.62,
       5458923.126
      ]
     ]
    ]
   },
   "properties": {
    "sheet": "vancouver_1912_MAP342a_04",
    "building_id": "vancouver_1912_MAP342a_04:block:4:part1:bldg225",
    "block_id": "vancouver_1912_MAP342a_04:block:4:part1",
    "block_fid": 12,
    "block_number": "11",
    "text_inside": [],
    "numerals_inside": [],
    "words_inside": [],
    "floors": null,
    "wash_rgb": [
     253,
     215,
     213
    ],
    "wash_chroma": 14.7,
    "wash_lightness_delta": -27.1,
    "hue_deg": 4,
    "material": "brick",
    "area_source_px2": 12214,
    "centroid_source_px": [
     2966,
     3987
    ],
    "orphan": false,
    "centroid_map": [
     492150.143,
     5458903.821
    ]
   }
  },
  {
   "type": "Feature",
   "geometry": {
    "type": "Polygon",
    "coordinates": [
     [
      [
       491982.248,
       5458921.379
      ],
      [
       491981.917,
       5458920.501
      ],
      [
       491983.327,
       5458918.928
      ],
      [
       491981.082,
       5458918.744
      ],
      [
       491980.578,
       5458917.865
      ],
      [
       491983.184,
       5458917.174
      ],
      [
       491982.686,
       5458915.944
      ],
      [
       492017.705,
       5458880.661
      ],
      [
       492021.898,
       5458878.223
      ],
      [
       492025.187,
       5458878.061
      ],
      [
       492023.758,
       5458880.686
      ],
      [
       491983.288,
       5458921.208
      ],
      [
       491982.248,
       5458921.379
      ]
     ]
    ]
   },
   "properties": {
    "sheet": "vancouver_1912_MAP342a_04",
    "building_id": "vancouver_1912_MAP342a_04:block:4:part2:bldg226",
    "block_id": "vancouver_1912_MAP342a_04:block:4:part2",
    "block_fid": 12,
    "block_number": null,
    "text_inside": [
     "13",
     "12"
    ],
    "numerals_inside": [],
    "words_inside": [],
    "floors": null,
    "wash_rgb": [
     254,
     254,
     253
    ],
    "wash_chroma": 0.4,
    "wash_lightness_delta": -0.3,
    "hue_deg": 60,
    "material": "not a building (open lot, yard or court)",
    "area_source_px2": 7971,
    "centroid_source_px": [
     2114,
     4013
    ],
    "orphan": false,
    "centroid_map": [
     492002.87,
     5458898.664
    ]
   }
  },
  {
   "type": "Feature",
   "geometry": {
    "type": "Polygon",
    "coordinates": [
     [
      [
       492160.744,
       5458921.225
      ],
      [
       492159.897,
       5458920.17
      ],
      [
       492150.296,
       5458884.706
      ],
      [
       492151.008,
       5458883.481
      ],
      [
       492156.221,
       5458882.1
      ],
      [
       492157.41,
       5458883.332
      ],
      [
       492167.009,
       5458918.971
      ],
      [
       492160.744,
       5458921.225
      ]
     ]
    ]
   },
   "properties": {
    "sheet": "vancouver_1912_MAP342a_04",
    "building_id": "vancouver_1912_MAP342a_04:block:4:part1:bldg227",
    "block_id": "vancouver_1912_MAP342a_04:block:4:part1",
    "block_fid": 12,
    "block_number": "11",
    "text_inside": [],
    "numerals_inside": [],
    "words_inside": [],
    "floors": null,
    "wash_rgb": [
     253,
     216,
     214
    ],
    "wash_chroma": 14.2,
    "wash_lightness_delta": -26.3,
    "hue_deg": 4,
    "material": "brick",
    "area_source_px2": 9146,
    "centroid_source_px": [
     3015,
     4000
    ],
    "orphan": false,
    "centroid_map": [
     492158.657,
     5458901.575
    ]
   }
  },
  {
   "type": "Feature",
   "geometry": {
    "type": "Polygon",
    "coordinates": [
     [
      [
       492168.389,
       5458919.152
      ],
      [
       492166.874,
       5458916.691
      ],
      [
       492157.598,
       5458882.456
      ],
      [
       492159.176,
       5458881.235
      ],
      [
       492162.646,
       5458880.547
      ],
      [
       492164.006,
       5458881.956
      ],
      [
       492164.385,
       5458880.028
      ],
      [
       492168.384,
       5458878.817
      ],
      [
       492169.758,
       5458879.348
      ],
      [
       492179.532,
       5458914.813
      ],
      [
       492178.99,
       5458916.214
      ],
      [
       492174.299,
       5458917.422
      ],
      [
       492172.459,
       5458913.732
      ],
      [
       492173.259,
       5458917.593
      ],
      [
       492172.212,
       5458918.115
      ],
      [
       492170.673,
       5458917.057
      ],
      [
       492169.955,
       5458918.632
      ],
      [
       492168.389,
       5458919.152
      ]
     ]
    ]
   },
   "properties": {
    "sheet": "vancouver_1912_MAP342a_04",
    "building_id": "vancouver_1912_MAP342a_04:block:4:part1:bldg228",
    "block_id": "vancouver_1912_MAP342a_04:block:4:part1",
    "block_fid": 12,
    "block_number": "11",
    "text_inside": [
     "3"
    ],
    "numerals_inside": [],
    "words_inside": [],
    "floors": null,
    "wash_rgb": [
     253,
     217,
     215
    ],
    "wash_chroma": 13.9,
    "wash_lightness_delta": -25.8,
    "hue_deg": 4,
    "material": "brick",
    "area_source_px2": 15892,
    "centroid_source_px": [
     3073,
     4016
    ],
    "orphan": false,
    "centroid_map": [
     492168.735,
     5458898.81
    ]
   }
  },
  {
   "type": "Feature",
   "geometry": {
    "type": "Polygon",
    "coordinates": [
     [
      [
       492005.044,
       5458913.229
      ],
      [
       492005.587,
       5458911.828
      ],
      [
       492008.05,
       5458909.383
      ],
      [
       492009.603,
       5458909.565
      ],
      [
       492009.809,
       5458907.636
      ],
      [
       492012.624,
       5458904.842
      ],
      [
       492014.696,
       5458905.026
      ],
      [
       492017.153,
       5458902.931
      ],
      [
       492015.6,
       5458902.749
      ],
      [
       492015.615,
       5458901.873
      ],
      [
       492023.883,
       5458893.664
      ],
      [
       492026.821,
       5458893.851
      ],
      [
       492027.474,
       5458896.133
      ],
      [
       492024.349,
       5458896.822
      ],
      [
       492023.26,
       5458899.799
      ],
      [
       492018.871,
       5458903.64
      ],
      [
       492020.606,
       5458903.296
      ],
      [
       492023.004,
       5458904.708
      ],
      [
       492018.26,
       5458909.074
      ],
      [
       492017.419,
       5458907.667
      ],
      [
       492018.653,
       5458906.269
      ],
      [
       492016.757,
       5458905.911
      ],
      [
       492012.01,
       5458910.451
      ],
      [
       492012.156,
       5458912.03
      ],
      [
       492010.948,
       5458911.85
      ],
      [
       492008.846,
       5458913.42
      ],
      [
       492010.405,
       5458913.251
      ],
      [
       492010.73,
       5458914.479
      ],
      [
       492012.293,
       5458914.135
      ],
      [
       492012.794,
       5458915.189
      ],
      [
       492009.475,
       5458917.105
      ],
      [
       492005.044,
       5458913.229
      ]
     ]
    ]
   },
   "properties": {
    "sheet": "vancouver_1912_MAP342a_04",
    "building_id": "vancouver_1912_MAP342a_04:block:4:part2:bldg229",
    "block_id": "vancouver_1912_MAP342a_04:block:4:part2",
    "block_fid": 12,
    "block_number": null,
    "text_inside": [
     "Trusts Bead"
    ],
    "numerals_inside": [],
    "words_inside": [
     "Trusts Bead"
    ],
    "floors": null,
    "wash_rgb": [
     253,
     207,
     207
    ],
    "wash_chroma": 17.5,
    "wash_lightness_delta": -32.4,
    "hue_deg": 0,
    "material": "brick",
    "area_source_px2": 4062,
    "centroid_source_px": [
     2191,
     3976
    ],
    "orphan": false,
    "centroid_map": [
     492016.077,
     5458905.207
    ]
   }
  },
  {
   "type": "Feature",
   "geometry": {
    "type": "Polygon",
    "coordinates": [
     [
      [
       492349.679,
       5458917.431
      ],
      [
       492348.501,
       5458915.498
      ],
      [
       492342.63,
       5458894.605
      ],
      [
       492349.933,
       5458892.354
      ],
      [
       492351.304,
       5458893.062
      ],
      [
       492352.193,
       5458891.662
      ],
      [
       492360.008,
       5458889.765
      ],
      [
       492361.186,
       5458891.699
      ],
      [
       492367.054,
       5458912.767
      ],
      [
       492360.11,
       5458914.317
      ],
      [
       492357.912,
       5458911.327
      ],
      [
       492358.795,
       5458910.278
      ],
      [
       492356.666,
       5458903.255
      ],
      [
       492352.506,
       5458903.764
      ],
      [
       492352.703,
       5458902.362
      ],
      [
       492359.489,
       5458899.934
      ],
      [
       492357.781,
       5458898.7
      ],
      [
       492354.99,
       5458900.091
      ],
      [
       492352.396,
       5458900.081
      ],
      [
       492351.513,
       5458901.129
      ],
      [
       492350.484,
       5458900.599
      ],
      [
       492349.256,
       5458901.646
      ],
      [
       492346.656,
       5458901.987
      ],
      [
       492348.036,
       5458902.168
      ],
      [
       492349.572,
       5458903.401
      ],
      [
       492348.865,
       5458904.275
      ],
      [
       492350.416,
       5458904.632
      ],
      [
       492352.017,
       5458912.18
      ],
      [
       492355.309,
       5458911.842
      ],
      [
       492356.63,
       5458915.53
      ],
      [
       492349.679,
       5458917.431
      ]
     ]
    ]
   },
   "properties": {
    "sheet": "vancouver_1912_MAP342a_04",
    "building_id": "vancouver_1912_MAP342a_04:block:2:part1:bldg230",
    "block_id": "vancouver_1912_MAP342a_04:block:2:part1",
    "block_fid": 13,
    "block_number": null,
    "text_inside": [
     "Russ",
     "Hotel"
    ],
    "numerals_inside": [],
    "words_inside": [
     "Russ",
     "Hotel"
    ],
    "floors": null,
    "wash_rgb": [
     253,
     212,
     214
    ],
    "wash_chroma": 15.6,
    "wash_lightness_delta": -28.8,
    "hue_deg": 358,
    "material": "brick",
    "area_source_px2": 11678,
    "centroid_source_px": [
     4154,
     3993
    ],
    "orphan": false,
    "centroid_map": [
     492355.622,
     5458903.601
    ]
   }
  },
  {
   "type": "Feature",
   "geometry": {
    "type": "Polygon",
    "coordinates": [
     [
      [
       492193.067,
       5458912.237
      ],
      [
       492190.109,
       5458913.277
      ],
      [
       492188.758,
       5458911.343
      ],
      [
       492186.635,
       5458914.14
      ],
      [
       492180.901,
       5458915.695
      ],
      [
       492180.218,
       5458915.166
      ],
      [
       492175.006,
       5458896.205
      ],
      [
       492175.197,
       5458895.154
      ],
      [
       492177.114,
       5458894.285
      ],
      [
       492174.52,
       5458894.274
      ],
      [
       492172.409,
       5458886.199
      ],
      [
       492176.578,
       5458885.163
      ],
      [
       492177.559,
       5458888.499
      ],
      [
       492179.452,
       5458889.033
      ],
      [
       492180.254,
       5458892.719
      ],
      [
       492179.72,
       5458893.594
      ],
      [
       492181.623,
       5458893.601
      ],
      [
       492182.643,
       5458894.658
      ],
      [
       492182.446,
       5458896.06
      ],
      [
       492183.471,
       5458896.766
      ],
      [
       492184.855,
       5458896.771
      ],
      [
       492184.202,
       5458894.489
      ],
      [
       492184.751,
       5458892.737
      ],
      [
       492187.53,
       5458892.047
      ],
      [
       492188.213,
       5458892.576
      ],
      [
       492192.945,
       5458909.255
      ],
      [
       492193.067,
       5458912.237
      ]
     ]
    ]
   },
   "properties": {
    "sheet": "vancouver_1912_MAP342a_04",
    "building_id": "vancouver_1912_MAP342a_04:block:4:part1:bldg231",
    "block_id": "vancouver_1912_MAP342a_04:block:4:part1",
    "block_fid": 12,
    "block_number": "11",
    "text_inside": [
     "2"
    ],
    "numerals_inside": [],
    "words_inside": [],
    "floors": null,
    "wash_rgb": [
     253,
     218,
     203
    ],
    "wash_chroma": 19.9,
    "wash_lightness_delta": -26.0,
    "hue_deg": 18,
    "material": "brick",
    "area_source_px2": 10780,
    "centroid_source_px": [
     3155,
     3998
    ],
    "orphan": false,
    "centroid_map": [
     492182.863,
     5458902.024
    ]
   }
  },
  {
   "type": "Feature",
   "geometry": {
    "type": "Polygon",
    "coordinates": [
     [
      [
       492123.838,
       5458914.938
      ],
      [
       492122.117,
       5458914.405
      ],
      [
       492116.422,
       5458893.337
      ],
      [
       492116.956,
       5458892.463
      ],
      [
       492122.341,
       5458891.081
      ],
      [
       492123.712,
       5458891.788
      ],
      [
       492127.607,
       5458906.886
      ],
      [
       492126.539,
       5458908.635
      ],
      [
       492129.241,
       5458912.505
      ],
      [
       492128.704,
       5458913.555
      ],
      [
       492123.838,
       5458914.938
      ]
     ]
    ]
   },
   "properties": {
    "sheet": "vancouver_1912_MAP342a_04",
    "building_id": "vancouver_1912_MAP342a_04:block:4:part1:bldg232",
    "block_id": "vancouver_1912_MAP342a_04:block:4:part1",
    "block_fid": 12,
    "block_number": "11",
    "text_inside": [
     "5"
    ],
    "numerals_inside": [
     "5"
    ],
    "words_inside": [],
    "floors": null,
    "wash_rgb": [
     254,
     254,
     254
    ],
    "wash_chroma": 0.2,
    "wash_lightness_delta": -0.2,
    "hue_deg": 0,
    "material": "not a building (open lot, yard or court)",
    "area_source_px2": 5466,
    "centroid_source_px": [
     2807,
     3992
    ],
    "orphan": false,
    "centroid_map": [
     492122.66,
     5458902.833
    ]
   }
  },
  {
   "type": "Feature",
   "geometry": {
    "type": "Polygon",
    "coordinates": [
     [
      [
       492391.601,
       5458913.568
      ],
      [
       492390.751,
       5458912.687
      ],
      [
       492389.135,
       5458906.017
      ],
      [
       492386.38,
       5458905.304
      ],
      [
       492387.632,
       5458902.854
      ],
      [
       492386.308,
       5458899.341
      ],
      [
       492386.842,
       5458898.467
      ],
      [
       492384.597,
       5458898.282
      ],
      [
       492383.466,
       5458893.543
      ],
      [
       492385.363,
       5458893.901
      ],
      [
       492386.198,
       5458895.658
      ],
      [
       492388.452,
       5458895.317
      ],
      [
       492389.174,
       5458893.566
      ],
      [
       492394.568,
       5458891.659
      ],
      [
       492395.236,
       5458893.064
      ],
      [
       492396.101,
       5458893.068
      ],
      [
       492396.631,
       5458892.368
      ],
      [
       492395.612,
       5458891.312
      ],
      [
       492396.312,
       5458890.789
      ],
      [
       492398.731,
       5458890.974
      ],
      [
       492399.401,
       5458892.204
      ],
      [
       492400.275,
       5458891.682
      ],
      [
       492399.777,
       5458890.452
      ],
      [
       492402.899,
       5458889.939
      ],
      [
       492404.554,
       5458894.33
      ],
      [
       492404.62,
       5458910.815
      ],
      [
       492402.025,
       5458910.804
      ],
      [
       492391.601,
       5458913.568
      ]
     ]
    ]
   },
   "properties": {
    "sheet": "vancouver_1912_MAP342a_04",
    "building_id": "vancouver_1912_MAP342a_04:block:2:part1:bldg233",
    "block_id": "vancouver_1912_MAP342a_04:block:2:part1",
    "block_fid": 13,
    "block_number": null,
    "text_inside": [
     "15"
    ],
    "numerals_inside": [
     "15"
    ],
    "words_inside": [],
    "floors": null,
    "wash_rgb": [
     253,
     210,
     214
    ],
    "wash_chroma": 16.5,
    "wash_lightness_delta": -30.2,
    "hue_deg": 354,
    "material": "brick",
    "area_source_px2": 11294,
    "centroid_source_px": [
     4388,
     4002
    ],
    "orphan": false,
    "centroid_map": [
     492396.118,
     5458902.187
    ]
   }
  },
  {
   "type": "Feature",
   "geometry": {
    "type": "Polygon",
    "coordinates": [
     [
      [
       492112.295,
       5458912.261
      ],
      [
       492107.393,
       5458895.405
      ],
      [
       492113.655,
       5458893.326
      ],
      [
       492114.677,
       5458894.207
      ],
      [
       492115.387,
       5458893.158
      ],
      [
       492120.462,
       5458910.014
      ],
      [
       492116.291,
       5458911.224
      ],
      [
       492115.45,
       5458909.818
      ],
      [
       492115.247,
       5458911.571
      ],
      [
       492112.295,
       5458912.261
      ]
     ]
    ]
   },
   "properties": {
    "sheet": "vancouver_1912_MAP342a_04",
    "building_id": "vancouver_1912_MAP342a_04:block:4:part1:bldg234",
    "block_id": "vancouver_1912_MAP342a_04:block:4:part1",
    "block_fid": 12,
    "block_number": "11",
    "text_inside": [],
    "numerals_inside": [],
    "words_inside": [],
    "floors": null,
    "wash_rgb": [
     253,
     202,
     207
    ],
    "wash_chroma": 19.5,
    "wash_lightness_delta": -35.3,
    "hue_deg": 354,
    "material": "brick",
    "area_source_px2": 4859,
    "centroid_source_px": [
     2756,
     3994
    ],
    "orphan": false,
    "centroid_map": [
     492113.845,
     5458902.446
    ]
   }
  },
  {
   "type": "Feature",
   "geometry": {
    "type": "Polygon",
    "coordinates": [
     [
      [
       492368.268,
       5458912.596
      ],
      [
       492367.245,
       5458911.715
      ],
      [
       492361.38,
       5458890.472
      ],
      [
       492362.445,
       5458888.898
      ],
      [
       492367.83,
       5458887.517
      ],
      [
       492369.881,
       5458888.928
      ],
      [
       492371.438,
       5458888.934
      ],
      [
       492376.34,
       5458905.79
      ],
      [
       492376.152,
       5458906.666
      ],
      [
       492374.768,
       5458906.66
      ],
      [
       492374.118,
       5458904.202
      ],
      [
       492372.75,
       5458903.32
      ],
      [
       492371.945,
       5458899.809
      ],
      [
       492370.758,
       5458898.401
      ],
      [
       492371.837,
       5458895.951
      ],
      [
       492370.454,
       5458895.945
      ],
      [
       492369.145,
       5458891.555
      ],
      [
       492367.186,
       5458894.88
      ],
      [
       492365.796,
       5458895.225
      ],
      [
       492365.08,
       5458896.625
      ],
      [
       492366.759,
       5458899.613
      ],
      [
       492366.216,
       5458901.014
      ],
      [
       492368.006,
       5458907.685
      ],
      [
       492371.646,
       5458907.174
      ],
      [
       492372.311,
       5458908.755
      ],
      [
       492373.516,
       5458909.11
      ],
      [
       492374.583,
       5458907.361
      ],
      [
       492376.262,
       5458910.349
      ],
      [
       492368.268,
       5458912.596
      ]
     ]
    ]
   },
   "properties": {
    "sheet": "vancouver_1912_MAP342a_04",
    "building_id": "vancouver_1912_MAP342a_04:block:2:part1:bldg235",
    "block_id": "vancouver_1912_MAP342a_04:block:2:part1",
    "block_fid": 13,
    "block_number": null,
    "text_inside": [],
    "numerals_inside": [],
    "words_inside": [],
    "floors": null,
    "wash_rgb": [
     253,
     210,
     212
    ],
    "wash_chroma": 16.4,
    "wash_lightness_delta": -30.2,
    "hue_deg": 358,
    "material": "brick",
    "area_source_px2": 5064,
    "centroid_source_px": [
     4229,
     4023
    ],
    "orphan": false,
    "centroid_map": [
     492368.682,
     5458898.393
    ]
   }
  },
  {
   "type": "Feature",
   "geometry": {
    "type": "Polygon",
    "coordinates": [
     [
      [
       492200.533,
       5458910.514
      ],
      [
       492198.828,
       5458909.104
      ],
      [
       492199.368,
       5458907.878
      ],
      [
       492198.709,
       5458905.947
      ],
      [
       492196.475,
       5458905.061
      ],
      [
       492197.009,
       5458904.186
      ],
      [
       492198.22,
       5458904.191
      ],
      [
       492198.592,
       5458902.614
      ],
      [
       492196.917,
       5458899.451
      ],
      [
       492193.669,
       5458897.158
      ],
      [
       492195.933,
       5458896.29
      ],
      [
       492195.467,
       5458893.131
      ],
      [
       492199.985,
       5458891.922
      ],
      [
       492201.342,
       5458893.506
      ],
      [
       492205.245,
       5458908.078
      ],
      [
       492205.054,
       5458909.129
      ],
      [
       492200.533,
       5458910.514
      ]
     ]
    ]
   },
   "properties": {
    "sheet": "vancouver_1912_MAP342a_04",
    "building_id": "vancouver_1912_MAP342a_04:block:4:part1:bldg236",
    "block_id": "vancouver_1912_MAP342a_04:block:4:part1",
    "block_fid": 12,
    "block_number": "11",
    "text_inside": [],
    "numerals_inside": [],
    "words_inside": [],
    "floors": null,
    "wash_rgb": [
     253,
     217,
     216
    ],
    "wash_chroma": 13.9,
    "wash_lightness_delta": -26.1,
    "hue_deg": 2,
    "material": "brick",
    "area_source_px2": 3560,
    "centroid_source_px": [
     3255,
     4003
    ],
    "orphan": false,
    "centroid_map": [
     492200.173,
     5458901.218
    ]
   }
  },
  {
   "type": "Feature",
   "geometry": {
    "type": "Polygon",
    "coordinates": [
     [
      [
       492380.079,
       5458909.663
      ],
      [
       492379.22,
       5458909.309
      ],
      [
       492378.57,
       5458906.851
      ],
      [
       492377.193,
       5458906.495
      ],
      [
       492372.285,
       5458889.99
      ],
      [
       492372.83,
       5458888.414
      ],
      [
       492371.808,
       5458887.533
      ],
      [
       492371.995,
       5458886.657
      ],
      [
       492375.472,
       5458885.619
      ],
      [
       492377.312,
       5458889.309
      ],
      [
       492376.513,
       5458885.447
      ],
      [
       492379.471,
       5458884.407
      ],
      [
       492380.503,
       5458884.762
      ],
      [
       492386.693,
       5458907.235
      ],
      [
       492383.207,
       5458908.799
      ],
      [
       492382.53,
       5458907.919
      ],
      [
       492382.166,
       5458908.97
      ],
      [
       492380.079,
       5458909.663
      ]
     ]
    ]
   },
   "properties": {
    "sheet": "vancouver_1912_MAP342a_04",
    "building_id": "vancouver_1912_MAP342a_04:block:2:part1:bldg237",
    "block_id": "vancouver_1912_MAP342a_04:block:2:part1",
    "block_fid": 13,
    "block_number": null,
    "text_inside": [],
    "numerals_inside": [],
    "words_inside": [],
    "floors": null,
    "wash_rgb": [
     253,
     209,
     212
    ],
    "wash_chroma": 17.0,
    "wash_lightness_delta": -31.1,
    "hue_deg": 356,
    "material": "brick",
    "area_source_px2": 7008,
    "centroid_source_px": [
     4289,
     4031
    ],
    "orphan": false,
    "centroid_map": [
     492379.083,
     5458897.032
    ]
   }
  },
  {
   "type": "Feature",
   "geometry": {
    "type": "Polygon",
    "coordinates": [
     [
      [
       492218.782,
       5458905.326
      ],
      [
       492213.215,
       5458907.233
      ],
      [
       492210.12,
       5458906.168
      ],
      [
       492205.448,
       5458906.325
      ],
      [
       492200.06,
       5458887.538
      ],
      [
       492191.901,
       5458889.259
      ],
      [
       492191.418,
       5458887.153
      ],
      [
       492190.389,
       5458886.622
      ],
      [
       492190.768,
       5458884.695
      ],
      [
       492189.915,
       5458883.99
      ],
      [
       492190.276,
       5458883.114
      ],
      [
       492191.49,
       5458882.944
      ],
      [
       492191.344,
       5458881.365
      ],
      [
       492190.118,
       5458882.237
      ],
      [
       492188.916,
       5458881.706
      ],
      [
       492189.805,
       5458880.307
      ],
      [
       492189.14,
       5458878.726
      ],
      [
       492187.569,
       5458879.596
      ],
      [
       492187.375,
       5458880.823
      ],
      [
       492188.738,
       5458882.056
      ],
      [
       492188.183,
       5458884.158
      ],
      [
       492189.039,
       5458884.688
      ],
      [
       492188.833,
       5458886.616
      ],
      [
       492189.859,
       5458887.322
      ],
      [
       492189.817,
       5458889.777
      ],
      [
       492188.081,
       5458890.12
      ],
      [
       492183.841,
       5458875.021
      ],
      [
       492194.791,
       5458871.909
      ],
      [
       492196.461,
       5458875.423
      ],
      [
       492196.353,
       5458871.565
      ],
      [
       492208.859,
       5458868.459
      ],
      [
       492213.433,
       5458884.26
      ],
      [
       492211.456,
       5458888.637
      ],
      [
       492209.566,
       5458887.928
      ],
      [
       492209.759,
       5458886.701
      ],
      [
       492208.743,
       5458885.469
      ],
      [
       492209.282,
       5458884.244
      ],
      [
       492210.323,
       5458884.072
      ],
      [
       492209.649,
       5458883.018
      ],
      [
       492208.066,
       5458884.589
      ],
      [
       492207.75,
       5458882.834
      ],
      [
       492206.861,
       5458884.234
      ],
      [
       492208.012,
       5458887.746
      ],
      [
       492209.035,
       5458888.627
      ],
      [
       492208.659,
       5458890.379
      ],
      [
       492209.506,
       5458891.435
      ],
      [
       492209.3,
       5458893.363
      ],
      [
       492210.153,
       5458894.068
      ],
      [
       492210.081,
       5458898.276
      ],
      [
       492210.585,
       5458899.155
      ],
      [
       492210.785,
       5458897.578
      ],
      [
       492213.412,
       5458895.659
      ],
      [
       492212.61,
       5458891.973
      ],
      [
       492211.229,
       5458891.792
      ],
      [
       492210.389,
       5458890.386
      ],
      [
       492212.312,
       5458889.166
      ],
      [
       492212.989,
       5458890.046
      ],
      [
       492214.22,
       5458888.823
      ],
      [
       492218.782,
       5458905.326
      ]
     ]
    ]
   },
   "properties": {
    "sheet": "vancouver_1912_MAP342a_04",
    "building_id": "vancouver_1912_MAP342a_04:block:4:part1:bldg238",
    "block_id": "vancouver_1912_MAP342a_04:block:4:part1",
    "block_fid": 12,
    "block_number": "11",
    "text_inside": [
     "Hotel",
     "1",
     "16"
    ],
    "numerals_inside": [],
    "words_inside": [
     "Hotel"
    ],
    "floors": null,
    "wash_rgb": [
     253,
     216,
     215
    ],
    "wash_chroma": 14.1,
    "wash_lightness_delta": -26.4,
    "hue_deg": 2,
    "material": "brick",
    "area_source_px2": 21040,
    "centroid_source_px": [
     3271,
     4090
    ],
    "orphan": false,
    "centroid_map": [
     492203.199,
     5458885.973
    ]
   }
  },
  {
   "type": "Feature",
   "geometry": {
    "type": "Polygon",
    "coordinates": [
     [
      [
       492051.916,
       5458903.072
      ],
      [
       492049.817,
       5458894.295
      ],
      [
       492063.017,
       5458891.016
      ],
      [
       492069.98,
       5458888.414
      ],
      [
       492080.392,
       5458886.352
      ],
      [
       492082.664,
       5458895.13
      ],
      [
       492056.248,
       5458902.563
      ],
      [
       492051.916,
       5458903.072
      ]
     ]
    ]
   },
   "properties": {
    "sheet": "vancouver_1912_MAP342a_04",
    "building_id": "vancouver_1912_MAP342a_04:block:4:part1:bldg239",
    "block_id": "vancouver_1912_MAP342a_04:block:4:part1",
    "block_fid": 12,
    "block_number": "11",
    "text_inside": [
     "Commercial"
    ],
    "numerals_inside": [],
    "words_inside": [
     "Commercial"
    ],
    "floors": null,
    "wash_rgb": [
     253,
     202,
     206
    ],
    "wash_chroma": 19.5,
    "wash_lightness_delta": -35.4,
    "hue_deg": 356,
    "material": "brick",
    "area_source_px2": 9890,
    "centroid_source_px": [
     2478,
     4038
    ],
    "orphan": false,
    "centroid_map": [
     492065.898,
     5458894.535
    ]
   }
  },
  {
   "type": "Feature",
   "geometry": {
    "type": "Polygon",
    "coordinates": [
     [
      [
       492239.453,
       5458900.149
      ],
      [
       492234.401,
       5458881.89
      ],
      [
       492239.966,
       5458880.159
      ],
      [
       492241.134,
       5458882.619
      ],
      [
       492241.683,
       5458880.868
      ],
      [
       492244.796,
       5458880.88
      ],
      [
       492245.7,
       5458878.604
      ],
      [
       492246.725,
       5458879.31
      ],
      [
       492247.611,
       5458878.086
      ],
      [
       492252.817,
       5458877.054
      ],
      [
       492257.871,
       5458895.138
      ],
      [
       492252.134,
       5458896.869
      ],
      [
       492251.129,
       5458894.935
      ],
      [
       492250.578,
       5458896.862
      ],
      [
       492248.344,
       5458895.976
      ],
      [
       492246.427,
       5458896.845
      ],
      [
       492247.098,
       5458898.076
      ],
      [
       492246.227,
       5458898.423
      ],
      [
       492245.046,
       5458896.664
      ],
      [
       492244.835,
       5458898.943
      ],
      [
       492239.453,
       5458900.149
      ]
     ]
    ]
   },
   "properties": {
    "sheet": "vancouver_1912_MAP342a_04",
    "building_id": "vancouver_1912_MAP342a_04:block:3:bldg240",
    "block_id": "vancouver_1912_MAP342a_04:block:3",
    "block_fid": 14,
    "block_number": "3",
    "text_inside": [],
    "numerals_inside": [],
    "words_inside": [],
    "floors": null,
    "wash_rgb": [
     253,
     214,
     214
    ],
    "wash_chroma": 14.8,
    "wash_lightness_delta": -27.6,
    "hue_deg": 0,
    "material": "brick",
    "area_source_px2": 11458,
    "centroid_source_px": [
     3520,
     4076
    ],
    "orphan": false,
    "centroid_map": [
     492246.221,
     5458888.602
    ]
   }
  },
  {
   "type": "Feature",
   "geometry": {
    "type": "Polygon",
    "coordinates": [
     [
      [
       492259.085,
       5458894.968
      ],
      [
       492258.241,
       5458893.737
      ],
      [
       492252.051,
       5458871.264
      ],
      [
       492252.955,
       5458868.988
      ],
      [
       492250.909,
       5458867.226
      ],
      [
       492248.476,
       5458857.746
      ],
      [
       492254.037,
       5458856.19
      ],
      [
       492255.066,
       5458856.721
      ],
      [
       492265.013,
       5458892.186
      ],
      [
       492264.643,
       5458893.587
      ],
      [
       492259.085,
       5458894.968
      ]
     ]
    ]
   },
   "properties": {
    "sheet": "vancouver_1912_MAP342a_04",
    "building_id": "vancouver_1912_MAP342a_04:block:3:bldg241",
    "block_id": "vancouver_1912_MAP342a_04:block:3",
    "block_fid": 14,
    "block_number": "3",
    "text_inside": [],
    "numerals_inside": [],
    "words_inside": [],
    "floors": null,
    "wash_rgb": [
     253,
     212,
     213
    ],
    "wash_chroma": 15.7,
    "wash_lightness_delta": -29.1,
    "hue_deg": 358,
    "material": "brick",
    "area_source_px2": 8611,
    "centroid_source_px": [
     3580,
     4150
    ],
    "orphan": false,
    "centroid_map": [
     492256.819,
     5458875.668
    ]
   }
  },
  {
   "type": "Feature",
   "geometry": {
    "type": "Polygon",
    "coordinates": [
     [
      [
       492187.718,
       5458891.171
      ],
      [
       492181.119,
       5458892.723
      ],
      [
       492179.637,
       5458888.332
      ],
      [
       492177.746,
       5458887.623
      ],
      [
       492177.108,
       5458884.464
      ],
      [
       492172.591,
       5458885.673
      ],
      [
       492171.908,
       5458885.144
      ],
      [
       492170.289,
       5458878.649
      ],
      [
       492180.886,
       5458875.886
      ],
      [
       492182.851,
       5458882.383
      ],
      [
       492185.446,
       5458882.393
      ],
      [
       492187.718,
       5458891.171
      ]
     ]
    ]
   },
   "properties": {
    "sheet": "vancouver_1912_MAP342a_04",
    "building_id": "vancouver_1912_MAP342a_04:block:4:part1:bldg242",
    "block_id": "vancouver_1912_MAP342a_04:block:4:part1",
    "block_fid": 12,
    "block_number": "11",
    "text_inside": [],
    "numerals_inside": [],
    "words_inside": [],
    "floors": null,
    "wash_rgb": [
     254,
     254,
     254
    ],
    "wash_chroma": 0.0,
    "wash_lightness_delta": -0.0,
    "hue_deg": 0,
    "material": "not a building (open lot, yard or court)",
    "area_source_px2": 5014,
    "centroid_source_px": [
     3133,
     4102
    ],
    "orphan": false,
    "centroid_map": [
     492179.369,
     5458883.772
    ]
   }
  },
  {
   "type": "Feature",
   "geometry": {
    "type": "Polygon",
    "coordinates": [
     [
      [
       492266.206,
       5458893.243
      ],
      [
       492264.369,
       5458889.377
      ],
      [
       492261.131,
       5458876.387
      ],
      [
       492264.602,
       5458875.699
      ],
      [
       492262.732,
       5458873.763
      ],
      [
       492262.583,
       5458872.359
      ],
      [
       492271.272,
       5458869.939
      ],
      [
       492276.985,
       5458889.954
      ],
      [
       492270.55,
       5458892.033
      ],
      [
       492269.012,
       5458890.974
      ],
      [
       492268.314,
       5458891.322
      ],
      [
       492268.812,
       5458892.552
      ],
      [
       492266.206,
       5458893.243
      ]
     ]
    ]
   },
   "properties": {
    "sheet": "vancouver_1912_MAP342a_04",
    "building_id": "vancouver_1912_MAP342a_04:block:3:bldg243",
    "block_id": "vancouver_1912_MAP342a_04:block:3",
    "block_fid": 14,
    "block_number": "3",
    "text_inside": [
     "7"
    ],
    "numerals_inside": [
     "7"
    ],
    "words_inside": [],
    "floors": null,
    "wash_rgb": [
     254,
     209,
     214
    ],
    "wash_chroma": 16.8,
    "wash_lightness_delta": -30.5,
    "hue_deg": 354,
    "material": "brick",
    "area_source_px2": 7717,
    "centroid_source_px": [
     3651,
     4115
    ],
    "orphan": false,
    "centroid_map": [
     492268.994,
     5458881.855
    ]
   }
  },
  {
   "type": "Feature",
   "geometry": {
    "type": "Polygon",
    "coordinates": [
     [
      [
       492082.9,
       5458891.448
      ],
      [
       492079.098,
       5458881.085
      ],
      [
       492072.589,
       5458857.033
      ],
      [
       492076.418,
       5458855.646
      ],
      [
       492077.444,
       5458856.352
      ],
      [
       492078.502,
       5458855.128
      ],
      [
       492079.677,
       5458857.238
      ],
      [
       492079.892,
       5458854.783
      ],
      [
       492085.104,
       5458853.401
      ],
      [
       492095.415,
       5458887.816
      ],
      [
       492082.9,
       5458891.448
      ]
     ]
    ]
   },
   "properties": {
    "sheet": "vancouver_1912_MAP342a_04",
    "building_id": "vancouver_1912_MAP342a_04:block:4:part1:bldg244",
    "block_id": "vancouver_1912_MAP342a_04:block:4:part1",
    "block_fid": 12,
    "block_number": "11",
    "text_inside": [],
    "numerals_inside": [],
    "words_inside": [],
    "floors": null,
    "wash_rgb": [
     253,
     210,
     210
    ],
    "wash_chroma": 16.4,
    "wash_lightness_delta": -30.4,
    "hue_deg": 0,
    "material": "brick",
    "area_source_px2": 15794,
    "centroid_source_px": [
     2580,
     4164
    ],
    "orphan": false,
    "centroid_map": [
     492083.914,
     5458872.512
    ]
   }
  },
  {
   "type": "Feature",
   "geometry": {
    "type": "Polygon",
    "coordinates": [
     [
      [
       492100.907,
       5458890.293
      ],
      [
       492099.876,
       5458889.938
      ],
      [
       492099.059,
       5458887.129
      ],
      [
       492096.625,
       5458887.821
      ],
      [
       492095.773,
       5458887.116
      ],
      [
       492086.136,
       5458853.756
      ],
      [
       492087.018,
       5458852.708
      ],
      [
       492089.955,
       5458852.895
      ],
      [
       492091.536,
       5458851.498
      ],
      [
       492098.314,
       5458849.597
      ],
      [
       492103.052,
       5458865.925
      ],
      [
       492102.351,
       5458866.449
      ],
      [
       492101.155,
       5458865.567
      ],
      [
       492099.67,
       5458861.352
      ],
      [
       492099.286,
       5458863.63
      ],
      [
       492098.254,
       5458863.275
      ],
      [
       492097.371,
       5458864.324
      ],
      [
       492096.518,
       5458863.619
      ],
      [
       492095.988,
       5458864.318
      ],
      [
       492096.459,
       5458867.126
      ],
      [
       492097.812,
       5458868.885
      ],
      [
       492097.273,
       5458870.111
      ],
      [
       492096.077,
       5458869.229
      ],
      [
       492095.543,
       5458870.104
      ],
      [
       492096.879,
       5458872.915
      ],
      [
       492098.948,
       5458873.274
      ],
      [
       492099.742,
       5458877.486
      ],
      [
       492101.513,
       5458875.038
      ],
      [
       492102.524,
       5458876.621
      ],
      [
       492103.976,
       5458872.593
      ],
      [
       492105.184,
       5458872.773
      ],
      [
       492108.452,
       5458884.01
      ],
      [
       492105.309,
       5458885.751
      ],
      [
       492105.774,
       5458888.91
      ],
      [
       492100.907,
       5458890.293
      ]
     ]
    ]
   },
   "properties": {
    "sheet": "vancouver_1912_MAP342a_04",
    "building_id": "vancouver_1912_MAP342a_04:block:4:part1:bldg245",
    "block_id": "vancouver_1912_MAP342a_04:block:4:part1",
    "block_fid": 12,
    "block_number": "11",
    "text_inside": [
     "102"
    ],
    "numerals_inside": [
     "102"
    ],
    "words_inside": [],
    "floors": null,
    "wash_rgb": [
     253,
     216,
     213
    ],
    "wash_chroma": 14.6,
    "wash_lightness_delta": -26.9,
    "hue_deg": 4,
    "material": "brick",
    "area_source_px2": 13555,
    "centroid_source_px": [
     2655,
     4181
    ],
    "orphan": false,
    "centroid_map": [
     492096.936,
     5458869.583
    ]
   }
  },
  {
   "type": "Feature",
   "geometry": {
    "type": "Polygon",
    "coordinates": [
     [
      [
       492278.196,
       5458889.959
      ],
      [
       492272.483,
       5458869.944
      ],
      [
       492274.922,
       5458868.902
      ],
      [
       492276.091,
       5458871.362
      ],
      [
       492275.959,
       5458868.906
      ],
      [
       492278.572,
       5458867.864
      ],
      [
       492279.743,
       5458870.149
      ],
      [
       492282.496,
       5458871.037
      ],
      [
       492281.866,
       5458867.351
      ],
      [
       492283.432,
       5458866.832
      ],
      [
       492284.446,
       5458868.239
      ],
      [
       492288.975,
       5458886.671
      ],
      [
       492287.752,
       5458887.368
      ],
      [
       492286.739,
       5458885.96
      ],
      [
       492285.507,
       5458887.183
      ],
      [
       492284.827,
       5458886.479
      ],
      [
       492284.452,
       5458888.231
      ],
      [
       492280.814,
       5458888.567
      ],
      [
       492278.196,
       5458889.959
      ]
     ]
    ]
   },
   "properties": {
    "sheet": "vancouver_1912_MAP342a_04",
    "building_id": "vancouver_1912_MAP342a_04:block:3:bldg246",
    "block_id": "vancouver_1912_MAP342a_04:block:3",
    "block_fid": 14,
    "block_number": "3",
    "text_inside": [
     "6"
    ],
    "numerals_inside": [
     "6"
    ],
    "words_inside": [],
    "floors": null,
    "wash_rgb": [
     253,
     204,
     210
    ],
    "wash_chroma": 19.1,
    "wash_lightness_delta": -34.2,
    "hue_deg": 352,
    "material": "brick",
    "area_source_px2": 7520,
    "centroid_source_px": [
     3719,
     4134
    ],
    "orphan": false,
    "centroid_map": [
     492280.811,
     5458878.571
    ]
   }
  },
  {
   "type": "Feature",
   "geometry": {
    "type": "Polygon",
    "coordinates": [
     [
      [
       492110.464,
       5458887.701
      ],
      [
       492109.286,
       5458885.767
      ],
      [
       492099.342,
       5458850.127
      ],
      [
       492099.876,
       5458849.252
      ],
      [
       492105.613,
       5458847.522
      ],
      [
       492106.979,
       5458848.58
      ],
      [
       492117.427,
       5458885.099
      ],
      [
       492116.717,
       5458886.148
      ],
      [
       492110.464,
       5458887.701
      ]
     ]
    ]
   },
   "properties": {
    "sheet": "vancouver_1912_MAP342a_04",
    "building_id": "vancouver_1912_MAP342a_04:block:4:part1:bldg247",
    "block_id": "vancouver_1912_MAP342a_04:block:4:part1",
    "block_fid": 12,
    "block_number": "11",
    "text_inside": [],
    "numerals_inside": [],
    "words_inside": [],
    "floors": null,
    "wash_rgb": [
     253,
     216,
     214
    ],
    "wash_chroma": 14.2,
    "wash_lightness_delta": -26.4,
    "hue_deg": 4,
    "material": "brick",
    "area_source_px2": 10354,
    "centroid_source_px": [
     2721,
     4191
    ],
    "orphan": false,
    "centroid_map": [
     492108.38,
     5458867.876
    ]
   }
  },
  {
   "type": "Feature",
   "geometry": {
    "type": "Polygon",
    "coordinates": [
     [
      [
       492069.333,
       5458885.781
      ],
      [
       492068.474,
       5458885.427
      ],
      [
       492068.17,
       5458882.97
      ],
      [
       492067.299,
       5458883.317
      ],
      [
       492065.939,
       5458881.909
      ],
      [
       492059.892,
       5458861.191
      ],
      [
       492060.086,
       5458859.964
      ],
      [
       492062.344,
       5458859.447
      ],
      [
       492063.682,
       5458862.083
      ],
      [
       492063.384,
       5458859.276
      ],
      [
       492066.685,
       5458858.412
      ],
      [
       492068.355,
       5458861.927
      ],
      [
       492067.544,
       5458858.767
      ],
      [
       492068.427,
       5458857.718
      ],
      [
       492072.711,
       5458860.015
      ],
      [
       492076.799,
       5458873.886
      ],
      [
       492076.609,
       5458874.937
      ],
      [
       492072.261,
       5458876.323
      ],
      [
       492072.899,
       5458879.482
      ],
      [
       492073.955,
       5458878.434
      ],
      [
       492077.587,
       5458878.449
      ],
      [
       492079.247,
       5458882.489
      ],
      [
       492078.538,
       5458883.538
      ],
      [
       492075.413,
       5458884.227
      ],
      [
       492073.904,
       5458881.415
      ],
      [
       492073.85,
       5458884.572
      ],
      [
       492069.333,
       5458885.781
      ]
     ]
    ]
   },
   "properties": {
    "sheet": "vancouver_1912_MAP342a_04",
    "building_id": "vancouver_1912_MAP342a_04:block:4:part1:bldg248",
    "block_id": "vancouver_1912_MAP342a_04:block:4:part1",
    "block_fid": 12,
    "block_number": "11",
    "text_inside": [
     "102"
    ],
    "numerals_inside": [
     "102"
    ],
    "words_inside": [],
    "floors": null,
    "wash_rgb": [
     253,
     211,
     210
    ],
    "wash_chroma": 16.2,
    "wash_lightness_delta": -29.9,
    "hue_deg": 2,
    "material": "brick",
    "area_source_px2": 10230,
    "centroid_source_px": [
     2496,
     4171
    ],
    "orphan": false,
    "centroid_map": [
     492069.407,
     5458871.226
    ]
   }
  },
  {
   "type": "Feature",
   "geometry": {
    "type": "Polygon",
    "coordinates": [
     [
      [
       492290.705,
       5458886.678
      ],
      [
       492289.5,
       5458886.322
      ],
      [
       492284.461,
       5458867.362
      ],
      [
       492285.522,
       5458865.963
      ],
      [
       492290.386,
       5458864.755
      ],
      [
       492291.411,
       5458865.461
      ],
      [
       492296.278,
       5458884.421
      ],
      [
       492295.222,
       5458885.469
      ],
      [
       492290.705,
       5458886.678
      ]
     ]
    ]
   },
   "properties": {
    "sheet": "vancouver_1912_MAP342a_04",
    "building_id": "vancouver_1912_MAP342a_04:block:3:bldg249",
    "block_id": "vancouver_1912_MAP342a_04:block:3",
    "block_fid": 14,
    "block_number": "3",
    "text_inside": [],
    "numerals_inside": [],
    "words_inside": [],
    "floors": null,
    "wash_rgb": [
     253,
     208,
     213
    ],
    "wash_chroma": 17.6,
    "wash_lightness_delta": -31.5,
    "hue_deg": 354,
    "material": "brick",
    "area_source_px2": 4940,
    "centroid_source_px": [
     3774,
     4150
    ],
    "orphan": false,
    "centroid_map": [
     492290.371,
     5458875.804
    ]
   }
  },
  {
   "type": "Feature",
   "geometry": {
    "type": "Polygon",
    "coordinates": [
     [
      [
       492118.804,
       5458885.455
      ],
      [
       492117.615,
       5458884.223
      ],
      [
       492114.675,
       5458874.039
      ],
      [
       492115.036,
       5458873.164
      ],
      [
       492113.372,
       5458869.299
      ],
      [
       492113.56,
       5458868.423
      ],
      [
       492117.039,
       5458867.21
      ],
      [
       492116.026,
       5458865.803
      ],
      [
       492116.568,
       5458864.402
      ],
      [
       492112.072,
       5458864.384
      ],
      [
       492107.328,
       5458848.406
      ],
      [
       492107.694,
       5458847.18
      ],
      [
       492109.239,
       5458847.887
      ],
      [
       492109.955,
       5458846.487
      ],
      [
       492112.737,
       5458845.622
      ],
      [
       492114.735,
       5458850.189
      ],
      [
       492124.378,
       5458883.198
      ],
      [
       492123.844,
       5458884.073
      ],
      [
       492118.804,
       5458885.455
      ]
     ]
    ]
   },
   "properties": {
    "sheet": "vancouver_1912_MAP342a_04",
    "building_id": "vancouver_1912_MAP342a_04:block:4:part1:bldg250",
    "block_id": "vancouver_1912_MAP342a_04:block:4:part1",
    "block_fid": 12,
    "block_number": "11",
    "text_inside": [
     "12"
    ],
    "numerals_inside": [
     "12"
    ],
    "words_inside": [],
    "floors": null,
    "wash_rgb": [
     253,
     216,
     213
    ],
    "wash_chroma": 14.1,
    "wash_lightness_delta": -26.3,
    "hue_deg": 4,
    "material": "brick",
    "area_source_px2": 8108,
    "centroid_source_px": [
     2765,
     4202
    ],
    "orphan": false,
    "centroid_map": [
     492116.023,
     5458865.978
    ]
   }
  },
  {
   "type": "Feature",
   "geometry": {
    "type": "Polygon",
    "coordinates": [
     [
      [
       492297.309,
       5458884.776
      ],
      [
       492295.484,
       5458880.209
      ],
      [
       492287.049,
       5458847.38
      ],
      [
       492305.641,
       5458842.37
      ],
      [
       492315.734,
       5458879.414
      ],
      [
       492297.309,
       5458884.776
      ]
     ]
    ]
   },
   "properties": {
    "sheet": "vancouver_1912_MAP342a_04",
    "building_id": "vancouver_1912_MAP342a_04:block:3:bldg251",
    "block_id": "vancouver_1912_MAP342a_04:block:3",
    "block_fid": 14,
    "block_number": "3",
    "text_inside": [
     "Mamida",
     "Mann",
     "Hotel"
    ],
    "numerals_inside": [],
    "words_inside": [
     "Mamida",
     "Mann",
     "Hotel"
    ],
    "floors": null,
    "wash_rgb": [
     253,
     210,
     212
    ],
    "wash_chroma": 16.4,
    "wash_lightness_delta": -30.2,
    "hue_deg": 358,
    "material": "brick",
    "area_source_px2": 24806,
    "centroid_source_px": [
     3835,
     4220
    ],
    "orphan": false,
    "centroid_map": [
     492301.129,
     5458863.571
    ]
   }
  },
  {
   "type": "Feature",
   "geometry": {
    "type": "Polygon",
    "coordinates": [
     [
      [
       492125.406,
       5458883.728
      ],
      [
       492120.814,
       5458868.979
      ],
      [
       492134.2,
       5458864.999
      ],
      [
       492135.044,
       5458866.23
      ],
      [
       492134.677,
       5458867.456
      ],
      [
       492129.113,
       5458869.188
      ],
      [
       492132.706,
       5458881.653
      ],
      [
       492125.406,
       5458883.728
      ]
     ]
    ]
   },
   "properties": {
    "sheet": "vancouver_1912_MAP342a_04",
    "building_id": "vancouver_1912_MAP342a_04:block:4:part1:bldg252",
    "block_id": "vancouver_1912_MAP342a_04:block:4:part1",
    "block_fid": 12,
    "block_number": "11",
    "text_inside": [],
    "numerals_inside": [],
    "words_inside": [],
    "floors": null,
    "wash_rgb": [
     254,
     254,
     254
    ],
    "wash_chroma": 0.2,
    "wash_lightness_delta": -0.3,
    "hue_deg": 0,
    "material": "not a building (open lot, yard or court)",
    "area_source_px2": 4479,
    "centroid_source_px": [
     2830,
     4154
    ],
    "orphan": false,
    "centroid_map": [
     492127.121,
     5458874.441
    ]
   }
  },
  {
   "type": "Feature",
   "geometry": {
    "type": "Polygon",
    "coordinates": [
     [
      [
       492064.031,
       5458882.252
      ],
      [
       492061.825,
       5458879.788
      ],
      [
       492059.236,
       5458879.427
      ],
      [
       492049.134,
       5458873.423
      ],
      [
       492047.392,
       5458874.118
      ],
      [
       492045.881,
       5458871.481
      ],
      [
       492056.261,
       5458861.176
      ],
      [
       492058.002,
       5458860.482
      ],
      [
       492059.547,
       5458861.189
      ],
      [
       492065.427,
       5458881.556
      ],
      [
       492064.031,
       5458882.252
      ]
     ]
    ]
   },
   "properties": {
    "sheet": "vancouver_1912_MAP342a_04",
    "building_id": "vancouver_1912_MAP342a_04:block:4:part1:bldg253",
    "block_id": "vancouver_1912_MAP342a_04:block:4:part1",
    "block_fid": 12,
    "block_number": "11",
    "text_inside": [
     "Vancouver"
    ],
    "numerals_inside": [],
    "words_inside": [
     "Vancouver"
    ],
    "floors": null,
    "wash_rgb": [
     253,
     211,
     211
    ],
    "wash_chroma": 16.2,
    "wash_lightness_delta": -30.0,
    "hue_deg": 0,
    "material": "brick",
    "area_source_px2": 6649,
    "centroid_source_px": [
     2421,
     4172
    ],
    "orphan": false,
    "centroid_map": [
     492056.439,
     5458870.998
    ]
   }
  },
  {
   "type": "Feature",
   "geometry": {
    "type": "Polygon",
    "coordinates": [
     [
      [
       492139.999,
       5458879.929
      ],
      [
       492139.314,
       5458879.576
      ],
      [
       492134.913,
       5458863.775
      ],
      [
       492136.496,
       5458862.203
      ],
      [
       492136.013,
       5458860.096
      ],
      [
       492133.115,
       5458857.629
      ],
      [
       492129.05,
       5458842.356
      ],
      [
       492129.241,
       5458841.304
      ],
      [
       492132.36,
       5458840.966
      ],
      [
       492132.858,
       5458842.196
      ],
      [
       492133.064,
       5458840.268
      ],
      [
       492135.67,
       5458839.577
      ],
      [
       492136.702,
       5458839.932
      ],
      [
       492147.138,
       5458877.152
      ],
      [
       492146.428,
       5458878.202
      ],
      [
       492143.649,
       5458878.892
      ],
      [
       492142.972,
       5458878.012
      ],
      [
       492142.609,
       5458879.063
      ],
      [
       492139.999,
       5458879.929
      ]
     ]
    ]
   },
   "properties": {
    "sheet": "vancouver_1912_MAP342a_04",
    "building_id": "vancouver_1912_MAP342a_04:block:4:part1:bldg254",
    "block_id": "vancouver_1912_MAP342a_04:block:4:part1",
    "block_fid": 12,
    "block_number": "11",
    "text_inside": [],
    "numerals_inside": [],
    "words_inside": [],
    "floors": null,
    "wash_rgb": [
     253,
     215,
     213
    ],
    "wash_chroma": 14.5,
    "wash_lightness_delta": -27.0,
    "hue_deg": 4,
    "material": "brick",
    "area_source_px2": 10378,
    "centroid_source_px": [
     2893,
     4238
    ],
    "orphan": false,
    "centroid_map": [
     492138.267,
     5458859.755
    ]
   }
  },
  {
   "type": "Feature",
   "geometry": {
    "type": "Polygon",
    "coordinates": [
     [
      [
       492317.118,
       5458879.42
      ],
      [
       492316.432,
       5458879.066
      ],
      [
       492306.658,
       5458843.602
      ],
      [
       492307.2,
       5458842.201
      ],
      [
       492309.965,
       5458842.387
      ],
      [
       492315.198,
       5458839.778
      ],
      [
       492319.939,
       5458855.931
      ],
      [
       492319.223,
       5458857.331
      ],
      [
       492320.75,
       5458859.091
      ],
      [
       492325.3,
       5458876.296
      ],
      [
       492324.417,
       5458877.345
      ],
      [
       492317.118,
       5458879.42
      ]
     ]
    ]
   },
   "properties": {
    "sheet": "vancouver_1912_MAP342a_04",
    "building_id": "vancouver_1912_MAP342a_04:block:3:bldg255",
    "block_id": "vancouver_1912_MAP342a_04:block:3",
    "block_fid": 14,
    "block_number": "3",
    "text_inside": [
     "4"
    ],
    "numerals_inside": [
     "4"
    ],
    "words_inside": [],
    "floors": null,
    "wash_rgb": [
     253,
     211,
     212
    ],
    "wash_chroma": 15.9,
    "wash_lightness_delta": -29.5,
    "hue_deg": 358,
    "material": "brick",
    "area_source_px2": 11717,
    "centroid_source_px": [
     3921,
     4242
    ],
    "orphan": false,
    "centroid_map": [
     492316.068,
     5458859.774
    ]
   }
  },
  {
   "type": "Feature",
   "geometry": {
    "type": "Polygon",
    "coordinates": [
     [
      [
       492147.654,
       5458877.33
      ],
      [
       492145.087,
       5458865.57
      ],
      [
       492160.023,
       5458861.947
      ],
      [
       492160.049,
       5458860.369
      ],
      [
       492182.473,
       5458853.796
      ],
      [
       492184.026,
       5458853.978
      ],
      [
       492187.259,
       5458867.319
      ],
      [
       492180.308,
       5458869.22
      ],
      [
       492178.164,
       5458863.073
      ],
      [
       492175.397,
       5458863.062
      ],
      [
       492162.19,
       5458866.691
      ],
      [
       492163.455,
       5458873.711
      ],
      [
       492148.513,
       5458877.684
      ],
      [
       492147.654,
       5458877.33
      ]
     ]
    ]
   },
   "properties": {
    "sheet": "vancouver_1912_MAP342a_04",
    "building_id": "vancouver_1912_MAP342a_04:block:4:part1:bldg256",
    "block_id": "vancouver_1912_MAP342a_04:block:4:part1",
    "block_fid": 12,
    "block_number": "11",
    "text_inside": [],
    "numerals_inside": [],
    "words_inside": [],
    "floors": null,
    "wash_rgb": [
     254,
     254,
     254
    ],
    "wash_chroma": 0.0,
    "wash_lightness_delta": -0.1,
    "hue_deg": 0,
    "material": "not a building (open lot, yard or court)",
    "area_source_px2": 14055,
    "centroid_source_px": [
     3050,
     4207
    ],
    "orphan": false,
    "centroid_map": [
     492165.327,
     5458865.301
    ]
   }
  },
  {
   "type": "Feature",
   "geometry": {
    "type": "Polygon",
    "coordinates": [
     [
      [
       492328.24,
       5458876.308
      ],
      [
       492325.497,
       5458874.894
      ],
      [
       492321.758,
       5458860.849
      ],
      [
       492323.165,
       5458859.452
      ],
      [
       492322.676,
       5458857.696
      ],
      [
       492324.25,
       5458856.65
      ],
      [
       492323.43,
       5458854.016
      ],
      [
       492321.707,
       5458853.659
      ],
      [
       492317.795,
       5458839.613
      ],
      [
       492325.622,
       5458837.014
      ],
      [
       492326.964,
       5458839.475
      ],
      [
       492330.867,
       5458854.047
      ],
      [
       492329.114,
       5458855.442
      ],
      [
       492331.013,
       5458855.626
      ],
      [
       492336.076,
       5458873.183
      ],
      [
       492335.537,
       5458874.408
      ],
      [
       492331.541,
       5458875.444
      ],
      [
       492330.864,
       5458874.565
      ],
      [
       492330.503,
       5458875.44
      ],
      [
       492328.24,
       5458876.308
      ]
     ]
    ]
   },
   "properties": {
    "sheet": "vancouver_1912_MAP342a_04",
    "building_id": "vancouver_1912_MAP342a_04:block:3:bldg257",
    "block_id": "vancouver_1912_MAP342a_04:block:3",
    "block_fid": 14,
    "block_number": "3",
    "text_inside": [],
    "numerals_inside": [],
    "words_inside": [],
    "floors": null,
    "wash_rgb": [
     253,
     211,
     213
    ],
    "wash_chroma": 16.0,
    "wash_lightness_delta": -29.7,
    "hue_deg": 358,
    "material": "brick",
    "area_source_px2": 11712,
    "centroid_source_px": [
     3983,
     4255
    ],
    "orphan": false,
    "centroid_map": [
     492326.83,
     5458857.538
    ]
   }
  },
  {
   "type": "Feature",
   "geometry": {
    "type": "Polygon",
    "coordinates": [
     [
      [
       492231.786,
       5458872.936
      ],
      [
       492231.002,
       5458868.198
      ],
      [
       492232.216,
       5458868.027
      ],
      [
       492234.595,
       5458870.492
      ],
      [
       492237.899,
       5458869.453
      ],
      [
       492237.923,
       5458868.05
      ],
      [
       492238.973,
       5458867.353
      ],
      [
       492239.814,
       5458868.759
      ],
      [
       492241.203,
       5458868.414
      ],
      [
       492241.239,
       5458866.31
      ],
      [
       492243.839,
       5458865.97
      ],
      [
       492244.507,
       5458867.375
      ],
      [
       492245.378,
       5458867.028
      ],
      [
       492244.194,
       5458865.445
      ],
      [
       492245.419,
       5458864.573
      ],
      [
       492243.186,
       5458863.687
      ],
      [
       492240.219,
       5458865.254
      ],
      [
       492238.493,
       5458865.071
      ],
      [
       492237.61,
       5458866.12
      ],
      [
       492236.405,
       5458865.764
      ],
      [
       492235.526,
       5458866.638
      ],
      [
       492230.841,
       5458867.495
      ],
      [
       492229.991,
       5458866.615
      ],
      [
       492229.538,
       5458862.755
      ],
      [
       492245.005,
       5458858.434
      ],
      [
       492247.945,
       5458858.446
      ],
      [
       492250.193,
       5458868.626
      ],
      [
       492247.25,
       5458868.79
      ],
      [
       492246.371,
       5458869.663
      ],
      [
       492245.169,
       5458869.132
      ],
      [
       492242.548,
       5458870.7
      ],
      [
       492241.513,
       5458870.52
      ],
      [
       492240.449,
       5458872.094
      ],
      [
       492239.08,
       5458871.212
      ],
      [
       492236.644,
       5458872.079
      ],
      [
       492235.928,
       5458873.479
      ],
      [
       492234.902,
       5458872.773
      ],
      [
       492231.786,
       5458872.936
      ]
     ]
    ]
   },
   "properties": {
    "sheet": "vancouver_1912_MAP342a_04",
    "building_id": "vancouver_1912_MAP342a_04:block:3:bldg258",
    "block_id": "vancouver_1912_MAP342a_04:block:3",
    "block_fid": 14,
    "block_number": "3",
    "text_inside": [
     "Hotel."
    ],
    "numerals_inside": [],
    "words_inside": [
     "Hotel."
    ],
    "floors": null,
    "wash_rgb": [
     253,
     205,
     211
    ],
    "wash_chroma": 18.4,
    "wash_lightness_delta": -33.3,
    "hue_deg": 352,
    "material": "brick",
    "area_source_px2": 5585,
    "centroid_source_px": [
     3483,
     4210
    ],
    "orphan": false,
    "centroid_map": [
     492240.222,
     5458865.078
    ]
   }
  },
  {
   "type": "Feature",
   "geometry": {
    "type": "Polygon",
    "coordinates": [
     [
      [
       492337.278,
       5458873.714
      ],
      [
       492336.094,
       5458872.131
      ],
      [
       492331.884,
       5458855.278
      ],
      [
       492338.492,
       5458853.201
      ],
      [
       492339.5,
       5458854.958
      ],
      [
       492341.053,
       5458855.14
      ],
      [
       492341.93,
       5458854.442
      ],
      [
       492341.271,
       5458852.51
      ],
      [
       492347.879,
       5458850.433
      ],
      [
       492346.555,
       5458846.92
      ],
      [
       492330.745,
       5458851.065
      ],
      [
       492326.66,
       5458837.019
      ],
      [
       492343.689,
       5458832.353
      ],
      [
       492345.192,
       5458835.515
      ],
      [
       492354.307,
       5458869.048
      ],
      [
       492349.438,
       5458870.607
      ],
      [
       492348.242,
       5458869.725
      ],
      [
       492346.832,
       5458871.298
      ],
      [
       492337.278,
       5458873.714
      ]
     ]
    ]
   },
   "properties": {
    "sheet": "vancouver_1912_MAP342a_04",
    "building_id": "vancouver_1912_MAP342a_04:block:3:bldg259",
    "block_id": "vancouver_1912_MAP342a_04:block:3",
    "block_fid": 14,
    "block_number": "3",
    "text_inside": [
     "22",
     "Crenne",
     "Hotel",
     "3"
    ],
    "numerals_inside": [
     "3"
    ],
    "words_inside": [
     "Crenne",
     "Hotel"
    ],
    "floors": null,
    "wash_rgb": [
     253,
     211,
     213
    ],
    "wash_chroma": 15.9,
    "wash_lightness_delta": -29.4,
    "hue_deg": 358,
    "material": "brick",
    "area_source_px2": 20440,
    "centroid_source_px": [
     4060,
     4289
    ],
    "orphan": false,
    "centroid_map": [
     492340.248,
     5458851.629
    ]
   }
  },
  {
   "type": "Feature",
   "geometry": {
    "type": "Polygon",
    "coordinates": [
     [
      [
       492260.332,
       5458872.525
      ],
      [
       492255.427,
       5458855.845
      ],
      [
       492258.209,
       5458854.98
      ],
      [
       492258.892,
       5458855.509
      ],
      [
       492260.35,
       5458861.302
      ],
      [
       492261.378,
       5458861.832
      ],
      [
       492260.848,
       5458862.531
      ],
      [
       492261.489,
       5458865.515
      ],
      [
       492262.174,
       5458865.869
      ],
      [
       492265.481,
       5458864.655
      ],
      [
       492262.72,
       5458854.121
      ],
      [
       492266.546,
       5458852.909
      ],
      [
       492271.284,
       5458869.238
      ],
      [
       492260.332,
       5458872.525
      ]
     ]
    ]
   },
   "properties": {
    "sheet": "vancouver_1912_MAP342a_04",
    "building_id": "vancouver_1912_MAP342a_04:block:3:bldg260",
    "block_id": "vancouver_1912_MAP342a_04:block:3",
    "block_fid": 14,
    "block_number": "3",
    "text_inside": [],
    "numerals_inside": [],
    "words_inside": [],
    "floors": null,
    "wash_rgb": [
     254,
     254,
     254
    ],
    "wash_chroma": 0.2,
    "wash_lightness_delta": -0.1,
    "hue_deg": 0,
    "material": "not a building (open lot, yard or court)",
    "area_source_px2": 5003,
    "centroid_source_px": [
     3620,
     4219
    ],
    "orphan": false,
    "centroid_map": [
     492263.943,
     5458863.596
    ]
   }
  },
  {
   "type": "Feature",
   "geometry": {
    "type": "Polygon",
    "coordinates": [
     [
      [
       492033.989,
       5458868.978
      ],
      [
       492033.19,
       5458865.116
      ],
      [
       492040.937,
       5458857.081
      ],
      [
       492047.61,
       5458851.145
      ],
      [
       492057.388,
       5458845.748
      ],
      [
       492115.075,
       5458830.199
      ],
      [
       492122.013,
       5458828.999
      ],
      [
       492123.239,
       5458828.127
      ],
      [
       492124.271,
       5458828.482
      ],
      [
       492122.991,
       5458832.511
      ],
      [
       492066.703,
       5458847.189
      ],
      [
       492055.387,
       5458851.527
      ],
      [
       492046.99,
       5458857.105
      ],
      [
       492035.024,
       5458869.157
      ],
      [
       492033.989,
       5458868.978
      ]
     ]
    ]
   },
   "properties": {
    "sheet": "vancouver_1912_MAP342a_04",
    "building_id": "vancouver_1912_MAP342a_04:block:4:part1:bldg261",
    "block_id": "vancouver_1912_MAP342a_04:block:4:part1",
    "block_fid": 12,
    "block_number": "11",
    "text_inside": [],
    "numerals_inside": [],
    "words_inside": [],
    "floors": null,
    "wash_rgb": [
     254,
     254,
     254
    ],
    "wash_chroma": 0.2,
    "wash_lightness_delta": -0.2,
    "hue_deg": 0,
    "material": "not a building (open lot, yard or court)",
    "area_source_px2": 13482,
    "centroid_source_px": [
     2529,
     4322
    ],
    "orphan": false,
    "centroid_map": [
     492075.565,
     5458844.77
    ]
   }
  },
  {
   "type": "Feature",
   "geometry": {
    "type": "Polygon",
    "coordinates": [
     [
      [
       492272.155,
       5458868.89
      ],
      [
       492267.587,
       5458852.738
      ],
      [
       492273.667,
       5458851.184
      ],
      [
       492276.106,
       5458860.313
      ],
      [
       492278.008,
       5458860.321
      ],
      [
       492282.186,
       5458858.76
      ],
      [
       492279.75,
       5458849.455
      ],
      [
       492286.348,
       5458847.904
      ],
      [
       492289.929,
       5458861.071
      ],
      [
       492283.322,
       5458863.149
      ],
      [
       492283.62,
       5458865.956
      ],
      [
       492272.155,
       5458868.89
      ]
     ]
    ]
   },
   "properties": {
    "sheet": "vancouver_1912_MAP342a_04",
    "building_id": "vancouver_1912_MAP342a_04:block:3:bldg262",
    "block_id": "vancouver_1912_MAP342a_04:block:3",
    "block_fid": 14,
    "block_number": "3",
    "text_inside": [],
    "numerals_inside": [],
    "words_inside": [],
    "floors": null,
    "wash_rgb": [
     254,
     254,
     254
    ],
    "wash_chroma": 0.2,
    "wash_lightness_delta": -0.1,
    "hue_deg": 0,
    "material": "not a building (open lot, yard or court)",
    "area_source_px2": 7981,
    "centroid_source_px": [
     3706,
     4247
    ],
    "orphan": false,
    "centroid_map": [
     492278.9,
     5458858.746
    ]
   }
  },
  {
   "type": "Feature",
   "geometry": {
    "type": "Polygon",
    "coordinates": [
     [
      [
       492355.002,
       5458868.875
      ],
      [
       492349.951,
       5458850.617
      ],
      [
       492358.127,
       5458847.844
      ],
      [
       492359.132,
       5458849.777
      ],
      [
       492360.686,
       5458849.959
      ],
      [
       492361.565,
       5458849.085
      ],
      [
       492360.733,
       5458847.153
      ],
      [
       492369.419,
       5458844.908
      ],
      [
       492369.795,
       5458843.156
      ],
      [
       492365.406,
       5458826.653
      ],
      [
       492371.14,
       5458825.098
      ],
      [
       492372.971,
       5458829.315
      ],
      [
       492372.357,
       5458824.753
      ],
      [
       492378.097,
       5458822.847
      ],
      [
       492379.284,
       5458824.255
      ],
      [
       492380.497,
       5458824.084
      ],
      [
       492380.822,
       5458825.313
      ],
      [
       492379.603,
       5458825.834
      ],
      [
       492383.035,
       5458837.598
      ],
      [
       492381.421,
       5458840.923
      ],
      [
       492382.781,
       5458842.332
      ],
      [
       492382.751,
       5458844.085
      ],
      [
       492383.431,
       5458844.79
      ],
      [
       492384.308,
       5458844.092
      ],
      [
       492385.158,
       5458844.972
      ],
      [
       492388.885,
       5458859.718
      ],
      [
       492385.578,
       5458860.932
      ],
      [
       492381.943,
       5458861.093
      ],
      [
       492380.715,
       5458862.14
      ],
      [
       492367.681,
       5458865.77
      ],
      [
       492364.586,
       5458864.705
      ],
      [
       492363.017,
       5458865.401
      ],
      [
       492363.515,
       5458866.63
      ],
      [
       492361.431,
       5458867.148
      ],
      [
       492360.763,
       5458865.742
      ],
      [
       492360.384,
       5458867.67
      ],
      [
       492355.002,
       5458868.875
      ]
     ]
    ]
   },
   "properties": {
    "sheet": "vancouver_1912_MAP342a_04",
    "building_id": "vancouver_1912_MAP342a_04:block:3:bldg263",
    "block_id": "vancouver_1912_MAP342a_04:block:3",
    "block_fid": 14,
    "block_number": "3",
    "text_inside": [
     "60",
     "2",
     "75"
    ],
    "numerals_inside": [
     "2"
    ],
    "words_inside": [],
    "floors": null,
    "wash_rgb": [
     253,
     210,
     212
    ],
    "wash_chroma": 16.7,
    "wash_lightness_delta": -30.5,
    "hue_deg": 358,
    "material": "brick",
    "area_source_px2": 30628,
    "centroid_source_px": [
     4239,
     4310
    ],
    "orphan": false,
    "centroid_map": [
     492371.268,
     5458848.072
    ]
   }
  },
  {
   "type": "Feature",
   "geometry": {
    "type": "Polygon",
    "coordinates": [
     [
      [
       492121.005,
       5458867.927
      ],
      [
       492119.654,
       5458865.993
      ],
      [
       492113.947,
       5458845.627
      ],
      [
       492126.113,
       5458842.169
      ],
      [
       492126.963,
       5458843.049
      ],
      [
       492128.01,
       5458842.527
      ],
      [
       492132.924,
       5458858.681
      ],
      [
       492132.736,
       5458859.557
      ],
      [
       492131.698,
       5458859.553
      ],
      [
       492132.673,
       5458863.239
      ],
      [
       492133.717,
       5458862.893
      ],
      [
       492134.388,
       5458864.123
      ],
      [
       492126.214,
       5458866.721
      ],
      [
       492124.393,
       5458861.978
      ],
      [
       492125.177,
       5458866.717
      ],
      [
       492121.005,
       5458867.927
      ]
     ]
    ]
   },
   "properties": {
    "sheet": "vancouver_1912_MAP342a_04",
    "building_id": "vancouver_1912_MAP342a_04:block:4:part1:bldg264",
    "block_id": "vancouver_1912_MAP342a_04:block:4:part1",
    "block_fid": 12,
    "block_number": "11",
    "text_inside": [
     "BLM.",
     "BLM.",
     "BLM."
    ],
    "numerals_inside": [],
    "words_inside": [
     "BLM.",
     "BLM.",
     "BLM."
    ],
    "floors": null,
    "wash_rgb": [
     253,
     216,
     213
    ],
    "wash_chroma": 14.2,
    "wash_lightness_delta": -26.5,
    "hue_deg": 4,
    "material": "brick",
    "area_source_px2": 10952,
    "centroid_source_px": [
     2810,
     4268
    ],
    "orphan": false,
    "centroid_map": [
     492124.002,
     5458854.436
    ]
   }
  },
  {
   "type": "Feature",
   "geometry": {
    "type": "Polygon",
    "coordinates": [
     [
      [
       492188.648,
       5458866.974
      ],
      [
       492187.798,
       5458866.093
      ],
      [
       492178.057,
       5458828.7
      ],
      [
       492183.102,
       5458826.967
      ],
      [
       492185.318,
       5458828.905
      ],
      [
       492187.408,
       5458828.037
      ],
      [
       492186.379,
       5458827.506
      ],
      [
       492186.579,
       5458825.929
      ],
      [
       492196.306,
       5458823.513
      ],
      [
       492201.378,
       5458840.544
      ],
      [
       492200.471,
       5458842.996
      ],
      [
       492201.631,
       5458845.982
      ],
      [
       492202.842,
       5458845.987
      ],
      [
       492206.903,
       5458861.436
      ],
      [
       492188.648,
       5458866.974
      ]
     ]
    ]
   },
   "properties": {
    "sheet": "vancouver_1912_MAP342a_04",
    "building_id": "vancouver_1912_MAP342a_04:block:4:part1:bldg265",
    "block_id": "vancouver_1912_MAP342a_04:block:4:part1",
    "block_fid": 12,
    "block_number": "11",
    "text_inside": [
     "Departmental",
     "Stoic",
     "16",
     "BLM."
    ],
    "numerals_inside": [],
    "words_inside": [
     "Departmental",
     "Stoic",
     "BLM."
    ],
    "floors": null,
    "wash_rgb": [
     253,
     213,
     214
    ],
    "wash_chroma": 15.2,
    "wash_lightness_delta": -28.2,
    "hue_deg": 358,
    "material": "brick",
    "area_source_px2": 25100,
    "centroid_source_px": [
     3202,
     4322
    ],
    "orphan": false,
    "centroid_map": [
     492191.958,
     5458845.241
    ]
   }
  },
  {
   "type": "Feature",
   "geometry": {
    "type": "Polygon",
    "coordinates": [
     [
      [
       492144.75,
       5458865.042
      ],
      [
       492137.23,
       5458839.408
      ],
      [
       492147.135,
       5458836.642
      ],
      [
       492148.853,
       5458837.35
      ],
      [
       492149.22,
       5458836.124
      ],
      [
       492151.826,
       5458835.433
      ],
      [
       492152.846,
       5458836.49
      ],
      [
       492159.176,
       5458860.892
      ],
      [
       492144.75,
       5458865.042
      ]
     ]
    ]
   },
   "properties": {
    "sheet": "vancouver_1912_MAP342a_04",
    "building_id": "vancouver_1912_MAP342a_04:block:4:part1:bldg266",
    "block_id": "vancouver_1912_MAP342a_04:block:4:part1",
    "block_fid": 12,
    "block_number": "11",
    "text_inside": [
     "14",
     "BLM."
    ],
    "numerals_inside": [
     "14"
    ],
    "words_inside": [
     "BLM."
    ],
    "floors": null,
    "wash_rgb": [
     253,
     219,
     215
    ],
    "wash_chroma": 13.1,
    "wash_lightness_delta": -24.4,
    "hue_deg": 6,
    "material": "brick",
    "area_source_px2": 13494,
    "centroid_source_px": [
     2949,
     4294
    ],
    "orphan": false,
    "centroid_map": [
     492148.119,
     5458849.974
    ]
   }
  },
  {
   "type": "Feature",
   "geometry": {
    "type": "Polygon",
    "coordinates": [
     [
      [
       492367.228,
       5458861.91
      ],
      [
       492365.725,
       5458858.747
      ],
      [
       492363.629,
       5458849.795
      ],
      [
       492370.758,
       5458847.544
      ],
      [
       492374.354,
       5458859.835
      ],
      [
       492367.228,
       5458861.91
      ]
     ]
    ]
   },
   "properties": {
    "sheet": "vancouver_1912_MAP342a_04",
    "building_id": "vancouver_1912_MAP342a_04:block:3:bldg267",
    "block_id": "vancouver_1912_MAP342a_04:block:3",
    "block_fid": 14,
    "block_number": "3",
    "text_inside": [],
    "numerals_inside": [],
    "words_inside": [],
    "floors": null,
    "wash_rgb": [
     253,
     242,
     135
    ],
    "wash_chroma": 53.5,
    "wash_lightness_delta": -13.8,
    "hue_deg": 54,
    "material": "frame (wood)",
    "area_source_px2": 3237,
    "centroid_source_px": [
     4226,
     4272
    ],
    "orphan": false,
    "centroid_map": [
     492368.907,
     5458854.727
    ]
   }
  },
  {
   "type": "Feature",
   "geometry": {
    "type": "Polygon",
    "coordinates": [
     [
      [
       492159.724,
       5458859.14
      ],
      [
       492153.212,
       5458835.264
      ],
      [
       492155.651,
       5458834.221
      ],
      [
       492157.017,
       5458835.279
      ],
      [
       492158.082,
       5458833.705
      ],
      [
       492165.554,
       5458831.631
      ],
      [
       492166.398,
       5458832.862
      ],
      [
       492167.952,
       5458833.043
      ],
      [
       492168.608,
       5458835.151
      ],
      [
       492168.157,
       5458831.115
      ],
      [
       492169.365,
       5458831.295
      ],
      [
       492171.983,
       5458829.903
      ],
      [
       492173.006,
       5458830.784
      ],
      [
       492173.718,
       5458829.559
      ],
      [
       492177.189,
       5458828.872
      ],
      [
       492183.529,
       5458852.748
      ],
      [
       492179.873,
       5458854.136
      ],
      [
       492178.856,
       5458852.904
      ],
      [
       492178.659,
       5458854.307
      ],
      [
       492175.528,
       5458855.346
      ],
      [
       492174.494,
       5458855.167
      ],
      [
       492173.659,
       5458853.41
      ],
      [
       492173.271,
       5458855.863
      ],
      [
       492168.938,
       5458856.372
      ],
      [
       492168.056,
       5458857.42
      ],
      [
       492159.724,
       5458859.14
      ]
     ]
    ]
   },
   "properties": {
    "sheet": "vancouver_1912_MAP342a_04",
    "building_id": "vancouver_1912_MAP342a_04:block:4:part1:bldg268",
    "block_id": "vancouver_1912_MAP342a_04:block:4:part1",
    "block_fid": 12,
    "block_number": "11",
    "text_inside": [],
    "numerals_inside": [],
    "words_inside": [],
    "floors": null,
    "wash_rgb": [
     253,
     219,
     217
    ],
    "wash_chroma": 13.2,
    "wash_lightness_delta": -24.8,
    "hue_deg": 4,
    "material": "brick",
    "area_source_px2": 20200,
    "centroid_source_px": [
     3063,
     4330
    ],
    "orphan": false,
    "centroid_map": [
     492167.943,
     5458843.741
    ]
   }
  },
  {
   "type": "Feature",
   "geometry": {
    "type": "Polygon",
    "coordinates": [
     [
      [
       492390.098,
       5458859.548
      ],
      [
       492385.009,
       5458843.568
      ],
      [
       492385.718,
       5458842.519
      ],
      [
       492390.063,
       5458841.309
      ],
      [
       492388.053,
       5458837.443
      ],
      [
       492387.003,
       5458838.14
      ],
      [
       492385.662,
       5458835.679
      ],
      [
       492384.451,
       5458835.675
      ],
      [
       492383.297,
       5458832.338
      ],
      [
       492383.849,
       5458830.411
      ],
      [
       492382.647,
       5458829.88
      ],
      [
       492380.852,
       5458823.559
      ],
      [
       492379.981,
       5458823.907
      ],
      [
       492379.48,
       5458822.852
      ],
      [
       492386.431,
       5458820.951
      ],
      [
       492388.998,
       5458822.54
      ],
      [
       492390.57,
       5458821.67
      ],
      [
       492392.12,
       5458822.027
      ],
      [
       492392.72,
       5458827.466
      ],
      [
       492389.061,
       5458829.029
      ],
      [
       492392.696,
       5458828.868
      ],
      [
       492392.305,
       5458831.497
      ],
      [
       492392.958,
       5458833.78
      ],
      [
       492394.193,
       5458832.382
      ],
      [
       492395.925,
       5458832.214
      ],
      [
       492395.132,
       5458828.002
      ],
      [
       492397.571,
       5458826.959
      ],
      [
       492395.156,
       5458826.599
      ],
      [
       492395.705,
       5458824.847
      ],
      [
       492393.835,
       5458822.911
      ],
      [
       492393.871,
       5458820.806
      ],
      [
       492395.248,
       5458821.163
      ],
      [
       492395.606,
       5458820.463
      ],
      [
       492394.768,
       5458818.881
      ],
      [
       492402.587,
       5458816.808
      ],
      [
       492403.261,
       5458817.863
      ],
      [
       492403.314,
       5458824.878
      ],
      [
       492399.486,
       5458826.265
      ],
      [
       492403.293,
       5458826.106
      ],
      [
       492403.389,
       5458830.666
      ],
      [
       492401.439,
       5458833.464
      ],
      [
       492401.746,
       5458835.745
      ],
      [
       492403.311,
       5458835.225
      ],
      [
       492403.454,
       5458836.979
      ],
      [
       492399.971,
       5458838.368
      ],
      [
       492403.603,
       5458838.383
      ],
      [
       492403.657,
       5458855.569
      ],
      [
       492400.52,
       5458856.959
      ],
      [
       492398.832,
       5458854.497
      ],
      [
       492398.963,
       5458856.953
      ],
      [
       492396.217,
       5458855.714
      ],
      [
       492394.649,
       5458856.409
      ],
      [
       492395.496,
       5458857.465
      ],
      [
       492395.138,
       5458858.165
      ],
      [
       492390.098,
       5458859.548
      ]
     ]
    ]
   },
   "properties": {
    "sheet": "vancouver_1912_MAP342a_04",
    "building_id": "vancouver_1912_MAP342a_04:block:3:bldg269",
    "block_id": "vancouver_1912_MAP342a_04:block:3",
    "block_fid": 14,
    "block_number": "3",
    "text_inside": [
     "30",
     "Ruiter",
     "7",
     "Hobel",
     "30",
     "Hotel",
     "86"
    ],
    "numerals_inside": [
     "7"
    ],
    "words_inside": [
     "Ruiter",
     "Hobel",
     "Hotel"
    ],
    "floors": null,
    "wash_rgb": [
     253,
     216,
     216
    ],
    "wash_chroma": 14.3,
    "wash_lightness_delta": -26.4,
    "hue_deg": 0,
    "material": "brick",
    "area_source_px2": 20775,
    "centroid_source_px": [
     4371,
     4373
    ],
    "orphan": false,
    "centroid_map": [
     492394.285,
     5458837.117
    ]
   }
  },
  {
   "type": "Feature",
   "geometry": {
    "type": "Polygon",
    "coordinates": [
     [
      [
       492229.485,
       5458855.74
      ],
      [
       492226.41,
       5458853.448
      ],
      [
       492226.097,
       5458851.518
      ],
      [
       492227.147,
       5458850.82
      ],
      [
       492225.599,
       5458850.288
      ],
      [
       492225.11,
       5458848.532
      ],
      [
       492226.157,
       5458848.01
      ],
      [
       492224.949,
       5458847.83
      ],
      [
       492224.454,
       5458846.425
      ],
      [
       492225.692,
       5458844.852
      ],
      [
       492223.798,
       5458844.318
      ],
      [
       492222.489,
       5458839.929
      ],
      [
       492223.369,
       5458839.055
      ],
      [
       492222.689,
       5458838.351
      ],
      [
       492223.256,
       5458835.547
      ],
      [
       492222.433,
       5458833.089
      ],
      [
       492221.89,
       5458834.49
      ],
      [
       492220.861,
       5458833.959
      ],
      [
       492216.457,
       5458818.334
      ],
      [
       492222.197,
       5458816.428
      ],
      [
       492225.117,
       5458817.667
      ],
      [
       492226.336,
       5458817.146
      ],
      [
       492226.539,
       5458815.393
      ],
      [
       492234.879,
       5458813.147
      ],
      [
       492240.932,
       5458833.515
      ],
      [
       492236.576,
       5458835.426
      ],
      [
       492238.299,
       5458835.784
      ],
      [
       492239.426,
       5458840.699
      ],
      [
       492237.855,
       5458841.569
      ],
      [
       492239.927,
       5458841.753
      ],
      [
       492241.054,
       5458846.668
      ],
      [
       492239.137,
       5458847.537
      ],
      [
       492241.722,
       5458848.073
      ],
      [
       492242.694,
       5458851.936
      ],
      [
       492229.485,
       5458855.74
      ]
     ]
    ]
   },
   "properties": {
    "sheet": "vancouver_1912_MAP342a_04",
    "building_id": "vancouver_1912_MAP342a_04:block:3:bldg270",
    "block_id": "vancouver_1912_MAP342a_04:block:3",
    "block_fid": 14,
    "block_number": "3",
    "text_inside": [
     "5",
     "9"
    ],
    "numerals_inside": [
     "9"
    ],
    "words_inside": [],
    "floors": null,
    "wash_rgb": [
     253,
     210,
     213
    ],
    "wash_chroma": 16.3,
    "wash_lightness_delta": -30.0,
    "hue_deg": 356,
    "material": "brick",
    "area_source_px2": 22534,
    "centroid_source_px": [
     3422,
     4393
    ],
    "orphan": false,
    "centroid_map": [
     492230.218,
     5458832.945
    ]
   }
  },
  {
   "type": "Feature",
   "geometry": {
    "type": "Polygon",
    "coordinates": [
     [
      [
       492247.206,
       5458851.077
      ],
      [
       492245.849,
       5458849.493
      ],
      [
       492238.019,
       5458821.753
      ],
      [
       492238.899,
       5458820.88
      ],
      [
       492246.893,
       5458818.632
      ],
      [
       492247.752,
       5458818.987
      ],
      [
       492250.027,
       5458827.589
      ],
      [
       492248.619,
       5458828.986
      ],
      [
       492249.612,
       5458831.621
      ],
      [
       492250.996,
       5458831.626
      ],
      [
       492251.822,
       5458833.909
      ],
      [
       492251.288,
       5458834.784
      ],
      [
       492247.811,
       5458835.822
      ],
      [
       492248.452,
       5458838.806
      ],
      [
       492252.099,
       5458837.944
      ],
      [
       492253.128,
       5458838.474
      ],
      [
       492255.731,
       5458848.13
      ],
      [
       492254.329,
       5458849.177
      ],
      [
       492247.206,
       5458851.077
      ]
     ]
    ]
   },
   "properties": {
    "sheet": "vancouver_1912_MAP342a_04",
    "building_id": "vancouver_1912_MAP342a_04:block:3:bldg271",
    "block_id": "vancouver_1912_MAP342a_04:block:3",
    "block_fid": 14,
    "block_number": "3",
    "text_inside": [],
    "numerals_inside": [],
    "words_inside": [],
    "floors": null,
    "wash_rgb": [
     254,
     254,
     253
    ],
    "wash_chroma": 0.4,
    "wash_lightness_delta": -0.6,
    "hue_deg": 60,
    "material": "not a building (open lot, yard or court)",
    "area_source_px2": 9584,
    "centroid_source_px": [
     3519,
     4376
    ],
    "orphan": false,
    "centroid_map": [
     492246.943,
     5458835.994
    ]
   }
  },
  {
   "type": "Feature",
   "geometry": {
    "type": "Polygon",
    "coordinates": [
     [
      [
       492256.938,
       5458848.311
      ],
      [
       492256.083,
       5458847.781
      ],
      [
       492251.852,
       5458832.156
      ],
      [
       492253.778,
       5458830.761
      ],
      [
       492253.972,
       5458829.534
      ],
      [
       492252.448,
       5458827.599
      ],
      [
       492250.552,
       5458827.24
      ],
      [
       492246.657,
       5458812.143
      ],
      [
       492247.883,
       5458811.271
      ],
      [
       492245.987,
       5458810.912
      ],
      [
       492246.347,
       5458810.037
      ],
      [
       492249.475,
       5458809.173
      ],
      [
       492250.978,
       5458812.336
      ],
      [
       492250.513,
       5458809.177
      ],
      [
       492253.82,
       5458807.963
      ],
      [
       492254.849,
       5458808.493
      ],
      [
       492264.781,
       5458844.835
      ],
      [
       492264.062,
       5458846.41
      ],
      [
       492260.934,
       5458847.274
      ],
      [
       492260.093,
       5458845.868
      ],
      [
       492259.721,
       5458847.445
      ],
      [
       492256.938,
       5458848.311
      ]
     ]
    ]
   },
   "properties": {
    "sheet": "vancouver_1912_MAP342a_04",
    "building_id": "vancouver_1912_MAP342a_04:block:3:bldg272",
    "block_id": "vancouver_1912_MAP342a_04:block:3",
    "block_fid": 14,
    "block_number": "3",
    "text_inside": [],
    "numerals_inside": [],
    "words_inside": [],
    "floors": null,
    "wash_rgb": [
     253,
     210,
     212
    ],
    "wash_chroma": 16.3,
    "wash_lightness_delta": -30.2,
    "hue_deg": 358,
    "material": "brick",
    "area_source_px2": 11379,
    "centroid_source_px": [
     3569,
     4420
    ],
    "orphan": false,
    "centroid_map": [
     492255.722,
     5458828.313
    ]
   }
  },
  {
   "type": "Feature",
   "geometry": {
    "type": "Polygon",
    "coordinates": [
     [
      [
       492356.574,
       5458847.662
      ],
      [
       492353.78,
       5458839.058
      ],
      [
       492361.085,
       5458836.632
      ],
      [
       492359.365,
       5458836.099
      ],
      [
       492357.585,
       5458828.902
      ],
      [
       492364.189,
       5458826.999
      ],
      [
       492365.695,
       5458829.987
      ],
      [
       492366.482,
       5458834.549
      ],
      [
       492362.827,
       5458835.938
      ],
      [
       492363.164,
       5458836.465
      ],
      [
       492366.98,
       5458835.779
      ],
      [
       492369.261,
       5458844.031
      ],
      [
       492361.091,
       5458846.453
      ],
      [
       492360.068,
       5458845.572
      ],
      [
       492357.817,
       5458845.738
      ],
      [
       492357.793,
       5458847.141
      ],
      [
       492356.574,
       5458847.662
      ]
     ]
    ]
   },
   "properties": {
    "sheet": "vancouver_1912_MAP342a_04",
    "building_id": "vancouver_1912_MAP342a_04:block:3:bldg273",
    "block_id": "vancouver_1912_MAP342a_04:block:3",
    "block_fid": 14,
    "block_number": "3",
    "text_inside": [],
    "numerals_inside": [],
    "words_inside": [],
    "floors": null,
    "wash_rgb": [
     253,
     231,
     160
    ],
    "wash_chroma": 40.6,
    "wash_lightness_delta": -19.3,
    "hue_deg": 46,
    "material": "frame (wood)",
    "area_source_px2": 5880,
    "centroid_source_px": [
     4183,
     4366
    ],
    "orphan": false,
    "centroid_map": [
     492361.75,
     5458838.213
    ]
   }
  },
  {
   "type": "Feature",
   "geometry": {
    "type": "Polygon",
    "coordinates": [
     [
      [
       492266.319,
       5458845.893
      ],
      [
       492264.96,
       5458844.485
      ],
      [
       492255.194,
       5458808.494
      ],
      [
       492256.08,
       5458807.27
      ],
      [
       492265.634,
       5458804.854
      ],
      [
       492266.308,
       5458805.909
      ],
      [
       492265.431,
       5458806.607
      ],
      [
       492266.97,
       5458807.665
      ],
      [
       492267.933,
       5458812.053
      ],
      [
       492268.786,
       5458812.758
      ],
      [
       492270.864,
       5458822.763
      ],
      [
       492269.304,
       5458822.932
      ],
      [
       492269.614,
       5458825.038
      ],
      [
       492267.199,
       5458824.677
      ],
      [
       492267.751,
       5458822.75
      ],
      [
       492267.068,
       5458822.221
      ],
      [
       492266.94,
       5458819.59
      ],
      [
       492265.419,
       5458817.48
      ],
      [
       492265.458,
       5458815.2
      ],
      [
       492264.083,
       5458814.668
      ],
      [
       492263.538,
       5458816.245
      ],
      [
       492265.377,
       5458819.935
      ],
      [
       492263.269,
       5458821.855
      ],
      [
       492262.416,
       5458821.15
      ],
      [
       492261.695,
       5458822.901
      ],
      [
       492263.54,
       5458826.241
      ],
      [
       492263.162,
       5458828.168
      ],
      [
       492264.018,
       5458828.698
      ],
      [
       492264.954,
       5458834.664
      ],
      [
       492265.64,
       5458835.018
      ],
      [
       492266.543,
       5458832.742
      ],
      [
       492269.316,
       5458832.402
      ],
      [
       492269.817,
       5458833.456
      ],
      [
       492268.759,
       5458834.68
      ],
      [
       492270.1,
       5458837.14
      ],
      [
       492269.892,
       5458839.244
      ],
      [
       492270.92,
       5458839.774
      ],
      [
       492271.463,
       5458838.373
      ],
      [
       492273.029,
       5458837.854
      ],
      [
       492271.675,
       5458836.094
      ],
      [
       492272.221,
       5458834.518
      ],
      [
       492270.843,
       5458834.162
      ],
      [
       492269.871,
       5458830.3
      ],
      [
       492269.018,
       5458829.595
      ],
      [
       492270.259,
       5458827.846
      ],
      [
       492268.198,
       5458826.961
      ],
      [
       492268.911,
       5458825.736
      ],
      [
       492271.842,
       5458826.274
      ],
      [
       492276.067,
       5458842.25
      ],
      [
       492274.66,
       5458843.647
      ],
      [
       492266.319,
       5458845.893
      ]
     ]
    ]
   },
   "properties": {
    "sheet": "vancouver_1912_MAP342a_04",
    "building_id": "vancouver_1912_MAP342a_04:block:3:bldg274",
    "block_id": "vancouver_1912_MAP342a_04:block:3",
    "block_fid": 14,
    "block_number": "3",
    "text_inside": [
     "Sting",
     "Singhama",
     "Hotel",
     "Hotel"
    ],
    "numerals_inside": [],
    "words_inside": [
     "Sting",
     "Singhama",
     "Hotel",
     "Hotel"
    ],
    "floors": null,
    "wash_rgb": [
     253,
     213,
     213
    ],
    "wash_chroma": 15.4,
    "wash_lightness_delta": -28.7,
    "hue_deg": 0,
    "material": "brick",
    "area_source_px2": 11792,
    "centroid_source_px": [
     3623,
     4444
    ],
    "orphan": false,
    "centroid_map": [
     492265.133,
     5458824.143
    ]
   }
  },
  {
   "type": "Feature",
   "geometry": {
    "type": "Polygon",
    "coordinates": [
     [
      [
       492285.43,
       5458840.885
      ],
      [
       492284.416,
       5458839.478
      ],
      [
       492274.648,
       5458803.663
      ],
      [
       492275.018,
       5458802.261
      ],
      [
       492280.23,
       5458800.88
      ],
      [
       492281.742,
       5458803.516
      ],
      [
       492291.012,
       5458838.102
      ],
      [
       492290.818,
       5458839.329
      ],
      [
       492285.43,
       5458840.885
      ]
     ]
    ]
   },
   "properties": {
    "sheet": "vancouver_1912_MAP342a_04",
    "building_id": "vancouver_1912_MAP342a_04:block:3:bldg275",
    "block_id": "vancouver_1912_MAP342a_04:block:3",
    "block_fid": 14,
    "block_number": "3",
    "text_inside": [],
    "numerals_inside": [],
    "words_inside": [],
    "floors": null,
    "wash_rgb": [
     253,
     211,
     213
    ],
    "wash_chroma": 16.1,
    "wash_lightness_delta": -29.8,
    "hue_deg": 358,
    "material": "brick",
    "area_source_px2": 8887,
    "centroid_source_px": [
     3725,
     4464
    ],
    "orphan": false,
    "centroid_map": [
     492282.833,
     5458820.707
    ]
   }
  },
  {
   "type": "Feature",
   "geometry": {
    "type": "Polygon",
    "coordinates": [
     [
      [
       492292.554,
       5458838.985
      ],
      [
       492290.875,
       5458835.997
      ],
      [
       492286.653,
       5458819.846
      ],
      [
       492287.192,
       5458818.62
      ],
      [
       492288.698,
       5458821.608
      ],
      [
       492289.575,
       5458820.91
      ],
      [
       492291.298,
       5458821.267
      ],
      [
       492292.008,
       5458820.218
      ],
      [
       492290.475,
       5458818.809
      ],
      [
       492291.361,
       5458817.585
      ],
      [
       492290.508,
       5458816.88
      ],
      [
       492286.853,
       5458818.268
      ],
      [
       492286.0,
       5458817.563
      ],
      [
       492281.921,
       5458803.166
      ],
      [
       492284.885,
       5458801.775
      ],
      [
       492283.519,
       5458800.718
      ],
      [
       492283.877,
       5458800.018
      ],
      [
       492292.393,
       5458797.597
      ],
      [
       492293.917,
       5458799.532
      ],
      [
       492302.388,
       5458830.256
      ],
      [
       492302.185,
       5458832.009
      ],
      [
       492303.524,
       5458834.645
      ],
      [
       492303.506,
       5458835.697
      ],
      [
       492302.107,
       5458836.568
      ],
      [
       492292.554,
       5458838.985
      ]
     ]
    ]
   },
   "properties": {
    "sheet": "vancouver_1912_MAP342a_04",
    "building_id": "vancouver_1912_MAP342a_04:block:3:bldg276",
    "block_id": "vancouver_1912_MAP342a_04:block:3",
    "block_fid": 14,
    "block_number": "3",
    "text_inside": [],
    "numerals_inside": [],
    "words_inside": [],
    "floors": null,
    "wash_rgb": [
     253,
     211,
     213
    ],
    "wash_chroma": 16.0,
    "wash_lightness_delta": -29.6,
    "hue_deg": 358,
    "material": "brick",
    "area_source_px2": 15659,
    "centroid_source_px": [
     3783,
     4477
    ],
    "orphan": false,
    "centroid_map": [
     492292.903,
     5458818.468
    ]
   }
  },
  {
   "type": "Feature",
   "geometry": {
    "type": "Polygon",
    "coordinates": [
     [
      [
       492314.273,
       5458833.11
      ],
      [
       492309.69,
       5458817.835
      ],
      [
       492310.427,
       5458815.207
      ],
      [
       492308.232,
       5458812.041
      ],
      [
       492303.497,
       5458795.537
      ],
      [
       492304.556,
       5458794.314
      ],
      [
       492306.086,
       5458795.899
      ],
      [
       492307.472,
       5458795.729
      ],
      [
       492308.352,
       5458794.856
      ],
      [
       492307.332,
       5458793.799
      ],
      [
       492309.771,
       5458792.757
      ],
      [
       492310.791,
       5458793.813
      ],
      [
       492313.856,
       5458806.803
      ],
      [
       492312.643,
       5458806.974
      ],
      [
       492311.99,
       5458804.691
      ],
      [
       492310.102,
       5458803.807
      ],
      [
       492311.34,
       5458802.233
      ],
      [
       492310.842,
       5458801.004
      ],
      [
       492310.135,
       5458801.878
      ],
      [
       492308.796,
       5458799.242
      ],
      [
       492310.198,
       5458798.195
      ],
      [
       492310.04,
       5458797.318
      ],
      [
       492307.788,
       5458797.484
      ],
      [
       492307.24,
       5458799.235
      ],
      [
       492308.915,
       5458802.399
      ],
      [
       492309.369,
       5458806.259
      ],
      [
       492310.567,
       5458806.965
      ],
      [
       492310.022,
       5458808.541
      ],
      [
       492310.666,
       5458811.35
      ],
      [
       492312.914,
       5458811.359
      ],
      [
       492313.755,
       5458812.765
      ],
      [
       492311.831,
       5458813.985
      ],
      [
       492311.638,
       5458815.212
      ],
      [
       492312.97,
       5458818.199
      ],
      [
       492312.604,
       5458819.425
      ],
      [
       492314.742,
       5458825.922
      ],
      [
       492316.122,
       5458826.103
      ],
      [
       492316.098,
       5458827.506
      ],
      [
       492315.055,
       5458827.852
      ],
      [
       492315.717,
       5458829.609
      ],
      [
       492316.441,
       5458827.683
      ],
      [
       492318.186,
       5458826.813
      ],
      [
       492317.876,
       5458824.707
      ],
      [
       492315.314,
       5458822.768
      ],
      [
       492316.898,
       5458821.196
      ],
      [
       492313.665,
       5458818.026
      ],
      [
       492314.742,
       5458815.751
      ],
      [
       492314.247,
       5458814.346
      ],
      [
       492315.812,
       5458813.826
      ],
      [
       492320.55,
       5458830.154
      ],
      [
       492320.005,
       5458831.731
      ],
      [
       492317.085,
       5458830.491
      ],
      [
       492315.693,
       5458831.012
      ],
      [
       492316.015,
       5458832.416
      ],
      [
       492314.273,
       5458833.11
      ]
     ]
    ]
   },
   "properties": {
    "sheet": "vancouver_1912_MAP342a_04",
    "building_id": "vancouver_1912_MAP342a_04:block:3:bldg277",
    "block_id": "vancouver_1912_MAP342a_04:block:3",
    "block_fid": 14,
    "block_number": "3",
    "text_inside": [
     "Pado",
     "Fedde",
     "13",
     "Hobel",
     "Hotel"
    ],
    "numerals_inside": [],
    "words_inside": [
     "Pado",
     "Fedde",
     "Hobel",
     "Hotel"
    ],
    "floors": null,
    "wash_rgb": [
     253,
     206,
     211
    ],
    "wash_chroma": 18.1,
    "wash_lightness_delta": -32.9,
    "hue_deg": 354,
    "material": "brick",
    "area_source_px2": 6104,
    "centroid_source_px": [
     3891,
     4509
    ],
    "orphan": false,
    "centroid_map": [
     492311.676,
     5458812.932
    ]
   }
  },
  {
   "type": "Feature",
   "geometry": {
    "type": "Polygon",
    "coordinates": [
     [
      [
       492322.96,
       5458830.866
      ],
      [
       492321.233,
       5458830.683
      ],
      [
       492319.098,
       5458824.011
      ],
      [
       492316.054,
       5458809.793
      ],
      [
       492310.973,
       5458793.288
      ],
      [
       492311.507,
       5458792.413
      ],
      [
       492313.039,
       5458793.822
      ],
      [
       492317.897,
       5458792.965
      ],
      [
       492319.236,
       5458795.601
      ],
      [
       492322.0,
       5458805.959
      ],
      [
       492320.583,
       5458807.883
      ],
      [
       492321.761,
       5458809.816
      ],
      [
       492320.869,
       5458811.391
      ],
      [
       492322.22,
       5458813.326
      ],
      [
       492323.95,
       5458813.333
      ],
      [
       492327.528,
       5458826.675
      ],
      [
       492325.944,
       5458828.247
      ],
      [
       492323.165,
       5458828.937
      ],
      [
       492323.833,
       5458830.343
      ],
      [
       492322.96,
       5458830.866
      ]
     ]
    ]
   },
   "properties": {
    "sheet": "vancouver_1912_MAP342a_04",
    "building_id": "vancouver_1912_MAP342a_04:block:3:bldg278",
    "block_id": "vancouver_1912_MAP342a_04:block:3",
    "block_fid": 14,
    "block_number": "3",
    "text_inside": [],
    "numerals_inside": [],
    "words_inside": [],
    "floors": null,
    "wash_rgb": [
     253,
     211,
     213
    ],
    "wash_chroma": 16.2,
    "wash_lightness_delta": -29.9,
    "hue_deg": 358,
    "material": "brick",
    "area_source_px2": 8248,
    "centroid_source_px": [
     3935,
     4522
    ],
    "orphan": false,
    "centroid_map": [
     492319.325,
     5458810.683
    ]
   }
  },
  {
   "type": "Feature",
   "geometry": {
    "type": "Polygon",
    "coordinates": [
     [
      [
       492329.734,
       5458829.139
      ],
      [
       492327.871,
       5458826.852
      ],
      [
       492318.451,
       5458790.863
      ],
      [
       492322.629,
       5458789.302
      ],
      [
       492324.159,
       5458790.886
      ],
      [
       492326.586,
       5458790.545
      ],
      [
       492325.396,
       5458789.313
      ],
      [
       492325.754,
       5458788.613
      ],
      [
       492332.01,
       5458786.885
      ],
      [
       492336.617,
       5458800.757
      ],
      [
       492336.918,
       5458803.389
      ],
      [
       492335.695,
       5458804.086
      ],
      [
       492335.489,
       5458806.014
      ],
      [
       492336.154,
       5458807.595
      ],
      [
       492337.365,
       5458807.6
      ],
      [
       492336.611,
       5458811.28
      ],
      [
       492337.117,
       5458811.983
      ],
      [
       492337.669,
       5458810.056
      ],
      [
       492339.053,
       5458810.062
      ],
      [
       492342.783,
       5458824.633
      ],
      [
       492338.596,
       5458826.72
      ],
      [
       492333.602,
       5458825.472
      ],
      [
       492333.211,
       5458828.101
      ],
      [
       492329.734,
       5458829.139
      ]
     ]
    ]
   },
   "properties": {
    "sheet": "vancouver_1912_MAP342a_04",
    "building_id": "vancouver_1912_MAP342a_04:block:3:bldg279",
    "block_id": "vancouver_1912_MAP342a_04:block:3",
    "block_fid": 14,
    "block_number": "3",
    "text_inside": [
     "14",
     "11"
    ],
    "numerals_inside": [
     "14"
    ],
    "words_inside": [],
    "floors": null,
    "wash_rgb": [
     253,
     212,
     214
    ],
    "wash_chroma": 15.6,
    "wash_lightness_delta": -28.9,
    "hue_deg": 358,
    "material": "brick",
    "area_source_px2": 18708,
    "centroid_source_px": [
     4000,
     4539
    ],
    "orphan": false,
    "centroid_map": [
     492330.617,
     5458807.748
    ]
   }
  },
  {
   "type": "Feature",
   "geometry": {
    "type": "Polygon",
    "coordinates": [
     [
      [
       492274.782,
       5458826.286
      ],
      [
       492273.577,
       5458825.931
      ],
      [
       492272.42,
       5458822.769
      ],
      [
       492270.22,
       5458819.954
      ],
      [
       492266.669,
       5458805.034
      ],
      [
       492273.279,
       5458802.781
      ],
      [
       492274.132,
       5458803.485
      ],
      [
       492279.66,
       5458824.202
      ],
      [
       492278.605,
       5458825.249
      ],
      [
       492274.782,
       5458826.286
      ]
     ]
    ]
   },
   "properties": {
    "sheet": "vancouver_1912_MAP342a_04",
    "building_id": "vancouver_1912_MAP342a_04:block:3:bldg280",
    "block_id": "vancouver_1912_MAP342a_04:block:3",
    "block_fid": 14,
    "block_number": "3",
    "text_inside": [],
    "numerals_inside": [],
    "words_inside": [],
    "floors": null,
    "wash_rgb": [
     253,
     214,
     214
    ],
    "wash_chroma": 14.9,
    "wash_lightness_delta": -27.8,
    "hue_deg": 0,
    "material": "brick",
    "area_source_px2": 5624,
    "centroid_source_px": [
     3669,
     4500
    ],
    "orphan": false,
    "centroid_map": [
     492273.255,
     5458814.355
    ]
   }
  },
  {
   "type": "Feature",
   "geometry": {
    "type": "Polygon",
    "coordinates": [
     [
      [
       492302.972,
       5458826.4
      ],
      [
       492301.768,
       5458826.045
      ],
      [
       492299.976,
       5458819.549
      ],
      [
       492300.36,
       5458817.271
      ],
      [
       492301.598,
       5458815.697
      ],
      [
       492300.223,
       5458815.166
      ],
      [
       492299.594,
       5458811.48
      ],
      [
       492297.689,
       5458811.648
      ],
      [
       492293.944,
       5458797.954
      ],
      [
       492294.131,
       5458797.078
      ],
      [
       492295.521,
       5458796.733
      ],
      [
       492297.224,
       5458798.318
      ],
      [
       492300.0,
       5458797.803
      ],
      [
       492298.47,
       5458796.219
      ],
      [
       492302.299,
       5458794.831
      ],
      [
       492305.752,
       5458805.367
      ],
      [
       492304.162,
       5458807.29
      ],
      [
       492304.988,
       5458809.573
      ],
      [
       492306.017,
       5458810.103
      ],
      [
       492305.444,
       5458813.258
      ],
      [
       492306.941,
       5458816.771
      ],
      [
       492307.651,
       5458815.722
      ],
      [
       492308.847,
       5458816.604
      ],
      [
       492310.806,
       5458823.451
      ],
      [
       492309.052,
       5458824.847
      ],
      [
       492302.972,
       5458826.4
      ]
     ]
    ]
   },
   "properties": {
    "sheet": "vancouver_1912_MAP342a_04",
    "building_id": "vancouver_1912_MAP342a_04:block:3:bldg281",
    "block_id": "vancouver_1912_MAP342a_04:block:3",
    "block_fid": 14,
    "block_number": "3",
    "text_inside": [
     "A"
    ],
    "numerals_inside": [],
    "words_inside": [],
    "floors": null,
    "wash_rgb": [
     253,
     211,
     213
    ],
    "wash_chroma": 16.0,
    "wash_lightness_delta": -29.6,
    "hue_deg": 358,
    "material": "brick",
    "area_source_px2": 8124,
    "centroid_source_px": [
     3836,
     4524
    ],
    "orphan": false,
    "centroid_map": [
     492302.209,
     5458810.263
    ]
   }
  },
  {
   "type": "Feature",
   "geometry": {
    "type": "Polygon",
    "coordinates": [
     [
      [
       492344.157,
       5458825.164
      ],
      [
       492343.138,
       5458824.108
      ],
      [
       492333.047,
       5458786.889
      ],
      [
       492340.699,
       5458784.465
      ],
      [
       492341.886,
       5458785.872
      ],
      [
       492345.175,
       5458785.71
      ],
      [
       492345.36,
       5458785.01
      ],
      [
       492343.982,
       5458784.653
      ],
      [
       492343.824,
       5458783.776
      ],
      [
       492351.815,
       5458781.704
      ],
      [
       492362.752,
       5458819.979
      ],
      [
       492344.157,
       5458825.164
      ]
     ]
    ]
   },
   "properties": {
    "sheet": "vancouver_1912_MAP342a_04",
    "building_id": "vancouver_1912_MAP342a_04:block:3:bldg282",
    "block_id": "vancouver_1912_MAP342a_04:block:3",
    "block_fid": 14,
    "block_number": "3",
    "text_inside": [],
    "numerals_inside": [],
    "words_inside": [],
    "floors": null,
    "wash_rgb": [
     253,
     210,
     213
    ],
    "wash_chroma": 16.3,
    "wash_lightness_delta": -30.1,
    "hue_deg": 356,
    "material": "brick",
    "area_source_px2": 25793,
    "centroid_source_px": [
     4100,
     4563
    ],
    "orphan": false,
    "centroid_map": [
     492347.983,
     5458803.609
    ]
   }
  },
  {
   "type": "Feature",
   "geometry": {
    "type": "Polygon",
    "coordinates": [
     [
      [
       492363.617,
       5458819.982
      ],
      [
       492352.856,
       5458781.533
      ],
      [
       492358.244,
       5458779.976
      ],
      [
       492360.245,
       5458784.368
      ],
      [
       492359.285,
       5458779.805
      ],
      [
       492364.673,
       5458778.248
      ],
      [
       492366.501,
       5458782.64
      ],
      [
       492375.607,
       5458816.699
      ],
      [
       492370.392,
       5458818.256
      ],
      [
       492369.214,
       5458816.322
      ],
      [
       492369.005,
       5458818.426
      ],
      [
       492363.617,
       5458819.982
      ]
     ]
    ]
   },
   "properties": {
    "sheet": "vancouver_1912_MAP342a_04",
    "building_id": "vancouver_1912_MAP342a_04:block:3:bldg283",
    "block_id": "vancouver_1912_MAP342a_04:block:3",
    "block_fid": 14,
    "block_number": "3",
    "text_inside": [
     "19",
     "16"
    ],
    "numerals_inside": [
     "16"
    ],
    "words_inside": [],
    "floors": null,
    "wash_rgb": [
     253,
     203,
     209
    ],
    "wash_chroma": 19.3,
    "wash_lightness_delta": -34.8,
    "hue_deg": 352,
    "material": "brick",
    "area_source_px2": 16508,
    "centroid_source_px": [
     4193,
     4589
    ],
    "orphan": false,
    "centroid_map": [
     492364.145,
     5458799.115
    ]
   }
  },
  {
   "type": "Feature",
   "geometry": {
    "type": "Polygon",
    "coordinates": [
     [
      [
       492378.905,
       5458816.011
      ],
      [
       492375.965,
       5458815.999
      ],
      [
       492365.884,
       5458778.253
      ],
      [
       492371.448,
       5458776.522
      ],
      [
       492372.617,
       5458778.982
      ],
      [
       492382.051,
       5458814.094
      ],
      [
       492381.687,
       5458815.145
      ],
      [
       492378.905,
       5458816.011
      ]
     ]
    ]
   },
   "properties": {
    "sheet": "vancouver_1912_MAP342a_04",
    "building_id": "vancouver_1912_MAP342a_04:block:3:bldg284",
    "block_id": "vancouver_1912_MAP342a_04:block:3",
    "block_fid": 14,
    "block_number": "3",
    "text_inside": [],
    "numerals_inside": [],
    "words_inside": [],
    "floors": null,
    "wash_rgb": [
     253,
     204,
     208
    ],
    "wash_chroma": 18.7,
    "wash_lightness_delta": -34.1,
    "hue_deg": 356,
    "material": "brick",
    "area_source_px2": 8283,
    "centroid_source_px": [
     4249,
     4605
    ],
    "orphan": false,
    "centroid_map": [
     492373.878,
     5458796.349
    ]
   }
  },
  {
   "type": "Feature",
   "geometry": {
    "type": "Polygon",
    "coordinates": [
     [
      [
       492311.384,
       5458779.26
      ],
      [
       492317.652,
       5458776.83
      ],
      [
       492361.951,
       5458765.435
      ],
      [
       492363.448,
       5458768.949
      ],
      [
       492362.917,
       5458769.648
      ],
      [
       492315.836,
       5458781.909
      ],
      [
       492313.588,
       5458781.9
      ],
      [
       492311.384,
       5458779.26
      ]
     ]
    ]
   },
   "properties": {
    "sheet": "vancouver_1912_MAP342a_04",
    "building_id": "vancouver_1912_MAP342a_04:block:3:bldg285",
    "block_id": "vancouver_1912_MAP342a_04:block:3",
    "block_fid": 14,
    "block_number": "3",
    "text_inside": [],
    "numerals_inside": [],
    "words_inside": [],
    "floors": null,
    "wash_rgb": [
     254,
     254,
     254
    ],
    "wash_chroma": 0.0,
    "wash_lightness_delta": -0.0,
    "hue_deg": 0,
    "material": "not a building (open lot, yard or court)",
    "area_source_px2": 7430,
    "centroid_source_px": [
     4037,
     4732
    ],
    "orphan": false,
    "centroid_map": [
     492337.592,
     5458773.93
    ]
   }
  }
 ]
}