{
 "type": "FeatureCollection",
 "georeference": {
  "rms_m": 63.725038183982456,
  "n_labels": 6,
  "from": "01352_1889-0003_georef.json"
 },
 "source_buildings": "runs/hunyuan/Sanborn_Hillsborough-County/1889/0003/01352_1889-0003_buildings_px.geojson",
 "lot_convention": "numbered",
 "note": "enclosed outlines inside the traced blocks (building footprints, yards, courtyards — the plan's linework, not classified); text_inside = OCR tokens whose centre lies inside, in reading order; numerals_inside / words_inside = the same split by regex; floors = null unless --floors single-numeral-1-3 (Sanborn): then the single numeral inside when it reads 1 to 3 inclusive (1½ -> 1.5); a field for a person to fill otherwise; wash_rgb / wash_chroma / wash_lightness_delta / hue_deg = the measured colour inside the outline relative to the paper; material = that colour looked up in the key given with --legend (colour words or calibrated hue ranges), else null; block_id links to <stem>_blocks_px.geojson",
 "paper_chroma": 4.1,
 "legend": null,
 "features": [
  {
   "type": "Feature",
   "geometry": {
    "type": "Polygon",
    "coordinates": [
     [
      [
       -82.4585415,
       27.9484194
      ],
      [
       -82.4585272,
       27.948396
      ],
      [
       -82.4584957,
       27.9483845
      ],
      [
       -82.4584474,
       27.9483873
      ],
      [
       -82.4583746,
       27.9484032
      ],
      [
       -82.4583123,
       27.9484303
      ],
      [
       -82.4582574,
       27.9484664
      ],
      [
       -82.4582368,
       27.9484886
      ],
      [
       -82.4582327,
       27.948515
      ],
      [
       -82.4582446,
       27.9485368
      ],
      [
       -82.4582706,
       27.9485512
      ],
      [
       -82.4583193,
       27.9485493
      ],
      [
       -82.4583791,
       27.948537
      ],
      [
       -82.4584475,
       27.9485111
      ],
      [
       -82.4585085,
       27.9484759
      ],
      [
       -82.4585347,
       27.9484538
      ],
      [
       -82.4585405,
       27.9484413
      ],
      [
       -82.4585415,
       27.9484194
      ]
     ]
    ]
   },
   "properties": {
    "sheet": "01352_1889-0003",
    "building_id": "01352_1889-0003:block:fid0:bldg0",
    "block_id": null,
    "block_fid": 0,
    "block_number": null,
    "text_inside": [
     "APRIL 1889",
     "TAMPA",
     "FLA."
    ],
    "numerals_inside": [],
    "words_inside": [
     "APRIL 1889",
     "TAMPA",
     "FLA."
    ],
    "floors": null,
    "wash_rgb": [
     225,
     223,
     215
    ],
    "wash_chroma": 0.3,
    "wash_lightness_delta": -7.2,
    "hue_deg": 48,
    "material": null,
    "area_source_px2": 134839,
    "centroid_source_px": [
     5622,
     322
    ],
    "orphan": true,
    "orphan_because": "its block was rejected, split away or never traced",
    "centroid_map": [
     356531.018,
     3092349.423
    ]
   }
  },
  {
   "type": "Feature",
   "geometry": {
    "type": "Polygon",
    "coordinates": [
     [
      [
       -82.4584038,
       27.9482426
      ],
      [
       -82.4583868,
       27.9482041
      ],
      [
       -82.4583809,
       27.9482061
      ],
      [
       -82.4583819,
       27.9482123
      ],
      [
       -82.4583732,
       27.9482078
      ],
      [
       -82.4583063,
       27.9482346
      ],
      [
       -82.4583082,
       27.9482389
      ],
      [
       -82.4583157,
       27.9482368
      ],
      [
       -82.4583196,
       27.9482405
      ],
      [
       -82.4583122,
       27.9482455
      ],
      [
       -82.458323,
       27.9482698
      ],
      [
       -82.4583301,
       27.9482668
      ],
      [
       -82.4583326,
       27.9482724
      ],
      [
       -82.4583939,
       27.9482521
      ],
      [
       -82.4583951,
       27.9482421
      ],
      [
       -82.4583993,
       27.9482452
      ],
      [
       -82.4584038,
       27.9482426
      ]
     ]
    ]
   },
   "properties": {
    "sheet": "01352_1889-0003",
    "building_id": "01352_1889-0003:block:3:bldg1",
    "block_id": "01352_1889-0003:block:3",
    "block_fid": 1,
    "block_number": "3",
    "text_inside": [
     "Tobac.",
     "x"
    ],
    "numerals_inside": [],
    "words_inside": [
     "Tobac."
    ],
    "floors": null,
    "wash_rgb": [
     227,
     221,
     191
    ],
    "wash_chroma": 11.6,
    "wash_lightness_delta": -9.4,
    "hue_deg": 50,
    "material": null,
    "area_source_px2": 15470,
    "centroid_source_px": [
     5496,
     795
    ],
    "orphan": false,
    "centroid_map": [
     356533.573,
     3092324.329
    ]
   }
  },
  {
   "type": "Feature",
   "geometry": {
    "type": "Polygon",
    "coordinates": [
     [
      [
       -82.4583038,
       27.948229
      ],
      [
       -82.4584165,
       27.9481887
      ],
      [
       -82.4584427,
       27.948234
      ],
      [
       -82.4588993,
       27.9480666
      ],
      [
       -82.4588155,
       27.9478794
      ],
      [
       -82.4586898,
       27.9479222
      ],
      [
       -82.4586691,
       27.9478855
      ],
      [
       -82.4586608,
       27.9478884
      ],
      [
       -82.4586599,
       27.9478952
      ],
      [
       -82.4586166,
       27.9479092
      ],
      [
       -82.4586117,
       27.9479045
      ],
      [
       -82.4585959,
       27.947865
      ],
      [
       -82.4586396,
       27.9478493
      ],
      [
       -82.458652,
       27.9478494
      ],
      [
       -82.4586542,
       27.9478442
      ],
      [
       -82.4587785,
       27.9477969
      ],
      [
       -82.4586637,
       27.9475422
      ],
      [
       -82.458517,
       27.9475933
      ],
      [
       -82.4585481,
       27.9476663
      ],
      [
       -82.4585061,
       27.947682
      ],
      [
       -82.4585035,
       27.9476864
      ],
      [
       -82.4584632,
       27.9476994
      ],
      [
       -82.4584301,
       27.947627
      ],
      [
       -82.4584194,
       27.9476297
      ],
      [
       -82.4584629,
       27.9477345
      ],
      [
       -82.458389,
       27.9477582
      ],
      [
       -82.45835,
       27.9476699
      ],
      [
       -82.4583408,
       27.9476581
      ],
      [
       -82.4583001,
       27.9476753
      ],
      [
       -82.4583216,
       27.9477292
      ],
      [
       -82.4582072,
       27.9477721
      ],
      [
       -82.4582134,
       27.9477809
      ],
      [
       -82.4583482,
       27.947732
      ],
      [
       -82.4583306,
       27.9476871
      ],
      [
       -82.4583409,
       27.9476825
      ],
      [
       -82.4584171,
       27.9478473
      ],
      [
       -82.458298,
       27.9478898
      ],
      [
       -82.4582969,
       27.9479012
      ],
      [
       -82.4581757,
       27.9479479
      ],
      [
       -82.4581802,
       27.9479503
      ],
      [
       -82.4583828,
       27.9478768
      ],
      [
       -82.4583898,
       27.9478873
      ],
      [
       -82.4583821,
       27.9478865
      ],
      [
       -82.4583734,
       27.947896
      ],
      [
       -82.4583944,
       27.9479412
      ],
      [
       -82.4584,
       27.9479397
      ],
      [
       -82.458404,
       27.9479273
      ],
      [
       -82.4584138,
       27.9479379
      ],
      [
       -82.4582071,
       27.9480164
      ],
      [
       -82.4583038,
       27.948229
      ]
     ]
    ]
   },
   "properties": {
    "sheet": "01352_1889-0003",
    "building_id": "01352_1889-0003:block:3:bldg2",
    "block_id": "01352_1889-0003:block:3",
    "block_fid": 1,
    "block_number": "3",
    "text_inside": [
     "2",
     "x",
     "3",
     "1",
     "1"
    ],
    "numerals_inside": [
     "2",
     "3",
     "1",
     "1"
    ],
    "words_inside": [],
    "floors": null,
    "wash_rgb": [
     233,
     231,
     223
    ],
    "wash_chroma": 0.2,
    "wash_lightness_delta": 0.1,
    "hue_deg": 48,
    "material": null,
    "area_source_px2": 1024000,
    "centroid_source_px": [
     4885,
     1251
    ],
    "orphan": false,
    "centroid_map": [
     356512.444,
     3092291.209
    ]
   }
  },
  {
   "type": "Feature",
   "geometry": {
    "type": "Polygon",
    "coordinates": [
     [
      [
       -82.4595012,
       27.9478514
      ],
      [
       -82.4597017,
       27.9477806
      ],
      [
       -82.4597007,
       27.947763
      ],
      [
       -82.4597144,
       27.9477572
      ],
      [
       -82.459613,
       27.9475288
      ],
      [
       -82.4596035,
       27.9475341
      ],
      [
       -82.4595962,
       27.9475251
      ],
      [
       -82.459502,
       27.9475589
      ],
      [
       -82.4594997,
       27.9475627
      ],
      [
       -82.4595226,
       27.9476172
      ],
      [
       -82.4595127,
       27.9476087
      ],
      [
       -82.459449,
       27.9476313
      ],
      [
       -82.4594477,
       27.9476423
      ],
      [
       -82.459437,
       27.947645
      ],
      [
       -82.4594489,
       27.9476668
      ],
      [
       -82.4594543,
       27.9476625
      ],
      [
       -82.4594605,
       27.9476688
      ],
      [
       -82.4594953,
       27.9476572
      ],
      [
       -82.4594658,
       27.9476694
      ],
      [
       -82.4594641,
       27.9476795
      ],
      [
       -82.4594526,
       27.9476751
      ],
      [
       -82.4594629,
       27.9476984
      ],
      [
       -82.4594669,
       27.947696
      ],
      [
       -82.4594684,
       27.9476855
      ],
      [
       -82.4594742,
       27.9476985
      ],
      [
       -82.4595434,
       27.9476744
      ],
      [
       -82.4595435,
       27.9476669
      ],
      [
       -82.4595469,
       27.9476657
      ],
      [
       -82.4595756,
       27.9477281
      ],
      [
       -82.4594764,
       27.9477647
      ],
      [
       -82.4594864,
       27.9477567
      ],
      [
       -82.4594806,
       27.9477437
      ],
      [
       -82.4594724,
       27.9477466
      ],
      [
       -82.459472,
       27.9477357
      ],
      [
       -82.4594605,
       27.9477402
      ],
      [
       -82.4594609,
       27.9477486
      ],
      [
       -82.4594543,
       27.9477529
      ],
      [
       -82.45946,
       27.9477659
      ],
      [
       -82.4594693,
       27.9477651
      ],
      [
       -82.4594629,
       27.9477724
      ],
      [
       -82.4595012,
       27.9478514
      ]
     ]
    ]
   },
   "properties": {
    "sheet": "01352_1889-0003",
    "building_id": "01352_1889-0003:block:2:bldg3",
    "block_id": "01352_1889-0003:block:2",
    "block_fid": 2,
    "block_number": "2",
    "text_inside": [
     "THE PLANT HO.",
     "1",
     "x",
     "1",
     "x",
     "KITCHEN.",
     "x",
     "x"
    ],
    "numerals_inside": [
     "1",
     "1"
    ],
    "words_inside": [
     "THE PLANT HO.",
     "KITCHEN."
    ],
    "floors": null,
    "wash_rgb": [
     230,
     223,
     190
    ],
    "wash_chroma": 13.0,
    "wash_lightness_delta": -7.6,
    "hue_deg": 50,
    "material": null,
    "area_source_px2": 201591,
    "centroid_source_px": [
     2887,
     1040
    ],
    "orphan": false,
    "centroid_map": [
     356412.307,
     3092264.935
    ]
   }
  },
  {
   "type": "Feature",
   "geometry": {
    "type": "Polygon",
    "coordinates": [
     [
      [
       -82.4600468,
       27.9476284
      ],
      [
       -82.4599843,
       27.9474779
      ],
      [
       -82.4599418,
       27.9474887
      ],
      [
       -82.4599814,
       27.9474714
      ],
      [
       -82.4598948,
       27.9472803
      ],
      [
       -82.4598504,
       27.9472932
      ],
      [
       -82.4598923,
       27.9472746
      ],
      [
       -82.4598508,
       27.9471807
      ],
      [
       -82.4598429,
       27.9471845
      ],
      [
       -82.4598467,
       27.9471906
      ],
      [
       -82.4598405,
       27.9471957
      ],
      [
       -82.4598379,
       27.9471937
      ],
      [
       -82.4598414,
       27.9471825
      ],
      [
       -82.459837,
       27.94718
      ],
      [
       -82.4597781,
       27.9471995
      ],
      [
       -82.4597695,
       27.9472055
      ],
      [
       -82.4597715,
       27.9472153
      ],
      [
       -82.4597654,
       27.9472154
      ],
      [
       -82.4597631,
       27.9472077
      ],
      [
       -82.4597557,
       27.9472073
      ],
      [
       -82.4597961,
       27.9473091
      ],
      [
       -82.4598392,
       27.9472971
      ],
      [
       -82.4597992,
       27.9473136
      ],
      [
       -82.4598833,
       27.9475066
      ],
      [
       -82.4598979,
       27.9475015
      ],
      [
       -82.459892,
       27.9474855
      ],
      [
       -82.4598799,
       27.9474823
      ],
      [
       -82.4598778,
       27.9474775
      ],
      [
       -82.4598846,
       27.9474687
      ],
      [
       -82.4598794,
       27.9474595
      ],
      [
       -82.459883,
       27.9474512
      ],
      [
       -82.4598723,
       27.947446
      ],
      [
       -82.4598794,
       27.9474405
      ],
      [
       -82.4598663,
       27.947435
      ],
      [
       -82.4598648,
       27.9474291
      ],
      [
       -82.4598874,
       27.9474342
      ],
      [
       -82.4598912,
       27.9474429
      ],
      [
       -82.4598843,
       27.9474463
      ],
      [
       -82.4598944,
       27.9474717
      ],
      [
       -82.4599028,
       27.9474718
      ],
      [
       -82.4598955,
       27.9474768
      ],
      [
       -82.4598985,
       27.9474888
      ],
      [
       -82.459908,
       27.9474885
      ],
      [
       -82.4599159,
       27.9474962
      ],
      [
       -82.4599272,
       27.9474938
      ],
      [
       -82.4599137,
       27.9475015
      ],
      [
       -82.4599181,
       27.9475064
      ],
      [
       -82.4599139,
       27.9475109
      ],
      [
       -82.4599062,
       27.9475061
      ],
      [
       -82.4598943,
       27.9475072
      ],
      [
       -82.4598927,
       27.9475113
      ],
      [
       -82.4598993,
       27.947516
      ],
      [
       -82.4598904,
       27.9475226
      ],
      [
       -82.459947,
       27.9476532
      ],
      [
       -82.4599522,
       27.9476524
      ],
      [
       -82.4599557,
       27.9476437
      ],
      [
       -82.4599549,
       27.947656
      ],
      [
       -82.4599591,
       27.947659
      ],
      [
       -82.4600468,
       27.9476284
      ]
     ]
    ]
   },
   "properties": {
    "sheet": "01352_1889-0003",
    "building_id": "01352_1889-0003:block:fid3:bldg4",
    "block_id": null,
    "block_fid": 3,
    "block_number": null,
    "text_inside": [
     "1",
     "Freight M.Ho."
    ],
    "numerals_inside": [
     "1"
    ],
    "words_inside": [
     "Freight M.Ho."
    ],
    "floors": null,
    "wash_rgb": [
     230,
     223,
     189
    ],
    "wash_chroma": 14.1,
    "wash_lightness_delta": -7.1,
    "hue_deg": 50,
    "material": null,
    "area_source_px2": 198917,
    "centroid_source_px": [
     2102,
     1349
    ],
    "orphan": true,
    "orphan_because": "its block was rejected, split away or never traced",
    "centroid_map": [
     356380.111,
     3092235.726
    ]
   }
  },
  {
   "type": "Feature",
   "geometry": {
    "type": "Polygon",
    "coordinates": [
     [
      [
       -82.4600556,
       27.9476254
      ],
      [
       -82.4600601,
       27.9476088
      ],
      [
       -82.4600663,
       27.9476062
      ],
      [
       -82.4600555,
       27.947592
      ],
      [
       -82.4600699,
       27.9475839
      ],
      [
       -82.4600644,
       27.9475739
      ],
      [
       -82.4600553,
       27.947575
      ],
      [
       -82.4600505,
       27.9475807
      ],
      [
       -82.4600455,
       27.9475694
      ],
      [
       -82.4600531,
       27.9475648
      ],
      [
       -82.460049,
       27.9475557
      ],
      [
       -82.4600406,
       27.9475582
      ],
      [
       -82.4600362,
       27.9475457
      ],
      [
       -82.4600431,
       27.9475423
      ],
      [
       -82.4600383,
       27.9475315
      ],
      [
       -82.4600295,
       27.9475331
      ],
      [
       -82.4600245,
       27.9475218
      ],
      [
       -82.460032,
       27.9475172
      ],
      [
       -82.4600276,
       27.9475072
      ],
      [
       -82.4600201,
       27.9475094
      ],
      [
       -82.4600147,
       27.9474997
      ],
      [
       -82.4600167,
       27.9474966
      ],
      [
       -82.4600236,
       27.9475007
      ],
      [
       -82.4600315,
       27.9474969
      ],
      [
       -82.4600282,
       27.9474895
      ],
      [
       -82.4600198,
       27.9474895
      ],
      [
       -82.4600163,
       27.9474817
      ],
      [
       -82.4600086,
       27.9474834
      ],
      [
       -82.4600048,
       27.9474722
      ],
      [
       -82.4600185,
       27.9474675
      ],
      [
       -82.4600122,
       27.9474557
      ],
      [
       -82.4599985,
       27.9474604
      ],
      [
       -82.4599935,
       27.9474492
      ],
      [
       -82.4599999,
       27.947447
      ],
      [
       -82.4599978,
       27.9474397
      ],
      [
       -82.4600047,
       27.9474363
      ],
      [
       -82.4599982,
       27.9474216
      ],
      [
       -82.4599905,
       27.9474233
      ],
      [
       -82.4599856,
       27.947412
      ],
      [
       -82.4599796,
       27.9474151
      ],
      [
       -82.4599759,
       27.9474119
      ],
      [
       -82.4599746,
       27.9474038
      ],
      [
       -82.4599823,
       27.9474096
      ],
      [
       -82.4599908,
       27.9474047
      ],
      [
       -82.4599846,
       27.9473908
      ],
      [
       -82.4599783,
       27.947393
      ],
      [
       -82.4599752,
       27.9473886
      ],
      [
       -82.4599693,
       27.9473917
      ],
      [
       -82.4599654,
       27.947388
      ],
      [
       -82.4599618,
       27.9473748
      ],
      [
       -82.4599683,
       27.947378
      ],
      [
       -82.4599764,
       27.9473722
      ],
      [
       -82.4599718,
       27.9473618
      ],
      [
       -82.4599537,
       27.9473616
      ],
      [
       -82.4599488,
       27.9473454
      ],
      [
       -82.4599557,
       27.9473495
      ],
      [
       -82.4599646,
       27.9473454
      ],
      [
       -82.4599596,
       27.9473341
      ],
      [
       -82.4599533,
       27.9473363
      ],
      [
       -82.4599483,
       27.9473301
      ],
      [
       -82.4599409,
       27.9473326
      ],
      [
       -82.4599385,
       27.947322
      ],
      [
       -82.4599514,
       27.9473155
      ],
      [
       -82.459946,
       27.9473034
      ],
      [
       -82.4599397,
       27.9473056
      ],
      [
       -82.4599342,
       27.947302
      ],
      [
       -82.4599291,
       27.9473058
      ],
      [
       -82.4599251,
       27.9472967
      ],
      [
       -82.459932,
       27.9472933
      ],
      [
       -82.4599288,
       27.9472834
      ],
      [
       -82.4599343,
       27.9472795
      ],
      [
       -82.4599262,
       27.9472673
      ],
      [
       -82.4599192,
       27.9472707
      ],
      [
       -82.4599215,
       27.9472784
      ],
      [
       -82.4599157,
       27.9472845
      ],
      [
       -82.4599106,
       27.9472843
      ],
      [
       -82.4599056,
       27.9472755
      ],
      [
       -82.4598981,
       27.9472801
      ],
      [
       -82.4600497,
       27.9476209
      ],
      [
       -82.4600556,
       27.9476254
      ]
     ]
    ]
   },
   "properties": {
    "sheet": "01352_1889-0003",
    "building_id": "01352_1889-0003:block:fid3:bldg5",
    "block_id": null,
    "block_fid": 3,
    "block_number": null,
    "text_inside": [
     "x"
    ],
    "numerals_inside": [],
    "words_inside": [],
    "floors": null,
    "wash_rgb": [
     229,
     221,
     185
    ],
    "wash_chroma": 14.9,
    "wash_lightness_delta": -9.3,
    "hue_deg": 50,
    "material": null,
    "area_source_px2": 38527,
    "centroid_source_px": [
     1976,
     1267
    ],
    "orphan": true,
    "orphan_because": "its block was rejected, split away or never traced",
    "centroid_map": [
     356372.543,
     3092237.379
    ]
   }
  },
  {
   "type": "Feature",
   "geometry": {
    "type": "Polygon",
    "coordinates": [
     [
      [
       -82.4592085,
       27.9478815
      ],
      [
       -82.4591786,
       27.9478189
      ],
      [
       -82.4591075,
       27.9478427
      ],
      [
       -82.4591084,
       27.9478549
      ],
      [
       -82.4590997,
       27.9478569
      ],
      [
       -82.4591109,
       27.9478745
      ],
      [
       -82.4591216,
       27.9478657
      ],
      [
       -82.459131,
       27.947873
      ],
      [
       -82.4591417,
       27.9478652
      ],
      [
       -82.4591516,
       27.9478648
      ],
      [
       -82.4591449,
       27.9478701
      ],
      [
       -82.4591484,
       27.9478779
      ],
      [
       -82.4591278,
       27.9478796
      ],
      [
       -82.4591241,
       27.9478904
      ],
      [
       -82.4591226,
       27.9478844
      ],
      [
       -82.4591145,
       27.9478852
      ],
      [
       -82.4591248,
       27.9479061
      ],
      [
       -82.4591294,
       27.9479025
      ],
      [
       -82.4591275,
       27.9478956
      ],
      [
       -82.4591315,
       27.9478933
      ],
      [
       -82.4591373,
       27.9478987
      ],
      [
       -82.4591418,
       27.9478897
      ],
      [
       -82.459141,
       27.9479019
      ],
      [
       -82.4591465,
       27.9479055
      ],
      [
       -82.4592085,
       27.9478815
      ]
     ]
    ]
   },
   "properties": {
    "sheet": "01352_1889-0003",
    "building_id": "01352_1889-0003:block:2:bldg6",
    "block_id": "01352_1889-0003:block:2",
    "block_fid": 2,
    "block_number": "2",
    "text_inside": [
     "1/2",
     "Dny"
    ],
    "numerals_inside": [],
    "words_inside": [
     "Dny"
    ],
    "floors": null,
    "wash_rgb": [
     230,
     223,
     192
    ],
    "wash_chroma": 12.3,
    "wash_lightness_delta": -7.1,
    "hue_deg": 48,
    "material": null,
    "area_source_px2": 22046,
    "centroid_source_px": [
     3774,
     989
    ],
    "orphan": false,
    "centroid_map": [
     356454.123,
     3092283.572
    ]
   }
  },
  {
   "type": "Feature",
   "geometry": {
    "type": "Polygon",
    "coordinates": [
     [
      [
       -82.4584758,
       27.9480617
      ],
      [
       -82.4584997,
       27.9480509
      ],
      [
       -82.4584779,
       27.948004
      ],
      [
       -82.4584723,
       27.9480004
      ],
      [
       -82.4584567,
       27.9480059
      ],
      [
       -82.4584535,
       27.9480125
      ],
      [
       -82.4584563,
       27.9480175
      ],
      [
       -82.4584459,
       27.9480221
      ],
      [
       -82.458463,
       27.9480582
      ],
      [
       -82.4584675,
       27.9480571
      ],
      [
       -82.4584698,
       27.9480483
      ],
      [
       -82.4584758,
       27.9480617
      ]
     ]
    ]
   },
   "properties": {
    "sheet": "01352_1889-0003",
    "building_id": "01352_1889-0003:block:3:bldg7",
    "block_id": "01352_1889-0003:block:3",
    "block_fid": 1,
    "block_number": "3",
    "text_inside": [
     "1",
     "x"
    ],
    "numerals_inside": [
     "1"
    ],
    "words_inside": [],
    "floors": null,
    "wash_rgb": [
     228,
     222,
     192
    ],
    "wash_chroma": 11.6,
    "wash_lightness_delta": -8.3,
    "hue_deg": 50,
    "material": null,
    "area_source_px2": 7735,
    "centroid_source_px": [
     5127,
     1127
    ],
    "orphan": false,
    "centroid_map": [
     356521.845,
     3092301.599
    ]
   }
  },
  {
   "type": "Feature",
   "geometry": {
    "type": "Polygon",
    "coordinates": [
     [
      [
       -82.4583266,
       27.9480832
      ],
      [
       -82.458342,
       27.9480823
      ],
      [
       -82.4583722,
       27.9480693
      ],
      [
       -82.4583777,
       27.9480728
      ],
      [
       -82.4583807,
       27.9480668
      ],
      [
       -82.4584049,
       27.9480579
      ],
      [
       -82.4584116,
       27.9480591
      ],
      [
       -82.458423,
       27.9480506
      ],
      [
       -82.458402,
       27.9480055
      ],
      [
       -82.4583185,
       27.9480355
      ],
      [
       -82.4583217,
       27.9480454
      ],
      [
       -82.4583111,
       27.9480481
      ],
      [
       -82.4583266,
       27.9480832
      ]
     ]
    ]
   },
   "properties": {
    "sheet": "01352_1889-0003",
    "building_id": "01352_1889-0003:block:3:bldg8",
    "block_id": "01352_1889-0003:block:3",
    "block_fid": 1,
    "block_number": "3",
    "text_inside": [
     "HO.",
     "x"
    ],
    "numerals_inside": [],
    "words_inside": [
     "HO."
    ],
    "floors": null,
    "wash_rgb": [
     229,
     223,
     192
    ],
    "wash_chroma": 12.1,
    "wash_lightness_delta": -7.9,
    "hue_deg": 50,
    "material": null,
    "area_source_px2": 20584,
    "centroid_source_px": [
     5324,
     1178
    ],
    "orphan": false,
    "centroid_map": [
     356532.27,
     3092302.734
    ]
   }
  },
  {
   "type": "Feature",
   "geometry": {
    "type": "Polygon",
    "coordinates": [
     [
      [
       -82.4587889,
       27.9478727
      ],
      [
       -82.4587817,
       27.9478667
      ],
      [
       -82.4587723,
       27.947867
      ],
      [
       -82.4587188,
       27.9478886
      ],
      [
       -82.458716,
       27.9478821
      ],
      [
       -82.4587083,
       27.9478813
      ],
      [
       -82.4587045,
       27.9478981
      ],
      [
       -82.4586823,
       27.9479014
      ],
      [
       -82.4586923,
       27.9479164
      ],
      [
       -82.4587882,
       27.9478839
      ],
      [
       -82.4587889,
       27.9478727
      ]
     ]
    ]
   },
   "properties": {
    "sheet": "01352_1889-0003",
    "building_id": "01352_1889-0003:block:3:bldg9",
    "block_id": "01352_1889-0003:block:3",
    "block_fid": 1,
    "block_number": "3",
    "text_inside": [
     "CENTRAL HO."
    ],
    "numerals_inside": [],
    "words_inside": [
     "CENTRAL HO."
    ],
    "floors": null,
    "wash_rgb": [
     227,
     220,
     186
    ],
    "wash_chroma": 13.9,
    "wash_lightness_delta": -10.3,
    "hue_deg": 50,
    "material": null,
    "area_source_px2": 8360,
    "centroid_source_px": [
     4544,
     1224
    ],
    "orphan": false,
    "centroid_map": [
     356495.518,
     3092286.291
    ]
   }
  },
  {
   "type": "Feature",
   "geometry": {
    "type": "Polygon",
    "coordinates": [
     [
      [
       -82.4588,
       27.9478444
      ],
      [
       -82.458781,
       27.9478025
      ],
      [
       -82.4587761,
       27.9478017
      ],
      [
       -82.4587707,
       27.9478061
      ],
      [
       -82.4587773,
       27.9478133
      ],
      [
       -82.4587706,
       27.9478147
      ],
      [
       -82.4587699,
       27.9478094
      ],
      [
       -82.4587646,
       27.9478062
      ],
      [
       -82.4586605,
       27.9478445
      ],
      [
       -82.4586636,
       27.9478629
      ],
      [
       -82.4586542,
       27.9478607
      ],
      [
       -82.4586471,
       27.9478662
      ],
      [
       -82.4586365,
       27.9478538
      ],
      [
       -82.4586102,
       27.947863
      ],
      [
       -82.4586144,
       27.9478725
      ],
      [
       -82.4586096,
       27.9478742
      ],
      [
       -82.4586051,
       27.9478693
      ],
      [
       -82.4586011,
       27.9478717
      ],
      [
       -82.458613,
       27.9478985
      ],
      [
       -82.4586177,
       27.9478979
      ],
      [
       -82.45862,
       27.9478876
      ],
      [
       -82.45862,
       27.9479005
      ],
      [
       -82.4586245,
       27.947903
      ],
      [
       -82.4586548,
       27.9478914
      ],
      [
       -82.4586505,
       27.947874
      ],
      [
       -82.4586578,
       27.9478789
      ],
      [
       -82.4586611,
       27.9478713
      ],
      [
       -82.4586691,
       27.9478715
      ],
      [
       -82.4586769,
       27.9478892
      ],
      [
       -82.458683,
       27.9478901
      ],
      [
       -82.4587283,
       27.9478743
      ],
      [
       -82.4587316,
       27.9478692
      ],
      [
       -82.4587498,
       27.9478658
      ],
      [
       -82.4587527,
       27.9478608
      ],
      [
       -82.4587678,
       27.9478606
      ],
      [
       -82.4588,
       27.9478444
      ]
     ]
    ]
   },
   "properties": {
    "sheet": "01352_1889-0003",
    "building_id": "01352_1889-0003:block:3:bldg10",
    "block_id": "01352_1889-0003:block:3",
    "block_fid": 1,
    "block_number": "3",
    "text_inside": [
     "1",
     "1",
     "x",
     "x",
     "x"
    ],
    "numerals_inside": [
     "1",
     "1"
    ],
    "words_inside": [],
    "floors": null,
    "wash_rgb": [
     229,
     222,
     189
    ],
    "wash_chroma": 13.2,
    "wash_lightness_delta": -8.3,
    "hue_deg": 50,
    "material": null,
    "area_source_px2": 34183,
    "centroid_source_px": [
     4565,
     1321
    ],
    "orphan": false,
    "centroid_map": [
     356498.299,
     3092281.999
    ]
   }
  },
  {
   "type": "Feature",
   "geometry": {
    "type": "Polygon",
    "coordinates": [
     [
      [
       -82.4581979,
       27.9479956
      ],
      [
       -82.4582156,
       27.947991
      ],
      [
       -82.4582107,
       27.9479991
      ],
      [
       -82.458219,
       27.9480077
      ],
      [
       -82.4583884,
       27.9479467
      ],
      [
       -82.4583912,
       27.9479428
      ],
      [
       -82.4583673,
       27.9478887
      ],
      [
       -82.4583586,
       27.9478882
      ],
      [
       -82.4581899,
       27.9479494
      ],
      [
       -82.4581877,
       27.9479532
      ],
      [
       -82.458192,
       27.9479592
      ],
      [
       -82.4581849,
       27.9479662
      ],
      [
       -82.4581979,
       27.9479956
      ]
     ]
    ]
   },
   "properties": {
    "sheet": "01352_1889-0003",
    "building_id": "01352_1889-0003:block:3:bldg11",
    "block_id": "01352_1889-0003:block:3",
    "block_fid": 1,
    "block_number": "3",
    "text_inside": [
     "7",
     "Gro."
    ],
    "numerals_inside": [
     "7"
    ],
    "words_inside": [
     "Gro."
    ],
    "floors": null,
    "wash_rgb": [
     229,
     222,
     190
    ],
    "wash_chroma": 12.8,
    "wash_lightness_delta": -8.2,
    "hue_deg": 50,
    "material": null,
    "area_source_px2": 51336,
    "centroid_source_px": [
     5379,
     1423
    ],
    "orphan": false,
    "centroid_map": [
     356539.389,
     3092291.93
    ]
   }
  },
  {
   "type": "Feature",
   "geometry": {
    "type": "Polygon",
    "coordinates": [
     [
      [
       -82.4585616,
       27.9478625
      ],
      [
       -82.4585379,
       27.9478088
      ],
      [
       -82.4584907,
       27.9478242
      ],
      [
       -82.4585119,
       27.9478748
      ],
      [
       -82.4585172,
       27.9478739
      ],
      [
       -82.4585164,
       27.9478657
      ],
      [
       -82.4585252,
       27.9478666
      ],
      [
       -82.4585444,
       27.9478579
      ],
      [
       -82.458552,
       27.9478573
      ],
      [
       -82.4585543,
       27.9478675
      ],
      [
       -82.4585616,
       27.9478625
      ]
     ]
    ]
   },
   "properties": {
    "sheet": "01352_1889-0003",
    "building_id": "01352_1889-0003:block:3:bldg12",
    "block_id": "01352_1889-0003:block:3",
    "block_fid": 1,
    "block_number": "3",
    "text_inside": [
     "1"
    ],
    "numerals_inside": [
     "1"
    ],
    "words_inside": [],
    "floors": null,
    "wash_rgb": [
     228,
     221,
     189
    ],
    "wash_chroma": 13.0,
    "wash_lightness_delta": -9.0,
    "hue_deg": 50,
    "material": null,
    "area_source_px2": 10538,
    "centroid_source_px": [
     4884,
     1476
    ],
    "orphan": false,
    "centroid_map": [
     356516.5,
     3092280.347
    ]
   }
  },
  {
   "type": "Feature",
   "geometry": {
    "type": "Polygon",
    "coordinates": [
     [
      [
       -82.4581673,
       27.9479288
      ],
      [
       -82.4581719,
       27.9479277
      ],
      [
       -82.45817,
       27.9479209
      ],
      [
       -82.4581746,
       27.9479148
      ],
      [
       -82.4581912,
       27.9479165
      ],
      [
       -82.4581993,
       27.9479082
      ],
      [
       -82.4581971,
       27.9479135
      ],
      [
       -82.458205,
       27.9479212
      ],
      [
       -82.4583505,
       27.9478685
      ],
      [
       -82.4583535,
       27.94786
      ],
      [
       -82.4583464,
       27.947854
      ],
      [
       -82.4583478,
       27.9478445
      ],
      [
       -82.4583414,
       27.9478427
      ],
      [
       -82.4583464,
       27.9478375
      ],
      [
       -82.4583384,
       27.9478308
      ],
      [
       -82.4583639,
       27.9478339
      ],
      [
       -82.4583635,
       27.9478405
      ],
      [
       -82.4583699,
       27.9478448
      ],
      [
       -82.4583629,
       27.9478482
      ],
      [
       -82.4583638,
       27.9478629
      ],
      [
       -82.4584096,
       27.9478469
      ],
      [
       -82.4584084,
       27.9478354
      ],
      [
       -82.4583868,
       27.947789
      ],
      [
       -82.458373,
       27.9477908
      ],
      [
       -82.4583717,
       27.9477967
      ],
      [
       -82.4583584,
       27.9477959
      ],
      [
       -82.4583436,
       27.947802
      ],
      [
       -82.4583507,
       27.9478255
      ],
      [
       -82.4583328,
       27.9478233
      ],
      [
       -82.4583342,
       27.9478163
      ],
      [
       -82.4583268,
       27.9478123
      ],
      [
       -82.4583199,
       27.9478222
      ],
      [
       -82.4583153,
       27.9478219
      ],
      [
       -82.458309,
       27.947814
      ],
      [
       -82.4583113,
       27.9478078
      ],
      [
       -82.4583009,
       27.9478084
      ],
      [
       -82.4582963,
       27.9478005
      ],
      [
       -82.4583127,
       27.9477968
      ],
      [
       -82.4583213,
       27.9478023
      ],
      [
       -82.4583234,
       27.947797
      ],
      [
       -82.4583154,
       27.9477839
      ],
      [
       -82.458321,
       27.9477799
      ],
      [
       -82.4583177,
       27.9477726
      ],
      [
       -82.4583071,
       27.9477677
      ],
      [
       -82.4583004,
       27.9477526
      ],
      [
       -82.4581291,
       27.9478143
      ],
      [
       -82.4581311,
       27.9478226
      ],
      [
       -82.4581224,
       27.9478296
      ],
      [
       -82.4581409,
       27.9478716
      ],
      [
       -82.4581583,
       27.9478675
      ],
      [
       -82.4581444,
       27.9478769
      ],
      [
       -82.4581673,
       27.9479288
      ]
     ]
    ]
   },
   "properties": {
    "sheet": "01352_1889-0003",
    "building_id": "01352_1889-0003:block:3:bldg13",
    "block_id": "01352_1889-0003:block:3",
    "block_fid": 1,
    "block_number": "3",
    "text_inside": [
     "1=3",
     "OPERa HO.",
     "Hardw",
     "Grocky",
     "2½",
     "2½"
    ],
    "numerals_inside": [
     "2½",
     "2½"
    ],
    "words_inside": [
     "OPERa HO.",
     "Hardw",
     "Grocky"
    ],
    "floors": null,
    "wash_rgb": [
     228,
     221,
     191
    ],
    "wash_chroma": 12.0,
    "wash_lightness_delta": -8.9,
    "hue_deg": 48,
    "material": null,
    "area_source_px2": 110461,
    "centroid_source_px": [
     5354,
     1664
    ],
    "orphan": false,
    "centroid_map": [
     356542.58,
     3092279.86
    ]
   }
  },
  {
   "type": "Feature",
   "geometry": {
    "type": "Polygon",
    "coordinates": [
     [
      [
       -82.4595184,
       27.9474573
      ],
      [
       -82.4595207,
       27.9474395
      ],
      [
       -82.4595025,
       27.9474009
      ],
      [
       -82.4594908,
       27.9474025
      ],
      [
       -82.4594868,
       27.9473934
      ],
      [
       -82.4594668,
       27.9474003
      ],
      [
       -82.4594685,
       27.9474157
      ],
      [
       -82.4594595,
       27.9474004
      ],
      [
       -82.4595091,
       27.9473801
      ],
      [
       -82.4594876,
       27.9473327
      ],
      [
       -82.4594823,
       27.9473335
      ],
      [
       -82.4594788,
       27.9473422
      ],
      [
       -82.4594802,
       27.9473312
      ],
      [
       -82.459476,
       27.9473282
      ],
      [
       -82.4593931,
       27.9473571
      ],
      [
       -82.4593869,
       27.9473697
      ],
      [
       -82.4593854,
       27.9473638
      ],
      [
       -82.4593789,
       27.947363
      ],
      [
       -82.4594342,
       27.9474856
      ],
      [
       -82.4594901,
       27.9474671
      ],
      [
       -82.4594727,
       27.9474238
      ],
      [
       -82.4594932,
       27.9474651
      ],
      [
       -82.4595184,
       27.9474573
      ]
     ]
    ]
   },
   "properties": {
    "sheet": "01352_1889-0003",
    "building_id": "01352_1889-0003:block:2:bldg14",
    "block_id": "01352_1889-0003:block:2",
    "block_fid": 2,
    "block_number": "2",
    "text_inside": [],
    "numerals_inside": [],
    "words_inside": [],
    "floors": null,
    "wash_rgb": [
     230,
     224,
     192
    ],
    "wash_chroma": 12.5,
    "wash_lightness_delta": -6.5,
    "hue_deg": 50,
    "material": null,
    "area_source_px2": 55484,
    "centroid_source_px": [
     2892,
     1698
    ],
    "orphan": false,
    "centroid_map": [
     356424.549,
     3092233.316
    ]
   }
  },
  {
   "type": "Feature",
   "geometry": {
    "type": "Polygon",
    "coordinates": [
     [
      [
       -82.4599198,
       27.9472695
      ],
      [
       -82.459916,
       27.9472544
      ],
      [
       -82.4599219,
       27.9472513
      ],
      [
       -82.4599183,
       27.9472431
      ],
      [
       -82.4599104,
       27.9472444
      ],
      [
       -82.4599035,
       27.9472288
      ],
      [
       -82.4599101,
       27.9472245
      ],
      [
       -82.459907,
       27.9472176
      ],
      [
       -82.4598989,
       27.9472184
      ],
      [
       -82.4598911,
       27.9472006
      ],
      [
       -82.4598967,
       27.9471967
      ],
      [
       -82.4598898,
       27.9471811
      ],
      [
       -82.4598832,
       27.9471829
      ],
      [
       -82.4598749,
       27.9471678
      ],
      [
       -82.4598704,
       27.9471704
      ],
      [
       -82.4598747,
       27.9471864
      ],
      [
       -82.4598702,
       27.9471789
      ],
      [
       -82.4598625,
       27.9471806
      ],
      [
       -82.4598546,
       27.9471729
      ],
      [
       -82.4598524,
       27.9471766
      ],
      [
       -82.4598952,
       27.9472736
      ],
      [
       -82.4599,
       27.947273
      ],
      [
       -82.4599017,
       27.9472629
      ],
      [
       -82.4599072,
       27.94726
      ],
      [
       -82.4599113,
       27.947268
      ],
      [
       -82.4599198,
       27.9472695
      ]
     ]
    ]
   },
   "properties": {
    "sheet": "01352_1889-0003",
    "building_id": "01352_1889-0003:block:fid3:bldg15",
    "block_id": null,
    "block_fid": 3,
    "block_number": null,
    "text_inside": [
     "x"
    ],
    "numerals_inside": [],
    "words_inside": [],
    "floors": null,
    "wash_rgb": [
     229,
     222,
     188
    ],
    "wash_chroma": 13.7,
    "wash_lightness_delta": -8.4,
    "hue_deg": 50,
    "material": null,
    "area_source_px2": 11755,
    "centroid_source_px": [
     1976,
     1764
    ],
    "orphan": true,
    "orphan_because": "its block was rejected, split away or never traced",
    "centroid_map": [
     356381.608,
     3092213.428
    ]
   }
  },
  {
   "type": "Feature",
   "geometry": {
    "type": "Polygon",
    "coordinates": [
     [
      [
       -82.4591528,
       27.9475287
      ],
      [
       -82.4591553,
       27.9475153
      ],
      [
       -82.4591607,
       27.9475109
      ],
      [
       -82.4591486,
       27.9474862
      ],
      [
       -82.4591386,
       27.9474877
      ],
      [
       -82.4591367,
       27.9474783
      ],
      [
       -82.4591188,
       27.9474836
      ],
      [
       -82.4591154,
       27.9474873
      ],
      [
       -82.4591345,
       27.9475331
      ],
      [
       -82.4591528,
       27.9475287
      ]
     ]
    ]
   },
   "properties": {
    "sheet": "01352_1889-0003",
    "building_id": "01352_1889-0003:block:2:bldg16",
    "block_id": "01352_1889-0003:block:2",
    "block_fid": 2,
    "block_number": "2",
    "text_inside": [
     "x"
    ],
    "numerals_inside": [],
    "words_inside": [],
    "floors": null,
    "wash_rgb": [
     229,
     223,
     190
    ],
    "wash_chroma": 12.8,
    "wash_lightness_delta": -7.9,
    "hue_deg": 50,
    "material": null,
    "area_source_px2": 5954,
    "centroid_source_px": [
     3529,
     1717
    ],
    "orphan": false,
    "centroid_map": [
     356455.595,
     3092244.019
    ]
   }
  },
  {
   "type": "Feature",
   "geometry": {
    "type": "Polygon",
    "coordinates": [
     [
      [
       -82.4583411,
       27.9477989
      ],
      [
       -82.4583572,
       27.9477933
      ],
      [
       -82.4583614,
       27.9477873
      ],
      [
       -82.4583447,
       27.9477522
      ],
      [
       -82.4583566,
       27.9477535
      ],
      [
       -82.4583685,
       27.9477869
      ],
      [
       -82.4583836,
       27.9477816
      ],
      [
       -82.4583613,
       27.9477324
      ],
      [
       -82.4583145,
       27.9477487
      ],
      [
       -82.4583301,
       27.9477573
      ],
      [
       -82.45833,
       27.9477813
      ],
      [
       -82.4583411,
       27.9477989
      ]
     ]
    ]
   },
   "properties": {
    "sheet": "01352_1889-0003",
    "building_id": "01352_1889-0003:block:3:bldg17",
    "block_id": "01352_1889-0003:block:3",
    "block_fid": 1,
    "block_number": "3",
    "text_inside": [
     "STAGE"
    ],
    "numerals_inside": [],
    "words_inside": [
     "STAGE"
    ],
    "floors": null,
    "wash_rgb": [
     226,
     221,
     193
    ],
    "wash_chroma": 10.7,
    "wash_lightness_delta": -9.5,
    "hue_deg": 50,
    "material": null,
    "area_source_px2": 8809,
    "centroid_source_px": [
     5133,
     1749
    ],
    "orphan": false,
    "centroid_map": [
     356533.479,
     3092271.732
    ]
   }
  },
  {
   "type": "Feature",
   "geometry": {
    "type": "Polygon",
    "coordinates": [
     [
      [
       -82.45845,
       27.947736
      ],
      [
       -82.4584548,
       27.9477213
      ],
      [
       -82.4584477,
       27.9477078
      ],
      [
       -82.4584329,
       27.9477099
      ],
      [
       -82.4584449,
       27.9477013
      ],
      [
       -82.4584189,
       27.9476424
      ],
      [
       -82.4584111,
       27.9476466
      ],
      [
       -82.458416,
       27.9476524
      ],
      [
       -82.4584112,
       27.9476581
      ],
      [
       -82.4584173,
       27.9476719
      ],
      [
       -82.4584096,
       27.9476761
      ],
      [
       -82.4584012,
       27.9476521
      ],
      [
       -82.4583927,
       27.9476495
      ],
      [
       -82.4583901,
       27.9476524
      ],
      [
       -82.4583808,
       27.9476442
      ],
      [
       -82.4583652,
       27.9476496
      ],
      [
       -82.4583661,
       27.9476553
      ],
      [
       -82.4583783,
       27.9476525
      ],
      [
       -82.4583837,
       27.9476647
      ],
      [
       -82.4583777,
       27.9476677
      ],
      [
       -82.458389,
       27.9476768
      ],
      [
       -82.4583821,
       27.9476802
      ],
      [
       -82.4583932,
       27.9476978
      ],
      [
       -82.4583863,
       27.9477012
      ],
      [
       -82.4583817,
       27.9476983
      ],
      [
       -82.458381,
       27.9476891
      ],
      [
       -82.4583643,
       27.9476614
      ],
      [
       -82.4583537,
       27.9476631
      ],
      [
       -82.4583789,
       27.9477253
      ],
      [
       -82.4583997,
       27.9477225
      ],
      [
       -82.4584143,
       27.9477149
      ],
      [
       -82.4584154,
       27.9477085
      ],
      [
       -82.4584254,
       27.9477121
      ],
      [
       -82.4584218,
       27.9477178
      ],
      [
       -82.4584279,
       27.9477317
      ],
      [
       -82.4584391,
       27.9477278
      ],
      [
       -82.458441,
       27.9477371
      ],
      [
       -82.45845,
       27.947736
      ]
     ]
    ]
   },
   "properties": {
    "sheet": "01352_1889-0003",
    "building_id": "01352_1889-0003:block:3:bldg18",
    "block_id": "01352_1889-0003:block:3",
    "block_fid": 1,
    "block_number": "3",
    "text_inside": [
     "1",
     "x",
     "Tobacco",
     "D",
     "Vac.",
     "x"
    ],
    "numerals_inside": [
     "1"
    ],
    "words_inside": [
     "Tobacco",
     "Vac."
    ],
    "floors": null,
    "wash_rgb": [
     228,
     221,
     188
    ],
    "wash_chroma": 13.5,
    "wash_lightness_delta": -9.1,
    "hue_deg": 50,
    "material": null,
    "area_source_px2": 19391,
    "centroid_source_px": [
     4979,
     1850
    ],
    "orphan": false,
    "centroid_map": [
     356527.9,
     3092264.056
    ]
   }
  },
  {
   "type": "Feature",
   "geometry": {
    "type": "Polygon",
    "coordinates": [
     [
      [
       -82.4589833,
       27.9475168
      ],
      [
       -82.4590371,
       27.947496
      ],
      [
       -82.4590107,
       27.9474388
      ],
      [
       -82.4589496,
       27.9474621
      ],
      [
       -82.4589645,
       27.9474934
      ],
      [
       -82.4589768,
       27.9474806
      ],
      [
       -82.4589885,
       27.9474765
      ],
      [
       -82.4589959,
       27.9474804
      ],
      [
       -82.4590005,
       27.9474743
      ],
      [
       -82.459006,
       27.9474779
      ],
      [
       -82.4590071,
       27.94747
      ],
      [
       -82.4590156,
       27.9474691
      ],
      [
       -82.4590107,
       27.9474808
      ],
      [
       -82.4590141,
       27.9474861
      ],
      [
       -82.4590009,
       27.9474917
      ],
      [
       -82.4590004,
       27.9474843
      ],
      [
       -82.4589908,
       27.9474842
      ],
      [
       -82.4589771,
       27.94749
      ],
      [
       -82.4589803,
       27.9474973
      ],
      [
       -82.4589707,
       27.9474947
      ],
      [
       -82.4589668,
       27.9475011
      ],
      [
       -82.4589717,
       27.9475123
      ],
      [
       -82.458977,
       27.9475115
      ],
      [
       -82.4589801,
       27.9475019
      ],
      [
       -82.4589833,
       27.9475168
      ]
     ]
    ]
   },
   "properties": {
    "sheet": "01352_1889-0003",
    "building_id": "01352_1889-0003:block:2:bldg19",
    "block_id": "01352_1889-0003:block:2",
    "block_fid": 2,
    "block_number": "2",
    "text_inside": [
     "Fruit",
     "x"
    ],
    "numerals_inside": [],
    "words_inside": [
     "Fruit"
    ],
    "floors": null,
    "wash_rgb": [
     228,
     221,
     189
    ],
    "wash_chroma": 12.8,
    "wash_lightness_delta": -9.0,
    "hue_deg": 50,
    "material": null,
    "area_source_px2": 14448,
    "centroid_source_px": [
     3761,
     1874
    ],
    "orphan": false,
    "centroid_map": [
     356469.639,
     3092240.684
    ]
   }
  },
  {
   "type": "Feature",
   "geometry": {
    "type": "Polygon",
    "coordinates": [
     [
      [
       -82.458541,
       27.9476668
      ],
      [
       -82.4585154,
       27.9476038
      ],
      [
       -82.4585067,
       27.9476108
      ],
      [
       -82.4585173,
       27.9476296
      ],
      [
       -82.4585113,
       27.9476327
      ],
      [
       -82.4585259,
       27.9476491
      ],
      [
       -82.4585086,
       27.9476456
      ],
      [
       -82.4585054,
       27.9476283
      ],
      [
       -82.4585004,
       27.947627
      ],
      [
       -82.4584935,
       27.9476089
      ],
      [
       -82.458489,
       27.9476075
      ],
      [
       -82.4584789,
       27.9476165
      ],
      [
       -82.4585076,
       27.9476765
      ],
      [
       -82.458541,
       27.9476668
      ]
     ]
    ]
   },
   "properties": {
    "sheet": "01352_1889-0003",
    "building_id": "01352_1889-0003:block:3:bldg20",
    "block_id": "01352_1889-0003:block:3",
    "block_fid": 1,
    "block_number": "3",
    "text_inside": [
     "Meat",
     "x"
    ],
    "numerals_inside": [],
    "words_inside": [
     "Meat"
    ],
    "floors": null,
    "wash_rgb": [
     228,
     221,
     186
    ],
    "wash_chroma": 14.1,
    "wash_lightness_delta": -9.4,
    "hue_deg": 50,
    "material": null,
    "area_source_px2": 8330,
    "centroid_source_px": [
     4753,
     1872
    ],
    "orphan": false,
    "centroid_map": [
     356517.41,
     3092258.874
    ]
   }
  },
  {
   "type": "Feature",
   "geometry": {
    "type": "Polygon",
    "coordinates": [
     [
      [
       -82.4591305,
       27.947445
      ],
      [
       -82.459115,
       27.94741
      ],
      [
       -82.4591042,
       27.9474147
      ],
      [
       -82.4591063,
       27.947403
      ],
      [
       -82.4590695,
       27.9474138
      ],
      [
       -82.4590696,
       27.9474243
      ],
      [
       -82.4590598,
       27.9474277
      ],
      [
       -82.4590774,
       27.947465
      ],
      [
       -82.4591305,
       27.947445
      ]
     ]
    ]
   },
   "properties": {
    "sheet": "01352_1889-0003",
    "building_id": "01352_1889-0003:block:2:bldg21",
    "block_id": "01352_1889-0003:block:2",
    "block_fid": 2,
    "block_number": "2",
    "text_inside": [
     "OFF",
     "x"
    ],
    "numerals_inside": [],
    "words_inside": [
     "OFF"
    ],
    "floors": null,
    "wash_rgb": [
     228,
     222,
     190
    ],
    "wash_chroma": 12.6,
    "wash_lightness_delta": -8.6,
    "hue_deg": 50,
    "material": null,
    "area_source_px2": 10843,
    "centroid_source_px": [
     3552,
     1882
    ],
    "orphan": false,
    "centroid_map": [
     356459.712,
     3092236.486
    ]
   }
  },
  {
   "type": "Feature",
   "geometry": {
    "type": "Polygon",
    "coordinates": [
     [
      [
       -82.4581038,
       27.9477876
      ],
      [
       -82.4581179,
       27.9477837
      ],
      [
       -82.4581283,
       27.9477716
      ],
      [
       -82.4581242,
       27.9477675
      ],
      [
       -82.4581127,
       27.947772
      ],
      [
       -82.4581262,
       27.9477528
      ],
      [
       -82.4581344,
       27.9477575
      ],
      [
       -82.4581818,
       27.94774
      ],
      [
       -82.4581785,
       27.9477541
      ],
      [
       -82.4581725,
       27.9477572
      ],
      [
       -82.4581769,
       27.9477646
      ],
      [
       -82.4581663,
       27.9477788
      ],
      [
       -82.4581701,
       27.947781
      ],
      [
       -82.4582302,
       27.9477591
      ],
      [
       -82.4582262,
       27.9477385
      ],
      [
       -82.458239,
       27.947756
      ],
      [
       -82.4583169,
       27.9477274
      ],
      [
       -82.4583017,
       27.9476867
      ],
      [
       -82.458287,
       27.9476928
      ],
      [
       -82.4582804,
       27.9477046
      ],
      [
       -82.458276,
       27.9477062
      ],
      [
       -82.4582696,
       27.9477019
      ],
      [
       -82.4582549,
       27.947708
      ],
      [
       -82.4582456,
       27.9477188
      ],
      [
       -82.4582389,
       27.9477151
      ],
      [
       -82.4582329,
       27.9477182
      ],
      [
       -82.4582185,
       27.9477122
      ],
      [
       -82.4582223,
       27.9477323
      ],
      [
       -82.4582078,
       27.9477084
      ],
      [
       -82.4580986,
       27.947749
      ],
      [
       -82.4581012,
       27.9477575
      ],
      [
       -82.4580927,
       27.9477625
      ],
      [
       -82.4581038,
       27.9477876
      ]
     ]
    ]
   },
   "properties": {
    "sheet": "01352_1889-0003",
    "building_id": "01352_1889-0003:block:3:bldg22",
    "block_id": "01352_1889-0003:block:3",
    "block_fid": 1,
    "block_number": "3",
    "text_inside": [
     "& Bancry",
     "X"
    ],
    "numerals_inside": [],
    "words_inside": [
     "& Bancry"
    ],
    "floors": null,
    "wash_rgb": [
     228,
     221,
     189
    ],
    "wash_chroma": 12.6,
    "wash_lightness_delta": -9.1,
    "hue_deg": 50,
    "material": null,
    "area_source_px2": 33741,
    "centroid_source_px": [
     5351,
     1898
    ],
    "orphan": false,
    "centroid_map": [
     356546.703,
     3092268.528
    ]
   }
  },
  {
   "type": "Feature",
   "geometry": {
    "type": "Polygon",
    "coordinates": [
     [
      [
       -82.4598141,
       27.9469257
      ],
      [
       -82.4598189,
       27.9469251
      ],
      [
       -82.4598218,
       27.9469151
      ],
      [
       -82.459823,
       27.9469266
      ],
      [
       -82.4598267,
       27.9469288
      ],
      [
       -82.4599071,
       27.9468918
      ],
      [
       -82.4598827,
       27.9468479
      ],
      [
       -82.4598744,
       27.9468483
      ],
      [
       -82.4598013,
       27.9468827
      ],
      [
       -82.4598046,
       27.9468901
      ],
      [
       -82.4597974,
       27.9468956
      ],
      [
       -82.4598141,
       27.9469257
      ]
     ]
    ]
   },
   "properties": {
    "sheet": "01352_1889-0003",
    "building_id": "01352_1889-0003:block:fid5:bldg23",
    "block_id": null,
    "block_fid": 5,
    "block_number": null,
    "text_inside": [
     "Hides.",
     "x"
    ],
    "numerals_inside": [],
    "words_inside": [
     "Hides."
    ],
    "floors": null,
    "wash_rgb": [
     226,
     220,
     189
    ],
    "wash_chroma": 11.8,
    "wash_lightness_delta": -10.3,
    "hue_deg": 50,
    "material": null,
    "area_source_px2": 20631,
    "centroid_source_px": [
     1771,
     2457
    ],
    "orphan": true,
    "orphan_because": "its block was rejected, split away or never traced",
    "centroid_map": [
     356384.369,
     3092176.291
    ]
   }
  },
  {
   "type": "Feature",
   "geometry": {
    "type": "Polygon",
    "coordinates": [
     [
      [
       -82.4580037,
       27.9475417
      ],
      [
       -82.4580763,
       27.9475164
      ],
      [
       -82.4580697,
       27.9474988
      ],
      [
       -82.4580848,
       27.9474975
      ],
      [
       -82.458086,
       27.9475091
      ],
      [
       -82.45809,
       27.9475117
      ],
      [
       -82.4581388,
       27.9474937
      ],
      [
       -82.4581399,
       27.9474883
      ],
      [
       -82.4581273,
       27.9474892
      ],
      [
       -82.4581172,
       27.9474637
      ],
      [
       -82.4581239,
       27.9474624
      ],
      [
       -82.4581349,
       27.9474681
      ],
      [
       -82.4581355,
       27.9474759
      ],
      [
       -82.4581468,
       27.9474899
      ],
      [
       -82.4581693,
       27.9474811
      ],
      [
       -82.4581603,
       27.9474607
      ],
      [
       -82.4581482,
       27.9474574
      ],
      [
       -82.4581565,
       27.9474521
      ],
      [
       -82.4581394,
       27.9474235
      ],
      [
       -82.4581387,
       27.9474143
      ],
      [
       -82.4581254,
       27.9474134
      ],
      [
       -82.4581268,
       27.9474065
      ],
      [
       -82.4581333,
       27.9474022
      ],
      [
       -82.4581304,
       27.9473957
      ],
      [
       -82.4581122,
       27.9473976
      ],
      [
       -82.4581234,
       27.9473822
      ],
      [
       -82.4581172,
       27.9473683
      ],
      [
       -82.4581015,
       27.9473658
      ],
      [
       -82.45804,
       27.9473882
      ],
      [
       -82.4581119,
       27.9473562
      ],
      [
       -82.4581,
       27.9473319
      ],
      [
       -82.4580885,
       27.9473299
      ],
      [
       -82.4580877,
       27.9473256
      ],
      [
       -82.4580968,
       27.9473245
      ],
      [
       -82.458091,
       27.9473115
      ],
      [
       -82.4580724,
       27.947314
      ],
      [
       -82.4580872,
       27.9473053
      ],
      [
       -82.4580851,
       27.9473006
      ],
      [
       -82.4580747,
       27.9472987
      ],
      [
       -82.4580714,
       27.9472913
      ],
      [
       -82.4580617,
       27.9472897
      ],
      [
       -82.4580761,
       27.9472802
      ],
      [
       -82.4580681,
       27.947266
      ],
      [
       -82.4580558,
       27.9472648
      ],
      [
       -82.4579719,
       27.947294
      ],
      [
       -82.4579627,
       27.9473012
      ],
      [
       -82.4579682,
       27.9473048
      ],
      [
       -82.4579865,
       27.9472965
      ],
      [
       -82.4579911,
       27.9472993
      ],
      [
       -82.4579832,
       27.9473146
      ],
      [
       -82.4579857,
       27.9473202
      ],
      [
       -82.4579742,
       27.9473222
      ],
      [
       -82.4579777,
       27.9473135
      ],
      [
       -82.4579707,
       27.9473104
      ],
      [
       -82.4579588,
       27.9473166
      ],
      [
       -82.4579599,
       27.9473242
      ],
      [
       -82.457965,
       27.9473254
      ],
      [
       -82.4579553,
       27.9473328
      ],
      [
       -82.457964,
       27.9473398
      ],
      [
       -82.4579749,
       27.947339
      ],
      [
       -82.4579856,
       27.9473657
      ],
      [
       -82.4579685,
       27.9473716
      ],
      [
       -82.4579684,
       27.9473637
      ],
      [
       -82.4579612,
       27.9473577
      ],
      [
       -82.4579434,
       27.9473619
      ],
      [
       -82.4579507,
       27.9473529
      ],
      [
       -82.4579452,
       27.9473493
      ],
      [
       -82.4579292,
       27.9473564
      ],
      [
       -82.4579274,
       27.947364
      ],
      [
       -82.4579359,
       27.9473665
      ],
      [
       -82.4579256,
       27.9473701
      ],
      [
       -82.4579255,
       27.9473647
      ],
      [
       -82.4579209,
       27.9473632
      ],
      [
       -82.4579164,
       27.9473683
      ],
      [
       -82.4579172,
       27.9473765
      ],
      [
       -82.4579231,
       27.947381
      ],
      [
       -82.4579149,
       27.9473878
      ],
      [
       -82.4579324,
       27.9474237
      ],
      [
       -82.4579403,
       27.9474059
      ],
      [
       -82.4579468,
       27.9474207
      ],
      [
       -82.45802,
       27.9473952
      ],
      [
       -82.4580146,
       27.9473996
      ],
      [
       -82.4580213,
       27.9474122
      ],
      [
       -82.4580113,
       27.9474137
      ],
      [
       -82.4579967,
       27.9474048
      ],
      [
       -82.4579786,
       27.9474111
      ],
      [
       -82.457978,
       27.9474198
      ],
      [
       -82.4579502,
       27.9474295
      ],
      [
       -82.4579495,
       27.9474407
      ],
      [
       -82.4579407,
       27.9474438
      ],
      [
       -82.4579575,
       27.9474804
      ],
      [
       -82.4579646,
       27.9474749
      ],
      [
       -82.4579612,
       27.9474696
      ],
      [
       -82.4579743,
       27.9474675
      ],
      [
       -82.4579695,
       27.9474732
      ],
      [
       -82.457974,
       27.9474771
      ],
      [
       -82.4579694,
       27.9474832
      ],
      [
       -82.4579767,
       27.9474947
      ],
      [
       -82.457968,
       27.9475017
      ],
      [
       -82.4579839,
       27.9475351
      ],
      [
       -82.4579993,
       27.9475293
      ],
      [
       -82.457997,
       27.9475356
      ],
      [
       -82.4580037,
       27.9475417
      ]
     ]
    ]
   },
   "properties": {
    "sheet": "01352_1889-0003",
    "building_id": "01352_1889-0003:block:4:bldg24",
    "block_id": "01352_1889-0003:block:4",
    "block_fid": 4,
    "block_number": "4",
    "text_inside": [
     "2",
     "OFF.",
     "x",
     "2",
     "16\"",
     "Banky",
     "8",
     "4",
     "16\"",
     "2",
     "3",
     "D",
     "N",
     "x"
    ],
    "numerals_inside": [
     "2",
     "2",
     "8",
     "4",
     "2",
     "3"
    ],
    "words_inside": [
     "OFF.",
     "Banky"
    ],
    "floors": null,
    "wash_rgb": [
     226,
     208,
     205
    ],
    "wash_chroma": 2.9,
    "wash_lightness_delta": -17.1,
    "hue_deg": 8,
    "material": null,
    "area_source_px2": 161607,
    "centroid_source_px": [
     5400,
     2678
    ],
    "orphan": false,
    "centroid_map": [
     356563.291,
     3092231.831
    ]
   }
  },
  {
   "type": "Feature",
   "geometry": {
    "type": "Polygon",
    "coordinates": [
     [
      [
       -82.4581764,
       27.9474806
      ],
      [
       -82.4582045,
       27.9474678
      ],
      [
       -82.4581211,
       27.947284
      ],
      [
       -82.4581909,
       27.9472587
      ],
      [
       -82.4582215,
       27.9473165
      ],
      [
       -82.4585102,
       27.9472085
      ],
      [
       -82.458364,
       27.9468927
      ],
      [
       -82.4582538,
       27.9469311
      ],
      [
       -82.4582434,
       27.9469113
      ],
      [
       -82.4582359,
       27.9469109
      ],
      [
       -82.4582341,
       27.9469005
      ],
      [
       -82.4582278,
       27.9468952
      ],
      [
       -82.4582211,
       27.9468965
      ],
      [
       -82.4582186,
       27.9469099
      ],
      [
       -82.4582109,
       27.9469141
      ],
      [
       -82.4581968,
       27.946904
      ],
      [
       -82.4582321,
       27.9468882
      ],
      [
       -82.4582213,
       27.946864
      ],
      [
       -82.4582142,
       27.946858
      ],
      [
       -82.4579326,
       27.9469616
      ],
      [
       -82.4579918,
       27.9470893
      ],
      [
       -82.4580056,
       27.9470875
      ],
      [
       -82.4580188,
       27.9471174
      ],
      [
       -82.4580073,
       27.9471244
      ],
      [
       -82.45804,
       27.9471959
      ],
      [
       -82.458055,
       27.9471942
      ],
      [
       -82.4580674,
       27.9472198
      ],
      [
       -82.4580559,
       27.9472293
      ],
      [
       -82.4581713,
       27.9474794
      ],
      [
       -82.4581764,
       27.9474806
      ]
     ]
    ]
   },
   "properties": {
    "sheet": "01352_1889-0003",
    "building_id": "01352_1889-0003:block:4:bldg25",
    "block_id": "01352_1889-0003:block:4",
    "block_fid": 4,
    "block_number": "4",
    "text_inside": [
     "TANK.",
     "x"
    ],
    "numerals_inside": [],
    "words_inside": [
     "TANK."
    ],
    "floors": null,
    "wash_rgb": [
     233,
     231,
     224
    ],
    "wash_chroma": -0.2,
    "wash_lightness_delta": 0.2,
    "hue_deg": 46,
    "material": null,
    "area_source_px2": 702744,
    "centroid_source_px": [
     4863,
     3192
    ],
    "orphan": false,
    "centroid_map": [
     356546.787,
     3092197.266
    ]
   }
  },
  {
   "type": "Feature",
   "geometry": {
    "type": "Polygon",
    "coordinates": [
     [
      [
       -82.4582912,
       27.9474386
      ],
      [
       -82.4583214,
       27.9474281
      ],
      [
       -82.4583208,
       27.9474178
      ],
      [
       -82.4583302,
       27.947425
      ],
      [
       -82.458356,
       27.947416
      ],
      [
       -82.4583627,
       27.9474007
      ],
      [
       -82.4583646,
       27.94741
      ],
      [
       -82.4583729,
       27.9474072
      ],
      [
       -82.4583591,
       27.947376
      ],
      [
       -82.4583509,
       27.9473739
      ],
      [
       -82.458323,
       27.9473846
      ],
      [
       -82.4583276,
       27.9473735
      ],
      [
       -82.4583393,
       27.9473694
      ],
      [
       -82.4583456,
       27.9473722
      ],
      [
       -82.458353,
       27.9473646
      ],
      [
       -82.4583488,
       27.9473551
      ],
      [
       -82.4583363,
       27.9473575
      ],
      [
       -82.4583446,
       27.9473456
      ],
      [
       -82.4583161,
       27.9472861
      ],
      [
       -82.458302,
       27.94729
      ],
      [
       -82.458298,
       27.9472999
      ],
      [
       -82.4582878,
       27.9472959
      ],
      [
       -82.4582727,
       27.9473012
      ],
      [
       -82.4582735,
       27.9473134
      ],
      [
       -82.4582644,
       27.9473041
      ],
      [
       -82.4582501,
       27.94731
      ],
      [
       -82.4582494,
       27.9473198
      ],
      [
       -82.4582394,
       27.9473138
      ],
      [
       -82.4582207,
       27.9473223
      ],
      [
       -82.4582477,
       27.9473783
      ],
      [
       -82.4582595,
       27.9473757
      ],
      [
       -82.4582584,
       27.9473836
      ],
      [
       -82.4582519,
       27.9473879
      ],
      [
       -82.4582749,
       27.9474348
      ],
      [
       -82.4582835,
       27.9474328
      ],
      [
       -82.4582912,
       27.9474386
      ]
     ]
    ]
   },
   "properties": {
    "sheet": "01352_1889-0003",
    "building_id": "01352_1889-0003:block:4:bldg26",
    "block_id": "01352_1889-0003:block:4",
    "block_fid": 4,
    "block_number": "4",
    "text_inside": [
     "0",
     "1",
     "BUILT.",
     "0\"",
     "12",
     "8",
     "W"
    ],
    "numerals_inside": [
     "0",
     "1",
     "12",
     "8"
    ],
    "words_inside": [
     "BUILT."
    ],
    "floors": null,
    "wash_rgb": [
     227,
     206,
     203
    ],
    "wash_chroma": 3.7,
    "wash_lightness_delta": -18.3,
    "hue_deg": 8,
    "material": null,
    "area_source_px2": 53493,
    "centroid_source_px": [
     4916,
     2588
    ],
    "orphan": false,
    "centroid_map": [
     356538.325,
     3092227.341
    ]
   }
  },
  {
   "type": "Feature",
   "geometry": {
    "type": "Polygon",
    "coordinates": [
     [
      [
       -82.4582599,
       27.9474505
      ],
      [
       -82.4582625,
       27.9474336
      ],
      [
       -82.4582685,
       27.9474305
      ],
      [
       -82.4581913,
       27.9472646
      ],
      [
       -82.458127,
       27.947286
      ],
      [
       -82.4581268,
       27.9472945
      ],
      [
       -82.4582044,
       27.9474613
      ],
      [
       -82.4582081,
       27.947462
      ],
      [
       -82.458214,
       27.9474525
      ],
      [
       -82.4582213,
       27.9474639
      ],
      [
       -82.4582599,
       27.9474505
      ]
     ]
    ]
   },
   "properties": {
    "sheet": "01352_1889-0003",
    "building_id": "01352_1889-0003:block:4:bldg27",
    "block_id": "01352_1889-0003:block:4",
    "block_fid": 4,
    "block_number": "4",
    "text_inside": [
     "1",
     "x",
     "Sal.",
     "AROUND.",
     "CLAD",
     "IRON",
     "ALL"
    ],
    "numerals_inside": [
     "1"
    ],
    "words_inside": [
     "Sal.",
     "AROUND.",
     "CLAD",
     "IRON",
     "ALL"
    ],
    "floors": null,
    "wash_rgb": [
     228,
     221,
     191
    ],
    "wash_chroma": 11.9,
    "wash_lightness_delta": -9.0,
    "hue_deg": 48,
    "material": null,
    "area_source_px2": 57027,
    "centroid_source_px": [
     5088,
     2650
    ],
    "orphan": false,
    "centroid_map": [
     356547.745,
     3092227.49
    ]
   }
  },
  {
   "type": "Feature",
   "geometry": {
    "type": "Polygon",
    "coordinates": [
     [
      [
       -82.4584665,
       27.9473746
      ],
      [
       -82.4584526,
       27.9473404
      ],
      [
       -82.4584445,
       27.9473413
      ],
      [
       -82.4584482,
       27.9473305
      ],
      [
       -82.4584457,
       27.9473224
      ],
      [
       -82.4584301,
       27.9473228
      ],
      [
       -82.4584404,
       27.9473102
      ],
      [
       -82.4584142,
       27.9472509
      ],
      [
       -82.4583907,
       27.9472576
      ],
      [
       -82.4583838,
       27.9472675
      ],
      [
       -82.4583803,
       27.9472622
      ],
      [
       -82.4583697,
       27.9472649
      ],
      [
       -82.4583699,
       27.9472768
      ],
      [
       -82.4583613,
       27.9472688
      ],
      [
       -82.4583477,
       27.9472736
      ],
      [
       -82.4583457,
       27.9472818
      ],
      [
       -82.4583413,
       27.9472833
      ],
      [
       -82.458335,
       27.947278
      ],
      [
       -82.4583206,
       27.9472835
      ],
      [
       -82.4583554,
       27.9473623
      ],
      [
       -82.458364,
       27.9473628
      ],
      [
       -82.4583617,
       27.9473741
      ],
      [
       -82.4583728,
       27.9473992
      ],
      [
       -82.4583808,
       27.9473969
      ],
      [
       -82.4583902,
       27.9474031
      ],
      [
       -82.458419,
       27.9473931
      ],
      [
       -82.4584201,
       27.9473827
      ],
      [
       -82.4584279,
       27.947389
      ],
      [
       -82.4584498,
       27.9473814
      ],
      [
       -82.4584552,
       27.947363
      ],
      [
       -82.4584564,
       27.9473771
      ],
      [
       -82.4584665,
       27.9473746
      ]
     ]
    ]
   },
   "properties": {
    "sheet": "01352_1889-0003",
    "building_id": "01352_1889-0003:block:4:bldg28",
    "block_id": "01352_1889-0003:block:4",
    "block_fid": 4,
    "block_number": "4",
    "text_inside": [
     "0",
     "1",
     "8\"",
     "0",
     "0"
    ],
    "numerals_inside": [
     "0",
     "1",
     "0",
     "0"
    ],
    "words_inside": [],
    "floors": null,
    "wash_rgb": [
     227,
     207,
     205
    ],
    "wash_chroma": 3.3,
    "wash_lightness_delta": -17.3,
    "hue_deg": 6,
    "material": null,
    "area_source_px2": 52784,
    "centroid_source_px": [
     4713,
     2595
    ],
    "orphan": false,
    "centroid_map": [
     356528.669,
     3092223.301
    ]
   }
  },
  {
   "type": "Feature",
   "geometry": {
    "type": "Polygon",
    "coordinates": [
     [
      [
       -82.4584821,
       27.9473691
      ],
      [
       -82.4585152,
       27.9473586
      ],
      [
       -82.4585191,
       27.9473547
      ],
      [
       -82.4585148,
       27.9473413
      ],
      [
       -82.458526,
       27.9473538
      ],
      [
       -82.4585567,
       27.9473431
      ],
      [
       -82.4585627,
       27.9473236
      ],
      [
       -82.4585454,
       27.9472856
      ],
      [
       -82.4585296,
       27.9472881
      ],
      [
       -82.4585417,
       27.9472774
      ],
      [
       -82.4585113,
       27.9472136
      ],
      [
       -82.4585036,
       27.9472153
      ],
      [
       -82.4584976,
       27.9472259
      ],
      [
       -82.4584894,
       27.9472212
      ],
      [
       -82.4584684,
       27.9472285
      ],
      [
       -82.4584697,
       27.947243
      ],
      [
       -82.4584591,
       27.9472318
      ],
      [
       -82.4584557,
       27.9472405
      ],
      [
       -82.4584507,
       27.9472357
      ],
      [
       -82.4584259,
       27.9472443
      ],
      [
       -82.4584194,
       27.9472551
      ],
      [
       -82.4584519,
       27.9473287
      ],
      [
       -82.4584615,
       27.9473288
      ],
      [
       -82.4584709,
       27.9473221
      ],
      [
       -82.4584974,
       27.9473133
      ],
      [
       -82.4584993,
       27.9473037
      ],
      [
       -82.4585051,
       27.9473167
      ],
      [
       -82.458496,
       27.9473178
      ],
      [
       -82.4584945,
       27.9473258
      ],
      [
       -82.4584991,
       27.9473287
      ],
      [
       -82.4584958,
       27.9473339
      ],
      [
       -82.4584885,
       27.9473364
      ],
      [
       -82.4584808,
       27.9473306
      ],
      [
       -82.4584665,
       27.9473311
      ],
      [
       -82.4584557,
       27.9473374
      ],
      [
       -82.4584679,
       27.9473651
      ],
      [
       -82.4584756,
       27.9473634
      ],
      [
       -82.4584821,
       27.9473691
      ]
     ]
    ]
   },
   "properties": {
    "sheet": "01352_1889-0003",
    "building_id": "01352_1889-0003:block:4:bldg29",
    "block_id": "01352_1889-0003:block:4",
    "block_fid": 4,
    "block_number": "4",
    "text_inside": [
     "0",
     "1",
     "BEING",
     "12\"",
     "W",
     "1",
     "0"
    ],
    "numerals_inside": [
     "0",
     "1",
     "1",
     "0"
    ],
    "words_inside": [
     "BEING"
    ],
    "floors": null,
    "wash_rgb": [
     228,
     210,
     206
    ],
    "wash_chroma": 2.8,
    "wash_lightness_delta": -15.4,
    "hue_deg": 10,
    "material": null,
    "area_source_px2": 53649,
    "centroid_source_px": [
     4509,
     2595
    ],
    "orphan": false,
    "centroid_map": [
     356518.838,
     3092219.58
    ]
   }
  },
  {
   "type": "Feature",
   "geometry": {
    "type": "Polygon",
    "coordinates": [
     [
      [
       -82.4589059,
       27.947218
      ],
      [
       -82.4589092,
       27.9472064
      ],
      [
       -82.4589054,
       27.9472042
      ],
      [
       -82.4589146,
       27.947197
      ],
      [
       -82.4589083,
       27.9471827
      ],
      [
       -82.458903,
       27.9471846
      ],
      [
       -82.4588893,
       27.9471779
      ],
      [
       -82.458876,
       27.947181
      ],
      [
       -82.4588905,
       27.9471729
      ],
      [
       -82.4588965,
       27.9471559
      ],
      [
       -82.4588892,
       27.9471419
      ],
      [
       -82.4588804,
       27.947145
      ],
      [
       -82.4588705,
       27.9471379
      ],
      [
       -82.4588325,
       27.9471512
      ],
      [
       -82.4588376,
       27.9471729
      ],
      [
       -82.4588283,
       27.9471556
      ],
      [
       -82.4588112,
       27.9471576
      ],
      [
       -82.4588254,
       27.9471492
      ],
      [
       -82.4588164,
       27.9471288
      ],
      [
       -82.4588085,
       27.9471351
      ],
      [
       -82.4588081,
       27.9471252
      ],
      [
       -82.4587986,
       27.9471265
      ],
      [
       -82.4587972,
       27.9471375
      ],
      [
       -82.4587893,
       27.9471413
      ],
      [
       -82.4587975,
       27.9471599
      ],
      [
       -82.4588052,
       27.9471607
      ],
      [
       -82.4587811,
       27.9471711
      ],
      [
       -82.4587848,
       27.9471808
      ],
      [
       -82.4587759,
       27.9471849
      ],
      [
       -82.4587993,
       27.9472327
      ],
      [
       -82.4588162,
       27.9472288
      ],
      [
       -82.4588131,
       27.9472334
      ],
      [
       -82.4588177,
       27.9472373
      ],
      [
       -82.4588135,
       27.9472457
      ],
      [
       -82.4588224,
       27.9472481
      ],
      [
       -82.4588615,
       27.9472335
      ],
      [
       -82.4588589,
       27.9472159
      ],
      [
       -82.4588703,
       27.9472304
      ],
      [
       -82.4589059,
       27.947218
      ]
     ]
    ]
   },
   "properties": {
    "sheet": "01352_1889-0003",
    "building_id": "01352_1889-0003:block:5:bldg30",
    "block_id": "01352_1889-0003:block:5",
    "block_fid": 6,
    "block_number": "5",
    "text_inside": [
     "2",
     "2",
     "1",
     "Sal",
     "x",
     "0",
     "1",
     "0"
    ],
    "numerals_inside": [
     "2",
     "2",
     "1",
     "0",
     "1",
     "0"
    ],
    "words_inside": [
     "Sal"
    ],
    "floors": null,
    "wash_rgb": [
     229,
     223,
     191
    ],
    "wash_chroma": 12.5,
    "wash_lightness_delta": -7.8,
    "hue_deg": 50,
    "material": null,
    "area_source_px2": 41871,
    "centroid_source_px": [
     3804,
     2556
    ],
    "orphan": false,
    "centroid_map": [
     356484.15,
     3092208.601
    ]
   }
  },
  {
   "type": "Feature",
   "geometry": {
    "type": "Polygon",
    "coordinates": [
     [
      [
       -82.4590875,
       27.9471388
      ],
      [
       -82.4590634,
       27.9470893
      ],
      [
       -82.4590317,
       27.9471003
      ],
      [
       -82.4590302,
       27.9471083
      ],
      [
       -82.4590234,
       27.9471032
      ],
      [
       -82.4589723,
       27.947125
      ],
      [
       -82.4589941,
       27.9471743
      ],
      [
       -82.4590039,
       27.9471724
      ],
      [
       -82.4590076,
       27.9471796
      ],
      [
       -82.4590365,
       27.9471686
      ],
      [
       -82.459029,
       27.9471567
      ],
      [
       -82.4590211,
       27.9471554
      ],
      [
       -82.4590171,
       27.9471653
      ],
      [
       -82.45901,
       27.9471633
      ],
      [
       -82.4590168,
       27.947157
      ],
      [
       -82.459011,
       27.9471515
      ],
      [
       -82.4590237,
       27.9471535
      ],
      [
       -82.4590263,
       27.9471481
      ],
      [
       -82.4590364,
       27.9471466
      ],
      [
       -82.4590431,
       27.9471403
      ],
      [
       -82.4590323,
       27.9471131
      ],
      [
       -82.459046,
       27.9471403
      ],
      [
       -82.4590756,
       27.947131
      ],
      [
       -82.4590706,
       27.9471412
      ],
      [
       -82.459075,
       27.9471462
      ],
      [
       -82.4590604,
       27.9471513
      ],
      [
       -82.4590638,
       27.947159
      ],
      [
       -82.4590811,
       27.947155
      ],
      [
       -82.4590875,
       27.9471388
      ]
     ]
    ]
   },
   "properties": {
    "sheet": "01352_1889-0003",
    "building_id": "01352_1889-0003:block:5:bldg31",
    "block_id": "01352_1889-0003:block:5",
    "block_fid": 6,
    "block_number": "5",
    "text_inside": [
     "1",
     "x",
     "West",
     "x"
    ],
    "numerals_inside": [
     "1"
    ],
    "words_inside": [
     "West"
    ],
    "floors": null,
    "wash_rgb": [
     228,
     221,
     188
    ],
    "wash_chroma": 13.1,
    "wash_lightness_delta": -9.3,
    "hue_deg": 50,
    "material": null,
    "area_source_px2": 21582,
    "centroid_source_px": [
     3434,
     2543
    ],
    "orphan": false,
    "centroid_map": [
     356466.082,
     3092202.478
    ]
   }
  },
  {
   "type": "Feature",
   "geometry": {
    "type": "Polygon",
    "coordinates": [
     [
      [
       -82.4600433,
       27.946776
      ],
      [
       -82.460032,
       27.9467579
      ],
      [
       -82.460026,
       27.9467635
      ],
      [
       -82.4600114,
       27.9467686
      ],
      [
       -82.4600066,
       27.9467668
      ],
      [
       -82.4600016,
       27.946772
      ],
      [
       -82.4599891,
       27.9467729
      ],
      [
       -82.4599831,
       27.9467784
      ],
      [
       -82.4599443,
       27.94679
      ],
      [
       -82.4599443,
       27.946781
      ],
      [
       -82.4599366,
       27.9467777
      ],
      [
       -82.4599827,
       27.9467611
      ],
      [
       -82.4599912,
       27.9467636
      ],
      [
       -82.4599932,
       27.946758
      ],
      [
       -82.46,
       27.9467596
      ],
      [
       -82.4600288,
       27.9467431
      ],
      [
       -82.4599874,
       27.9466545
      ],
      [
       -82.459883,
       27.9466894
      ],
      [
       -82.4599405,
       27.9466654
      ],
      [
       -82.4599192,
       27.9466199
      ],
      [
       -82.4596939,
       27.9466993
      ],
      [
       -82.4597026,
       27.9467063
      ],
      [
       -82.4596939,
       27.9467133
      ],
      [
       -82.4597055,
       27.9467397
      ],
      [
       -82.4597103,
       27.9467391
      ],
      [
       -82.4597134,
       27.9467295
      ],
      [
       -82.4597161,
       27.9467445
      ],
      [
       -82.4597442,
       27.9467368
      ],
      [
       -82.4597247,
       27.946745
      ],
      [
       -82.4597255,
       27.9467583
      ],
      [
       -82.4597162,
       27.946764
      ],
      [
       -82.4597498,
       27.9468297
      ],
      [
       -82.4597587,
       27.9468576
      ],
      [
       -82.4597821,
       27.9468494
      ],
      [
       -82.4597796,
       27.9468578
      ],
      [
       -82.4597848,
       27.946867
      ],
      [
       -82.4600433,
       27.946776
      ]
     ]
    ]
   },
   "properties": {
    "sheet": "01352_1889-0003",
    "building_id": "01352_1889-0003:block:fid5:bldg32",
    "block_id": null,
    "block_fid": 5,
    "block_number": null,
    "text_inside": [
     "COMMERCIAL Co. W.Ho.",
     "x",
     "x"
    ],
    "numerals_inside": [],
    "words_inside": [
     "COMMERCIAL Co. W.Ho."
    ],
    "floors": null,
    "wash_rgb": [
     230,
     224,
     191
    ],
    "wash_chroma": 12.9,
    "wash_lightness_delta": -7.0,
    "hue_deg": 50,
    "material": null,
    "area_source_px2": 206343,
    "centroid_source_px": [
     1640,
     2751
    ],
    "orphan": true,
    "orphan_because": "its block was rejected, split away or never traced",
    "centroid_map": [
     356383.418,
     3092159.733
    ]
   }
  },
  {
   "type": "Feature",
   "geometry": {
    "type": "Polygon",
    "coordinates": [
     [
      [
       -82.4583026,
       27.9472238
      ],
      [
       -82.4583074,
       27.9472232
      ],
      [
       -82.4583111,
       27.9472124
      ],
      [
       -82.4583112,
       27.9472228
      ],
      [
       -82.4583155,
       27.9472248
      ],
      [
       -82.4583468,
       27.9472129
      ],
      [
       -82.4583334,
       27.9471776
      ],
      [
       -82.4583475,
       27.9471827
      ],
      [
       -82.4583525,
       27.9471775
      ],
      [
       -82.4583526,
       27.9471689
      ],
      [
       -82.4583455,
       27.9471694
      ],
      [
       -82.4583431,
       27.9471613
      ],
      [
       -82.4583389,
       27.9471607
      ],
      [
       -82.4583319,
       27.9471717
      ],
      [
       -82.4583228,
       27.9471599
      ],
      [
       -82.4582969,
       27.9471689
      ],
      [
       -82.4582937,
       27.9471755
      ],
      [
       -82.4582967,
       27.9471799
      ],
      [
       -82.4582904,
       27.9471796
      ],
      [
       -82.4582879,
       27.947174
      ],
      [
       -82.4582816,
       27.9471762
      ],
      [
       -82.4583026,
       27.9472238
      ]
     ]
    ]
   },
   "properties": {
    "sheet": "01352_1889-0003",
    "building_id": "01352_1889-0003:block:4:bldg33",
    "block_id": "01352_1889-0003:block:4",
    "block_fid": 4,
    "block_number": "4",
    "text_inside": [
     "7",
     "x",
     "x"
    ],
    "numerals_inside": [
     "7"
    ],
    "words_inside": [],
    "floors": null,
    "wash_rgb": [
     230,
     224,
     192
    ],
    "wash_chroma": 12.2,
    "wash_lightness_delta": -6.9,
    "hue_deg": 50,
    "material": null,
    "area_source_px2": 11797,
    "centroid_source_px": [
     4741,
     2917
    ],
    "orphan": false,
    "centroid_map": [
     356535.892,
     3092208.293
    ]
   }
  },
  {
   "type": "Feature",
   "geometry": {
    "type": "Polygon",
    "coordinates": [
     [
      [
       -82.4584347,
       27.9471713
      ],
      [
       -82.458441,
       27.9471551
      ],
      [
       -82.4584377,
       27.9471488
      ],
      [
       -82.4584103,
       27.9471543
      ],
      [
       -82.4584045,
       27.9471629
      ],
      [
       -82.4584024,
       27.9471581
      ],
      [
       -82.4583947,
       27.9471573
      ],
      [
       -82.4583987,
       27.9471419
      ],
      [
       -82.4584146,
       27.9471449
      ],
      [
       -82.4584321,
       27.9471348
      ],
      [
       -82.4584256,
       27.9471201
      ],
      [
       -82.4584125,
       27.9471211
      ],
      [
       -82.4584126,
       27.9471136
      ],
      [
       -82.458352,
       27.9471357
      ],
      [
       -82.4583791,
       27.9471907
      ],
      [
       -82.4584347,
       27.9471713
      ]
     ]
    ]
   },
   "properties": {
    "sheet": "01352_1889-0003",
    "building_id": "01352_1889-0003:block:4:bldg34",
    "block_id": "01352_1889-0003:block:4",
    "block_fid": 4,
    "block_number": "4",
    "text_inside": [
     "Dm's",
     "0"
    ],
    "numerals_inside": [
     "0"
    ],
    "words_inside": [
     "Dm's"
    ],
    "floors": null,
    "wash_rgb": [
     230,
     223,
     190
    ],
    "wash_chroma": 13.2,
    "wash_lightness_delta": -7.6,
    "hue_deg": 50,
    "material": null,
    "area_source_px2": 15432,
    "centroid_source_px": [
     4575,
     2942
    ],
    "orphan": false,
    "centroid_map": [
     356528.348,
     3092204.061
    ]
   }
  },
  {
   "type": "Feature",
   "geometry": {
    "type": "Polygon",
    "coordinates": [
     [
      [
       -82.4578944,
       27.947321
      ],
      [
       -82.4579402,
       27.9473051
      ],
      [
       -82.4579427,
       27.9473017
      ],
      [
       -82.4579368,
       27.9472973
      ],
      [
       -82.4579366,
       27.9472904
      ],
      [
       -82.4579476,
       27.9472885
      ],
      [
       -82.4579569,
       27.9472983
      ],
      [
       -82.45797,
       27.9472947
      ],
      [
       -82.4579743,
       27.9472867
      ],
      [
       -82.4579842,
       27.9472888
      ],
      [
       -82.4580648,
       27.9472572
      ],
      [
       -82.4580573,
       27.9472403
      ],
      [
       -82.4580457,
       27.9472369
      ],
      [
       -82.4580444,
       27.9472313
      ],
      [
       -82.4580516,
       27.9472273
      ],
      [
       -82.4580478,
       27.9472162
      ],
      [
       -82.4580594,
       27.9472131
      ],
      [
       -82.4580573,
       27.9472059
      ],
      [
       -82.4580301,
       27.9472143
      ],
      [
       -82.4580417,
       27.9472063
      ],
      [
       -82.4580215,
       27.9471629
      ],
      [
       -82.4579362,
       27.9471916
      ],
      [
       -82.4580186,
       27.9471564
      ],
      [
       -82.4580161,
       27.9471508
      ],
      [
       -82.4580023,
       27.9471436
      ],
      [
       -82.4580115,
       27.9471404
      ],
      [
       -82.4580065,
       27.9471291
      ],
      [
       -82.4579938,
       27.9471271
      ],
      [
       -82.4580016,
       27.9471179
      ],
      [
       -82.457987,
       27.9471179
      ],
      [
       -82.4579992,
       27.9471062
      ],
      [
       -82.4579941,
       27.9471035
      ],
      [
       -82.4579747,
       27.9470648
      ],
      [
       -82.457869,
       27.9471031
      ],
      [
       -82.4578722,
       27.9471154
      ],
      [
       -82.4578688,
       27.9471191
      ],
      [
       -82.4578733,
       27.9471281
      ],
      [
       -82.45788,
       27.9471267
      ],
      [
       -82.4578836,
       27.947117
      ],
      [
       -82.4578896,
       27.9471164
      ],
      [
       -82.4578833,
       27.9471291
      ],
      [
       -82.457889,
       27.9471316
      ],
      [
       -82.4578802,
       27.9471386
      ],
      [
       -82.4578918,
       27.9471596
      ],
      [
       -82.4578829,
       27.9471562
      ],
      [
       -82.457886,
       27.9471516
      ],
      [
       -82.4578804,
       27.9471441
      ],
      [
       -82.4578706,
       27.9471475
      ],
      [
       -82.4578678,
       27.947155
      ],
      [
       -82.4578666,
       27.9471359
      ],
      [
       -82.4578622,
       27.9471334
      ],
      [
       -82.4578366,
       27.9471443
      ],
      [
       -82.4578203,
       27.947162
      ],
      [
       -82.4578271,
       27.9471661
      ],
      [
       -82.457852,
       27.9471575
      ],
      [
       -82.457861,
       27.9471638
      ],
      [
       -82.4578581,
       27.9471688
      ],
      [
       -82.4578606,
       27.9471769
      ],
      [
       -82.4578367,
       27.9471853
      ],
      [
       -82.4578363,
       27.9471959
      ],
      [
       -82.457828,
       27.9471988
      ],
      [
       -82.4578342,
       27.9472126
      ],
      [
       -82.4578474,
       27.947207
      ],
      [
       -82.4578458,
       27.9471981
      ],
      [
       -82.4579105,
       27.9471766
      ],
      [
       -82.4579059,
       27.9471827
      ],
      [
       -82.4579097,
       27.9471863
      ],
      [
       -82.457898,
       27.9472004
      ],
      [
       -82.4579024,
       27.9472028
      ],
      [
       -82.4579182,
       27.9471978
      ],
      [
       -82.4579037,
       27.9472059
      ],
      [
       -82.4579072,
       27.9472187
      ],
      [
       -82.4579014,
       27.9472172
      ],
      [
       -82.4578974,
       27.9472221
      ],
      [
       -82.4578879,
       27.9472134
      ],
      [
       -82.457877,
       27.9472142
      ],
      [
       -82.4578539,
       27.9472242
      ],
      [
       -82.4578543,
       27.9472341
      ],
      [
       -82.4578454,
       27.9472382
      ],
      [
       -82.4578556,
       27.9472611
      ],
      [
       -82.4578735,
       27.9472559
      ],
      [
       -82.457869,
       27.9472609
      ],
      [
       -82.4578736,
       27.9472638
      ],
      [
       -82.4578713,
       27.9472686
      ],
      [
       -82.457877,
       27.9472816
      ],
      [
       -82.4578682,
       27.9472872
      ],
      [
       -82.4578812,
       27.9473166
      ],
      [
       -82.4578858,
       27.9473155
      ],
      [
       -82.4578889,
       27.9473035
      ],
      [
       -82.4578942,
       27.9473026
      ],
      [
       -82.4578904,
       27.9473094
      ],
      [
       -82.4578958,
       27.947314
      ],
      [
       -82.4578944,
       27.947321
      ]
     ]
    ]
   },
   "properties": {
    "sheet": "01352_1889-0003",
    "building_id": "01352_1889-0003:block:4:bldg35",
    "block_id": "01352_1889-0003:block:4",
    "block_fid": 4,
    "block_number": "4",
    "text_inside": [
     "W",
     "2",
     "0",
     "Vac.",
     "2",
     "0",
     "U"
    ],
    "numerals_inside": [
     "2",
     "0",
     "2",
     "0"
    ],
    "words_inside": [
     "Vac."
    ],
    "floors": null,
    "wash_rgb": [
     227,
     208,
     205
    ],
    "wash_chroma": 3.0,
    "wash_lightness_delta": -16.9,
    "hue_deg": 8,
    "material": null,
    "area_source_px2": 139338,
    "centroid_source_px": [
     5397,
     3169
    ],
    "orphan": false,
    "centroid_map": [
     356572.102,
     3092208.114
    ]
   }
  },
  {
   "type": "Feature",
   "geometry": {
    "type": "Polygon",
    "coordinates": [
     [
      [
       -82.4577911,
       27.9471202
      ],
      [
       -82.4577982,
       27.9471147
      ],
      [
       -82.4577948,
       27.9471095
      ],
      [
       -82.4578052,
       27.9471038
      ],
      [
       -82.4578023,
       27.9471123
      ],
      [
       -82.4578096,
       27.9471213
      ],
      [
       -82.4578698,
       27.9470983
      ],
      [
       -82.4578637,
       27.947091
      ],
      [
       -82.4578673,
       27.9470852
      ],
      [
       -82.4578514,
       27.9470543
      ],
      [
       -82.4578477,
       27.9470535
      ],
      [
       -82.4578441,
       27.9470618
      ],
      [
       -82.4578514,
       27.9470733
      ],
      [
       -82.4578329,
       27.9470787
      ],
      [
       -82.4578306,
       27.947067
      ],
      [
       -82.4578218,
       27.9470611
      ],
      [
       -82.4578149,
       27.947067
      ],
      [
       -82.4578155,
       27.9470723
      ],
      [
       -82.457786,
       27.9470845
      ],
      [
       -82.4577893,
       27.9470919
      ],
      [
       -82.4577804,
       27.9470985
      ],
      [
       -82.4577911,
       27.9471202
      ]
     ]
    ]
   },
   "properties": {
    "sheet": "01352_1889-0003",
    "building_id": "01352_1889-0003:block:4:bldg36",
    "block_id": "01352_1889-0003:block:4",
    "block_fid": 4,
    "block_number": "4",
    "text_inside": [
     "2"
    ],
    "numerals_inside": [
     "2"
    ],
    "words_inside": [],
    "floors": null,
    "wash_rgb": [
     225,
     206,
     204
    ],
    "wash_chroma": 2.9,
    "wash_lightness_delta": -18.4,
    "hue_deg": 6,
    "material": null,
    "area_source_px2": 13062,
    "centroid_source_px": [
     5539,
     3459
    ],
    "orphan": false,
    "centroid_map": [
     356584.235,
     3092196.728
    ]
   }
  },
  {
   "type": "Feature",
   "geometry": {
    "type": "Polygon",
    "coordinates": [
     [
      [
       -82.4578879,
       27.947091
      ],
      [
       -82.4579642,
       27.9470625
      ],
      [
       -82.4579632,
       27.9470553
      ],
      [
       -82.4579709,
       27.9470536
      ],
      [
       -82.4579635,
       27.9470367
      ],
      [
       -82.4579556,
       27.9470405
      ],
      [
       -82.4579527,
       27.947034
      ],
      [
       -82.4579606,
       27.9470302
      ],
      [
       -82.4579549,
       27.9470172
      ],
      [
       -82.4579424,
       27.9470171
      ],
      [
       -82.4579437,
       27.9470111
      ],
      [
       -82.4579507,
       27.9470077
      ],
      [
       -82.4579478,
       27.9470012
      ],
      [
       -82.4579343,
       27.9469949
      ],
      [
       -82.4579432,
       27.9469908
      ],
      [
       -82.4579292,
       27.9469617
      ],
      [
       -82.4578737,
       27.9469811
      ],
      [
       -82.4578714,
       27.9469849
      ],
      [
       -82.4578758,
       27.9469973
      ],
      [
       -82.4578692,
       27.9469951
      ],
      [
       -82.4578657,
       27.9469988
      ],
      [
       -82.4578554,
       27.9469894
      ],
      [
       -82.4578441,
       27.9469944
      ],
      [
       -82.4578517,
       27.9470002
      ],
      [
       -82.4578478,
       27.9470156
      ],
      [
       -82.4578578,
       27.947042
      ],
      [
       -82.4578691,
       27.9470446
      ],
      [
       -82.4578647,
       27.9470486
      ],
      [
       -82.4578734,
       27.9470581
      ],
      [
       -82.4578689,
       27.9470671
      ],
      [
       -82.4578777,
       27.9470871
      ],
      [
       -82.4578841,
       27.9470849
      ],
      [
       -82.4578879,
       27.947091
      ]
     ]
    ]
   },
   "properties": {
    "sheet": "01352_1889-0003",
    "building_id": "01352_1889-0003:block:4:bldg37",
    "block_id": "01352_1889-0003:block:4",
    "block_fid": 4,
    "block_number": "4",
    "text_inside": [
     "T",
     "BEING",
     "F"
    ],
    "numerals_inside": [],
    "words_inside": [
     "BEING"
    ],
    "floors": null,
    "wash_rgb": [
     227,
     207,
     205
    ],
    "wash_chroma": 3.3,
    "wash_lightness_delta": -17.2,
    "hue_deg": 6,
    "material": null,
    "area_source_px2": 40200,
    "centroid_source_px": [
     5344,
     3530
    ],
    "orphan": false,
    "centroid_map": [
     356576.133,
     3092189.75
    ]
   }
  },
  {
   "type": "Feature",
   "geometry": {
    "type": "Polygon",
    "coordinates": [
     [
      [
       -82.4582525,
       27.9469231
      ],
      [
       -82.4582581,
       27.9469256
      ],
      [
       -82.4582675,
       27.9469214
      ],
      [
       -82.458264,
       27.9469161
      ],
      [
       -82.4582743,
       27.9469125
      ],
      [
       -82.4582811,
       27.9469166
      ],
      [
       -82.4583429,
       27.9468946
      ],
      [
       -82.4583433,
       27.9468829
      ],
      [
       -82.4583352,
       27.9468773
      ],
      [
       -82.458326,
       27.946878
      ],
      [
       -82.4583022,
       27.9468878
      ],
      [
       -82.4582914,
       27.9468965
      ],
      [
       -82.4582896,
       27.9469027
      ],
      [
       -82.4582812,
       27.9468951
      ],
      [
       -82.4582505,
       27.9469058
      ],
      [
       -82.4582471,
       27.946911
      ],
      [
       -82.4582525,
       27.9469231
      ]
     ]
    ]
   },
   "properties": {
    "sheet": "01352_1889-0003",
    "building_id": "01352_1889-0003:block:4:bldg38",
    "block_id": "01352_1889-0003:block:4",
    "block_fid": 4,
    "block_number": "4",
    "text_inside": [
     "TAMPA TRIBUNE"
    ],
    "numerals_inside": [],
    "words_inside": [
     "TAMPA TRIBUNE"
    ],
    "floors": null,
    "wash_rgb": [
     160,
     186,
     178
    ],
    "wash_chroma": 6.5,
    "wash_lightness_delta": -46.3,
    "hue_deg": 162,
    "material": null,
    "area_source_px2": 7353,
    "centroid_source_px": [
     4547,
     3514
    ],
    "orphan": false,
    "centroid_map": [
     356537.431,
     3092175.984
    ]
   }
  },
  {
   "type": "Feature",
   "geometry": {
    "type": "Polygon",
    "coordinates": [
     [
      [
       -82.4578501,
       27.9470462
      ],
      [
       -82.4578362,
       27.9470121
      ],
      [
       -82.4578308,
       27.9470075
      ],
      [
       -82.4578254,
       27.9470094
      ],
      [
       -82.4578198,
       27.9470018
      ],
      [
       -82.4577602,
       27.9470236
      ],
      [
       -82.4577643,
       27.9470327
      ],
      [
       -82.4577535,
       27.9470389
      ],
      [
       -82.4577722,
       27.9470724
      ],
      [
       -82.457776,
       27.9470695
      ],
      [
       -82.4577702,
       27.9470601
      ],
      [
       -82.4577722,
       27.9470559
      ],
      [
       -82.4577836,
       27.9470509
      ],
      [
       -82.4577803,
       27.9470575
      ],
      [
       -82.4577857,
       27.9470672
      ],
      [
       -82.4578043,
       27.9470597
      ],
      [
       -82.4578141,
       27.9470628
      ],
      [
       -82.4578388,
       27.9470562
      ],
      [
       -82.4578501,
       27.9470462
      ]
     ]
    ]
   },
   "properties": {
    "sheet": "01352_1889-0003",
    "building_id": "01352_1889-0003:block:4:bldg39",
    "block_id": "01352_1889-0003:block:4",
    "block_fid": 4,
    "block_number": "4",
    "text_inside": [
     "2"
    ],
    "numerals_inside": [
     "2"
    ],
    "words_inside": [],
    "floors": null,
    "wash_rgb": [
     225,
     207,
     204
    ],
    "wash_chroma": 3.0,
    "wash_lightness_delta": -18.1,
    "hue_deg": 8,
    "material": null,
    "area_source_px2": 16698,
    "centroid_source_px": [
     5538,
     3591
    ],
    "orphan": false,
    "centroid_map": [
     356586.595,
     3092190.348
    ]
   }
  },
  {
   "type": "Feature",
   "geometry": {
    "type": "Polygon",
    "coordinates": [
     [
      [
       -82.4582213,
       27.9468575
      ],
      [
       -82.4582334,
       27.9468748
      ],
      [
       -82.4582357,
       27.9468635
      ],
      [
       -82.4582775,
       27.9468509
      ],
      [
       -82.4582832,
       27.9468524
      ],
      [
       -82.4582877,
       27.9468474
      ],
      [
       -82.4582934,
       27.9468489
      ],
      [
       -82.4583265,
       27.9468309
      ],
      [
       -82.4583215,
       27.9468246
      ],
      [
       -82.4583127,
       27.9468237
      ],
      [
       -82.4582213,
       27.9468575
      ]
     ]
    ]
   },
   "properties": {
    "sheet": "01352_1889-0003",
    "building_id": "01352_1889-0003:block:4:bldg40",
    "block_id": "01352_1889-0003:block:4",
    "block_fid": 4,
    "block_number": "4",
    "text_inside": [
     "X"
    ],
    "numerals_inside": [],
    "words_inside": [],
    "floors": null,
    "wash_rgb": [
     151,
     179,
     169
    ],
    "wash_chroma": 7.4,
    "wash_lightness_delta": -53.0,
    "hue_deg": 158,
    "material": null,
    "area_source_px2": 5801,
    "centroid_source_px": [
     4550,
     3641
    ],
    "orphan": false,
    "centroid_map": [
     356539.892,
     3092169.918
    ]
   }
  },
  {
   "type": "Feature",
   "geometry": {
    "type": "Polygon",
    "coordinates": [
     [
      [
       -82.4597443,
       27.9463346
      ],
      [
       -82.4597456,
       27.9463286
      ],
      [
       -82.4596817,
       27.946208
      ],
      [
       -82.4596771,
       27.9462066
      ],
      [
       -82.4596707,
       27.9462139
      ],
      [
       -82.4597366,
       27.9463363
      ],
      [
       -82.4597443,
       27.9463346
      ]
     ]
    ]
   },
   "properties": {
    "sheet": "01352_1889-0003",
    "building_id": "01352_1889-0003:block:fid7:bldg41",
    "block_id": "01352_1889-0003:block:fid7",
    "block_fid": 7,
    "block_number": null,
    "text_inside": [],
    "numerals_inside": [],
    "words_inside": [],
    "floors": null,
    "wash_rgb": [
     226,
     226,
     218
    ],
    "wash_chroma": 0.0,
    "wash_lightness_delta": -4.5,
    "hue_deg": 60,
    "material": null,
    "area_source_px2": 7037,
    "centroid_source_px": [
     1547,
     3786
    ],
    "orphan": false,
    "centroid_map": [
     356397.814,
     3092108.157
    ]
   }
  },
  {
   "type": "Feature",
   "geometry": {
    "type": "Polygon",
    "coordinates": [
     [
      [
       -82.4576764,
       27.9468859
      ],
      [
       -82.457703,
       27.9469346
      ],
      [
       -82.4580565,
       27.9467925
      ],
      [
       -82.4580488,
       27.9467802
      ],
      [
       -82.4580403,
       27.9467852
      ],
      [
       -82.4580346,
       27.9467837
      ],
      [
       -82.4580137,
       27.9467964
      ],
      [
       -82.4580069,
       27.9467948
      ],
      [
       -82.4579996,
       27.9468089
      ],
      [
       -82.4579869,
       27.9468018
      ],
      [
       -82.4579947,
       27.9467916
      ],
      [
       -82.4580095,
       27.9467894
      ],
      [
       -82.4580161,
       27.9467826
      ],
      [
       -82.4580121,
       27.94678
      ],
      [
       -82.4579236,
       27.9468063
      ],
      [
       -82.4578632,
       27.9468339
      ],
      [
       -82.4577881,
       27.946856
      ],
      [
       -82.4577274,
       27.9468856
      ],
      [
       -82.4576764,
       27.9468859
      ]
     ]
    ]
   },
   "properties": {
    "sheet": "01352_1889-0003",
    "building_id": "01352_1889-0003:block:fid9:bldg42",
    "block_id": null,
    "block_fid": 9,
    "block_number": null,
    "text_inside": [
     "Creek."
    ],
    "numerals_inside": [],
    "words_inside": [
     "Creek."
    ],
    "floors": null,
    "wash_rgb": [
     184,
     205,
     209
    ],
    "wash_chroma": 3.7,
    "wash_lightness_delta": -26.9,
    "hue_deg": 190,
    "material": null,
    "area_source_px2": 53487,
    "centroid_source_px": [
     5322,
     3915
    ],
    "orphan": true,
    "orphan_because": "its block was rejected, split away or never traced",
    "centroid_map": [
     356582.095,
     3092170.794
    ]
   }
  },
  {
   "type": "Feature",
   "geometry": {
    "type": "Polygon",
    "coordinates": [
     [
      [
       -82.45903,
       27.9464545
      ],
      [
       -82.4590118,
       27.9464299
      ],
      [
       -82.4588987,
       27.9464757
      ],
      [
       -82.4586133,
       27.9465746
      ],
      [
       -82.4585251,
       27.9466003
      ],
      [
       -82.4585086,
       27.9466101
      ],
      [
       -82.4585202,
       27.9466275
      ],
      [
       -82.4585973,
       27.9466072
      ],
      [
       -82.4587567,
       27.9465516
      ],
      [
       -82.4589056,
       27.9465053
      ],
      [
       -82.45903,
       27.9464545
      ]
     ]
    ]
   },
   "properties": {
    "sheet": "01352_1889-0003",
    "building_id": "01352_1889-0003:block:fid8:bldg43",
    "block_id": null,
    "block_fid": 8,
    "block_number": null,
    "text_inside": [],
    "numerals_inside": [],
    "words_inside": [],
    "floors": null,
    "wash_rgb": [
     183,
     203,
     208
    ],
    "wash_chroma": 3.5,
    "wash_lightness_delta": -28.2,
    "hue_deg": 192,
    "material": null,
    "area_source_px2": 59596,
    "centroid_source_px": [
     3404,
     3919
    ],
    "orphan": true,
    "orphan_because": "its block was rejected, split away or never traced",
    "centroid_map": [
     356489.734,
     3092135.618
    ]
   }
  },
  {
   "type": "Feature",
   "geometry": {
    "type": "Polygon",
    "coordinates": [
     [
      [
       -82.4582881,
       27.9467184
      ],
      [
       -82.4582658,
       27.9466767
      ],
      [
       -82.4582315,
       27.9467011
      ],
      [
       -82.4582086,
       27.9467091
      ],
      [
       -82.458154,
       27.9467166
      ],
      [
       -82.4580986,
       27.9467339
      ],
      [
       -82.4580352,
       27.9467685
      ],
      [
       -82.4580319,
       27.9467751
      ],
      [
       -82.458035,
       27.9467795
      ],
      [
       -82.4580425,
       27.9467799
      ],
      [
       -82.4580465,
       27.94677
      ],
      [
       -82.4580519,
       27.9467707
      ],
      [
       -82.4580628,
       27.9467623
      ],
      [
       -82.4580683,
       27.9467644
      ],
      [
       -82.4580653,
       27.9467795
      ],
      [
       -82.4580516,
       27.9467917
      ],
      [
       -82.4580559,
       27.9467937
      ],
      [
       -82.458178,
       27.9467467
      ],
      [
       -82.4582752,
       27.9467248
      ],
      [
       -82.4582881,
       27.9467184
      ]
     ]
    ]
   },
   "properties": {
    "sheet": "01352_1889-0003",
    "building_id": "01352_1889-0003:block:fid9:bldg44",
    "block_id": null,
    "block_fid": 9,
    "block_number": null,
    "text_inside": [],
    "numerals_inside": [],
    "words_inside": [],
    "floors": null,
    "wash_rgb": [
     181,
     203,
     208
    ],
    "wash_chroma": 4.2,
    "wash_lightness_delta": -28.5,
    "hue_deg": 192,
    "material": null,
    "area_source_px2": 35595,
    "centroid_source_px": [
     4648,
     3937
    ],
    "orphan": true,
    "orphan_because": "its block was rejected, split away or never traced",
    "centroid_map": [
     356550.014,
     3092157.44
    ]
   }
  },
  {
   "type": "Feature",
   "geometry": {
    "type": "Polygon",
    "coordinates": [
     [
      [
       -82.4592321,
       27.9463671
      ],
      [
       -82.4592502,
       27.9463608
      ],
      [
       -82.4592471,
       27.9463679
      ],
      [
       -82.4592534,
       27.9463797
      ],
      [
       -82.4594539,
       27.9462909
      ],
      [
       -82.4594027,
       27.9461968
      ],
      [
       -82.4592006,
       27.9462842
      ],
      [
       -82.4592064,
       27.9462922
      ],
      [
       -82.4591964,
       27.9462976
      ],
      [
       -82.4592097,
       27.946324
      ],
      [
       -82.4592195,
       27.946327
      ],
      [
       -82.4592317,
       27.9463228
      ],
      [
       -82.4592409,
       27.9463066
      ],
      [
       -82.4592488,
       27.9463118
      ],
      [
       -82.459254,
       27.9463095
      ],
      [
       -82.459264,
       27.9463131
      ],
      [
       -82.459243,
       27.9463204
      ],
      [
       -82.4592382,
       27.946326
      ],
      [
       -82.4592307,
       27.9463256
      ],
      [
       -82.4592274,
       27.9463308
      ],
      [
       -82.4592155,
       27.9463319
      ],
      [
       -82.4592321,
       27.9463671
      ]
     ]
    ]
   },
   "properties": {
    "sheet": "01352_1889-0003",
    "building_id": "01352_1889-0003:block:fid10:bldg45",
    "block_id": "01352_1889-0003:block:fid10",
    "block_fid": 10,
    "block_number": null,
    "text_inside": [
     "2",
     "Gen't Storage."
    ],
    "numerals_inside": [
     "2"
    ],
    "words_inside": [
     "Gen't Storage."
    ],
    "floors": null,
    "wash_rgb": [
     230,
     224,
     193
    ],
    "wash_chroma": 11.9,
    "wash_lightness_delta": -6.7,
    "hue_deg": 50,
    "material": null,
    "area_source_px2": 99091,
    "centroid_source_px": [
     2237,
     4023
    ],
    "orphan": false,
    "centroid_map": [
     356435.39,
     3092109.32
    ]
   }
  },
  {
   "type": "Feature",
   "geometry": {
    "type": "Polygon",
    "coordinates": [
     [
      [
       -82.4591257,
       27.9462878
      ],
      [
       -82.4591326,
       27.9462844
      ],
      [
       -82.45914,
       27.9462948
      ],
      [
       -82.459151,
       27.9462929
      ],
      [
       -82.459321,
       27.9462168
      ],
      [
       -82.4592933,
       27.946163
      ],
      [
       -82.45928,
       27.9461621
      ],
      [
       -82.4592885,
       27.9461546
      ],
      [
       -82.4592567,
       27.9460993
      ],
      [
       -82.4592423,
       27.9461023
      ],
      [
       -82.4590773,
       27.9461757
      ],
      [
       -82.4590806,
       27.9461831
      ],
      [
       -82.4590726,
       27.9461894
      ],
      [
       -82.4590966,
       27.9462335
      ],
      [
       -82.4591576,
       27.9462122
      ],
      [
       -82.4591497,
       27.946202
      ],
      [
       -82.4591515,
       27.9461959
      ],
      [
       -82.4591454,
       27.946195
      ],
      [
       -82.4591457,
       27.9461904
      ],
      [
       -82.4591384,
       27.9461854
      ],
      [
       -82.4591422,
       27.9461801
      ],
      [
       -82.459158,
       27.9461851
      ],
      [
       -82.4591624,
       27.9461901
      ],
      [
       -82.4591568,
       27.9461965
      ],
      [
       -82.4591628,
       27.9462049
      ],
      [
       -82.4591754,
       27.946208
      ],
      [
       -82.4591729,
       27.9462114
      ],
      [
       -82.4591786,
       27.9462154
      ],
      [
       -82.4591606,
       27.9462152
      ],
      [
       -82.4591488,
       27.9462218
      ],
      [
       -82.4591496,
       27.94623
      ],
      [
       -82.4591065,
       27.9462495
      ],
      [
       -82.4591257,
       27.9462878
      ]
     ]
    ]
   },
   "properties": {
    "sheet": "01352_1889-0003",
    "building_id": "01352_1889-0003:block:fid10:bldg46",
    "block_id": "01352_1889-0003:block:fid10",
    "block_fid": 10,
    "block_number": null,
    "text_inside": [
     "3",
     "Gen't W.Ho"
    ],
    "numerals_inside": [
     "3"
    ],
    "words_inside": [
     "Gen't W.Ho"
    ],
    "floors": null,
    "wash_rgb": [
     231,
     224,
     192
    ],
    "wash_chroma": 12.8,
    "wash_lightness_delta": -6.5,
    "hue_deg": 50,
    "material": null,
    "area_source_px2": 108904,
    "centroid_source_px": [
     2392,
     4297
    ],
    "orphan": false,
    "centroid_map": [
     356447.857,
     3092098.943
    ]
   }
  },
  {
   "type": "Feature",
   "geometry": {
    "type": "Polygon",
    "coordinates": [
     [
      [
       -82.4587549,
       27.9464264
      ],
      [
       -82.4589428,
       27.9463615
      ],
      [
       -82.458944,
       27.9463541
      ],
      [
       -82.4589233,
       27.9463098
      ],
      [
       -82.4588885,
       27.9463189
      ],
      [
       -82.4587423,
       27.9463738
      ],
      [
       -82.4587331,
       27.9463581
      ],
      [
       -82.4587264,
       27.9463569
      ],
      [
       -82.458724,
       27.9463603
      ],
      [
       -82.4587549,
       27.9464264
      ]
     ]
    ]
   },
   "properties": {
    "sheet": "01352_1889-0003",
    "building_id": "01352_1889-0003:block:6:bldg47",
    "block_id": "01352_1889-0003:block:6",
    "block_fid": 12,
    "block_number": "6",
    "text_inside": [],
    "numerals_inside": [],
    "words_inside": [],
    "floors": null,
    "wash_rgb": [
     230,
     229,
     221
    ],
    "wash_chroma": 0.2,
    "wash_lightness_delta": -1.8,
    "hue_deg": 54,
    "material": null,
    "area_source_px2": 47346,
    "centroid_source_px": [
     3170,
     4203
    ],
    "orphan": false,
    "centroid_map": [
     356483.637,
     3092117.663
    ]
   }
  },
  {
   "type": "Feature",
   "geometry": {
    "type": "Polygon",
    "coordinates": [
     [
      [
       -82.4579917,
       27.9466892
      ],
      [
       -82.4579916,
       27.9466838
      ],
      [
       -82.4579821,
       27.946684
      ],
      [
       -82.4579837,
       27.9466735
      ],
      [
       -82.4579749,
       27.9466626
      ],
      [
       -82.4579702,
       27.9466622
      ],
      [
       -82.4579622,
       27.9466745
      ],
      [
       -82.4579453,
       27.9466439
      ],
      [
       -82.4579509,
       27.94664
      ],
      [
       -82.4579616,
       27.9466427
      ],
      [
       -82.4579655,
       27.9466274
      ],
      [
       -82.4579177,
       27.9466451
      ],
      [
       -82.4579414,
       27.9466962
      ],
      [
       -82.4579525,
       27.9466909
      ],
      [
       -82.4579538,
       27.9466989
      ],
      [
       -82.4579719,
       27.9466991
      ],
      [
       -82.4579917,
       27.9466892
      ]
     ]
    ]
   },
   "properties": {
    "sheet": "01352_1889-0003",
    "building_id": "01352_1889-0003:block:7:bldg48",
    "block_id": "01352_1889-0003:block:7",
    "block_fid": 11,
    "block_number": "7",
    "text_inside": [
     "X",
     "Oils"
    ],
    "numerals_inside": [],
    "words_inside": [
     "Oils"
    ],
    "floors": null,
    "wash_rgb": [
     159,
     186,
     176
    ],
    "wash_chroma": 7.0,
    "wash_lightness_delta": -46.4,
    "hue_deg": 158,
    "material": null,
    "area_source_px2": 10098,
    "centroid_source_px": [
     4985,
     4220
    ],
    "orphan": false,
    "centroid_map": [
     356571.417,
     3092149.949
    ]
   }
  },
  {
   "type": "Feature",
   "geometry": {
    "type": "Polygon",
    "coordinates": [
     [
      [
       -82.4587344,
       27.9464271
      ],
      [
       -82.4585886,
       27.9464309
      ],
      [
       -82.4584865,
       27.9465104
      ],
      [
       -82.4584903,
       27.9465126
      ],
      [
       -82.4587344,
       27.9464271
      ]
     ]
    ]
   },
   "properties": {
    "sheet": "01352_1889-0003",
    "building_id": "01352_1889-0003:block:6:bldg49",
    "block_id": "01352_1889-0003:block:6",
    "block_fid": 12,
    "block_number": "6",
    "text_inside": [],
    "numerals_inside": [],
    "words_inside": [],
    "floors": null,
    "wash_rgb": [
     227,
     219,
     184
    ],
    "wash_chroma": 14.7,
    "wash_lightness_delta": -10.8,
    "hue_deg": 48,
    "material": null,
    "area_source_px2": 24775,
    "centroid_source_px": [
     3658,
     4188
    ],
    "orphan": false,
    "centroid_map": [
     356506.881,
     3092127.287
    ]
   }
  },
  {
   "type": "Feature",
   "geometry": {
    "type": "Polygon",
    "coordinates": [
     [
      [
       -82.4584653,
       27.9465198
      ],
      [
       -82.4584759,
       27.9465131
      ],
      [
       -82.458465,
       27.9464999
      ],
      [
       -82.4584731,
       27.9464966
      ],
      [
       -82.4584786,
       27.9465027
      ],
      [
       -82.4584827,
       27.9464967
      ],
      [
       -82.4584846,
       27.9465036
      ],
      [
       -82.4584898,
       27.9465038
      ],
      [
       -82.4585693,
       27.9464431
      ],
      [
       -82.4585779,
       27.9464321
      ],
      [
       -82.458517,
       27.9464343
      ],
      [
       -82.4585055,
       27.9464413
      ],
      [
       -82.4584908,
       27.9464424
      ],
      [
       -82.4584859,
       27.9464492
      ],
      [
       -82.4584873,
       27.9464357
      ],
      [
       -82.4584446,
       27.9464371
      ],
      [
       -82.4584403,
       27.9464491
      ],
      [
       -82.4584344,
       27.9464446
      ],
      [
       -82.4584653,
       27.9465198
      ]
     ]
    ]
   },
   "properties": {
    "sheet": "01352_1889-0003",
    "building_id": "01352_1889-0003:block:6:bldg50",
    "block_id": "01352_1889-0003:block:6",
    "block_fid": 12,
    "block_number": "6",
    "text_inside": [
     "12"
    ],
    "numerals_inside": [
     "12"
    ],
    "words_inside": [],
    "floors": null,
    "wash_rgb": [
     229,
     222,
     188
    ],
    "wash_chroma": 13.8,
    "wash_lightness_delta": -8.3,
    "hue_deg": 50,
    "material": null,
    "area_source_px2": 24644,
    "centroid_source_px": [
     3857,
     4252
    ],
    "orphan": false,
    "centroid_map": [
     356517.639,
     3092127.832
    ]
   }
  },
  {
   "type": "Feature",
   "geometry": {
    "type": "Polygon",
    "coordinates": [
     [
      [
       -82.4587478,
       27.9464194
      ],
      [
       -82.4587281,
       27.9463748
      ],
      [
       -82.4587185,
       27.9463632
      ],
      [
       -82.4586741,
       27.9463786
      ],
      [
       -82.4586651,
       27.9463773
      ],
      [
       -82.4586595,
       27.9463837
      ],
      [
       -82.4586548,
       27.9463819
      ],
      [
       -82.4586516,
       27.9463875
      ],
      [
       -82.4586415,
       27.94639
      ],
      [
       -82.4586345,
       27.9464009
      ],
      [
       -82.4586224,
       27.9464041
      ],
      [
       -82.458597,
       27.9464255
      ],
      [
       -82.4586016,
       27.9464283
      ],
      [
       -82.4587478,
       27.9464194
      ]
     ]
    ]
   },
   "properties": {
    "sheet": "01352_1889-0003",
    "building_id": "01352_1889-0003:block:6:bldg51",
    "block_id": "01352_1889-0003:block:6",
    "block_fid": 12,
    "block_number": "6",
    "text_inside": [
     "PENCER, HENDERSON MY CO. LIVERY."
    ],
    "numerals_inside": [],
    "words_inside": [
     "PENCER, HENDERSON MY CO. LIVERY."
    ],
    "floors": null,
    "wash_rgb": [
     228,
     221,
     186
    ],
    "wash_chroma": 14.1,
    "wash_lightness_delta": -9.5,
    "hue_deg": 50,
    "material": null,
    "area_source_px2": 22274,
    "centroid_source_px": [
     3472,
     4243
    ],
    "orphan": false,
    "centroid_map": [
     356498.92,
     3092121.244
    ]
   }
  },
  {
   "type": "Feature",
   "geometry": {
    "type": "Polygon",
    "coordinates": [
     [
      [
       -82.4578438,
       27.9466893
      ],
      [
       -82.4578695,
       27.9466813
      ],
      [
       -82.4578701,
       27.9466851
      ],
      [
       -82.457854,
       27.9466907
      ],
      [
       -82.4578524,
       27.9466948
      ],
      [
       -82.4578866,
       27.9467033
      ],
      [
       -82.4579032,
       27.9466761
      ],
      [
       -82.4578836,
       27.9466774
      ],
      [
       -82.4579044,
       27.9466672
      ],
      [
       -82.457899,
       27.9466525
      ],
      [
       -82.4578938,
       27.9466534
      ],
      [
       -82.4578903,
       27.9466621
      ],
      [
       -82.4578912,
       27.9466513
      ],
      [
       -82.4578869,
       27.9466493
      ],
      [
       -82.4578517,
       27.9466625
      ],
      [
       -82.4578499,
       27.9466751
      ],
      [
       -82.4578392,
       27.9466789
      ],
      [
       -82.4578438,
       27.9466893
      ]
     ]
    ]
   },
   "properties": {
    "sheet": "01352_1889-0003",
    "building_id": "01352_1889-0003:block:7:bldg52",
    "block_id": "01352_1889-0003:block:7",
    "block_fid": 11,
    "block_number": "7",
    "text_inside": [
     "1",
     "X"
    ],
    "numerals_inside": [
     "1"
    ],
    "words_inside": [],
    "floors": null,
    "wash_rgb": [
     228,
     222,
     189
    ],
    "wash_chroma": 13.1,
    "wash_lightness_delta": -8.6,
    "hue_deg": 50,
    "material": null,
    "area_source_px2": 8499,
    "centroid_source_px": [
     5126,
     4258
    ],
    "orphan": false,
    "centroid_map": [
     356578.905,
     3092150.689
    ]
   }
  },
  {
   "type": "Feature",
   "geometry": {
    "type": "Polygon",
    "coordinates": [
     [
      [
       -82.4586892,
       27.9463464
      ],
      [
       -82.458466,
       27.9464231
      ],
      [
       -82.4584498,
       27.9464298
      ],
      [
       -82.4584484,
       27.9464342
      ],
      [
       -82.4584861,
       27.9464331
      ],
      [
       -82.4584923,
       27.9464279
      ],
      [
       -82.4584982,
       27.9464324
      ],
      [
       -82.4585034,
       27.9464251
      ],
      [
       -82.4585099,
       27.9464283
      ],
      [
       -82.4585137,
       27.9464205
      ],
      [
       -82.4585386,
       27.9464118
      ],
      [
       -82.4585466,
       27.9464185
      ],
      [
       -82.4585509,
       27.9464065
      ],
      [
       -82.4585697,
       27.9463995
      ],
      [
       -82.4585658,
       27.9464288
      ],
      [
       -82.4585877,
       27.9464287
      ],
      [
       -82.458606,
       27.9464128
      ],
      [
       -82.4585997,
       27.9464075
      ],
      [
       -82.4585878,
       27.9464072
      ],
      [
       -82.4585862,
       27.9464012
      ],
      [
       -82.458579,
       27.9463988
      ],
      [
       -82.4585809,
       27.9463956
      ],
      [
       -82.4586032,
       27.9463913
      ],
      [
       -82.4586117,
       27.9463849
      ],
      [
       -82.4586251,
       27.9463912
      ],
      [
       -82.4586288,
       27.9463779
      ],
      [
       -82.4586346,
       27.9463794
      ],
      [
       -82.4586405,
       27.9463738
      ],
      [
       -82.4586467,
       27.9463827
      ],
      [
       -82.4586513,
       27.9463701
      ],
      [
       -82.4586587,
       27.946373
      ],
      [
       -82.4586892,
       27.9463464
      ]
     ]
    ]
   },
   "properties": {
    "sheet": "01352_1889-0003",
    "building_id": "01352_1889-0003:block:6:bldg53",
    "block_id": "01352_1889-0003:block:6",
    "block_fid": 12,
    "block_number": "6",
    "text_inside": [],
    "numerals_inside": [],
    "words_inside": [],
    "floors": null,
    "wash_rgb": [
     225,
     218,
     184
    ],
    "wash_chroma": 13.9,
    "wash_lightness_delta": -12.0,
    "hue_deg": 50,
    "material": null,
    "area_source_px2": 16293,
    "centroid_source_px": [
     3665,
     4327
    ],
    "orphan": false,
    "centroid_map": [
     356509.754,
     3092120.716
    ]
   }
  },
  {
   "type": "Feature",
   "geometry": {
    "type": "Polygon",
    "coordinates": [
     [
      [
       -82.4587508,
       27.9463649
      ],
      [
       -82.4589033,
       27.9463103
      ],
      [
       -82.4589037,
       27.9463036
      ],
      [
       -82.4588749,
       27.9463032
      ],
      [
       -82.4588008,
       27.946333
      ],
      [
       -82.4587965,
       27.9463295
      ],
      [
       -82.4587974,
       27.9463227
      ],
      [
       -82.4587897,
       27.9463219
      ],
      [
       -82.4587856,
       27.9463458
      ],
      [
       -82.4587739,
       27.9463498
      ],
      [
       -82.4587697,
       27.9463453
      ],
      [
       -82.458764,
       27.9463463
      ],
      [
       -82.4587508,
       27.9463649
      ]
     ]
    ]
   },
   "properties": {
    "sheet": "01352_1889-0003",
    "building_id": "01352_1889-0003:block:6:bldg54",
    "block_id": "01352_1889-0003:block:6",
    "block_fid": 12,
    "block_number": "6",
    "text_inside": [
     "SPENCER HENDERS"
    ],
    "numerals_inside": [],
    "words_inside": [
     "SPENCER HENDERS"
    ],
    "floors": null,
    "wash_rgb": [
     225,
     218,
     185
    ],
    "wash_chroma": 13.3,
    "wash_lightness_delta": -12.1,
    "hue_deg": 50,
    "material": null,
    "area_source_px2": 8761,
    "centroid_source_px": [
     3153,
     4286
    ],
    "orphan": false,
    "centroid_map": [
     356484.331,
     3092113.353
    ]
   }
  },
  {
   "type": "Feature",
   "geometry": {
    "type": "Polygon",
    "coordinates": [
     [
      [
       -82.4588057,
       27.9462893
      ],
      [
       -82.4587105,
       27.946271
      ],
      [
       -82.4586962,
       27.946272
      ],
      [
       -82.458724,
       27.9463323
      ],
      [
       -82.4587436,
       27.9463295
      ],
      [
       -82.4587297,
       27.9463363
      ],
      [
       -82.4587303,
       27.9463415
      ],
      [
       -82.4587464,
       27.9463359
      ],
      [
       -82.4587524,
       27.9463393
      ],
      [
       -82.4587597,
       27.9463303
      ],
      [
       -82.4587741,
       27.9463273
      ],
      [
       -82.4587793,
       27.94632
      ],
      [
       -82.4587607,
       27.9463225
      ],
      [
       -82.4587857,
       27.9463128
      ],
      [
       -82.4588057,
       27.9462893
      ]
     ]
    ]
   },
   "properties": {
    "sheet": "01352_1889-0003",
    "building_id": "01352_1889-0003:block:6:bldg55",
    "block_id": "01352_1889-0003:block:6",
    "block_fid": 12,
    "block_number": "6",
    "text_inside": [],
    "numerals_inside": [],
    "words_inside": [],
    "floors": null,
    "wash_rgb": [
     229,
     222,
     190
    ],
    "wash_chroma": 12.6,
    "wash_lightness_delta": -8.2,
    "hue_deg": 50,
    "material": null,
    "area_source_px2": 17457,
    "centroid_source_px": [
     3279,
     4401
    ],
    "orphan": false,
    "centroid_map": [
     356492.501,
     3092110.109
    ]
   }
  },
  {
   "type": "Feature",
   "geometry": {
    "type": "Polygon",
    "coordinates": [
     [
      [
       -82.458815,
       27.9462861
      ],
      [
       -82.4588444,
       27.9462903
      ],
      [
       -82.4588625,
       27.946284
      ],
      [
       -82.4588568,
       27.946293
      ],
      [
       -82.458873,
       27.9462889
      ],
      [
       -82.4588789,
       27.9462933
      ],
      [
       -82.4588876,
       27.9462838
      ],
      [
       -82.458908,
       27.9462777
      ],
      [
       -82.4589022,
       27.9462722
      ],
      [
       -82.4588745,
       27.9462808
      ],
      [
       -82.4588898,
       27.946272
      ],
      [
       -82.4588784,
       27.946259
      ],
      [
       -82.4588853,
       27.9462556
      ],
      [
       -82.4588911,
       27.9462611
      ],
      [
       -82.4588965,
       27.9462517
      ],
      [
       -82.4588816,
       27.9462179
      ],
      [
       -82.4588639,
       27.9462211
      ],
      [
       -82.458815,
       27.9462861
      ]
     ]
    ]
   },
   "properties": {
    "sheet": "01352_1889-0003",
    "building_id": "01352_1889-0003:block:6:bldg56",
    "block_id": "01352_1889-0003:block:6",
    "block_fid": 12,
    "block_number": "6",
    "text_inside": [
     "x"
    ],
    "numerals_inside": [],
    "words_inside": [],
    "floors": null,
    "wash_rgb": [
     229,
     223,
     192
    ],
    "wash_chroma": 11.6,
    "wash_lightness_delta": -7.8,
    "hue_deg": 50,
    "material": null,
    "area_source_px2": 14464,
    "centroid_source_px": [
     3045,
     4404
    ],
    "orphan": false,
    "centroid_map": [
     356481.279,
     3092105.697
    ]
   }
  },
  {
   "type": "Feature",
   "geometry": {
    "type": "Polygon",
    "coordinates": [
     [
      [
       -82.4588732,
       27.9462014
      ],
      [
       -82.458859,
       27.9461718
      ],
      [
       -82.4588123,
       27.9461971
      ],
      [
       -82.4587301,
       27.9460889
      ],
      [
       -82.4587788,
       27.9460589
      ],
      [
       -82.4587795,
       27.9460517
      ],
      [
       -82.4587551,
       27.9460167
      ],
      [
       -82.4587195,
       27.9460291
      ],
      [
       -82.4587073,
       27.9459989
      ],
      [
       -82.4587303,
       27.9459899
      ],
      [
       -82.4587302,
       27.9459794
      ],
      [
       -82.4586704,
       27.9458924
      ],
      [
       -82.4586629,
       27.945892
      ],
      [
       -82.4586333,
       27.9459078
      ],
      [
       -82.4586086,
       27.9458734
      ],
      [
       -82.4586116,
       27.9458639
      ],
      [
       -82.4585551,
       27.9458811
      ],
      [
       -82.4583424,
       27.9459586
      ],
      [
       -82.4584071,
       27.9461025
      ],
      [
       -82.4583884,
       27.9461099
      ],
      [
       -82.4583907,
       27.9461202
      ],
      [
       -82.4583291,
       27.9461426
      ],
      [
       -82.4583202,
       27.9461337
      ],
      [
       -82.4582934,
       27.9461445
      ],
      [
       -82.4583127,
       27.9461818
      ],
      [
       -82.4584135,
       27.9461477
      ],
      [
       -82.458434,
       27.9461965
      ],
      [
       -82.4583342,
       27.9462342
      ],
      [
       -82.4584248,
       27.946433
      ],
      [
       -82.4584771,
       27.9464178
      ],
      [
       -82.4587096,
       27.9463328
      ],
      [
       -82.4587173,
       27.9463451
      ],
      [
       -82.4587234,
       27.946345
      ],
      [
       -82.4586909,
       27.9462664
      ],
      [
       -82.4588732,
       27.9462014
      ]
     ]
    ]
   },
   "properties": {
    "sheet": "01352_1889-0003",
    "building_id": "01352_1889-0003:block:6:bldg57",
    "block_id": "01352_1889-0003:block:6",
    "block_fid": 12,
    "block_number": "6",
    "text_inside": [
     "TANK.",
     "x",
     "TANK.",
     "210'E"
    ],
    "numerals_inside": [],
    "words_inside": [
     "TANK.",
     "TANK."
    ],
    "floors": null,
    "wash_rgb": [
     233,
     232,
     224
    ],
    "wash_chroma": 0.2,
    "wash_lightness_delta": 0.8,
    "hue_deg": 54,
    "material": null,
    "area_source_px2": 734632,
    "centroid_source_px": [
     3486,
     4847
    ],
    "orphan": false,
    "centroid_map": [
     356510.612,
     3092092.391
    ]
   }
  },
  {
   "type": "Feature",
   "geometry": {
    "type": "Polygon",
    "coordinates": [
     [
      [
       -82.4588697,
       27.9462101
      ],
      [
       -82.4588653,
       27.9462076
      ],
      [
       -82.4587055,
       27.9462663
      ],
      [
       -82.4588071,
       27.9462848
      ],
      [
       -82.4588697,
       27.9462101
      ]
     ]
    ]
   },
   "properties": {
    "sheet": "01352_1889-0003",
    "building_id": "01352_1889-0003:block:6:bldg58",
    "block_id": "01352_1889-0003:block:6",
    "block_fid": 12,
    "block_number": "6",
    "text_inside": [],
    "numerals_inside": [],
    "words_inside": [],
    "floors": null,
    "wash_rgb": [
     230,
     224,
     195
    ],
    "wash_chroma": 11.0,
    "wash_lightness_delta": -6.3,
    "hue_deg": 50,
    "material": null,
    "area_source_px2": 19304,
    "centroid_source_px": [
     3157,
     4464
    ],
    "orphan": false,
    "centroid_map": [
     356487.771,
     3092104.848
    ]
   }
  },
  {
   "type": "Feature",
   "geometry": {
    "type": "Polygon",
    "coordinates": [
     [
      [
       -82.4576989,
       27.9466158
      ],
      [
       -82.457728,
       27.9466027
      ],
      [
       -82.4577027,
       27.9465481
      ],
      [
       -82.4576971,
       27.9465455
      ],
      [
       -82.4576755,
       27.946554
      ],
      [
       -82.4576767,
       27.9465656
      ],
      [
       -82.4576646,
       27.9465688
      ],
      [
       -82.4576848,
       27.9466133
      ],
      [
       -82.45769,
       27.9466149
      ],
      [
       -82.4576955,
       27.946603
      ],
      [
       -82.4576944,
       27.9466134
      ],
      [
       -82.4576989,
       27.9466158
      ]
     ]
    ]
   },
   "properties": {
    "sheet": "01352_1889-0003",
    "building_id": "01352_1889-0003:block:7:bldg59",
    "block_id": "01352_1889-0003:block:7",
    "block_fid": 11,
    "block_number": "7",
    "text_inside": [
     "1",
     "x"
    ],
    "numerals_inside": [
     "1"
    ],
    "words_inside": [],
    "floors": null,
    "wash_rgb": [
     230,
     223,
     190
    ],
    "wash_chroma": 13.2,
    "wash_lightness_delta": -7.3,
    "hue_deg": 50,
    "material": null,
    "area_source_px2": 10698,
    "centroid_source_px": [
     5368,
     4571
    ],
    "orphan": false,
    "centroid_map": [
     356596.277,
     3092140.019
    ]
   }
  },
  {
   "type": "Feature",
   "geometry": {
    "type": "Polygon",
    "coordinates": [
     [
      [
       -82.458816,
       27.9461903
      ],
      [
       -82.4588446,
       27.9461749
      ],
      [
       -82.4588371,
       27.9461605
      ],
      [
       -82.4588475,
       27.9461534
      ],
      [
       -82.4588278,
       27.9461228
      ],
      [
       -82.4588017,
       27.9461299
      ],
      [
       -82.4587929,
       27.9461379
      ],
      [
       -82.458793,
       27.9461319
      ],
      [
       -82.4587809,
       27.9461261
      ],
      [
       -82.4588169,
       27.9461071
      ],
      [
       -82.4587897,
       27.9460671
      ],
      [
       -82.4587816,
       27.9460679
      ],
      [
       -82.4587757,
       27.9460635
      ],
      [
       -82.4587345,
       27.9460898
      ],
      [
       -82.4588084,
       27.9461885
      ],
      [
       -82.458816,
       27.9461903
      ]
     ]
    ]
   },
   "properties": {
    "sheet": "01352_1889-0003",
    "building_id": "01352_1889-0003:block:6:bldg60",
    "block_id": "01352_1889-0003:block:6",
    "block_fid": 12,
    "block_number": "6",
    "text_inside": [
     "1/2",
     "x"
    ],
    "numerals_inside": [],
    "words_inside": [],
    "floors": null,
    "wash_rgb": [
     229,
     224,
     193
    ],
    "wash_chroma": 11.9,
    "wash_lightness_delta": -7.0,
    "hue_deg": 52,
    "material": null,
    "area_source_px2": 25842,
    "centroid_source_px": [
     3059,
     4720
    ],
    "orphan": false,
    "centroid_map": [
     356487.717,
     3092090.723
    ]
   }
  },
  {
   "type": "Feature",
   "geometry": {
    "type": "Polygon",
    "coordinates": [
     [
      [
       -82.4581303,
       27.9464132
      ],
      [
       -82.4581293,
       27.946406
      ],
      [
       -82.4581136,
       27.9464035
      ],
      [
       -82.4581065,
       27.9464065
      ],
      [
       -82.4581054,
       27.9464143
      ],
      [
       -82.4580938,
       27.9464019
      ],
      [
       -82.4580996,
       27.9463934
      ],
      [
       -82.4581117,
       27.9463966
      ],
      [
       -82.4581308,
       27.946385
      ],
      [
       -82.4581293,
       27.946379
      ],
      [
       -82.4581216,
       27.9463807
      ],
      [
       -82.4581171,
       27.9463733
      ],
      [
       -82.4580602,
       27.9463946
      ],
      [
       -82.4580799,
       27.9464317
      ],
      [
       -82.4581303,
       27.9464132
      ]
     ]
    ]
   },
   "properties": {
    "sheet": "01352_1889-0003",
    "building_id": "01352_1889-0003:block:7:bldg61",
    "block_id": "01352_1889-0003:block:7",
    "block_fid": 11,
    "block_number": "7",
    "text_inside": [
     "2",
     "Dmg"
    ],
    "numerals_inside": [
     "2"
    ],
    "words_inside": [
     "Dmg"
    ],
    "floors": null,
    "wash_rgb": [
     228,
     221,
     187
    ],
    "wash_chroma": 13.7,
    "wash_lightness_delta": -9.7,
    "hue_deg": 50,
    "material": null,
    "area_source_px2": 8693,
    "centroid_source_px": [
     4521,
     4652
    ],
    "orphan": false,
    "centroid_map": [
     356556.935,
     3092120.666
    ]
   }
  },
  {
   "type": "Feature",
   "geometry": {
    "type": "Polygon",
    "coordinates": [
     [
      [
       -82.4576696,
       27.9465571
      ],
      [
       -82.4576396,
       27.9464841
      ],
      [
       -82.4576234,
       27.9464883
      ],
      [
       -82.4576146,
       27.9464848
      ],
      [
       -82.4576141,
       27.9464735
      ],
      [
       -82.4576033,
       27.9464783
      ],
      [
       -82.4576088,
       27.9464934
      ],
      [
       -82.4575488,
       27.9465168
      ],
      [
       -82.457555,
       27.9465231
      ],
      [
       -82.4575455,
       27.9465284
      ],
      [
       -82.4575551,
       27.9465475
      ],
      [
       -82.4575644,
       27.9465393
      ],
      [
       -82.4575681,
       27.946544
      ],
      [
       -82.4575801,
       27.9465443
      ],
      [
       -82.4575849,
       27.9465386
      ],
      [
       -82.4576003,
       27.9465353
      ],
      [
       -82.4575907,
       27.9465441
      ],
      [
       -82.4575944,
       27.9465513
      ],
      [
       -82.4575831,
       27.9465563
      ],
      [
       -82.4575717,
       27.9465547
      ],
      [
       -82.4575643,
       27.9465658
      ],
      [
       -82.4575717,
       27.9465827
      ],
      [
       -82.4575773,
       27.9465763
      ],
      [
       -82.4575731,
       27.9465717
      ],
      [
       -82.4575829,
       27.9465673
      ],
      [
       -82.4575817,
       27.9465747
      ],
      [
       -82.4575888,
       27.9465832
      ],
      [
       -82.4576607,
       27.9465562
      ],
      [
       -82.4576646,
       27.9465599
      ],
      [
       -82.4576696,
       27.9465571
      ]
     ]
    ]
   },
   "properties": {
    "sheet": "01352_1889-0003",
    "building_id": "01352_1889-0003:block:7:bldg62",
    "block_id": "01352_1889-0003:block:7",
    "block_fid": 11,
    "block_number": "7",
    "text_inside": [
     "2"
    ],
    "numerals_inside": [
     "2"
    ],
    "words_inside": [],
    "floors": null,
    "wash_rgb": [
     229,
     222,
     188
    ],
    "wash_chroma": 13.8,
    "wash_lightness_delta": -8.6,
    "hue_deg": 50,
    "material": null,
    "area_source_px2": 29536,
    "centroid_source_px": [
     5479,
     4730
    ],
    "orphan": false,
    "centroid_map": [
     356604.526,
     3092134.381
    ]
   }
  },
  {
   "type": "Feature",
   "geometry": {
    "type": "Polygon",
    "coordinates": [
     [
      [
       -82.4585872,
       27.9462086
      ],
      [
       -82.4585822,
       27.9461998
      ],
      [
       -82.4585725,
       27.9462032
      ],
      [
       -82.4585683,
       27.9461937
      ],
      [
       -82.4585248,
       27.9462098
      ],
      [
       -82.4585246,
       27.9462209
      ],
      [
       -82.4585028,
       27.946183
      ],
      [
       -82.4584472,
       27.9462024
      ],
      [
       -82.4584462,
       27.9462127
      ],
      [
       -82.4584404,
       27.9462137
      ],
      [
       -82.4584376,
       27.9462072
      ],
      [
       -82.4584326,
       27.94621
      ],
      [
       -82.4584443,
       27.9462339
      ],
      [
       -82.4584516,
       27.9462288
      ],
      [
       -82.4584658,
       27.9462329
      ],
      [
       -82.4584785,
       27.946226
      ],
      [
       -82.4584794,
       27.9462396
      ],
      [
       -82.4584584,
       27.9462404
      ],
      [
       -82.4584521,
       27.9462516
      ],
      [
       -82.4584598,
       27.9462639
      ],
      [
       -82.4584671,
       27.9462549
      ],
      [
       -82.4584669,
       27.9462635
      ],
      [
       -82.4584707,
       27.9462656
      ],
      [
       -82.4585305,
       27.9462443
      ],
      [
       -82.4585296,
       27.9462296
      ],
      [
       -82.4585397,
       27.9462411
      ],
      [
       -82.4585782,
       27.9462277
      ],
      [
       -82.4585872,
       27.9462086
      ]
     ]
    ]
   },
   "properties": {
    "sheet": "01352_1889-0003",
    "building_id": "01352_1889-0003:block:6:bldg63",
    "block_id": "01352_1889-0003:block:6",
    "block_fid": 12,
    "block_number": "6",
    "text_inside": [
     "1/",
     "Dng",
     "x",
     "x"
    ],
    "numerals_inside": [],
    "words_inside": [
     "Dng"
    ],
    "floors": null,
    "wash_rgb": [
     230,
     223,
     190
    ],
    "wash_chroma": 13.3,
    "wash_lightness_delta": -7.5,
    "hue_deg": 50,
    "material": null,
    "area_source_px2": 26748,
    "centroid_source_px": [
     3645,
     4727
    ],
    "orphan": false,
    "centroid_map": [
     356516.086,
     3092101.074
    ]
   }
  },
  {
   "type": "Feature",
   "geometry": {
    "type": "Polygon",
    "coordinates": [
     [
      [
       -82.4589807,
       27.946078
      ],
      [
       -82.4589895,
       27.946075
      ],
      [
       -82.4589792,
       27.9460656
      ],
      [
       -82.4589863,
       27.9460601
      ],
      [
       -82.4589928,
       27.9460633
      ],
      [
       -82.458998,
       27.946056
      ],
      [
       -82.4589963,
       27.9460686
      ],
      [
       -82.4590017,
       27.9460707
      ],
      [
       -82.4590982,
       27.9460166
      ],
      [
       -82.4590551,
       27.9459522
      ],
      [
       -82.4589496,
       27.9460074
      ],
      [
       -82.4589516,
       27.9460172
      ],
      [
       -82.4589441,
       27.9460218
      ],
      [
       -82.4589541,
       27.9460368
      ],
      [
       -82.4589981,
       27.946018
      ],
      [
       -82.4590027,
       27.9460309
      ],
      [
       -82.458964,
       27.9460529
      ],
      [
       -82.4589807,
       27.946078
      ]
     ]
    ]
   },
   "properties": {
    "sheet": "01352_1889-0003",
    "building_id": "01352_1889-0003:block:fid14:bldg64",
    "block_id": "01352_1889-0003:block:fid14",
    "block_fid": 14,
    "block_number": null,
    "text_inside": [
     "1/2",
     "x"
    ],
    "numerals_inside": [],
    "words_inside": [],
    "floors": null,
    "wash_rgb": [
     230,
     225,
     194
    ],
    "wash_chroma": 11.6,
    "wash_lightness_delta": -6.1,
    "hue_deg": 52,
    "material": null,
    "area_source_px2": 38337,
    "centroid_source_px": [
     2559,
     4787
    ],
    "orphan": false,
    "centroid_map": [
     356464.843,
     3092078.374
    ]
   }
  },
  {
   "type": "Feature",
   "geometry": {
    "type": "Polygon",
    "coordinates": [
     [
      [
       -82.4590942,
       27.945986
      ],
      [
       -82.4590947,
       27.9459794
      ],
      [
       -82.4590383,
       27.9459001
      ],
      [
       -82.4590458,
       27.945893
      ],
      [
       -82.4590408,
       27.9458842
      ],
      [
       -82.4590326,
       27.9458846
      ],
      [
       -82.4590032,
       27.9459034
      ],
      [
       -82.4590107,
       27.9459127
      ],
      [
       -82.4590273,
       27.9459059
      ],
      [
       -82.4590822,
       27.9459867
      ],
      [
       -82.4590873,
       27.9459894
      ],
      [
       -82.4590942,
       27.945986
      ]
     ]
    ]
   },
   "properties": {
    "sheet": "01352_1889-0003",
    "building_id": "01352_1889-0003:block:fid14:bldg65",
    "block_id": "01352_1889-0003:block:fid14",
    "block_fid": 14,
    "block_number": null,
    "text_inside": [],
    "numerals_inside": [],
    "words_inside": [],
    "floors": null,
    "wash_rgb": [
     228,
     228,
     220
    ],
    "wash_chroma": -0.4,
    "wash_lightness_delta": -3.0,
    "hue_deg": 60,
    "material": null,
    "area_source_px2": 8044,
    "centroid_source_px": [
     2450,
     4934
    ],
    "orphan": false,
    "centroid_map": [
     356462.271,
     3092069.302
    ]
   }
  },
  {
   "type": "Feature",
   "geometry": {
    "type": "Polygon",
    "coordinates": [
     [
      [
       -82.4583488,
       27.9462227
      ],
      [
       -82.4584293,
       27.9461936
      ],
      [
       -82.4584108,
       27.9461516
      ],
      [
       -82.4583203,
       27.9461836
      ],
      [
       -82.4583252,
       27.9461934
      ],
      [
       -82.4583337,
       27.9461949
      ],
      [
       -82.4583577,
       27.9461906
      ],
      [
       -82.4583615,
       27.9461853
      ],
      [
       -82.4583689,
       27.9461867
      ],
      [
       -82.4583727,
       27.9462004
      ],
      [
       -82.4583513,
       27.9462068
      ],
      [
       -82.4583488,
       27.9462227
      ]
     ]
    ]
   },
   "properties": {
    "sheet": "01352_1889-0003",
    "building_id": "01352_1889-0003:block:6:bldg66",
    "block_id": "01352_1889-0003:block:6",
    "block_fid": 12,
    "block_number": "6",
    "text_inside": [
     "x"
    ],
    "numerals_inside": [],
    "words_inside": [],
    "floors": null,
    "wash_rgb": [
     229,
     222,
     190
    ],
    "wash_chroma": 12.5,
    "wash_lightness_delta": -8.3,
    "hue_deg": 50,
    "material": null,
    "area_source_px2": 14478,
    "centroid_source_px": [
     3834,
     4887
    ],
    "orphan": false,
    "centroid_map": [
     356528.112,
     3092096.81
    ]
   }
  },
  {
   "type": "Feature",
   "geometry": {
    "type": "Polygon",
    "coordinates": [
     [
      [
       -82.4589417,
       27.9460087
      ],
      [
       -82.4589941,
       27.9459809
      ],
      [
       -82.4590048,
       27.9459707
      ],
      [
       -82.4589694,
       27.9459671
      ],
      [
       -82.4589387,
       27.9459473
      ],
      [
       -82.4589151,
       27.9459065
      ],
      [
       -82.4589093,
       27.9458666
      ],
      [
       -82.4588783,
       27.9458105
      ],
      [
       -82.4588737,
       27.9457746
      ],
      [
       -82.4588468,
       27.945785
      ],
      [
       -82.458806,
       27.9457282
      ],
      [
       -82.4587995,
       27.945725
      ],
      [
       -82.4587639,
       27.9457449
      ],
      [
       -82.4587653,
       27.9457544
      ],
      [
       -82.4589346,
       27.9460092
      ],
      [
       -82.4589417,
       27.9460087
      ]
     ]
    ]
   },
   "properties": {
    "sheet": "01352_1889-0003",
    "building_id": "01352_1889-0003:block:fid14:bldg67",
    "block_id": "01352_1889-0003:block:fid14",
    "block_fid": 14,
    "block_number": null,
    "text_inside": [],
    "numerals_inside": [],
    "words_inside": [],
    "floors": null,
    "wash_rgb": [
     232,
     230,
     223
    ],
    "wash_chroma": -0.2,
    "wash_lightness_delta": -0.5,
    "hue_deg": 46,
    "material": null,
    "area_source_px2": 70007,
    "centroid_source_px": [
     2716,
     5194
    ],
    "orphan": false,
    "centroid_map": [
     356479.832,
     3092061.623
    ]
   }
  },
  {
   "type": "Feature",
   "geometry": {
    "type": "Polygon",
    "coordinates": [
     [
      [
       -82.4586407,
       27.9460481
      ],
      [
       -82.4586186,
       27.9460388
      ],
      [
       -82.4586195,
       27.946051
      ],
      [
       -82.4586078,
       27.946036
      ],
      [
       -82.4585732,
       27.9460481
      ],
      [
       -82.458574,
       27.9460563
      ],
      [
       -82.4585678,
       27.946055
      ],
      [
       -82.4585653,
       27.9460583
      ],
      [
       -82.4585753,
       27.9460783
      ],
      [
       -82.4585899,
       27.9460758
      ],
      [
       -82.4585958,
       27.9460852
      ],
      [
       -82.458625,
       27.946075
      ],
      [
       -82.4586218,
       27.9460576
      ],
      [
       -82.4586312,
       27.9460674
      ],
      [
       -82.4586407,
       27.9460481
      ]
     ]
    ]
   },
   "properties": {
    "sheet": "01352_1889-0003",
    "building_id": "01352_1889-0003:block:6:bldg68",
    "block_id": "01352_1889-0003:block:6",
    "block_fid": 12,
    "block_number": "6",
    "text_inside": [
     "1½",
     "x"
    ],
    "numerals_inside": [
     "1½"
    ],
    "words_inside": [],
    "floors": null,
    "wash_rgb": [
     231,
     224,
     191
    ],
    "wash_chroma": 13.5,
    "wash_lightness_delta": -6.3,
    "hue_deg": 50,
    "material": null,
    "area_source_px2": 9083,
    "centroid_source_px": [
     3349,
     4985
    ],
    "orphan": false,
    "centroid_map": [
     356506.526,
     3092083.241
    ]
   }
  },
  {
   "type": "Feature",
   "geometry": {
    "type": "Polygon",
    "coordinates": [
     [
      [
       -82.4576383,
       27.9463767
      ],
      [
       -82.4576481,
       27.9463723
      ],
      [
       -82.4576537,
       27.9463543
      ],
      [
       -82.457633,
       27.9463101
      ],
      [
       -82.4576208,
       27.9463129
      ],
      [
       -82.4576217,
       27.946306
      ],
      [
       -82.4576128,
       27.9463051
      ],
      [
       -82.4576074,
       27.946312
      ],
      [
       -82.4576115,
       27.9463161
      ],
      [
       -82.4575984,
       27.9463221
      ],
      [
       -82.4576202,
       27.946369
      ],
      [
       -82.4576319,
       27.9463674
      ],
      [
       -82.4576383,
       27.9463767
      ]
     ]
    ]
   },
   "properties": {
    "sheet": "01352_1889-0003",
    "building_id": "01352_1889-0003:block:7:bldg69",
    "block_id": "01352_1889-0003:block:7",
    "block_fid": 11,
    "block_number": "7",
    "text_inside": [
     "x"
    ],
    "numerals_inside": [],
    "words_inside": [],
    "floors": null,
    "wash_rgb": [
     229,
     223,
     188
    ],
    "wash_chroma": 13.7,
    "wash_lightness_delta": -7.9,
    "hue_deg": 52,
    "material": null,
    "area_source_px2": 9211,
    "centroid_source_px": [
     5301,
     5102
    ],
    "orphan": false,
    "centroid_map": [
     356602.733,
     3092113.206
    ]
   }
  },
  {
   "type": "Feature",
   "geometry": {
    "type": "Polygon",
    "coordinates": [
     [
      [
       -82.4584005,
       27.9461017
      ],
      [
       -82.4583413,
       27.945965
      ],
      [
       -82.4583346,
       27.9459664
      ],
      [
       -82.4583376,
       27.9459733
      ],
      [
       -82.4583295,
       27.9459791
      ],
      [
       -82.4583224,
       27.9459796
      ],
      [
       -82.458319,
       27.9459718
      ],
      [
       -82.4583117,
       27.9459693
      ],
      [
       -82.4582438,
       27.945994
      ],
      [
       -82.458242,
       27.9460051
      ],
      [
       -82.4582368,
       27.9460049
      ],
      [
       -82.458234,
       27.9459984
      ],
      [
       -82.4582286,
       27.9460003
      ],
      [
       -82.458291,
       27.9461389
      ],
      [
       -82.4584005,
       27.9461017
      ]
     ]
    ]
   },
   "properties": {
    "sheet": "01352_1889-0003",
    "building_id": "01352_1889-0003:block:6:bldg70",
    "block_id": "01352_1889-0003:block:6",
    "block_fid": 12,
    "block_number": "6",
    "text_inside": [
     "Genit S.",
     "2½",
     "x"
    ],
    "numerals_inside": [
     "2½"
    ],
    "words_inside": [
     "Genit S."
    ],
    "floors": null,
    "wash_rgb": [
     231,
     224,
     188
    ],
    "wash_chroma": 14.5,
    "wash_lightness_delta": -7.0,
    "hue_deg": 50,
    "material": null,
    "area_source_px2": 72047,
    "centroid_source_px": [
     3853,
     5195
    ],
    "orphan": false,
    "centroid_map": [
     356534.646,
     3092082.313
    ]
   }
  },
  {
   "type": "Feature",
   "geometry": {
    "type": "Polygon",
    "coordinates": [
     [
      [
       -82.4577221,
       27.946336
      ],
      [
       -82.4576939,
       27.9462619
      ],
      [
       -82.457689,
       27.9462611
      ],
      [
       -82.4576654,
       27.9462114
      ],
      [
       -82.4576569,
       27.9462164
      ],
      [
       -82.4576617,
       27.9462222
      ],
      [
       -82.4576496,
       27.9462279
      ],
      [
       -82.4576555,
       27.9462323
      ],
      [
       -82.4576476,
       27.9462361
      ],
      [
       -82.4576481,
       27.9462424
      ],
      [
       -82.4576543,
       27.9462462
      ],
      [
       -82.4576478,
       27.946253
      ],
      [
       -82.4576333,
       27.9462291
      ],
      [
       -82.4576505,
       27.9462211
      ],
      [
       -82.4576538,
       27.9462144
      ],
      [
       -82.4576469,
       27.9462103
      ],
      [
       -82.4576152,
       27.9462214
      ],
      [
       -82.4576183,
       27.9462308
      ],
      [
       -82.4576086,
       27.9462332
      ],
      [
       -82.4576652,
       27.9463523
      ],
      [
       -82.4576704,
       27.946354
      ],
      [
       -82.4577221,
       27.946336
      ]
     ]
    ]
   },
   "properties": {
    "sheet": "01352_1889-0003",
    "building_id": "01352_1889-0003:block:7:bldg71",
    "block_id": "01352_1889-0003:block:7",
    "block_fid": 11,
    "block_number": "7",
    "text_inside": [
     "2 Vac.",
     "x"
    ],
    "numerals_inside": [],
    "words_inside": [
     "2 Vac."
    ],
    "floors": null,
    "wash_rgb": [
     229,
     222,
     190
    ],
    "wash_chroma": 12.9,
    "wash_lightness_delta": -8.0,
    "hue_deg": 50,
    "material": null,
    "area_source_px2": 33790,
    "centroid_source_px": [
     5187,
     5183
    ],
    "orphan": false,
    "centroid_map": [
     356598.716,
     3092107.223
    ]
   }
  },
  {
   "type": "Feature",
   "geometry": {
    "type": "Polygon",
    "coordinates": [
     [
      [
       -82.4577726,
       27.946286
      ],
      [
       -82.4578201,
       27.9462674
      ],
      [
       -82.4577711,
       27.9461706
      ],
      [
       -82.457768,
       27.9461801
      ],
      [
       -82.4577554,
       27.9461846
      ],
      [
       -82.4577565,
       27.9461897
      ],
      [
       -82.4577636,
       27.9461892
      ],
      [
       -82.4577626,
       27.9461945
      ],
      [
       -82.4577698,
       27.9461955
      ],
      [
       -82.4577652,
       27.9462006
      ],
      [
       -82.4577739,
       27.9462176
      ],
      [
       -82.4577787,
       27.9462184
      ],
      [
       -82.4577763,
       27.9462257
      ],
      [
       -82.4577674,
       27.9462283
      ],
      [
       -82.4577683,
       27.9462445
      ],
      [
       -82.4577566,
       27.9462421
      ],
      [
       -82.4577579,
       27.9462361
      ],
      [
       -82.4577466,
       27.9462131
      ],
      [
       -82.4577361,
       27.9462148
      ],
      [
       -82.4577634,
       27.9462742
      ],
      [
       -82.4577726,
       27.946286
      ]
     ]
    ]
   },
   "properties": {
    "sheet": "01352_1889-0003",
    "building_id": "01352_1889-0003:block:7:bldg72",
    "block_id": "01352_1889-0003:block:7",
    "block_fid": 11,
    "block_number": "7",
    "text_inside": [
     "Storg",
     "12"
    ],
    "numerals_inside": [
     "12"
    ],
    "words_inside": [
     "Storg"
    ],
    "floors": null,
    "wash_rgb": [
     230,
     223,
     189
    ],
    "wash_chroma": 13.5,
    "wash_lightness_delta": -7.4,
    "hue_deg": 50,
    "material": null,
    "area_source_px2": 15988,
    "centroid_source_px": [
     4948,
     5191
    ],
    "orphan": false,
    "centroid_map": [
     356587.344,
     3092102.478
    ]
   }
  },
  {
   "type": "Feature",
   "geometry": {
    "type": "Polygon",
    "coordinates": [
     [
      [
       -82.4577643,
       27.9462888
      ],
      [
       -82.4577217,
       27.9461898
      ],
      [
       -82.4577169,
       27.9461905
      ],
      [
       -82.4577134,
       27.9461992
      ],
      [
       -82.4577099,
       27.9461989
      ],
      [
       -82.457714,
       27.9461915
      ],
      [
       -82.4577119,
       27.9461867
      ],
      [
       -82.4576836,
       27.9461966
      ],
      [
       -82.4576832,
       27.9462072
      ],
      [
       -82.4576743,
       27.9462113
      ],
      [
       -82.4577186,
       27.9463013
      ],
      [
       -82.4577233,
       27.9463031
      ],
      [
       -82.4577643,
       27.9462888
      ]
     ]
    ]
   },
   "properties": {
    "sheet": "01352_1889-0003",
    "building_id": "01352_1889-0003:block:7:bldg73",
    "block_id": "01352_1889-0003:block:7",
    "block_fid": 11,
    "block_number": "7",
    "text_inside": [
     "Vac.",
     "1",
     "x"
    ],
    "numerals_inside": [
     "1"
    ],
    "words_inside": [
     "Vac."
    ],
    "floors": null,
    "wash_rgb": [
     229,
     223,
     188
    ],
    "wash_chroma": 14.3,
    "wash_lightness_delta": -7.9,
    "hue_deg": 52,
    "material": null,
    "area_source_px2": 22443,
    "centroid_source_px": [
     5062,
     5218
    ],
    "orphan": false,
    "centroid_map": [
     356593.331,
     3092103.257
    ]
   }
  },
  {
   "type": "Feature",
   "geometry": {
    "type": "Polygon",
    "coordinates": [
     [
      [
       -82.4574349,
       27.9463531
      ],
      [
       -82.4574529,
       27.9463468
      ],
      [
       -82.457451,
       27.946354
      ],
      [
       -82.4574594,
       27.9463615
      ],
      [
       -82.4576246,
       27.9463
      ],
      [
       -82.4575959,
       27.9462311
      ],
      [
       -82.457586,
       27.9462316
      ],
      [
       -82.4574253,
       27.946292
      ],
      [
       -82.4574224,
       27.9463045
      ],
      [
       -82.4574133,
       27.9463067
      ],
      [
       -82.4574303,
       27.9463427
      ],
      [
       -82.4574429,
       27.9463343
      ],
      [
       -82.4574351,
       27.9463281
      ],
      [
       -82.4574393,
       27.9463211
      ],
      [
       -82.4574491,
       27.9463242
      ],
      [
       -82.4574451,
       27.9463291
      ],
      [
       -82.4574486,
       27.9463344
      ],
      [
       -82.4574333,
       27.9463482
      ],
      [
       -82.4574349,
       27.9463531
      ]
     ]
    ]
   },
   "properties": {
    "sheet": "01352_1889-0003",
    "building_id": "01352_1889-0003:block:7:bldg74",
    "block_id": "01352_1889-0003:block:7",
    "block_fid": 11,
    "block_number": "7",
    "text_inside": [
     "Geri t 5.",
     "x"
    ],
    "numerals_inside": [],
    "words_inside": [
     "Geri t 5."
    ],
    "floors": null,
    "wash_rgb": [
     229,
     222,
     187
    ],
    "wash_chroma": 14.0,
    "wash_lightness_delta": -8.4,
    "hue_deg": 50,
    "material": null,
    "area_source_px2": 59907,
    "centroid_source_px": [
     5445,
     5264
    ],
    "orphan": false,
    "centroid_map": [
     356612.627,
     3092108.025
    ]
   }
  },
  {
   "type": "Feature",
   "geometry": {
    "type": "Polygon",
    "coordinates": [
     [
      [
       -82.4590463,
       27.94568
      ],
      [
       -82.4589739,
       27.9457162
      ],
      [
       -82.4589734,
       27.9457214
      ],
      [
       -82.4590141,
       27.9457307
      ],
      [
       -82.4590432,
       27.9457176
      ],
      [
       -82.45905,
       27.9457217
      ],
      [
       -82.459053,
       27.9457067
      ],
      [
       -82.4590463,
       27.94568
      ]
     ]
    ]
   },
   "properties": {
    "sheet": "01352_1889-0003",
    "building_id": "01352_1889-0003:block:fid14:bldg75",
    "block_id": "01352_1889-0003:block:fid14",
    "block_fid": 14,
    "block_number": null,
    "text_inside": [],
    "numerals_inside": [],
    "words_inside": [],
    "floors": null,
    "wash_rgb": [
     230,
     229,
     222
    ],
    "wash_chroma": -0.3,
    "wash_lightness_delta": -1.8,
    "hue_deg": 52,
    "material": null,
    "area_source_px2": 8574,
    "centroid_source_px": [
     2329,
     5395
    ],
    "orphan": false,
    "centroid_map": [
     356464.848,
     3092044.878
    ]
   }
  },
  {
   "type": "Feature",
   "geometry": {
    "type": "Polygon",
    "coordinates": [
     [
      [
       -82.4588496,
       27.945781
      ],
      [
       -82.4590553,
       27.9456674
      ],
      [
       -82.4590364,
       27.9456385
      ],
      [
       -82.4590348,
       27.9456515
      ],
      [
       -82.4590392,
       27.945659
      ],
      [
       -82.459027,
       27.9456643
      ],
      [
       -82.4590209,
       27.9456609
      ],
      [
       -82.4590108,
       27.9456634
      ],
      [
       -82.4589636,
       27.9456903
      ],
      [
       -82.4589629,
       27.9456746
      ],
      [
       -82.4589733,
       27.945669
      ],
      [
       -82.4589798,
       27.9456722
      ],
      [
       -82.4589866,
       27.9456608
      ],
      [
       -82.4590031,
       27.9456561
      ],
      [
       -82.4590218,
       27.9456411
      ],
      [
       -82.4590279,
       27.9456435
      ],
      [
       -82.4590362,
       27.9456331
      ],
      [
       -82.4589611,
       27.9455064
      ],
      [
       -82.4587549,
       27.9456202
      ],
      [
       -82.4587766,
       27.9456591
      ],
      [
       -82.4588501,
       27.9456205
      ],
      [
       -82.4588861,
       27.9456714
      ],
      [
       -82.4588847,
       27.9456784
      ],
      [
       -82.4588068,
       27.9457225
      ],
      [
       -82.4588496,
       27.945781
      ]
     ]
    ]
   },
   "properties": {
    "sheet": "01352_1889-0003",
    "building_id": "01352_1889-0003:block:fid14:bldg76",
    "block_id": "01352_1889-0003:block:fid14",
    "block_fid": 14,
    "block_number": null,
    "text_inside": [],
    "numerals_inside": [],
    "words_inside": [],
    "floors": null,
    "wash_rgb": [
     230,
     227,
     211
    ],
    "wash_chroma": 4.2,
    "wash_lightness_delta": -3.4,
    "hue_deg": 50,
    "material": null,
    "area_source_px2": 153162,
    "centroid_source_px": [
     2462,
     5622
    ],
    "orphan": false,
    "centroid_map": [
     356475.398,
     3092036.364
    ]
   }
  },
  {
   "type": "Feature",
   "geometry": {
    "type": "Polygon",
    "coordinates": [
     [
      [
       -82.4587545,
       27.9457377
      ],
      [
       -82.4587593,
       27.945737
      ],
      [
       -82.4587605,
       27.9457271
      ],
      [
       -82.4587653,
       27.9457379
      ],
      [
       -82.4587732,
       27.9457367
      ],
      [
       -82.4588824,
       27.9456757
      ],
      [
       -82.4588501,
       27.9456255
      ],
      [
       -82.45884,
       27.945627
      ],
      [
       -82.458736,
       27.9456857
      ],
      [
       -82.4587398,
       27.9456943
      ],
      [
       -82.4587304,
       27.9456996
      ],
      [
       -82.4587545,
       27.9457377
      ]
     ]
    ]
   },
   "properties": {
    "sheet": "01352_1889-0003",
    "building_id": "01352_1889-0003:block:fid14:bldg77",
    "block_id": "01352_1889-0003:block:fid14",
    "block_fid": 14,
    "block_number": null,
    "text_inside": [
     "x"
    ],
    "numerals_inside": [],
    "words_inside": [],
    "floors": null,
    "wash_rgb": [
     230,
     225,
     196
    ],
    "wash_chroma": 10.7,
    "wash_lightness_delta": -6.1,
    "hue_deg": 52,
    "material": null,
    "area_source_px2": 35732,
    "centroid_source_px": [
     2679,
     5601
    ],
    "orphan": false,
    "centroid_map": [
     356485.473,
     3092041.334
    ]
   }
  },
  {
   "type": "Feature",
   "geometry": {
    "type": "Polygon",
    "coordinates": [
     [
      [
       -82.4586932,
       27.9456232
      ],
      [
       -82.458701,
       27.9456165
      ],
      [
       -82.4587053,
       27.9456264
      ],
      [
       -82.4587319,
       27.9456152
      ],
      [
       -82.4587212,
       27.9455859
      ],
      [
       -82.4587359,
       27.9456128
      ],
      [
       -82.4587515,
       27.9456074
      ],
      [
       -82.4587548,
       27.9455957
      ],
      [
       -82.4587427,
       27.9455684
      ],
      [
       -82.4587347,
       27.9455693
      ],
      [
       -82.4587291,
       27.9455617
      ],
      [
       -82.4587158,
       27.9455673
      ],
      [
       -82.4587191,
       27.9455787
      ],
      [
       -82.4587086,
       27.9455688
      ],
      [
       -82.4586861,
       27.9455777
      ],
      [
       -82.4586845,
       27.9455867
      ],
      [
       -82.458678,
       27.94559
      ],
      [
       -82.4586834,
       27.9456021
      ],
      [
       -82.4586986,
       27.9455998
      ],
      [
       -82.4587108,
       27.9455916
      ],
      [
       -82.4587146,
       27.9455952
      ],
      [
       -82.4587114,
       27.9456044
      ],
      [
       -82.4586912,
       27.9456134
      ],
      [
       -82.4586932,
       27.9456232
      ]
     ]
    ]
   },
   "properties": {
    "sheet": "01352_1889-0003",
    "building_id": "01352_1889-0003:block:fid14:bldg78",
    "block_id": "01352_1889-0003:block:fid14",
    "block_fid": 14,
    "block_number": null,
    "text_inside": [
     "1",
     "OFF",
     "x",
     "x"
    ],
    "numerals_inside": [
     "1"
    ],
    "words_inside": [
     "OFF"
    ],
    "floors": null,
    "wash_rgb": [
     227,
     219,
     184
    ],
    "wash_chroma": 14.6,
    "wash_lightness_delta": -10.9,
    "hue_deg": 48,
    "material": null,
    "area_source_px2": 11201,
    "centroid_source_px": [
     2772,
     5838
    ],
    "orphan": false,
    "centroid_map": [
     356494.277,
     3092031.609
    ]
   }
  },
  {
   "type": "Feature",
   "geometry": {
    "type": "Polygon",
    "coordinates": [
     [
      [
       -82.4573063,
       27.9460722
      ],
      [
       -82.4573263,
       27.9460792
      ],
      [
       -82.4573335,
       27.9460712
      ],
      [
       -82.4573429,
       27.9460784
      ],
      [
       -82.4573658,
       27.9460705
      ],
      [
       -82.4573658,
       27.946059
      ],
      [
       -82.4573601,
       27.9460564
      ],
      [
       -82.457375,
       27.9460493
      ],
      [
       -82.4573733,
       27.9460379
      ],
      [
       -82.4573798,
       27.9460526
      ],
      [
       -82.4573883,
       27.9460501
      ],
      [
       -82.4573947,
       27.9460584
      ],
      [
       -82.4574323,
       27.9460453
      ],
      [
       -82.4574336,
       27.9460343
      ],
      [
       -82.457428,
       27.9460318
      ],
      [
       -82.4574413,
       27.9460237
      ],
      [
       -82.4574404,
       27.9460115
      ],
      [
       -82.4574472,
       27.9460216
      ],
      [
       -82.457438,
       27.9460303
      ],
      [
       -82.4574426,
       27.9460407
      ],
      [
       -82.457448,
       27.9460388
      ],
      [
       -82.4574477,
       27.9460305
      ],
      [
       -82.4574564,
       27.9460259
      ],
      [
       -82.4574665,
       27.9460324
      ],
      [
       -82.4574992,
       27.946021
      ],
      [
       -82.4575013,
       27.9460118
      ],
      [
       -82.4574938,
       27.9460089
      ],
      [
       -82.4575107,
       27.946
      ],
      [
       -82.4575054,
       27.9459879
      ],
      [
       -82.4574983,
       27.9459859
      ],
      [
       -82.4574973,
       27.9459697
      ],
      [
       -82.4574825,
       27.9459719
      ],
      [
       -82.4574766,
       27.9459674
      ],
      [
       -82.4574895,
       27.9459545
      ],
      [
       -82.457487,
       27.9459488
      ],
      [
       -82.4574786,
       27.9459463
      ],
      [
       -82.4574801,
       27.9459332
      ],
      [
       -82.4574709,
       27.9459125
      ],
      [
       -82.4574652,
       27.9459135
      ],
      [
       -82.4574593,
       27.945923
      ],
      [
       -82.4574515,
       27.9459182
      ],
      [
       -82.4574389,
       27.9459226
      ],
      [
       -82.4574368,
       27.9459319
      ],
      [
       -82.4574306,
       27.9459255
      ],
      [
       -82.4574163,
       27.9459315
      ],
      [
       -82.4574095,
       27.9459414
      ],
      [
       -82.4574113,
       27.9459482
      ],
      [
       -82.4574002,
       27.9459371
      ],
      [
       -82.4573943,
       27.9459401
      ],
      [
       -82.4573919,
       27.9459475
      ],
      [
       -82.4573831,
       27.9459441
      ],
      [
       -82.4573714,
       27.9459481
      ],
      [
       -82.457366,
       27.9459575
      ],
      [
       -82.4573615,
       27.9459526
      ],
      [
       -82.4573514,
       27.9459551
      ],
      [
       -82.4573416,
       27.945966
      ],
      [
       -82.4573431,
       27.9459745
      ],
      [
       -82.4573358,
       27.945963
      ],
      [
       -82.4573215,
       27.9459665
      ],
      [
       -82.4573229,
       27.945981
      ],
      [
       -82.4572758,
       27.9459979
      ],
      [
       -82.4572851,
       27.9460266
      ],
      [
       -82.4572911,
       27.9460275
      ],
      [
       -82.457297,
       27.9460205
      ],
      [
       -82.4573038,
       27.9460231
      ],
      [
       -82.4573034,
       27.9460298
      ],
      [
       -82.4573118,
       27.9460273
      ],
      [
       -82.4573091,
       27.9460377
      ],
      [
       -82.4572981,
       27.9460396
      ],
      [
       -82.4572943,
       27.9460449
      ],
      [
       -82.4573063,
       27.9460722
      ]
     ]
    ]
   },
   "properties": {
    "sheet": "01352_1889-0003",
    "building_id": "01352_1889-0003:block:8:bldg79",
    "block_id": "01352_1889-0003:block:8",
    "block_fid": 15,
    "block_number": "8",
    "text_inside": [
     "01",
     "2",
     "2",
     "2",
     "Jewelry",
     "Bank",
     "Ch",
     "12\"",
     "16\""
    ],
    "numerals_inside": [
     "01",
     "2",
     "2",
     "2"
    ],
    "words_inside": [
     "Jewelry",
     "Bank",
     "Ch"
    ],
    "floors": null,
    "wash_rgb": [
     227,
     208,
     205
    ],
    "wash_chroma": 3.2,
    "wash_lightness_delta": -16.7,
    "hue_deg": 8,
    "material": null,
    "area_source_px2": 87584,
    "centroid_source_px": [
     5443,
     5955
    ],
    "orphan": false,
    "centroid_map": [
     356625.134,
     3092074.688
    ]
   }
  },
  {
   "type": "Feature",
   "geometry": {
    "type": "Polygon",
    "coordinates": [
     [
      [
       -82.4581355,
       27.9457894
      ],
      [
       -82.4584315,
       27.9456813
      ],
      [
       -82.4584108,
       27.9456421
      ],
      [
       -82.4583725,
       27.9456574
      ],
      [
       -82.4583837,
       27.9456905
      ],
      [
       -82.4583403,
       27.9457066
      ],
      [
       -82.4583185,
       27.9456573
      ],
      [
       -82.4583206,
       27.945652
      ],
      [
       -82.4583162,
       27.9456496
      ],
      [
       -82.4581824,
       27.9456957
      ],
      [
       -82.4581786,
       27.9456845
      ],
      [
       -82.4581859,
       27.9456895
      ],
      [
       -82.4581899,
       27.945677
      ],
      [
       -82.4581949,
       27.9456743
      ],
      [
       -82.4581521,
       27.9455798
      ],
      [
       -82.4581535,
       27.9455728
      ],
      [
       -82.4582569,
       27.9455358
      ],
      [
       -82.4583039,
       27.9456383
      ],
      [
       -82.4583128,
       27.9456482
      ],
      [
       -82.4583247,
       27.9456281
      ],
      [
       -82.4583244,
       27.9456197
      ],
      [
       -82.4583893,
       27.9455961
      ],
      [
       -82.4583865,
       27.9455796
      ],
      [
       -82.4584503,
       27.9455534
      ],
      [
       -82.4584241,
       27.9454966
      ],
      [
       -82.4583149,
       27.9453538
      ],
      [
       -82.4582836,
       27.9453682
      ],
      [
       -82.4582405,
       27.9453992
      ],
      [
       -82.4582326,
       27.9453979
      ],
      [
       -82.4582134,
       27.9453786
      ],
      [
       -82.4582086,
       27.9453868
      ],
      [
       -82.4582156,
       27.9453899
      ],
      [
       -82.4582139,
       27.9453989
      ],
      [
       -82.4582082,
       27.9453974
      ],
      [
       -82.4581892,
       27.9454041
      ],
      [
       -82.4581893,
       27.945398
      ],
      [
       -82.458198,
       27.9453935
      ],
      [
       -82.4581862,
       27.9453806
      ],
      [
       -82.4581916,
       27.9453713
      ],
      [
       -82.4582044,
       27.9453698
      ],
      [
       -82.4582112,
       27.9453609
      ],
      [
       -82.4582832,
       27.9453124
      ],
      [
       -82.458191,
       27.9451916
      ],
      [
       -82.4581863,
       27.9451938
      ],
      [
       -82.458236,
       27.9453063
      ],
      [
       -82.4581222,
       27.9453479
      ],
      [
       -82.4580937,
       27.9452859
      ],
      [
       -82.4580847,
       27.9452871
      ],
      [
       -82.4581277,
       27.945387
      ],
      [
       -82.4580339,
       27.9454217
      ],
      [
       -82.4579827,
       27.9453096
      ],
      [
       -82.4579984,
       27.9453032
      ],
      [
       -82.4579872,
       27.945311
      ],
      [
       -82.4579934,
       27.9453174
      ],
      [
       -82.4580896,
       27.9452829
      ],
      [
       -82.4580832,
       27.9452646
      ],
      [
       -82.458073,
       27.9452697
      ],
      [
       -82.4580607,
       27.945266
      ],
      [
       -82.4580623,
       27.9452809
      ],
      [
       -82.4580476,
       27.945286
      ],
      [
       -82.458058,
       27.9452789
      ],
      [
       -82.4580553,
       27.9452703
      ],
      [
       -82.4580455,
       27.9452673
      ],
      [
       -82.4580409,
       27.9452734
      ],
      [
       -82.4580363,
       27.945263
      ],
      [
       -82.4580294,
       27.9452664
      ],
      [
       -82.4580253,
       27.9452788
      ],
      [
       -82.4580231,
       27.9452686
      ],
      [
       -82.4580166,
       27.9452679
      ],
      [
       -82.4580462,
       27.945256
      ],
      [
       -82.4580456,
       27.9452458
      ],
      [
       -82.4580514,
       27.9452512
      ],
      [
       -82.4580648,
       27.9452511
      ],
      [
       -82.4580731,
       27.9452417
      ],
      [
       -82.4580697,
       27.9452289
      ],
      [
       -82.4581373,
       27.9452038
      ],
      [
       -82.4581343,
       27.9451944
      ],
      [
       -82.4581274,
       27.9451978
      ],
      [
       -82.458127,
       27.9451894
      ],
      [
       -82.4581143,
       27.9451874
      ],
      [
       -82.4581077,
       27.9451941
      ],
      [
       -82.4580953,
       27.945194
      ],
      [
       -82.4580868,
       27.9452014
      ],
      [
       -82.4580714,
       27.9452023
      ],
      [
       -82.4580624,
       27.9452099
      ],
      [
       -82.458049,
       27.9452101
      ],
      [
       -82.4580481,
       27.9452234
      ],
      [
       -82.4580393,
       27.9452265
      ],
      [
       -82.4580429,
       27.9452372
      ],
      [
       -82.458029,
       27.9452171
      ],
      [
       -82.4578907,
       27.9452682
      ],
      [
       -82.4579738,
       27.9454501
      ],
      [
       -82.4579808,
       27.9454531
      ],
      [
       -82.4580362,
       27.9454359
      ],
      [
       -82.4580444,
       27.9454545
      ],
      [
       -82.4580418,
       27.9454589
      ],
      [
       -82.457988,
       27.9454796
      ],
      [
       -82.4581272,
       27.9457808
      ],
      [
       -82.4581355,
       27.9457894
      ]
     ]
    ]
   },
   "properties": {
    "sheet": "01352_1889-0003",
    "building_id": "01352_1889-0003:block:9:bldg80",
    "block_id": "01352_1889-0003:block:9",
    "block_fid": 16,
    "block_number": "9",
    "text_inside": [
     "X",
     "X",
     "1",
     "1/2",
     "X",
     "THANK.",
     "TANK",
     "THANK.",
     "X"
    ],
    "numerals_inside": [
     "1"
    ],
    "words_inside": [
     "THANK.",
     "TANK",
     "THANK."
    ],
    "floors": null,
    "wash_rgb": [
     233,
     231,
     221
    ],
    "wash_chroma": 1.0,
    "wash_lightness_delta": 0.0,
    "hue_deg": 50,
    "material": null,
    "area_source_px2": 574917,
    "centroid_source_px": [
     3650,
     6395
    ],
    "orphan": false,
    "centroid_map": [
     356546.75,
     3092020.779
    ]
   }
  },
  {
   "type": "Feature",
   "geometry": {
    "type": "Polygon",
    "coordinates": [
     [
      [
       -82.4584962,
       27.9456598
      ],
      [
       -82.458453,
       27.9455594
      ],
      [
       -82.4583903,
       27.9455818
      ],
      [
       -82.4584318,
       27.9456757
      ],
      [
       -82.4584411,
       27.9456725
      ],
      [
       -82.4584473,
       27.9456778
      ],
      [
       -82.4584805,
       27.9456663
      ],
      [
       -82.4584839,
       27.9456511
      ],
      [
       -82.4584897,
       27.9456566
      ],
      [
       -82.4584875,
       27.9456618
      ],
      [
       -82.4584962,
       27.9456598
      ]
     ]
    ]
   },
   "properties": {
    "sheet": "01352_1889-0003",
    "building_id": "01352_1889-0003:block:9:bldg81",
    "block_id": "01352_1889-0003:block:9",
    "block_fid": 16,
    "block_number": "9",
    "text_inside": [
     "9",
     "x",
     "Vac"
    ],
    "numerals_inside": [
     "9"
    ],
    "words_inside": [
     "Vac"
    ],
    "floors": null,
    "wash_rgb": [
     230,
     224,
     189
    ],
    "wash_chroma": 13.8,
    "wash_lightness_delta": -6.9,
    "hue_deg": 52,
    "material": null,
    "area_source_px2": 29050,
    "centroid_source_px": [
     3287,
     5983
    ],
    "orphan": false,
    "centroid_map": [
     356521.741,
     3092034.014
    ]
   }
  },
  {
   "type": "Feature",
   "geometry": {
    "type": "Polygon",
    "coordinates": [
     [
      [
       -82.4583413,
       27.9456988
      ],
      [
       -82.4583461,
       27.9456981
      ],
      [
       -82.4583495,
       27.9456869
      ],
      [
       -82.4583531,
       27.9456987
      ],
      [
       -82.4583774,
       27.9456902
      ],
      [
       -82.4583661,
       27.9456556
      ],
      [
       -82.4584112,
       27.945638
      ],
      [
       -82.4583942,
       27.9455994
      ],
      [
       -82.4583405,
       27.9456181
      ],
      [
       -82.4583401,
       27.9456273
      ],
      [
       -82.4583326,
       27.9456219
      ],
      [
       -82.4583278,
       27.9456236
      ],
      [
       -82.4583326,
       27.9456383
      ],
      [
       -82.45834,
       27.9456463
      ],
      [
       -82.4583522,
       27.9456445
      ],
      [
       -82.4583705,
       27.9456337
      ],
      [
       -82.4583772,
       27.9456348
      ],
      [
       -82.4583974,
       27.9456233
      ],
      [
       -82.4583958,
       27.9456323
      ],
      [
       -82.4583508,
       27.9456515
      ],
      [
       -82.4583409,
       27.9456534
      ],
      [
       -82.4583352,
       27.9456494
      ],
      [
       -82.4583233,
       27.9456556
      ],
      [
       -82.4583413,
       27.9456988
      ]
     ]
    ]
   },
   "properties": {
    "sheet": "01352_1889-0003",
    "building_id": "01352_1889-0003:block:9:bldg82",
    "block_id": "01352_1889-0003:block:9",
    "block_fid": 16,
    "block_number": "9",
    "text_inside": [
     "1",
     "KITCHEN"
    ],
    "numerals_inside": [
     "1"
    ],
    "words_inside": [
     "KITCHEN"
    ],
    "floors": null,
    "wash_rgb": [
     228,
     223,
     191
    ],
    "wash_chroma": 12.3,
    "wash_lightness_delta": -7.9,
    "hue_deg": 52,
    "material": null,
    "area_source_px2": 17207,
    "centroid_source_px": [
     3450,
     5978
    ],
    "orphan": false,
    "centroid_map": [
     356529.506,
     3092037.228
    ]
   }
  },
  {
   "type": "Feature",
   "geometry": {
    "type": "Polygon",
    "coordinates": [
     [
      [
       -82.4582038,
       27.9456842
      ],
      [
       -82.4582153,
       27.9456772
      ],
      [
       -82.4582234,
       27.9456814
      ],
      [
       -82.458293,
       27.9456531
      ],
      [
       -82.4582866,
       27.9456489
      ],
      [
       -82.4582824,
       27.9456533
      ],
      [
       -82.4582736,
       27.9456524
      ],
      [
       -82.4582868,
       27.9456468
      ],
      [
       -82.4582859,
       27.9456371
      ],
      [
       -82.458293,
       27.9456391
      ],
      [
       -82.4582978,
       27.945631
      ],
      [
       -82.4582632,
       27.9455551
      ],
      [
       -82.4582509,
       27.9455539
      ],
      [
       -82.4582439,
       27.9455444
      ],
      [
       -82.4581707,
       27.9455698
      ],
      [
       -82.4581701,
       27.945585
      ],
      [
       -82.45816,
       27.9455876
      ],
      [
       -82.4582038,
       27.9456842
      ]
     ]
    ]
   },
   "properties": {
    "sheet": "01352_1889-0003",
    "building_id": "01352_1889-0003:block:9:bldg83",
    "block_id": "01352_1889-0003:block:9",
    "block_fid": 16,
    "block_number": "9",
    "text_inside": [
     "1/2",
     "0",
     "X"
    ],
    "numerals_inside": [
     "0"
    ],
    "words_inside": [],
    "floors": null,
    "wash_rgb": [
     230,
     224,
     193
    ],
    "wash_chroma": 12.1,
    "wash_lightness_delta": -6.7,
    "hue_deg": 50,
    "material": null,
    "area_source_px2": 50635,
    "centroid_source_px": [
     3657,
     6136
    ],
    "orphan": false,
    "centroid_map": [
     356542.363,
     3092033.389
    ]
   }
  },
  {
   "type": "Feature",
   "geometry": {
    "type": "Polygon",
    "coordinates": [
     [
      [
       -82.4586973,
       27.9454554
      ],
      [
       -82.4588666,
       27.9453585
      ],
      [
       -82.4588602,
       27.9453492
      ],
      [
       -82.4587877,
       27.9453849
      ],
      [
       -82.4587583,
       27.9453298
      ],
      [
       -82.45869,
       27.945361
      ],
      [
       -82.4586792,
       27.9453723
      ],
      [
       -82.4586714,
       27.9453955
      ],
      [
       -82.4586792,
       27.9454272
      ],
      [
       -82.4586973,
       27.9454554
      ]
     ]
    ]
   },
   "properties": {
    "sheet": "01352_1889-0003",
    "building_id": "01352_1889-0003:block:fid17:bldg84",
    "block_id": "01352_1889-0003:block:fid17",
    "block_fid": 17,
    "block_number": null,
    "text_inside": [],
    "numerals_inside": [],
    "words_inside": [],
    "floors": null,
    "wash_rgb": [
     193,
     209,
     210
    ],
    "wash_chroma": 3.1,
    "wash_lightness_delta": -22.6,
    "hue_deg": 184,
    "material": null,
    "area_source_px2": 41641,
    "centroid_source_px": [
     2581,
     6230
    ],
    "orphan": false,
    "centroid_map": [
     356492.223,
     3092009.233
    ]
   }
  },
  {
   "type": "Feature",
   "geometry": {
    "type": "Polygon",
    "coordinates": [
     [
      [
       -82.458881,
       27.94533
      ],
      [
       -82.4588949,
       27.9453206
      ],
      [
       -82.4588318,
       27.9451803
      ],
      [
       -82.4588168,
       27.9451795
      ],
      [
       -82.4588157,
       27.9451859
      ],
      [
       -82.4588076,
       27.9451867
      ],
      [
       -82.4588051,
       27.9451951
      ],
      [
       -82.4588127,
       27.9452009
      ],
      [
       -82.458812,
       27.9452131
      ],
      [
       -82.4588191,
       27.9452152
      ],
      [
       -82.4588255,
       27.9452374
      ],
      [
       -82.4588315,
       27.9452408
      ],
      [
       -82.4588199,
       27.9452413
      ],
      [
       -82.4588147,
       27.9452512
      ],
      [
       -82.4588212,
       27.9452659
      ],
      [
       -82.4588362,
       27.9452616
      ],
      [
       -82.4588487,
       27.9452683
      ],
      [
       -82.4588498,
       27.9452949
      ],
      [
       -82.4588562,
       27.9452967
      ],
      [
       -82.4588544,
       27.9453028
      ],
      [
       -82.4588638,
       27.9453115
      ],
      [
       -82.4588684,
       27.9453269
      ],
      [
       -82.458881,
       27.94533
      ]
     ]
    ]
   },
   "properties": {
    "sheet": "01352_1889-0003",
    "building_id": "01352_1889-0003:block:fid17:bldg85",
    "block_id": "01352_1889-0003:block:fid17",
    "block_fid": 17,
    "block_number": null,
    "text_inside": [
     "RCIAL COMP."
    ],
    "numerals_inside": [],
    "words_inside": [
     "RCIAL COMP."
    ],
    "floors": null,
    "wash_rgb": [
     229,
     225,
     206
    ],
    "wash_chroma": 6.0,
    "wash_lightness_delta": -5.4,
    "hue_deg": 50,
    "material": null,
    "area_source_px2": 19042,
    "centroid_source_px": [
     2277,
     6427
    ],
    "orphan": false,
    "centroid_map": [
     356481.165,
     3091994.195
    ]
   }
  },
  {
   "type": "Feature",
   "geometry": {
    "type": "Polygon",
    "coordinates": [
     [
      [
       -82.4585941,
       27.945358
      ],
      [
       -82.4586019,
       27.9453488
      ],
      [
       -82.4586072,
       27.9453544
      ],
      [
       -82.458611,
       27.9453466
      ],
      [
       -82.4586116,
       27.9453594
      ],
      [
       -82.4586256,
       27.945358
      ],
      [
       -82.4587537,
       27.9453118
      ],
      [
       -82.4587493,
       27.9452954
      ],
      [
       -82.4587336,
       27.9453019
      ],
      [
       -82.4587319,
       27.945298
      ],
      [
       -82.4587207,
       27.9452969
      ],
      [
       -82.4587205,
       27.94529
      ],
      [
       -82.4587416,
       27.9452806
      ],
      [
       -82.4587342,
       27.9452587
      ],
      [
       -82.4587455,
       27.9452792
      ],
      [
       -82.4587643,
       27.9452747
      ],
      [
       -82.4587683,
       27.9452863
      ],
      [
       -82.4587526,
       27.9452953
      ],
      [
       -82.4587597,
       27.9453088
      ],
      [
       -82.4588114,
       27.9452908
      ],
      [
       -82.4588133,
       27.9452761
      ],
      [
       -82.4588205,
       27.9452706
      ],
      [
       -82.4587172,
       27.9450418
      ],
      [
       -82.4587089,
       27.9450472
      ],
      [
       -82.4587019,
       27.9450377
      ],
      [
       -82.4586474,
       27.9450596
      ],
      [
       -82.4587178,
       27.945219
      ],
      [
       -82.4587348,
       27.945227
      ],
      [
       -82.4587291,
       27.945242
      ],
      [
       -82.4587337,
       27.9452524
      ],
      [
       -82.4587298,
       27.9452538
      ],
      [
       -82.458722,
       27.9452425
      ],
      [
       -82.4587213,
       27.9452512
      ],
      [
       -82.4586942,
       27.9452586
      ],
      [
       -82.4586904,
       27.9452525
      ],
      [
       -82.4586773,
       27.945256
      ],
      [
       -82.4586762,
       27.9452509
      ],
      [
       -82.4587085,
       27.9452362
      ],
      [
       -82.4587152,
       27.9452209
      ],
      [
       -82.4586994,
       27.9451914
      ],
      [
       -82.4585561,
       27.9452413
      ],
      [
       -82.4585584,
       27.945253
      ],
      [
       -82.4585519,
       27.9452523
      ],
      [
       -82.4585495,
       27.9452456
      ],
      [
       -82.4585454,
       27.945245
      ],
      [
       -82.4585941,
       27.945358
      ]
     ]
    ]
   },
   "properties": {
    "sheet": "01352_1889-0003",
    "building_id": "01352_1889-0003:block:fid17:bldg86",
    "block_id": "01352_1889-0003:block:fid17",
    "block_fid": 17,
    "block_number": null,
    "text_inside": [
     "1/2",
     "1",
     "TANK",
     "UW.RP.",
     "x",
     "0"
    ],
    "numerals_inside": [
     "1",
     "0"
    ],
    "words_inside": [
     "TANK",
     "UW.RP."
    ],
    "floors": null,
    "wash_rgb": [
     230,
     225,
     198
    ],
    "wash_chroma": 10.1,
    "wash_lightness_delta": -5.7,
    "hue_deg": 50,
    "material": null,
    "area_source_px2": 162589,
    "centroid_source_px": [
     2539,
     6593
    ],
    "orphan": false,
    "centroid_map": [
     356496.819,
     3091990.973
    ]
   }
  },
  {
   "type": "Feature",
   "geometry": {
    "type": "Polygon",
    "coordinates": [
     [
      [
       -82.4581546,
       27.945495
      ],
      [
       -82.4581507,
       27.9454864
      ],
      [
       -82.4581421,
       27.9454884
      ],
      [
       -82.4581371,
       27.9454836
      ],
      [
       -82.4581069,
       27.9454942
      ],
      [
       -82.4581087,
       27.9455095
      ],
      [
       -82.4580929,
       27.945484
      ],
      [
       -82.4580329,
       27.9455049
      ],
      [
       -82.4580312,
       27.94551
      ],
      [
       -82.4580413,
       27.9455265
      ],
      [
       -82.4580504,
       27.9455203
      ],
      [
       -82.4580613,
       27.945522
      ],
      [
       -82.45808,
       27.9455135
      ],
      [
       -82.4580669,
       27.9455321
      ],
      [
       -82.4580649,
       27.9455442
      ],
      [
       -82.4580692,
       27.9455463
      ],
      [
       -82.4581126,
       27.9455311
      ],
      [
       -82.4581131,
       27.945517
      ],
      [
       -82.4581199,
       27.9455211
      ],
      [
       -82.4581482,
       27.9455112
      ],
      [
       -82.4581546,
       27.945495
      ]
     ]
    ]
   },
   "properties": {
    "sheet": "01352_1889-0003",
    "building_id": "01352_1889-0003:block:9:bldg87",
    "block_id": "01352_1889-0003:block:9",
    "block_fid": 16,
    "block_number": "9",
    "text_inside": [
     "X",
     "X"
    ],
    "numerals_inside": [],
    "words_inside": [],
    "floors": null,
    "wash_rgb": [
     230,
     224,
     190
    ],
    "wash_chroma": 13.4,
    "wash_lightness_delta": -6.9,
    "hue_deg": 52,
    "material": null,
    "area_source_px2": 16504,
    "centroid_source_px": [
     3818,
     6439
    ],
    "orphan": false,
    "centroid_map": [
     356555.649,
     3092021.723
    ]
   }
  },
  {
   "type": "Feature",
   "geometry": {
    "type": "Polygon",
    "coordinates": [
     [
      [
       -82.4572959,
       27.9457886
      ],
      [
       -82.457265,
       27.9457239
      ],
      [
       -82.4571924,
       27.9457492
      ],
      [
       -82.4571902,
       27.9457595
      ],
      [
       -82.4571825,
       27.9457636
      ],
      [
       -82.4571932,
       27.9457854
      ],
      [
       -82.4572268,
       27.9457737
      ],
      [
       -82.4572328,
       27.9457871
      ],
      [
       -82.4572191,
       27.9457918
      ],
      [
       -82.4572184,
       27.9457876
      ],
      [
       -82.4572109,
       27.9457872
      ],
      [
       -82.457197,
       27.945794
      ],
      [
       -82.4572056,
       27.9458135
      ],
      [
       -82.4572109,
       27.9458127
      ],
      [
       -82.4572143,
       27.945804
      ],
      [
       -82.4572152,
       27.9458187
      ],
      [
       -82.4572959,
       27.9457886
      ]
     ]
    ]
   },
   "properties": {
    "sheet": "01352_1889-0003",
    "building_id": "01352_1889-0003:block:8:bldg88",
    "block_id": "01352_1889-0003:block:8",
    "block_fid": 15,
    "block_number": "8",
    "text_inside": [
     "Vac.",
     "x"
    ],
    "numerals_inside": [],
    "words_inside": [
     "Vac."
    ],
    "floors": null,
    "wash_rgb": [
     230,
     223,
     189
    ],
    "wash_chroma": 13.4,
    "wash_lightness_delta": -7.7,
    "hue_deg": 50,
    "material": null,
    "area_source_px2": 24885,
    "centroid_source_px": [
     5541,
     6513
    ],
    "orphan": false,
    "centroid_map": [
     356640.035,
     3092049.584
    ]
   }
  },
  {
   "type": "Feature",
   "geometry": {
    "type": "Polygon",
    "coordinates": [
     [
      [
       -82.458235,
       27.9453956
      ],
      [
       -82.4582449,
       27.9453926
      ],
      [
       -82.4582915,
       27.9453619
      ],
      [
       -82.4582867,
       27.9453561
      ],
      [
       -82.4582634,
       27.9453707
      ],
      [
       -82.4582533,
       27.9453683
      ],
      [
       -82.4582593,
       27.9453616
      ],
      [
       -82.4582551,
       27.9453521
      ],
      [
       -82.4582769,
       27.9453415
      ],
      [
       -82.4582796,
       27.9453311
      ],
      [
       -82.4582687,
       27.9453344
      ],
      [
       -82.458261,
       27.9453311
      ],
      [
       -82.4582126,
       27.945364
      ],
      [
       -82.4582131,
       27.9453703
      ],
      [
       -82.458235,
       27.9453956
      ]
     ]
    ]
   },
   "properties": {
    "sheet": "01352_1889-0003",
    "building_id": "01352_1889-0003:block:9:bldg89",
    "block_id": "01352_1889-0003:block:9",
    "block_fid": 16,
    "block_number": "9",
    "text_inside": [
     "HOTEL",
     "RIMS.",
     "X"
    ],
    "numerals_inside": [],
    "words_inside": [
     "HOTEL",
     "RIMS."
    ],
    "floors": null,
    "wash_rgb": [
     228,
     220,
     185
    ],
    "wash_chroma": 14.7,
    "wash_lightness_delta": -9.9,
    "hue_deg": 48,
    "material": null,
    "area_source_px2": 9409,
    "centroid_source_px": [
     3437,
     6624
    ],
    "orphan": false,
    "centroid_map": [
     356540.662,
     3092005.858
    ]
   }
  },
  {
   "type": "Feature",
   "geometry": {
    "type": "Polygon",
    "coordinates": [
     [
      [
       -82.4580366,
       27.9454177
      ],
      [
       -82.4581229,
       27.9453852
      ],
      [
       -82.4580808,
       27.9452949
      ],
      [
       -82.4580739,
       27.9452983
      ],
      [
       -82.4580781,
       27.9453054
      ],
      [
       -82.4580749,
       27.9453095
      ],
      [
       -82.4580639,
       27.9453113
      ],
      [
       -82.45806,
       27.9453052
      ],
      [
       -82.4580638,
       27.9452984
      ],
      [
       -82.4580593,
       27.9452959
      ],
      [
       -82.4580067,
       27.9453143
      ],
      [
       -82.457992,
       27.9453244
      ],
      [
       -82.4580366,
       27.9454177
      ]
     ]
    ]
   },
   "properties": {
    "sheet": "01352_1889-0003",
    "building_id": "01352_1889-0003:block:9:bldg90",
    "block_id": "01352_1889-0003:block:9",
    "block_fid": 16,
    "block_number": "9",
    "text_inside": [
     "2½",
     "X"
    ],
    "numerals_inside": [
     "2½"
    ],
    "words_inside": [],
    "floors": null,
    "wash_rgb": [
     231,
     224,
     195
    ],
    "wash_chroma": 11.5,
    "wash_lightness_delta": -6.2,
    "hue_deg": 48,
    "material": null,
    "area_source_px2": 39279,
    "centroid_source_px": [
     3764,
     6772
    ],
    "orphan": false,
    "centroid_map": [
     356559.12,
     3092004.69
    ]
   }
  },
  {
   "type": "Feature",
   "geometry": {
    "type": "Polygon",
    "coordinates": [
     [
      [
       -82.4581242,
       27.9453423
      ],
      [
       -82.4582333,
       27.9453028
      ],
      [
       -82.4581785,
       27.9451825
      ],
      [
       -82.4581597,
       27.945192
      ],
      [
       -82.4581488,
       27.9451839
      ],
      [
       -82.4581704,
       27.9451743
      ],
      [
       -82.4581703,
       27.9451689
      ],
      [
       -82.4581327,
       27.9451819
      ],
      [
       -82.4581406,
       27.9452062
      ],
      [
       -82.4580898,
       27.9452249
      ],
      [
       -82.4580894,
       27.945238
      ],
      [
       -82.4580819,
       27.9452376
      ],
      [
       -82.4580804,
       27.9452291
      ],
      [
       -82.4580735,
       27.9452325
      ],
      [
       -82.4580767,
       27.9452424
      ],
      [
       -82.4580854,
       27.9452479
      ],
      [
       -82.4580857,
       27.9452628
      ],
      [
       -82.4581242,
       27.9453423
      ]
     ]
    ]
   },
   "properties": {
    "sheet": "01352_1889-0003",
    "building_id": "01352_1889-0003:block:9:bldg91",
    "block_id": "01352_1889-0003:block:9",
    "block_fid": 16,
    "block_number": "9",
    "text_inside": [
     "X",
     "2½"
    ],
    "numerals_inside": [
     "2½"
    ],
    "words_inside": [],
    "floors": null,
    "wash_rgb": [
     228,
     220,
     186
    ],
    "wash_chroma": 13.7,
    "wash_lightness_delta": -10.1,
    "hue_deg": 48,
    "material": null,
    "area_source_px2": 61541,
    "centroid_source_px": [
     3520,
     6877
    ],
    "orphan": false,
    "centroid_map": [
     356549.277,
     3091995.179
    ]
   }
  },
  {
   "type": "Feature",
   "geometry": {
    "type": "Polygon",
    "coordinates": [
     [
      [
       -82.4570778,
       27.9455763
      ],
      [
       -82.4570874,
       27.9455904
      ],
      [
       -82.4570954,
       27.9455831
      ],
      [
       -82.4571074,
       27.9455885
      ],
      [
       -82.4571247,
       27.9455794
      ],
      [
       -82.4571211,
       27.9455902
      ],
      [
       -82.457125,
       27.9455953
      ],
      [
       -82.4571066,
       27.9455982
      ],
      [
       -82.4570993,
       27.9456033
      ],
      [
       -82.457103,
       27.9456065
      ],
      [
       -82.4571148,
       27.9456054
      ],
      [
       -82.45711,
       27.945611
      ],
      [
       -82.4571154,
       27.9456232
      ],
      [
       -82.4571921,
       27.9455944
      ],
      [
       -82.4571911,
       27.9455833
      ],
      [
       -82.4572014,
       27.9455912
      ],
      [
       -82.4572298,
       27.9455803
      ],
      [
       -82.4572366,
       27.945564
      ],
      [
       -82.4572173,
       27.9455547
      ],
      [
       -82.4571886,
       27.9455647
      ],
      [
       -82.4571876,
       27.9455765
      ],
      [
       -82.4571684,
       27.9455382
      ],
      [
       -82.4571617,
       27.9455331
      ],
      [
       -82.4570872,
       27.945562
      ],
      [
       -82.457088,
       27.9455727
      ],
      [
       -82.4570778,
       27.9455763
      ]
     ]
    ]
   },
   "properties": {
    "sheet": "01352_1889-0003",
    "building_id": "01352_1889-0003:block:8:bldg92",
    "block_id": "01352_1889-0003:block:8",
    "block_fid": 15,
    "block_number": "8",
    "text_inside": [
     "2.",
     "x",
     "Dmg.",
     "x"
    ],
    "numerals_inside": [],
    "words_inside": [
     "Dmg."
    ],
    "floors": null,
    "wash_rgb": [
     228,
     222,
     192
    ],
    "wash_chroma": 11.5,
    "wash_lightness_delta": -8.4,
    "hue_deg": 50,
    "material": null,
    "area_source_px2": 28012,
    "centroid_source_px": [
     5545,
     6964
    ],
    "orphan": false,
    "centroid_map": [
     356648.454,
     3092027.922
    ]
   }
  }
 ]
}