{
 "type": "FeatureCollection",
 "crs": {
  "type": "name",
  "properties": {
   "name": "urn:ogc:def:crs:EPSG::32617"
  }
 },
 "georeference": {
  "rms_m": 63.725038183982456,
  "n_labels": 6,
  "from": "01352_1889-0003_georef.json"
 },
 "source_buildings": "runs/hunyuan/Sanborn_Hillsborough-County/1889/0003/01352_1889-0003_buildings_px.geojson",
 "lot_convention": "numbered",
 "note": "enclosed outlines inside the traced blocks (building footprints, yards, courtyards — the plan's linework, not classified); text_inside = OCR tokens whose centre lies inside, in reading order; numerals_inside / words_inside = the same split by regex; floors = null unless --floors single-numeral-1-3 (Sanborn): then the single numeral inside when it reads 1 to 3 inclusive (1½ -> 1.5); a field for a person to fill otherwise; wash_rgb / wash_chroma / wash_lightness_delta / hue_deg = the measured colour inside the outline relative to the paper; material = that colour looked up in the key given with --legend (colour words or calibrated hue ranges), else null; block_id links to <stem>_blocks_px.geojson",
 "paper_chroma": 4.1,
 "legend": null,
 "features": [
  {
   "type": "Feature",
   "geometry": {
    "type": "Polygon",
    "coordinates": [
     [
      [
       356515.539,
       3092344.611
      ],
      [
       356516.916,
       3092341.992
      ],
      [
       356520.002,
       3092340.68
      ],
      [
       356524.753,
       3092340.936
      ],
      [
       356531.943,
       3092342.61
      ],
      [
       356538.104,
       3092345.548
      ],
      [
       356543.556,
       3092349.485
      ],
      [
       356545.612,
       3092351.916
      ],
      [
       356546.049,
       3092354.836
      ],
      [
       356544.908,
       3092357.269
      ],
      [
       356542.364,
       3092358.896
      ],
      [
       356537.576,
       3092358.736
      ],
      [
       356531.675,
       3092357.44
      ],
      [
       356524.905,
       3092354.657
      ],
      [
       356518.861,
       3092350.827
      ],
      [
       356516.251,
       3092348.407
      ],
      [
       356515.67,
       3092347.03
      ],
      [
       356515.539,
       3092344.611
      ]
     ]
    ]
   },
   "properties": {
    "sheet": "01352_1889-0003",
    "building_id": "01352_1889-0003:block:fid0:bldg0",
    "block_id": null,
    "block_fid": 0,
    "block_number": null,
    "text_inside": [
     "APRIL 1889",
     "TAMPA",
     "FLA."
    ],
    "numerals_inside": [],
    "words_inside": [
     "APRIL 1889",
     "TAMPA",
     "FLA."
    ],
    "floors": null,
    "wash_rgb": [
     225,
     223,
     215
    ],
    "wash_chroma": 0.3,
    "wash_lightness_delta": -7.2,
    "hue_deg": 48,
    "material": null,
    "area_source_px2": 134839,
    "centroid_source_px": [
     5622,
     322
    ],
    "orphan": true,
    "orphan_because": "its block was rejected, split away or never traced",
    "centroid_map": [
     356531.018,
     3092349.423
    ]
   }
  },
  {
   "type": "Feature",
   "geometry": {
    "type": "Polygon",
    "coordinates": [
     [
      [
       356528.855,
       3092324.858
      ],
      [
       356530.478,
       3092320.569
      ],
      [
       356531.057,
       3092320.788
      ],
      [
       356530.964,
       3092321.469
      ],
      [
       356531.816,
       3092320.965
      ],
      [
       356538.435,
       3092323.856
      ],
      [
       356538.253,
       3092324.338
      ],
      [
       356537.512,
       3092324.112
      ],
      [
       356537.137,
       3092324.521
      ],
      [
       356537.865,
       3092325.072
      ],
      [
       356536.843,
       3092327.771
      ],
      [
       356536.139,
       3092327.449
      ],
      [
       356535.902,
       3092328.076
      ],
      [
       356529.841,
       3092325.892
      ],
      [
       356529.706,
       3092324.794
      ],
      [
       356529.301,
       3092325.137
      ],
      [
       356528.855,
       3092324.858
      ]
     ]
    ]
   },
   "properties": {
    "sheet": "01352_1889-0003",
    "building_id": "01352_1889-0003:block:3:bldg1",
    "block_id": "01352_1889-0003:block:3",
    "block_fid": 1,
    "block_number": "3",
    "text_inside": [
     "Tobac.",
     "x"
    ],
    "numerals_inside": [],
    "words_inside": [
     "Tobac."
    ],
    "floors": null,
    "wash_rgb": [
     227,
     221,
     191
    ],
    "wash_chroma": 11.6,
    "wash_lightness_delta": -9.4,
    "hue_deg": 50,
    "material": null,
    "area_source_px2": 15470,
    "centroid_source_px": [
     5496,
     795
    ],
    "orphan": false,
    "centroid_map": [
     356533.573,
     3092324.329
    ]
   }
  },
  {
   "type": "Feature",
   "geometry": {
    "type": "Polygon",
    "coordinates": [
     [
      [
       356538.673,
       3092323.229
      ],
      [
       356527.528,
       3092318.901
      ],
      [
       356525.01,
       3092323.954
      ],
      [
       356479.874,
       3092305.934
      ],
      [
       356487.868,
       3092285.103
      ],
      [
       356500.29,
       3092289.695
      ],
      [
       356502.281,
       3092285.6
      ],
      [
       356503.1,
       3092285.91
      ],
      [
       356503.201,
       3092286.664
      ],
      [
       356507.478,
       3092288.172
      ],
      [
       356507.956,
       3092287.637
      ],
      [
       356509.453,
       3092283.245
      ],
      [
       356505.134,
       3092281.555
      ],
      [
       356503.91,
       3092281.588
      ],
      [
       356503.688,
       3092281.008
      ],
      [
       356491.4,
       3092275.917
      ],
      [
       356502.354,
       3092247.556
      ],
      [
       356516.86,
       3092253.046
      ],
      [
       356513.893,
       3092261.179
      ],
      [
       356518.049,
       3092262.862
      ],
      [
       356518.307,
       3092263.345
      ],
      [
       356522.295,
       3092264.745
      ],
      [
       356525.456,
       3092256.685
      ],
      [
       356526.504,
       3092256.971
      ],
      [
       356522.368,
       3092268.629
      ],
      [
       356529.67,
       3092271.172
      ],
      [
       356533.39,
       3092261.341
      ],
      [
       356534.275,
       3092260.023
      ],
      [
       356538.31,
       3092261.88
      ],
      [
       356536.259,
       3092267.881
      ],
      [
       356547.572,
       3092272.493
      ],
      [
       356546.978,
       3092273.48
      ],
      [
       356533.653,
       3092268.217
      ],
      [
       356535.321,
       3092263.228
      ],
      [
       356534.297,
       3092262.731
      ],
      [
       356527.022,
       3092281.079
      ],
      [
       356538.793,
       3092285.644
      ],
      [
       356538.922,
       3092286.905
      ],
      [
       356550.902,
       3092291.935
      ],
      [
       356550.467,
       3092292.211
      ],
      [
       356530.432,
       3092284.298
      ],
      [
       356529.765,
       3092285.478
      ],
      [
       356530.519,
       3092285.378
      ],
      [
       356531.39,
       3092286.424
      ],
      [
       356529.379,
       3092291.448
      ],
      [
       356528.83,
       3092291.295
      ],
      [
       356528.412,
       3092289.925
      ],
      [
       356527.468,
       3092291.11
      ],
      [
       356547.906,
       3092299.561
      ],
      [
       356538.673,
       3092323.229
      ]
     ]
    ]
   },
   "properties": {
    "sheet": "01352_1889-0003",
    "building_id": "01352_1889-0003:block:3:bldg2",
    "block_id": "01352_1889-0003:block:3",
    "block_fid": 1,
    "block_number": "3",
    "text_inside": [
     "2",
     "x",
     "3",
     "1",
     "1"
    ],
    "numerals_inside": [
     "2",
     "3",
     "1",
     "1"
    ],
    "words_inside": [],
    "floors": null,
    "wash_rgb": [
     233,
     231,
     223
    ],
    "wash_chroma": 0.2,
    "wash_lightness_delta": 0.1,
    "hue_deg": 48,
    "material": null,
    "area_source_px2": 1024000,
    "centroid_source_px": [
     4885,
     1251
    ],
    "orphan": false,
    "centroid_map": [
     356512.444,
     3092291.209
    ]
   }
  },
  {
   "type": "Feature",
   "geometry": {
    "type": "Polygon",
    "coordinates": [
     [
      [
       356420.364,
       3092282.806
      ],
      [
       356400.545,
       3092275.195
      ],
      [
       356400.623,
       3092273.241
      ],
      [
       356399.262,
       3092272.615
      ],
      [
       356408.941,
       3092247.188
      ],
      [
       356409.88,
       3092247.764
      ],
      [
       356410.589,
       3092246.765
      ],
      [
       356419.902,
       3092250.399
      ],
      [
       356420.13,
       3092250.816
      ],
      [
       356417.946,
       3092256.877
      ],
      [
       356418.914,
       3092255.921
      ],
      [
       356425.209,
       3092258.358
      ],
      [
       356425.356,
       3092259.571
      ],
      [
       356426.404,
       3092259.858
      ],
      [
       356425.263,
       3092262.291
      ],
      [
       356424.728,
       3092261.813
      ],
      [
       356424.129,
       3092262.523
      ],
      [
       356420.689,
       3092261.276
      ],
      [
       356423.604,
       3092262.599
      ],
      [
       356423.787,
       3092263.716
      ],
      [
       356424.917,
       3092263.207
      ],
      [
       356423.932,
       3092265.809
      ],
      [
       356423.535,
       3092265.548
      ],
      [
       356423.369,
       3092264.384
      ],
      [
       356422.822,
       3092265.83
      ],
      [
       356415.979,
       3092263.24
      ],
      [
       356415.963,
       3092262.407
      ],
      [
       356415.626,
       3092262.28
      ],
      [
       356412.885,
       3092269.231
      ],
      [
       356422.691,
       3092273.163
      ],
      [
       356421.699,
       3092272.292
      ],
      [
       356422.246,
       3092270.846
      ],
      [
       356423.065,
       3092271.156
      ],
      [
       356423.081,
       3092269.95
      ],
      [
       356424.219,
       3092270.436
      ],
      [
       356424.198,
       3092271.364
      ],
      [
       356424.848,
       3092271.831
      ],
      [
       356424.301,
       3092273.276
      ],
      [
       356423.391,
       3092273.207
      ],
      [
       356424.027,
       3092273.999
      ],
      [
       356420.364,
       3092282.806
      ]
     ]
    ]
   },
   "properties": {
    "sheet": "01352_1889-0003",
    "building_id": "01352_1889-0003:block:2:bldg3",
    "block_id": "01352_1889-0003:block:2",
    "block_fid": 2,
    "block_number": "2",
    "text_inside": [
     "THE PLANT HO.",
     "1",
     "x",
     "1",
     "x",
     "KITCHEN.",
     "x",
     "x"
    ],
    "numerals_inside": [
     "1",
     "1"
    ],
    "words_inside": [
     "THE PLANT HO.",
     "KITCHEN."
    ],
    "floors": null,
    "wash_rgb": [
     230,
     223,
     190
    ],
    "wash_chroma": 13.0,
    "wash_lightness_delta": -7.6,
    "hue_deg": 50,
    "material": null,
    "area_source_px2": 201591,
    "centroid_source_px": [
     2887,
     1040
    ],
    "orphan": false,
    "centroid_map": [
     356412.307,
     3092264.935
    ]
   }
  },
  {
   "type": "Feature",
   "geometry": {
    "type": "Polygon",
    "coordinates": [
     [
      [
       356366.387,
       3092258.741
      ],
      [
       356372.342,
       3092241.986
      ],
      [
       356376.536,
       3092243.133
      ],
      [
       356372.616,
       3092241.264
      ],
      [
       356380.889,
       3092219.987
      ],
      [
       356385.269,
       3092221.369
      ],
      [
       356381.126,
       3092219.361
      ],
      [
       356385.084,
       3092208.903
      ],
      [
       356385.867,
       3092209.309
      ],
      [
       356385.497,
       3092209.996
      ],
      [
       356386.11,
       3092210.558
      ],
      [
       356386.364,
       3092210.324
      ],
      [
       356386.006,
       3092209.086
      ],
      [
       356386.441,
       3092208.81
      ],
      [
       356392.261,
       3092210.903
      ],
      [
       356393.115,
       3092211.557
      ],
      [
       356392.925,
       3092212.642
      ],
      [
       356393.528,
       3092212.65
      ],
      [
       356393.742,
       3092211.794
      ],
      [
       356394.478,
       3092211.742
      ],
      [
       356390.632,
       3092223.068
      ],
      [
       356386.378,
       3092221.789
      ],
      [
       356390.335,
       3092223.562
      ],
      [
       356382.314,
       3092245.044
      ],
      [
       356380.869,
       3092244.497
      ],
      [
       356381.429,
       3092242.726
      ],
      [
       356382.618,
       3092242.349
      ],
      [
       356382.819,
       3092241.819
      ],
      [
       356382.14,
       3092240.846
      ],
      [
       356382.638,
       3092239.822
      ],
      [
       356382.267,
       3092238.911
      ],
      [
       356383.318,
       3092238.317
      ],
      [
       356382.608,
       3092237.718
      ],
      [
       356383.889,
       3092237.1
      ],
      [
       356384.029,
       3092236.437
      ],
      [
       356381.82,
       3092237.034
      ],
      [
       356381.455,
       3092237.997
      ],
      [
       356382.142,
       3092238.367
      ],
      [
       356381.18,
       3092241.199
      ],
      [
       356380.348,
       3092241.215
      ],
      [
       356381.076,
       3092241.766
      ],
      [
       356380.794,
       3092243.092
      ],
      [
       356379.866,
       3092243.071
      ],
      [
       356379.097,
       3092243.937
      ],
      [
       356377.982,
       3092243.68
      ],
      [
       356379.319,
       3092244.517
      ],
      [
       356378.889,
       3092245.07
      ],
      [
       356379.309,
       3092245.56
      ],
      [
       356380.065,
       3092245.019
      ],
      [
       356381.235,
       3092245.131
      ],
      [
       356381.396,
       3092245.578
      ],
      [
       356380.755,
       3092246.107
      ],
      [
       356381.64,
       3092246.827
      ],
      [
       356376.246,
       3092261.37
      ],
      [
       356375.727,
       3092261.284
      ],
      [
       356375.375,
       3092260.324
      ],
      [
       356375.467,
       3092261.681
      ],
      [
       356375.062,
       3092262.024
      ],
      [
       356366.387,
       3092258.741
      ]
     ]
    ]
   },
   "properties": {
    "sheet": "01352_1889-0003",
    "building_id": "01352_1889-0003:block:fid3:bldg4",
    "block_id": null,
    "block_fid": 3,
    "block_number": null,
    "text_inside": [
     "1",
     "Freight M.Ho."
    ],
    "numerals_inside": [
     "1"
    ],
    "words_inside": [
     "Freight M.Ho."
    ],
    "floors": null,
    "wash_rgb": [
     230,
     223,
     189
    ],
    "wash_chroma": 14.1,
    "wash_lightness_delta": -7.1,
    "hue_deg": 50,
    "material": null,
    "area_source_px2": 198917,
    "centroid_source_px": [
     2102,
     1349
    ],
    "orphan": true,
    "orphan_because": "its block was rejected, split away or never traced",
    "centroid_map": [
     356380.111,
     3092235.726
    ]
   }
  },
  {
   "type": "Feature",
   "geometry": {
    "type": "Polygon",
    "coordinates": [
     [
      [
       356365.52,
       3092258.412
      ],
      [
       356365.055,
       3092256.584
      ],
      [
       356364.446,
       3092256.298
      ],
      [
       356365.489,
       3092254.709
      ],
      [
       356364.056,
       3092253.836
      ],
      [
       356364.59,
       3092252.716
      ],
      [
       356365.482,
       3092252.834
      ],
      [
       356365.963,
       3092253.456
      ],
      [
       356366.437,
       3092252.203
      ],
      [
       356365.691,
       3092251.7
      ],
      [
       356366.074,
       3092250.688
      ],
      [
       356366.911,
       3092250.95
      ],
      [
       356367.326,
       3092249.564
      ],
      [
       356366.639,
       3092249.194
      ],
      [
       356367.095,
       3092247.989
      ],
      [
       356367.969,
       3092248.155
      ],
      [
       356368.443,
       3092246.902
      ],
      [
       356367.697,
       3092246.399
      ],
      [
       356368.117,
       3092245.291
      ],
      [
       356368.858,
       3092245.516
      ],
      [
       356369.374,
       3092244.444
      ],
      [
       356369.176,
       3092244.094
      ],
      [
       356368.505,
       3092244.556
      ],
      [
       356367.722,
       3092244.15
      ],
      [
       356368.032,
       3092243.33
      ],
      [
       356368.864,
       3092243.315
      ],
      [
       356369.193,
       3092242.447
      ],
      [
       356369.952,
       3092242.625
      ],
      [
       356370.312,
       3092241.383
      ],
      [
       356368.962,
       3092240.872
      ],
      [
       356369.569,
       3092239.56
      ],
      [
       356370.919,
       3092240.07
      ],
      [
       356371.393,
       3092238.817
      ],
      [
       356370.767,
       3092238.58
      ],
      [
       356370.962,
       3092237.773
      ],
      [
       356370.276,
       3092237.403
      ],
      [
       356370.896,
       3092235.764
      ],
      [
       356371.655,
       3092235.941
      ],
      [
       356372.129,
       3092234.688
      ],
      [
       356372.719,
       3092235.022
      ],
      [
       356373.076,
       3092234.661
      ],
      [
       356373.194,
       3092233.769
      ],
      [
       356372.45,
       3092234.424
      ],
      [
       356371.607,
       3092233.885
      ],
      [
       356372.191,
       3092232.342
      ],
      [
       356372.817,
       3092232.579
      ],
      [
       356373.114,
       3092232.086
      ],
      [
       356373.704,
       3092232.419
      ],
      [
       356374.079,
       3092232.01
      ],
      [
       356374.416,
       3092230.54
      ],
      [
       356373.781,
       3092230.906
      ],
      [
       356372.975,
       3092230.27
      ],
      [
       356373.413,
       3092229.113
      ],
      [
       356375.192,
       3092229.071
      ],
      [
       356375.656,
       3092227.263
      ],
      [
       356374.985,
       3092227.725
      ],
      [
       356374.106,
       3092227.282
      ],
      [
       356374.58,
       3092226.029
      ],
      [
       356375.207,
       3092226.266
      ],
      [
       356375.691,
       3092225.568
      ],
      [
       356376.414,
       3092225.842
      ],
      [
       356376.641,
       3092224.66
      ],
      [
       356375.364,
       3092223.957
      ],
      [
       356375.875,
       3092222.607
      ],
      [
       356376.502,
       3092222.845
      ],
      [
       356377.04,
       3092222.442
      ],
      [
       356377.545,
       3092222.854
      ],
      [
       356377.928,
       3092221.842
      ],
      [
       356377.242,
       3092221.472
      ],
      [
       356377.546,
       3092220.375
      ],
      [
       356376.993,
       3092219.945
      ],
      [
       356377.781,
       3092218.591
      ],
      [
       356378.467,
       3092218.96
      ],
      [
       356378.254,
       3092219.816
      ],
      [
       356378.831,
       3092220.475
      ],
      [
       356379.337,
       3092220.447
      ],
      [
       356379.817,
       3092219.471
      ],
      [
       356380.563,
       3092219.974
      ],
      [
       356366.094,
       3092257.913
      ],
      [
       356365.52,
       3092258.412
      ]
     ]
    ]
   },
   "properties": {
    "sheet": "01352_1889-0003",
    "building_id": "01352_1889-0003:block:fid3:bldg5",
    "block_id": null,
    "block_fid": 3,
    "block_number": null,
    "text_inside": [
     "x"
    ],
    "numerals_inside": [],
    "words_inside": [],
    "floors": null,
    "wash_rgb": [
     229,
     221,
     185
    ],
    "wash_chroma": 14.9,
    "wash_lightness_delta": -9.3,
    "hue_deg": 50,
    "material": null,
    "area_source_px2": 38527,
    "centroid_source_px": [
     1976,
     1267
    ],
    "orphan": true,
    "orphan_because": "its block was rejected, split away or never traced",
    "centroid_map": [
     356372.543,
     3092237.379
    ]
   }
  },
  {
   "type": "Feature",
   "geometry": {
    "type": "Polygon",
    "coordinates": [
     [
      [
       356449.207,
       3092285.788
      ],
      [
       356452.063,
       3092278.825
      ],
      [
       356459.088,
       3092281.373
      ],
      [
       356459.017,
       3092282.724
      ],
      [
       356459.873,
       3092282.938
      ],
      [
       356458.799,
       3092284.901
      ],
      [
       356457.729,
       3092283.944
      ],
      [
       356456.816,
       3092284.756
      ],
      [
       356455.757,
       3092283.914
      ],
      [
       356454.78,
       3092283.875
      ],
      [
       356455.442,
       3092284.456
      ],
      [
       356455.113,
       3092285.324
      ],
      [
       356457.145,
       3092285.487
      ],
      [
       356457.522,
       3092286.676
      ],
      [
       356457.662,
       3092286.013
      ],
      [
       356458.458,
       3092286.094
      ],
      [
       356457.468,
       3092288.419
      ],
      [
       356457.011,
       3092288.025
      ],
      [
       356457.188,
       3092287.266
      ],
      [
       356456.791,
       3092287.005
      ],
      [
       356456.228,
       3092287.619
      ],
      [
       356455.779,
       3092286.622
      ],
      [
       356455.871,
       3092287.98
      ],
      [
       356455.333,
       3092288.382
      ],
      [
       356449.207,
       3092285.788
      ]
     ]
    ]
   },
   "properties": {
    "sheet": "01352_1889-0003",
    "building_id": "01352_1889-0003:block:2:bldg6",
    "block_id": "01352_1889-0003:block:2",
    "block_fid": 2,
    "block_number": "2",
    "text_inside": [
     "1/2",
     "Dny"
    ],
    "numerals_inside": [],
    "words_inside": [
     "Dny"
    ],
    "floors": null,
    "wash_rgb": [
     230,
     223,
     192
    ],
    "wash_chroma": 12.3,
    "wash_lightness_delta": -7.1,
    "hue_deg": 48,
    "material": null,
    "area_source_px2": 22046,
    "centroid_source_px": [
     3774,
     989
    ],
    "orphan": false,
    "centroid_map": [
     356454.123,
     3092283.572
    ]
   }
  },
  {
   "type": "Feature",
   "geometry": {
    "type": "Polygon",
    "coordinates": [
     [
      [
       356521.534,
       3092304.897
      ],
      [
       356519.167,
       3092303.726
      ],
      [
       356521.252,
       3092298.509
      ],
      [
       356521.79,
       3092298.107
      ],
      [
       356523.332,
       3092298.69
      ],
      [
       356523.661,
       3092299.421
      ],
      [
       356523.394,
       3092299.981
      ],
      [
       356524.418,
       3092300.479
      ],
      [
       356522.789,
       3092304.491
      ],
      [
       356522.337,
       3092304.375
      ],
      [
       356522.099,
       3092303.403
      ],
      [
       356521.534,
       3092304.897
      ]
     ]
    ]
   },
   "properties": {
    "sheet": "01352_1889-0003",
    "building_id": "01352_1889-0003:block:3:bldg7",
    "block_id": "01352_1889-0003:block:3",
    "block_fid": 1,
    "block_number": "3",
    "text_inside": [
     "1",
     "x"
    ],
    "numerals_inside": [
     "1"
    ],
    "words_inside": [],
    "floors": null,
    "wash_rgb": [
     228,
     222,
     192
    ],
    "wash_chroma": 11.6,
    "wash_lightness_delta": -8.3,
    "hue_deg": 50,
    "material": null,
    "area_source_px2": 7735,
    "centroid_source_px": [
     5127,
     1127
    ],
    "orphan": false,
    "centroid_map": [
     356521.845,
     3092301.599
    ]
   }
  },
  {
   "type": "Feature",
   "geometry": {
    "type": "Polygon",
    "coordinates": [
     [
      [
       356536.237,
       3092307.101
      ],
      [
       356534.723,
       3092307.024
      ],
      [
       356531.73,
       3092305.615
      ],
      [
       356531.192,
       3092306.018
      ],
      [
       356530.893,
       3092305.354
      ],
      [
       356528.501,
       3092304.393
      ],
      [
       356527.843,
       3092304.53
      ],
      [
       356526.706,
       3092303.604
      ],
      [
       356528.718,
       3092298.58
      ],
      [
       356536.97,
       3092301.814
      ],
      [
       356536.666,
       3092302.91
      ],
      [
       356537.714,
       3092303.197
      ],
      [
       356536.237,
       3092307.101
      ]
     ]
    ]
   },
   "properties": {
    "sheet": "01352_1889-0003",
    "building_id": "01352_1889-0003:block:3:bldg8",
    "block_id": "01352_1889-0003:block:3",
    "block_fid": 1,
    "block_number": "3",
    "text_inside": [
     "HO.",
     "x"
    ],
    "numerals_inside": [],
    "words_inside": [
     "HO."
    ],
    "floors": null,
    "wash_rgb": [
     229,
     223,
     192
    ],
    "wash_chroma": 12.1,
    "wash_lightness_delta": -7.9,
    "hue_deg": 50,
    "material": null,
    "area_source_px2": 20584,
    "centroid_source_px": [
     5324,
     1178
    ],
    "orphan": false,
    "centroid_map": [
     356532.27,
     3092302.734
    ]
   }
  },
  {
   "type": "Feature",
   "geometry": {
    "type": "Polygon",
    "coordinates": [
     [
      [
       356490.476,
       3092284.327
      ],
      [
       356491.172,
       3092283.654
      ],
      [
       356492.1,
       3092283.675
      ],
      [
       356497.389,
       3092286.007
      ],
      [
       356497.662,
       3092285.284
      ],
      [
       356498.416,
       3092285.184
      ],
      [
       356498.815,
       3092287.042
      ],
      [
       356501.003,
       3092287.375
      ],
      [
       356500.039,
       3092289.048
      ],
      [
       356490.557,
       3092285.57
      ],
      [
       356490.476,
       3092284.327
      ]
     ]
    ]
   },
   "properties": {
    "sheet": "01352_1889-0003",
    "building_id": "01352_1889-0003:block:3:bldg9",
    "block_id": "01352_1889-0003:block:3",
    "block_fid": 1,
    "block_number": "3",
    "text_inside": [
     "CENTRAL HO."
    ],
    "numerals_inside": [],
    "words_inside": [
     "CENTRAL HO."
    ],
    "floors": null,
    "wash_rgb": [
     227,
     220,
     186
    ],
    "wash_chroma": 13.9,
    "wash_lightness_delta": -10.3,
    "hue_deg": 50,
    "material": null,
    "area_source_px2": 8360,
    "centroid_source_px": [
     4544,
     1224
    ],
    "orphan": false,
    "centroid_map": [
     356495.518,
     3092286.291
    ]
   }
  },
  {
   "type": "Feature",
   "geometry": {
    "type": "Polygon",
    "coordinates": [
     [
      [
       356489.346,
       3092281.2
      ],
      [
       356491.163,
       3092276.543
      ],
      [
       356491.64,
       3092276.448
      ],
      [
       356492.175,
       3092276.926
      ],
      [
       356491.54,
       3092277.733
      ],
      [
       356492.203,
       3092277.873
      ],
      [
       356492.259,
       3092277.288
      ],
      [
       356492.778,
       3092276.934
      ],
      [
       356503.067,
       3092281.048
      ],
      [
       356502.789,
       3092283.092
      ],
      [
       356503.713,
       3092282.836
      ],
      [
       356504.423,
       3092283.435
      ],
      [
       356505.44,
       3092282.057
      ],
      [
       356508.042,
       3092283.042
      ],
      [
       356507.641,
       3092284.102
      ],
      [
       356508.123,
       3092284.284
      ],
      [
       356508.553,
       3092283.731
      ],
      [
       356508.95,
       3092283.991
      ],
      [
       356507.819,
       3092286.979
      ],
      [
       356507.349,
       3092286.912
      ],
      [
       356507.117,
       3092285.777
      ],
      [
       356507.125,
       3092287.212
      ],
      [
       356506.69,
       3092287.489
      ],
      [
       356503.69,
       3092286.243
      ],
      [
       356504.094,
       3092284.302
      ],
      [
       356503.387,
       3092284.861
      ],
      [
       356503.046,
       3092284.016
      ],
      [
       356502.262,
       3092284.049
      ],
      [
       356501.514,
       3092286.025
      ],
      [
       356500.922,
       3092286.132
      ],
      [
       356496.44,
       3092284.436
      ],
      [
       356496.104,
       3092283.868
      ],
      [
       356494.308,
       3092283.519
      ],
      [
       356494.02,
       3092282.969
      ],
      [
       356492.537,
       3092282.958
      ],
      [
       356489.346,
       3092281.2
      ]
     ]
    ]
   },
   "properties": {
    "sheet": "01352_1889-0003",
    "building_id": "01352_1889-0003:block:3:bldg10",
    "block_id": "01352_1889-0003:block:3",
    "block_fid": 1,
    "block_number": "3",
    "text_inside": [
     "1",
     "1",
     "x",
     "x",
     "x"
    ],
    "numerals_inside": [
     "1",
     "1"
    ],
    "words_inside": [],
    "floors": null,
    "wash_rgb": [
     229,
     222,
     189
    ],
    "wash_chroma": 13.2,
    "wash_lightness_delta": -8.3,
    "hue_deg": 50,
    "material": null,
    "area_source_px2": 34183,
    "centroid_source_px": [
     4565,
     1321
    ],
    "orphan": false,
    "centroid_map": [
     356498.299,
     3092281.999
    ]
   }
  },
  {
   "type": "Feature",
   "geometry": {
    "type": "Polygon",
    "coordinates": [
     [
      [
       356548.781,
       3092297.248
      ],
      [
       356547.04,
       3092296.754
      ],
      [
       356547.525,
       3092297.654
      ],
      [
       356546.72,
       3092298.617
      ],
      [
       356529.974,
       3092292.058
      ],
      [
       356529.698,
       3092291.623
      ],
      [
       356531.978,
       3092285.599
      ],
      [
       356532.828,
       3092285.536
      ],
      [
       356549.508,
       3092292.124
      ],
      [
       356549.736,
       3092292.541
      ],
      [
       356549.318,
       3092293.209
      ],
      [
       356550.021,
       3092293.971
      ],
      [
       356548.781,
       3092297.248
      ]
     ]
    ]
   },
   "properties": {
    "sheet": "01352_1889-0003",
    "building_id": "01352_1889-0003:block:3:bldg11",
    "block_id": "01352_1889-0003:block:3",
    "block_fid": 1,
    "block_number": "3",
    "text_inside": [
     "7",
     "Gro."
    ],
    "numerals_inside": [
     "7"
    ],
    "words_inside": [
     "Gro."
    ],
    "floors": null,
    "wash_rgb": [
     229,
     222,
     190
    ],
    "wash_chroma": 12.8,
    "wash_lightness_delta": -8.2,
    "hue_deg": 50,
    "material": null,
    "area_source_px2": 51336,
    "centroid_source_px": [
     5379,
     1423
    ],
    "orphan": false,
    "centroid_map": [
     356539.389,
     3092291.93
    ]
   }
  },
  {
   "type": "Feature",
   "geometry": {
    "type": "Polygon",
    "coordinates": [
     [
      [
       356512.825,
       3092282.924
      ],
      [
       356515.087,
       3092276.948
      ],
      [
       356519.75,
       3092278.602
      ],
      [
       356517.731,
       3092284.229
      ],
      [
       356517.212,
       3092284.143
      ],
      [
       356517.281,
       3092283.233
      ],
      [
       356516.413,
       3092283.345
      ],
      [
       356514.51,
       3092282.404
      ],
      [
       356513.762,
       3092282.341
      ],
      [
       356513.553,
       3092283.475
      ],
      [
       356512.825,
       3092282.924
      ]
     ]
    ]
   },
   "properties": {
    "sheet": "01352_1889-0003",
    "building_id": "01352_1889-0003:block:3:bldg12",
    "block_id": "01352_1889-0003:block:3",
    "block_fid": 1,
    "block_number": "3",
    "text_inside": [
     "1"
    ],
    "numerals_inside": [
     "1"
    ],
    "words_inside": [],
    "floors": null,
    "wash_rgb": [
     228,
     221,
     189
    ],
    "wash_chroma": 13.0,
    "wash_lightness_delta": -9.0,
    "hue_deg": 50,
    "material": null,
    "area_source_px2": 10538,
    "centroid_source_px": [
     4884,
     1476
    ],
    "orphan": false,
    "centroid_map": [
     356516.5,
     3092280.347
    ]
   }
  },
  {
   "type": "Feature",
   "geometry": {
    "type": "Polygon",
    "coordinates": [
     [
      [
       356551.705,
       3092289.815
      ],
      [
       356551.253,
       3092289.699
      ],
      [
       356551.43,
       3092288.939
      ],
      [
       356550.967,
       3092288.268
      ],
      [
       356549.344,
       3092288.481
      ],
      [
       356548.533,
       3092287.567
      ],
      [
       356548.754,
       3092288.147
      ],
      [
       356547.986,
       3092289.013
      ],
      [
       356533.601,
       3092283.349
      ],
      [
       356533.296,
       3092282.407
      ],
      [
       356533.992,
       3092281.733
      ],
      [
       356533.838,
       3092280.684
      ],
      [
       356534.466,
       3092280.48
      ],
      [
       356533.967,
       3092279.906
      ],
      [
       356534.748,
       3092279.154
      ],
      [
       356532.237,
       3092279.527
      ],
      [
       356532.29,
       3092280.263
      ],
      [
       356531.667,
       3092280.743
      ],
      [
       356532.353,
       3092281.113
      ],
      [
       356532.288,
       3092282.742
      ],
      [
       356527.758,
       3092281.027
      ],
      [
       356527.858,
       3092279.743
      ],
      [
       356529.925,
       3092274.574
      ],
      [
       356531.287,
       3092274.759
      ],
      [
       356531.424,
       3092275.417
      ],
      [
       356532.733,
       3092275.307
      ],
      [
       356534.19,
       3092275.968
      ],
      [
       356533.531,
       3092278.584
      ],
      [
       356535.287,
       3092278.312
      ],
      [
       356535.138,
       3092277.539
      ],
      [
       356535.857,
       3092277.095
      ],
      [
       356536.548,
       3092278.183
      ],
      [
       356537.006,
       3092278.136
      ],
      [
       356537.612,
       3092277.263
      ],
      [
       356537.379,
       3092276.569
      ],
      [
       356538.404,
       3092276.627
      ],
      [
       356538.847,
       3092275.747
      ],
      [
       356537.232,
       3092275.356
      ],
      [
       356536.392,
       3092275.975
      ],
      [
       356536.17,
       3092275.395
      ],
      [
       356536.947,
       3092273.926
      ],
      [
       356536.393,
       3092273.496
      ],
      [
       356536.703,
       3092272.677
      ],
      [
       356537.736,
       3092272.131
      ],
      [
       356538.375,
       3092270.445
      ],
      [
       356555.314,
       3092277.076
      ],
      [
       356555.13,
       3092277.998
      ],
      [
       356555.996,
       3092278.767
      ],
      [
       356554.227,
       3092283.441
      ],
      [
       356552.515,
       3092283.014
      ],
      [
       356553.893,
       3092284.031
      ],
      [
       356551.705,
       3092289.815
      ]
     ]
    ]
   },
   "properties": {
    "sheet": "01352_1889-0003",
    "building_id": "01352_1889-0003:block:3:bldg13",
    "block_id": "01352_1889-0003:block:3",
    "block_fid": 1,
    "block_number": "3",
    "text_inside": [
     "1=3",
     "OPERa HO.",
     "Hardw",
     "Grocky",
     "2½",
     "2½"
    ],
    "numerals_inside": [
     "2½",
     "2½"
    ],
    "words_inside": [
     "OPERa HO.",
     "Hardw",
     "Grocky"
    ],
    "floors": null,
    "wash_rgb": [
     228,
     221,
     191
    ],
    "wash_chroma": 12.0,
    "wash_lightness_delta": -8.9,
    "hue_deg": 48,
    "material": null,
    "area_source_px2": 110461,
    "centroid_source_px": [
     5354,
     1664
    ],
    "orphan": false,
    "centroid_map": [
     356542.58,
     3092279.86
    ]
   }
  },
  {
   "type": "Feature",
   "geometry": {
    "type": "Polygon",
    "coordinates": [
     [
      [
       356418.151,
       3092239.158
      ],
      [
       356417.903,
       3092237.191
      ],
      [
       356419.641,
       3092232.891
      ],
      [
       356420.793,
       3092233.051
      ],
      [
       356421.176,
       3092232.039
      ],
      [
       356423.152,
       3092232.787
      ],
      [
       356423.002,
       3092234.493
      ],
      [
       356423.869,
       3092232.783
      ],
      [
       356418.967,
       3092230.597
      ],
      [
       356421.021,
       3092225.314
      ],
      [
       356421.54,
       3092225.4
      ],
      [
       356421.892,
       3092226.36
      ],
      [
       356421.745,
       3092225.147
      ],
      [
       356422.151,
       3092224.805
      ],
      [
       356430.343,
       3092227.905
      ],
      [
       356430.972,
       3092229.3
      ],
      [
       356431.113,
       3092228.637
      ],
      [
       356431.753,
       3092228.549
      ],
      [
       356426.476,
       3092242.199
      ],
      [
       356420.946,
       3092240.216
      ],
      [
       356422.607,
       3092235.39
      ],
      [
       356420.645,
       3092239.992
      ],
      [
       356418.151,
       3092239.158
      ]
     ]
    ]
   },
   "properties": {
    "sheet": "01352_1889-0003",
    "building_id": "01352_1889-0003:block:2:bldg14",
    "block_id": "01352_1889-0003:block:2",
    "block_fid": 2,
    "block_number": "2",
    "text_inside": [],
    "numerals_inside": [],
    "words_inside": [],
    "floors": null,
    "wash_rgb": [
     230,
     224,
     192
    ],
    "wash_chroma": 12.5,
    "wash_lightness_delta": -6.5,
    "hue_deg": 50,
    "material": null,
    "area_source_px2": 55484,
    "centroid_source_px": [
     2892,
     1698
    ],
    "orphan": false,
    "centroid_map": [
     356424.549,
     3092233.316
    ]
   }
  },
  {
   "type": "Feature",
   "geometry": {
    "type": "Polygon",
    "coordinates": [
     [
      [
       356378.408,
       3092218.828
      ],
      [
       356378.768,
       3092217.146
      ],
      [
       356378.178,
       3092216.813
      ],
      [
       356378.525,
       3092215.897
      ],
      [
       356379.303,
       3092216.026
      ],
      [
       356379.959,
       3092214.291
      ],
      [
       356379.309,
       3092213.825
      ],
      [
       356379.601,
       3092213.054
      ],
      [
       356380.397,
       3092213.134
      ],
      [
       356381.145,
       3092211.158
      ],
      [
       356380.591,
       3092210.729
      ],
      [
       356381.248,
       3092208.994
      ],
      [
       356381.893,
       3092209.183
      ],
      [
       356382.694,
       3092207.502
      ],
      [
       356383.139,
       3092207.781
      ],
      [
       356382.742,
       3092209.559
      ],
      [
       356383.167,
       3092208.728
      ],
      [
       356383.926,
       3092208.905
      ],
      [
       356384.694,
       3092208.039
      ],
      [
       356384.922,
       3092208.456
      ],
      [
       356380.837,
       3092219.251
      ],
      [
       356380.367,
       3092219.183
      ],
      [
       356380.183,
       3092218.067
      ],
      [
       356379.641,
       3092217.752
      ],
      [
       356379.246,
       3092218.649
      ],
      [
       356378.408,
       3092218.828
      ]
     ]
    ]
   },
   "properties": {
    "sheet": "01352_1889-0003",
    "building_id": "01352_1889-0003:block:fid3:bldg15",
    "block_id": null,
    "block_fid": 3,
    "block_number": null,
    "text_inside": [
     "x"
    ],
    "numerals_inside": [],
    "words_inside": [],
    "floors": null,
    "wash_rgb": [
     229,
     222,
     188
    ],
    "wash_chroma": 13.7,
    "wash_lightness_delta": -8.4,
    "hue_deg": 50,
    "material": null,
    "area_source_px2": 11755,
    "centroid_source_px": [
     1976,
     1764
    ],
    "orphan": true,
    "orphan_because": "its block was rejected, split away or never traced",
    "centroid_map": [
     356381.608,
     3092213.428
    ]
   }
  },
  {
   "type": "Feature",
   "geometry": {
    "type": "Polygon",
    "coordinates": [
     [
      [
       356454.218,
       3092246.638
      ],
      [
       356453.951,
       3092245.159
      ],
      [
       356453.415,
       3092244.681
      ],
      [
       356454.57,
       3092241.923
      ],
      [
       356455.558,
       3092242.076
      ],
      [
       356455.73,
       3092241.04
      ],
      [
       356457.502,
       3092241.6
      ],
      [
       356457.844,
       3092242.005
      ],
      [
       356456.025,
       3092247.102
      ],
      [
       356454.218,
       3092246.638
      ]
     ]
    ]
   },
   "properties": {
    "sheet": "01352_1889-0003",
    "building_id": "01352_1889-0003:block:2:bldg16",
    "block_id": "01352_1889-0003:block:2",
    "block_fid": 2,
    "block_number": "2",
    "text_inside": [
     "x"
    ],
    "numerals_inside": [],
    "words_inside": [],
    "floors": null,
    "wash_rgb": [
     229,
     223,
     190
    ],
    "wash_chroma": 12.8,
    "wash_lightness_delta": -7.9,
    "hue_deg": 50,
    "material": null,
    "area_source_px2": 5954,
    "centroid_source_px": [
     3529,
     1717
    ],
    "orphan": false,
    "centroid_map": [
     356455.595,
     3092244.019
    ]
   }
  },
  {
   "type": "Feature",
   "geometry": {
    "type": "Polygon",
    "coordinates": [
     [
      [
       356534.433,
       3092275.619
      ],
      [
       356532.842,
       3092275.017
      ],
      [
       356532.428,
       3092274.365
      ],
      [
       356534.02,
       3092270.45
      ],
      [
       356532.856,
       3092270.615
      ],
      [
       356531.729,
       3092274.32
      ],
      [
       356530.235,
       3092273.755
      ],
      [
       356532.362,
       3092268.279
      ],
      [
       356536.989,
       3092270.03
      ],
      [
       356535.466,
       3092270.997
      ],
      [
       356535.506,
       3092273.656
      ],
      [
       356534.433,
       3092275.619
      ]
     ]
    ]
   },
   "properties": {
    "sheet": "01352_1889-0003",
    "building_id": "01352_1889-0003:block:3:bldg17",
    "block_id": "01352_1889-0003:block:3",
    "block_fid": 1,
    "block_number": "3",
    "text_inside": [
     "STAGE"
    ],
    "numerals_inside": [],
    "words_inside": [
     "STAGE"
    ],
    "floors": null,
    "wash_rgb": [
     226,
     221,
     193
    ],
    "wash_chroma": 10.7,
    "wash_lightness_delta": -9.5,
    "hue_deg": 50,
    "material": null,
    "area_source_px2": 8809,
    "centroid_source_px": [
     5133,
     1749
    ],
    "orphan": false,
    "centroid_map": [
     356533.479,
     3092271.732
    ]
   }
  },
  {
   "type": "Feature",
   "geometry": {
    "type": "Polygon",
    "coordinates": [
     [
      [
       356523.634,
       3092268.778
      ],
      [
       356523.144,
       3092267.16
      ],
      [
       356523.824,
       3092265.654
      ],
      [
       356525.283,
       3092265.876
      ],
      [
       356524.098,
       3092264.931
      ],
      [
       356526.578,
       3092258.377
      ],
      [
       356527.343,
       3092258.832
      ],
      [
       356526.876,
       3092259.481
      ],
      [
       356527.357,
       3092260.104
      ],
      [
       356526.773,
       3092261.646
      ],
      [
       356527.538,
       3092262.101
      ],
      [
       356528.33,
       3092259.426
      ],
      [
       356529.157,
       3092259.133
      ],
      [
       356529.422,
       3092259.453
      ],
      [
       356530.323,
       3092258.527
      ],
      [
       356531.865,
       3092259.111
      ],
      [
       356531.791,
       3092259.744
      ],
      [
       356530.58,
       3092259.451
      ],
      [
       356530.069,
       3092260.8
      ],
      [
       356530.659,
       3092261.133
      ],
      [
       356529.558,
       3092262.149
      ],
      [
       356530.245,
       3092262.519
      ],
      [
       356529.171,
       3092264.482
      ],
      [
       356529.858,
       3092264.852
      ],
      [
       356530.311,
       3092264.528
      ],
      [
       356530.368,
       3092263.503
      ],
      [
       356531.976,
       3092260.42
      ],
      [
       356533.013,
       3092260.592
      ],
      [
       356530.615,
       3092267.508
      ],
      [
       356528.572,
       3092267.23
      ],
      [
       356527.121,
       3092266.406
      ],
      [
       356527.002,
       3092265.7
      ],
      [
       356526.024,
       3092266.101
      ],
      [
       356526.39,
       3092266.735
      ],
      [
       356525.806,
       3092268.278
      ],
      [
       356524.698,
       3092267.858
      ],
      [
       356524.526,
       3092268.895
      ],
      [
       356523.634,
       3092268.778
      ]
     ]
    ]
   },
   "properties": {
    "sheet": "01352_1889-0003",
    "building_id": "01352_1889-0003:block:3:bldg18",
    "block_id": "01352_1889-0003:block:3",
    "block_fid": 1,
    "block_number": "3",
    "text_inside": [
     "1",
     "x",
     "Tobacco",
     "D",
     "Vac.",
     "x"
    ],
    "numerals_inside": [
     "1"
    ],
    "words_inside": [
     "Tobacco",
     "Vac."
    ],
    "floors": null,
    "wash_rgb": [
     228,
     221,
     188
    ],
    "wash_chroma": 13.5,
    "wash_lightness_delta": -9.1,
    "hue_deg": 50,
    "material": null,
    "area_source_px2": 19391,
    "centroid_source_px": [
     4979,
     1850
    ],
    "orphan": false,
    "centroid_map": [
     356527.9,
     3092264.056
    ]
   }
  },
  {
   "type": "Feature",
   "geometry": {
    "type": "Polygon",
    "coordinates": [
     [
      [
       356470.88,
       3092245.12
      ],
      [
       356465.555,
       3092242.885
      ],
      [
       356468.077,
       3092236.512
      ],
      [
       356474.125,
       3092239.021
      ],
      [
       356472.697,
       3092242.502
      ],
      [
       356471.465,
       3092241.099
      ],
      [
       356470.308,
       3092240.662
      ],
      [
       356469.589,
       3092241.106
      ],
      [
       356469.127,
       3092240.435
      ],
      [
       356468.589,
       3092240.837
      ],
      [
       356468.477,
       3092239.969
      ],
      [
       356467.633,
       3092239.87
      ],
      [
       356468.136,
       3092241.162
      ],
      [
       356467.802,
       3092241.752
      ],
      [
       356469.115,
       3092242.359
      ],
      [
       356469.148,
       3092241.545
      ],
      [
       356470.095,
       3092241.517
      ],
      [
       356471.456,
       3092242.143
      ],
      [
       356471.146,
       3092242.962
      ],
      [
       356472.087,
       3092242.657
      ],
      [
       356472.483,
       3092243.358
      ],
      [
       356472.009,
       3092244.611
      ],
      [
       356471.491,
       3092244.525
      ],
      [
       356471.174,
       3092243.469
      ],
      [
       356470.88,
       3092245.12
      ]
     ]
    ]
   },
   "properties": {
    "sheet": "01352_1889-0003",
    "building_id": "01352_1889-0003:block:2:bldg19",
    "block_id": "01352_1889-0003:block:2",
    "block_fid": 2,
    "block_number": "2",
    "text_inside": [
     "Fruit",
     "x"
    ],
    "numerals_inside": [],
    "words_inside": [
     "Fruit"
    ],
    "floors": null,
    "wash_rgb": [
     228,
     221,
     189
    ],
    "wash_chroma": 12.8,
    "wash_lightness_delta": -9.0,
    "hue_deg": 50,
    "material": null,
    "area_source_px2": 14448,
    "centroid_source_px": [
     3761,
     1874
    ],
    "orphan": false,
    "centroid_map": [
     356469.639,
     3092240.684
    ]
   }
  },
  {
   "type": "Feature",
   "geometry": {
    "type": "Polygon",
    "coordinates": [
     [
      [
       356514.592,
       3092261.223
      ],
      [
       356517.026,
       3092254.211
      ],
      [
       356517.892,
       3092254.979
      ],
      [
       356516.878,
       3092257.075
      ],
      [
       356517.468,
       3092257.408
      ],
      [
       356516.058,
       3092259.244
      ],
      [
       356517.754,
       3092258.839
      ],
      [
       356518.043,
       3092256.91
      ],
      [
       356518.538,
       3092256.766
      ],
      [
       356519.189,
       3092254.754
      ],
      [
       356519.636,
       3092254.592
      ],
      [
       356520.64,
       3092255.579
      ],
      [
       356517.894,
       3092262.253
      ],
      [
       356514.592,
       3092261.223
      ]
     ]
    ]
   },
   "properties": {
    "sheet": "01352_1889-0003",
    "building_id": "01352_1889-0003:block:3:bldg20",
    "block_id": "01352_1889-0003:block:3",
    "block_fid": 1,
    "block_number": "3",
    "text_inside": [
     "Meat",
     "x"
    ],
    "numerals_inside": [],
    "words_inside": [
     "Meat"
    ],
    "floors": null,
    "wash_rgb": [
     228,
     221,
     186
    ],
    "wash_chroma": 14.1,
    "wash_lightness_delta": -9.4,
    "hue_deg": 50,
    "material": null,
    "area_source_px2": 8330,
    "centroid_source_px": [
     4753,
     1872
    ],
    "orphan": false,
    "centroid_map": [
     356517.41,
     3092258.874
    ]
   }
  },
  {
   "type": "Feature",
   "geometry": {
    "type": "Polygon",
    "coordinates": [
     [
      [
       356456.302,
       3092237.344
      ],
      [
       356457.78,
       3092233.441
      ],
      [
       356458.852,
       3092233.957
      ],
      [
       356458.626,
       3092232.659
      ],
      [
       356462.266,
       3092233.816
      ],
      [
       356462.268,
       3092234.974
      ],
      [
       356463.232,
       3092235.339
      ],
      [
       356461.549,
       3092239.495
      ],
      [
       356456.302,
       3092237.344
      ]
     ]
    ]
   },
   "properties": {
    "sheet": "01352_1889-0003",
    "building_id": "01352_1889-0003:block:2:bldg21",
    "block_id": "01352_1889-0003:block:2",
    "block_fid": 2,
    "block_number": "2",
    "text_inside": [
     "OFF",
     "x"
    ],
    "numerals_inside": [],
    "words_inside": [
     "OFF"
    ],
    "floors": null,
    "wash_rgb": [
     228,
     222,
     190
    ],
    "wash_chroma": 12.6,
    "wash_lightness_delta": -8.6,
    "hue_deg": 50,
    "material": null,
    "area_source_px2": 10843,
    "centroid_source_px": [
     3552,
     1882
    ],
    "orphan": false,
    "centroid_map": [
     356459.712,
     3092236.486
    ]
   }
  },
  {
   "type": "Feature",
   "geometry": {
    "type": "Polygon",
    "coordinates": [
     [
      [
       356557.765,
       3092274.092
      ],
      [
       356556.379,
       3092273.678
      ],
      [
       356555.34,
       3092272.348
      ],
      [
       356555.733,
       3092271.891
      ],
      [
       356556.872,
       3092272.376
      ],
      [
       356555.521,
       3092270.268
      ],
      [
       356554.718,
       3092270.79
      ],
      [
       356550.031,
       3092268.906
      ],
      [
       356550.376,
       3092270.469
      ],
      [
       356550.966,
       3092270.803
      ],
      [
       356550.542,
       3092271.634
      ],
      [
       356551.604,
       3092273.193
      ],
      [
       356551.236,
       3092273.439
      ],
      [
       356545.296,
       3092271.081
      ],
      [
       356545.665,
       3092268.796
      ],
      [
       356544.429,
       3092270.753
      ],
      [
       356536.724,
       3092267.671
      ],
      [
       356538.161,
       3092263.146
      ],
      [
       356539.619,
       3092263.808
      ],
      [
       356540.284,
       3092265.107
      ],
      [
       356540.718,
       3092265.271
      ],
      [
       356541.341,
       3092264.791
      ],
      [
       356542.798,
       3092265.452
      ],
      [
       356543.73,
       3092266.631
      ],
      [
       356544.382,
       3092266.217
      ],
      [
       356544.972,
       3092266.551
      ],
      [
       356546.386,
       3092265.873
      ],
      [
       356546.035,
       3092268.11
      ],
      [
       356547.43,
       3092265.442
      ],
      [
       356558.231,
       3092269.805
      ],
      [
       356557.98,
       3092270.757
      ],
      [
       356558.823,
       3092271.297
      ],
      [
       356557.765,
       3092274.092
      ]
     ]
    ]
   },
   "properties": {
    "sheet": "01352_1889-0003",
    "building_id": "01352_1889-0003:block:3:bldg22",
    "block_id": "01352_1889-0003:block:3",
    "block_fid": 1,
    "block_number": "3",
    "text_inside": [
     "& Bancry",
     "X"
    ],
    "numerals_inside": [],
    "words_inside": [
     "& Bancry"
    ],
    "floors": null,
    "wash_rgb": [
     228,
     221,
     189
    ],
    "wash_chroma": 12.6,
    "wash_lightness_delta": -9.1,
    "hue_deg": 50,
    "material": null,
    "area_source_px2": 33741,
    "centroid_source_px": [
     5351,
     1898
    ],
    "orphan": false,
    "centroid_map": [
     356546.703,
     3092268.528
    ]
   }
  },
  {
   "type": "Feature",
   "geometry": {
    "type": "Polygon",
    "coordinates": [
     [
      [
       356388.354,
       3092180.609
      ],
      [
       356387.884,
       3092180.541
      ],
      [
       356387.586,
       3092179.437
      ],
      [
       356387.485,
       3092180.721
      ],
      [
       356387.117,
       3092180.967
      ],
      [
       356379.156,
       3092176.963
      ],
      [
       356381.505,
       3092172.066
      ],
      [
       356382.319,
       3092172.099
      ],
      [
       356389.557,
       3092175.83
      ],
      [
       356389.247,
       3092176.649
      ],
      [
       356389.957,
       3092177.249
      ],
      [
       356388.354,
       3092180.609
      ]
     ]
    ]
   },
   "properties": {
    "sheet": "01352_1889-0003",
    "building_id": "01352_1889-0003:block:fid5:bldg23",
    "block_id": null,
    "block_fid": 5,
    "block_number": null,
    "text_inside": [
     "Hides.",
     "x"
    ],
    "numerals_inside": [],
    "words_inside": [
     "Hides."
    ],
    "floors": null,
    "wash_rgb": [
     226,
     220,
     189
    ],
    "wash_chroma": 11.8,
    "wash_lightness_delta": -10.3,
    "hue_deg": 50,
    "material": null,
    "area_source_px2": 20631,
    "centroid_source_px": [
     1771,
     2457
    ],
    "orphan": true,
    "orphan_because": "its block was rejected, split away or never traced",
    "centroid_map": [
     356384.369,
     3092176.291
    ]
   }
  },
  {
   "type": "Feature",
   "geometry": {
    "type": "Polygon",
    "coordinates": [
     [
      [
       356567.293,
       3092246.734
      ],
      [
       356560.112,
       3092244.016
      ],
      [
       356560.745,
       3092242.052
      ],
      [
       356559.25,
       3092241.927
      ],
      [
       356559.15,
       3092243.211
      ],
      [
       356558.763,
       3092243.506
      ],
      [
       356553.932,
       3092241.567
      ],
      [
       356553.825,
       3092240.976
      ],
      [
       356555.061,
       3092241.058
      ],
      [
       356556.023,
       3092238.226
      ],
      [
       356555.36,
       3092238.085
      ],
      [
       356554.29,
       3092238.728
      ],
      [
       356554.239,
       3092239.59
      ],
      [
       356553.149,
       3092241.161
      ],
      [
       356550.92,
       3092240.207
      ],
      [
       356551.778,
       3092237.942
      ],
      [
       356552.967,
       3092237.566
      ],
      [
       356552.142,
       3092236.978
      ],
      [
       356553.787,
       3092233.799
      ],
      [
       356553.844,
       3092232.774
      ],
      [
       356555.153,
       3092232.663
      ],
      [
       356555.005,
       3092231.891
      ],
      [
       356554.355,
       3092231.424
      ],
      [
       356554.628,
       3092230.701
      ],
      [
       356556.431,
       3092230.888
      ],
      [
       356555.308,
       3092229.196
      ],
      [
       356555.892,
       3092227.653
      ],
      [
       356557.437,
       3092227.357
      ],
      [
       356563.521,
       3092229.769
      ],
      [
       356556.403,
       3092226.304
      ],
      [
       356557.539,
       3092223.594
      ],
      [
       356558.673,
       3092223.362
      ],
      [
       356558.741,
       3092222.892
      ],
      [
       356557.849,
       3092222.774
      ],
      [
       356558.396,
       3092221.328
      ],
      [
       356560.229,
       3092221.581
      ],
      [
       356558.766,
       3092220.642
      ],
      [
       356558.967,
       3092220.112
      ],
      [
       356559.986,
       3092219.892
      ],
      [
       356560.297,
       3092219.073
      ],
      [
       356561.25,
       3092218.882
      ],
      [
       356559.824,
       3092217.847
      ],
      [
       356560.589,
       3092216.263
      ],
      [
       356561.801,
       3092216.116
      ],
      [
       356570.09,
       3092219.253
      ],
      [
       356571.005,
       3092220.04
      ],
      [
       356570.467,
       3092220.442
      ],
      [
       356568.66,
       3092219.538
      ],
      [
       356568.207,
       3092219.863
      ],
      [
       356569.004,
       3092221.542
      ],
      [
       356568.767,
       3092222.168
      ],
      [
       356569.9,
       3092222.377
      ],
      [
       356569.547,
       3092221.417
      ],
      [
       356570.23,
       3092221.069
      ],
      [
       356571.41,
       3092221.736
      ],
      [
       356571.311,
       3092222.58
      ],
      [
       356570.816,
       3092222.723
      ],
      [
       356571.778,
       3092223.528
      ],
      [
       356570.931,
       3092224.31
      ],
      [
       356569.858,
       3092224.234
      ],
      [
       356568.842,
       3092227.21
      ],
      [
       356570.529,
       3092227.849
      ],
      [
       356570.531,
       3092226.968
      ],
      [
       356571.227,
       3092226.295
      ],
      [
       356572.987,
       3092226.74
      ],
      [
       356572.26,
       3092225.749
      ],
      [
       356572.798,
       3092225.347
      ],
      [
       356574.382,
       3092226.111
      ],
      [
       356574.56,
       3092226.95
      ],
      [
       356573.733,
       3092227.243
      ],
      [
       356574.745,
       3092227.626
      ],
      [
       356574.753,
       3092227.023
      ],
      [
       356575.2,
       3092226.862
      ],
      [
       356575.65,
       3092227.418
      ],
      [
       356575.581,
       3092228.328
      ],
      [
       356575.007,
       3092228.827
      ],
      [
       356575.825,
       3092229.578
      ],
      [
       356574.148,
       3092233.571
      ],
      [
       356573.346,
       3092231.615
      ],
      [
       356572.726,
       3092233.253
      ],
      [
       356565.497,
       3092230.517
      ],
      [
       356566.032,
       3092230.995
      ],
      [
       356565.388,
       3092232.405
      ],
      [
       356566.377,
       3092232.558
      ],
      [
       356567.803,
       3092231.556
      ],
      [
       356569.587,
       3092232.23
      ],
      [
       356569.662,
       3092233.196
      ],
      [
       356572.409,
       3092234.235
      ],
      [
       356572.49,
       3092235.478
      ],
      [
       356573.357,
       3092235.806
      ],
      [
       356571.759,
       3092239.884
      ],
      [
       356571.049,
       3092239.285
      ],
      [
       356571.382,
       3092238.695
      ],
      [
       356570.086,
       3092238.48
      ],
      [
       356570.567,
       3092239.103
      ],
      [
       356570.125,
       3092239.542
      ],
      [
       356570.588,
       3092240.212
      ],
      [
       356569.884,
       3092241.489
      ],
      [
       356570.75,
       3092242.257
      ],
      [
       356569.231,
       3092245.98
      ],
      [
       356567.707,
       3092245.348
      ],
      [
       356567.94,
       3092246.042
      ],
      [
       356567.293,
       3092246.734
      ]
     ]
    ]
   },
   "properties": {
    "sheet": "01352_1889-0003",
    "building_id": "01352_1889-0003:block:4:bldg24",
    "block_id": "01352_1889-0003:block:4",
    "block_fid": 4,
    "block_number": "4",
    "text_inside": [
     "2",
     "OFF.",
     "x",
     "2",
     "16\"",
     "Banky",
     "8",
     "4",
     "16\"",
     "2",
     "3",
     "D",
     "N",
     "x"
    ],
    "numerals_inside": [
     "2",
     "2",
     "8",
     "4",
     "2",
     "3"
    ],
    "words_inside": [
     "OFF.",
     "Banky"
    ],
    "floors": null,
    "wash_rgb": [
     226,
     208,
     205
    ],
    "wash_chroma": 2.9,
    "wash_lightness_delta": -17.1,
    "hue_deg": 8,
    "material": null,
    "area_source_px2": 161607,
    "centroid_source_px": [
     5400,
     2678
    ],
    "orphan": false,
    "centroid_map": [
     356563.291,
     3092231.831
    ]
   }
  },
  {
   "type": "Feature",
   "geometry": {
    "type": "Polygon",
    "coordinates": [
     [
      [
       356550.221,
       3092240.163
      ],
      [
       356547.439,
       3092238.779
      ],
      [
       356555.402,
       3092218.322
      ],
      [
       356548.498,
       3092215.599
      ],
      [
       356545.566,
       3092222.037
      ],
      [
       356517.02,
       3092210.407
      ],
      [
       356530.986,
       3092175.253
      ],
      [
       356541.878,
       3092179.375
      ],
      [
       356542.88,
       3092177.164
      ],
      [
       356543.616,
       3092177.112
      ],
      [
       356543.776,
       3092175.961
      ],
      [
       356544.387,
       3092175.366
      ],
      [
       356545.05,
       3092175.506
      ],
      [
       356545.317,
       3092176.985
      ],
      [
       356546.081,
       3092177.439
      ],
      [
       356547.448,
       3092176.304
      ],
      [
       356543.961,
       3092174.598
      ],
      [
       356544.982,
       3092171.9
      ],
      [
       356545.678,
       3092171.226
      ],
      [
       356573.526,
       3092182.372
      ],
      [
       356567.867,
       3092196.594
      ],
      [
       356566.505,
       3092196.409
      ],
      [
       356565.246,
       3092199.734
      ],
      [
       356566.39,
       3092200.497
      ],
      [
       356563.266,
       3092208.461
      ],
      [
       356561.789,
       3092208.288
      ],
      [
       356560.598,
       3092211.143
      ],
      [
       356561.747,
       3092212.184
      ],
      [
       356550.716,
       3092240.019
      ],
      [
       356550.221,
       3092240.163
      ]
     ]
    ]
   },
   "properties": {
    "sheet": "01352_1889-0003",
    "building_id": "01352_1889-0003:block:4:bldg25",
    "block_id": "01352_1889-0003:block:4",
    "block_fid": 4,
    "block_number": "4",
    "text_inside": [
     "TANK.",
     "x"
    ],
    "numerals_inside": [],
    "words_inside": [
     "TANK."
    ],
    "floors": null,
    "wash_rgb": [
     233,
     231,
     224
    ],
    "wash_chroma": -0.2,
    "wash_lightness_delta": 0.2,
    "hue_deg": 46,
    "material": null,
    "area_source_px2": 702744,
    "centroid_source_px": [
     4863,
     3192
    ],
    "orphan": false,
    "centroid_map": [
     356546.787,
     3092197.266
    ]
   }
  },
  {
   "type": "Feature",
   "geometry": {
    "type": "Polygon",
    "coordinates": [
     [
      [
       356538.872,
       3092235.647
      ],
      [
       356535.884,
       3092234.516
      ],
      [
       356535.93,
       3092233.377
      ],
      [
       356535.017,
       3092234.188
      ],
      [
       356532.463,
       3092233.221
      ],
      [
       356531.78,
       3092231.531
      ],
      [
       356531.608,
       3092232.567
      ],
      [
       356530.789,
       3092232.257
      ],
      [
       356532.102,
       3092228.787
      ],
      [
       356532.911,
       3092228.543
      ],
      [
       356535.67,
       3092229.697
      ],
      [
       356535.197,
       3092228.471
      ],
      [
       356534.04,
       3092228.033
      ],
      [
       356533.424,
       3092228.351
      ],
      [
       356532.691,
       3092227.523
      ],
      [
       356533.092,
       3092226.462
      ],
      [
       356534.322,
       3092226.707
      ],
      [
       356533.494,
       3092225.402
      ],
      [
       356536.222,
       3092218.776
      ],
      [
       356537.607,
       3092219.191
      ],
      [
       356538.02,
       3092220.284
      ],
      [
       356539.017,
       3092219.834
      ],
      [
       356540.511,
       3092220.4
      ],
      [
       356540.44,
       3092221.75
      ],
      [
       356541.33,
       3092220.71
      ],
      [
       356542.739,
       3092221.353
      ],
      [
       356542.827,
       3092222.433
      ],
      [
       356543.8,
       3092221.755
      ],
      [
       356545.654,
       3092222.677
      ],
      [
       356543.072,
       3092228.917
      ],
      [
       356541.909,
       3092228.642
      ],
      [
       356542.021,
       3092229.511
      ],
      [
       356542.671,
       3092229.977
      ],
      [
       356540.472,
       3092235.206
      ],
      [
       356539.616,
       3092234.992
      ],
      [
       356538.872,
       3092235.647
      ]
     ]
    ]
   },
   "properties": {
    "sheet": "01352_1889-0003",
    "building_id": "01352_1889-0003:block:4:bldg26",
    "block_id": "01352_1889-0003:block:4",
    "block_fid": 4,
    "block_number": "4",
    "text_inside": [
     "0",
     "1",
     "BUILT.",
     "0\"",
     "12",
     "8",
     "W"
    ],
    "numerals_inside": [
     "0",
     "1",
     "12",
     "8"
    ],
    "words_inside": [
     "BUILT."
    ],
    "floors": null,
    "wash_rgb": [
     227,
     206,
     203
    ],
    "wash_chroma": 3.7,
    "wash_lightness_delta": -18.3,
    "hue_deg": 8,
    "material": null,
    "area_source_px2": 53493,
    "centroid_source_px": [
     4916,
     2588
    ],
    "orphan": false,
    "centroid_map": [
     356538.325,
     3092227.341
    ]
   }
  },
  {
   "type": "Feature",
   "geometry": {
    "type": "Polygon",
    "coordinates": [
     [
      [
       356541.968,
       3092236.929
      ],
      [
       356541.684,
       3092235.059
      ],
      [
       356541.094,
       3092234.725
      ],
      [
       356548.472,
       3092216.25
      ],
      [
       356554.822,
       3092218.543
      ],
      [
       356554.849,
       3092219.49
      ],
      [
       356547.435,
       3092238.061
      ],
      [
       356547.073,
       3092238.145
      ],
      [
       356546.479,
       3092237.094
      ],
      [
       356545.776,
       3092238.37
      ],
      [
       356541.968,
       3092236.929
      ]
     ]
    ]
   },
   "properties": {
    "sheet": "01352_1889-0003",
    "building_id": "01352_1889-0003:block:4:bldg27",
    "block_id": "01352_1889-0003:block:4",
    "block_fid": 4,
    "block_number": "4",
    "text_inside": [
     "1",
     "x",
     "Sal.",
     "AROUND.",
     "CLAD",
     "IRON",
     "ALL"
    ],
    "numerals_inside": [
     "1"
    ],
    "words_inside": [
     "Sal.",
     "AROUND.",
     "CLAD",
     "IRON",
     "ALL"
    ],
    "floors": null,
    "wash_rgb": [
     228,
     221,
     191
    ],
    "wash_chroma": 11.9,
    "wash_lightness_delta": -9.0,
    "hue_deg": 48,
    "material": null,
    "area_source_px2": 57027,
    "centroid_source_px": [
     5088,
     2650
    ],
    "orphan": false,
    "centroid_map": [
     356547.745,
     3092227.49
    ]
   }
  },
  {
   "type": "Feature",
   "geometry": {
    "type": "Polygon",
    "coordinates": [
     [
      [
       356521.536,
       3092228.755
      ],
      [
       356522.862,
       3092224.96
      ],
      [
       356523.658,
       3092225.041
      ],
      [
       356523.282,
       3092223.851
      ],
      [
       356523.514,
       3092222.947
      ],
      [
       356525.045,
       3092222.976
      ],
      [
       356524.024,
       3092221.598
      ],
      [
       356526.523,
       3092214.996
      ],
      [
       356528.843,
       3092215.708
      ],
      [
       356529.533,
       3092216.796
      ],
      [
       356529.867,
       3092216.206
      ],
      [
       356530.915,
       3092216.493
      ],
      [
       356530.911,
       3092217.813
      ],
      [
       356531.746,
       3092216.917
      ],
      [
       356533.096,
       3092217.428
      ],
      [
       356533.304,
       3092218.333
      ],
      [
       356533.738,
       3092218.497
      ],
      [
       356534.349,
       3092217.902
      ],
      [
       356535.776,
       3092218.498
      ],
      [
       356532.457,
       3092227.269
      ],
      [
       356531.606,
       3092227.332
      ],
      [
       356531.849,
       3092228.582
      ],
      [
       356530.792,
       3092231.377
      ],
      [
       356530.002,
       3092231.133
      ],
      [
       356529.077,
       3092231.83
      ],
      [
       356526.234,
       3092230.754
      ],
      [
       356526.117,
       3092229.607
      ],
      [
       356525.355,
       3092230.311
      ],
      [
       356523.186,
       3092229.49
      ],
      [
       356522.631,
       3092227.462
      ],
      [
       356522.536,
       3092229.024
      ],
      [
       356521.536,
       3092228.755
      ]
     ]
    ]
   },
   "properties": {
    "sheet": "01352_1889-0003",
    "building_id": "01352_1889-0003:block:4:bldg28",
    "block_id": "01352_1889-0003:block:4",
    "block_fid": 4,
    "block_number": "4",
    "text_inside": [
     "0",
     "1",
     "8\"",
     "0",
     "0"
    ],
    "numerals_inside": [
     "0",
     "1",
     "0",
     "0"
    ],
    "words_inside": [],
    "floors": null,
    "wash_rgb": [
     227,
     207,
     205
    ],
    "wash_chroma": 3.3,
    "wash_lightness_delta": -17.3,
    "hue_deg": 6,
    "material": null,
    "area_source_px2": 52784,
    "centroid_source_px": [
     4713,
     2595
    ],
    "orphan": false,
    "centroid_map": [
     356528.669,
     3092223.301
    ]
   }
  },
  {
   "type": "Feature",
   "geometry": {
    "type": "Polygon",
    "coordinates": [
     [
      [
       356519.994,
       3092228.172
      ],
      [
       356516.728,
       3092227.046
      ],
      [
       356516.338,
       3092226.623
      ],
      [
       356516.74,
       3092225.122
      ],
      [
       356515.656,
       3092226.53
      ],
      [
       356512.62,
       3092225.381
      ],
      [
       356512.006,
       3092223.22
      ],
      [
       356513.659,
       3092218.997
      ],
      [
       356515.214,
       3092219.255
      ],
      [
       356514.005,
       3092218.082
      ],
      [
       356516.916,
       3092210.974
      ],
      [
       356517.675,
       3092211.151
      ],
      [
       356518.281,
       3092212.317
      ],
      [
       356519.085,
       3092211.795
      ],
      [
       356521.157,
       3092212.579
      ],
      [
       356521.043,
       3092214.189
      ],
      [
       356522.072,
       3092212.925
      ],
      [
       356522.425,
       3092213.885
      ],
      [
       356522.903,
       3092213.35
      ],
      [
       356525.361,
       3092214.28
      ],
      [
       356526.015,
       3092215.464
      ],
      [
       356522.914,
       3092223.657
      ],
      [
       356521.967,
       3092223.684
      ],
      [
       356521.035,
       3092222.946
      ],
      [
       356518.414,
       3092222.009
      ],
      [
       356518.212,
       3092220.941
      ],
      [
       356517.665,
       3092222.387
      ],
      [
       356518.557,
       3092222.504
      ],
      [
       356518.718,
       3092223.391
      ],
      [
       356518.264,
       3092223.715
      ],
      [
       356518.6,
       3092224.283
      ],
      [
       356519.323,
       3092224.557
      ],
      [
       356520.067,
       3092223.902
      ],
      [
       356521.484,
       3092223.942
      ],
      [
       356522.55,
       3092224.621
      ],
      [
       356521.382,
       3092227.705
      ],
      [
       356520.623,
       3092227.528
      ],
      [
       356519.994,
       3092228.172
      ]
     ]
    ]
   },
   "properties": {
    "sheet": "01352_1889-0003",
    "building_id": "01352_1889-0003:block:4:bldg29",
    "block_id": "01352_1889-0003:block:4",
    "block_fid": 4,
    "block_number": "4",
    "text_inside": [
     "0",
     "1",
     "BEING",
     "12\"",
     "W",
     "1",
     "0"
    ],
    "numerals_inside": [
     "0",
     "1",
     "1",
     "0"
    ],
    "words_inside": [
     "BEING"
    ],
    "floors": null,
    "wash_rgb": [
     228,
     210,
     206
    ],
    "wash_chroma": 2.8,
    "wash_lightness_delta": -15.4,
    "hue_deg": 10,
    "material": null,
    "area_source_px2": 53649,
    "centroid_source_px": [
     4509,
     2595
    ],
    "orphan": false,
    "centroid_map": [
     356518.838,
     3092219.58
    ]
   }
  },
  {
   "type": "Feature",
   "geometry": {
    "type": "Polygon",
    "coordinates": [
     [
      [
       356478.097,
       3092211.929
      ],
      [
       356477.757,
       3092210.644
      ],
      [
       356478.126,
       3092210.398
      ],
      [
       356477.212,
       3092209.611
      ],
      [
       356477.814,
       3092208.02
      ],
      [
       356478.344,
       3092208.221
      ],
      [
       356479.679,
       3092207.459
      ],
      [
       356480.987,
       3092207.789
      ],
      [
       356479.554,
       3092206.916
      ],
      [
       356478.944,
       3092205.033
      ],
      [
       356479.643,
       3092203.479
      ],
      [
       356480.51,
       3092203.807
      ],
      [
       356481.472,
       3092203.014
      ],
      [
       356485.231,
       3092204.436
      ],
      [
       356484.759,
       3092206.847
      ],
      [
       356485.651,
       3092204.926
      ],
      [
       356487.339,
       3092205.124
      ],
      [
       356485.925,
       3092204.203
      ],
      [
       356486.782,
       3092201.938
      ],
      [
       356487.57,
       3092202.622
      ],
      [
       356487.598,
       3092201.531
      ],
      [
       356488.538,
       3092201.666
      ],
      [
       356488.685,
       3092202.879
      ],
      [
       356489.468,
       3092203.285
      ],
      [
       356488.684,
       3092205.358
      ],
      [
       356487.929,
       3092205.458
      ],
      [
       356490.314,
       3092206.581
      ],
      [
       356489.961,
       3092207.659
      ],
      [
       356490.84,
       3092208.102
      ],
      [
       356488.605,
       3092213.427
      ],
      [
       356486.941,
       3092213.018
      ],
      [
       356487.248,
       3092213.519
      ],
      [
       356486.806,
       3092213.958
      ],
      [
       356487.225,
       3092214.888
      ],
      [
       356486.35,
       3092215.163
      ],
      [
       356482.483,
       3092213.589
      ],
      [
       356482.724,
       3092211.642
      ],
      [
       356481.615,
       3092213.261
      ],
      [
       356478.097,
       3092211.929
      ]
     ]
    ]
   },
   "properties": {
    "sheet": "01352_1889-0003",
    "building_id": "01352_1889-0003:block:5:bldg30",
    "block_id": "01352_1889-0003:block:5",
    "block_fid": 6,
    "block_number": "5",
    "text_inside": [
     "2",
     "2",
     "1",
     "Sal",
     "x",
     "0",
     "1",
     "0"
    ],
    "numerals_inside": [
     "2",
     "2",
     "1",
     "0",
     "1",
     "0"
    ],
    "words_inside": [
     "Sal"
    ],
    "floors": null,
    "wash_rgb": [
     229,
     223,
     191
    ],
    "wash_chroma": 12.5,
    "wash_lightness_delta": -7.8,
    "hue_deg": 50,
    "material": null,
    "area_source_px2": 41871,
    "centroid_source_px": [
     3804,
     2556
    ],
    "orphan": false,
    "centroid_map": [
     356484.15,
     3092208.601
    ]
   }
  },
  {
   "type": "Feature",
   "geometry": {
    "type": "Polygon",
    "coordinates": [
     [
      [
       356460.127,
       3092203.365
      ],
      [
       356462.435,
       3092197.848
      ],
      [
       356465.568,
       3092199.033
      ],
      [
       356465.728,
       3092199.92
      ],
      [
       356466.387,
       3092199.343
      ],
      [
       356471.446,
       3092201.699
      ],
      [
       356469.367,
       3092207.193
      ],
      [
       356468.396,
       3092206.991
      ],
      [
       356468.038,
       3092207.792
      ],
      [
       356465.183,
       3092206.601
      ],
      [
       356465.905,
       3092205.276
      ],
      [
       356466.677,
       3092205.128
      ],
      [
       356467.09,
       3092206.221
      ],
      [
       356467.784,
       3092205.988
      ],
      [
       356467.111,
       3092205.292
      ],
      [
       356467.674,
       3092204.679
      ],
      [
       356466.424,
       3092204.922
      ],
      [
       356466.155,
       3092204.324
      ],
      [
       356465.166,
       3092204.17
      ],
      [
       356464.493,
       3092203.475
      ],
      [
       356465.527,
       3092200.45
      ],
      [
       356464.215,
       3092203.48
      ],
      [
       356461.287,
       3092202.482
      ],
      [
       356461.797,
       3092203.611
      ],
      [
       356461.367,
       3092204.165
      ],
      [
       356462.812,
       3092204.712
      ],
      [
       356462.484,
       3092205.58
      ],
      [
       356460.773,
       3092205.152
      ],
      [
       356460.127,
       3092203.365
      ]
     ]
    ]
   },
   "properties": {
    "sheet": "01352_1889-0003",
    "building_id": "01352_1889-0003:block:5:bldg31",
    "block_id": "01352_1889-0003:block:5",
    "block_fid": 6,
    "block_number": "5",
    "text_inside": [
     "1",
     "x",
     "West",
     "x"
    ],
    "numerals_inside": [
     "1"
    ],
    "words_inside": [
     "West"
    ],
    "floors": null,
    "wash_rgb": [
     228,
     221,
     188
    ],
    "wash_chroma": 13.1,
    "wash_lightness_delta": -9.3,
    "hue_deg": 50,
    "material": null,
    "area_source_px2": 21582,
    "centroid_source_px": [
     3434,
     2543
    ],
    "orphan": false,
    "centroid_map": [
     356466.082,
     3092202.478
    ]
   }
  },
  {
   "type": "Feature",
   "geometry": {
    "type": "Polygon",
    "coordinates": [
     [
      [
       356365.607,
       3092164.286
      ],
      [
       356366.698,
       3092162.275
      ],
      [
       356367.293,
       3092162.886
      ],
      [
       356368.739,
       3092163.433
      ],
      [
       356369.204,
       3092163.224
      ],
      [
       356369.703,
       3092163.798
      ],
      [
       356370.939,
       3092163.88
      ],
      [
       356371.534,
       3092164.491
      ],
      [
       356375.366,
       3092165.721
      ],
      [
       356375.357,
       3092164.726
      ],
      [
       356376.106,
       3092164.348
      ],
      [
       356371.546,
       3092162.567
      ],
      [
       356370.719,
       3092162.86
      ],
      [
       356370.516,
       3092162.233
      ],
      [
       356369.84,
       3092162.418
      ],
      [
       356366.993,
       3092160.624
      ],
      [
       356370.943,
       3092150.769
      ],
      [
       356381.263,
       3092154.509
      ],
      [
       356375.577,
       3092151.917
      ],
      [
       356377.607,
       3092146.845
      ],
      [
       356399.884,
       3092155.386
      ],
      [
       356399.037,
       3092156.168
      ],
      [
       356399.903,
       3092156.936
      ],
      [
       356398.791,
       3092159.876
      ],
      [
       356398.32,
       3092159.808
      ],
      [
       356398.004,
       3092158.752
      ],
      [
       356397.758,
       3092160.422
      ],
      [
       356394.986,
       3092159.593
      ],
      [
       356396.907,
       3092160.485
      ],
      [
       356396.848,
       3092161.951
      ],
      [
       356397.769,
       3092162.575
      ],
      [
       356394.556,
       3092169.899
      ],
      [
       356393.715,
       3092172.996
      ],
      [
       356391.402,
       3092172.121
      ],
      [
       356391.658,
       3092173.044
      ],
      [
       356391.16,
       3092174.068
      ],
      [
       356365.607,
       3092164.286
      ]
     ]
    ]
   },
   "properties": {
    "sheet": "01352_1889-0003",
    "building_id": "01352_1889-0003:block:fid5:bldg32",
    "block_id": null,
    "block_fid": 5,
    "block_number": null,
    "text_inside": [
     "COMMERCIAL Co. W.Ho.",
     "x",
     "x"
    ],
    "numerals_inside": [],
    "words_inside": [
     "COMMERCIAL Co. W.Ho."
    ],
    "floors": null,
    "wash_rgb": [
     230,
     224,
     191
    ],
    "wash_chroma": 12.9,
    "wash_lightness_delta": -7.0,
    "hue_deg": 50,
    "material": null,
    "area_source_px2": 206343,
    "centroid_source_px": [
     1640,
     2751
    ],
    "orphan": true,
    "orphan_because": "its block was rejected, split away or never traced",
    "centroid_map": [
     356383.418,
     3092159.733
    ]
   }
  },
  {
   "type": "Feature",
   "geometry": {
    "type": "Polygon",
    "coordinates": [
     [
      [
       356537.461,
       3092211.862
      ],
      [
       356536.991,
       3092211.795
      ],
      [
       356536.614,
       3092210.605
      ],
      [
       356536.617,
       3092211.763
      ],
      [
       356536.2,
       3092211.991
      ],
      [
       356533.104,
       3092210.709
      ],
      [
       356534.37,
       3092206.781
      ],
      [
       356532.993,
       3092207.362
      ],
      [
       356532.495,
       3092206.787
      ],
      [
       356532.467,
       3092205.84
      ],
      [
       356533.167,
       3092205.885
      ],
      [
       356533.399,
       3092204.981
      ],
      [
       356533.809,
       3092204.916
      ],
      [
       356534.511,
       3092206.118
      ],
      [
       356535.396,
       3092204.8
      ],
      [
       356537.95,
       3092205.767
      ],
      [
       356538.279,
       3092206.497
      ],
      [
       356537.982,
       3092206.991
      ],
      [
       356538.604,
       3092206.951
      ],
      [
       356538.841,
       3092206.324
      ],
      [
       356539.467,
       3092206.561
      ],
      [
       356537.461,
       3092211.862
      ]
     ]
    ]
   },
   "properties": {
    "sheet": "01352_1889-0003",
    "building_id": "01352_1889-0003:block:4:bldg33",
    "block_id": "01352_1889-0003:block:4",
    "block_fid": 4,
    "block_number": "4",
    "text_inside": [
     "7",
     "x",
     "x"
    ],
    "numerals_inside": [
     "7"
    ],
    "words_inside": [],
    "floors": null,
    "wash_rgb": [
     230,
     224,
     192
    ],
    "wash_chroma": 12.2,
    "wash_lightness_delta": -6.9,
    "hue_deg": 50,
    "material": null,
    "area_source_px2": 11797,
    "centroid_source_px": [
     4741,
     2917
    ],
    "orphan": false,
    "centroid_map": [
     356535.892,
     3092208.293
    ]
   }
  },
  {
   "type": "Feature",
   "geometry": {
    "type": "Polygon",
    "coordinates": [
     [
      [
       356524.397,
       3092206.202
      ],
      [
       356523.751,
       3092204.415
      ],
      [
       356524.073,
       3092203.71
      ],
      [
       356526.773,
       3092204.291
      ],
      [
       356527.355,
       3092205.228
      ],
      [
       356527.556,
       3092204.698
      ],
      [
       356528.31,
       3092204.597
      ],
      [
       356527.905,
       3092202.902
      ],
      [
       356526.342,
       3092203.247
      ],
      [
       356524.608,
       3092202.15
      ],
      [
       356525.228,
       3092200.511
      ],
      [
       356526.513,
       3092200.612
      ],
      [
       356526.497,
       3092199.779
      ],
      [
       356532.485,
       3092202.156
      ],
      [
       356529.891,
       3092208.281
      ],
      [
       356524.397,
       3092206.202
      ]
     ]
    ]
   },
   "properties": {
    "sheet": "01352_1889-0003",
    "building_id": "01352_1889-0003:block:4:bldg34",
    "block_id": "01352_1889-0003:block:4",
    "block_fid": 4,
    "block_number": "4",
    "text_inside": [
     "Dm's",
     "0"
    ],
    "numerals_inside": [
     "0"
    ],
    "words_inside": [
     "Dm's"
    ],
    "floors": null,
    "wash_rgb": [
     230,
     223,
     190
    ],
    "wash_chroma": 13.2,
    "wash_lightness_delta": -7.6,
    "hue_deg": 50,
    "material": null,
    "area_source_px2": 15432,
    "centroid_source_px": [
     4575,
     2942
    ],
    "orphan": false,
    "centroid_map": [
     356528.348,
     3092204.061
    ]
   }
  },
  {
   "type": "Feature",
   "geometry": {
    "type": "Polygon",
    "coordinates": [
     [
      [
       356577.753,
       3092222.153
      ],
      [
       356573.223,
       3092220.439
      ],
      [
       356572.977,
       3092220.07
      ],
      [
       356573.551,
       3092219.571
      ],
      [
       356573.566,
       3092218.805
      ],
      [
       356572.481,
       3092218.615
      ],
      [
       356571.573,
       3092219.704
      ],
      [
       356570.283,
       3092219.326
      ],
      [
       356569.846,
       3092218.444
      ],
      [
       356568.874,
       3092218.683
      ],
      [
       356560.905,
       3092215.281
      ],
      [
       356561.616,
       3092213.401
      ],
      [
       356562.758,
       3092213.007
      ],
      [
       356562.88,
       3092212.392
      ],
      [
       356562.164,
       3092211.956
      ],
      [
       356562.523,
       3092210.714
      ],
      [
       356561.378,
       3092210.391
      ],
      [
       356561.574,
       3092209.584
      ],
      [
       356564.261,
       3092210.49
      ],
      [
       356563.106,
       3092209.612
      ],
      [
       356565.044,
       3092204.781
      ],
      [
       356573.466,
       3092207.859
      ],
      [
       356565.318,
       3092204.059
      ],
      [
       356565.555,
       3092203.432
      ],
      [
       356566.908,
       3092202.622
      ],
      [
       356565.993,
       3092202.275
      ],
      [
       356566.467,
       3092201.022
      ],
      [
       356567.716,
       3092200.779
      ],
      [
       356566.941,
       3092199.769
      ],
      [
       356568.376,
       3092199.762
      ],
      [
       356567.156,
       3092198.473
      ],
      [
       356567.658,
       3092198.167
      ],
      [
       356569.51,
       3092193.855
      ],
      [
       356579.961,
       3092197.975
      ],
      [
       356579.662,
       3092199.35
      ],
      [
       356580.004,
       3092199.755
      ],
      [
       356579.573,
       3092200.749
      ],
      [
       356578.91,
       3092200.608
      ],
      [
       356578.545,
       3092199.533
      ],
      [
       356577.961,
       3092199.477
      ],
      [
       356578.59,
       3092200.872
      ],
      [
       356578.04,
       3092201.16
      ],
      [
       356578.906,
       3092201.929
      ],
      [
       356577.801,
       3092204.265
      ],
      [
       356578.665,
       3092203.876
      ],
      [
       356578.359,
       3092203.374
      ],
      [
       356578.898,
       3092202.532
      ],
      [
       356579.862,
       3092202.897
      ],
      [
       356580.155,
       3092203.724
      ],
      [
       356580.24,
       3092201.607
      ],
      [
       356580.675,
       3092201.331
      ],
      [
       356583.204,
       3092202.509
      ],
      [
       356584.839,
       3092204.45
      ],
      [
       356584.168,
       3092204.912
      ],
      [
       356581.71,
       3092203.982
      ],
      [
       356580.834,
       3092204.697
      ],
      [
       356581.121,
       3092205.246
      ],
      [
       356580.89,
       3092206.15
      ],
      [
       356583.251,
       3092207.044
      ],
      [
       356583.302,
       3092208.22
      ],
      [
       356584.121,
       3092208.53
      ],
      [
       356583.537,
       3092210.073
      ],
      [
       356582.224,
       3092209.465
      ],
      [
       356582.378,
       3092208.477
      ],
      [
       356575.98,
       3092206.166
      ],
      [
       356576.443,
       3092206.836
      ],
      [
       356576.067,
       3092207.245
      ],
      [
       356577.245,
       3092208.793
      ],
      [
       356576.81,
       3092209.069
      ],
      [
       356575.249,
       3092208.534
      ],
      [
       356576.682,
       3092209.406
      ],
      [
       356576.364,
       3092210.829
      ],
      [
       356576.926,
       3092210.656
      ],
      [
       356577.328,
       3092211.194
      ],
      [
       356578.248,
       3092210.219
      ],
      [
       356579.321,
       3092210.295
      ],
      [
       356581.609,
       3092211.381
      ],
      [
       356581.582,
       3092212.473
      ],
      [
       356582.461,
       3092212.916
      ],
      [
       356581.495,
       3092215.47
      ],
      [
       356579.723,
       3092214.91
      ],
      [
       356580.174,
       3092215.466
      ],
      [
       356579.72,
       3092215.79
      ],
      [
       356579.96,
       3092216.322
      ],
      [
       356579.413,
       3092217.768
      ],
      [
       356580.286,
       3092218.373
      ],
      [
       356579.045,
       3092221.651
      ],
      [
       356578.593,
       3092221.535
      ],
      [
       356578.272,
       3092220.201
      ],
      [
       356577.753,
       3092220.115
      ],
      [
       356578.131,
       3092220.864
      ],
      [
       356577.605,
       3092221.381
      ],
      [
       356577.753,
       3092222.153
      ]
     ]
    ]
   },
   "properties": {
    "sheet": "01352_1889-0003",
    "building_id": "01352_1889-0003:block:4:bldg35",
    "block_id": "01352_1889-0003:block:4",
    "block_fid": 4,
    "block_number": "4",
    "text_inside": [
     "W",
     "2",
     "0",
     "Vac.",
     "2",
     "0",
     "U"
    ],
    "numerals_inside": [
     "2",
     "0",
     "2",
     "0"
    ],
    "words_inside": [
     "Vac."
    ],
    "floors": null,
    "wash_rgb": [
     227,
     208,
     205
    ],
    "wash_chroma": 3.0,
    "wash_lightness_delta": -16.9,
    "hue_deg": 8,
    "material": null,
    "area_source_px2": 139338,
    "centroid_source_px": [
     5397,
     3169
    ],
    "orphan": false,
    "centroid_map": [
     356572.102,
     3092208.114
    ]
   }
  },
  {
   "type": "Feature",
   "geometry": {
    "type": "Polygon",
    "coordinates": [
     [
      [
       356587.652,
       3092199.784
      ],
      [
       356586.942,
       3092199.185
      ],
      [
       356587.275,
       3092198.595
      ],
      [
       356586.24,
       3092197.982
      ],
      [
       356586.544,
       3092198.924
      ],
      [
       356585.836,
       3092199.923
      ],
      [
       356579.885,
       3092197.451
      ],
      [
       356580.472,
       3092196.626
      ],
      [
       356580.106,
       3092195.992
      ],
      [
       356581.63,
       3092192.547
      ],
      [
       356581.993,
       3092192.463
      ],
      [
       356582.364,
       3092193.375
      ],
      [
       356581.66,
       3092194.652
      ],
      [
       356583.48,
       3092195.23
      ],
      [
       356583.695,
       3092193.934
      ],
      [
       356584.553,
       3092193.267
      ],
      [
       356585.245,
       3092193.915
      ],
      [
       356585.189,
       3092194.499
      ],
      [
       356588.104,
       3092195.823
      ],
      [
       356587.794,
       3092196.642
      ],
      [
       356588.678,
       3092197.363
      ],
      [
       356587.652,
       3092199.784
      ]
     ]
    ]
   },
   "properties": {
    "sheet": "01352_1889-0003",
    "building_id": "01352_1889-0003:block:4:bldg36",
    "block_id": "01352_1889-0003:block:4",
    "block_fid": 4,
    "block_number": "4",
    "text_inside": [
     "2"
    ],
    "numerals_inside": [
     "2"
    ],
    "words_inside": [],
    "floors": null,
    "wash_rgb": [
     225,
     206,
     204
    ],
    "wash_chroma": 2.9,
    "wash_lightness_delta": -18.4,
    "hue_deg": 6,
    "material": null,
    "area_source_px2": 13062,
    "centroid_source_px": [
     5539,
     3459
    ],
    "orphan": false,
    "centroid_map": [
     356584.235,
     3092196.728
    ]
   }
  },
  {
   "type": "Feature",
   "geometry": {
    "type": "Polygon",
    "coordinates": [
     [
      [
       356578.09,
       3092196.661
      ],
      [
       356570.548,
       3092193.586
      ],
      [
       356570.629,
       3092192.791
      ],
      [
       356569.87,
       3092192.613
      ],
      [
       356570.581,
       3092190.734
      ],
      [
       356571.364,
       3092191.14
      ],
      [
       356571.638,
       3092190.417
      ],
      [
       356570.855,
       3092190.011
      ],
      [
       356571.402,
       3092188.565
      ],
      [
       356572.626,
       3092188.533
      ],
      [
       356572.49,
       3092187.875
      ],
      [
       356571.803,
       3092187.505
      ],
      [
       356572.077,
       3092186.782
      ],
      [
       356573.394,
       3092186.068
      ],
      [
       356572.515,
       3092185.625
      ],
      [
       356573.851,
       3092182.385
      ],
      [
       356579.345,
       3092184.464
      ],
      [
       356579.573,
       3092184.881
      ],
      [
       356579.159,
       3092186.267
      ],
      [
       356579.805,
       3092186.015
      ],
      [
       356580.147,
       3092186.421
      ],
      [
       356581.152,
       3092185.368
      ],
      [
       356582.272,
       3092185.902
      ],
      [
       356581.528,
       3092186.557
      ],
      [
       356581.933,
       3092188.253
      ],
      [
       356580.983,
       3092191.2
      ],
      [
       356579.879,
       3092191.498
      ],
      [
       356580.318,
       3092191.94
      ],
      [
       356579.476,
       3092192.998
      ],
      [
       356579.925,
       3092193.995
      ],
      [
       356579.086,
       3092196.212
      ],
      [
       356578.46,
       3092195.975
      ],
      [
       356578.09,
       3092196.661
      ]
     ]
    ]
   },
   "properties": {
    "sheet": "01352_1889-0003",
    "building_id": "01352_1889-0003:block:4:bldg37",
    "block_id": "01352_1889-0003:block:4",
    "block_fid": 4,
    "block_number": "4",
    "text_inside": [
     "T",
     "BEING",
     "F"
    ],
    "numerals_inside": [],
    "words_inside": [
     "BEING"
    ],
    "floors": null,
    "wash_rgb": [
     227,
     207,
     205
    ],
    "wash_chroma": 3.3,
    "wash_lightness_delta": -17.2,
    "hue_deg": 6,
    "material": null,
    "area_source_px2": 40200,
    "centroid_source_px": [
     5344,
     3530
    ],
    "orphan": false,
    "centroid_map": [
     356576.133,
     3092189.75
    ]
   }
  },
  {
   "type": "Feature",
   "geometry": {
    "type": "Polygon",
    "coordinates": [
     [
      [
       356541.995,
       3092178.482
      ],
      [
       356541.445,
       3092178.77
      ],
      [
       356540.518,
       3092178.309
      ],
      [
       356540.852,
       3092177.719
      ],
      [
       356539.839,
       3092177.336
      ],
      [
       356539.169,
       3092177.798
      ],
      [
       356533.066,
       3092175.434
      ],
      [
       356533.004,
       3092174.143
      ],
      [
       356533.796,
       3092173.506
      ],
      [
       356534.706,
       3092173.575
      ],
      [
       356537.061,
       3092174.632
      ],
      [
       356538.132,
       3092175.588
      ],
      [
       356538.317,
       3092176.264
      ],
      [
       356539.134,
       3092175.416
      ],
      [
       356542.17,
       3092176.565
      ],
      [
       356542.506,
       3092177.133
      ],
      [
       356541.995,
       3092178.482
      ]
     ]
    ]
   },
   "properties": {
    "sheet": "01352_1889-0003",
    "building_id": "01352_1889-0003:block:4:bldg38",
    "block_id": "01352_1889-0003:block:4",
    "block_fid": 4,
    "block_number": "4",
    "text_inside": [
     "TAMPA TRIBUNE"
    ],
    "numerals_inside": [],
    "words_inside": [
     "TAMPA TRIBUNE"
    ],
    "floors": null,
    "wash_rgb": [
     160,
     186,
     178
    ],
    "wash_chroma": 6.5,
    "wash_lightness_delta": -46.3,
    "hue_deg": 162,
    "material": null,
    "area_source_px2": 7353,
    "centroid_source_px": [
     4547,
     3514
    ],
    "orphan": false,
    "centroid_map": [
     356537.431,
     3092175.984
    ]
   }
  },
  {
   "type": "Feature",
   "geometry": {
    "type": "Polygon",
    "coordinates": [
     [
      [
       356581.748,
       3092191.654
      ],
      [
       356583.074,
       3092187.859
      ],
      [
       356583.6,
       3092187.342
      ],
      [
       356584.13,
       3092187.542
      ],
      [
       356584.67,
       3092186.7
      ],
      [
       356590.561,
       3092189.04
      ],
      [
       356590.178,
       3092190.052
      ],
      [
       356591.243,
       3092190.73
      ],
      [
       356589.447,
       3092194.458
      ],
      [
       356589.068,
       3092194.149
      ],
      [
       356589.632,
       3092193.096
      ],
      [
       356589.422,
       3092192.631
      ],
      [
       356588.302,
       3092192.096
      ],
      [
       356588.632,
       3092192.827
      ],
      [
       356588.116,
       3092193.899
      ],
      [
       356586.273,
       3092193.091
      ],
      [
       356585.313,
       3092193.444
      ],
      [
       356582.878,
       3092192.743
      ],
      [
       356581.748,
       3092191.654
      ]
     ]
    ]
   },
   "properties": {
    "sheet": "01352_1889-0003",
    "building_id": "01352_1889-0003:block:4:bldg39",
    "block_id": "01352_1889-0003:block:4",
    "block_fid": 4,
    "block_number": "4",
    "text_inside": [
     "2"
    ],
    "numerals_inside": [
     "2"
    ],
    "words_inside": [],
    "floors": null,
    "wash_rgb": [
     225,
     207,
     204
    ],
    "wash_chroma": 3.0,
    "wash_lightness_delta": -18.1,
    "hue_deg": 8,
    "material": null,
    "area_source_px2": 16698,
    "centroid_source_px": [
     5538,
     3591
    ],
    "orphan": false,
    "centroid_map": [
     356586.595,
     3092190.348
    ]
   }
  },
  {
   "type": "Feature",
   "geometry": {
    "type": "Polygon",
    "coordinates": [
     [
      [
       356544.978,
       3092171.182
      ],
      [
       356543.809,
       3092173.108
      ],
      [
       356543.565,
       3092171.859
      ],
      [
       356539.444,
       3092170.52
      ],
      [
       356538.883,
       3092170.693
      ],
      [
       356538.432,
       3092170.137
      ],
      [
       356537.871,
       3092170.31
      ],
      [
       356534.59,
       3092168.352
      ],
      [
       356535.074,
       3092167.654
      ],
      [
       356535.943,
       3092167.542
      ],
      [
       356544.978,
       3092171.182
      ]
     ]
    ]
   },
   "properties": {
    "sheet": "01352_1889-0003",
    "building_id": "01352_1889-0003:block:4:bldg40",
    "block_id": "01352_1889-0003:block:4",
    "block_fid": 4,
    "block_number": "4",
    "text_inside": [
     "X"
    ],
    "numerals_inside": [],
    "words_inside": [],
    "floors": null,
    "wash_rgb": [
     151,
     179,
     169
    ],
    "wash_chroma": 7.4,
    "wash_lightness_delta": -53.0,
    "hue_deg": 158,
    "material": null,
    "area_source_px2": 5801,
    "centroid_source_px": [
     4550,
     3641
    ],
    "orphan": false,
    "centroid_map": [
     356539.892,
     3092169.918
    ]
   }
  },
  {
   "type": "Feature",
   "geometry": {
    "type": "Polygon",
    "coordinates": [
     [
      [
       356394.44,
       3092115.034
      ],
      [
       356394.303,
       3092114.376
      ],
      [
       356400.435,
       3092100.94
      ],
      [
       356400.882,
       3092100.778
      ],
      [
       356401.519,
       3092101.57
      ],
      [
       356395.199,
       3092115.211
      ],
      [
       356394.44,
       3092115.034
      ]
     ]
    ]
   },
   "properties": {
    "sheet": "01352_1889-0003",
    "building_id": "01352_1889-0003:block:fid7:bldg41",
    "block_id": "01352_1889-0003:block:fid7",
    "block_fid": 7,
    "block_number": null,
    "text_inside": [],
    "numerals_inside": [],
    "words_inside": [],
    "floors": null,
    "wash_rgb": [
     226,
     226,
     218
    ],
    "wash_chroma": 0.0,
    "wash_lightness_delta": -4.5,
    "hue_deg": 60,
    "material": null,
    "area_source_px2": 7037,
    "centroid_source_px": [
     1547,
     3786
    ],
    "orphan": false,
    "centroid_map": [
     356397.814,
     3092108.157
    ]
   }
  },
  {
   "type": "Feature",
   "geometry": {
    "type": "Polygon",
    "coordinates": [
     [
      [
       356598.629,
       3092173.691
      ],
      [
       356596.079,
       3092179.117
      ],
      [
       356561.11,
       3092163.789
      ],
      [
       356561.85,
       3092162.416
      ],
      [
       356562.692,
       3092162.955
      ],
      [
       356563.254,
       3092162.782
      ],
      [
       356565.318,
       3092164.169
      ],
      [
       356565.994,
       3092163.984
      ],
      [
       356566.731,
       3092165.531
      ],
      [
       356567.97,
       3092164.732
      ],
      [
       356567.184,
       3092163.608
      ],
      [
       356565.725,
       3092163.387
      ],
      [
       356565.07,
       3092162.643
      ],
      [
       356565.457,
       3092162.348
      ],
      [
       356574.199,
       3092165.161
      ],
      [
       356580.179,
       3092168.141
      ],
      [
       356587.602,
       3092170.509
      ],
      [
       356593.605,
       3092173.718
      ],
      [
       356598.629,
       3092173.691
      ]
     ]
    ]
   },
   "properties": {
    "sheet": "01352_1889-0003",
    "building_id": "01352_1889-0003:block:fid9:bldg42",
    "block_id": null,
    "block_fid": 9,
    "block_number": null,
    "text_inside": [
     "Creek."
    ],
    "numerals_inside": [],
    "words_inside": [
     "Creek."
    ],
    "floors": null,
    "wash_rgb": [
     184,
     205,
     209
    ],
    "wash_chroma": 3.7,
    "wash_lightness_delta": -26.9,
    "hue_deg": 190,
    "material": null,
    "area_source_px2": 53487,
    "centroid_source_px": [
     5322,
     3915
    ],
    "orphan": true,
    "orphan_because": "its block was rejected, split away or never traced",
    "centroid_map": [
     356582.095,
     3092170.794
    ]
   }
  },
  {
   "type": "Feature",
   "geometry": {
    "type": "Polygon",
    "coordinates": [
     [
      [
       356464.88,
       3092127.479
      ],
      [
       356466.638,
       3092124.728
      ],
      [
       356477.822,
       3092129.677
      ],
      [
       356506.033,
       3092140.299
      ],
      [
       356514.746,
       3092143.046
      ],
      [
       356516.383,
       3092144.106
      ],
      [
       356515.262,
       3092146.051
      ],
      [
       356507.651,
       3092143.887
      ],
      [
       356491.892,
       3092137.922
      ],
      [
       356477.185,
       3092132.962
      ],
      [
       356464.88,
       3092127.479
      ]
     ]
    ]
   },
   "properties": {
    "sheet": "01352_1889-0003",
    "building_id": "01352_1889-0003:block:fid8:bldg43",
    "block_id": null,
    "block_fid": 8,
    "block_number": null,
    "text_inside": [],
    "numerals_inside": [],
    "words_inside": [],
    "floors": null,
    "wash_rgb": [
     183,
     203,
     208
    ],
    "wash_chroma": 3.5,
    "wash_lightness_delta": -28.2,
    "hue_deg": 192,
    "material": null,
    "area_source_px2": 59596,
    "centroid_source_px": [
     3404,
     3919
    ],
    "orphan": true,
    "orphan_because": "its block was rejected, split away or never traced",
    "centroid_map": [
     356489.734,
     3092135.618
    ]
   }
  },
  {
   "type": "Feature",
   "geometry": {
    "type": "Polygon",
    "coordinates": [
     [
      [
       356538.222,
       3092155.843
      ],
      [
       356540.365,
       3092151.199
      ],
      [
       356543.765,
       3092153.863
      ],
      [
       356546.03,
       3092154.72
      ],
      [
       356551.413,
       3092155.491
      ],
      [
       356556.884,
       3092157.341
      ],
      [
       356563.175,
       3092161.099
      ],
      [
       356563.504,
       3092161.83
      ],
      [
       356563.207,
       3092162.323
      ],
      [
       356562.471,
       3092162.375
      ],
      [
       356562.058,
       3092161.283
      ],
      [
       356561.533,
       3092161.359
      ],
      [
       356560.444,
       3092160.451
      ],
      [
       356559.913,
       3092160.691
      ],
      [
       356560.222,
       3092162.351
      ],
      [
       356561.587,
       3092163.694
      ],
      [
       356561.17,
       3092163.921
      ],
      [
       356549.093,
       3092158.855
      ],
      [
       356539.499,
       3092156.546
      ],
      [
       356538.222,
       3092155.843
      ]
     ]
    ]
   },
   "properties": {
    "sheet": "01352_1889-0003",
    "building_id": "01352_1889-0003:block:fid9:bldg44",
    "block_id": null,
    "block_fid": 9,
    "block_number": null,
    "text_inside": [],
    "numerals_inside": [],
    "words_inside": [],
    "floors": null,
    "wash_rgb": [
     181,
     203,
     208
    ],
    "wash_chroma": 4.2,
    "wash_lightness_delta": -28.5,
    "hue_deg": 192,
    "material": null,
    "area_source_px2": 35595,
    "centroid_source_px": [
     4648,
     3937
    ],
    "orphan": true,
    "orphan_because": "its block was rejected, split away or never traced",
    "centroid_map": [
     356550.014,
     3092157.44
    ]
   }
  },
  {
   "type": "Feature",
   "geometry": {
    "type": "Polygon",
    "coordinates": [
     [
      [
       356444.874,
       3092118.034
      ],
      [
       356443.091,
       3092117.359
      ],
      [
       356443.402,
       3092118.138
      ],
      [
       356442.795,
       3092119.451
      ],
      [
       356422.958,
       3092109.85
      ],
      [
       356427.863,
       3092099.364
      ],
      [
       356447.869,
       3092108.81
      ],
      [
       356447.312,
       3092109.7
      ],
      [
       356448.299,
       3092110.294
      ],
      [
       356447.024,
       3092113.228
      ],
      [
       356446.064,
       3092113.581
      ],
      [
       356444.859,
       3092113.125
      ],
      [
       356443.935,
       3092111.343
      ],
      [
       356443.162,
       3092111.931
      ],
      [
       356442.65,
       3092111.683
      ],
      [
       356441.672,
       3092112.084
      ],
      [
       356443.744,
       3092112.868
      ],
      [
       356444.224,
       3092113.491
      ],
      [
       356444.96,
       3092113.439
      ],
      [
       356445.296,
       3092114.007
      ],
      [
       356446.466,
       3092114.119
      ],
      [
       356444.874,
       3092118.034
      ]
     ]
    ]
   },
   "properties": {
    "sheet": "01352_1889-0003",
    "building_id": "01352_1889-0003:block:fid10:bldg45",
    "block_id": "01352_1889-0003:block:fid10",
    "block_fid": 10,
    "block_number": null,
    "text_inside": [
     "2",
     "Gen't Storage."
    ],
    "numerals_inside": [
     "2"
    ],
    "words_inside": [
     "Gen't Storage."
    ],
    "floors": null,
    "wash_rgb": [
     230,
     224,
     193
    ],
    "wash_chroma": 11.9,
    "wash_lightness_delta": -6.7,
    "hue_deg": 50,
    "material": null,
    "area_source_px2": 99091,
    "centroid_source_px": [
     2237,
     4023
    ],
    "orphan": false,
    "centroid_map": [
     356435.39,
     3092109.32
    ]
   }
  },
  {
   "type": "Feature",
   "geometry": {
    "type": "Polygon",
    "coordinates": [
     [
      [
       356455.244,
       3092109.121
      ],
      [
       356454.558,
       3092108.751
      ],
      [
       356453.843,
       3092109.913
      ],
      [
       356452.758,
       3092109.723
      ],
      [
       356435.932,
       3092101.482
      ],
      [
       356438.586,
       3092095.489
      ],
      [
       356439.895,
       3092095.378
      ],
      [
       356439.047,
       3092094.562
      ],
      [
       356442.099,
       3092088.389
      ],
      [
       356443.522,
       3092088.707
      ],
      [
       356459.854,
       3092096.651
      ],
      [
       356459.544,
       3092097.47
      ],
      [
       356460.332,
       3092098.154
      ],
      [
       356458.031,
       3092103.069
      ],
      [
       356452.007,
       3092100.789
      ],
      [
       356452.77,
       3092099.645
      ],
      [
       356452.585,
       3092098.969
      ],
      [
       356453.177,
       3092098.862
      ],
      [
       356453.148,
       3092098.356
      ],
      [
       356453.855,
       3092097.797
      ],
      [
       356453.471,
       3092097.211
      ],
      [
       356451.932,
       3092097.785
      ],
      [
       356451.502,
       3092098.339
      ],
      [
       356452.06,
       3092099.046
      ],
      [
       356451.485,
       3092099.985
      ],
      [
       356450.247,
       3092100.343
      ],
      [
       356450.493,
       3092100.712
      ],
      [
       356449.937,
       3092101.162
      ],
      [
       356451.716,
       3092101.12
      ],
      [
       356452.878,
       3092101.835
      ],
      [
       356452.809,
       3092102.745
      ],
      [
       356457.079,
       3092104.857
      ],
      [
       356455.244,
       3092109.121
      ]
     ]
    ]
   },
   "properties": {
    "sheet": "01352_1889-0003",
    "building_id": "01352_1889-0003:block:fid10:bldg46",
    "block_id": "01352_1889-0003:block:fid10",
    "block_fid": 10,
    "block_number": null,
    "text_inside": [
     "3",
     "Gen't W.Ho"
    ],
    "numerals_inside": [
     "3"
    ],
    "words_inside": [
     "Gen't W.Ho"
    ],
    "floors": null,
    "wash_rgb": [
     231,
     224,
     192
    ],
    "wash_chroma": 12.8,
    "wash_lightness_delta": -6.5,
    "hue_deg": 50,
    "material": null,
    "area_source_px2": 108904,
    "centroid_source_px": [
     2392,
     4297
    ],
    "orphan": false,
    "centroid_map": [
     356447.857,
     3092098.943
    ]
   }
  },
  {
   "type": "Feature",
   "geometry": {
    "type": "Polygon",
    "coordinates": [
     [
      [
       356491.91,
       3092124.045
      ],
      [
       356473.337,
       3092117.071
      ],
      [
       356473.207,
       3092116.25
      ],
      [
       356475.182,
       3092111.323
      ],
      [
       356478.617,
       3092112.292
      ],
      [
       356493.074,
       3092118.204
      ],
      [
       356493.959,
       3092116.446
      ],
      [
       356494.617,
       3092116.309
      ],
      [
       356494.863,
       3092116.678
      ],
      [
       356491.91,
       3092124.045
      ]
     ]
    ]
   },
   "properties": {
    "sheet": "01352_1889-0003",
    "building_id": "01352_1889-0003:block:6:bldg47",
    "block_id": "01352_1889-0003:block:6",
    "block_fid": 12,
    "block_number": "6",
    "text_inside": [],
    "numerals_inside": [],
    "words_inside": [],
    "floors": null,
    "wash_rgb": [
     230,
     229,
     221
    ],
    "wash_chroma": 0.2,
    "wash_lightness_delta": -1.8,
    "hue_deg": 54,
    "material": null,
    "area_source_px2": 47346,
    "centroid_source_px": [
     3170,
     4203
    ],
    "orphan": false,
    "centroid_map": [
     356483.637,
     3092117.663
    ]
   }
  },
  {
   "type": "Feature",
   "geometry": {
    "type": "Polygon",
    "coordinates": [
     [
      [
       356567.345,
       3092152.264
      ],
      [
       356567.353,
       3092151.661
      ],
      [
       356568.281,
       3092151.682
      ],
      [
       356568.116,
       3092150.518
      ],
      [
       356568.964,
       3092149.296
      ],
      [
       356569.423,
       3092149.249
      ],
      [
       356570.233,
       3092150.602
      ],
      [
       356571.853,
       3092147.194
      ],
      [
       356571.3,
       3092146.764
      ],
      [
       356570.243,
       3092147.08
      ],
      [
       356569.838,
       3092145.384
      ],
      [
       356574.573,
       3092147.286
      ],
      [
       356572.306,
       3092152.985
      ],
      [
       356571.204,
       3092152.403
      ],
      [
       356571.087,
       3092153.295
      ],
      [
       356569.308,
       3092153.338
      ],
      [
       356567.345,
       3092152.264
      ]
     ]
    ]
   },
   "properties": {
    "sheet": "01352_1889-0003",
    "building_id": "01352_1889-0003:block:7:bldg48",
    "block_id": "01352_1889-0003:block:7",
    "block_fid": 11,
    "block_number": "7",
    "text_inside": [
     "X",
     "Oils"
    ],
    "numerals_inside": [],
    "words_inside": [
     "Oils"
    ],
    "floors": null,
    "wash_rgb": [
     159,
     186,
     176
    ],
    "wash_chroma": 7.0,
    "wash_lightness_delta": -46.4,
    "hue_deg": 158,
    "material": null,
    "area_source_px2": 10098,
    "centroid_source_px": [
     4985,
     4220
    ],
    "orphan": false,
    "centroid_map": [
     356571.417,
     3092149.949
    ]
   }
  },
  {
   "type": "Feature",
   "geometry": {
    "type": "Polygon",
    "coordinates": [
     [
      [
       356493.93,
       3092124.093
      ],
      [
       356508.271,
       3092124.342
      ],
      [
       356518.425,
       3092133.033
      ],
      [
       356518.057,
       3092133.28
      ],
      [
       356493.93,
       3092124.093
      ]
     ]
    ]
   },
   "properties": {
    "sheet": "01352_1889-0003",
    "building_id": "01352_1889-0003:block:6:bldg49",
    "block_id": "01352_1889-0003:block:6",
    "block_fid": 12,
    "block_number": "6",
    "text_inside": [],
    "numerals_inside": [],
    "words_inside": [],
    "floors": null,
    "wash_rgb": [
     227,
     219,
     184
    ],
    "wash_chroma": 14.7,
    "wash_lightness_delta": -10.8,
    "hue_deg": 48,
    "material": null,
    "area_source_px2": 24775,
    "centroid_source_px": [
     3658,
     4188
    ],
    "orphan": false,
    "centroid_map": [
     356506.881,
     3092127.287
    ]
   }
  },
  {
   "type": "Feature",
   "geometry": {
    "type": "Polygon",
    "coordinates": [
     [
      [
       356520.521,
       3092134.047
      ],
      [
       356519.474,
       3092133.32
      ],
      [
       356520.528,
       3092131.846
      ],
      [
       356519.727,
       3092131.487
      ],
      [
       356519.194,
       3092132.167
      ],
      [
       356518.78,
       3092131.515
      ],
      [
       356518.602,
       3092132.274
      ],
      [
       356518.096,
       3092132.303
      ],
      [
       356510.191,
       3092125.675
      ],
      [
       356509.326,
       3092124.466
      ],
      [
       356515.321,
       3092124.641
      ],
      [
       356516.464,
       3092125.404
      ],
      [
       356517.911,
       3092125.511
      ],
      [
       356518.404,
       3092126.248
      ],
      [
       356518.251,
       3092124.758
      ],
      [
       356522.455,
       3092124.862
      ],
      [
       356522.891,
       3092126.184
      ],
      [
       356523.465,
       3092125.685
      ],
      [
       356520.521,
       3092134.047
      ]
     ]
    ]
   },
   "properties": {
    "sheet": "01352_1889-0003",
    "building_id": "01352_1889-0003:block:6:bldg50",
    "block_id": "01352_1889-0003:block:6",
    "block_fid": 12,
    "block_number": "6",
    "text_inside": [
     "12"
    ],
    "numerals_inside": [
     "12"
    ],
    "words_inside": [],
    "floors": null,
    "wash_rgb": [
     229,
     222,
     188
    ],
    "wash_chroma": 13.8,
    "wash_lightness_delta": -8.3,
    "hue_deg": 50,
    "material": null,
    "area_source_px2": 24644,
    "centroid_source_px": [
     3857,
     4252
    ],
    "orphan": false,
    "centroid_map": [
     356517.639,
     3092127.832
    ]
   }
  },
  {
   "type": "Feature",
   "geometry": {
    "type": "Polygon",
    "coordinates": [
     [
      [
       356492.594,
       3092123.257
      ],
      [
       356494.472,
       3092118.293
      ],
      [
       356495.405,
       3092116.993
      ],
      [
       356499.791,
       3092118.653
      ],
      [
       356500.678,
       3092118.493
      ],
      [
       356501.237,
       3092119.2
      ],
      [
       356501.702,
       3092118.991
      ],
      [
       356502.019,
       3092119.607
      ],
      [
       356503.02,
       3092119.875
      ],
      [
       356503.722,
       3092121.077
      ],
      [
       356504.915,
       3092121.419
      ],
      [
       356507.447,
       3092123.754
      ],
      [
       356506.993,
       3092124.079
      ],
      [
       356492.594,
       3092123.257
      ]
     ]
    ]
   },
   "properties": {
    "sheet": "01352_1889-0003",
    "building_id": "01352_1889-0003:block:6:bldg51",
    "block_id": "01352_1889-0003:block:6",
    "block_fid": 12,
    "block_number": "6",
    "text_inside": [
     "PENCER, HENDERSON MY CO. LIVERY."
    ],
    "numerals_inside": [],
    "words_inside": [
     "PENCER, HENDERSON MY CO. LIVERY."
    ],
    "floors": null,
    "wash_rgb": [
     228,
     221,
     186
    ],
    "wash_chroma": 14.1,
    "wash_lightness_delta": -9.5,
    "hue_deg": 50,
    "material": null,
    "area_source_px2": 22274,
    "centroid_source_px": [
     3472,
     4243
    ],
    "orphan": false,
    "centroid_map": [
     356498.92,
     3092121.244
    ]
   }
  },
  {
   "type": "Feature",
   "geometry": {
    "type": "Polygon",
    "coordinates": [
     [
      [
       356581.898,
       3092152.097
      ],
      [
       356579.356,
       3092151.245
      ],
      [
       356579.306,
       3092151.667
      ],
      [
       356580.896,
       3092152.269
      ],
      [
       356581.058,
       3092152.716
      ],
      [
       356577.708,
       3092153.707
      ],
      [
       356576.034,
       3092150.704
      ],
      [
       356577.97,
       3092150.831
      ],
      [
       356575.91,
       3092149.721
      ],
      [
       356576.416,
       3092148.094
      ],
      [
       356576.934,
       3092148.18
      ],
      [
       356577.287,
       3092149.14
      ],
      [
       356577.188,
       3092147.946
      ],
      [
       356577.605,
       3092147.718
      ],
      [
       356581.087,
       3092149.146
      ],
      [
       356581.276,
       3092150.539
      ],
      [
       356582.336,
       3092150.941
      ],
      [
       356581.898,
       3092152.097
      ]
     ]
    ]
   },
   "properties": {
    "sheet": "01352_1889-0003",
    "building_id": "01352_1889-0003:block:7:bldg52",
    "block_id": "01352_1889-0003:block:7",
    "block_fid": 11,
    "block_number": "7",
    "text_inside": [
     "1",
     "X"
    ],
    "numerals_inside": [
     "1"
    ],
    "words_inside": [],
    "floors": null,
    "wash_rgb": [
     228,
     222,
     189
    ],
    "wash_chroma": 13.1,
    "wash_lightness_delta": -8.6,
    "hue_deg": 50,
    "material": null,
    "area_source_px2": 8499,
    "centroid_source_px": [
     5126,
     4258
    ],
    "orphan": false,
    "centroid_map": [
     356578.905,
     3092150.689
    ]
   }
  },
  {
   "type": "Feature",
   "geometry": {
    "type": "Polygon",
    "coordinates": [
     [
      [
       356498.27,
       3092115.102
      ],
      [
       356520.33,
       3092123.341
      ],
      [
       356521.932,
       3092124.058
      ],
      [
       356522.076,
       3092124.553
      ],
      [
       356518.361,
       3092124.469
      ],
      [
       356517.747,
       3092123.906
      ],
      [
       356517.173,
       3092124.405
      ],
      [
       356516.651,
       3092123.602
      ],
      [
       356516.016,
       3092123.967
      ],
      [
       356515.627,
       3092123.104
      ],
      [
       356513.169,
       3092122.174
      ],
      [
       356512.389,
       3092122.925
      ],
      [
       356511.952,
       3092121.603
      ],
      [
       356510.091,
       3092120.844
      ],
      [
       356510.516,
       3092124.089
      ],
      [
       356508.362,
       3092124.101
      ],
      [
       356506.54,
       3092122.365
      ],
      [
       356507.151,
       3092121.769
      ],
      [
       356508.327,
       3092121.719
      ],
      [
       356508.468,
       3092121.056
      ],
      [
       356509.181,
       3092120.774
      ],
      [
       356508.983,
       3092120.424
      ],
      [
       356506.783,
       3092119.977
      ],
      [
       356505.947,
       3092119.275
      ],
      [
       356504.63,
       3092119.989
      ],
      [
       356504.248,
       3092118.522
      ],
      [
       356503.687,
       3092118.695
      ],
      [
       356503.091,
       3092118.084
      ],
      [
       356502.497,
       3092119.071
      ],
      [
       356502.031,
       3092117.683
      ],
      [
       356501.3,
       3092118.012
      ],
      [
       356498.27,
       3092115.102
      ]
     ]
    ]
   },
   "properties": {
    "sheet": "01352_1889-0003",
    "building_id": "01352_1889-0003:block:6:bldg53",
    "block_id": "01352_1889-0003:block:6",
    "block_fid": 12,
    "block_number": "6",
    "text_inside": [],
    "numerals_inside": [],
    "words_inside": [],
    "floors": null,
    "wash_rgb": [
     225,
     218,
     184
    ],
    "wash_chroma": 13.9,
    "wash_lightness_delta": -12.0,
    "hue_deg": 50,
    "material": null,
    "area_source_px2": 16293,
    "centroid_source_px": [
     3665,
     4327
    ],
    "orphan": false,
    "centroid_map": [
     356509.754,
     3092120.716
    ]
   }
  },
  {
   "type": "Feature",
   "geometry": {
    "type": "Polygon",
    "coordinates": [
     [
      [
       356492.232,
       3092117.225
      ],
      [
       356477.154,
       3092111.353
      ],
      [
       356477.102,
       3092110.617
      ],
      [
       356479.943,
       3092110.535
      ],
      [
       356487.267,
       3092113.748
      ],
      [
       356487.691,
       3092113.357
      ],
      [
       356487.59,
       3092112.603
      ],
      [
       356488.344,
       3092112.503
      ],
      [
       356488.777,
       3092115.146
      ],
      [
       356489.933,
       3092115.584
      ],
      [
       356490.345,
       3092115.078
      ],
      [
       356490.912,
       3092115.182
      ],
      [
       356492.232,
       3092117.225
      ]
     ]
    ]
   },
   "properties": {
    "sheet": "01352_1889-0003",
    "building_id": "01352_1889-0003:block:6:bldg54",
    "block_id": "01352_1889-0003:block:6",
    "block_fid": 12,
    "block_number": "6",
    "text_inside": [
     "SPENCER HENDERS"
    ],
    "numerals_inside": [],
    "words_inside": [
     "SPENCER HENDERS"
    ],
    "floors": null,
    "wash_rgb": [
     225,
     218,
     185
    ],
    "wash_chroma": 13.3,
    "wash_lightness_delta": -12.1,
    "hue_deg": 50,
    "material": null,
    "area_source_px2": 8761,
    "centroid_source_px": [
     3153,
     4286
    ],
    "orphan": false,
    "centroid_map": [
     356484.331,
     3092113.353
    ]
   }
  },
  {
   "type": "Feature",
   "geometry": {
    "type": "Polygon",
    "coordinates": [
     [
      [
       356486.727,
       3092108.916
      ],
      [
       356496.076,
       3092106.779
      ],
      [
       356497.474,
       3092106.867
      ],
      [
       356494.825,
       3092113.578
      ],
      [
       356492.896,
       3092113.289
      ],
      [
       356494.268,
       3092114.029
      ],
      [
       356494.212,
       3092114.613
      ],
      [
       356492.622,
       3092114.012
      ],
      [
       356492.036,
       3092114.396
      ],
      [
       356491.309,
       3092113.404
      ],
      [
       356489.887,
       3092113.087
      ],
      [
       356489.364,
       3092112.283
      ],
      [
       356491.197,
       3092112.536
      ],
      [
       356488.727,
       3092111.491
      ],
      [
       356486.727,
       3092108.916
      ]
     ]
    ]
   },
   "properties": {
    "sheet": "01352_1889-0003",
    "building_id": "01352_1889-0003:block:6:bldg55",
    "block_id": "01352_1889-0003:block:6",
    "block_fid": 12,
    "block_number": "6",
    "text_inside": [],
    "numerals_inside": [],
    "words_inside": [],
    "floors": null,
    "wash_rgb": [
     229,
     222,
     190
    ],
    "wash_chroma": 12.6,
    "wash_lightness_delta": -8.2,
    "hue_deg": 50,
    "material": null,
    "area_source_px2": 17457,
    "centroid_source_px": [
     3279,
     4401
    ],
    "orphan": false,
    "centroid_map": [
     356492.501,
     3092110.109
    ]
   }
  },
  {
   "type": "Feature",
   "geometry": {
    "type": "Polygon",
    "coordinates": [
     [
      [
       356485.811,
       3092108.569
      ],
      [
       356482.921,
       3092109.073
      ],
      [
       356481.138,
       3092108.398
      ],
      [
       356481.702,
       3092109.383
      ],
      [
       356480.105,
       3092108.944
      ],
      [
       356479.53,
       3092109.442
      ],
      [
       356478.659,
       3092108.396
      ],
      [
       356476.647,
       3092107.745
      ],
      [
       356477.209,
       3092107.132
      ],
      [
       356479.945,
       3092108.057
      ],
      [
       356478.434,
       3092107.099
      ],
      [
       356479.536,
       3092105.643
      ],
      [
       356478.849,
       3092105.273
      ],
      [
       356478.287,
       3092105.886
      ],
      [
       356477.741,
       3092104.853
      ],
      [
       356479.164,
       3092101.094
      ],
      [
       356480.912,
       3092101.425
      ],
      [
       356485.811,
       3092108.569
      ]
     ]
    ]
   },
   "properties": {
    "sheet": "01352_1889-0003",
    "building_id": "01352_1889-0003:block:6:bldg56",
    "block_id": "01352_1889-0003:block:6",
    "block_fid": 12,
    "block_number": "6",
    "text_inside": [
     "x"
    ],
    "numerals_inside": [],
    "words_inside": [],
    "floors": null,
    "wash_rgb": [
     229,
     223,
     192
    ],
    "wash_chroma": 11.6,
    "wash_lightness_delta": -7.8,
    "hue_deg": 50,
    "material": null,
    "area_source_px2": 14464,
    "centroid_source_px": [
     3045,
     4404
    ],
    "orphan": false,
    "centroid_map": [
     356481.279,
     3092105.697
    ]
   }
  },
  {
   "type": "Feature",
   "geometry": {
    "type": "Polygon",
    "coordinates": [
     [
      [
       356479.971,
       3092099.251
      ],
      [
       356481.326,
       3092095.963
      ],
      [
       356485.962,
       3092098.709
      ],
      [
       356493.899,
       3092086.616
      ],
      [
       356489.072,
       3092083.357
      ],
      [
       356488.99,
       3092082.555
      ],
      [
       356491.348,
       3092078.654
      ],
      [
       356494.866,
       3092079.985
      ],
      [
       356496.028,
       3092076.624
      ],
      [
       356493.752,
       3092075.652
      ],
      [
       356493.749,
       3092074.494
      ],
      [
       356499.52,
       3092064.777
      ],
      [
       356500.256,
       3092064.725
      ],
      [
       356503.188,
       3092066.441
      ],
      [
       356505.576,
       3092062.606
      ],
      [
       356505.259,
       3092061.55
      ],
      [
       356510.845,
       3092063.388
      ],
      [
       356531.874,
       3092071.733
      ],
      [
       356525.703,
       3092087.744
      ],
      [
       356527.547,
       3092088.552
      ],
      [
       356527.338,
       3092089.685
      ],
      [
       356533.422,
       3092092.098
      ],
      [
       356534.294,
       3092091.106
      ],
      [
       356536.938,
       3092092.272
      ],
      [
       356535.092,
       3092096.421
      ],
      [
       356525.127,
       3092092.76
      ],
      [
       356523.181,
       3092098.195
      ],
      [
       356533.047,
       3092102.259
      ],
      [
       356524.398,
       3092124.385
      ],
      [
       356519.228,
       3092122.759
      ],
      [
       356496.242,
       3092113.618
      ],
      [
       356495.502,
       3092114.991
      ],
      [
       356494.899,
       3092114.983
      ],
      [
       356497.989,
       3092106.236
      ],
      [
       356479.971,
       3092099.251
      ]
     ]
    ]
   },
   "properties": {
    "sheet": "01352_1889-0003",
    "building_id": "01352_1889-0003:block:6:bldg57",
    "block_id": "01352_1889-0003:block:6",
    "block_fid": 12,
    "block_number": "6",
    "text_inside": [
     "TANK.",
     "x",
     "TANK.",
     "210'E"
    ],
    "numerals_inside": [],
    "words_inside": [
     "TANK.",
     "TANK."
    ],
    "floors": null,
    "wash_rgb": [
     233,
     232,
     224
    ],
    "wash_chroma": 0.2,
    "wash_lightness_delta": 0.8,
    "hue_deg": 54,
    "material": null,
    "area_source_px2": 734632,
    "centroid_source_px": [
     3486,
     4847
    ],
    "orphan": false,
    "centroid_map": [
     356510.612,
     3092092.391
    ]
   }
  },
  {
   "type": "Feature",
   "geometry": {
    "type": "Polygon",
    "coordinates": [
     [
      [
       356480.324,
       3092100.211
      ],
      [
       356480.759,
       3092099.935
      ],
      [
       356496.554,
       3092106.243
      ],
      [
       356486.584,
       3092108.421
      ],
      [
       356480.324,
       3092100.211
      ]
     ]
    ]
   },
   "properties": {
    "sheet": "01352_1889-0003",
    "building_id": "01352_1889-0003:block:6:bldg58",
    "block_id": "01352_1889-0003:block:6",
    "block_fid": 12,
    "block_number": "6",
    "text_inside": [],
    "numerals_inside": [],
    "words_inside": [],
    "floors": null,
    "wash_rgb": [
     230,
     224,
     195
    ],
    "wash_chroma": 11.0,
    "wash_lightness_delta": -6.3,
    "hue_deg": 50,
    "material": null,
    "area_source_px2": 19304,
    "centroid_source_px": [
     3157,
     4464
    ],
    "orphan": false,
    "centroid_map": [
     356487.771,
     3092104.848
    ]
   }
  },
  {
   "type": "Feature",
   "geometry": {
    "type": "Polygon",
    "coordinates": [
     [
      [
       356596.06,
       3092143.793
      ],
      [
       356593.182,
       3092142.373
      ],
      [
       356595.594,
       3092136.289
      ],
      [
       356596.144,
       3092136.002
      ],
      [
       356598.276,
       3092136.919
      ],
      [
       356598.176,
       3092138.203
      ],
      [
       356599.369,
       3092138.544
      ],
      [
       356597.442,
       3092143.49
      ],
      [
       356596.929,
       3092143.681
      ],
      [
       356596.378,
       3092142.371
      ],
      [
       356596.495,
       3092143.517
      ],
      [
       356596.06,
       3092143.793
      ]
     ]
    ]
   },
   "properties": {
    "sheet": "01352_1889-0003",
    "building_id": "01352_1889-0003:block:7:bldg59",
    "block_id": "01352_1889-0003:block:7",
    "block_fid": 11,
    "block_number": "7",
    "text_inside": [
     "1",
     "x"
    ],
    "numerals_inside": [
     "1"
    ],
    "words_inside": [],
    "floors": null,
    "wash_rgb": [
     230,
     223,
     190
    ],
    "wash_chroma": 13.2,
    "wash_lightness_delta": -7.3,
    "hue_deg": 50,
    "material": null,
    "area_source_px2": 10698,
    "centroid_source_px": [
     5368,
     4571
    ],
    "orphan": false,
    "centroid_map": [
     356596.277,
     3092140.019
    ]
   }
  },
  {
   "type": "Feature",
   "geometry": {
    "type": "Polygon",
    "coordinates": [
     [
      [
       356485.584,
       3092097.96
      ],
      [
       356482.749,
       3092096.281
      ],
      [
       356483.465,
       3092094.678
      ],
      [
       356482.436,
       3092093.903
      ],
      [
       356484.334,
       3092090.49
      ],
      [
       356486.913,
       3092091.245
      ],
      [
       356487.791,
       3092092.128
      ],
      [
       356487.769,
       3092091.459
      ],
      [
       356488.953,
       3092090.805
      ],
      [
       356485.383,
       3092088.738
      ],
      [
       356488.008,
       3092084.277
      ],
      [
       356488.804,
       3092084.357
      ],
      [
       356489.378,
       3092083.859
      ],
      [
       356493.471,
       3092086.73
      ],
      [
       356486.327,
       3092097.745
      ],
      [
       356485.584,
       3092097.96
      ]
     ]
    ]
   },
   "properties": {
    "sheet": "01352_1889-0003",
    "building_id": "01352_1889-0003:block:6:bldg60",
    "block_id": "01352_1889-0003:block:6",
    "block_fid": 12,
    "block_number": "6",
    "text_inside": [
     "1/2",
     "x"
    ],
    "numerals_inside": [],
    "words_inside": [],
    "floors": null,
    "wash_rgb": [
     229,
     224,
     193
    ],
    "wash_chroma": 11.9,
    "wash_lightness_delta": -7.0,
    "hue_deg": 52,
    "material": null,
    "area_source_px2": 25842,
    "centroid_source_px": [
     3059,
     4720
    ],
    "orphan": false,
    "centroid_map": [
     356487.717,
     3092090.723
    ]
   }
  },
  {
   "type": "Feature",
   "geometry": {
    "type": "Polygon",
    "coordinates": [
     [
      [
       356553.349,
       3092121.843
      ],
      [
       356553.429,
       3092121.048
      ],
      [
       356554.974,
       3092120.751
      ],
      [
       356555.679,
       3092121.072
      ],
      [
       356555.791,
       3092121.941
      ],
      [
       356556.923,
       3092120.552
      ],
      [
       356556.341,
       3092119.615
      ],
      [
       356555.152,
       3092119.991
      ],
      [
       356553.262,
       3092118.725
      ],
      [
       356553.402,
       3092118.062
      ],
      [
       356554.162,
       3092118.239
      ],
      [
       356554.586,
       3092117.408
      ],
      [
       356560.218,
       3092119.705
      ],
      [
       356558.324,
       3092123.837
      ],
      [
       356553.349,
       3092121.843
      ]
     ]
    ]
   },
   "properties": {
    "sheet": "01352_1889-0003",
    "building_id": "01352_1889-0003:block:7:bldg61",
    "block_id": "01352_1889-0003:block:7",
    "block_fid": 11,
    "block_number": "7",
    "text_inside": [
     "2",
     "Dmg"
    ],
    "numerals_inside": [
     "2"
    ],
    "words_inside": [
     "Dmg"
    ],
    "floors": null,
    "wash_rgb": [
     228,
     221,
     187
    ],
    "wash_chroma": 13.7,
    "wash_lightness_delta": -9.7,
    "hue_deg": 50,
    "material": null,
    "area_source_px2": 8693,
    "centroid_source_px": [
     4521,
     4652
    ],
    "orphan": false,
    "centroid_map": [
     356556.935,
     3092120.666
    ]
   }
  },
  {
   "type": "Feature",
   "geometry": {
    "type": "Polygon",
    "coordinates": [
     [
      [
       356598.866,
       3092137.252
      ],
      [
       356601.719,
       3092129.131
      ],
      [
       356603.316,
       3092129.57
      ],
      [
       356604.18,
       3092129.181
      ],
      [
       356604.214,
       3092127.926
      ],
      [
       356605.286,
       3092128.442
      ],
      [
       356604.762,
       3092130.117
      ],
      [
       356610.695,
       3092132.638
      ],
      [
       356610.096,
       3092133.348
      ],
      [
       356611.035,
       3092133.924
      ],
      [
       356610.118,
       3092136.056
      ],
      [
       356609.192,
       3092135.155
      ],
      [
       356608.828,
       3092135.678
      ],
      [
       356607.652,
       3092135.729
      ],
      [
       356607.171,
       3092135.106
      ],
      [
       356605.653,
       3092134.752
      ],
      [
       356606.609,
       3092135.72
      ],
      [
       356606.25,
       3092136.521
      ],
      [
       356607.371,
       3092137.055
      ],
      [
       356608.487,
       3092136.871
      ],
      [
       356609.237,
       3092138.092
      ],
      [
       356608.526,
       3092139.971
      ],
      [
       356607.967,
       3092139.264
      ],
      [
       356608.379,
       3092138.759
      ],
      [
       356607.403,
       3092138.279
      ],
      [
       356607.533,
       3092139.1
      ],
      [
       356606.843,
       3092140.051
      ],
      [
       356599.735,
       3092137.14
      ],
      [
       356599.36,
       3092137.549
      ],
      [
       356598.866,
       3092137.252
      ]
     ]
    ]
   },
   "properties": {
    "sheet": "01352_1889-0003",
    "building_id": "01352_1889-0003:block:7:bldg62",
    "block_id": "01352_1889-0003:block:7",
    "block_fid": 11,
    "block_number": "7",
    "text_inside": [
     "2"
    ],
    "numerals_inside": [
     "2"
    ],
    "words_inside": [],
    "floors": null,
    "wash_rgb": [
     229,
     222,
     188
    ],
    "wash_chroma": 13.8,
    "wash_lightness_delta": -8.6,
    "hue_deg": 50,
    "material": null,
    "area_source_px2": 29536,
    "centroid_source_px": [
     5479,
     4730
    ],
    "orphan": false,
    "centroid_map": [
     356604.526,
     3092134.381
    ]
   }
  },
  {
   "type": "Feature",
   "geometry": {
    "type": "Polygon",
    "coordinates": [
     [
      [
       356508.117,
       3092099.711
      ],
      [
       356508.596,
       3092098.735
      ],
      [
       356509.56,
       3092099.1
      ],
      [
       356509.961,
       3092098.04
      ],
      [
       356514.262,
       3092099.778
      ],
      [
       356514.295,
       3092101.002
      ],
      [
       356516.388,
       3092096.781
      ],
      [
       356521.882,
       3092098.86
      ],
      [
       356521.999,
       3092100.006
      ],
      [
       356522.566,
       3092100.111
      ],
      [
       356522.84,
       3092099.388
      ],
      [
       356523.333,
       3092099.685
      ],
      [
       356522.215,
       3092102.347
      ],
      [
       356521.487,
       3092101.796
      ],
      [
       356520.099,
       3092102.262
      ],
      [
       356518.841,
       3092101.51
      ],
      [
       356518.764,
       3092103.024
      ],
      [
       356520.832,
       3092103.091
      ],
      [
       356521.468,
       3092104.323
      ],
      [
       356520.728,
       3092105.696
      ],
      [
       356520.001,
       3092104.704
      ],
      [
       356520.028,
       3092105.651
      ],
      [
       356519.66,
       3092105.898
      ],
      [
       356513.75,
       3092103.606
      ],
      [
       356513.815,
       3092101.978
      ],
      [
       356512.834,
       3092103.259
      ],
      [
       356509.027,
       3092101.818
      ],
      [
       356508.117,
       3092099.711
      ]
     ]
    ]
   },
   "properties": {
    "sheet": "01352_1889-0003",
    "building_id": "01352_1889-0003:block:6:bldg63",
    "block_id": "01352_1889-0003:block:6",
    "block_fid": 12,
    "block_number": "6",
    "text_inside": [
     "1/",
     "Dng",
     "x",
     "x"
    ],
    "numerals_inside": [],
    "words_inside": [
     "Dng"
    ],
    "floors": null,
    "wash_rgb": [
     230,
     223,
     190
    ],
    "wash_chroma": 13.3,
    "wash_lightness_delta": -7.5,
    "hue_deg": 50,
    "material": null,
    "area_source_px2": 26748,
    "centroid_source_px": [
     3645,
     4727
    ],
    "orphan": false,
    "centroid_map": [
     356516.086,
     3092101.074
    ]
   }
  },
  {
   "type": "Feature",
   "geometry": {
    "type": "Polygon",
    "coordinates": [
     [
      [
       356469.229,
       3092085.709
      ],
      [
       356468.362,
       3092085.381
      ],
      [
       356469.366,
       3092084.329
      ],
      [
       356468.656,
       3092083.729
      ],
      [
       356468.022,
       3092084.095
      ],
      [
       356467.5,
       3092083.292
      ],
      [
       356467.688,
       3092084.685
      ],
      [
       356467.157,
       3092084.925
      ],
      [
       356457.591,
       3092079.046
      ],
      [
       356461.744,
       3092071.857
      ],
      [
       356472.202,
       3092077.854
      ],
      [
       356472.012,
       3092078.939
      ],
      [
       356472.758,
       3092079.442
      ],
      [
       356471.794,
       3092081.115
      ],
      [
       356467.44,
       3092079.082
      ],
      [
       356467.007,
       3092080.516
      ],
      [
       356470.842,
       3092082.904
      ],
      [
       356469.229,
       3092085.709
      ]
     ]
    ]
   },
   "properties": {
    "sheet": "01352_1889-0003",
    "building_id": "01352_1889-0003:block:fid14:bldg64",
    "block_id": "01352_1889-0003:block:fid14",
    "block_fid": 14,
    "block_number": null,
    "text_inside": [
     "1/2",
     "x"
    ],
    "numerals_inside": [],
    "words_inside": [],
    "floors": null,
    "wash_rgb": [
     230,
     225,
     194
    ],
    "wash_chroma": 11.6,
    "wash_lightness_delta": -6.1,
    "hue_deg": 52,
    "material": null,
    "area_source_px2": 38337,
    "centroid_source_px": [
     2559,
     4787
    ],
    "orphan": false,
    "centroid_map": [
     356464.843,
     3092078.374
    ]
   }
  },
  {
   "type": "Feature",
   "geometry": {
    "type": "Polygon",
    "coordinates": [
     [
      [
       356457.939,
       3092075.651
      ],
      [
       356457.887,
       3092074.915
      ],
      [
       356463.33,
       3092066.066
      ],
      [
       356462.579,
       3092065.286
      ],
      [
       356463.058,
       3092064.311
      ],
      [
       356463.872,
       3092064.343
      ],
      [
       356466.791,
       3092066.384
      ],
      [
       356466.064,
       3092067.432
      ],
      [
       356464.414,
       3092066.697
      ],
      [
       356459.127,
       3092075.715
      ],
      [
       356458.626,
       3092076.021
      ],
      [
       356457.939,
       3092075.651
      ]
     ]
    ]
   },
   "properties": {
    "sheet": "01352_1889-0003",
    "building_id": "01352_1889-0003:block:fid14:bldg65",
    "block_id": "01352_1889-0003:block:fid14",
    "block_fid": 14,
    "block_number": null,
    "text_inside": [],
    "numerals_inside": [],
    "words_inside": [],
    "floors": null,
    "wash_rgb": [
     228,
     228,
     220
    ],
    "wash_chroma": -0.4,
    "wash_lightness_delta": -3.0,
    "hue_deg": 60,
    "material": null,
    "area_source_px2": 8044,
    "centroid_source_px": [
     2450,
     4934
    ],
    "orphan": false,
    "centroid_map": [
     356462.271,
     3092069.302
    ]
   }
  },
  {
   "type": "Feature",
   "geometry": {
    "type": "Polygon",
    "coordinates": [
     [
      [
       356531.598,
       3092100.994
      ],
      [
       356523.634,
       3092097.87
      ],
      [
       356525.403,
       3092093.196
      ],
      [
       356534.349,
       3092096.636
      ],
      [
       356533.881,
       3092097.726
      ],
      [
       356533.043,
       3092097.905
      ],
      [
       356530.68,
       3092097.451
      ],
      [
       356530.296,
       3092096.865
      ],
      [
       356529.571,
       3092097.032
      ],
      [
       356529.217,
       3092098.551
      ],
      [
       356531.326,
       3092099.239
      ],
      [
       356531.598,
       3092100.994
      ]
     ]
    ]
   },
   "properties": {
    "sheet": "01352_1889-0003",
    "building_id": "01352_1889-0003:block:6:bldg66",
    "block_id": "01352_1889-0003:block:6",
    "block_fid": 12,
    "block_number": "6",
    "text_inside": [
     "x"
    ],
    "numerals_inside": [],
    "words_inside": [],
    "floors": null,
    "wash_rgb": [
     229,
     222,
     190
    ],
    "wash_chroma": 12.5,
    "wash_lightness_delta": -8.3,
    "hue_deg": 50,
    "material": null,
    "area_source_px2": 14478,
    "centroid_source_px": [
     3834,
     4887
    ],
    "orphan": false,
    "centroid_map": [
     356528.112,
     3092096.81
    ]
   }
  },
  {
   "type": "Feature",
   "geometry": {
    "type": "Polygon",
    "coordinates": [
     [
      [
       356472.98,
       3092077.983
      ],
      [
       356467.784,
       3092074.97
      ],
      [
       356466.72,
       3092073.851
      ],
      [
       356470.195,
       3092073.403
      ],
      [
       356473.187,
       3092071.174
      ],
      [
       356475.457,
       3092066.634
      ],
      [
       356475.977,
       3092062.203
      ],
      [
       356478.951,
       3092055.946
      ],
      [
       356479.355,
       3092051.966
      ],
      [
       356482.017,
       3092053.084
      ],
      [
       356485.957,
       3092046.751
      ],
      [
       356486.591,
       3092046.385
      ],
      [
       356490.125,
       3092048.549
      ],
      [
       356490.001,
       3092049.604
      ],
      [
       356473.679,
       3092078.027
      ],
      [
       356472.98,
       3092077.983
      ]
     ]
    ]
   },
   "properties": {
    "sheet": "01352_1889-0003",
    "building_id": "01352_1889-0003:block:fid14:bldg67",
    "block_id": "01352_1889-0003:block:fid14",
    "block_fid": 14,
    "block_number": null,
    "text_inside": [],
    "numerals_inside": [],
    "words_inside": [],
    "floors": null,
    "wash_rgb": [
     232,
     230,
     223
    ],
    "wash_chroma": -0.2,
    "wash_lightness_delta": -0.5,
    "hue_deg": 46,
    "material": null,
    "area_source_px2": 70007,
    "centroid_source_px": [
     2716,
     5194
    ],
    "orphan": false,
    "centroid_map": [
     356479.832,
     3092061.623
    ]
   }
  },
  {
   "type": "Feature",
   "geometry": {
    "type": "Polygon",
    "coordinates": [
     [
      [
       356502.646,
       3092081.993
      ],
      [
       356504.809,
       3092080.938
      ],
      [
       356504.738,
       3092082.289
      ],
      [
       356505.865,
       3092080.622
      ],
      [
       356509.287,
       3092081.917
      ],
      [
       356509.218,
       3092082.827
      ],
      [
       356509.827,
       3092082.672
      ],
      [
       356510.073,
       3092083.041
      ],
      [
       356509.12,
       3092085.27
      ],
      [
       356507.679,
       3092085.0
      ],
      [
       356507.115,
       3092086.054
      ],
      [
       356504.223,
       3092084.959
      ],
      [
       356504.513,
       3092083.03
      ],
      [
       356503.605,
       3092084.119
      ],
      [
       356502.646,
       3092081.993
      ]
     ]
    ]
   },
   "properties": {
    "sheet": "01352_1889-0003",
    "building_id": "01352_1889-0003:block:6:bldg68",
    "block_id": "01352_1889-0003:block:6",
    "block_fid": 12,
    "block_number": "6",
    "text_inside": [
     "1½",
     "x"
    ],
    "numerals_inside": [
     "1½"
    ],
    "words_inside": [],
    "floors": null,
    "wash_rgb": [
     231,
     224,
     191
    ],
    "wash_chroma": 13.5,
    "wash_lightness_delta": -6.3,
    "hue_deg": 50,
    "material": null,
    "area_source_px2": 9083,
    "centroid_source_px": [
     3349,
     4985
    ],
    "orphan": false,
    "centroid_map": [
     356506.526,
     3092083.241
    ]
   }
  },
  {
   "type": "Feature",
   "geometry": {
    "type": "Polygon",
    "coordinates": [
     [
      [
       356601.707,
       3092117.226
      ],
      [
       356600.732,
       3092116.746
      ],
      [
       356600.159,
       3092114.766
      ],
      [
       356602.134,
       3092109.839
      ],
      [
       356603.345,
       3092110.132
      ],
      [
       356603.245,
       3092109.378
      ],
      [
       356604.114,
       3092109.266
      ],
      [
       356604.654,
       3092110.022
      ],
      [
       356604.261,
       3092110.479
      ],
      [
       356605.556,
       3092111.134
      ],
      [
       356603.471,
       3092116.351
      ],
      [
       356602.32,
       3092116.19
      ],
      [
       356601.707,
       3092117.226
      ]
     ]
    ]
   },
   "properties": {
    "sheet": "01352_1889-0003",
    "building_id": "01352_1889-0003:block:7:bldg69",
    "block_id": "01352_1889-0003:block:7",
    "block_fid": 11,
    "block_number": "7",
    "text_inside": [
     "x"
    ],
    "numerals_inside": [],
    "words_inside": [],
    "floors": null,
    "wash_rgb": [
     229,
     223,
     188
    ],
    "wash_chroma": 13.7,
    "wash_lightness_delta": -7.9,
    "hue_deg": 52,
    "material": null,
    "area_source_px2": 9211,
    "centroid_source_px": [
     5301,
     5102
    ],
    "orphan": false,
    "centroid_map": [
     356602.733,
     3092113.206
    ]
   }
  },
  {
   "type": "Feature",
   "geometry": {
    "type": "Polygon",
    "coordinates": [
     [
      [
       356526.343,
       3092087.656
      ],
      [
       356531.992,
       3092072.439
      ],
      [
       356532.655,
       3092072.579
      ],
      [
       356532.363,
       3092073.35
      ],
      [
       356533.169,
       3092073.986
      ],
      [
       356533.869,
       3092074.031
      ],
      [
       356534.197,
       3092073.163
      ],
      [
       356534.91,
       3092072.882
      ],
      [
       356541.62,
       3092075.532
      ],
      [
       356541.816,
       3092076.763
      ],
      [
       356542.322,
       3092076.734
      ],
      [
       356542.596,
       3092076.011
      ],
      [
       356543.126,
       3092076.212
      ],
      [
       356537.175,
       3092091.645
      ],
      [
       356526.343,
       3092087.656
      ]
     ]
    ]
   },
   "properties": {
    "sheet": "01352_1889-0003",
    "building_id": "01352_1889-0003:block:6:bldg70",
    "block_id": "01352_1889-0003:block:6",
    "block_fid": 12,
    "block_number": "6",
    "text_inside": [
     "Genit S.",
     "2½",
     "x"
    ],
    "numerals_inside": [
     "2½"
    ],
    "words_inside": [
     "Genit S."
    ],
    "floors": null,
    "wash_rgb": [
     231,
     224,
     188
    ],
    "wash_chroma": 14.5,
    "wash_lightness_delta": -7.0,
    "hue_deg": 50,
    "material": null,
    "area_source_px2": 72047,
    "centroid_source_px": [
     3853,
     5195
    ],
    "orphan": false,
    "centroid_map": [
     356534.646,
     3092082.313
    ]
   }
  },
  {
   "type": "Feature",
   "geometry": {
    "type": "Polygon",
    "coordinates": [
     [
      [
       356593.404,
       3092112.816
      ],
      [
       356596.083,
       3092104.574
      ],
      [
       356596.559,
       3092104.479
      ],
      [
       356598.82,
       3092098.943
      ],
      [
       356599.663,
       3092099.482
      ],
      [
       356599.196,
       3092100.132
      ],
      [
       356600.394,
       3092100.751
      ],
      [
       356599.82,
       3092101.25
      ],
      [
       356600.603,
       3092101.656
      ],
      [
       356600.558,
       3092102.356
      ],
      [
       356599.954,
       3092102.788
      ],
      [
       356600.609,
       3092103.532
      ],
      [
       356602.004,
       3092100.865
      ],
      [
       356600.294,
       3092099.997
      ],
      [
       356599.965,
       3092099.266
      ],
      [
       356600.636,
       3092098.804
      ],
      [
       356603.768,
       3092099.989
      ],
      [
       356603.481,
       3092101.038
      ],
      [
       356604.434,
       3092101.288
      ],
      [
       356599.026,
       3092114.558
      ],
      [
       356598.512,
       3092114.749
      ],
      [
       356593.404,
       3092112.816
      ]
     ]
    ]
   },
   "properties": {
    "sheet": "01352_1889-0003",
    "building_id": "01352_1889-0003:block:7:bldg71",
    "block_id": "01352_1889-0003:block:7",
    "block_fid": 11,
    "block_number": "7",
    "text_inside": [
     "2 Vac.",
     "x"
    ],
    "numerals_inside": [],
    "words_inside": [
     "2 Vac."
    ],
    "floors": null,
    "wash_rgb": [
     229,
     222,
     190
    ],
    "wash_chroma": 12.9,
    "wash_lightness_delta": -8.0,
    "hue_deg": 50,
    "material": null,
    "area_source_px2": 33790,
    "centroid_source_px": [
     5187,
     5183
    ],
    "orphan": false,
    "centroid_map": [
     356598.716,
     3092107.223
    ]
   }
  },
  {
   "type": "Feature",
   "geometry": {
    "type": "Polygon",
    "coordinates": [
     [
      [
       356588.373,
       3092107.331
      ],
      [
       356583.675,
       3092105.332
      ],
      [
       356588.363,
       3092094.545
      ],
      [
       356588.68,
       3092095.601
      ],
      [
       356589.933,
       3092096.075
      ],
      [
       356589.829,
       3092096.642
      ],
      [
       356589.129,
       3092096.598
      ],
      [
       356589.236,
       3092097.189
      ],
      [
       356588.53,
       3092097.307
      ],
      [
       356588.98,
       3092097.864
      ],
      [
       356588.154,
       3092099.755
      ],
      [
       356587.678,
       3092099.85
      ],
      [
       356587.923,
       3092100.659
      ],
      [
       356588.808,
       3092100.939
      ],
      [
       356588.736,
       3092102.73
      ],
      [
       356589.889,
       3092102.45
      ],
      [
       356589.753,
       3092101.792
      ],
      [
       356590.834,
       3092099.226
      ],
      [
       356591.871,
       3092099.398
      ],
      [
       356589.257,
       3092106.012
      ],
      [
       356588.373,
       3092107.331
      ]
     ]
    ]
   },
   "properties": {
    "sheet": "01352_1889-0003",
    "building_id": "01352_1889-0003:block:7:bldg72",
    "block_id": "01352_1889-0003:block:7",
    "block_fid": 11,
    "block_number": "7",
    "text_inside": [
     "Storg",
     "12"
    ],
    "numerals_inside": [
     "12"
    ],
    "words_inside": [
     "Storg"
    ],
    "floors": null,
    "wash_rgb": [
     230,
     223,
     189
    ],
    "wash_chroma": 13.5,
    "wash_lightness_delta": -7.4,
    "hue_deg": 50,
    "material": null,
    "area_source_px2": 15988,
    "centroid_source_px": [
     4948,
     5191
    ],
    "orphan": false,
    "centroid_map": [
     356587.344,
     3092102.478
    ]
   }
  },
  {
   "type": "Feature",
   "geometry": {
    "type": "Polygon",
    "coordinates": [
     [
      [
       356589.192,
       3092107.641
      ],
      [
       356593.254,
       3092096.616
      ],
      [
       356593.724,
       3092096.684
      ],
      [
       356594.077,
       3092097.644
      ],
      [
       356594.421,
       3092097.609
      ],
      [
       356594.014,
       3092096.793
      ],
      [
       356594.214,
       3092096.263
      ],
      [
       356597.009,
       3092097.321
      ],
      [
       356597.06,
       3092098.497
      ],
      [
       356597.939,
       3092098.94
      ],
      [
       356593.705,
       3092108.963
      ],
      [
       356593.24,
       3092109.173
      ],
      [
       356589.192,
       3092107.641
      ]
     ]
    ]
   },
   "properties": {
    "sheet": "01352_1889-0003",
    "building_id": "01352_1889-0003:block:7:bldg73",
    "block_id": "01352_1889-0003:block:7",
    "block_fid": 11,
    "block_number": "7",
    "text_inside": [
     "Vac.",
     "1",
     "x"
    ],
    "numerals_inside": [
     "1"
    ],
    "words_inside": [
     "Vac."
    ],
    "floors": null,
    "wash_rgb": [
     229,
     223,
     188
    ],
    "wash_chroma": 14.3,
    "wash_lightness_delta": -7.9,
    "hue_deg": 52,
    "material": null,
    "area_source_px2": 22443,
    "centroid_source_px": [
     5062,
     5218
    ],
    "orphan": false,
    "centroid_map": [
     356593.331,
     3092103.257
    ]
   }
  },
  {
   "type": "Feature",
   "geometry": {
    "type": "Polygon",
    "coordinates": [
     [
      [
       356621.685,
       3092114.373
      ],
      [
       356619.902,
       3092113.699
      ],
      [
       356620.098,
       3092114.489
      ],
      [
       356619.282,
       3092115.337
      ],
      [
       356602.946,
       3092108.714
      ],
      [
       356605.683,
       3092101.045
      ],
      [
       356606.66,
       3092101.084
      ],
      [
       356622.544,
       3092107.591
      ],
      [
       356622.847,
       3092108.973
      ],
      [
       356623.751,
       3092109.205
      ],
      [
       356622.123,
       3092113.217
      ],
      [
       356620.871,
       3092112.302
      ],
      [
       356621.633,
       3092111.599
      ],
      [
       356621.207,
       3092110.832
      ],
      [
       356620.247,
       3092111.185
      ],
      [
       356620.649,
       3092111.723
      ],
      [
       356620.316,
       3092112.313
      ],
      [
       356621.837,
       3092113.825
      ],
      [
       356621.685,
       3092114.373
      ]
     ]
    ]
   },
   "properties": {
    "sheet": "01352_1889-0003",
    "building_id": "01352_1889-0003:block:7:bldg74",
    "block_id": "01352_1889-0003:block:7",
    "block_fid": 11,
    "block_number": "7",
    "text_inside": [
     "Geri t 5.",
     "x"
    ],
    "numerals_inside": [],
    "words_inside": [
     "Geri t 5."
    ],
    "floors": null,
    "wash_rgb": [
     229,
     222,
     187
    ],
    "wash_chroma": 14.0,
    "wash_lightness_delta": -8.4,
    "hue_deg": 50,
    "material": null,
    "area_source_px2": 59907,
    "centroid_source_px": [
     5445,
     5264
    ],
    "orphan": false,
    "centroid_map": [
     356612.627,
     3092108.025
    ]
   }
  },
  {
   "type": "Feature",
   "geometry": {
    "type": "Polygon",
    "coordinates": [
     [
      [
       356462.252,
       3092041.692
      ],
      [
       356469.417,
       3092045.616
      ],
      [
       356469.476,
       3092046.189
      ],
      [
       356465.486,
       3092047.268
      ],
      [
       356462.608,
       3092045.848
      ],
      [
       356461.937,
       3092046.311
      ],
      [
       356461.628,
       3092044.651
      ],
      [
       356462.252,
       3092041.692
      ]
     ]
    ]
   },
   "properties": {
    "sheet": "01352_1889-0003",
    "building_id": "01352_1889-0003:block:fid14:bldg75",
    "block_id": "01352_1889-0003:block:fid14",
    "block_fid": 14,
    "block_number": null,
    "text_inside": [],
    "numerals_inside": [],
    "words_inside": [],
    "floors": null,
    "wash_rgb": [
     230,
     229,
     222
    ],
    "wash_chroma": -0.3,
    "wash_lightness_delta": -1.8,
    "hue_deg": 52,
    "material": null,
    "area_source_px2": 8574,
    "centroid_source_px": [
     2329,
     5395
    ],
    "orphan": false,
    "centroid_map": [
     356464.848,
     3092044.878
    ]
   }
  },
  {
   "type": "Feature",
   "geometry": {
    "type": "Polygon",
    "coordinates": [
     [
      [
       356481.741,
       3092052.649
      ],
      [
       356461.346,
       3092040.302
      ],
      [
       356463.171,
       3092037.081
      ],
      [
       356463.341,
       3092038.523
      ],
      [
       356462.917,
       3092039.354
      ],
      [
       356464.133,
       3092039.924
      ],
      [
       356464.719,
       3092039.54
      ],
      [
       356465.72,
       3092039.809
      ],
      [
       356470.397,
       3092042.736
      ],
      [
       356470.451,
       3092040.993
      ],
      [
       356469.415,
       3092040.381
      ],
      [
       356468.781,
       3092040.747
      ],
      [
       356468.097,
       3092039.496
      ],
      [
       356466.47,
       3092038.991
      ],
      [
       356464.611,
       3092037.351
      ],
      [
       356464.014,
       3092037.62
      ],
      [
       356463.179,
       3092036.478
      ],
      [
       356470.399,
       3092022.351
      ],
      [
       356490.842,
       3092034.716
      ],
      [
       356488.761,
       3092039.052
      ],
      [
       356481.476,
       3092034.863
      ],
      [
       356478.003,
       3092040.545
      ],
      [
       356478.151,
       3092041.318
      ],
      [
       356485.868,
       3092046.112
      ],
      [
       356481.741,
       3092052.649
      ]
     ]
    ]
   },
   "properties": {
    "sheet": "01352_1889-0003",
    "building_id": "01352_1889-0003:block:fid14:bldg76",
    "block_id": "01352_1889-0003:block:fid14",
    "block_fid": 14,
    "block_number": null,
    "text_inside": [],
    "numerals_inside": [],
    "words_inside": [],
    "floors": null,
    "wash_rgb": [
     230,
     227,
     211
    ],
    "wash_chroma": 4.2,
    "wash_lightness_delta": -3.4,
    "hue_deg": 50,
    "material": null,
    "area_source_px2": 153162,
    "centroid_source_px": [
     2462,
     5622
    ],
    "orphan": false,
    "centroid_map": [
     356475.398,
     3092036.364
    ]
   }
  },
  {
   "type": "Feature",
   "geometry": {
    "type": "Polygon",
    "coordinates": [
     [
      [
       356491.038,
       3092047.738
      ],
      [
       356490.568,
       3092047.67
      ],
      [
       356490.432,
       3092046.572
      ],
      [
       356489.976,
       3092047.777
      ],
      [
       356489.199,
       3092047.648
      ],
      [
       356478.375,
       3092041.017
      ],
      [
       356481.486,
       3092035.418
      ],
      [
       356482.475,
       3092035.571
      ],
      [
       356492.787,
       3092041.953
      ],
      [
       356492.422,
       3092042.917
      ],
      [
       356493.361,
       3092043.493
      ],
      [
       356491.038,
       3092047.738
      ]
     ]
    ]
   },
   "properties": {
    "sheet": "01352_1889-0003",
    "building_id": "01352_1889-0003:block:fid14:bldg77",
    "block_id": "01352_1889-0003:block:fid14",
    "block_fid": 14,
    "block_number": null,
    "text_inside": [
     "x"
    ],
    "numerals_inside": [],
    "words_inside": [],
    "floors": null,
    "wash_rgb": [
     230,
     225,
     196
    ],
    "wash_chroma": 10.7,
    "wash_lightness_delta": -6.1,
    "hue_deg": 52,
    "material": null,
    "area_source_px2": 35732,
    "centroid_source_px": [
     2679,
     5601
    ],
    "orphan": false,
    "centroid_map": [
     356485.473,
     3092041.334
    ]
   }
  },
  {
   "type": "Feature",
   "geometry": {
    "type": "Polygon",
    "coordinates": [
     [
      [
       356496.915,
       3092034.976
      ],
      [
       356496.145,
       3092034.244
      ],
      [
       356495.726,
       3092035.352
      ],
      [
       356493.1,
       3092034.138
      ],
      [
       356494.111,
       3092030.884
      ],
      [
       356492.703,
       3092033.878
      ],
      [
       356491.16,
       3092033.294
      ],
      [
       356490.82,
       3092032.008
      ],
      [
       356491.97,
       3092028.972
      ],
      [
       356492.765,
       3092029.053
      ],
      [
       356493.305,
       3092028.21
      ],
      [
       356494.618,
       3092028.817
      ],
      [
       356494.306,
       3092030.077
      ],
      [
       356495.329,
       3092028.976
      ],
      [
       356497.557,
       3092029.93
      ],
      [
       356497.729,
       3092030.932
      ],
      [
       356498.367,
       3092031.283
      ],
      [
       356497.857,
       3092032.633
      ],
      [
       356496.35,
       3092032.393
      ],
      [
       356495.146,
       3092031.497
      ],
      [
       356494.771,
       3092031.906
      ],
      [
       356495.106,
       3092032.914
      ],
      [
       356497.105,
       3092033.891
      ],
      [
       356496.915,
       3092034.976
      ]
     ]
    ]
   },
   "properties": {
    "sheet": "01352_1889-0003",
    "building_id": "01352_1889-0003:block:fid14:bldg78",
    "block_id": "01352_1889-0003:block:fid14",
    "block_fid": 14,
    "block_number": null,
    "text_inside": [
     "1",
     "OFF",
     "x",
     "x"
    ],
    "numerals_inside": [
     "1"
    ],
    "words_inside": [
     "OFF"
    ],
    "floors": null,
    "wash_rgb": [
     227,
     219,
     184
    ],
    "wash_chroma": 14.6,
    "wash_lightness_delta": -10.9,
    "hue_deg": 48,
    "material": null,
    "area_source_px2": 11201,
    "centroid_source_px": [
     2772,
     5838
    ],
    "orphan": false,
    "centroid_map": [
     356494.277,
     3092031.609
    ]
   }
  },
  {
   "type": "Feature",
   "geometry": {
    "type": "Polygon",
    "coordinates": [
     [
      [
       356633.962,
       3092083.098
      ],
      [
       356632.006,
       3092083.9
      ],
      [
       356631.291,
       3092083.023
      ],
      [
       356630.378,
       3092083.835
      ],
      [
       356628.113,
       3092082.977
      ],
      [
       356628.099,
       3092081.705
      ],
      [
       356628.648,
       3092081.417
      ],
      [
       356627.179,
       3092080.641
      ],
      [
       356627.328,
       3092079.374
      ],
      [
       356626.707,
       3092081.013
      ],
      [
       356625.87,
       3092080.751
      ],
      [
       356625.246,
       3092081.672
      ],
      [
       356621.535,
       3092080.268
      ],
      [
       356621.388,
       3092079.055
      ],
      [
       356621.938,
       3092078.767
      ],
      [
       356620.62,
       3092077.883
      ],
      [
       356620.69,
       3092076.532
      ],
      [
       356620.041,
       3092077.664
      ],
      [
       356620.949,
       3092078.613
      ],
      [
       356620.511,
       3092079.77
      ],
      [
       356619.981,
       3092079.569
      ],
      [
       356620.002,
       3092078.641
      ],
      [
       356619.141,
       3092078.149
      ],
      [
       356618.15,
       3092078.876
      ],
      [
       356614.921,
       3092077.654
      ],
      [
       356614.701,
       3092076.634
      ],
      [
       356615.432,
       3092076.305
      ],
      [
       356613.758,
       3092075.341
      ],
      [
       356614.269,
       3092073.991
      ],
      [
       356614.963,
       3092073.758
      ],
      [
       356615.035,
       3092071.967
      ],
      [
       356616.494,
       3092072.189
      ],
      [
       356617.068,
       3092071.69
      ],
      [
       356615.788,
       3092070.269
      ],
      [
       356616.025,
       3092069.642
      ],
      [
       356616.852,
       3092069.349
      ],
      [
       356616.681,
       3092067.907
      ],
      [
       356617.557,
       3092065.594
      ],
      [
       356618.124,
       3092065.698
      ],
      [
       356618.717,
       3092066.749
      ],
      [
       356619.473,
       3092066.209
      ],
      [
       356620.726,
       3092066.683
      ],
      [
       356620.946,
       3092067.703
      ],
      [
       356621.545,
       3092066.993
      ],
      [
       356622.955,
       3092067.637
      ],
      [
       356623.645,
       3092068.725
      ],
      [
       356623.468,
       3092069.484
      ],
      [
       356624.545,
       3092068.239
      ],
      [
       356625.135,
       3092068.572
      ],
      [
       356625.38,
       3092069.381
      ],
      [
       356626.243,
       3092068.992
      ],
      [
       356627.4,
       3092069.43
      ],
      [
       356627.946,
       3092070.462
      ],
      [
       356628.376,
       3092069.909
      ],
      [
       356629.376,
       3092070.177
      ],
      [
       356630.355,
       3092071.374
      ],
      [
       356630.22,
       3092072.315
      ],
      [
       356630.923,
       3092071.038
      ],
      [
       356632.327,
       3092071.405
      ],
      [
       356632.214,
       3092073.015
      ],
      [
       356636.87,
       3092074.832
      ],
      [
       356635.992,
       3092078.026
      ],
      [
       356635.401,
       3092078.132
      ],
      [
       356634.812,
       3092077.359
      ],
      [
       356634.148,
       3092077.658
      ],
      [
       356634.2,
       3092078.394
      ],
      [
       356633.362,
       3092078.132
      ],
      [
       356633.642,
       3092079.285
      ],
      [
       356634.727,
       3092079.475
      ],
      [
       356635.112,
       3092080.062
      ],
      [
       356633.962,
       3092083.098
      ]
     ]
    ]
   },
   "properties": {
    "sheet": "01352_1889-0003",
    "building_id": "01352_1889-0003:block:8:bldg79",
    "block_id": "01352_1889-0003:block:8",
    "block_fid": 15,
    "block_number": "8",
    "text_inside": [
     "01",
     "2",
     "2",
     "2",
     "Jewelry",
     "Bank",
     "Ch",
     "12\"",
     "16\""
    ],
    "numerals_inside": [
     "01",
     "2",
     "2",
     "2"
    ],
    "words_inside": [
     "Jewelry",
     "Bank",
     "Ch"
    ],
    "floors": null,
    "wash_rgb": [
     227,
     208,
     205
    ],
    "wash_chroma": 3.2,
    "wash_lightness_delta": -16.7,
    "hue_deg": 8,
    "material": null,
    "area_source_px2": 87584,
    "centroid_source_px": [
     5443,
     5955
    ],
    "orphan": false,
    "centroid_map": [
     356625.134,
     3092074.688
    ]
   }
  },
  {
   "type": "Feature",
   "geometry": {
    "type": "Polygon",
    "coordinates": [
     [
      [
       356552.009,
       3092052.742
      ],
      [
       356522.745,
       3092041.116
      ],
      [
       356524.731,
       3092036.743
      ],
      [
       356528.513,
       3092038.395
      ],
      [
       356527.453,
       3092042.071
      ],
      [
       356531.753,
       3092043.809
      ],
      [
       356533.833,
       3092038.315
      ],
      [
       356533.611,
       3092037.735
      ],
      [
       356534.046,
       3092037.459
      ],
      [
       356547.269,
       3092042.408
      ],
      [
       356547.629,
       3092041.167
      ],
      [
       356546.922,
       3092041.726
      ],
      [
       356546.504,
       3092040.355
      ],
      [
       356546.01,
       3092040.058
      ],
      [
       356550.101,
       3092029.541
      ],
      [
       356549.952,
       3092028.768
      ],
      [
       356539.724,
       3092024.787
      ],
      [
       356535.238,
       3092036.202
      ],
      [
       356534.379,
       3092037.309
      ],
      [
       356533.179,
       3092035.092
      ],
      [
       356533.2,
       3092034.163
      ],
      [
       356526.779,
       3092031.623
      ],
      [
       356527.031,
       3092029.79
      ],
      [
       356520.72,
       3092026.961
      ],
      [
       356523.224,
       3092020.636
      ],
      [
       356533.778,
       3092004.685
      ],
      [
       356536.879,
       3092006.245
      ],
      [
       356541.163,
       3092009.629
      ],
      [
       356541.936,
       3092009.481
      ],
      [
       356543.8,
       3092007.321
      ],
      [
       356544.285,
       3092008.221
      ],
      [
       356543.603,
       3092008.569
      ],
      [
       356543.775,
       3092009.571
      ],
      [
       356544.336,
       3092009.398
      ],
      [
       356546.216,
       3092010.109
      ],
      [
       356546.194,
       3092009.439
      ],
      [
       356545.333,
       3092008.948
      ],
      [
       356546.483,
       3092007.51
      ],
      [
       356545.937,
       3092006.477
      ],
      [
       356544.671,
       3092006.329
      ],
      [
       356543.993,
       3092005.356
      ],
      [
       356536.85,
       3092000.063
      ],
      [
       356545.756,
       3091986.575
      ],
      [
       356546.22,
       3091986.805
      ],
      [
       356541.478,
       3091999.335
      ],
      [
       356552.73,
       3092003.814
      ],
      [
       356555.453,
       3091996.911
      ],
      [
       356556.345,
       3091997.028
      ],
      [
       356552.247,
       3092008.149
      ],
      [
       356561.523,
       3092011.88
      ],
      [
       356566.41,
       3091999.405
      ],
      [
       356564.856,
       3091998.707
      ],
      [
       356565.963,
       3091999.566
      ],
      [
       356565.364,
       3092000.276
      ],
      [
       356555.858,
       3091996.568
      ],
      [
       356556.461,
       3091994.538
      ],
      [
       356557.467,
       3091995.084
      ],
      [
       356558.674,
       3091994.659
      ],
      [
       356558.543,
       3091996.317
      ],
      [
       356559.989,
       3091996.864
      ],
      [
       356558.96,
       3091996.089
      ],
      [
       356559.21,
       3091995.137
      ],
      [
       356560.17,
       3091994.784
      ],
      [
       356560.632,
       3091995.455
      ],
      [
       356561.07,
       3091994.299
      ],
      [
       356561.756,
       3091994.669
      ],
      [
       356562.174,
       3091996.039
      ],
      [
       356562.383,
       3091994.906
      ],
      [
       356563.022,
       3091994.817
      ],
      [
       356560.089,
       3091993.542
      ],
      [
       356560.135,
       3091992.402
      ],
      [
       356559.572,
       3091993.015
      ],
      [
       356558.251,
       3091993.011
      ],
      [
       356557.428,
       3091991.984
      ],
      [
       356557.746,
       3091990.561
      ],
      [
       356551.054,
       3091987.863
      ],
      [
       356551.34,
       3091986.815
      ],
      [
       356552.027,
       3091987.185
      ],
      [
       356552.048,
       3091986.256
      ],
      [
       356553.297,
       3091986.012
      ],
      [
       356553.952,
       3091986.756
      ],
      [
       356555.176,
       3091986.724
      ],
      [
       356556.024,
       3091987.541
      ],
      [
       356557.538,
       3091987.617
      ],
      [
       356558.434,
       3091988.452
      ],
      [
       356559.755,
       3091988.457
      ],
      [
       356559.859,
       3091989.928
      ],
      [
       356560.726,
       3091990.257
      ],
      [
       356560.385,
       3091991.45
      ],
      [
       356561.731,
       3091989.204
      ],
      [
       356575.404,
       3091994.71
      ],
      [
       356567.466,
       3092014.956
      ],
      [
       356566.784,
       3092015.304
      ],
      [
       356561.313,
       3092013.454
      ],
      [
       356560.529,
       3092015.526
      ],
      [
       356560.787,
       3092016.009
      ],
      [
       356566.111,
       3092018.245
      ],
      [
       356552.814,
       3092051.779
      ],
      [
       356552.009,
       3092052.742
      ]
     ]
    ]
   },
   "properties": {
    "sheet": "01352_1889-0003",
    "building_id": "01352_1889-0003:block:9:bldg80",
    "block_id": "01352_1889-0003:block:9",
    "block_fid": 16,
    "block_number": "9",
    "text_inside": [
     "X",
     "X",
     "1",
     "1/2",
     "X",
     "THANK.",
     "TANK",
     "THANK.",
     "X"
    ],
    "numerals_inside": [
     "1"
    ],
    "words_inside": [
     "THANK.",
     "TANK",
     "THANK."
    ],
    "floors": null,
    "wash_rgb": [
     233,
     231,
     221
    ],
    "wash_chroma": 1.0,
    "wash_lightness_delta": 0.0,
    "hue_deg": 50,
    "material": null,
    "area_source_px2": 574917,
    "centroid_source_px": [
     3650,
     6395
    ],
    "orphan": false,
    "centroid_map": [
     356546.75,
     3092020.779
    ]
   }
  },
  {
   "type": "Feature",
   "geometry": {
    "type": "Polygon",
    "coordinates": [
     [
      [
       356516.347,
       3092038.804
      ],
      [
       356520.464,
       3092027.635
      ],
      [
       356526.663,
       3092030.036
      ],
      [
       356522.705,
       3092040.494
      ],
      [
       356521.789,
       3092040.148
      ],
      [
       356521.178,
       3092040.743
      ],
      [
       356517.901,
       3092039.503
      ],
      [
       356517.544,
       3092037.825
      ],
      [
       356516.982,
       3092038.438
      ],
      [
       356517.203,
       3092039.018
      ],
      [
       356516.347,
       3092038.804
      ]
     ]
    ]
   },
   "properties": {
    "sheet": "01352_1889-0003",
    "building_id": "01352_1889-0003:block:9:bldg81",
    "block_id": "01352_1889-0003:block:9",
    "block_fid": 16,
    "block_number": "9",
    "text_inside": [
     "9",
     "x",
     "Vac"
    ],
    "numerals_inside": [
     "9"
    ],
    "words_inside": [
     "Vac"
    ],
    "floors": null,
    "wash_rgb": [
     230,
     224,
     189
    ],
    "wash_chroma": 13.8,
    "wash_lightness_delta": -6.9,
    "hue_deg": 52,
    "material": null,
    "area_source_px2": 29050,
    "centroid_source_px": [
     3287,
     5983
    ],
    "orphan": false,
    "centroid_map": [
     356521.741,
     3092034.014
    ]
   }
  },
  {
   "type": "Feature",
   "geometry": {
    "type": "Polygon",
    "coordinates": [
     [
      [
       356531.641,
       3092042.94
      ],
      [
       356531.171,
       3092042.872
      ],
      [
       356530.813,
       3092041.635
      ],
      [
       356530.483,
       3092042.942
      ],
      [
       356528.074,
       3092042.03
      ],
      [
       356529.141,
       3092038.192
      ],
      [
       356524.684,
       3092036.285
      ],
      [
       356526.307,
       3092031.995
      ],
      [
       356531.608,
       3092034.002
      ],
      [
       356531.666,
       3092035.015
      ],
      [
       356532.391,
       3092034.408
      ],
      [
       356532.873,
       3092034.591
      ],
      [
       356532.416,
       3092036.236
      ],
      [
       356531.695,
       3092037.12
      ],
      [
       356530.496,
       3092036.942
      ],
      [
       356528.684,
       3092035.76
      ],
      [
       356528.026,
       3092035.897
      ],
      [
       356526.022,
       3092034.642
      ],
      [
       356526.193,
       3092035.644
      ],
      [
       356530.644,
       3092037.714
      ],
      [
       356531.614,
       3092037.916
      ],
      [
       356532.171,
       3092037.465
      ],
      [
       356533.351,
       3092038.132
      ],
      [
       356531.641,
       3092042.94
      ]
     ]
    ]
   },
   "properties": {
    "sheet": "01352_1889-0003",
    "building_id": "01352_1889-0003:block:9:bldg82",
    "block_id": "01352_1889-0003:block:9",
    "block_fid": 16,
    "block_number": "9",
    "text_inside": [
     "1",
     "KITCHEN"
    ],
    "numerals_inside": [
     "1"
    ],
    "words_inside": [
     "KITCHEN"
    ],
    "floors": null,
    "wash_rgb": [
     228,
     223,
     191
    ],
    "wash_chroma": 12.3,
    "wash_lightness_delta": -7.9,
    "hue_deg": 52,
    "material": null,
    "area_source_px2": 17207,
    "centroid_source_px": [
     3450,
     5978
    ],
    "orphan": false,
    "centroid_map": [
     356529.506,
     3092037.228
    ]
   }
  },
  {
   "type": "Feature",
   "geometry": {
    "type": "Polygon",
    "coordinates": [
     [
      [
       356545.15,
       3092041.166
      ],
      [
       356544.007,
       3092040.402
      ],
      [
       356543.221,
       3092040.876
      ],
      [
       356536.331,
       3092037.828
      ],
      [
       356536.954,
       3092037.347
      ],
      [
       356537.374,
       3092037.837
      ],
      [
       356538.243,
       3092037.725
      ],
      [
       356536.93,
       3092037.118
      ],
      [
       356537.006,
       3092036.045
      ],
      [
       356536.312,
       3092036.278
      ],
      [
       356535.826,
       3092035.378
      ],
      [
       356539.132,
       3092026.932
      ],
      [
       356540.345,
       3092026.785
      ],
      [
       356541.024,
       3092025.72
      ],
      [
       356548.253,
       3092028.456
      ],
      [
       356548.332,
       3092030.138
      ],
      [
       356549.332,
       3092030.407
      ],
      [
       356545.15,
       3092041.166
      ]
     ]
    ]
   },
   "properties": {
    "sheet": "01352_1889-0003",
    "building_id": "01352_1889-0003:block:9:bldg83",
    "block_id": "01352_1889-0003:block:9",
    "block_fid": 16,
    "block_number": "9",
    "text_inside": [
     "1/2",
     "0",
     "X"
    ],
    "numerals_inside": [
     "0"
    ],
    "words_inside": [],
    "floors": null,
    "wash_rgb": [
     230,
     224,
     193
    ],
    "wash_chroma": 12.1,
    "wash_lightness_delta": -6.7,
    "hue_deg": 50,
    "material": null,
    "area_source_px2": 50635,
    "centroid_source_px": [
     3657,
     6136
    ],
    "orphan": false,
    "centroid_map": [
     356542.363,
     3092033.389
    ]
   }
  },
  {
   "type": "Feature",
   "geometry": {
    "type": "Polygon",
    "coordinates": [
     [
      [
       356496.29,
       3092016.392
      ],
      [
       356479.507,
       3092005.853
      ],
      [
       356480.12,
       3092004.818
      ],
      [
       356487.303,
       3092008.694
      ],
      [
       356490.126,
       3092002.545
      ],
      [
       356496.889,
       3092005.93
      ],
      [
       356497.964,
       3092007.164
      ],
      [
       356498.759,
       3092009.724
      ],
      [
       356498.03,
       3092013.25
      ],
      [
       356496.29,
       3092016.392
      ]
     ]
    ]
   },
   "properties": {
    "sheet": "01352_1889-0003",
    "building_id": "01352_1889-0003:block:fid17:bldg84",
    "block_id": "01352_1889-0003:block:fid17",
    "block_fid": 17,
    "block_number": null,
    "text_inside": [],
    "numerals_inside": [],
    "words_inside": [],
    "floors": null,
    "wash_rgb": [
     193,
     209,
     210
    ],
    "wash_chroma": 3.1,
    "wash_lightness_delta": -22.6,
    "hue_deg": 184,
    "material": null,
    "area_source_px2": 41641,
    "centroid_source_px": [
     2581,
     6230
    ],
    "orphan": false,
    "centroid_map": [
     356492.223,
     3092009.233
    ]
   }
  },
  {
   "type": "Feature",
   "geometry": {
    "type": "Polygon",
    "coordinates": [
     [
      [
       356478.051,
       3092002.713
      ],
      [
       356476.673,
       3092001.696
      ],
      [
       356482.698,
       3091986.069
      ],
      [
       356484.169,
       3091985.965
      ],
      [
       356484.288,
       3091986.671
      ],
      [
       356485.084,
       3091986.752
      ],
      [
       356485.34,
       3091987.676
      ],
      [
       356484.596,
       3091988.331
      ],
      [
       356484.689,
       3091989.688
      ],
      [
       356483.995,
       3091989.921
      ],
      [
       356483.39,
       3091992.392
      ],
      [
       356482.804,
       3091992.776
      ],
      [
       356483.944,
       3091992.822
      ],
      [
       356484.471,
       3091993.903
      ],
      [
       356483.851,
       3091995.542
      ],
      [
       356482.369,
       3091995.091
      ],
      [
       356481.148,
       3091995.841
      ],
      [
       356481.079,
       3091998.79
      ],
      [
       356480.451,
       3091998.993
      ],
      [
       356480.636,
       3091999.669
      ],
      [
       356479.716,
       3092000.643
      ],
      [
       356479.289,
       3092002.355
      ],
      [
       356478.051,
       3092002.713
      ]
     ]
    ]
   },
   "properties": {
    "sheet": "01352_1889-0003",
    "building_id": "01352_1889-0003:block:fid17:bldg85",
    "block_id": "01352_1889-0003:block:fid17",
    "block_fid": 17,
    "block_number": null,
    "text_inside": [
     "RCIAL COMP."
    ],
    "numerals_inside": [],
    "words_inside": [
     "RCIAL COMP."
    ],
    "floors": null,
    "wash_rgb": [
     229,
     225,
     206
    ],
    "wash_chroma": 6.0,
    "wash_lightness_delta": -5.4,
    "hue_deg": 50,
    "material": null,
    "area_source_px2": 19042,
    "centroid_source_px": [
     2277,
     6427
    ],
    "orphan": false,
    "centroid_map": [
     356481.165,
     3091994.195
    ]
   }
  },
  {
   "type": "Feature",
   "geometry": {
    "type": "Polygon",
    "coordinates": [
     [
      [
       356506.316,
       3092005.477
      ],
      [
       356505.541,
       3092004.467
      ],
      [
       356505.027,
       3092005.099
      ],
      [
       356504.637,
       3092004.235
      ],
      [
       356504.597,
       3092005.652
      ],
      [
       356503.216,
       3092005.515
      ],
      [
       356490.548,
       3092000.556
      ],
      [
       356490.964,
       3091998.729
      ],
      [
       356492.518,
       3091999.428
      ],
      [
       356492.682,
       3091998.994
      ],
      [
       356493.78,
       3091998.859
      ],
      [
       356493.794,
       3091998.093
      ],
      [
       356491.699,
       3091997.079
      ],
      [
       356492.4,
       3091994.645
      ],
      [
       356491.313,
       3091996.933
      ],
      [
       356489.457,
       3091996.451
      ],
      [
       356489.079,
       3091997.741
      ],
      [
       356490.638,
       3091998.716
      ],
      [
       356489.958,
       3092000.222
      ],
      [
       356484.85,
       3091998.289
      ],
      [
       356484.637,
       3091996.666
      ],
      [
       356483.928,
       3091996.066
      ],
      [
       356493.787,
       3091970.597
      ],
      [
       356494.612,
       3091971.185
      ],
      [
       356495.291,
       3091970.119
      ],
      [
       356500.675,
       3091972.488
      ],
      [
       356493.963,
       3091990.223
      ],
      [
       356492.296,
       3091991.134
      ],
      [
       356492.882,
       3091992.789
      ],
      [
       356492.444,
       3091993.945
      ],
      [
       356492.829,
       3091994.091
      ],
      [
       356493.581,
       3091992.833
      ],
      [
       356493.657,
       3091993.798
      ],
      [
       356496.332,
       3091994.59
      ],
      [
       356496.702,
       3091993.904
      ],
      [
       356497.991,
       3091994.282
      ],
      [
       356498.096,
       3091993.715
      ],
      [
       356494.898,
       3091992.119
      ],
      [
       356494.216,
       3091990.429
      ],
      [
       356495.733,
       3091987.146
      ],
      [
       356509.902,
       3091992.509
      ],
      [
       356509.687,
       3091993.805
      ],
      [
       356510.327,
       3091993.716
      ],
      [
       356510.552,
       3091992.975
      ],
      [
       356510.962,
       3091992.91
      ],
      [
       356506.316,
       3092005.477
      ]
     ]
    ]
   },
   "properties": {
    "sheet": "01352_1889-0003",
    "building_id": "01352_1889-0003:block:fid17:bldg86",
    "block_id": "01352_1889-0003:block:fid17",
    "block_fid": 17,
    "block_number": null,
    "text_inside": [
     "1/2",
     "1",
     "TANK",
     "UW.RP.",
     "x",
     "0"
    ],
    "numerals_inside": [
     "1",
     "0"
    ],
    "words_inside": [
     "TANK",
     "UW.RP."
    ],
    "floors": null,
    "wash_rgb": [
     230,
     225,
     198
    ],
    "wash_chroma": 10.1,
    "wash_lightness_delta": -5.7,
    "hue_deg": 50,
    "material": null,
    "area_source_px2": 162589,
    "centroid_source_px": [
     2539,
     6593
    ],
    "orphan": false,
    "centroid_map": [
     356496.819,
     3091990.973
    ]
   }
  },
  {
   "type": "Feature",
   "geometry": {
    "type": "Polygon",
    "coordinates": [
     [
      [
       356549.743,
       3092020.149
      ],
      [
       356550.108,
       3092019.185
      ],
      [
       356550.964,
       3092019.399
      ],
      [
       356551.442,
       3092018.864
      ],
      [
       356554.43,
       3092019.995
      ],
      [
       356554.28,
       3092021.701
      ],
      [
       356555.796,
       3092018.859
      ],
      [
       356561.724,
       3092021.102
      ],
      [
       356561.897,
       3092021.664
      ],
      [
       356560.927,
       3092023.5
      ],
      [
       356560.024,
       3092022.828
      ],
      [
       356558.956,
       3092023.03
      ],
      [
       356557.101,
       3092022.108
      ],
      [
       356558.422,
       3092024.15
      ],
      [
       356558.629,
       3092025.496
      ],
      [
       356558.212,
       3092025.724
      ],
      [
       356553.923,
       3092024.1
      ],
      [
       356553.855,
       3092022.532
      ],
      [
       356553.185,
       3092022.994
      ],
      [
       356550.389,
       3092021.936
      ],
      [
       356549.743,
       3092020.149
      ]
     ]
    ]
   },
   "properties": {
    "sheet": "01352_1889-0003",
    "building_id": "01352_1889-0003:block:9:bldg87",
    "block_id": "01352_1889-0003:block:9",
    "block_fid": 16,
    "block_number": "9",
    "text_inside": [
     "X",
     "X"
    ],
    "numerals_inside": [],
    "words_inside": [],
    "floors": null,
    "wash_rgb": [
     230,
     224,
     190
    ],
    "wash_chroma": 13.4,
    "wash_lightness_delta": -6.9,
    "hue_deg": 52,
    "material": null,
    "area_source_px2": 16504,
    "centroid_source_px": [
     3818,
     6439
    ],
    "orphan": false,
    "centroid_map": [
     356555.649,
     3092021.723
    ]
   }
  },
  {
   "type": "Feature",
   "geometry": {
    "type": "Polygon",
    "coordinates": [
     [
      [
       356634.619,
       3092051.666
      ],
      [
       356637.566,
       3092044.462
      ],
      [
       356644.747,
       3092047.179
      ],
      [
       356644.978,
       3092048.314
      ],
      [
       356645.743,
       3092048.769
      ],
      [
       356644.716,
       3092051.19
      ],
      [
       356641.391,
       3092049.931
      ],
      [
       356640.826,
       3092051.425
      ],
      [
       356642.175,
       3092051.936
      ],
      [
       356642.243,
       3092051.466
      ],
      [
       356642.979,
       3092051.414
      ],
      [
       356644.351,
       3092052.154
      ],
      [
       356643.531,
       3092054.323
      ],
      [
       356643.012,
       3092054.237
      ],
      [
       356642.659,
       3092053.277
      ],
      [
       356642.594,
       3092054.905
      ],
      [
       356634.619,
       3092051.666
      ]
     ]
    ]
   },
   "properties": {
    "sheet": "01352_1889-0003",
    "building_id": "01352_1889-0003:block:8:bldg88",
    "block_id": "01352_1889-0003:block:8",
    "block_fid": 15,
    "block_number": "8",
    "text_inside": [
     "Vac.",
     "x"
    ],
    "numerals_inside": [],
    "words_inside": [
     "Vac."
    ],
    "floors": null,
    "wash_rgb": [
     230,
     223,
     189
    ],
    "wash_chroma": 13.4,
    "wash_lightness_delta": -7.7,
    "hue_deg": 50,
    "material": null,
    "area_source_px2": 24885,
    "centroid_source_px": [
     5541,
     6513
    ],
    "orphan": false,
    "centroid_map": [
     356640.035,
     3092049.584
    ]
   }
  },
  {
   "type": "Feature",
   "geometry": {
    "type": "Polygon",
    "coordinates": [
     [
      [
       356541.701,
       3092009.227
      ],
      [
       356540.719,
       3092008.91
      ],
      [
       356536.091,
       3092005.561
      ],
      [
       356536.558,
       3092004.911
      ],
      [
       356538.875,
       3092006.504
      ],
      [
       356539.865,
       3092006.218
      ],
      [
       356539.258,
       3092005.492
      ],
      [
       356539.659,
       3092004.432
      ],
      [
       356537.503,
       3092003.286
      ],
      [
       356537.223,
       3092002.133
      ],
      [
       356538.302,
       3092002.486
      ],
      [
       356539.051,
       3092002.108
      ],
      [
       356543.865,
       3092005.693
      ],
      [
       356543.821,
       3092006.393
      ],
      [
       356541.701,
       3092009.227
      ]
     ]
    ]
   },
   "properties": {
    "sheet": "01352_1889-0003",
    "building_id": "01352_1889-0003:block:9:bldg89",
    "block_id": "01352_1889-0003:block:9",
    "block_fid": 16,
    "block_number": "9",
    "text_inside": [
     "HOTEL",
     "RIMS.",
     "X"
    ],
    "numerals_inside": [],
    "words_inside": [
     "HOTEL",
     "RIMS."
    ],
    "floors": null,
    "wash_rgb": [
     228,
     220,
     185
    ],
    "wash_chroma": 14.7,
    "wash_lightness_delta": -9.9,
    "hue_deg": 48,
    "material": null,
    "area_source_px2": 9409,
    "centroid_source_px": [
     3437,
     6624
    ],
    "orphan": false,
    "centroid_map": [
     356540.662,
     3092005.858
    ]
   }
  },
  {
   "type": "Feature",
   "geometry": {
    "type": "Polygon",
    "coordinates": [
     [
      [
       356561.247,
       3092011.445
      ],
      [
       356552.712,
       3092007.939
      ],
      [
       356556.735,
       3091997.892
      ],
      [
       356557.421,
       3091998.262
      ],
      [
       356557.015,
       3091999.045
      ],
      [
       356557.339,
       3091999.498
      ],
      [
       356558.424,
       3091999.688
      ],
      [
       356558.794,
       3091999.002
      ],
      [
       356558.416,
       3091998.253
      ],
      [
       356558.851,
       3091997.977
      ],
      [
       356564.056,
       3091999.947
      ],
      [
       356565.512,
       3092001.049
      ],
      [
       356561.247,
       3092011.445
      ]
     ]
    ]
   },
   "properties": {
    "sheet": "01352_1889-0003",
    "building_id": "01352_1889-0003:block:9:bldg90",
    "block_id": "01352_1889-0003:block:9",
    "block_fid": 16,
    "block_number": "9",
    "text_inside": [
     "2½",
     "X"
    ],
    "numerals_inside": [
     "2½"
    ],
    "words_inside": [],
    "floors": null,
    "wash_rgb": [
     231,
     224,
     195
    ],
    "wash_chroma": 11.5,
    "wash_lightness_delta": -6.2,
    "hue_deg": 48,
    "material": null,
    "area_source_px2": 39279,
    "centroid_source_px": [
     3764,
     6772
    ],
    "orphan": false,
    "centroid_map": [
     356559.12,
     3092004.69
    ]
   }
  },
  {
   "type": "Feature",
   "geometry": {
    "type": "Polygon",
    "coordinates": [
     [
      [
       356552.527,
       3092003.186
      ],
      [
       356541.738,
       3091998.938
      ],
      [
       356546.972,
       3091985.547
      ],
      [
       356548.838,
       3091986.584
      ],
      [
       356549.902,
       3091985.664
      ],
      [
       356547.759,
       3091984.633
      ],
      [
       356547.766,
       3091984.03
      ],
      [
       356551.477,
       3091985.434
      ],
      [
       356550.733,
       3091988.128
      ],
      [
       356555.757,
       3091990.139
      ],
      [
       356555.813,
       3091991.593
      ],
      [
       356556.549,
       3091991.541
      ],
      [
       356556.684,
       3091990.6
      ],
      [
       356557.371,
       3091990.97
      ],
      [
       356557.066,
       3091992.067
      ],
      [
       356556.226,
       3091992.686
      ],
      [
       356556.209,
       3091994.332
      ],
      [
       356552.527,
       3092003.186
      ]
     ]
    ]
   },
   "properties": {
    "sheet": "01352_1889-0003",
    "building_id": "01352_1889-0003:block:9:bldg91",
    "block_id": "01352_1889-0003:block:9",
    "block_fid": 16,
    "block_number": "9",
    "text_inside": [
     "X",
     "2½"
    ],
    "numerals_inside": [
     "2½"
    ],
    "words_inside": [],
    "floors": null,
    "wash_rgb": [
     228,
     220,
     186
    ],
    "wash_chroma": 13.7,
    "wash_lightness_delta": -10.1,
    "hue_deg": 48,
    "material": null,
    "area_source_px2": 61541,
    "centroid_source_px": [
     3520,
     6877
    ],
    "orphan": false,
    "centroid_map": [
     356549.277,
     3091995.179
    ]
   }
  },
  {
   "type": "Feature",
   "geometry": {
    "type": "Polygon",
    "coordinates": [
     [
      [
       356655.794,
       3092027.89
      ],
      [
       356654.866,
       3092029.467
      ],
      [
       356654.066,
       3092028.668
      ],
      [
       356652.901,
       3092029.274
      ],
      [
       356651.179,
       3092028.292
      ],
      [
       356651.555,
       3092029.481
      ],
      [
       356651.173,
       3092030.053
      ],
      [
       356652.988,
       3092030.354
      ],
      [
       356653.716,
       3092030.905
      ],
      [
       356653.359,
       3092031.266
      ],
      [
       356652.189,
       3092031.154
      ],
      [
       356652.67,
       3092031.776
      ],
      [
       356652.159,
       3092033.126
      ],
      [
       356644.569,
       3092030.033
      ],
      [
       356644.652,
       3092028.797
      ],
      [
       356643.654,
       3092029.686
      ],
      [
       356640.847,
       3092028.514
      ],
      [
       356640.153,
       3092026.708
      ],
      [
       356642.038,
       3092025.659
      ],
      [
       356644.881,
       3092026.735
      ],
      [
       356644.992,
       3092028.044
      ],
      [
       356646.826,
       3092023.779
      ],
      [
       356647.485,
       3092023.202
      ],
      [
       356654.846,
       3092026.319
      ],
      [
       356654.782,
       3092027.507
      ],
      [
       356655.794,
       3092027.89
      ]
     ]
    ]
   },
   "properties": {
    "sheet": "01352_1889-0003",
    "building_id": "01352_1889-0003:block:8:bldg92",
    "block_id": "01352_1889-0003:block:8",
    "block_fid": 15,
    "block_number": "8",
    "text_inside": [
     "2.",
     "x",
     "Dmg.",
     "x"
    ],
    "numerals_inside": [],
    "words_inside": [
     "Dmg."
    ],
    "floors": null,
    "wash_rgb": [
     228,
     222,
     192
    ],
    "wash_chroma": 11.5,
    "wash_lightness_delta": -8.4,
    "hue_deg": 50,
    "material": null,
    "area_source_px2": 28012,
    "centroid_source_px": [
     5545,
     6964
    ],
    "orphan": false,
    "centroid_map": [
     356648.454,
     3092027.922
    ]
   }
  }
 ]
}