{
 "type": "FeatureCollection",
 "features": [
  {
   "type": "Feature",
   "geometry": {
    "type": "Polygon",
    "coordinates": [
     [
      [
       -82.458749,
       27.9484511
      ],
      [
       -82.4586656,
       27.9484801
      ],
      [
       -82.4586541,
       27.9484541
      ],
      [
       -82.4587375,
       27.9484251
      ],
      [
       -82.458749,
       27.9484511
      ]
     ]
    ]
   },
   "properties": {
    "text": "No 2.",
    "id": 571,
    "tile": "r0c4",
    "rotation_view": 0,
    "in_block": false,
    "in_block_depth_px": -284,
    "surya_conf": null,
    "centre_map": [
     356499.834,
     3092348.475
    ],
    "map_epsg": 32617,
    "bbox_source_px": [
     4964,
     95,
     5135,
     155
    ]
   }
  },
  {
   "type": "Feature",
   "geometry": {
    "type": "Polygon",
    "coordinates": [
     [
      [
       -82.4591902,
       27.9482909
      ],
      [
       -82.459081,
       27.948329
      ],
      [
       -82.4590699,
       27.9483039
      ],
      [
       -82.4591791,
       27.9482658
      ],
      [
       -82.4591902,
       27.9482909
      ]
     ]
    ]
   },
   "properties": {
    "text": "SHEET",
    "id": 561,
    "tile": "r0c3",
    "rotation_view": 0,
    "in_block": false,
    "in_block_depth_px": -656,
    "surya_conf": null,
    "centre_map": [
     356457.475,
     3092331.782
    ],
    "map_epsg": 32617,
    "bbox_source_px": [
     4054,
     108,
     4278,
     166
    ]
   }
  },
  {
   "type": "Feature",
   "geometry": {
    "type": "Polygon",
    "coordinates": [
     [
      [
       -82.4596309,
       27.9481324
      ],
      [
       -82.4595695,
       27.9481538
      ],
      [
       -82.4595594,
       27.9481309
      ],
      [
       -82.4596208,
       27.9481095
      ],
      [
       -82.4596309,
       27.9481324
      ]
     ]
    ]
   },
   "properties": {
    "text": "SEE",
    "id": 558,
    "tile": "r0c2",
    "rotation_view": 0,
    "in_block": false,
    "in_block_depth_px": -597,
    "surya_conf": null,
    "centre_map": [
     356411.491,
     3092313.965
    ],
    "map_epsg": 32617,
    "bbox_source_px": [
     3146,
     118,
     3272,
     171
    ]
   }
  },
  {
   "type": "Feature",
   "geometry": {
    "type": "Polygon",
    "coordinates": [
     [
      [
       -82.4584807,
       27.9484946
      ],
      [
       -82.4583462,
       27.9485414
      ],
      [
       -82.4583341,
       27.9485141
      ],
      [
       -82.4584687,
       27.9484673
      ],
      [
       -82.4584807,
       27.9484946
      ]
     ]
    ]
   },
   "properties": {
    "text": "APRIL 1889",
    "id": 474,
    "tile": "r0c5",
    "rotation_view": 0,
    "in_block": true,
    "in_block_depth_px": 72,
    "surya_conf": null,
    "centre_map": [
     356528.842,
     3092353.861
    ],
    "map_epsg": 32617,
    "bbox_source_px": [
     5475,
     195,
     5751,
     258
    ]
   }
  },
  {
   "type": "Feature",
   "geometry": {
    "type": "Polygon",
    "coordinates": [
     [
      [
       -82.4599691,
       27.9479582
      ],
      [
       -82.4599267,
       27.947973
      ],
      [
       -82.459916,
       27.9479487
      ],
      [
       -82.4599584,
       27.947934
      ],
      [
       -82.4599691,
       27.9479582
      ]
     ]
    ]
   },
   "properties": {
    "text": "80'",
    "id": 419,
    "tile": "r0c2",
    "rotation_view": 0,
    "in_block": false,
    "in_block_depth_px": -529,
    "surya_conf": null,
    "centre_map": [
     356377.074,
     3092294.631
    ],
    "map_epsg": 32617,
    "bbox_source_px": [
     2408,
     231,
     2495,
     287
    ]
   }
  },
  {
   "type": "Feature",
   "geometry": {
    "type": "Polygon",
    "coordinates": [
     [
      [
       -82.4585092,
       27.9484482
      ],
      [
       -82.4582917,
       27.9485239
      ],
      [
       -82.458273,
       27.9484815
      ],
      [
       -82.4584905,
       27.9484058
      ],
      [
       -82.4585092,
       27.9484482
      ]
     ]
    ]
   },
   "properties": {
    "text": "TAMPA",
    "id": 370,
    "tile": "r0c5",
    "rotation_view": 0,
    "in_block": true,
    "in_block_depth_px": 158,
    "surya_conf": null,
    "centre_map": [
     356530.397,
     3092349.463
    ],
    "map_epsg": 32617,
    "bbox_source_px": [
     5388,
     268,
     5834,
     366
    ]
   }
  },
  {
   "type": "Feature",
   "geometry": {
    "type": "Polygon",
    "coordinates": [
     [
      [
       -82.4581985,
       27.9485534
      ],
      [
       -82.4581716,
       27.9485627
      ],
      [
       -82.4581667,
       27.9485515
      ],
      [
       -82.4581935,
       27.9485421
      ],
      [
       -82.4581985,
       27.9485534
      ]
     ]
    ]
   },
   "properties": {
    "text": "O.H.",
    "id": 365,
    "tile": "r0c5",
    "rotation_view": 0,
    "in_block": false,
    "in_block_depth_px": -96,
    "surya_conf": null,
    "centre_map": [
     356551.03,
     3092358.925
    ],
    "map_epsg": 32617,
    "bbox_source_px": [
     6023,
     274,
     6078,
     300
    ]
   }
  },
  {
   "type": "Feature",
   "geometry": {
    "type": "Polygon",
    "coordinates": [
     [
      [
       -82.4581704,
       27.9485472
      ],
      [
       -82.4580987,
       27.9485721
      ],
      [
       -82.4580607,
       27.948486
      ],
      [
       -82.4581323,
       27.948461
      ],
      [
       -82.4581704,
       27.9485472
      ]
     ]
    ]
   },
   "properties": {
    "text": "3",
    "id": 417,
    "tile": "r0c5",
    "rotation_view": 0,
    "in_block": false,
    "in_block_depth_px": -204,
    "surya_conf": null,
    "centre_map": [
     356557.577,
     3092354.874
    ],
    "map_epsg": 32617,
    "bbox_source_px": [
     6068,
     306,
     6215,
     505
    ]
   }
  },
  {
   "type": "Feature",
   "geometry": {
    "type": "Polygon",
    "coordinates": [
     [
      [
       -82.4583972,
       27.9484352
      ],
      [
       -82.4583426,
       27.9484543
      ],
      [
       -82.4583341,
       27.9484352
      ],
      [
       -82.4583887,
       27.9484162
      ],
      [
       -82.4583972,
       27.9484352
      ]
     ]
    ]
   },
   "properties": {
    "text": "FLA.",
    "id": 235,
    "tile": "r0c5",
    "rotation_view": 0,
    "in_block": true,
    "in_block_depth_px": 80,
    "surya_conf": null,
    "centre_map": [
     356532.861,
     3092346.153
    ],
    "map_epsg": 32617,
    "bbox_source_px": [
     5577,
     372,
     5689,
     416
    ]
   }
  },
  {
   "type": "Feature",
   "geometry": {
    "type": "Polygon",
    "coordinates": [
     [
      [
       -82.460103,
       27.9478142
      ],
      [
       -82.4600796,
       27.9478223
      ],
      [
       -82.4600176,
       27.9476821
      ],
      [
       -82.460041,
       27.9476739
      ],
      [
       -82.460103,
       27.9478142
      ]
     ]
    ]
   },
   "properties": {
    "text": "PLATFORM.",
    "id": 289,
    "tile": "r0c1",
    "rotation_view": 0,
    "in_block": false,
    "in_block_depth_px": -244,
    "surya_conf": null,
    "centre_map": [
     356365.219,
     3092272.017
    ],
    "map_epsg": 32617,
    "bbox_source_px": [
     2057,
     426,
     2105,
     750
    ]
   }
  },
  {
   "type": "Feature",
   "geometry": {
    "type": "Polygon",
    "coordinates": [
     [
      [
       -82.4594782,
       27.9480198
      ],
      [
       -82.4592428,
       27.9481018
      ],
      [
       -82.4592259,
       27.9480637
      ],
      [
       -82.4594614,
       27.9479817
      ],
      [
       -82.4594782,
       27.9480198
      ]
     ]
    ]
   },
   "properties": {
    "text": "MADISON",
    "id": 312,
    "tile": "r0c3",
    "rotation_view": 0,
    "in_block": false,
    "in_block_depth_px": -240,
    "surya_conf": null,
    "centre_map": [
     356435.288,
     3092303.715
    ],
    "map_epsg": 32617,
    "bbox_source_px": [
     3329,
     450,
     3812,
     538
    ]
   }
  },
  {
   "type": "Feature",
   "geometry": {
    "type": "Polygon",
    "coordinates": [
     [
      [
       -82.4597602,
       27.9479156
      ],
      [
       -82.4597358,
       27.9479241
      ],
      [
       -82.4597176,
       27.947883
      ],
      [
       -82.459742,
       27.9478745
      ],
      [
       -82.4597602,
       27.9479156
      ]
     ]
    ]
   },
   "properties": {
    "text": "80'",
    "id": 126,
    "tile": "r0c2",
    "rotation_view": 0,
    "in_block": false,
    "in_block_depth_px": -246,
    "surya_conf": null,
    "centre_map": [
     356397.04,
     3092288.386
    ],
    "map_epsg": 32617,
    "bbox_source_px": [
     2746,
     462,
     2796,
     557
    ]
   }
  },
  {
   "type": "Feature",
   "geometry": {
    "type": "Polygon",
    "coordinates": [
     [
      [
       -82.4584325,
       27.9483725
      ],
      [
       -82.4584071,
       27.9483813
      ],
      [
       -82.4583876,
       27.9483372
      ],
      [
       -82.458413,
       27.9483283
      ],
      [
       -82.4584325,
       27.9483725
      ]
     ]
    ]
   },
   "properties": {
    "text": "80'",
    "id": 137,
    "tile": "r0c5",
    "rotation_view": 0,
    "in_block": false,
    "in_block_depth_px": -58,
    "surya_conf": null,
    "centre_map": [
     356528.389,
     3092337.298
    ],
    "map_epsg": 32617,
    "bbox_source_px": [
     5465,
     473,
     5517,
     575
    ]
   }
  },
  {
   "type": "Feature",
   "geometry": {
    "type": "Polygon",
    "coordinates": [
     [
      [
       -82.4584527,
       27.948254
      ],
      [
       -82.458422,
       27.9482647
      ],
      [
       -82.4584155,
       27.94825
      ],
      [
       -82.4584462,
       27.9482393
      ],
      [
       -82.4584527,
       27.948254
      ]
     ]
    ]
   },
   "properties": {
    "text": "20.",
    "id": 310,
    "tile": "r0c5",
    "rotation_view": 0,
    "in_block": true,
    "in_block_depth_px": 9,
    "surya_conf": null,
    "centre_map": [
     356525.885,
     3092325.937
    ],
    "map_epsg": 32617,
    "bbox_source_px": [
     5336,
     696,
     5399,
     730
    ]
   }
  },
  {
   "type": "Feature",
   "geometry": {
    "type": "Polygon",
    "coordinates": [
     [
      [
       -82.459649,
       27.9478369
      ],
      [
       -82.4596216,
       27.9478465
      ],
      [
       -82.459615,
       27.9478313
      ],
      [
       -82.4596423,
       27.9478218
      ],
      [
       -82.459649,
       27.9478369
      ]
     ]
    ]
   },
   "properties": {
    "text": "15'",
    "id": 88,
    "tile": "r0c2",
    "rotation_view": 0,
    "in_block": false,
    "in_block_depth_px": -51,
    "surya_conf": null,
    "centre_map": [
     356407.478,
     3092281.042
    ],
    "map_epsg": 32617,
    "bbox_source_px": [
     2882,
     697,
     2938,
     732
    ]
   }
  },
  {
   "type": "Feature",
   "geometry": {
    "type": "Polygon",
    "coordinates": [
     [
      [
       -82.4586682,
       27.948174
      ],
      [
       -82.4586448,
       27.9481821
      ],
      [
       -82.4586383,
       27.9481674
      ],
      [
       -82.4586617,
       27.9481593
      ],
      [
       -82.4586682,
       27.948174
      ]
     ]
    ]
   },
   "properties": {
    "text": "19",
    "id": 85,
    "tile": "r0c4",
    "rotation_view": 0,
    "in_block": true,
    "in_block_depth_px": 7,
    "surya_conf": null,
    "centre_map": [
     356504.212,
     3092317.184
    ],
    "map_epsg": 32617,
    "bbox_source_px": [
     4890,
     706,
     4938,
     740
    ]
   }
  },
  {
   "type": "Feature",
   "geometry": {
    "type": "Polygon",
    "coordinates": [
     [
      [
       -82.4588396,
       27.9481123
      ],
      [
       -82.4588147,
       27.948121
      ],
      [
       -82.4588078,
       27.9481054
      ],
      [
       -82.4588327,
       27.9480967
      ],
      [
       -82.4588396,
       27.9481123
      ]
     ]
    ]
   },
   "properties": {
    "text": "18",
    "id": 72,
    "tile": "r0c4",
    "rotation_view": 0,
    "in_block": true,
    "in_block_depth_px": 2,
    "surya_conf": null,
    "centre_map": [
     356487.363,
     3092310.532
    ],
    "map_epsg": 32617,
    "bbox_source_px": [
     4537,
     710,
     4588,
     746
    ]
   }
  },
  {
   "type": "Feature",
   "geometry": {
    "type": "Polygon",
    "coordinates": [
     [
      [
       -82.4593232,
       27.9479374
      ],
      [
       -82.4592988,
       27.9479459
      ],
      [
       -82.4592929,
       27.9479325
      ],
      [
       -82.4593172,
       27.947924
      ],
      [
       -82.4593232,
       27.9479374
      ]
     ]
    ]
   },
   "properties": {
    "text": "17",
    "id": 66,
    "tile": "r0c3",
    "rotation_view": 0,
    "in_block": false,
    "in_block_depth_px": -2,
    "surya_conf": null,
    "centre_map": [
     356439.482,
     3092291.832
    ],
    "map_epsg": 32617,
    "bbox_source_px": [
     3540,
     723,
     3590,
     754
    ]
   }
  },
  {
   "type": "Feature",
   "geometry": {
    "type": "Polygon",
    "coordinates": [
     [
      [
       -82.459455,
       27.9478895
      ],
      [
       -82.4594326,
       27.9478973
      ],
      [
       -82.4594269,
       27.9478843
      ],
      [
       -82.4594493,
       27.9478765
      ],
      [
       -82.459455,
       27.9478895
      ]
     ]
    ]
   },
   "properties": {
    "text": "16'",
    "id": 551,
    "tile": "r0c2",
    "rotation_view": 0,
    "in_block": true,
    "in_block_depth_px": 1,
    "surya_conf": null,
    "centre_map": [
     356426.341,
     3092286.665
    ],
    "map_epsg": 32617,
    "bbox_source_px": [
     3268,
     727,
     3314,
     757
    ]
   }
  },
  {
   "type": "Feature",
   "geometry": {
    "type": "Polygon",
    "coordinates": [
     [
      [
       -82.4584375,
       27.9482374
      ],
      [
       -82.4584029,
       27.9482494
      ],
      [
       -82.4583835,
       27.9482057
      ],
      [
       -82.4584182,
       27.9481936
      ],
      [
       -82.4584375,
       27.9482374
      ]
     ]
    ]
   },
   "properties": {
    "text": "Shops.",
    "id": 283,
    "tile": "r0c5",
    "rotation_view": 0,
    "in_block": true,
    "in_block_depth_px": 59,
    "surya_conf": null,
    "centre_map": [
     356528.166,
     3092322.531
    ],
    "map_epsg": 32617,
    "bbox_source_px": [
     5350,
     740,
     5421,
     841
    ]
   }
  },
  {
   "type": "Feature",
   "geometry": {
    "type": "Polygon",
    "coordinates": [
     [
      [
       -82.4597408,
       27.94778
      ],
      [
       -82.4597296,
       27.9477839
      ],
      [
       -82.459724,
       27.9477713
      ],
      [
       -82.4597353,
       27.9477674
      ],
      [
       -82.4597408,
       27.94778
      ]
     ]
    ]
   },
   "properties": {
    "text": "2",
    "id": 4,
    "tile": "r0c2",
    "rotation_view": 0,
    "in_block": true,
    "in_block_depth_px": 11,
    "surya_conf": null,
    "centre_map": [
     356397.516,
     3092274.682
    ],
    "map_epsg": 32617,
    "bbox_source_px": [
     2674,
     747,
     2697,
     776
    ]
   }
  },
  {
   "type": "Feature",
   "geometry": {
    "type": "Polygon",
    "coordinates": [
     [
      [
       -82.4605316,
       27.9474971
      ],
      [
       -82.460498,
       27.9475088
      ],
      [
       -82.4603695,
       27.9472178
      ],
      [
       -82.4604032,
       27.9472061
      ],
      [
       -82.4605316,
       27.9474971
      ]
     ]
    ]
   },
   "properties": {
    "text": "P.R.DOCK. TO BE BUILT.",
    "id": 663,
    "tile": "r0c0",
    "rotation_view": 0,
    "in_block": false,
    "in_block_depth_px": -851,
    "surya_conf": null,
    "centre_map": [
     356326.304,
     3092229.19
    ],
    "map_epsg": 32617,
    "bbox_source_px": [
     1046,
     762,
     1115,
     1434
    ]
   }
  },
  {
   "type": "Feature",
   "geometry": {
    "type": "Polygon",
    "coordinates": [
     [
      [
       -82.4583798,
       27.9482445
      ],
      [
       -82.4583252,
       27.9482635
      ],
      [
       -82.4583189,
       27.9482492
      ],
      [
       -82.4583735,
       27.9482302
      ],
      [
       -82.4583798,
       27.9482445
      ]
     ]
    ]
   },
   "properties": {
    "text": "Tobac.",
    "id": 147,
    "tile": "r0c5",
    "rotation_view": 0,
    "in_block": true,
    "in_block_depth_px": 48,
    "surya_conf": null,
    "centre_map": [
     356534.212,
     3092325.26
    ],
    "map_epsg": 32617,
    "bbox_source_px": [
     5458,
     766,
     5570,
     799
    ]
   }
  },
  {
   "type": "Feature",
   "geometry": {
    "type": "Polygon",
    "coordinates": [
     [
      [
       -82.4597175,
       27.9477731
      ],
      [
       -82.4597034,
       27.947778
      ],
      [
       -82.4596967,
       27.9477629
      ],
      [
       -82.4597108,
       27.947758
      ],
      [
       -82.4597175,
       27.9477731
      ]
     ]
    ]
   },
   "properties": {
    "text": "2",
    "id": 13,
    "tile": "r0c2",
    "rotation_view": 0,
    "in_block": true,
    "in_block_depth_px": 26,
    "surya_conf": null,
    "centre_map": [
     356399.997,
     3092273.803
    ],
    "map_epsg": 32617,
    "bbox_source_px": [
     2710,
     777,
     2739,
     812
    ]
   }
  },
  {
   "type": "Feature",
   "geometry": {
    "type": "Polygon",
    "coordinates": [
     [
      [
       -82.4582118,
       27.948288
      ],
      [
       -82.4581776,
       27.9482999
      ],
      [
       -82.4581677,
       27.9482774
      ],
      [
       -82.4582018,
       27.9482655
      ],
      [
       -82.4582118,
       27.948288
      ]
     ]
    ]
   },
   "properties": {
    "text": "SO",
    "id": 31,
    "tile": "r0c5",
    "rotation_view": 0,
    "in_block": false,
    "in_block_depth_px": -211,
    "surya_conf": null,
    "centre_map": [
     356549.969,
     3092329.047
    ],
    "map_epsg": 32617,
    "bbox_source_px": [
     5791,
     796,
     5861,
     848
    ]
   }
  },
  {
   "type": "Feature",
   "geometry": {
    "type": "Polygon",
    "coordinates": [
     [
      [
       -82.4590302,
       27.948
      ],
      [
       -82.4589824,
       27.9480166
      ],
      [
       -82.4589728,
       27.947995
      ],
      [
       -82.4590206,
       27.9479783
      ],
      [
       -82.4590302,
       27.948
      ]
     ]
    ]
   },
   "properties": {
    "text": "80'",
    "id": 415,
    "tile": "r0c3",
    "rotation_view": 0,
    "in_block": false,
    "in_block_depth_px": -227,
    "surya_conf": null,
    "centre_map": [
     356469.723,
     3092298.401
    ],
    "map_epsg": 32617,
    "bbox_source_px": [
     4110,
     802,
     4208,
     852
    ]
   }
  },
  {
   "type": "Feature",
   "geometry": {
    "type": "Polygon",
    "coordinates": [
     [
      [
       -82.4583229,
       27.9482428
      ],
      [
       -82.4583141,
       27.9482459
      ],
      [
       -82.4583108,
       27.9482385
      ],
      [
       -82.4583196,
       27.9482355
      ],
      [
       -82.4583229,
       27.9482428
      ]
     ]
    ]
   },
   "properties": {
    "text": "x",
    "id": 52,
    "tile": "r0c5",
    "rotation_view": 0,
    "in_block": true,
    "in_block_depth_px": 19,
    "surya_conf": null,
    "centre_map": [
     356537.405,
     3092324.54
    ],
    "map_epsg": 32617,
    "bbox_source_px": [
     5558,
     809,
     5576,
     826
    ]
   }
  },
  {
   "type": "Feature",
   "geometry": {
    "type": "Polygon",
    "coordinates": [
     [
      [
       -82.4599616,
       27.9476571
      ],
      [
       -82.4599524,
       27.9476603
      ],
      [
       -82.4599466,
       27.9476474
      ],
      [
       -82.4599559,
       27.9476441
      ],
      [
       -82.4599616,
       27.9476571
      ]
     ]
    ]
   },
   "properties": {
    "text": "1",
    "id": 498,
    "tile": "r0c2",
    "rotation_view": 0,
    "in_block": true,
    "in_block_depth_px": 20,
    "surya_conf": null,
    "centre_map": [
     356375.541,
     3092261.268
    ],
    "map_epsg": 32617,
    "bbox_source_px": [
     2185,
     839,
     2204,
     869
    ]
   }
  },
  {
   "type": "Feature",
   "geometry": {
    "type": "Polygon",
    "coordinates": [
     [
      [
       -82.4599397,
       27.9476648
      ],
      [
       -82.4599324,
       27.9476673
      ],
      [
       -82.4599268,
       27.9476548
      ],
      [
       -82.4599341,
       27.9476522
      ],
      [
       -82.4599397,
       27.9476648
      ]
     ]
    ]
   },
   "properties": {
    "text": "1",
    "id": 427,
    "tile": "r0c2",
    "rotation_view": 0,
    "in_block": false,
    "in_block_depth_px": -22,
    "surya_conf": null,
    "centre_map": [
     356377.604,
     3092262.077
    ],
    "map_epsg": 32617,
    "bbox_source_px": [
     2230,
     839,
     2245,
     868
    ]
   }
  },
  {
   "type": "Feature",
   "geometry": {
    "type": "Polygon",
    "coordinates": [
     [
      [
       -82.4596986,
       27.9477327
      ],
      [
       -82.4595016,
       27.9478013
      ],
      [
       -82.4594915,
       27.9477784
      ],
      [
       -82.4596884,
       27.9477098
      ],
      [
       -82.4596986,
       27.9477327
      ]
     ]
    ]
   },
   "properties": {
    "text": "THE PLANT HO.",
    "id": 302,
    "tile": "r0c2",
    "rotation_view": 0,
    "in_block": true,
    "in_block_depth_px": 133,
    "surya_conf": null,
    "centre_map": [
     356411.009,
     3092272.295
    ],
    "map_epsg": 32617,
    "bbox_source_px": [
     2712,
     871,
     3116,
     924
    ]
   }
  },
  {
   "type": "Feature",
   "geometry": {
    "type": "Polygon",
    "coordinates": [
     [
      [
       -82.4591496,
       27.9479035
      ],
      [
       -82.4591301,
       27.9479103
      ],
      [
       -82.4591237,
       27.947896
      ],
      [
       -82.4591432,
       27.9478892
      ],
      [
       -82.4591496,
       27.9479035
      ]
     ]
    ]
   },
   "properties": {
    "text": "1/2",
    "id": 104,
    "tile": "r0c3",
    "rotation_view": 0,
    "in_block": true,
    "in_block_depth_px": 82,
    "surya_conf": null,
    "centre_map": [
     356456.297,
     3092287.727
    ],
    "map_epsg": 32617,
    "bbox_source_px": [
     3822,
     912,
     3862,
     945
    ]
   }
  },
  {
   "type": "Feature",
   "geometry": {
    "type": "Polygon",
    "coordinates": [
     [
      [
       -82.4591161,
       27.9479156
      ],
      [
       -82.4591068,
       27.9479188
      ],
      [
       -82.4591017,
       27.9479072
      ],
      [
       -82.4591109,
       27.9479039
      ],
      [
       -82.4591161,
       27.9479156
      ]
     ]
    ]
   },
   "properties": {
    "text": "1",
    "id": 95,
    "tile": "r0c3",
    "rotation_view": 0,
    "in_block": true,
    "in_block_depth_px": 23,
    "surya_conf": null,
    "centre_map": [
     356459.043,
     3092288.987
    ],
    "map_epsg": 32617,
    "bbox_source_px": [
     3891,
     911,
     3910,
     938
    ]
   }
  },
  {
   "type": "Feature",
   "geometry": {
    "type": "Polygon",
    "coordinates": [
     [
      [
       -82.4593013,
       27.9478421
      ],
      [
       -82.4592931,
       27.947845
      ],
      [
       -82.4592881,
       27.9478337
      ],
      [
       -82.4592964,
       27.9478309
      ],
      [
       -82.4593013,
       27.9478421
      ]
     ]
    ]
   },
   "properties": {
    "text": "1",
    "id": 113,
    "tile": "r0c3",
    "rotation_view": 0,
    "in_block": true,
    "in_block_depth_px": 186,
    "surya_conf": null,
    "centre_map": [
     356440.664,
     3092281.067
    ],
    "map_epsg": 32617,
    "bbox_source_px": [
     3504,
     929,
     3521,
     955
    ]
   }
  },
  {
   "type": "Feature",
   "geometry": {
    "type": "Polygon",
    "coordinates": [
     [
      [
       -82.4590896,
       27.9479054
      ],
      [
       -82.4590745,
       27.9479106
      ],
      [
       -82.4590604,
       27.9478786
      ],
      [
       -82.4590755,
       27.9478733
      ],
      [
       -82.4590896,
       27.9479054
      ]
     ]
    ]
   },
   "properties": {
    "text": "30",
    "id": 182,
    "tile": "r0c3",
    "rotation_view": 0,
    "in_block": true,
    "in_block_depth_px": 2,
    "surya_conf": null,
    "centre_map": [
     356462.352,
     3092286.796
    ],
    "map_epsg": 32617,
    "bbox_source_px": [
     3930,
     950,
     3961,
     1024
    ]
   }
  },
  {
   "type": "Feature",
   "geometry": {
    "type": "Polygon",
    "coordinates": [
     [
      [
       -82.4598528,
       27.9476336
      ],
      [
       -82.4598406,
       27.9476378
      ],
      [
       -82.459811,
       27.9475707
      ],
      [
       -82.4598231,
       27.9475665
      ],
      [
       -82.4598528,
       27.9476336
      ]
     ]
    ]
   },
   "properties": {
    "text": "6\" W.P.",
    "id": 313,
    "tile": "r0c2",
    "rotation_view": 0,
    "in_block": false,
    "in_block_depth_px": -158,
    "surya_conf": null,
    "centre_map": [
     356387.502,
     3092255.575
    ],
    "map_epsg": 32617,
    "bbox_source_px": [
     2360,
     962,
     2385,
     1117
    ]
   }
  },
  {
   "type": "Feature",
   "geometry": {
    "type": "Polygon",
    "coordinates": [
     [
      [
       -82.4591568,
       27.9478765
      ],
      [
       -82.4591197,
       27.9478894
      ],
      [
       -82.4591109,
       27.9478695
      ],
      [
       -82.459148,
       27.9478566
      ],
      [
       -82.4591568,
       27.9478765
      ]
     ]
    ]
   },
   "properties": {
    "text": "Dny",
    "id": 163,
    "tile": "r0c3",
    "rotation_view": 0,
    "in_block": true,
    "in_block_depth_px": 101,
    "surya_conf": null,
    "centre_map": [
     356456.538,
     3092284.761
    ],
    "map_epsg": 32617,
    "bbox_source_px": [
     3788,
     961,
     3864,
     1007
    ]
   }
  },
  {
   "type": "Feature",
   "geometry": {
    "type": "Polygon",
    "coordinates": [
     [
      [
       -82.4594295,
       27.9477795
      ],
      [
       -82.4594207,
       27.9477826
      ],
      [
       -82.4594159,
       27.9477717
      ],
      [
       -82.4594247,
       27.9477687
      ],
      [
       -82.4594295,
       27.9477795
      ]
     ]
    ]
   },
   "properties": {
    "text": "1",
    "id": 437,
    "tile": "r0c3",
    "rotation_view": 0,
    "in_block": true,
    "in_block_depth_px": 217,
    "surya_conf": null,
    "centre_map": [
     356427.986,
     3092274.313
    ],
    "map_epsg": 32617,
    "bbox_source_px": [
     3227,
     965,
     3245,
     990
    ]
   }
  },
  {
   "type": "Feature",
   "geometry": {
    "type": "Polygon",
    "coordinates": [
     [
      [
       -82.4594066,
       27.9477875
      ],
      [
       -82.4593954,
       27.9477914
      ],
      [
       -82.4593912,
       27.9477819
      ],
      [
       -82.4594024,
       27.9477779
      ],
      [
       -82.4594066,
       27.9477875
      ]
     ]
    ]
   },
   "properties": {
    "text": "0",
    "id": 541,
    "tile": "r0c2",
    "rotation_view": 0,
    "in_block": true,
    "in_block_depth_px": 217,
    "surya_conf": null,
    "centre_map": [
     356430.344,
     3092275.288
    ],
    "map_epsg": 32617,
    "bbox_source_px": [
     3274,
     965,
     3297,
     987
    ]
   }
  },
  {
   "type": "Feature",
   "geometry": {
    "type": "Polygon",
    "coordinates": [
     [
      [
       -82.4594808,
       27.9477466
      ],
      [
       -82.4594735,
       27.9477492
      ],
      [
       -82.4594687,
       27.9477384
      ],
      [
       -82.459476,
       27.9477358
      ],
      [
       -82.4594808,
       27.9477466
      ]
     ]
    ]
   },
   "properties": {
    "text": "1",
    "id": 318,
    "tile": "r0c2",
    "rotation_view": 0,
    "in_block": true,
    "in_block_depth_px": 245,
    "surya_conf": null,
    "centre_map": [
     356422.822,
     3092270.706
    ],
    "map_epsg": 32617,
    "bbox_source_px": [
     3110,
     995,
     3125,
     1020
    ]
   }
  },
  {
   "type": "Feature",
   "geometry": {
    "type": "Polygon",
    "coordinates": [
     [
      [
       -82.459465,
       27.9477477
      ],
      [
       -82.4594542,
       27.9477514
      ],
      [
       -82.4594504,
       27.9477427
      ],
      [
       -82.4594611,
       27.947739
      ],
      [
       -82.459465,
       27.9477477
      ]
     ]
    ]
   },
   "properties": {
    "text": "x",
    "id": 361,
    "tile": "r0c2",
    "rotation_view": 0,
    "in_block": true,
    "in_block_depth_px": 252,
    "surya_conf": null,
    "centre_map": [
     356424.507,
     3092270.985
    ],
    "map_epsg": 32617,
    "bbox_source_px": [
     3139,
     1004,
     3161,
     1024
    ]
   }
  },
  {
   "type": "Feature",
   "geometry": {
    "type": "Polygon",
    "coordinates": [
     [
      [
       -82.4599475,
       27.9475666
      ],
      [
       -82.4599241,
       27.9475748
      ],
      [
       -82.4598604,
       27.9474306
      ],
      [
       -82.4598838,
       27.9474224
      ],
      [
       -82.4599475,
       27.9475666
      ]
     ]
    ]
   },
   "properties": {
    "text": "Freight M.Ho.",
    "id": 585,
    "tile": "r0c2",
    "rotation_view": 0,
    "in_block": true,
    "in_block_depth_px": 50,
    "surya_conf": null,
    "centre_map": [
     356380.269,
     3092244.188
    ],
    "map_epsg": 32617,
    "bbox_source_px": [
     2139,
     1030,
     2187,
     1363
    ]
   }
  },
  {
   "type": "Feature",
   "geometry": {
    "type": "Polygon",
    "coordinates": [
     [
      [
       -82.4598384,
       27.9476011
      ],
      [
       -82.4598258,
       27.9476055
      ],
      [
       -82.459811,
       27.9475722
      ],
      [
       -82.4598237,
       27.9475678
      ],
      [
       -82.4598384,
       27.9476011
      ]
     ]
    ]
   },
   "properties": {
    "text": "6'",
    "id": 672,
    "tile": "r1c2",
    "rotation_view": 0,
    "in_block": false,
    "in_block_depth_px": -154,
    "surya_conf": null,
    "centre_map": [
     356388.183,
     3092253.849
    ],
    "map_epsg": 32617,
    "bbox_source_px": [
     2360,
     1037,
     2386,
     1114
    ]
   }
  },
  {
   "type": "Feature",
   "geometry": {
    "type": "Polygon",
    "coordinates": [
     [
      [
       -82.4583317,
       27.9481139
      ],
      [
       -82.4583205,
       27.9481178
      ],
      [
       -82.4583155,
       27.9481065
      ],
      [
       -82.4583268,
       27.9481026
      ],
      [
       -82.4583317,
       27.9481139
      ]
     ]
    ]
   },
   "properties": {
    "text": "2",
    "id": 271,
    "tile": "r0c5",
    "rotation_view": 0,
    "in_block": true,
    "in_block_depth_px": 139,
    "surya_conf": null,
    "centre_map": [
     356536.565,
     3092310.09
    ],
    "map_epsg": 32617,
    "bbox_source_px": [
     5441,
     1061,
     5464,
     1087
    ]
   }
  },
  {
   "type": "Feature",
   "geometry": {
    "type": "Polygon",
    "coordinates": [
     [
      [
       -82.458355,
       27.9481042
      ],
      [
       -82.4583424,
       27.9481086
      ],
      [
       -82.4583368,
       27.9480961
      ],
      [
       -82.4583495,
       27.9480917
      ],
      [
       -82.458355,
       27.9481042
      ]
     ]
    ]
   },
   "properties": {
    "text": "2",
    "id": 278,
    "tile": "r0c5",
    "rotation_view": 0,
    "in_block": true,
    "in_block_depth_px": 186,
    "surya_conf": null,
    "centre_map": [
     356534.358,
     3092309.007
    ],
    "map_epsg": 32617,
    "bbox_source_px": [
     5392,
     1064,
     5418,
     1093
    ]
   }
  },
  {
   "type": "Feature",
   "geometry": {
    "type": "Polygon",
    "coordinates": [
     [
      [
       -82.4584783,
       27.9480598
      ],
      [
       -82.4584671,
       27.9480637
      ],
      [
       -82.4584614,
       27.9480507
      ],
      [
       -82.4584726,
       27.9480468
      ],
      [
       -82.4584783,
       27.9480598
      ]
     ]
    ]
   },
   "properties": {
    "text": "1",
    "id": 354,
    "tile": "r0c4",
    "rotation_view": 0,
    "in_block": true,
    "in_block_depth_px": 344,
    "surya_conf": null,
    "centre_map": [
     356522.109,
     3092304.178
    ],
    "map_epsg": 32617,
    "bbox_source_px": [
     5138,
     1067,
     5161,
     1097
    ]
   }
  },
  {
   "type": "Feature",
   "geometry": {
    "type": "Polygon",
    "coordinates": [
     [
      [
       -82.4584344,
       27.9480686
      ],
      [
       -82.4583261,
       27.9481063
      ],
      [
       -82.4583175,
       27.9480868
      ],
      [
       -82.4584258,
       27.9480491
      ],
      [
       -82.4584344,
       27.9480686
      ]
     ]
    ]
   },
   "properties": {
    "text": "SCOTLAND",
    "id": 451,
    "tile": "r0c5",
    "rotation_view": 0,
    "in_block": true,
    "in_block_depth_px": 258,
    "surya_conf": null,
    "centre_map": [
     356531.374,
     3092306.555
    ],
    "map_epsg": 32617,
    "bbox_source_px": [
     5223,
     1080,
     5445,
     1125
    ]
   }
  },
  {
   "type": "Feature",
   "geometry": {
    "type": "Polygon",
    "coordinates": [
     [
      [
       -82.4591715,
       27.9478054
      ],
      [
       -82.4591291,
       27.9478202
      ],
      [
       -82.459123,
       27.9478063
      ],
      [
       -82.4591654,
       27.9477916
      ],
      [
       -82.4591715,
       27.9478054
      ]
     ]
    ]
   },
   "properties": {
    "text": "TANK.",
    "id": 326,
    "tile": "r0c3",
    "rotation_view": 0,
    "in_block": true,
    "in_block_depth_px": 176,
    "surya_conf": null,
    "centre_map": [
     356455.131,
     3092277.342
    ],
    "map_epsg": 32617,
    "bbox_source_px": [
     3706,
     1093,
     3793,
     1125
    ]
   }
  },
  {
   "type": "Feature",
   "geometry": {
    "type": "Polygon",
    "coordinates": [
     [
      [
       -82.4594774,
       27.9476969
      ],
      [
       -82.4594696,
       27.9476996
      ],
      [
       -82.4594644,
       27.9476879
      ],
      [
       -82.4594722,
       27.9476852
      ],
      [
       -82.4594774,
       27.9476969
      ]
     ]
    ]
   },
   "properties": {
    "text": "1",
    "id": 595,
    "tile": "r1c2",
    "rotation_view": 0,
    "in_block": true,
    "in_block_depth_px": 348,
    "surya_conf": null,
    "centre_map": [
     356423.135,
     3092265.149
    ],
    "map_epsg": 32617,
    "bbox_source_px": [
     3077,
     1097,
     3093,
     1124
    ]
   }
  },
  {
   "type": "Feature",
   "geometry": {
    "type": "Polygon",
    "coordinates": [
     [
      [
       -82.4604635,
       27.9473479
      ],
      [
       -82.4604309,
       27.9473593
      ],
      [
       -82.4603378,
       27.9471485
      ],
      [
       -82.4603704,
       27.9471371
      ],
      [
       -82.4604635,
       27.9473479
      ]
     ]
    ]
   },
   "properties": {
    "text": "S.F.R.R.DOCK.",
    "id": 587,
    "tile": "r1c0",
    "rotation_view": 0,
    "in_block": false,
    "in_block_depth_px": -849,
    "surya_conf": null,
    "centre_map": [
     356331.072,
     3092217.028
    ],
    "map_epsg": 32617,
    "bbox_source_px": [
     1050,
     1108,
     1117,
     1595
    ]
   }
  },
  {
   "type": "Feature",
   "geometry": {
    "type": "Polygon",
    "coordinates": [
     [
      [
       -82.458246,
       27.9481172
      ],
      [
       -82.4582309,
       27.9481225
      ],
      [
       -82.4582162,
       27.9480891
      ],
      [
       -82.4582313,
       27.9480839
      ],
      [
       -82.458246,
       27.9481172
      ]
     ]
    ]
   },
   "properties": {
    "text": "421",
    "id": 580,
    "tile": "r1c5",
    "rotation_view": 0,
    "in_block": true,
    "in_block_depth_px": 9,
    "surya_conf": null,
    "centre_map": [
     356545.66,
     3092309.207
    ],
    "map_epsg": 32617,
    "bbox_source_px": [
     5596,
     1114,
     5627,
     1191
    ]
   }
  },
  {
   "type": "Feature",
   "geometry": {
    "type": "Polygon",
    "coordinates": [
     [
      [
       -82.4583938,
       27.9480583
      ],
      [
       -82.4583602,
       27.94807
      ],
      [
       -82.4583531,
       27.948054
      ],
      [
       -82.4583867,
       27.9480422
      ],
      [
       -82.4583938,
       27.9480583
      ]
     ]
    ]
   },
   "properties": {
    "text": "HO.",
    "id": 371,
    "tile": "r0c5",
    "rotation_view": 0,
    "in_block": true,
    "in_block_depth_px": 272,
    "surya_conf": null,
    "centre_map": [
     356531.593,
     3092304.159
    ],
    "map_epsg": 32617,
    "bbox_source_px": [
     5287,
     1129,
     5356,
     1166
    ]
   }
  },
  {
   "type": "Feature",
   "geometry": {
    "type": "Polygon",
    "coordinates": [
     [
      [
       -82.4594659,
       27.9476784
      ],
      [
       -82.4594581,
       27.9476811
      ],
      [
       -82.4594554,
       27.9476751
      ],
      [
       -82.4594632,
       27.9476724
      ],
      [
       -82.4594659,
       27.9476784
      ]
     ]
    ]
   },
   "properties": {
    "text": "x",
    "id": 364,
    "tile": "r0c2",
    "rotation_view": 0,
    "in_block": true,
    "in_block_depth_px": 386,
    "surya_conf": null,
    "centre_map": [
     356424.126,
     3092263.403
    ],
    "map_epsg": 32617,
    "bbox_source_px": [
     3083,
     1142,
     3099,
     1156
    ]
   }
  },
  {
   "type": "Feature",
   "geometry": {
    "type": "Polygon",
    "coordinates": [
     [
      [
       -82.4598818,
       27.9475236
      ],
      [
       -82.4598711,
       27.9475273
      ],
      [
       -82.4598673,
       27.9475186
      ],
      [
       -82.459878,
       27.9475149
      ],
      [
       -82.4598818,
       27.9475236
      ]
     ]
    ]
   },
   "properties": {
    "text": "x",
    "id": 438,
    "tile": "r0c2",
    "rotation_view": 0,
    "in_block": false,
    "in_block_depth_px": -1,
    "surya_conf": null,
    "centre_map": [
     356383.196,
     3092246.645
    ],
    "map_epsg": 32617,
    "bbox_source_px": [
     2222,
     1162,
     2244,
     1182
    ]
   }
  },
  {
   "type": "Feature",
   "geometry": {
    "type": "Polygon",
    "coordinates": [
     [
      [
       -82.4584579,
       27.9480175
      ],
      [
       -82.4584482,
       27.9480208
      ],
      [
       -82.4584449,
       27.9480135
      ],
      [
       -82.4584547,
       27.9480101
      ],
      [
       -82.4584579,
       27.9480175
      ]
     ]
    ]
   },
   "properties": {
    "text": "x",
    "id": 547,
    "tile": "r1c4",
    "rotation_view": 0,
    "in_block": true,
    "in_block_depth_px": 436,
    "surya_conf": null,
    "centre_map": [
     356523.868,
     3092299.748
    ],
    "map_epsg": 32617,
    "bbox_source_px": [
     5141,
     1166,
     5161,
     1183
    ]
   }
  },
  {
   "type": "Feature",
   "geometry": {
    "type": "Polygon",
    "coordinates": [
     [
      [
       -82.4596807,
       27.9475801
      ],
      [
       -82.4596626,
       27.9475864
      ],
      [
       -82.4596473,
       27.9475518
      ],
      [
       -82.4596654,
       27.9475455
      ],
      [
       -82.4596807,
       27.9475801
      ]
     ]
    ]
   },
   "properties": {
    "text": "221.",
    "id": 536,
    "tile": "r1c2",
    "rotation_view": 0,
    "in_block": false,
    "in_block_depth_px": -56,
    "surya_conf": null,
    "centre_map": [
     356403.971,
     3092251.367
    ],
    "map_epsg": 32617,
    "bbox_source_px": [
     2624,
     1189,
     2661,
     1269
    ]
   }
  },
  {
   "type": "Feature",
   "geometry": {
    "type": "Polygon",
    "coordinates": [
     [
      [
       -82.4595136,
       27.9476388
      ],
      [
       -82.4594527,
       27.94766
      ],
      [
       -82.4594473,
       27.9476479
      ],
      [
       -82.4595083,
       27.9476267
      ],
      [
       -82.4595136,
       27.9476388
      ]
     ]
    ]
   },
   "properties": {
    "text": "KITCHEN.",
    "id": 436,
    "tile": "r0c2",
    "rotation_view": 0,
    "in_block": true,
    "in_block_depth_px": 330,
    "surya_conf": null,
    "centre_map": [
     356422.129,
     3092259.727
    ],
    "map_epsg": 32617,
    "bbox_source_px": [
     2967,
     1188,
     3092,
     1216
    ]
   }
  },
  {
   "type": "Feature",
   "geometry": {
    "type": "Polygon",
    "coordinates": [
     [
      [
       -82.4588391,
       27.9478667
      ],
      [
       -82.4588303,
       27.9478698
      ],
      [
       -82.4588258,
       27.9478594
      ],
      [
       -82.4588345,
       27.9478563
      ],
      [
       -82.4588391,
       27.9478667
      ]
     ]
    ]
   },
   "properties": {
    "text": "1",
    "id": 450,
    "tile": "r0c4",
    "rotation_view": 0,
    "in_block": false,
    "in_block_depth_px": -35,
    "surya_conf": null,
    "centre_map": [
     356486.179,
     3092283.307
    ],
    "map_epsg": 32617,
    "bbox_source_px": [
     4345,
     1202,
     4363,
     1226
    ]
   }
  },
  {
   "type": "Feature",
   "geometry": {
    "type": "Polygon",
    "coordinates": [
     [
      [
       -82.4588106,
       27.9478761
      ],
      [
       -82.4587882,
       27.9478839
      ],
      [
       -82.4587813,
       27.9478684
      ],
      [
       -82.4588038,
       27.9478605
      ],
      [
       -82.4588106,
       27.9478761
      ]
     ]
    ]
   },
   "properties": {
    "text": "2\u00bd",
    "id": 473,
    "tile": "r0c4",
    "rotation_view": 0,
    "in_block": true,
    "in_block_depth_px": 37,
    "surya_conf": null,
    "centre_map": [
     356489.777,
     3092284.283
    ],
    "map_epsg": 32617,
    "bbox_source_px": [
     4403,
     1203,
     4449,
     1239
    ]
   }
  },
  {
   "type": "Feature",
   "geometry": {
    "type": "Polygon",
    "coordinates": [
     [
      [
       -82.4583018,
       27.9480524
      ],
      [
       -82.4582915,
       27.9480559
      ],
      [
       -82.4582877,
       27.9480473
      ],
      [
       -82.4582979,
       27.9480437
      ],
      [
       -82.4583018,
       27.9480524
      ]
     ]
    ]
   },
   "properties": {
    "text": "x",
    "id": 449,
    "tile": "r0c5",
    "rotation_view": 0,
    "in_block": true,
    "in_block_depth_px": 136,
    "surya_conf": null,
    "centre_map": [
     356539.33,
     3092303.368
    ],
    "map_epsg": 32617,
    "bbox_source_px": [
     5446,
     1205,
     5467,
     1225
    ]
   }
  },
  {
   "type": "Feature",
   "geometry": {
    "type": "Polygon",
    "coordinates": [
     [
      [
       -82.458325,
       27.9480438
      ],
      [
       -82.4583152,
       27.9480472
      ],
      [
       -82.4583114,
       27.9480385
      ],
      [
       -82.4583211,
       27.9480351
      ],
      [
       -82.458325,
       27.9480438
      ]
     ]
    ]
   },
   "properties": {
    "text": "x",
    "id": 452,
    "tile": "r0c5",
    "rotation_view": 0,
    "in_block": true,
    "in_block_depth_px": 184,
    "surya_conf": null,
    "centre_map": [
     356537.011,
     3092302.435
    ],
    "map_epsg": 32617,
    "bbox_source_px": [
     5398,
     1206,
     5418,
     1226
    ]
   }
  },
  {
   "type": "Feature",
   "geometry": {
    "type": "Polygon",
    "coordinates": [
     [
      [
       -82.4594514,
       27.9476405
      ],
      [
       -82.4594416,
       27.9476439
      ],
      [
       -82.4594382,
       27.9476361
      ],
      [
       -82.4594479,
       27.9476327
      ],
      [
       -82.4594514,
       27.9476405
      ]
     ]
    ]
   },
   "properties": {
    "text": "x",
    "id": 480,
    "tile": "r0c2",
    "rotation_view": 0,
    "in_block": true,
    "in_block_depth_px": 390,
    "surya_conf": null,
    "centre_map": [
     356425.635,
     3092259.126
    ],
    "map_epsg": 32617,
    "bbox_source_px": [
     3079,
     1228,
     3099,
     1246
    ]
   }
  },
  {
   "type": "Feature",
   "geometry": {
    "type": "Polygon",
    "coordinates": [
     [
      [
       -82.4588065,
       27.9478616
      ],
      [
       -82.4586826,
       27.9479047
      ],
      [
       -82.4586754,
       27.9478883
      ],
      [
       -82.4587992,
       27.9478451
      ],
      [
       -82.4588065,
       27.9478616
      ]
     ]
    ]
   },
   "properties": {
    "text": "CENTRAL HO.",
    "id": 470,
    "tile": "r1c4",
    "rotation_view": 0,
    "in_block": true,
    "in_block_depth_px": 137,
    "surya_conf": null,
    "centre_map": [
     356495.198,
     3092284.517
    ],
    "map_epsg": 32617,
    "bbox_source_px": [
     4399,
     1235,
     4653,
     1273
    ]
   }
  },
  {
   "type": "Feature",
   "geometry": {
    "type": "Polygon",
    "coordinates": [
     [
      [
       -82.4588326,
       27.947852
      ],
      [
       -82.4588238,
       27.9478551
      ],
      [
       -82.4588189,
       27.9478438
      ],
      [
       -82.4588276,
       27.9478407
      ],
      [
       -82.4588326,
       27.947852
      ]
     ]
    ]
   },
   "properties": {
    "text": "1",
    "id": 506,
    "tile": "r0c4",
    "rotation_view": 0,
    "in_block": false,
    "in_block_depth_px": -24,
    "surya_conf": null,
    "centre_map": [
     356486.817,
     3092281.62
    ],
    "map_epsg": 32617,
    "bbox_source_px": [
     4345,
     1236,
     4363,
     1262
    ]
   }
  },
  {
   "type": "Feature",
   "geometry": {
    "type": "Polygon",
    "coordinates": [
     [
      [
       -82.4579322,
       27.9481646
      ],
      [
       -82.4578996,
       27.9481759
      ],
      [
       -82.4578659,
       27.9480997
      ],
      [
       -82.4578986,
       27.9480884
      ],
      [
       -82.4579322,
       27.9481646
      ]
     ]
    ]
   },
   "properties": {
    "text": "No4.",
    "id": 633,
    "tile": "r0c5",
    "rotation_view": 0,
    "in_block": false,
    "in_block_depth_px": -607,
    "surya_conf": null,
    "centre_map": [
     356578.367,
     3092312.026
    ],
    "map_epsg": 32617,
    "bbox_source_px": [
     6191,
     1238,
     6258,
     1414
    ]
   }
  },
  {
   "type": "Feature",
   "geometry": {
    "type": "Polygon",
    "coordinates": [
     [
      [
       -82.4588052,
       27.94786
      ],
      [
       -82.4587843,
       27.9478673
      ],
      [
       -82.458777,
       27.9478509
      ],
      [
       -82.458798,
       27.9478436
      ],
      [
       -82.4588052,
       27.94786
      ]
     ]
    ]
   },
   "properties": {
    "text": "C2",
    "id": 667,
    "tile": "r0c3",
    "rotation_view": 0,
    "in_block": true,
    "in_block_depth_px": 33,
    "surya_conf": null,
    "centre_map": [
     356490.235,
     3092282.418
    ],
    "map_epsg": 32617,
    "bbox_source_px": [
     4400,
     1239,
     4443,
     1277
    ]
   }
  },
  {
   "type": "Feature",
   "geometry": {
    "type": "Polygon",
    "coordinates": [
     [
      [
       -82.4588233,
       27.9478437
      ],
      [
       -82.4588087,
       27.9478488
      ],
      [
       -82.4587959,
       27.9478198
      ],
      [
       -82.4588105,
       27.9478147
      ],
      [
       -82.4588233,
       27.9478437
      ]
     ]
    ]
   },
   "properties": {
    "text": "321",
    "id": 431,
    "tile": "r1c4",
    "rotation_view": 0,
    "in_block": true,
    "in_block_depth_px": 8,
    "surya_conf": null,
    "centre_map": [
     356488.382,
     3092279.816
    ],
    "map_epsg": 32617,
    "bbox_source_px": [
     4355,
     1259,
     4385,
     1326
    ]
   }
  },
  {
   "type": "Feature",
   "geometry": {
    "type": "Polygon",
    "coordinates": [
     [
      [
       -82.4586237,
       27.9479013
      ],
      [
       -82.4586174,
       27.9479035
      ],
      [
       -82.4586124,
       27.9478922
      ],
      [
       -82.4586188,
       27.94789
      ],
      [
       -82.4586237,
       27.9479013
      ]
     ]
    ]
   },
   "properties": {
    "text": "1",
    "id": 399,
    "tile": "r1c4",
    "rotation_view": 0,
    "in_block": true,
    "in_block_depth_px": 373,
    "surya_conf": null,
    "centre_map": [
     356507.313,
     3092286.788
    ],
    "map_epsg": 32617,
    "bbox_source_px": [
     4755,
     1283,
     4768,
     1309
    ]
   }
  },
  {
   "type": "Feature",
   "geometry": {
    "type": "Polygon",
    "coordinates": [
     [
      [
       -82.4586696,
       27.9478828
      ],
      [
       -82.4586608,
       27.9478859
      ],
      [
       -82.4586555,
       27.9478737
      ],
      [
       -82.4586642,
       27.9478707
      ],
      [
       -82.4586696,
       27.9478828
      ]
     ]
    ]
   },
   "properties": {
    "text": "1",
    "id": 393,
    "tile": "r1c4",
    "rotation_view": 0,
    "in_block": true,
    "in_block_depth_px": 279,
    "surya_conf": null,
    "centre_map": [
     356502.917,
     3092284.793
    ],
    "map_epsg": 32617,
    "bbox_source_px": [
     4659,
     1288,
     4677,
     1316
    ]
   }
  },
  {
   "type": "Feature",
   "geometry": {
    "type": "Polygon",
    "coordinates": [
     [
      [
       -82.4584965,
       27.9479341
      ],
      [
       -82.4584594,
       27.947947
      ],
      [
       -82.4584437,
       27.9479115
      ],
      [
       -82.4584808,
       27.9478986
      ],
      [
       -82.4584965,
       27.9479341
      ]
     ]
    ]
   },
   "properties": {
    "text": "3",
    "id": 372,
    "tile": "r1c4",
    "rotation_view": 0,
    "in_block": true,
    "in_block_depth_px": 549,
    "surya_conf": null,
    "centre_map": [
     356521.906,
     3092289.501
    ],
    "map_epsg": 32617,
    "bbox_source_px": [
     5007,
     1306,
     5083,
     1388
    ]
   }
  },
  {
   "type": "Feature",
   "geometry": {
    "type": "Polygon",
    "coordinates": [
     [
      [
       -82.459018,
       27.9477445
      ],
      [
       -82.459001,
       27.9477504
      ],
      [
       -82.4589845,
       27.9477132
      ],
      [
       -82.4590016,
       27.9477072
      ],
      [
       -82.459018,
       27.9477445
      ]
     ]
    ]
   },
   "properties": {
    "text": "309",
    "id": 355,
    "tile": "r1c3",
    "rotation_view": 0,
    "in_block": true,
    "in_block_depth_px": 5,
    "surya_conf": null,
    "centre_map": [
     356469.391,
     3092268.634
    ],
    "map_epsg": 32617,
    "bbox_source_px": [
     3931,
     1322,
     3966,
     1408
    ]
   }
  },
  {
   "type": "Feature",
   "geometry": {
    "type": "Polygon",
    "coordinates": [
     [
      [
       -82.4585707,
       27.9478997
      ],
      [
       -82.4585278,
       27.9479147
      ],
      [
       -82.4585217,
       27.9479008
      ],
      [
       -82.4585646,
       27.9478859
      ],
      [
       -82.4585707,
       27.9478997
      ]
     ]
    ]
   },
   "properties": {
    "text": "321\u00bd",
    "id": 350,
    "tile": "r1c4",
    "rotation_view": 0,
    "in_block": true,
    "in_block_depth_px": 501,
    "surya_conf": null,
    "centre_map": [
     356514.387,
     3092287.096
    ],
    "map_epsg": 32617,
    "bbox_source_px": [
     4848,
     1323,
     4936,
     1355
    ]
   }
  },
  {
   "type": "Feature",
   "geometry": {
    "type": "Polygon",
    "coordinates": [
     [
      [
       -82.4596113,
       27.9475314
      ],
      [
       -82.4596016,
       27.9475347
      ],
      [
       -82.4595977,
       27.9475261
      ],
      [
       -82.4596075,
       27.9475227
      ],
      [
       -82.4596113,
       27.9475314
      ]
     ]
    ]
   },
   "properties": {
    "text": "x",
    "id": 341,
    "tile": "r1c2",
    "rotation_view": 0,
    "in_block": true,
    "in_block_depth_px": 24,
    "surya_conf": null,
    "centre_map": [
     356409.773,
     3092247.172
    ],
    "map_epsg": 32617,
    "bbox_source_px": [
     2709,
     1335,
     2729,
     1355
    ]
   }
  },
  {
   "type": "Feature",
   "geometry": {
    "type": "Polygon",
    "coordinates": [
     [
      [
       -82.4596319,
       27.9475232
      ],
      [
       -82.4596207,
       27.9475271
      ],
      [
       -82.4596169,
       27.9475184
      ],
      [
       -82.4596281,
       27.9475145
      ],
      [
       -82.4596319,
       27.9475232
      ]
     ]
    ]
   },
   "properties": {
    "text": "10",
    "id": 579,
    "tile": "r0c2",
    "rotation_view": 0,
    "in_block": true,
    "in_block_depth_px": 5,
    "surya_conf": null,
    "centre_map": [
     356407.81,
     3092246.319
    ],
    "map_epsg": 32617,
    "bbox_source_px": [
     2666,
     1337,
     2689,
     1357
    ]
   }
  },
  {
   "type": "Feature",
   "geometry": {
    "type": "Polygon",
    "coordinates": [
     [
      [
       -82.459326,
       27.9476292
      ],
      [
       -82.459289,
       27.9476421
      ],
      [
       -82.4592737,
       27.9476075
      ],
      [
       -82.4593107,
       27.9475946
      ],
      [
       -82.459326,
       27.9476292
      ]
     ]
    ]
   },
   "properties": {
    "text": "2",
    "id": 356,
    "tile": "r1c3",
    "rotation_view": 0,
    "in_block": true,
    "in_block_depth_px": 597,
    "surya_conf": null,
    "centre_map": [
     356439.869,
     3092256.744
    ],
    "map_epsg": 32617,
    "bbox_source_px": [
     3293,
     1338,
     3369,
     1418
    ]
   }
  },
  {
   "type": "Feature",
   "geometry": {
    "type": "Polygon",
    "coordinates": [
     [
      [
       -82.458659,
       27.94786
      ],
      [
       -82.4586507,
       27.9478629
      ],
      [
       -82.4586472,
       27.9478551
      ],
      [
       -82.4586555,
       27.9478522
      ],
      [
       -82.458659,
       27.94786
      ]
     ]
    ]
   },
   "properties": {
    "text": "x",
    "id": 333,
    "tile": "r1c4",
    "rotation_view": 0,
    "in_block": true,
    "in_block_depth_px": 277,
    "surya_conf": null,
    "centre_map": [
     356503.816,
     3092282.489
    ],
    "map_epsg": 32617,
    "bbox_source_px": [
     4660,
     1341,
     4677,
     1359
    ]
   }
  },
  {
   "type": "Feature",
   "geometry": {
    "type": "Polygon",
    "coordinates": [
     [
      [
       -82.4586177,
       27.9478724
      ],
      [
       -82.4586085,
       27.9478756
      ],
      [
       -82.4586048,
       27.9478674
      ],
      [
       -82.4586141,
       27.9478642
      ],
      [
       -82.4586177,
       27.9478724
      ]
     ]
    ]
   },
   "properties": {
    "text": "x",
    "id": 329,
    "tile": "r1c4",
    "rotation_view": 0,
    "in_block": true,
    "in_block_depth_px": 361,
    "surya_conf": null,
    "centre_map": [
     356507.947,
     3092283.804
    ],
    "map_epsg": 32617,
    "bbox_source_px": [
     4743,
     1345,
     4762,
     1364
    ]
   }
  },
  {
   "type": "Feature",
   "geometry": {
    "type": "Polygon",
    "coordinates": [
     [
      [
       -82.4581773,
       27.9480253
      ],
      [
       -82.4581656,
       27.9480293
      ],
      [
       -82.4581602,
       27.9480172
      ],
      [
       -82.4581719,
       27.9480131
      ],
      [
       -82.4581773,
       27.9480253
      ]
     ]
    ]
   },
   "properties": {
    "text": "7",
    "id": 327,
    "tile": "r1c5",
    "rotation_view": 0,
    "in_block": false,
    "in_block_depth_px": -52,
    "surya_conf": null,
    "centre_map": [
     356551.686,
     3092300.055
    ],
    "map_epsg": 32617,
    "bbox_source_px": [
     5646,
     1346,
     5670,
     1374
    ]
   }
  },
  {
   "type": "Feature",
   "geometry": {
    "type": "Polygon",
    "coordinates": [
     [
      [
       -82.4587764,
       27.9478151
      ],
      [
       -82.4587691,
       27.9478177
      ],
      [
       -82.4587658,
       27.9478103
      ],
      [
       -82.4587731,
       27.9478078
      ],
      [
       -82.4587764,
       27.9478151
      ]
     ]
    ]
   },
   "properties": {
    "text": "x",
    "id": 323,
    "tile": "r1c4",
    "rotation_view": 0,
    "in_block": true,
    "in_block_depth_px": 32,
    "surya_conf": null,
    "centre_map": [
     356492.146,
     3092277.659
    ],
    "map_epsg": 32617,
    "bbox_source_px": [
     4416,
     1349,
     4431,
     1366
    ]
   }
  },
  {
   "type": "Feature",
   "geometry": {
    "type": "Polygon",
    "coordinates": [
     [
      [
       -82.4588026,
       27.947803
      ],
      [
       -82.4587933,
       27.9478062
      ],
      [
       -82.4587906,
       27.9478002
      ],
      [
       -82.4587999,
       27.947797
      ],
      [
       -82.4588026,
       27.947803
      ]
     ]
    ]
   },
   "properties": {
    "text": "x",
    "id": 316,
    "tile": "r1c4",
    "rotation_view": 0,
    "in_block": false,
    "in_block_depth_px": -22,
    "surya_conf": null,
    "centre_map": [
     356489.626,
     3092276.457
    ],
    "map_epsg": 32617,
    "bbox_source_px": [
     4360,
     1355,
     4379,
     1369
    ]
   }
  },
  {
   "type": "Feature",
   "geometry": {
    "type": "Polygon",
    "coordinates": [
     [
      [
       -82.4582204,
       27.9480058
      ],
      [
       -82.4582063,
       27.9480107
      ],
      [
       -82.4582007,
       27.9479981
      ],
      [
       -82.4582149,
       27.9479932
      ],
      [
       -82.4582204,
       27.9480058
      ]
     ]
    ]
   },
   "properties": {
    "text": "7",
    "id": 317,
    "tile": "r1c5",
    "rotation_view": 0,
    "in_block": true,
    "in_block_depth_px": 25,
    "surya_conf": null,
    "centre_map": [
     356547.546,
     3092297.965
    ],
    "map_epsg": 32617,
    "bbox_source_px": [
     5554,
     1355,
     5583,
     1384
    ]
   }
  },
  {
   "type": "Feature",
   "geometry": {
    "type": "Polygon",
    "coordinates": [
     [
      [
       -82.458806,
       27.9478018
      ],
      [
       -82.4587977,
       27.9478047
      ],
      [
       -82.4587935,
       27.9477952
      ],
      [
       -82.4588018,
       27.9477923
      ],
      [
       -82.458806,
       27.9478018
      ]
     ]
    ]
   },
   "properties": {
    "text": "1",
    "id": 599,
    "tile": "r0c4",
    "rotation_view": 0,
    "in_block": false,
    "in_block_depth_px": -30,
    "surya_conf": null,
    "centre_map": [
     356489.313,
     3092276.119
    ],
    "map_epsg": 32617,
    "bbox_source_px": [
     4353,
     1355,
     4370,
     1377
    ]
   }
  },
  {
   "type": "Feature",
   "geometry": {
    "type": "Polygon",
    "coordinates": [
     [
      [
       -82.4585671,
       27.9478735
      ],
      [
       -82.4585588,
       27.9478764
      ],
      [
       -82.4585523,
       27.9478617
      ],
      [
       -82.4585606,
       27.9478588
      ],
      [
       -82.4585671,
       27.9478735
      ]
     ]
    ]
   },
   "properties": {
    "text": "1",
    "id": 279,
    "tile": "r1c4",
    "rotation_view": 0,
    "in_block": true,
    "in_block_depth_px": 451,
    "surya_conf": null,
    "centre_map": [
     356513.023,
     3092283.494
    ],
    "map_epsg": 32617,
    "bbox_source_px": [
     4834,
     1378,
     4851,
     1412
    ]
   }
  },
  {
   "type": "Feature",
   "geometry": {
    "type": "Polygon",
    "coordinates": [
     [
      [
       -82.4584087,
       27.9479277
      ],
      [
       -82.4584024,
       27.9479299
      ],
      [
       -82.4583974,
       27.9479186
      ],
      [
       -82.4584037,
       27.9479164
      ],
      [
       -82.4584087,
       27.9479277
      ]
     ]
    ]
   },
   "properties": {
    "text": "1",
    "id": 627,
    "tile": "r0c4",
    "rotation_view": 0,
    "in_block": true,
    "in_block_depth_px": 430,
    "surya_conf": null,
    "centre_map": [
     356528.504,
     3092289.464
    ],
    "map_epsg": 32617,
    "bbox_source_px": [
     5158,
     1380,
     5171,
     1406
    ]
   }
  },
  {
   "type": "Feature",
   "geometry": {
    "type": "Polygon",
    "coordinates": [
     [
      [
       -82.4581954,
       27.9480025
      ],
      [
       -82.4581793,
       27.9480081
      ],
      [
       -82.458163,
       27.9479713
      ],
      [
       -82.4581791,
       27.9479657
      ],
      [
       -82.4581954,
       27.9480025
      ]
     ]
    ]
   },
   "properties": {
    "text": "420",
    "id": 275,
    "tile": "r1c5",
    "rotation_view": 0,
    "in_block": true,
    "in_block_depth_px": 12,
    "surya_conf": null,
    "centre_map": [
     356550.614,
     3092296.261
    ],
    "map_epsg": 32617,
    "bbox_source_px": [
     5596,
     1379,
     5629,
     1464
    ]
   }
  },
  {
   "type": "Feature",
   "geometry": {
    "type": "Polygon",
    "coordinates": [
     [
      [
       -82.4585583,
       27.9478716
      ],
      [
       -82.4585198,
       27.947885
      ],
      [
       -82.4585123,
       27.9478681
      ],
      [
       -82.4585509,
       27.9478547
      ],
      [
       -82.4585583,
       27.9478716
      ]
     ]
    ]
   },
   "properties": {
    "text": "W.HO.",
    "id": 646,
    "tile": "r0c4",
    "rotation_view": 0,
    "in_block": true,
    "in_block_depth_px": 496,
    "surya_conf": null,
    "centre_map": [
     356515.419,
     3092283.713
    ],
    "map_epsg": 32617,
    "bbox_source_px": [
     4848,
     1388,
     4927,
     1427
    ]
   }
  },
  {
   "type": "Feature",
   "geometry": {
    "type": "Polygon",
    "coordinates": [
     [
      [
       -82.4582422,
       27.9479787
      ],
      [
       -82.4582022,
       27.9479926
      ],
      [
       -82.4581934,
       27.9479727
      ],
      [
       -82.4582334,
       27.9479588
      ],
      [
       -82.4582422,
       27.9479787
      ]
     ]
    ]
   },
   "properties": {
    "text": "Gro.",
    "id": 262,
    "tile": "r1c5",
    "rotation_view": 0,
    "in_block": true,
    "in_block_depth_px": 70,
    "surya_conf": null,
    "centre_map": [
     356546.797,
     3092295.065
    ],
    "map_epsg": 32617,
    "bbox_source_px": [
     5494,
     1394,
     5576,
     1440
    ]
   }
  },
  {
   "type": "Feature",
   "geometry": {
    "type": "Polygon",
    "coordinates": [
     [
      [
       -82.4584037,
       27.9479164
      ],
      [
       -82.4583974,
       27.9479186
      ],
      [
       -82.458393,
       27.9479087
      ],
      [
       -82.4583993,
       27.9479065
      ],
      [
       -82.4584037,
       27.9479164
      ]
     ]
    ]
   },
   "properties": {
    "text": "1",
    "id": 651,
    "tile": "r0c4",
    "rotation_view": 0,
    "in_block": true,
    "in_block_depth_px": 431,
    "surya_conf": null,
    "centre_map": [
     356528.951,
     3092288.283
    ],
    "map_epsg": 32617,
    "bbox_source_px": [
     5158,
     1406,
     5171,
     1429
    ]
   }
  },
  {
   "type": "Feature",
   "geometry": {
    "type": "Polygon",
    "coordinates": [
     [
      [
       -82.4591574,
       27.9476435
      ],
      [
       -82.4591481,
       27.9476467
      ],
      [
       -82.4591437,
       27.9476368
      ],
      [
       -82.459153,
       27.9476335
      ],
      [
       -82.4591574,
       27.9476435
      ]
     ]
    ]
   },
   "properties": {
    "text": "x",
    "id": 215,
    "tile": "r1c3",
    "rotation_view": 0,
    "in_block": true,
    "in_block_depth_px": 314,
    "surya_conf": null,
    "centre_map": [
     356454.587,
     3092258.981
    ],
    "map_epsg": 32617,
    "bbox_source_px": [
     3604,
     1427,
     3623,
     1450
    ]
   }
  },
  {
   "type": "Feature",
   "geometry": {
    "type": "Polygon",
    "coordinates": [
     [
      [
       -82.4581545,
       27.9479788
      ],
      [
       -82.4581447,
       27.9479822
      ],
      [
       -82.4581398,
       27.9479709
      ],
      [
       -82.4581495,
       27.9479675
      ],
      [
       -82.4581545,
       27.9479788
      ]
     ]
    ]
   },
   "properties": {
    "text": "0",
    "id": 173,
    "tile": "r1c5",
    "rotation_view": 0,
    "in_block": false,
    "in_block_depth_px": -44,
    "surya_conf": null,
    "centre_map": [
     356553.752,
     3092294.887
    ],
    "map_epsg": 32617,
    "bbox_source_px": [
     5650,
     1455,
     5670,
     1481
    ]
   }
  },
  {
   "type": "Feature",
   "geometry": {
    "type": "Polygon",
    "coordinates": [
     [
      [
       -82.4585826,
       27.9478132
      ],
      [
       -82.4585748,
       27.9478159
      ],
      [
       -82.4585679,
       27.9478003
      ],
      [
       -82.4585757,
       27.9477976
      ],
      [
       -82.4585826,
       27.9478132
      ]
     ]
    ]
   },
   "properties": {
    "text": "1",
    "id": 135,
    "tile": "r1c4",
    "rotation_view": 0,
    "in_block": true,
    "in_block_depth_px": 375,
    "surya_conf": null,
    "centre_map": [
     356511.409,
     3092276.768
    ],
    "map_epsg": 32617,
    "bbox_source_px": [
     4759,
     1488,
     4775,
     1524
    ]
   }
  },
  {
   "type": "Feature",
   "geometry": {
    "type": "Polygon",
    "coordinates": [
     [
      [
       -82.4585677,
       27.9478089
      ],
      [
       -82.4585619,
       27.9478109
      ],
      [
       -82.4585586,
       27.9478035
      ],
      [
       -82.4585645,
       27.9478015
      ],
      [
       -82.4585677,
       27.9478089
      ]
     ]
    ]
   },
   "properties": {
    "text": "x",
    "id": 123,
    "tile": "r1c4",
    "rotation_view": 0,
    "in_block": true,
    "in_block_depth_px": 396,
    "surya_conf": null,
    "centre_map": [
     356512.594,
     3092276.693
    ],
    "map_epsg": 32617,
    "bbox_source_px": [
     4782,
     1507,
     4794,
     1524
    ]
   }
  },
  {
   "type": "Feature",
   "geometry": {
    "type": "Polygon",
    "coordinates": [
     [
      [
       -82.458467,
       27.9478279
      ],
      [
       -82.4584602,
       27.9478303
      ],
      [
       -82.4584562,
       27.9478212
      ],
      [
       -82.458463,
       27.9478189
      ],
      [
       -82.458467,
       27.9478279
      ]
     ]
    ]
   },
   "properties": {
    "text": "1",
    "id": 131,
    "tile": "r1c4",
    "rotation_view": 0,
    "in_block": true,
    "in_block_depth_px": 426,
    "surya_conf": null,
    "centre_map": [
     356522.612,
     3092278.611
    ],
    "map_epsg": 32617,
    "bbox_source_px": [
     4976,
     1539,
     4990,
     1560
    ]
   }
  },
  {
   "type": "Feature",
   "geometry": {
    "type": "Polygon",
    "coordinates": [
     [
      [
       -82.4582057,
       27.947919
      ],
      [
       -82.4581735,
       27.9479302
      ],
      [
       -82.4581682,
       27.947918
      ],
      [
       -82.4582004,
       27.9479068
      ],
      [
       -82.4582057,
       27.947919
      ]
     ]
    ]
   },
   "properties": {
    "text": "1=3",
    "id": 96,
    "tile": "r1c5",
    "rotation_view": 0,
    "in_block": true,
    "in_block_depth_px": 51,
    "surya_conf": null,
    "centre_map": [
     356549.76,
     3092288.693
    ],
    "map_epsg": 32617,
    "bbox_source_px": [
     5512,
     1539,
     5578,
     1567
    ]
   }
  },
  {
   "type": "Feature",
   "geometry": {
    "type": "Polygon",
    "coordinates": [
     [
      [
       -82.4584384,
       27.9478369
      ],
      [
       -82.4584296,
       27.94784
      ],
      [
       -82.4584262,
       27.9478322
      ],
      [
       -82.4584349,
       27.9478291
      ],
      [
       -82.4584384,
       27.9478369
      ]
     ]
    ]
   },
   "properties": {
    "text": "x",
    "id": 206,
    "tile": "r1c4",
    "rotation_view": 0,
    "in_block": true,
    "in_block_depth_px": 423,
    "surya_conf": null,
    "centre_map": [
     356525.512,
     3092279.681
    ],
    "map_epsg": 32617,
    "bbox_source_px": [
     5034,
     1541,
     5052,
     1559
    ]
   }
  },
  {
   "type": "Feature",
   "geometry": {
    "type": "Polygon",
    "coordinates": [
     [
      [
       -82.458376,
       27.9478587
      ],
      [
       -82.4583506,
       27.9478675
      ],
      [
       -82.4583003,
       27.9477536
      ],
      [
       -82.4583257,
       27.9477448
      ],
      [
       -82.458376,
       27.9478587
      ]
     ]
    ]
   },
   "properties": {
    "text": "OPERa HO.",
    "id": 420,
    "tile": "r1c4",
    "rotation_view": 0,
    "in_block": true,
    "in_block_depth_px": 298,
    "surya_conf": null,
    "centre_map": [
     356534.735,
     3092276.422
    ],
    "map_epsg": 32617,
    "bbox_source_px": [
     5162,
     1541,
     5214,
     1804
    ]
   }
  },
  {
   "type": "Feature",
   "geometry": {
    "type": "Polygon",
    "coordinates": [
     [
      [
       -82.4581596,
       27.9479215
      ],
      [
       -82.4581435,
       27.9479271
      ],
      [
       -82.458129,
       27.9478942
      ],
      [
       -82.4581451,
       27.9478886
      ],
      [
       -82.4581596,
       27.9479215
      ]
     ]
    ]
   },
   "properties": {
    "text": "419",
    "id": 71,
    "tile": "r1c5",
    "rotation_view": 0,
    "in_block": true,
    "in_block_depth_px": 6,
    "surya_conf": null,
    "centre_map": [
     356553.943,
     3092287.466
    ],
    "map_epsg": 32617,
    "bbox_source_px": [
     5596,
     1566,
     5629,
     1642
    ]
   }
  },
  {
   "type": "Feature",
   "geometry": {
    "type": "Polygon",
    "coordinates": [
     [
      [
       -82.4585246,
       27.9477939
      ],
      [
       -82.4585075,
       27.9477999
      ],
      [
       -82.4585033,
       27.9477903
      ],
      [
       -82.4585204,
       27.9477844
      ],
      [
       -82.4585246,
       27.9477939
      ]
     ]
    ]
   },
   "properties": {
    "text": "1x",
    "id": 67,
    "tile": "r1c4",
    "rotation_view": 0,
    "in_block": true,
    "in_block_depth_px": 400,
    "surya_conf": null,
    "centre_map": [
     356517.421,
     3092275.076
    ],
    "map_epsg": 32617,
    "bbox_source_px": [
     4847,
     1567,
     4882,
     1589
    ]
   }
  },
  {
   "type": "Feature",
   "geometry": {
    "type": "Polygon",
    "coordinates": [
     [
      [
       -82.4582204,
       27.9478924
      ],
      [
       -82.458198,
       27.9479002
      ],
      [
       -82.4581607,
       27.9478157
      ],
      [
       -82.4581831,
       27.9478079
      ],
      [
       -82.4582204,
       27.9478924
      ]
     ]
    ]
   },
   "properties": {
    "text": "Hardw",
    "id": 138,
    "tile": "r1c5",
    "rotation_view": 0,
    "in_block": true,
    "in_block_depth_px": 108,
    "surya_conf": null,
    "centre_map": [
     356549.32,
     3092281.557
    ],
    "map_epsg": 32617,
    "bbox_source_px": [
     5465,
     1582,
     5511,
     1777
    ]
   }
  },
  {
   "type": "Feature",
   "geometry": {
    "type": "Polygon",
    "coordinates": [
     [
      [
       -82.4581996,
       27.9478986
      ],
      [
       -82.4581718,
       27.9479083
      ],
      [
       -82.4581435,
       27.9478442
      ],
      [
       -82.4581713,
       27.9478345
      ],
      [
       -82.4581996,
       27.9478986
      ]
     ]
    ]
   },
   "properties": {
    "text": "Grocky",
    "id": 102,
    "tile": "r1c5",
    "rotation_view": 0,
    "in_block": true,
    "in_block_depth_px": 60,
    "surya_conf": null,
    "centre_map": [
     356551.217,
     3092283.459
    ],
    "map_epsg": 32617,
    "bbox_source_px": [
     5507,
     1584,
     5564,
     1732
    ]
   }
  },
  {
   "type": "Feature",
   "geometry": {
    "type": "Polygon",
    "coordinates": [
     [
      [
       -82.4589656,
       27.9476258
      ],
      [
       -82.4589486,
       27.9476318
      ],
      [
       -82.4589266,
       27.947582
      ],
      [
       -82.4589436,
       27.947576
      ],
      [
       -82.4589656,
       27.9476258
      ]
     ]
    ]
   },
   "properties": {
    "text": "308",
    "id": 115,
    "tile": "r1c3",
    "rotation_view": 0,
    "in_block": true,
    "in_block_depth_px": 10,
    "surya_conf": null,
    "centre_map": [
     356474.653,
     3092254.73
    ],
    "map_epsg": 32617,
    "bbox_source_px": [
     3931,
     1596,
     3966,
     1711
    ]
   }
  },
  {
   "type": "Feature",
   "geometry": {
    "type": "Polygon",
    "coordinates": [
     [
      [
       -82.4583913,
       27.9478259
      ],
      [
       -82.4583772,
       27.9478308
      ],
      [
       -82.4583676,
       27.9478091
      ],
      [
       -82.4583817,
       27.9478042
      ],
      [
       -82.4583913,
       27.9478259
      ]
     ]
    ]
   },
   "properties": {
    "text": "2\u00bd",
    "id": 330,
    "tile": "r1c4",
    "rotation_view": 0,
    "in_block": true,
    "in_block_depth_px": 351,
    "surya_conf": null,
    "centre_map": [
     356530.687,
     3092277.728
    ],
    "map_epsg": 32617,
    "bbox_source_px": [
     5109,
     1596,
     5138,
     1646
    ]
   }
  },
  {
   "type": "Feature",
   "geometry": {
    "type": "Polygon",
    "coordinates": [
     [
      [
       -82.4590474,
       27.9475919
      ],
      [
       -82.4590347,
       27.9475963
      ],
      [
       -82.4590288,
       27.9475829
      ],
      [
       -82.4590415,
       27.9475785
      ],
      [
       -82.4590474,
       27.9475919
      ]
     ]
    ]
   },
   "properties": {
    "text": "1",
    "id": 39,
    "tile": "r1c3",
    "rotation_view": 0,
    "in_block": true,
    "in_block_depth_px": 159,
    "surya_conf": null,
    "centre_map": [
     356465.582,
     3092253.005
    ],
    "map_epsg": 32617,
    "bbox_source_px": [
     3759,
     1607,
     3785,
     1638
    ]
   }
  },
  {
   "type": "Feature",
   "geometry": {
    "type": "Polygon",
    "coordinates": [
     [
      [
       -82.4599193,
       27.9472837
      ],
      [
       -82.4599081,
       27.9472876
      ],
      [
       -82.4599037,
       27.9472777
      ],
      [
       -82.4599149,
       27.9472737
      ],
      [
       -82.4599193,
       27.9472837
      ]
     ]
    ]
   },
   "properties": {
    "text": "x",
    "id": 139,
    "tile": "r1c1",
    "rotation_view": 0,
    "in_block": true,
    "in_block_depth_px": 44,
    "surya_conf": null,
    "centre_map": [
     356379.239,
     3092220.051
    ],
    "map_epsg": 32617,
    "bbox_source_px": [
     1967,
     1616,
     1990,
     1639
    ]
   }
  },
  {
   "type": "Feature",
   "geometry": {
    "type": "Polygon",
    "coordinates": [
     [
      [
       -82.4584452,
       27.9477911
      ],
      [
       -82.4584383,
       27.9477935
      ],
      [
       -82.4584341,
       27.947784
      ],
      [
       -82.4584409,
       27.9477816
      ],
      [
       -82.4584452,
       27.9477911
      ]
     ]
    ]
   },
   "properties": {
    "text": "1",
    "id": 145,
    "tile": "r1c4",
    "rotation_view": 0,
    "in_block": true,
    "in_block_depth_px": 336,
    "surya_conf": null,
    "centre_map": [
     356524.726,
     3092274.48
    ],
    "map_epsg": 32617,
    "bbox_source_px": [
     4986,
     1628,
     5000,
     1650
    ]
   }
  },
  {
   "type": "Feature",
   "geometry": {
    "type": "Polygon",
    "coordinates": [
     [
      [
       -82.4587501,
       27.9476829
      ],
      [
       -82.458735,
       27.9476882
      ],
      [
       -82.4587222,
       27.9476592
      ],
      [
       -82.4587373,
       27.9476539
      ],
      [
       -82.4587501,
       27.9476829
      ]
     ]
    ]
   },
   "properties": {
    "text": "2\u00bd",
    "id": 272,
    "tile": "r1c4",
    "rotation_view": 0,
    "in_block": true,
    "in_block_depth_px": 8,
    "surya_conf": null,
    "centre_map": [
     356495.402,
     3092261.922
    ],
    "map_epsg": 32617,
    "bbox_source_px": [
     4359,
     1632,
     4390,
     1699
    ]
   }
  },
  {
   "type": "Feature",
   "geometry": {
    "type": "Polygon",
    "coordinates": [
     [
      [
       -82.4583283,
       27.9478208
      ],
      [
       -82.4583088,
       27.9478276
      ],
      [
       -82.4582966,
       27.9477999
      ],
      [
       -82.4583161,
       27.9477931
      ],
      [
       -82.4583283,
       27.9478208
      ]
     ]
    ]
   },
   "properties": {
    "text": "2\u00bd",
    "id": 481,
    "tile": "r1c4",
    "rotation_view": 0,
    "in_block": true,
    "in_block_depth_px": 288,
    "surya_conf": null,
    "centre_map": [
     356537.269,
     3092276.858
    ],
    "map_epsg": 32617,
    "bbox_source_px": [
     5217,
     1650,
     5257,
     1714
    ]
   }
  },
  {
   "type": "Feature",
   "geometry": {
    "type": "Polygon",
    "coordinates": [
     [
      [
       -82.4584354,
       27.947778
      ],
      [
       -82.4584271,
       27.9477809
      ],
      [
       -82.4584237,
       27.9477731
      ],
      [
       -82.458432,
       27.9477702
      ],
      [
       -82.4584354,
       27.947778
      ]
     ]
    ]
   },
   "properties": {
    "text": "x",
    "id": 153,
    "tile": "r1c4",
    "rotation_view": 0,
    "in_block": true,
    "in_block_depth_px": 304,
    "surya_conf": null,
    "centre_map": [
     356525.701,
     3092273.141
    ],
    "map_epsg": 32617,
    "bbox_source_px": [
     4993,
     1661,
     5010,
     1679
    ]
   }
  },
  {
   "type": "Feature",
   "geometry": {
    "type": "Polygon",
    "coordinates": [
     [
      [
       -82.4583735,
       27.9477856
      ],
      [
       -82.4583574,
       27.9477912
      ],
      [
       -82.458341,
       27.947754
      ],
      [
       -82.4583571,
       27.9477484
      ],
      [
       -82.4583735,
       27.9477856
      ]
     ]
    ]
   },
   "properties": {
    "text": "STAGE",
    "id": 334,
    "tile": "r1c4",
    "rotation_view": 0,
    "in_block": true,
    "in_block_depth_px": 240,
    "surya_conf": null,
    "centre_map": [
     356532.808,
     3092272.415
    ],
    "map_epsg": 32617,
    "bbox_source_px": [
     5109,
     1689,
     5142,
     1775
    ]
   }
  },
  {
   "type": "Feature",
   "geometry": {
    "type": "Polygon",
    "coordinates": [
     [
      [
       -82.4581325,
       27.9478601
      ],
      [
       -82.4581164,
       27.9478657
      ],
      [
       -82.4581026,
       27.9478345
      ],
      [
       -82.4581187,
       27.9478289
      ],
      [
       -82.4581325,
       27.9478601
      ]
     ]
    ]
   },
   "properties": {
    "text": "418",
    "id": 36,
    "tile": "r1c5",
    "rotation_view": 0,
    "in_block": true,
    "in_block_depth_px": 8,
    "surya_conf": null,
    "centre_map": [
     356556.497,
     3092280.719
    ],
    "map_epsg": 32617,
    "bbox_source_px": [
     5596,
     1708,
     5629,
     1780
    ]
   }
  },
  {
   "type": "Feature",
   "geometry": {
    "type": "Polygon",
    "coordinates": [
     [
      [
       -82.4598734,
       27.9472447
      ],
      [
       -82.459793,
       27.9472728
      ],
      [
       -82.459785,
       27.9472546
      ],
      [
       -82.4598654,
       27.9472266
      ],
      [
       -82.4598734,
       27.9472447
      ]
     ]
    ]
   },
   "properties": {
    "text": "H.R.Offs.",
    "id": 390,
    "tile": "r1c1",
    "rotation_view": 0,
    "in_block": true,
    "in_block_depth_px": 111,
    "surya_conf": null,
    "centre_map": [
     356387.298,
     3092216.518
    ],
    "map_epsg": 32617,
    "bbox_source_px": [
     2018,
     1726,
     2183,
     1768
    ]
   }
  },
  {
   "type": "Feature",
   "geometry": {
    "type": "Polygon",
    "coordinates": [
     [
      [
       -82.4590243,
       27.947541
      ],
      [
       -82.4590151,
       27.9475442
      ],
      [
       -82.4590112,
       27.9475355
      ],
      [
       -82.4590205,
       27.9475323
      ],
      [
       -82.4590243,
       27.947541
      ]
     ]
    ]
   },
   "properties": {
    "text": "x",
    "id": 2,
    "tile": "r1c3",
    "rotation_view": 0,
    "in_block": true,
    "in_block_depth_px": 160,
    "surya_conf": null,
    "centre_map": [
     356467.513,
     3092247.538
    ],
    "map_epsg": 32617,
    "bbox_source_px": [
     3760,
     1725,
     3779,
     1745
    ]
   }
  },
  {
   "type": "Feature",
   "geometry": {
    "type": "Polygon",
    "coordinates": [
     [
      [
       -82.4584594,
       27.9477317
      ],
      [
       -82.4584516,
       27.9477344
      ],
      [
       -82.4584478,
       27.9477258
      ],
      [
       -82.4584556,
       27.947723
      ],
      [
       -82.4584594,
       27.9477317
      ]
     ]
    ]
   },
   "properties": {
    "text": "1",
    "id": 80,
    "tile": "r1c4",
    "rotation_view": 0,
    "in_block": true,
    "in_block_depth_px": 230,
    "surya_conf": null,
    "centre_map": [
     356523.274,
     3092267.98
    ],
    "map_epsg": 32617,
    "bbox_source_px": [
     4914,
     1737,
     4930,
     1757
    ]
   }
  },
  {
   "type": "Feature",
   "geometry": {
    "type": "Polygon",
    "coordinates": [
     [
      [
       -82.4584253,
       27.9477436
      ],
      [
       -82.458418,
       27.9477461
      ],
      [
       -82.4584141,
       27.9477375
      ],
      [
       -82.4584215,
       27.9477349
      ],
      [
       -82.4584253,
       27.9477436
      ]
     ]
    ]
   },
   "properties": {
    "text": "1",
    "id": 141,
    "tile": "r1c4",
    "rotation_view": 0,
    "in_block": true,
    "in_block_depth_px": 228,
    "surya_conf": null,
    "centre_map": [
     356526.624,
     3092269.248
    ],
    "map_epsg": 32617,
    "bbox_source_px": [
     4984,
     1737,
     4999,
     1757
    ]
   }
  },
  {
   "type": "Feature",
   "geometry": {
    "type": "Polygon",
    "coordinates": [
     [
      [
       -82.4584429,
       27.9477364
      ],
      [
       -82.4584347,
       27.9477393
      ],
      [
       -82.4584312,
       27.9477315
      ],
      [
       -82.4584395,
       27.9477286
      ],
      [
       -82.4584429,
       27.9477364
      ]
     ]
    ]
   },
   "properties": {
    "text": "x",
    "id": 111,
    "tile": "r1c4",
    "rotation_view": 0,
    "in_block": true,
    "in_block_depth_px": 228,
    "surya_conf": null,
    "centre_map": [
     356524.907,
     3092268.543
    ],
    "map_epsg": 32617,
    "bbox_source_px": [
     4947,
     1739,
     4964,
     1757
    ]
   }
  },
  {
   "type": "Feature",
   "geometry": {
    "type": "Polygon",
    "coordinates": [
     [
      [
       -82.4584,
       27.9477499
      ],
      [
       -82.4583912,
       27.947753
      ],
      [
       -82.4583883,
       27.9477465
      ],
      [
       -82.4583971,
       27.9477434
      ],
      [
       -82.4584,
       27.9477499
      ]
     ]
    ]
   },
   "properties": {
    "text": "x",
    "id": 207,
    "tile": "r1c4",
    "rotation_view": 0,
    "in_block": true,
    "in_block_depth_px": 224,
    "surya_conf": null,
    "centre_map": [
     356529.151,
     3092270.067
    ],
    "map_epsg": 32617,
    "bbox_source_px": [
     5034,
     1742,
     5052,
     1757
    ]
   }
  },
  {
   "type": "Feature",
   "geometry": {
    "type": "Polygon",
    "coordinates": [
     [
      [
       -82.4591442,
       27.9474862
      ],
      [
       -82.4591373,
       27.9474886
      ],
      [
       -82.4591343,
       27.9474817
      ],
      [
       -82.4591411,
       27.9474793
      ],
      [
       -82.4591442,
       27.9474862
      ]
     ]
    ]
   },
   "properties": {
    "text": "x",
    "id": 99,
    "tile": "r1c3",
    "rotation_view": 0,
    "in_block": true,
    "in_block_depth_px": 230,
    "surya_conf": null,
    "centre_map": [
     356455.493,
     3092241.666
    ],
    "map_epsg": 32617,
    "bbox_source_px": [
     3504,
     1751,
     3518,
     1767
    ]
   }
  },
  {
   "type": "Feature",
   "geometry": {
    "type": "Polygon",
    "coordinates": [
     [
      [
       -82.4584941,
       27.9476791
      ],
      [
       -82.4584727,
       27.9476866
      ],
      [
       -82.4584438,
       27.9476212
      ],
      [
       -82.4584653,
       27.9476138
      ],
      [
       -82.4584941,
       27.9476791
      ]
     ]
    ]
   },
   "properties": {
    "text": "Barbi's",
    "id": 89,
    "tile": "r1c4",
    "rotation_view": 0,
    "in_block": true,
    "in_block_depth_px": 90,
    "surya_conf": null,
    "centre_map": [
     356521.657,
     3092259.297
    ],
    "map_epsg": 32617,
    "bbox_source_px": [
     4811,
     1818,
     4855,
     1969
    ]
   }
  },
  {
   "type": "Feature",
   "geometry": {
    "type": "Polygon",
    "coordinates": [
     [
      [
       -82.4589198,
       27.9475259
      ],
      [
       -82.4589042,
       27.9475313
      ],
      [
       -82.4588881,
       27.947495
      ],
      [
       -82.4589037,
       27.9474895
      ],
      [
       -82.4589198,
       27.9475259
      ]
     ]
    ]
   },
   "properties": {
    "text": "308",
    "id": 116,
    "tile": "r1c3",
    "rotation_view": 0,
    "in_block": true,
    "in_block_depth_px": 8,
    "surya_conf": null,
    "centre_map": [
     356478.674,
     3092244.324
    ],
    "map_epsg": 32617,
    "bbox_source_px": [
     3934,
     1828,
     3966,
     1912
    ]
   }
  },
  {
   "type": "Feature",
   "geometry": {
    "type": "Polygon",
    "coordinates": [
     [
      [
       -82.4590227,
       27.9474851
      ],
      [
       -82.4589676,
       27.9475043
      ],
      [
       -82.4589596,
       27.9474861
      ],
      [
       -82.4590147,
       27.9474669
      ],
      [
       -82.4590227,
       27.9474851
      ]
     ]
    ]
   },
   "properties": {
    "text": "Fruit",
    "id": 30,
    "tile": "r1c3",
    "rotation_view": 0,
    "in_block": true,
    "in_block_depth_px": 128,
    "surya_conf": null,
    "centre_map": [
     356470.064,
     3092241.671
    ],
    "map_epsg": 32617,
    "bbox_source_px": [
     3719,
     1838,
     3832,
     1880
    ]
   }
  },
  {
   "type": "Feature",
   "geometry": {
    "type": "Polygon",
    "coordinates": [
     [
      [
       -82.4583973,
       27.9477019
      ],
      [
       -82.4583798,
       27.947708
      ],
      [
       -82.4583557,
       27.9476534
      ],
      [
       -82.4583732,
       27.9476473
      ],
      [
       -82.4583973,
       27.9477019
      ]
     ]
    ]
   },
   "properties": {
    "text": "Tobacco",
    "id": 185,
    "tile": "r1c4",
    "rotation_view": 0,
    "in_block": true,
    "in_block_depth_px": 71,
    "surya_conf": null,
    "centre_map": [
     356530.794,
     3092262.231
    ],
    "map_epsg": 32617,
    "bbox_source_px": [
     5001,
     1840,
     5037,
     1966
    ]
   }
  },
  {
   "type": "Feature",
   "geometry": {
    "type": "Polygon",
    "coordinates": [
     [
      [
       -82.4583905,
       27.9477043
      ],
      [
       -82.4583837,
       27.9477066
      ],
      [
       -82.4583796,
       27.9476975
      ],
      [
       -82.4583865,
       27.9476952
      ],
      [
       -82.4583905,
       27.9477043
      ]
     ]
    ]
   },
   "properties": {
    "text": "D",
    "id": 677,
    "tile": "r1c5",
    "rotation_view": 0,
    "in_block": true,
    "in_block_depth_px": 123,
    "surya_conf": null,
    "centre_map": [
     356529.981,
     3092264.816
    ],
    "map_epsg": 32617,
    "bbox_source_px": [
     5015,
     1840,
     5029,
     1861
    ]
   }
  },
  {
   "type": "Feature",
   "geometry": {
    "type": "Polygon",
    "coordinates": [
     [
      [
       -82.4581237,
       27.9477957
      ],
      [
       -82.4581115,
       27.9477999
      ],
      [
       -82.4581052,
       27.9477856
      ],
      [
       -82.4581174,
       27.9477814
      ],
      [
       -82.4581237,
       27.9477957
      ]
     ]
    ]
   },
   "properties": {
    "text": "2",
    "id": 48,
    "tile": "r1c5",
    "rotation_view": 0,
    "in_block": true,
    "in_block_depth_px": 24,
    "surya_conf": null,
    "centre_map": [
     356556.724,
     3092274.442
    ],
    "map_epsg": 32617,
    "bbox_source_px": [
     5561,
     1843,
     5586,
     1876
    ]
   }
  },
  {
   "type": "Feature",
   "geometry": {
    "type": "Polygon",
    "coordinates": [
     [
      [
       -82.4581824,
       27.9477732
      ],
      [
       -82.4581356,
       27.9477895
      ],
      [
       -82.4581276,
       27.9477713
      ],
      [
       -82.4581744,
       27.947755
      ],
      [
       -82.4581824,
       27.9477732
      ]
     ]
    ]
   },
   "properties": {
    "text": "Grocky",
    "id": 167,
    "tile": "r1c5",
    "rotation_view": 0,
    "in_block": true,
    "in_block_depth_px": 93,
    "surya_conf": null,
    "centre_map": [
     356552.71,
     3092272.454
    ],
    "map_epsg": 32617,
    "bbox_source_px": [
     5439,
     1847,
     5535,
     1889
    ]
   }
  },
  {
   "type": "Feature",
   "geometry": {
    "type": "Polygon",
    "coordinates": [
     [
      [
       -82.4598726,
       27.9471831
      ],
      [
       -82.4598634,
       27.9471863
      ],
      [
       -82.459859,
       27.9471763
      ],
      [
       -82.4598682,
       27.9471731
      ],
      [
       -82.4598726,
       27.9471831
      ]
     ]
    ]
   },
   "properties": {
    "text": "x",
    "id": 140,
    "tile": "r1c1",
    "rotation_view": 0,
    "in_block": true,
    "in_block_depth_px": 25,
    "surya_conf": null,
    "centre_map": [
     356383.604,
     3092208.811
    ],
    "map_epsg": 32617,
    "bbox_source_px": [
     1971,
     1850,
     1990,
     1873
    ]
   }
  },
  {
   "type": "Feature",
   "geometry": {
    "type": "Polygon",
    "coordinates": [
     [
      [
       -82.4585293,
       27.9476504
      ],
      [
       -82.4585103,
       27.947657
      ],
      [
       -82.4584877,
       27.947606
      ],
      [
       -82.4585067,
       27.9475993
      ],
      [
       -82.4585293,
       27.9476504
      ]
     ]
    ]
   },
   "properties": {
    "text": "Meat",
    "id": 90,
    "tile": "r1c4",
    "rotation_view": 0,
    "in_block": true,
    "in_block_depth_px": 70,
    "surya_conf": null,
    "centre_map": [
     356517.741,
     3092256.906
    ],
    "map_epsg": 32617,
    "bbox_source_px": [
     4726,
     1851,
     4765,
     1969
    ]
   }
  },
  {
   "type": "Feature",
   "geometry": {
    "type": "Polygon",
    "coordinates": [
     [
      [
       -82.4581034,
       27.9477942
      ],
      [
       -82.4580863,
       27.9478002
      ],
      [
       -82.4580726,
       27.947769
      ],
      [
       -82.4580896,
       27.9477631
      ],
      [
       -82.4581034,
       27.9477942
      ]
     ]
    ]
   },
   "properties": {
    "text": "477",
    "id": 56,
    "tile": "r1c5",
    "rotation_view": 0,
    "in_block": true,
    "in_block_depth_px": 3,
    "surya_conf": null,
    "centre_map": [
     356559.317,
     3092273.412
    ],
    "map_epsg": 32617,
    "bbox_source_px": [
     5596,
     1860,
     5631,
     1932
    ]
   }
  },
  {
   "type": "Feature",
   "geometry": {
    "type": "Polygon",
    "coordinates": [
     [
      [
       -82.4584271,
       27.94767
      ],
      [
       -82.4584086,
       27.9476765
      ],
      [
       -82.4583935,
       27.9476423
      ],
      [
       -82.458412,
       27.9476358
      ],
      [
       -82.4584271,
       27.94767
      ]
     ]
    ]
   },
   "properties": {
    "text": "Vac.",
    "id": 108,
    "tile": "r1c4",
    "rotation_view": 0,
    "in_block": true,
    "in_block_depth_px": 54,
    "surya_conf": null,
    "centre_map": [
     356527.439,
     3092259.887
    ],
    "map_epsg": 32617,
    "bbox_source_px": [
     4923,
     1883,
     4961,
     1962
    ]
   }
  },
  {
   "type": "Feature",
   "geometry": {
    "type": "Polygon",
    "coordinates": [
     [
      [
       -82.4581881,
       27.9477517
      ],
      [
       -82.4581174,
       27.9477764
      ],
      [
       -82.4581092,
       27.9477577
      ],
      [
       -82.4581799,
       27.9477331
      ],
      [
       -82.4581881,
       27.9477517
      ]
     ]
    ]
   },
   "properties": {
    "text": "& Bancry",
    "id": 203,
    "tile": "r1c5",
    "rotation_view": 0,
    "in_block": true,
    "in_block_depth_px": 54,
    "surya_conf": null,
    "centre_map": [
     356553.31,
     3092270.505
    ],
    "map_epsg": 32617,
    "bbox_source_px": [
     5412,
     1886,
     5557,
     1929
    ]
   }
  },
  {
   "type": "Feature",
   "geometry": {
    "type": "Polygon",
    "coordinates": [
     [
      [
       -82.4595227,
       27.947285
      ],
      [
       -82.4593038,
       27.9473612
      ],
      [
       -82.4592937,
       27.9473382
      ],
      [
       -82.4595126,
       27.947262
      ],
      [
       -82.4595227,
       27.947285
      ]
     ]
    ]
   },
   "properties": {
    "text": "HILLSBOROUGH HO.",
    "id": 314,
    "tile": "r1c2",
    "rotation_view": 0,
    "in_block": true,
    "in_block_depth_px": 77,
    "surya_conf": null,
    "centre_map": [
     356428.8,
     3092222.886
    ],
    "map_epsg": 32617,
    "bbox_source_px": [
     2673,
     1890,
     3122,
     1943
    ]
   }
  },
  {
   "type": "Feature",
   "geometry": {
    "type": "Polygon",
    "coordinates": [
     [
      [
       -82.4593589,
       27.947342
      ],
      [
       -82.4593038,
       27.9473612
      ],
      [
       -82.4592945,
       27.94734
      ],
      [
       -82.4593496,
       27.9473208
      ],
      [
       -82.4593589,
       27.947342
      ]
     ]
    ]
   },
   "properties": {
    "text": "HHo.",
    "id": 676,
    "tile": "r1c3",
    "rotation_view": 0,
    "in_block": true,
    "in_block_depth_px": 77,
    "surya_conf": null,
    "centre_map": [
     356436.859,
     3092226.046
    ],
    "map_epsg": 32617,
    "bbox_source_px": [
     3009,
     1890,
     3122,
     1939
    ]
   }
  },
  {
   "type": "Feature",
   "geometry": {
    "type": "Polygon",
    "coordinates": [
     [
      [
       -82.4591059,
       27.9474251
      ],
      [
       -82.4590733,
       27.9474365
      ],
      [
       -82.4590677,
       27.9474239
      ],
      [
       -82.4591004,
       27.9474126
      ],
      [
       -82.4591059,
       27.9474251
      ]
     ]
    ]
   },
   "properties": {
    "text": "OFF",
    "id": 79,
    "tile": "r1c3",
    "rotation_view": 0,
    "in_block": true,
    "in_block_depth_px": 79,
    "surya_conf": null,
    "centre_map": [
     356460.57,
     3092235.02
    ],
    "map_epsg": 32617,
    "bbox_source_px": [
     3524,
     1900,
     3591,
     1929
    ]
   }
  },
  {
   "type": "Feature",
   "geometry": {
    "type": "Polygon",
    "coordinates": [
     [
      [
       -82.4583044,
       27.9476992
      ],
      [
       -82.4582299,
       27.9477252
      ],
      [
       -82.4582199,
       27.9477027
      ],
      [
       -82.4582945,
       27.9476767
      ],
      [
       -82.4583044,
       27.9476992
      ]
     ]
    ]
   },
   "properties": {
    "text": "2 Confec.",
    "id": 539,
    "tile": "r1c5",
    "rotation_view": 0,
    "in_block": true,
    "in_block_depth_px": 36,
    "surya_conf": null,
    "centre_map": [
     356542.071,
     3092264.681
    ],
    "map_epsg": 32617,
    "bbox_source_px": [
     5164,
     1910,
     5317,
     1962
    ]
   }
  },
  {
   "type": "Feature",
   "geometry": {
    "type": "Polygon",
    "coordinates": [
     [
      [
       -82.4589648,
       27.9474673
      ],
      [
       -82.458957,
       27.94747
      ],
      [
       -82.4589534,
       27.9474618
      ],
      [
       -82.4589612,
       27.9474591
      ],
      [
       -82.4589648,
       27.9474673
      ]
     ]
    ]
   },
   "properties": {
    "text": "x",
    "id": 57,
    "tile": "r1c3",
    "rotation_view": 0,
    "in_block": true,
    "in_block_depth_px": 63,
    "surya_conf": null,
    "centre_map": [
     356473.192,
     3092239.301
    ],
    "map_epsg": 32617,
    "bbox_source_px": [
     3808,
     1914,
     3824,
     1933
    ]
   }
  },
  {
   "type": "Feature",
   "geometry": {
    "type": "Polygon",
    "coordinates": [
     [
      [
       -82.4589404,
       27.9474758
      ],
      [
       -82.4589321,
       27.9474787
      ],
      [
       -82.4589283,
       27.94747
      ],
      [
       -82.4589366,
       27.9474671
      ],
      [
       -82.4589404,
       27.9474758
      ]
     ]
    ]
   },
   "properties": {
    "text": "x",
    "id": 62,
    "tile": "r1c3",
    "rotation_view": 0,
    "in_block": true,
    "in_block_depth_px": 62,
    "surya_conf": null,
    "centre_map": [
     356475.635,
     3092240.198
    ],
    "map_epsg": 32617,
    "bbox_source_px": [
     3858,
     1914,
     3875,
     1934
    ]
   }
  },
  {
   "type": "Feature",
   "geometry": {
    "type": "Polygon",
    "coordinates": [
     [
      [
       -82.4598351,
       27.9471617
      ],
      [
       -82.4598224,
       27.9471661
      ],
      [
       -82.459817,
       27.947154
      ],
      [
       -82.4598297,
       27.9471496
      ],
      [
       -82.4598351,
       27.9471617
      ]
     ]
    ]
   },
   "properties": {
    "text": "2",
    "id": 214,
    "tile": "r1c1",
    "rotation_view": 0,
    "in_block": false,
    "in_block_depth_px": -46,
    "surya_conf": null,
    "centre_map": [
     356387.486,
     3092206.341
    ],
    "map_epsg": 32617,
    "bbox_source_px": [
     2021,
     1919,
     2047,
     1947
    ]
   }
  },
  {
   "type": "Feature",
   "geometry": {
    "type": "Polygon",
    "coordinates": [
     [
      [
       -82.4597527,
       27.9471879
      ],
      [
       -82.4597415,
       27.9471918
      ],
      [
       -82.4597367,
       27.947181
      ],
      [
       -82.4597479,
       27.9471771
      ],
      [
       -82.4597527,
       27.9471879
      ]
     ]
    ]
   },
   "properties": {
    "text": "0",
    "id": 424,
    "tile": "r1c1",
    "rotation_view": 0,
    "in_block": false,
    "in_block_depth_px": -47,
    "surya_conf": null,
    "centre_map": [
     356395.526,
     3092209.191
    ],
    "map_epsg": 32617,
    "bbox_source_px": [
     2188,
     1924,
     2211,
     1949
    ]
   }
  },
  {
   "type": "Feature",
   "geometry": {
    "type": "Polygon",
    "coordinates": [
     [
      [
       -82.4590712,
       27.9474242
      ],
      [
       -82.4590634,
       27.9474269
      ],
      [
       -82.4590602,
       27.9474196
      ],
      [
       -82.459068,
       27.9474169
      ],
      [
       -82.4590712,
       27.9474242
      ]
     ]
    ]
   },
   "properties": {
    "text": "x",
    "id": 70,
    "tile": "r1c3",
    "rotation_view": 0,
    "in_block": true,
    "in_block_depth_px": 55,
    "surya_conf": null,
    "centre_map": [
     356462.646,
     3092234.704
    ],
    "map_epsg": 32617,
    "bbox_source_px": [
     3585,
     1926,
     3601,
     1943
    ]
   }
  },
  {
   "type": "Feature",
   "geometry": {
    "type": "Polygon",
    "coordinates": [
     [
      [
       -82.4581021,
       27.9477582
      ],
      [
       -82.4580933,
       27.9477613
      ],
      [
       -82.4580903,
       27.9477544
      ],
      [
       -82.4580991,
       27.9477513
      ],
      [
       -82.4581021,
       27.9477582
      ]
     ]
    ]
   },
   "properties": {
    "text": "X",
    "id": 74,
    "tile": "r1c5",
    "rotation_view": 0,
    "in_block": true,
    "in_block_depth_px": 17,
    "surya_conf": null,
    "centre_map": [
     356558.475,
     3092270.614
    ],
    "map_epsg": 32617,
    "bbox_source_px": [
     5570,
     1933,
     5588,
     1949
    ]
   }
  },
  {
   "type": "Feature",
   "geometry": {
    "type": "Polygon",
    "coordinates": [
     [
      [
       -82.4584459,
       27.9476335
      ],
      [
       -82.458439,
       27.9476359
      ],
      [
       -82.4584354,
       27.9476277
      ],
      [
       -82.4584422,
       27.9476253
      ],
      [
       -82.4584459,
       27.9476335
      ]
     ]
    ]
   },
   "properties": {
    "text": "x",
    "id": 84,
    "tile": "r1c4",
    "rotation_view": 0,
    "in_block": true,
    "in_block_depth_px": 26,
    "surya_conf": null,
    "centre_map": [
     356524.42,
     3092257.092
    ],
    "map_epsg": 32617,
    "bbox_source_px": [
     4861,
     1943,
     4875,
     1962
    ]
   }
  },
  {
   "type": "Feature",
   "geometry": {
    "type": "Polygon",
    "coordinates": [
     [
      [
       -82.4583615,
       27.9476629
      ],
      [
       -82.4583542,
       27.9476654
      ],
      [
       -82.4583506,
       27.9476572
      ],
      [
       -82.4583579,
       27.9476547
      ],
      [
       -82.4583615,
       27.9476629
      ]
     ]
    ]
   },
   "properties": {
    "text": "x",
    "id": 202,
    "tile": "r1c4",
    "rotation_view": 0,
    "in_block": true,
    "in_block_depth_px": 21,
    "surya_conf": null,
    "centre_map": [
     356532.782,
     3092260.256
    ],
    "map_epsg": 32617,
    "bbox_source_px": [
     5034,
     1943,
     5049,
     1962
    ]
   }
  },
  {
   "type": "Feature",
   "geometry": {
    "type": "Polygon",
    "coordinates": [
     [
      [
       -82.458488,
       27.9476168
      ],
      [
       -82.4584802,
       27.9476196
      ],
      [
       -82.4584766,
       27.9476113
      ],
      [
       -82.4584844,
       27.9476086
      ],
      [
       -82.458488,
       27.9476168
      ]
     ]
    ]
   },
   "properties": {
    "text": "x",
    "id": 86,
    "tile": "r1c4",
    "rotation_view": 0,
    "in_block": true,
    "in_block_depth_px": 24,
    "surya_conf": null,
    "centre_map": [
     356520.3,
     3092255.312
    ],
    "map_epsg": 32617,
    "bbox_source_px": [
     4773,
     1947,
     4789,
     1966
    ]
   }
  },
  {
   "type": "Feature",
   "geometry": {
    "type": "Polygon",
    "coordinates": [
     [
      [
       -82.4598003,
       27.9471568
      ],
      [
       -82.4597632,
       27.9471697
      ],
      [
       -82.4597558,
       27.9471528
      ],
      [
       -82.4597928,
       27.9471399
      ],
      [
       -82.4598003,
       27.9471568
      ]
     ]
    ]
   },
   "properties": {
    "text": "10-7",
    "id": 358,
    "tile": "r1c1",
    "rotation_view": 0,
    "in_block": false,
    "in_block_depth_px": -84,
    "surya_conf": null,
    "centre_map": [
     356392.206,
     3092205.951
    ],
    "map_epsg": 32617,
    "bbox_source_px": [
     2079,
     1953,
     2155,
     1992
    ]
   }
  },
  {
   "type": "Feature",
   "geometry": {
    "type": "Polygon",
    "coordinates": [
     [
      [
       -82.459067,
       27.9474122
      ],
      [
       -82.4590573,
       27.9474156
      ],
      [
       -82.4590536,
       27.9474074
      ],
      [
       -82.4590634,
       27.947404
      ],
      [
       -82.459067,
       27.9474122
      ]
     ]
    ]
   },
   "properties": {
    "text": "x",
    "id": 92,
    "tile": "r1c3",
    "rotation_view": 0,
    "in_block": true,
    "in_block_depth_px": 27,
    "surya_conf": null,
    "centre_map": [
     356463.157,
     3092233.354
    ],
    "map_epsg": 32617,
    "bbox_source_px": [
     3583,
     1953,
     3603,
     1972
    ]
   }
  },
  {
   "type": "Feature",
   "geometry": {
    "type": "Polygon",
    "coordinates": [
     [
      [
       -82.4588513,
       27.9474803
      ],
      [
       -82.4588196,
       27.9474914
      ],
      [
       -82.4588143,
       27.9474792
      ],
      [
       -82.4588459,
       27.9474682
      ],
      [
       -82.4588513,
       27.9474803
      ]
     ]
    ]
   },
   "properties": {
    "text": "D.H.",
    "id": 258,
    "tile": "r1c3",
    "rotation_view": 0,
    "in_block": false,
    "in_block_depth_px": -126,
    "surya_conf": null,
    "centre_map": [
     356485.639,
     3092240.844
    ],
    "map_epsg": 32617,
    "bbox_source_px": [
     4020,
     1967,
     4085,
     1995
    ]
   }
  },
  {
   "type": "Feature",
   "geometry": {
    "type": "Polygon",
    "coordinates": [
     [
      [
       -82.4582675,
       27.9476792
      ],
      [
       -82.458247,
       27.9476863
      ],
      [
       -82.4582414,
       27.9476737
      ],
      [
       -82.4582619,
       27.9476666
      ],
      [
       -82.4582675,
       27.9476792
      ]
     ]
    ]
   },
   "properties": {
    "text": "B.",
    "id": 468,
    "tile": "r1c5",
    "rotation_view": 0,
    "in_block": false,
    "in_block_depth_px": -13,
    "surya_conf": null,
    "centre_map": [
     356542.8,
     3092261.954
    ],
    "map_epsg": 32617,
    "bbox_source_px": [
     5214,
     1976,
     5256,
     2005
    ]
   }
  },
  {
   "type": "Feature",
   "geometry": {
    "type": "Polygon",
    "coordinates": [
     [
      [
       -82.4584641,
       27.9476087
      ],
      [
       -82.4584354,
       27.9476187
      ],
      [
       -82.4584298,
       27.9476061
      ],
      [
       -82.4584586,
       27.9475961
      ],
      [
       -82.4584641,
       27.9476087
      ]
     ]
    ]
   },
   "properties": {
    "text": "106",
    "id": 127,
    "tile": "r1c4",
    "rotation_view": 0,
    "in_block": true,
    "in_block_depth_px": 10,
    "surya_conf": null,
    "centre_map": [
     356523.764,
     3092254.53
    ],
    "map_epsg": 32617,
    "bbox_source_px": [
     4809,
     1980,
     4868,
     2009
    ]
   }
  },
  {
   "type": "Feature",
   "geometry": {
    "type": "Polygon",
    "coordinates": [
     [
      [
       -82.4583973,
       27.9476319
      ],
      [
       -82.4583647,
       27.9476433
      ],
      [
       -82.4583591,
       27.9476307
      ],
      [
       -82.4583918,
       27.9476194
      ],
      [
       -82.4583973,
       27.9476319
      ]
     ]
    ]
   },
   "properties": {
    "text": "107.",
    "id": 157,
    "tile": "r1c4",
    "rotation_view": 0,
    "in_block": true,
    "in_block_depth_px": 5,
    "surya_conf": null,
    "centre_map": [
     356530.56,
     3092257.101
    ],
    "map_epsg": 32617,
    "bbox_source_px": [
     4946,
     1980,
     5013,
     2009
    ]
   }
  },
  {
   "type": "Feature",
   "geometry": {
    "type": "Polygon",
    "coordinates": [
     [
      [
       -82.4585098,
       27.9475898
      ],
      [
       -82.4584903,
       27.9475966
      ],
      [
       -82.4584848,
       27.947584
      ],
      [
       -82.4585043,
       27.9475772
      ],
      [
       -82.4585098,
       27.9475898
      ]
     ]
    ]
   },
   "properties": {
    "text": "A.",
    "id": 132,
    "tile": "r1c4",
    "rotation_view": 0,
    "in_block": false,
    "in_block_depth_px": -14,
    "surya_conf": null,
    "centre_map": [
     356518.79,
     3092252.316
    ],
    "map_epsg": 32617,
    "bbox_source_px": [
     4713,
     1986,
     4753,
     2015
    ]
   }
  },
  {
   "type": "Feature",
   "geometry": {
    "type": "Polygon",
    "coordinates": [
     [
      [
       -82.4586007,
       27.9475561
      ],
      [
       -82.4585636,
       27.947569
      ],
      [
       -82.4585581,
       27.9475565
      ],
      [
       -82.4585951,
       27.9475436
      ],
      [
       -82.4586007,
       27.9475561
      ]
     ]
    ]
   },
   "properties": {
    "text": "105.",
    "id": 136,
    "tile": "r1c4",
    "rotation_view": 0,
    "in_block": true,
    "in_block_depth_px": 9,
    "surya_conf": null,
    "centre_map": [
     356510.67,
     3092249.023
    ],
    "map_epsg": 32617,
    "bbox_source_px": [
     4525,
     1990,
     4601,
     2019
    ]
   }
  },
  {
   "type": "Feature",
   "geometry": {
    "type": "Polygon",
    "coordinates": [
     [
      [
       -82.4582877,
       27.9476626
      ],
      [
       -82.4582799,
       27.9476653
      ],
      [
       -82.4582753,
       27.9476549
      ],
      [
       -82.4582831,
       27.9476522
      ],
      [
       -82.4582877,
       27.9476626
      ]
     ]
    ]
   },
   "properties": {
    "text": "1",
    "id": 381,
    "tile": "r1c4",
    "rotation_view": 0,
    "in_block": false,
    "in_block_depth_px": -36,
    "surya_conf": null,
    "centre_map": [
     356540.113,
     3092260.028
    ],
    "map_epsg": 32617,
    "bbox_source_px": [
     5165,
     1995,
     5181,
     2019
    ]
   }
  },
  {
   "type": "Feature",
   "geometry": {
    "type": "Polygon",
    "coordinates": [
     [
      [
       -82.45909,
       27.9473827
      ],
      [
       -82.4590539,
       27.9473953
      ],
      [
       -82.4590484,
       27.9473827
      ],
      [
       -82.4590845,
       27.9473701
      ],
      [
       -82.45909,
       27.9473827
      ]
     ]
    ]
   },
   "properties": {
    "text": "104",
    "id": 144,
    "tile": "r1c3",
    "rotation_view": 0,
    "in_block": true,
    "in_block_depth_px": 3,
    "surya_conf": null,
    "centre_map": [
     356462.249,
     3092230.366
    ],
    "map_epsg": 32617,
    "bbox_source_px": [
     3519,
     1996,
     3593,
     2025
    ]
   }
  },
  {
   "type": "Feature",
   "geometry": {
    "type": "Polygon",
    "coordinates": [
     [
      [
       -82.4594275,
       27.9472642
      ],
      [
       -82.4593929,
       27.9472762
      ],
      [
       -82.4593875,
       27.9472641
      ],
      [
       -82.4594221,
       27.9472521
      ],
      [
       -82.4594275,
       27.9472642
      ]
     ]
    ]
   },
   "properties": {
    "text": "102",
    "id": 146,
    "tile": "r1c2",
    "rotation_view": 0,
    "in_block": true,
    "in_block_depth_px": 8,
    "surya_conf": null,
    "centre_map": [
     356428.806,
     3092217.627
    ],
    "map_epsg": 32617,
    "bbox_source_px": [
     2826,
     1998,
     2897,
     2026
    ]
   }
  },
  {
   "type": "Feature",
   "geometry": {
    "type": "Polygon",
    "coordinates": [
     [
      [
       -82.4592681,
       27.9473197
      ],
      [
       -82.459232,
       27.9473323
      ],
      [
       -82.4592266,
       27.9473201
      ],
      [
       -82.4592627,
       27.9473076
      ],
      [
       -82.4592681,
       27.9473197
      ]
     ]
    ]
   },
   "properties": {
    "text": "103",
    "id": 443,
    "tile": "r1c2",
    "rotation_view": 0,
    "in_block": true,
    "in_block_depth_px": 5,
    "surya_conf": null,
    "centre_map": [
     356444.638,
     3092223.618
    ],
    "map_epsg": 32617,
    "bbox_source_px": [
     3153,
     1998,
     3227,
     2026
    ]
   }
  },
  {
   "type": "Feature",
   "geometry": {
    "type": "Polygon",
    "coordinates": [
     [
      [
       -82.4582163,
       27.9476855
      ],
      [
       -82.458206,
       27.9476891
      ],
      [
       -82.4582022,
       27.9476804
      ],
      [
       -82.4582124,
       27.9476768
      ],
      [
       -82.4582163,
       27.9476855
      ]
     ]
    ]
   },
   "properties": {
    "text": "9",
    "id": 560,
    "tile": "r1c4",
    "rotation_view": 0,
    "in_block": false,
    "in_block_depth_px": -42,
    "surya_conf": null,
    "centre_map": [
     356547.258,
     3092262.622
    ],
    "map_epsg": 32617,
    "bbox_source_px": [
     5310,
     1999,
     5331,
     2019
    ]
   }
  },
  {
   "type": "Feature",
   "geometry": {
    "type": "Polygon",
    "coordinates": [
     [
      [
       -82.4605076,
       27.9468415
      ],
      [
       -82.4602546,
       27.9469297
      ],
      [
       -82.4602439,
       27.9469054
      ],
      [
       -82.4604969,
       27.9468173
      ],
      [
       -82.4605076,
       27.9468415
      ]
     ]
    ]
   },
   "properties": {
    "text": "WOODEN BRIDGE.",
    "id": 303,
    "tile": "r1c0",
    "rotation_view": 0,
    "in_block": false,
    "in_block_depth_px": -667,
    "surya_conf": null,
    "centre_map": [
     356333.023,
     3092175.48
    ],
    "map_epsg": 32617,
    "bbox_source_px": [
     574,
     2091,
     1093,
     2147
    ]
   }
  },
  {
   "type": "Feature",
   "geometry": {
    "type": "Polygon",
    "coordinates": [
     [
      [
       -82.4591589,
       27.9472968
      ],
      [
       -82.4591058,
       27.9473153
      ],
      [
       -82.4590995,
       27.947301
      ],
      [
       -82.4591526,
       27.9472825
      ],
      [
       -82.4591589,
       27.9472968
      ]
     ]
    ]
   },
   "properties": {
    "text": "8\"W.P",
    "id": 315,
    "tile": "r1c3",
    "rotation_view": 0,
    "in_block": false,
    "in_block_depth_px": -148,
    "surya_conf": null,
    "centre_map": [
     356456.234,
     3092221.148
    ],
    "map_epsg": 32617,
    "bbox_source_px": [
     3329,
     2120,
     3438,
     2153
    ]
   }
  },
  {
   "type": "Feature",
   "geometry": {
    "type": "Polygon",
    "coordinates": [
     [
      [
       -82.4581103,
       27.9476455
      ],
      [
       -82.4580893,
       27.9476528
      ],
      [
       -82.4580751,
       27.9476207
      ],
      [
       -82.4580961,
       27.9476134
      ],
      [
       -82.4581103,
       27.9476455
      ]
     ]
    ]
   },
   "properties": {
    "text": "80",
    "id": 400,
    "tile": "r1c5",
    "rotation_view": 0,
    "in_block": false,
    "in_block_depth_px": -223,
    "surya_conf": null,
    "centre_map": [
     356558.656,
     3092256.964
    ],
    "map_epsg": 32617,
    "bbox_source_px": [
     5467,
     2153,
     5510,
     2227
    ]
   }
  },
  {
   "type": "Feature",
   "geometry": {
    "type": "Polygon",
    "coordinates": [
     [
      [
       -82.4592012,
       27.9472536
      ],
      [
       -82.4589189,
       27.9473519
      ],
      [
       -82.4589032,
       27.9473164
      ],
      [
       -82.4591855,
       27.9472181
      ],
      [
       -82.4592012,
       27.9472536
      ]
     ]
    ]
   },
   "properties": {
    "text": "LAFAYETTE",
    "id": 447,
    "tile": "r1c3",
    "rotation_view": 0,
    "in_block": false,
    "in_block_depth_px": -208,
    "surya_conf": null,
    "centre_map": [
     356463.793,
     3092219.518
    ],
    "map_epsg": 32617,
    "bbox_source_px": [
     3220,
     2177,
     3799,
     2259
    ]
   }
  },
  {
   "type": "Feature",
   "geometry": {
    "type": "Polygon",
    "coordinates": [
     [
      [
       -82.4588606,
       27.9473242
      ],
      [
       -82.4585929,
       27.9474175
      ],
      [
       -82.4585868,
       27.9474036
      ],
      [
       -82.4588544,
       27.9473104
      ],
      [
       -82.4588606,
       27.9473242
      ]
     ]
    ]
   },
   "properties": {
    "text": "TAMPA STEAM STREET RY.",
    "id": 642,
    "tile": "r1c3",
    "rotation_view": 0,
    "in_block": false,
    "in_block_depth_px": -279,
    "surya_conf": null,
    "centre_map": [
     356496.22,
     3092227.879
    ],
    "map_epsg": 32617,
    "bbox_source_px": [
     3881,
     2273,
     4430,
     2305
    ]
   }
  },
  {
   "type": "Feature",
   "geometry": {
    "type": "Polygon",
    "coordinates": [
     [
      [
       -82.4596289,
       27.9470172
      ],
      [
       -82.4595982,
       27.9470279
      ],
      [
       -82.4595927,
       27.9470153
      ],
      [
       -82.4596234,
       27.9470046
      ],
      [
       -82.4596289,
       27.9470172
      ]
     ]
    ]
   },
   "properties": {
    "text": "D.H.",
    "id": 373,
    "tile": "r2c2",
    "rotation_view": 0,
    "in_block": false,
    "in_block_depth_px": -401,
    "surya_conf": null,
    "centre_map": [
     356408.477,
     3092190.401
    ],
    "map_epsg": 32617,
    "bbox_source_px": [
     2274,
     2352,
     2337,
     2381
    ]
   }
  },
  {
   "type": "Feature",
   "geometry": {
    "type": "Polygon",
    "coordinates": [
     [
      [
       -82.4579475,
       27.9475967
      ],
      [
       -82.4579193,
       27.9476066
      ],
      [
       -82.4579137,
       27.947594
      ],
      [
       -82.457942,
       27.9475842
      ],
      [
       -82.4579475,
       27.9475967
      ]
     ]
    ]
   },
   "properties": {
    "text": "D.H.",
    "id": 347,
    "tile": "r2c5",
    "rotation_view": 0,
    "in_block": false,
    "in_block_depth_px": -105,
    "surya_conf": null,
    "centre_map": [
     356574.552,
     3092252.594
    ],
    "map_epsg": 32617,
    "bbox_source_px": [
     5718,
     2364,
     5776,
     2393
    ]
   }
  },
  {
   "type": "Feature",
   "geometry": {
    "type": "Polygon",
    "coordinates": [
     [
      [
       -82.4582935,
       27.9474693
      ],
      [
       -82.4582803,
       27.9474739
      ],
      [
       -82.458277,
       27.9474665
      ],
      [
       -82.4582902,
       27.9474619
      ],
      [
       -82.4582935,
       27.9474693
      ]
     ]
    ]
   },
   "properties": {
    "text": "N\u00b0",
    "id": 331,
    "tile": "r2c4",
    "rotation_view": 0,
    "in_block": false,
    "in_block_depth_px": -16,
    "surya_conf": null,
    "centre_map": [
     356539.493,
     3092238.885
    ],
    "map_epsg": 32617,
    "bbox_source_px": [
     5003,
     2378,
     5030,
     2395
    ]
   }
  },
  {
   "type": "Feature",
   "geometry": {
    "type": "Polygon",
    "coordinates": [
     [
      [
       -82.4583938,
       27.9474328
      ],
      [
       -82.4583792,
       27.9474379
      ],
      [
       -82.4583756,
       27.9474297
      ],
      [
       -82.4583902,
       27.9474246
      ],
      [
       -82.4583938,
       27.9474328
      ]
     ]
    ]
   },
   "properties": {
    "text": "8\"",
    "id": 328,
    "tile": "r2c4",
    "rotation_view": 0,
    "in_block": false,
    "in_block_depth_px": -14,
    "surya_conf": null,
    "centre_map": [
     356529.662,
     3092234.944
    ],
    "map_epsg": 32617,
    "bbox_source_px": [
     4796,
     2381,
     4826,
     2400
    ]
   }
  },
  {
   "type": "Feature",
   "geometry": {
    "type": "Polygon",
    "coordinates": [
     [
      [
       -82.4585912,
       27.9473626
      ],
      [
       -82.4585751,
       27.9473682
      ],
      [
       -82.4585713,
       27.9473596
      ],
      [
       -82.4585874,
       27.947354
      ],
      [
       -82.4585912,
       27.9473626
      ]
     ]
    ]
   },
   "properties": {
    "text": "8\"",
    "id": 324,
    "tile": "r2c4",
    "rotation_view": 0,
    "in_block": false,
    "in_block_depth_px": -40,
    "surya_conf": null,
    "centre_map": [
     356510.232,
     3092227.397
    ],
    "map_epsg": 32617,
    "bbox_source_px": [
     4390,
     2384,
     4423,
     2404
    ]
   }
  },
  {
   "type": "Feature",
   "geometry": {
    "type": "Polygon",
    "coordinates": [
     [
      [
       -82.4581573,
       27.9475137
      ],
      [
       -82.4581295,
       27.9475234
      ],
      [
       -82.4581237,
       27.9475104
      ],
      [
       -82.4581515,
       27.9475007
      ],
      [
       -82.4581573,
       27.9475137
      ]
     ]
    ]
   },
   "properties": {
    "text": "119",
    "id": 382,
    "tile": "r2c5",
    "rotation_view": 0,
    "in_block": true,
    "in_block_depth_px": 9,
    "surya_conf": null,
    "centre_map": [
     356553.793,
     3092243.608
    ],
    "map_epsg": 32617,
    "bbox_source_px": [
     5280,
     2384,
     5337,
     2414
    ]
   }
  },
  {
   "type": "Feature",
   "geometry": {
    "type": "Polygon",
    "coordinates": [
     [
      [
       -82.4584863,
       27.9473976
      ],
      [
       -82.4584716,
       27.9474027
      ],
      [
       -82.4584682,
       27.9473949
      ],
      [
       -82.4584828,
       27.9473899
      ],
      [
       -82.4584863,
       27.9473976
      ]
     ]
    ]
   },
   "properties": {
    "text": "8\"",
    "id": 319,
    "tile": "r2c4",
    "rotation_view": 0,
    "in_block": false,
    "in_block_depth_px": -37,
    "surya_conf": null,
    "centre_map": [
     356520.509,
     3092231.177
    ],
    "map_epsg": 32617,
    "bbox_source_px": [
     4604,
     2387,
     4634,
     2405
    ]
   }
  },
  {
   "type": "Feature",
   "geometry": {
    "type": "Polygon",
    "coordinates": [
     [
      [
       -82.4583226,
       27.9474512
      ],
      [
       -82.4582967,
       27.9474602
      ],
      [
       -82.458291,
       27.9474472
      ],
      [
       -82.4583168,
       27.9474382
      ],
      [
       -82.4583226,
       27.9474512
      ]
     ]
    ]
   },
   "properties": {
    "text": "117",
    "id": 308,
    "tile": "r2c4",
    "rotation_view": 0,
    "in_block": true,
    "in_block_depth_px": 8,
    "surya_conf": null,
    "centre_map": [
     356537.349,
     3092236.834
    ],
    "map_epsg": 32617,
    "bbox_source_px": [
     4937,
     2394,
     4990,
     2424
    ]
   }
  },
  {
   "type": "Feature",
   "geometry": {
    "type": "Polygon",
    "coordinates": [
     [
      [
       -82.4583722,
       27.9474324
      ],
      [
       -82.4583488,
       27.9474405
      ],
      [
       -82.4583433,
       27.947428
      ],
      [
       -82.4583667,
       27.9474198
      ],
      [
       -82.4583722,
       27.9474324
      ]
     ]
    ]
   },
   "properties": {
    "text": "116",
    "id": 305,
    "tile": "r2c4",
    "rotation_view": 0,
    "in_block": true,
    "in_block_depth_px": 9,
    "surya_conf": null,
    "centre_map": [
     356532.31,
     3092234.789
    ],
    "map_epsg": 32617,
    "bbox_source_px": [
     4834,
     2397,
     4882,
     2426
    ]
   }
  },
  {
   "type": "Feature",
   "geometry": {
    "type": "Polygon",
    "coordinates": [
     [
      [
       -82.4584203,
       27.9474151
      ],
      [
       -82.4583954,
       27.9474238
      ],
      [
       -82.4583897,
       27.9474108
      ],
      [
       -82.4584146,
       27.9474021
      ],
      [
       -82.4584203,
       27.9474151
      ]
     ]
    ]
   },
   "properties": {
    "text": "116",
    "id": 299,
    "tile": "r2c4",
    "rotation_view": 0,
    "in_block": true,
    "in_block_depth_px": 10,
    "surya_conf": null,
    "centre_map": [
     356527.639,
     3092232.938
    ],
    "map_epsg": 32617,
    "bbox_source_px": [
     4735,
     2398,
     4786,
     2428
    ]
   }
  },
  {
   "type": "Feature",
   "geometry": {
    "type": "Polygon",
    "coordinates": [
     [
      [
       -82.45826,
       27.94747
      ],
      [
       -82.4582327,
       27.9474795
      ],
      [
       -82.458227,
       27.9474665
      ],
      [
       -82.4582543,
       27.947457
      ],
      [
       -82.45826,
       27.94747
      ]
     ]
    ]
   },
   "properties": {
    "text": "118",
    "id": 300,
    "tile": "r2c4",
    "rotation_view": 0,
    "in_block": true,
    "in_block_depth_px": 10,
    "surya_conf": null,
    "centre_map": [
     356543.603,
     3092238.87
    ],
    "map_epsg": 32617,
    "bbox_source_px": [
     5063,
     2400,
     5119,
     2430
    ]
   }
  },
  {
   "type": "Feature",
   "geometry": {
    "type": "Polygon",
    "coordinates": [
     [
      [
       -82.4585606,
       27.9473648
      ],
      [
       -82.4585358,
       27.9473734
      ],
      [
       -82.4585306,
       27.9473617
      ],
      [
       -82.4585555,
       27.9473531
      ],
      [
       -82.4585606,
       27.9473648
      ]
     ]
    ]
   },
   "properties": {
    "text": "112",
    "id": 294,
    "tile": "r2c4",
    "rotation_view": 0,
    "in_block": true,
    "in_block_depth_px": 2,
    "surya_conf": null,
    "centre_map": [
     356513.738,
     3092227.595
    ],
    "map_epsg": 32617,
    "bbox_source_px": [
     4446,
     2401,
     4497,
     2428
    ]
   }
  },
  {
   "type": "Feature",
   "geometry": {
    "type": "Polygon",
    "coordinates": [
     [
      [
       -82.4585183,
       27.9473785
      ],
      [
       -82.4584944,
       27.9473868
      ],
      [
       -82.4584893,
       27.9473751
      ],
      [
       -82.4585132,
       27.9473668
      ],
      [
       -82.4585183,
       27.9473785
      ]
     ]
    ]
   },
   "properties": {
    "text": "113",
    "id": 295,
    "tile": "r2c4",
    "rotation_view": 0,
    "in_block": true,
    "in_block_depth_px": 8,
    "surya_conf": null,
    "centre_map": [
     356517.871,
     3092229.049
    ],
    "map_epsg": 32617,
    "bbox_source_px": [
     4532,
     2403,
     4581,
     2430
    ]
   }
  },
  {
   "type": "Feature",
   "geometry": {
    "type": "Polygon",
    "coordinates": [
     [
      [
       -82.4584612,
       27.9473994
      ],
      [
       -82.4584353,
       27.9474084
      ],
      [
       -82.4584298,
       27.9473958
      ],
      [
       -82.4584556,
       27.9473868
      ],
      [
       -82.4584612,
       27.9473994
      ]
     ]
    ]
   },
   "properties": {
    "text": "117",
    "id": 296,
    "tile": "r2c4",
    "rotation_view": 0,
    "in_block": true,
    "in_block_depth_px": 9,
    "surya_conf": null,
    "centre_map": [
     356523.636,
     3092231.286
    ],
    "map_epsg": 32617,
    "bbox_source_px": [
     4650,
     2401,
     4703,
     2430
    ]
   }
  },
  {
   "type": "Feature",
   "geometry": {
    "type": "Polygon",
    "coordinates": [
     [
      [
       -82.4579701,
       27.9475689
      ],
      [
       -82.457956,
       27.9475738
      ],
      [
       -82.4579522,
       27.9475652
      ],
      [
       -82.4579663,
       27.9475602
      ],
      [
       -82.4579701,
       27.9475689
      ]
     ]
    ]
   },
   "properties": {
    "text": "12\"",
    "id": 290,
    "tile": "r2c5",
    "rotation_view": 0,
    "in_block": false,
    "in_block_depth_px": -23,
    "surya_conf": null,
    "centre_map": [
     356571.512,
     3092249.488
    ],
    "map_epsg": 32617,
    "bbox_source_px": [
     5656,
     2404,
     5685,
     2424
    ]
   }
  },
  {
   "type": "Feature",
   "geometry": {
    "type": "Polygon",
    "coordinates": [
     [
      [
       -82.4593176,
       27.9470931
      ],
      [
       -82.4592869,
       27.9471038
      ],
      [
       -82.459281,
       27.9470904
      ],
      [
       -82.4593117,
       27.9470797
      ],
      [
       -82.4593176,
       27.9470931
      ]
     ]
    ]
   },
   "properties": {
    "text": "109",
    "id": 274,
    "tile": "r2c2",
    "rotation_view": 0,
    "in_block": true,
    "in_block_depth_px": 9,
    "surya_conf": null,
    "centre_map": [
     356439.223,
     3092198.401
    ],
    "map_epsg": 32617,
    "bbox_source_px": [
     2887,
     2417,
     2950,
     2448
    ]
   }
  },
  {
   "type": "Feature",
   "geometry": {
    "type": "Polygon",
    "coordinates": [
     [
      [
       -82.4590962,
       27.9471687
      ],
      [
       -82.4590694,
       27.9471781
      ],
      [
       -82.4590644,
       27.9471668
      ],
      [
       -82.4590912,
       27.9471575
      ],
      [
       -82.4590962,
       27.9471687
      ]
     ]
    ]
   },
   "properties": {
    "text": "110",
    "id": 293,
    "tile": "r2c3",
    "rotation_view": 0,
    "in_block": true,
    "in_block_depth_px": 8,
    "surya_conf": null,
    "centre_map": [
     356460.871,
     3092206.567
    ],
    "map_epsg": 32617,
    "bbox_source_px": [
     3340,
     2420,
     3395,
     2446
    ]
   }
  },
  {
   "type": "Feature",
   "geometry": {
    "type": "Polygon",
    "coordinates": [
     [
      [
       -82.4590401,
       27.9471883
      ],
      [
       -82.4590163,
       27.9471966
      ],
      [
       -82.4590119,
       27.9471866
      ],
      [
       -82.4590357,
       27.9471783
      ],
      [
       -82.4590401,
       27.9471883
      ]
     ]
    ]
   },
   "properties": {
    "text": "111",
    "id": 269,
    "tile": "r2c3",
    "rotation_view": 0,
    "in_block": false,
    "in_block_depth_px": -2,
    "surya_conf": null,
    "centre_map": [
     356466.241,
     3092208.682
    ],
    "map_epsg": 32617,
    "bbox_source_px": [
     3455,
     2420,
     3504,
     2443
    ]
   }
  },
  {
   "type": "Feature",
   "geometry": {
    "type": "Polygon",
    "coordinates": [
     [
      [
       -82.459882,
       27.9468936
      ],
      [
       -82.4598133,
       27.9469175
      ],
      [
       -82.4598037,
       27.9468959
      ],
      [
       -82.4598725,
       27.9468719
      ],
      [
       -82.459882,
       27.9468936
      ]
     ]
    ]
   },
   "properties": {
    "text": "Hides.",
    "id": 265,
    "tile": "r2c1",
    "rotation_view": 0,
    "in_block": false,
    "in_block_depth_px": -91,
    "surya_conf": null,
    "centre_map": [
     356385.482,
     3092177.208
    ],
    "map_epsg": 32617,
    "bbox_source_px": [
     1727,
     2423,
     1868,
     2473
    ]
   }
  },
  {
   "type": "Feature",
   "geometry": {
    "type": "Polygon",
    "coordinates": [
     [
      [
       -82.4580064,
       27.9475428
      ],
      [
       -82.4579923,
       27.9475477
      ],
      [
       -82.4579865,
       27.9475347
      ],
      [
       -82.4580007,
       27.9475298
      ],
      [
       -82.4580064,
       27.9475428
      ]
     ]
    ]
   },
   "properties": {
    "text": "2",
    "id": 254,
    "tile": "r2c5",
    "rotation_view": 0,
    "in_block": true,
    "in_block_depth_px": 32,
    "surya_conf": null,
    "centre_map": [
     356568.0,
     3092246.395
    ],
    "map_epsg": 32617,
    "bbox_source_px": [
     5571,
     2431,
     5600,
     2461
    ]
   }
  },
  {
   "type": "Feature",
   "geometry": {
    "type": "Polygon",
    "coordinates": [
     [
      [
       -82.4581479,
       27.94749
      ],
      [
       -82.4581304,
       27.9474961
      ],
      [
       -82.4581149,
       27.947461
      ],
      [
       -82.4581324,
       27.9474549
      ],
      [
       -82.4581479,
       27.94749
      ]
     ]
    ]
   },
   "properties": {
    "text": "OFF.",
    "id": 545,
    "tile": "r2c4",
    "rotation_view": 0,
    "in_block": true,
    "in_block_depth_px": 66,
    "surya_conf": null,
    "centre_map": [
     356554.641,
     3092239.549
    ],
    "map_epsg": 32617,
    "bbox_source_px": [
     5278,
     2438,
     5314,
     2519
    ]
   }
  },
  {
   "type": "Feature",
   "geometry": {
    "type": "Polygon",
    "coordinates": [
     [
      [
       -82.4580871,
       27.9475102
      ],
      [
       -82.4580783,
       27.9475132
      ],
      [
       -82.4580737,
       27.9475029
      ],
      [
       -82.4580825,
       27.9474998
      ],
      [
       -82.4580871,
       27.9475102
      ]
     ]
    ]
   },
   "properties": {
    "text": "12\"",
    "id": 629,
    "tile": "r2c4",
    "rotation_view": 0,
    "in_block": true,
    "in_block_depth_px": 37,
    "surya_conf": null,
    "centre_map": [
     356559.699,
     3092242.923
    ],
    "map_epsg": 32617,
    "bbox_source_px": [
     5402,
     2440,
     5420,
     2464
    ]
   }
  },
  {
   "type": "Feature",
   "geometry": {
    "type": "Polygon",
    "coordinates": [
     [
      [
       -82.4582653,
       27.9474476
      ],
      [
       -82.4582575,
       27.9474503
      ],
      [
       -82.4582522,
       27.9474382
      ],
      [
       -82.45826,
       27.9474355
      ],
      [
       -82.4582653,
       27.9474476
      ]
     ]
    ]
   },
   "properties": {
    "text": "1",
    "id": 241,
    "tile": "r2c4",
    "rotation_view": 0,
    "in_block": true,
    "in_block_depth_px": 23,
    "surya_conf": null,
    "centre_map": [
     356542.067,
     3092236.085
    ],
    "map_epsg": 32617,
    "bbox_source_px": [
     5036,
     2441,
     5052,
     2469
    ]
   }
  },
  {
   "type": "Feature",
   "geometry": {
    "type": "Polygon",
    "coordinates": [
     [
      [
       -82.4582888,
       27.9474384
      ],
      [
       -82.4582796,
       27.9474417
      ],
      [
       -82.4582757,
       27.947433
      ],
      [
       -82.458285,
       27.9474298
      ],
      [
       -82.4582888,
       27.9474384
      ]
     ]
    ]
   },
   "properties": {
    "text": "0",
    "id": 236,
    "tile": "r2c4",
    "rotation_view": 0,
    "in_block": true,
    "in_block_depth_px": 33,
    "surya_conf": null,
    "centre_map": [
     356539.742,
     3092235.315
    ],
    "map_epsg": 32617,
    "bbox_source_px": [
     4987,
     2443,
     5006,
     2463
    ]
   }
  },
  {
   "type": "Feature",
   "geometry": {
    "type": "Polygon",
    "coordinates": [
     [
      [
       -82.4583867,
       27.9474028
      ],
      [
       -82.4583775,
       27.9474061
      ],
      [
       -82.4583737,
       27.9473974
      ],
      [
       -82.4583829,
       27.9473942
      ],
      [
       -82.4583867,
       27.9474028
      ]
     ]
    ]
   },
   "properties": {
    "text": "0",
    "id": 229,
    "tile": "r2c4",
    "rotation_view": 0,
    "in_block": true,
    "in_block_depth_px": 40,
    "surya_conf": null,
    "centre_map": [
     356530.061,
     3092231.486
    ],
    "map_epsg": 32617,
    "bbox_source_px": [
     4785,
     2446,
     4804,
     2466
    ]
   }
  },
  {
   "type": "Feature",
   "geometry": {
    "type": "Polygon",
    "coordinates": [
     [
      [
       -82.4583691,
       27.94741
      ],
      [
       -82.4583608,
       27.9474129
      ],
      [
       -82.4583558,
       27.9474016
      ],
      [
       -82.4583641,
       27.9473987
      ],
      [
       -82.4583691,
       27.94741
      ]
     ]
    ]
   },
   "properties": {
    "text": "1",
    "id": 230,
    "tile": "r2c4",
    "rotation_view": 0,
    "in_block": true,
    "in_block_depth_px": 33,
    "surya_conf": null,
    "centre_map": [
     356531.815,
     3092232.095
    ],
    "map_epsg": 32617,
    "bbox_source_px": [
     4822,
     2444,
     4839,
     2470
    ]
   }
  },
  {
   "type": "Feature",
   "geometry": {
    "type": "Polygon",
    "coordinates": [
     [
      [
       -82.4582181,
       27.9474616
      ],
      [
       -82.4582098,
       27.9474645
      ],
      [
       -82.4582063,
       27.9474567
      ],
      [
       -82.4582146,
       27.9474538
      ],
      [
       -82.4582181,
       27.9474616
      ]
     ]
    ]
   },
   "properties": {
    "text": "x",
    "id": 559,
    "tile": "r2c5",
    "rotation_view": 0,
    "in_block": true,
    "in_block_depth_px": 25,
    "surya_conf": null,
    "centre_map": [
     356546.67,
     3092237.827
    ],
    "map_epsg": 32617,
    "bbox_source_px": [
     5131,
     2446,
     5148,
     2464
    ]
   }
  },
  {
   "type": "Feature",
   "geometry": {
    "type": "Polygon",
    "coordinates": [
     [
      [
       -82.4580905,
       27.9475065
      ],
      [
       -82.4580822,
       27.9475094
      ],
      [
       -82.4580786,
       27.9475012
      ],
      [
       -82.4580869,
       27.9474983
      ],
      [
       -82.4580905,
       27.9475065
      ]
     ]
    ]
   },
   "properties": {
    "text": "x",
    "id": 647,
    "tile": "r1c4",
    "rotation_view": 0,
    "in_block": true,
    "in_block_depth_px": 39,
    "surya_conf": null,
    "centre_map": [
     356559.287,
     3092242.63
    ],
    "map_epsg": 32617,
    "bbox_source_px": [
     5393,
     2445,
     5410,
     2464
    ]
   }
  },
  {
   "type": "Feature",
   "geometry": {
    "type": "Polygon",
    "coordinates": [
     [
      [
       -82.4584816,
       27.9473693
      ],
      [
       -82.4584728,
       27.9473723
      ],
      [
       -82.458469,
       27.9473637
      ],
      [
       -82.4584778,
       27.9473606
      ],
      [
       -82.4584816,
       27.9473693
      ]
     ]
    ]
   },
   "properties": {
    "text": "0",
    "id": 227,
    "tile": "r2c4",
    "rotation_view": 0,
    "in_block": true,
    "in_block_depth_px": 20,
    "surya_conf": null,
    "centre_map": [
     356520.658,
     3092227.872
    ],
    "map_epsg": 32617,
    "bbox_source_px": [
     4590,
     2447,
     4608,
     2467
    ]
   }
  },
  {
   "type": "Feature",
   "geometry": {
    "type": "Polygon",
    "coordinates": [
     [
      [
       -82.4584626,
       27.9473759
      ],
      [
       -82.4584529,
       27.9473793
      ],
      [
       -82.4584465,
       27.947365
      ],
      [
       -82.4584563,
       27.9473616
      ],
      [
       -82.4584626,
       27.9473759
      ]
     ]
    ]
   },
   "properties": {
    "text": "1",
    "id": 228,
    "tile": "r2c4",
    "rotation_view": 0,
    "in_block": true,
    "in_block_depth_px": 30,
    "surya_conf": null,
    "centre_map": [
     356522.704,
     3092228.288
    ],
    "map_epsg": 32617,
    "bbox_source_px": [
     4629,
     2447,
     4649,
     2480
    ]
   }
  },
  {
   "type": "Feature",
   "geometry": {
    "type": "Polygon",
    "coordinates": [
     [
      [
       -82.4581439,
       27.9474859
      ],
      [
       -82.4581351,
       27.947489
      ],
      [
       -82.4581311,
       27.9474799
      ],
      [
       -82.4581398,
       27.9474768
      ],
      [
       -82.4581439,
       27.9474859
      ]
     ]
    ]
   },
   "properties": {
    "text": "2",
    "id": 657,
    "tile": "r1c5",
    "rotation_view": 0,
    "in_block": true,
    "in_block_depth_px": 46,
    "surya_conf": null,
    "centre_map": [
     356554.053,
     3092240.373
    ],
    "map_epsg": 32617,
    "bbox_source_px": [
     5282,
     2449,
     5300,
     2470
    ]
   }
  },
  {
   "type": "Feature",
   "geometry": {
    "type": "Polygon",
    "coordinates": [
     [
      [
       -82.4580868,
       27.9475058
      ],
      [
       -82.4580737,
       27.9475104
      ],
      [
       -82.4580696,
       27.9475013
      ],
      [
       -82.4580828,
       27.9474967
      ],
      [
       -82.4580868,
       27.9475058
      ]
     ]
    ]
   },
   "properties": {
    "text": "30",
    "id": 658,
    "tile": "r1c5",
    "rotation_view": 0,
    "in_block": true,
    "in_block_depth_px": 44,
    "surya_conf": null,
    "centre_map": [
     356559.908,
     3092242.589
    ],
    "map_epsg": 32617,
    "bbox_source_px": [
     5399,
     2449,
     5426,
     2470
    ]
   }
  },
  {
   "type": "Feature",
   "geometry": {
    "type": "Polygon",
    "coordinates": [
     [
      [
       -82.4585668,
       27.9473366
      ],
      [
       -82.458559,
       27.9473394
      ],
      [
       -82.4585544,
       27.947329
      ],
      [
       -82.4585622,
       27.9473263
      ],
      [
       -82.4585668,
       27.9473366
      ]
     ]
    ]
   },
   "properties": {
    "text": "1",
    "id": 223,
    "tile": "r2c4",
    "rotation_view": 0,
    "in_block": true,
    "in_block_depth_px": 29,
    "surya_conf": null,
    "centre_map": [
     356512.226,
     3092224.24
    ],
    "map_epsg": 32617,
    "bbox_source_px": [
     4413,
     2453,
     4429,
     2477
    ]
   }
  },
  {
   "type": "Feature",
   "geometry": {
    "type": "Polygon",
    "coordinates": [
     [
      [
       -82.4580812,
       27.9475058
      ],
      [
       -82.4580719,
       27.947509
      ],
      [
       -82.4580675,
       27.947499
      ],
      [
       -82.4580768,
       27.9474958
      ],
      [
       -82.4580812,
       27.9475058
      ]
     ]
    ]
   },
   "properties": {
    "text": "16\"",
    "id": 224,
    "tile": "r2c5",
    "rotation_view": 0,
    "in_block": true,
    "in_block_depth_px": 50,
    "surya_conf": null,
    "centre_map": [
     356560.289,
     3092242.458
    ],
    "map_epsg": 32617,
    "bbox_source_px": [
     5409,
     2453,
     5428,
     2476
    ]
   }
  },
  {
   "type": "Feature",
   "geometry": {
    "type": "Polygon",
    "coordinates": [
     [
      [
       -82.4589186,
       27.9472111
      ],
      [
       -82.4589059,
       27.9472155
      ],
      [
       -82.4589006,
       27.9472034
      ],
      [
       -82.4589133,
       27.947199
      ],
      [
       -82.4589186,
       27.9472111
      ]
     ]
    ]
   },
   "properties": {
    "text": "2",
    "id": 218,
    "tile": "r2c3",
    "rotation_view": 0,
    "in_block": true,
    "in_block_depth_px": 24,
    "surya_conf": null,
    "centre_map": [
     356477.721,
     3092210.74
    ],
    "map_epsg": 32617,
    "bbox_source_px": [
     3689,
     2459,
     3715,
     2487
    ]
   }
  },
  {
   "type": "Feature",
   "geometry": {
    "type": "Polygon",
    "coordinates": [
     [
      [
       -82.4590913,
       27.94715
      ],
      [
       -82.459085,
       27.9471522
      ],
      [
       -82.4590802,
       27.9471414
      ],
      [
       -82.4590865,
       27.9471391
      ],
      [
       -82.4590913,
       27.94715
      ]
     ]
    ]
   },
   "properties": {
    "text": "1",
    "id": 304,
    "tile": "r2c3",
    "rotation_view": 0,
    "in_block": true,
    "in_block_depth_px": 24,
    "surya_conf": null,
    "centre_map": [
     356460.308,
     3092204.122
    ],
    "map_epsg": 32617,
    "bbox_source_px": [
     3334,
     2461,
     3347,
     2486
    ]
   }
  },
  {
   "type": "Feature",
   "geometry": {
    "type": "Polygon",
    "coordinates": [
     [
      [
       -82.4590713,
       27.9471569
      ],
      [
       -82.4590333,
       27.9471702
      ],
      [
       -82.4590279,
       27.9471581
      ],
      [
       -82.459066,
       27.9471448
      ],
      [
       -82.4590713,
       27.9471569
      ]
     ]
    ]
   },
   "properties": {
    "text": "3/2",
    "id": 247,
    "tile": "r2c3",
    "rotation_view": 0,
    "in_block": true,
    "in_block_depth_px": 25,
    "surya_conf": null,
    "centre_map": [
     356463.878,
     3092205.391
    ],
    "map_epsg": 32617,
    "bbox_source_px": [
     3375,
     2461,
     3453,
     2489
    ]
   }
  },
  {
   "type": "Feature",
   "geometry": {
    "type": "Polygon",
    "coordinates": [
     [
      [
       -82.4582498,
       27.947443
      ],
      [
       -82.4582259,
       27.9474514
      ],
      [
       -82.4582091,
       27.9474133
      ],
      [
       -82.458233,
       27.9474049
      ],
      [
       -82.4582498,
       27.947443
      ]
     ]
    ]
   },
   "properties": {
    "text": "Sal.",
    "id": 285,
    "tile": "r2c4",
    "rotation_view": 0,
    "in_block": true,
    "in_block_depth_px": 77,
    "surya_conf": null,
    "centre_map": [
     356544.931,
     3092234.414
    ],
    "map_epsg": 32617,
    "bbox_source_px": [
     5060,
     2461,
     5109,
     2549
    ]
   }
  },
  {
   "type": "Feature",
   "geometry": {
    "type": "Polygon",
    "coordinates": [
     [
      [
       -82.4588221,
       27.9472422
      ],
      [
       -82.4588065,
       27.9472477
      ],
      [
       -82.4588002,
       27.9472334
      ],
      [
       -82.4588158,
       27.9472279
      ],
      [
       -82.4588221,
       27.9472422
      ]
     ]
    ]
   },
   "properties": {
    "text": "2",
    "id": 209,
    "tile": "r2c3",
    "rotation_view": 0,
    "in_block": true,
    "in_block_depth_px": 32,
    "surya_conf": null,
    "centre_map": [
     356487.448,
     3092214.008
    ],
    "map_epsg": 32617,
    "bbox_source_px": [
     3885,
     2464,
     3917,
     2497
    ]
   }
  },
  {
   "type": "Feature",
   "geometry": {
    "type": "Polygon",
    "coordinates": [
     [
      [
       -82.4590075,
       27.9471767
      ],
      [
       -82.4589992,
       27.9471796
      ],
      [
       -82.4589963,
       27.9471731
      ],
      [
       -82.4590046,
       27.9471702
      ],
      [
       -82.4590075,
       27.9471767
      ]
     ]
    ]
   },
   "properties": {
    "text": "x",
    "id": 208,
    "tile": "r2c3",
    "rotation_view": 0,
    "in_block": true,
    "in_block_depth_px": 24,
    "surya_conf": null,
    "centre_map": [
     356468.597,
     3092207.26
    ],
    "map_epsg": 32617,
    "bbox_source_px": [
     3504,
     2466,
     3521,
     2481
    ]
   }
  },
  {
   "type": "Feature",
   "geometry": {
    "type": "Polygon",
    "coordinates": [
     [
      [
       -82.4580515,
       27.9475061
      ],
      [
       -82.4579872,
       27.9475285
      ],
      [
       -82.4579776,
       27.9475069
      ],
      [
       -82.458042,
       27.9474844
      ],
      [
       -82.4580515,
       27.9475061
      ]
     ]
    ]
   },
   "properties": {
    "text": "Banky",
    "id": 195,
    "tile": "r2c5",
    "rotation_view": 0,
    "in_block": true,
    "in_block_depth_px": 86,
    "surya_conf": null,
    "centre_map": [
     356566.177,
     3092242.841
    ],
    "map_epsg": 32617,
    "bbox_source_px": [
     5462,
     2473,
     5594,
     2523
    ]
   }
  },
  {
   "type": "Feature",
   "geometry": {
    "type": "Polygon",
    "coordinates": [
     [
      [
       -82.459809,
       27.9468925
      ],
      [
       -82.4597983,
       27.9468963
      ],
      [
       -82.4597945,
       27.9468876
      ],
      [
       -82.4598052,
       27.9468839
      ],
      [
       -82.459809,
       27.9468925
      ]
     ]
    ]
   },
   "properties": {
    "text": "x",
    "id": 189,
    "tile": "r2c1",
    "rotation_view": 0,
    "in_block": false,
    "in_block_depth_px": -54,
    "surya_conf": null,
    "centre_map": [
     356389.524,
     3092176.644
    ],
    "map_epsg": 32617,
    "bbox_source_px": [
     1856,
     2476,
     1878,
     2496
    ]
   }
  },
  {
   "type": "Feature",
   "geometry": {
    "type": "Polygon",
    "coordinates": [
     [
      [
       -82.4597915,
       27.9468986
      ],
      [
       -82.4597807,
       27.9469024
      ],
      [
       -82.4597769,
       27.9468937
      ],
      [
       -82.4597876,
       27.94689
      ],
      [
       -82.4597915,
       27.9468986
      ]
     ]
    ]
   },
   "properties": {
    "text": "x",
    "id": 190,
    "tile": "r2c1",
    "rotation_view": 0,
    "in_block": false,
    "in_block_depth_px": -54,
    "surya_conf": null,
    "centre_map": [
     356391.259,
     3092177.301
    ],
    "map_epsg": 32617,
    "bbox_source_px": [
     1892,
     2476,
     1914,
     2496
    ]
   }
  },
  {
   "type": "Feature",
   "geometry": {
    "type": "Polygon",
    "coordinates": [
     [
      [
       -82.459082,
       27.9471417
      ],
      [
       -82.4590342,
       27.9471584
      ],
      [
       -82.4590285,
       27.9471454
      ],
      [
       -82.4590763,
       27.9471287
      ],
      [
       -82.459082,
       27.9471417
      ]
     ]
    ]
   },
   "properties": {
    "text": "West",
    "id": 284,
    "tile": "r2c3",
    "rotation_view": 0,
    "in_block": true,
    "in_block_depth_px": 49,
    "surya_conf": null,
    "centre_map": [
     356463.304,
     3092203.851
    ],
    "map_epsg": 32617,
    "bbox_source_px": [
     3344,
     2484,
     3442,
     2514
    ]
   }
  },
  {
   "type": "Feature",
   "geometry": {
    "type": "Polygon",
    "coordinates": [
     [
      [
       -82.4590299,
       27.9471599
      ],
      [
       -82.4590099,
       27.9471668
      ],
      [
       -82.4590049,
       27.9471556
      ],
      [
       -82.4590249,
       27.9471486
      ],
      [
       -82.4590299,
       27.9471599
      ]
     ]
    ]
   },
   "properties": {
    "text": "x",
    "id": 180,
    "tile": "r2c3",
    "rotation_view": 0,
    "in_block": true,
    "in_block_depth_px": 51,
    "surya_conf": null,
    "centre_map": [
     356467.05,
     3092205.379
    ],
    "map_epsg": 32617,
    "bbox_source_px": [
     3451,
     2484,
     3492,
     2510
    ]
   }
  },
  {
   "type": "Feature",
   "geometry": {
    "type": "Polygon",
    "coordinates": [
     [
      [
       -82.4581585,
       27.9474604
      ],
      [
       -82.4581511,
       27.9474629
      ],
      [
       -82.4581473,
       27.9474542
      ],
      [
       -82.4581546,
       27.9474517
      ],
      [
       -82.4581585,
       27.9474604
      ]
     ]
    ]
   },
   "properties": {
    "text": "8",
    "id": 434,
    "tile": "r2c5",
    "rotation_view": 0,
    "in_block": true,
    "in_block_depth_px": 70,
    "surya_conf": null,
    "centre_map": [
     356552.503,
     3092237.555
    ],
    "map_epsg": 32617,
    "bbox_source_px": [
     5236,
     2490,
     5251,
     2510
    ]
   }
  },
  {
   "type": "Feature",
   "geometry": {
    "type": "Polygon",
    "coordinates": [
     [
      [
       -82.4583963,
       27.947371
      ],
      [
       -82.4583227,
       27.9473967
      ],
      [
       -82.4583137,
       27.9473763
      ],
      [
       -82.4583873,
       27.9473507
      ],
      [
       -82.4583963,
       27.947371
      ]
     ]
    ]
   },
   "properties": {
    "text": "BUILT.",
    "id": 159,
    "tile": "r2c4",
    "rotation_view": 0,
    "in_block": true,
    "in_block_depth_px": 104,
    "surya_conf": null,
    "centre_map": [
     356532.504,
     3092228.526
    ],
    "map_epsg": 32617,
    "bbox_source_px": [
     4743,
     2503,
     4894,
     2550
    ]
   }
  },
  {
   "type": "Feature",
   "geometry": {
    "type": "Polygon",
    "coordinates": [
     [
      [
       -82.4587866,
       27.9472331
      ],
      [
       -82.458771,
       27.9472386
      ],
      [
       -82.4587551,
       27.9472026
      ],
      [
       -82.4587707,
       27.9471972
      ],
      [
       -82.4587866,
       27.9472331
      ]
     ]
    ]
   },
   "properties": {
    "text": "307",
    "id": 154,
    "tile": "r2c3",
    "rotation_view": 0,
    "in_block": true,
    "in_block_depth_px": 4,
    "surya_conf": null,
    "centre_map": [
     356491.387,
     3092211.753
    ],
    "map_epsg": 32617,
    "bbox_source_px": [
     3941,
     2507,
     3973,
     2590
    ]
   }
  },
  {
   "type": "Feature",
   "geometry": {
    "type": "Polygon",
    "coordinates": [
     [
      [
       -82.4585053,
       27.9473311
      ],
      [
       -82.4584341,
       27.9473559
      ],
      [
       -82.4584253,
       27.947336
      ],
      [
       -82.4584965,
       27.9473112
      ],
      [
       -82.4585053,
       27.9473311
      ]
     ]
    ]
   },
   "properties": {
    "text": "BEING",
    "id": 155,
    "tile": "r2c4",
    "rotation_view": 0,
    "in_block": true,
    "in_block_depth_px": 93,
    "surya_conf": null,
    "centre_map": [
     356521.604,
     3092224.208
    ],
    "map_epsg": 32617,
    "bbox_source_px": [
     4518,
     2507,
     4664,
     2553
    ]
   }
  },
  {
   "type": "Feature",
   "geometry": {
    "type": "Polygon",
    "coordinates": [
     [
      [
       -82.4589074,
       27.947182
      ],
      [
       -82.4589006,
       27.9471844
      ],
      [
       -82.4588964,
       27.9471749
      ],
      [
       -82.4589032,
       27.9471725
      ],
      [
       -82.4589074,
       27.947182
      ]
     ]
    ]
   },
   "properties": {
    "text": "1",
    "id": 134,
    "tile": "r2c3",
    "rotation_view": 0,
    "in_block": true,
    "in_block_depth_px": 87,
    "surya_conf": null,
    "centre_map": [
     356478.436,
     3092207.54
    ],
    "map_epsg": 32617,
    "bbox_source_px": [
     3686,
     2525,
     3700,
     2547
    ]
   }
  },
  {
   "type": "Feature",
   "geometry": {
    "type": "Polygon",
    "coordinates": [
     [
      [
       -82.4588364,
       27.9472058
      ],
      [
       -82.4588003,
       27.9472183
      ],
      [
       -82.4587925,
       27.9472006
      ],
      [
       -82.4588285,
       27.947188
      ],
      [
       -82.4588364,
       27.9472058
      ]
     ]
    ]
   },
   "properties": {
    "text": "Sal",
    "id": 133,
    "tile": "r2c3",
    "rotation_view": 0,
    "in_block": true,
    "in_block_depth_px": 71,
    "surya_conf": null,
    "centre_map": [
     356487.08,
     3092210.178
    ],
    "map_epsg": 32617,
    "bbox_source_px": [
     3831,
     2527,
     3905,
     2568
    ]
   }
  },
  {
   "type": "Feature",
   "geometry": {
    "type": "Polygon",
    "coordinates": [
     [
      [
       -82.4601308,
       27.94675
      ],
      [
       -82.4601177,
       27.9467546
      ],
      [
       -82.4601129,
       27.9467437
      ],
      [
       -82.460126,
       27.9467391
      ],
      [
       -82.4601308,
       27.94675
      ]
     ]
    ]
   },
   "properties": {
    "text": "x",
    "id": 510,
    "tile": "r2c1",
    "rotation_view": 0,
    "in_block": false,
    "in_block_depth_px": -152,
    "surya_conf": null,
    "centre_map": [
     356357.839,
     3092161.154
    ],
    "map_epsg": 32617,
    "bbox_source_px": [
     1172,
     2537,
     1199,
     2562
    ]
   }
  },
  {
   "type": "Feature",
   "geometry": {
    "type": "Polygon",
    "coordinates": [
     [
      [
       -82.4597913,
       27.9468652
      ],
      [
       -82.459766,
       27.946874
      ],
      [
       -82.4597589,
       27.946858
      ],
      [
       -82.4597843,
       27.9468492
      ],
      [
       -82.4597913,
       27.9468652
      ]
     ]
    ]
   },
   "properties": {
    "text": "2\u00bd",
    "id": 119,
    "tile": "r2c1",
    "rotation_view": 0,
    "in_block": true,
    "in_block_depth_px": 22,
    "surya_conf": null,
    "centre_map": [
     356392.106,
     3092173.462
    ],
    "map_epsg": 32617,
    "bbox_source_px": [
     1866,
     2543,
     1918,
     2580
    ]
   }
  },
  {
   "type": "Feature",
   "geometry": {
    "type": "Polygon",
    "coordinates": [
     [
      [
       -82.4601097,
       27.9467429
      ],
      [
       -82.4598016,
       27.9468502
      ],
      [
       -82.4597903,
       27.9468246
      ],
      [
       -82.4600984,
       27.9467173
      ],
      [
       -82.4601097,
       27.9467429
      ]
     ]
    ]
   },
   "properties": {
    "text": "COMMERCIAL Co. W.Ho.",
    "id": 465,
    "tile": "r2c1",
    "rotation_view": 0,
    "in_block": true,
    "in_block_depth_px": 58,
    "surya_conf": null,
    "centre_map": [
     356374.799,
     3092165.038
    ],
    "map_epsg": 32617,
    "bbox_source_px": [
     1204,
     2566,
     1836,
     2625
    ]
   }
  },
  {
   "type": "Feature",
   "geometry": {
    "type": "Polygon",
    "coordinates": [
     [
      [
       -82.4585711,
       27.9472777
      ],
      [
       -82.458555,
       27.9472833
      ],
      [
       -82.4585397,
       27.9472487
      ],
      [
       -82.4585558,
       27.947243
      ],
      [
       -82.4585711,
       27.9472777
      ]
     ]
    ]
   },
   "properties": {
    "text": "320.",
    "id": 273,
    "tile": "r2c4",
    "rotation_view": 0,
    "in_block": true,
    "in_block_depth_px": 8,
    "surya_conf": null,
    "centre_map": [
     356512.641,
     3092216.518
    ],
    "map_epsg": 32617,
    "bbox_source_px": [
     4359,
     2568,
     4392,
     2648
    ]
   }
  },
  {
   "type": "Feature",
   "geometry": {
    "type": "Polygon",
    "coordinates": [
     [
      [
       -82.4583486,
       27.9473547
      ],
      [
       -82.4583369,
       27.9473588
      ],
      [
       -82.4583336,
       27.9473514
      ],
      [
       -82.4583454,
       27.9473473
      ],
      [
       -82.4583486,
       27.9473547
      ]
     ]
    ]
   },
   "properties": {
    "text": "0\"",
    "id": 97,
    "tile": "r2c4",
    "rotation_view": 0,
    "in_block": true,
    "in_block_depth_px": 154,
    "surya_conf": null,
    "centre_map": [
     356533.844,
     3092226.223
    ],
    "map_epsg": 32617,
    "bbox_source_px": [
     4815,
     2569,
     4839,
     2586
    ]
   }
  },
  {
   "type": "Feature",
   "geometry": {
    "type": "Polygon",
    "coordinates": [
     [
      [
       -82.4585449,
       27.9472858
      ],
      [
       -82.4585303,
       27.9472909
      ],
      [
       -82.4585268,
       27.9472831
      ],
      [
       -82.4585414,
       27.947278
      ],
      [
       -82.4585449,
       27.9472858
      ]
     ]
    ]
   },
   "properties": {
    "text": "12\"",
    "id": 199,
    "tile": "r2c4",
    "rotation_view": 0,
    "in_block": true,
    "in_block_depth_px": 38,
    "surya_conf": null,
    "centre_map": [
     356514.594,
     3092218.855
    ],
    "map_epsg": 32617,
    "bbox_source_px": [
     4412,
     2570,
     4442,
     2588
    ]
   }
  },
  {
   "type": "Feature",
   "geometry": {
    "type": "Polygon",
    "coordinates": [
     [
      [
       -82.458444,
       27.947321
      ],
      [
       -82.4584308,
       27.9473255
      ],
      [
       -82.458427,
       27.9473169
      ],
      [
       -82.4584401,
       27.9473123
      ],
      [
       -82.458444,
       27.947321
      ]
     ]
    ]
   },
   "properties": {
    "text": "8\"",
    "id": 93,
    "tile": "r2c4",
    "rotation_view": 0,
    "in_block": true,
    "in_block_depth_px": 143,
    "surya_conf": null,
    "centre_map": [
     356524.516,
     3092222.555
    ],
    "map_epsg": 32617,
    "bbox_source_px": [
     4619,
     2570,
     4646,
     2590
    ]
   }
  },
  {
   "type": "Feature",
   "geometry": {
    "type": "Polygon",
    "coordinates": [
     [
      [
       -82.4602129,
       27.9467039
      ],
      [
       -82.4601236,
       27.946735
      ],
      [
       -82.4601139,
       27.9467129
      ],
      [
       -82.4602031,
       27.9466818
      ],
      [
       -82.4602129,
       27.9467039
      ]
     ]
    ]
   },
   "properties": {
    "text": "TAMPA",
    "id": 386,
    "tile": "r2c0",
    "rotation_view": 0,
    "in_block": false,
    "in_block_depth_px": -249,
    "surya_conf": null,
    "centre_map": [
     356353.702,
     3092156.944
    ],
    "map_epsg": 32617,
    "bbox_source_px": [
     990,
     2572,
     1173,
     2623
    ]
   }
  },
  {
   "type": "Feature",
   "geometry": {
    "type": "Polygon",
    "coordinates": [
     [
      [
       -82.4582632,
       27.9473829
      ],
      [
       -82.458251,
       27.9473872
      ],
      [
       -82.4582476,
       27.9473794
      ],
      [
       -82.4582598,
       27.9473751
      ],
      [
       -82.4582632,
       27.9473829
      ]
     ]
    ]
   },
   "properties": {
    "text": "12",
    "id": 160,
    "tile": "r2c4",
    "rotation_view": 0,
    "in_block": true,
    "in_block_depth_px": 150,
    "surya_conf": null,
    "centre_map": [
     356542.317,
     3092229.238
    ],
    "map_epsg": 32617,
    "bbox_source_px": [
     4989,
     2572,
     5014,
     2590
    ]
   }
  },
  {
   "type": "Feature",
   "geometry": {
    "type": "Polygon",
    "coordinates": [
     [
      [
       -82.4581377,
       27.9474146
      ],
      [
       -82.4581299,
       27.9474174
      ],
      [
       -82.4581261,
       27.9474087
      ],
      [
       -82.4581339,
       27.947406
      ],
      [
       -82.4581377,
       27.9474146
      ]
     ]
    ]
   },
   "properties": {
    "text": "4",
    "id": 475,
    "tile": "r2c4",
    "rotation_view": 0,
    "in_block": true,
    "in_block_depth_px": 176,
    "surya_conf": null,
    "centre_map": [
     356554.508,
     3092232.474
    ],
    "map_epsg": 32617,
    "bbox_source_px": [
     5237,
     2596,
     5253,
     2616
    ]
   }
  },
  {
   "type": "Feature",
   "geometry": {
    "type": "Polygon",
    "coordinates": [
     [
      [
       -82.4587863,
       27.9471803
      ],
      [
       -82.4587775,
       27.9471833
      ],
      [
       -82.4587745,
       27.9471764
      ],
      [
       -82.4587832,
       27.9471733
      ],
      [
       -82.4587863,
       27.9471803
      ]
     ]
    ]
   },
   "properties": {
    "text": "x",
    "id": 73,
    "tile": "r2c3",
    "rotation_view": 0,
    "in_block": true,
    "in_block_depth_px": 25,
    "surya_conf": null,
    "centre_map": [
     356490.396,
     3092207.383
    ],
    "map_epsg": 32617,
    "bbox_source_px": [
     3900,
     2613,
     3918,
     2629
    ]
   }
  },
  {
   "type": "Feature",
   "geometry": {
    "type": "Polygon",
    "coordinates": [
     [
      [
       -82.4588866,
       27.9471438
      ],
      [
       -82.4588774,
       27.947147
      ],
      [
       -82.4588735,
       27.9471384
      ],
      [
       -82.4588828,
       27.9471352
      ],
      [
       -82.4588866,
       27.9471438
      ]
     ]
    ]
   },
   "properties": {
    "text": "0",
    "id": 49,
    "tile": "r2c3",
    "rotation_view": 0,
    "in_block": true,
    "in_block_depth_px": 177,
    "surya_conf": null,
    "centre_map": [
     356480.536,
     3092203.376
    ],
    "map_epsg": 32617,
    "bbox_source_px": [
     3693,
     2616,
     3712,
     2636
    ]
   }
  },
  {
   "type": "Feature",
   "geometry": {
    "type": "Polygon",
    "coordinates": [
     [
      [
       -82.4597753,
       27.9468328
      ],
      [
       -82.4597592,
       27.9468384
      ],
      [
       -82.4597537,
       27.9468259
      ],
      [
       -82.4597698,
       27.9468203
      ],
      [
       -82.4597753,
       27.9468328
      ]
     ]
    ]
   },
   "properties": {
    "text": "EL",
    "id": 64,
    "tile": "r2c1",
    "rotation_view": 0,
    "in_block": true,
    "in_block_depth_px": 40,
    "surya_conf": null,
    "centre_map": [
     356393.106,
     3092169.873
    ],
    "map_epsg": 32617,
    "bbox_source_px": [
     1869,
     2619,
     1902,
     2648
    ]
   }
  },
  {
   "type": "Feature",
   "geometry": {
    "type": "Polygon",
    "coordinates": [
     [
      [
       -82.4589576,
       27.9471161
      ],
      [
       -82.4589177,
       27.94713
      ],
      [
       -82.4589121,
       27.9471175
      ],
      [
       -82.4589521,
       27.9471035
      ],
      [
       -82.4589576,
       27.9471161
      ]
     ]
    ]
   },
   "properties": {
    "text": "TANK",
    "id": 63,
    "tile": "r2c3",
    "rotation_view": 0,
    "in_block": true,
    "in_block_depth_px": 187,
    "surya_conf": null,
    "centre_map": [
     356475.113,
     3092200.745
    ],
    "map_epsg": 32617,
    "bbox_source_px": [
     3545,
     2622,
     3627,
     2651
    ]
   }
  },
  {
   "type": "Feature",
   "geometry": {
    "type": "Polygon",
    "coordinates": [
     [
      [
       -82.4582038,
       27.9473771
      ],
      [
       -82.4581887,
       27.9473824
      ],
      [
       -82.4581497,
       27.9472941
      ],
      [
       -82.4581648,
       27.9472888
      ],
      [
       -82.4582038,
       27.9473771
      ]
     ]
    ]
   },
   "properties": {
    "text": "AROUND.",
    "id": 306,
    "tile": "r2c4",
    "rotation_view": 0,
    "in_block": true,
    "in_block_depth_px": 297,
    "surya_conf": null,
    "centre_map": [
     356549.992,
     3092224.098
    ],
    "map_epsg": 32617,
    "bbox_source_px": [
     5090,
     2625,
     5121,
     2829
    ]
   }
  },
  {
   "type": "Feature",
   "geometry": {
    "type": "Polygon",
    "coordinates": [
     [
      [
       -82.4581298,
       27.9473929
      ],
      [
       -82.4581132,
       27.9473987
      ],
      [
       -82.458109,
       27.9473892
      ],
      [
       -82.4581256,
       27.9473834
      ],
      [
       -82.4581298,
       27.9473929
      ]
     ]
    ]
   },
   "properties": {
    "text": "16\"",
    "id": 499,
    "tile": "r2c4",
    "rotation_view": 0,
    "in_block": true,
    "in_block_depth_px": 226,
    "surya_conf": null,
    "centre_map": [
     356555.709,
     3092230.174
    ],
    "map_epsg": 32617,
    "bbox_source_px": [
     5234,
     2645,
     5268,
     2667
    ]
   }
  },
  {
   "type": "Feature",
   "geometry": {
    "type": "Polygon",
    "coordinates": [
     [
      [
       -82.4582106,
       27.9473633
      ],
      [
       -82.4582004,
       27.9473668
      ],
      [
       -82.4581843,
       27.9473305
      ],
      [
       -82.4581946,
       27.9473269
      ],
      [
       -82.4582106,
       27.9473633
      ]
     ]
    ]
   },
   "properties": {
    "text": "CLAD",
    "id": 259,
    "tile": "r2c4",
    "rotation_view": 0,
    "in_block": true,
    "in_block_depth_px": 259,
    "surya_conf": null,
    "centre_map": [
     356547.968,
     3092225.371
    ],
    "map_epsg": 32617,
    "bbox_source_px": [
     5067,
     2648,
     5088,
     2732
    ]
   }
  },
  {
   "type": "Feature",
   "geometry": {
    "type": "Polygon",
    "coordinates": [
     [
      [
       -82.4597334,
       27.946813
      ],
      [
       -82.4597153,
       27.9468192
      ],
      [
       -82.4597077,
       27.9468019
      ],
      [
       -82.4597257,
       27.9467956
      ],
      [
       -82.4597334,
       27.946813
      ]
     ]
    ]
   },
   "properties": {
    "text": "B",
    "id": 120,
    "tile": "r2c1",
    "rotation_view": 0,
    "in_block": false,
    "in_block_depth_px": -16,
    "surya_conf": null,
    "centre_map": [
     356397.405,
     3092167.395
    ],
    "map_epsg": 32617,
    "bbox_source_px": [
     1928,
     2688,
     1965,
     2728
    ]
   }
  },
  {
   "type": "Feature",
   "geometry": {
    "type": "Polygon",
    "coordinates": [
     [
      [
       -82.4588149,
       27.9471329
      ],
      [
       -82.4588071,
       27.9471356
      ],
      [
       -82.4588032,
       27.9471269
      ],
      [
       -82.458811,
       27.9471242
      ],
      [
       -82.4588149,
       27.9471329
      ]
     ]
    ]
   },
   "properties": {
    "text": "1",
    "id": 17,
    "tile": "r2c3",
    "rotation_view": 0,
    "in_block": true,
    "in_block_depth_px": 115,
    "surya_conf": null,
    "centre_map": [
     356487.512,
     3092202.049
    ],
    "map_epsg": 32617,
    "bbox_source_px": [
     3812,
     2688,
     3828,
     2708
    ]
   }
  },
  {
   "type": "Feature",
   "geometry": {
    "type": "Polygon",
    "coordinates": [
     [
      [
       -82.4588026,
       27.9471356
      ],
      [
       -82.4587914,
       27.9471395
      ],
      [
       -82.4587877,
       27.9471313
      ],
      [
       -82.4587989,
       27.9471274
      ],
      [
       -82.4588026,
       27.9471356
      ]
     ]
    ]
   },
   "properties": {
    "text": "0",
    "id": 32,
    "tile": "r2c3",
    "rotation_view": 0,
    "in_block": true,
    "in_block_depth_px": 88,
    "surya_conf": null,
    "centre_map": [
     356488.882,
     3092202.43
    ],
    "map_epsg": 32617,
    "bbox_source_px": [
     3836,
     2691,
     3859,
     2710
    ]
   }
  },
  {
   "type": "Feature",
   "geometry": {
    "type": "Polygon",
    "coordinates": [
     [
      [
       -82.4580365,
       27.9473969
      ],
      [
       -82.4580272,
       27.9474002
      ],
      [
       -82.4580236,
       27.9473919
      ],
      [
       -82.4580329,
       27.9473887
      ],
      [
       -82.4580365,
       27.9473969
      ]
     ]
    ]
   },
   "properties": {
    "text": "2",
    "id": 630,
    "tile": "r2c4",
    "rotation_view": 0,
    "in_block": true,
    "in_block_depth_px": 215,
    "surya_conf": null,
    "centre_map": [
     356564.505,
     3092230.445
    ],
    "map_epsg": 32617,
    "bbox_source_px": [
     5403,
     2702,
     5422,
     2721
    ]
   }
  },
  {
   "type": "Feature",
   "geometry": {
    "type": "Polygon",
    "coordinates": [
     [
      [
       -82.458117,
       27.9473679
      ],
      [
       -82.4581088,
       27.9473708
      ],
      [
       -82.4581055,
       27.9473634
      ],
      [
       -82.4581138,
       27.9473605
      ],
      [
       -82.458117,
       27.9473679
      ]
     ]
    ]
   },
   "properties": {
    "text": "3",
    "id": 478,
    "tile": "r2c4",
    "rotation_view": 0,
    "in_block": true,
    "in_block_depth_px": 283,
    "surya_conf": null,
    "centre_map": [
     356556.475,
     3092227.351
    ],
    "map_epsg": 32617,
    "bbox_source_px": [
     5237,
     2704,
     5254,
     2721
    ]
   }
  },
  {
   "type": "Feature",
   "geometry": {
    "type": "Polygon",
    "coordinates": [
     [
      [
       -82.4582535,
       27.9473189
      ],
      [
       -82.4582452,
       27.9473218
      ],
      [
       -82.4582417,
       27.947314
      ],
      [
       -82.45825,
       27.9473111
      ],
      [
       -82.4582535,
       27.9473189
      ]
     ]
    ]
   },
   "properties": {
    "text": "8",
    "id": 121,
    "tile": "r2c4",
    "rotation_view": 0,
    "in_block": true,
    "in_block_depth_px": 290,
    "surya_conf": null,
    "centre_map": [
     356542.997,
     3092222.057
    ],
    "map_epsg": 32617,
    "bbox_source_px": [
     4956,
     2707,
     4973,
     2725
    ]
   }
  },
  {
   "type": "Feature",
   "geometry": {
    "type": "Polygon",
    "coordinates": [
     [
      [
       -82.4583041,
       27.9472972
      ],
      [
       -82.4582929,
       27.9473011
      ],
      [
       -82.4582896,
       27.9472938
      ],
      [
       -82.4583009,
       27.9472899
      ],
      [
       -82.4583041,
       27.9472972
      ]
     ]
    ]
   },
   "properties": {
    "text": "W",
    "id": 38,
    "tile": "r2c4",
    "rotation_view": 0,
    "in_block": true,
    "in_block_depth_px": 299,
    "surya_conf": null,
    "centre_map": [
     356538.121,
     3092219.798
    ],
    "map_epsg": 32617,
    "bbox_source_px": [
     4849,
     2715,
     4872,
     2732
    ]
   }
  },
  {
   "type": "Feature",
   "geometry": {
    "type": "Polygon",
    "coordinates": [
     [
      [
       -82.4583481,
       27.9472809
      ],
      [
       -82.4583398,
       27.9472838
      ],
      [
       -82.4583371,
       27.9472777
      ],
      [
       -82.4583454,
       27.9472749
      ],
      [
       -82.4583481,
       27.9472809
      ]
     ]
    ]
   },
   "properties": {
    "text": "0",
    "id": 6,
    "tile": "r2c4",
    "rotation_view": 0,
    "in_block": true,
    "in_block_depth_px": 298,
    "surya_conf": null,
    "centre_map": [
     356533.6,
     3092218.06
    ],
    "map_epsg": 32617,
    "bbox_source_px": [
     4758,
     2717,
     4775,
     2731
    ]
   }
  },
  {
   "type": "Feature",
   "geometry": {
    "type": "Polygon",
    "coordinates": [
     [
      [
       -82.458505,
       27.9472248
      ],
      [
       -82.4584938,
       27.9472287
      ],
      [
       -82.4584905,
       27.9472213
      ],
      [
       -82.4585017,
       27.9472174
      ],
      [
       -82.458505,
       27.9472248
      ]
     ]
    ]
   },
   "properties": {
    "text": "W",
    "id": 168,
    "tile": "r2c4",
    "rotation_view": 0,
    "in_block": true,
    "in_block_depth_px": 42,
    "surya_conf": null,
    "centre_map": [
     356518.261,
     3092212.006
    ],
    "map_epsg": 32617,
    "bbox_source_px": [
     4435,
     2720,
     4458,
     2737
    ]
   }
  },
  {
   "type": "Feature",
   "geometry": {
    "type": "Polygon",
    "coordinates": [
     [
      [
       -82.4584611,
       27.9472401
      ],
      [
       -82.4584548,
       27.9472423
      ],
      [
       -82.4584515,
       27.9472349
      ],
      [
       -82.4584579,
       27.9472327
      ],
      [
       -82.4584611,
       27.9472401
      ]
     ]
    ]
   },
   "properties": {
    "text": "1",
    "id": 82,
    "tile": "r2c4",
    "rotation_view": 0,
    "in_block": true,
    "in_block_depth_px": 126,
    "surya_conf": null,
    "centre_map": [
     356522.357,
     3092213.557
    ],
    "map_epsg": 32617,
    "bbox_source_px": [
     4525,
     2720,
     4538,
     2737
    ]
   }
  },
  {
   "type": "Feature",
   "geometry": {
    "type": "Polygon",
    "coordinates": [
     [
      [
       -82.458426,
       27.9472523
      ],
      [
       -82.4584168,
       27.9472555
      ],
      [
       -82.4584135,
       27.9472482
      ],
      [
       -82.4584228,
       27.9472449
      ],
      [
       -82.458426,
       27.9472523
      ]
     ]
    ]
   },
   "properties": {
    "text": "0",
    "id": 33,
    "tile": "r2c4",
    "rotation_view": 0,
    "in_block": true,
    "in_block_depth_px": 201,
    "surya_conf": null,
    "centre_map": [
     356525.972,
     3092214.925
    ],
    "map_epsg": 32617,
    "bbox_source_px": [
     4597,
     2720,
     4616,
     2737
    ]
   }
  },
  {
   "type": "Feature",
   "geometry": {
    "type": "Polygon",
    "coordinates": [
     [
      [
       -82.4583909,
       27.9472645
      ],
      [
       -82.4583812,
       27.9472679
      ],
      [
       -82.4583779,
       27.9472605
      ],
      [
       -82.4583877,
       27.9472572
      ],
      [
       -82.4583909,
       27.9472645
      ]
     ]
    ]
   },
   "properties": {
    "text": "0",
    "id": 5,
    "tile": "r2c4",
    "rotation_view": 0,
    "in_block": true,
    "in_block_depth_px": 273,
    "surya_conf": null,
    "centre_map": [
     356529.465,
     3092216.247
    ],
    "map_epsg": 32617,
    "bbox_source_px": [
     4669,
     2720,
     4689,
     2737
    ]
   }
  },
  {
   "type": "Feature",
   "geometry": {
    "type": "Polygon",
    "coordinates": [
     [
      [
       -82.458193,
       27.9473234
      ],
      [
       -82.4581828,
       27.947327
      ],
      [
       -82.4581675,
       27.9472924
      ],
      [
       -82.4581777,
       27.9472888
      ],
      [
       -82.458193,
       27.9473234
      ]
     ]
    ]
   },
   "properties": {
    "text": "IRON",
    "id": 260,
    "tile": "r2c4",
    "rotation_view": 0,
    "in_block": true,
    "in_block_depth_px": 348,
    "surya_conf": null,
    "centre_map": [
     356549.61,
     3092221.033
    ],
    "map_epsg": 32617,
    "bbox_source_px": [
     5067,
     2740,
     5088,
     2820
    ]
   }
  },
  {
   "type": "Feature",
   "geometry": {
    "type": "Polygon",
    "coordinates": [
     [
      [
       -82.4581817,
       27.9473259
      ],
      [
       -82.4581686,
       27.9473304
      ],
      [
       -82.4581525,
       27.9472941
      ],
      [
       -82.4581657,
       27.9472895
      ],
      [
       -82.4581817,
       27.9473259
      ]
     ]
    ]
   },
   "properties": {
    "text": "ALL",
    "id": 297,
    "tile": "r2c4",
    "rotation_view": 0,
    "in_block": true,
    "in_block_depth_px": 355,
    "surya_conf": null,
    "centre_map": [
     356550.906,
     3092221.248
    ],
    "map_epsg": 32617,
    "bbox_source_px": [
     5089,
     2743,
     5116,
     2827
    ]
   }
  },
  {
   "type": "Feature",
   "geometry": {
    "type": "Polygon",
    "coordinates": [
     [
      [
       -82.4600651,
       27.9466675
      ],
      [
       -82.4600227,
       27.9466822
      ],
      [
       -82.4600174,
       27.9466701
      ],
      [
       -82.4600598,
       27.9466553
      ],
      [
       -82.4600651,
       27.9466675
      ]
     ]
    ]
   },
   "properties": {
    "text": "TANK.",
    "id": 433,
    "tile": "r2c1",
    "rotation_view": 0,
    "in_block": false,
    "in_block_depth_px": -78,
    "surya_conf": null,
    "centre_map": [
     356365.667,
     3092152.408
    ],
    "map_epsg": 32617,
    "bbox_source_px": [
     1224,
     2748,
     1311,
     2776
    ]
   }
  },
  {
   "type": "Feature",
   "geometry": {
    "type": "Polygon",
    "coordinates": [
     [
      [
       -82.4580991,
       27.9473312
      ],
      [
       -82.4580909,
       27.947334
      ],
      [
       -82.4580868,
       27.9473249
      ],
      [
       -82.4580951,
       27.9473221
      ],
      [
       -82.4580991,
       27.9473312
      ]
     ]
    ]
   },
   "properties": {
    "text": "D",
    "id": 482,
    "tile": "r2c4",
    "rotation_view": 0,
    "in_block": true,
    "in_block_depth_px": 371,
    "surya_conf": null,
    "centre_map": [
     356558.225,
     3092223.164
    ],
    "map_epsg": 32617,
    "bbox_source_px": [
     5240,
     2790,
     5257,
     2811
    ]
   }
  },
  {
   "type": "Feature",
   "geometry": {
    "type": "Polygon",
    "coordinates": [
     [
      [
       -82.4597299,
       27.9467592
      ],
      [
       -82.4597172,
       27.9467636
      ],
      [
       -82.4597124,
       27.9467528
      ],
      [
       -82.4597251,
       27.9467484
      ],
      [
       -82.4597299,
       27.9467592
      ]
     ]
    ]
   },
   "properties": {
    "text": "x",
    "id": 76,
    "tile": "r2c1",
    "rotation_view": 0,
    "in_block": true,
    "in_block_depth_px": 24,
    "surya_conf": null,
    "centre_map": [
     356397.274,
     3092161.699
    ],
    "map_epsg": 32617,
    "bbox_source_px": [
     1892,
     2798,
     1918,
     2823
    ]
   }
  },
  {
   "type": "Feature",
   "geometry": {
    "type": "Polygon",
    "coordinates": [
     [
      [
       -82.4583847,
       27.9472262
      ],
      [
       -82.4583491,
       27.9472386
      ],
      [
       -82.4583443,
       27.9472278
      ],
      [
       -82.4583799,
       27.9472154
      ],
      [
       -82.4583847,
       27.9472262
      ]
     ]
    ]
   },
   "properties": {
    "text": "TANK.",
    "id": 10,
    "tile": "r2c4",
    "rotation_view": 0,
    "in_block": true,
    "in_block_depth_px": 279,
    "surya_conf": null,
    "centre_map": [
     356531.377,
     3092212.287
    ],
    "map_epsg": 32617,
    "bbox_source_px": [
     4650,
     2801,
     4723,
     2826
    ]
   }
  },
  {
   "type": "Feature",
   "geometry": {
    "type": "Polygon",
    "coordinates": [
     [
      [
       -82.4601593,
       27.9466017
      ],
      [
       -82.4600116,
       27.9466531
      ],
      [
       -82.4599976,
       27.9466215
      ],
      [
       -82.4601453,
       27.9465701
      ],
      [
       -82.4601593,
       27.9466017
      ]
     ]
    ]
   },
   "properties": {
    "text": "PIER No.2.",
    "id": 552,
    "tile": "r2c0",
    "rotation_view": 0,
    "in_block": false,
    "in_block_depth_px": -190,
    "surya_conf": null,
    "centre_map": [
     356361.932,
     3092146.119
    ],
    "map_epsg": 32617,
    "bbox_source_px": [
     1005,
     2814,
     1308,
     2887
    ]
   }
  },
  {
   "type": "Feature",
   "geometry": {
    "type": "Polygon",
    "coordinates": [
     [
      [
       -82.4593277,
       27.9468853
      ],
      [
       -82.4593096,
       27.9468916
      ],
      [
       -82.4592949,
       27.9468583
      ],
      [
       -82.459313,
       27.946852
      ],
      [
       -82.4593277,
       27.9468853
      ]
     ]
    ]
   },
   "properties": {
    "text": "220",
    "id": 20,
    "tile": "r2c2",
    "rotation_view": 0,
    "in_block": true,
    "in_block_depth_px": 7,
    "surya_conf": null,
    "centre_map": [
     356437.753,
     3092174.044
    ],
    "map_epsg": 32617,
    "bbox_source_px": [
     2706,
     2826,
     2743,
     2903
    ]
   }
  },
  {
   "type": "Feature",
   "geometry": {
    "type": "Polygon",
    "coordinates": [
     [
      [
       -82.4594087,
       27.9468536
      ],
      [
       -82.4593444,
       27.946876
      ],
      [
       -82.4592668,
       27.9467002
      ],
      [
       -82.4593311,
       27.9466778
      ],
      [
       -82.4594087,
       27.9468536
      ]
     ]
    ]
   },
   "properties": {
    "text": "ASHLEY",
    "id": 376,
    "tile": "r2c2",
    "rotation_view": 0,
    "in_block": false,
    "in_block_depth_px": -162,
    "surya_conf": null,
    "centre_map": [
     356435.026,
     3092163.562
    ],
    "map_epsg": 32617,
    "bbox_source_px": [
     2537,
     2833,
     2669,
     3239
    ]
   }
  },
  {
   "type": "Feature",
   "geometry": {
    "type": "Polygon",
    "coordinates": [
     [
      [
       -82.4580834,
       27.9472982
      ],
      [
       -82.4580756,
       27.9473009
      ],
      [
       -82.4580714,
       27.9472913
      ],
      [
       -82.4580792,
       27.9472886
      ],
      [
       -82.4580834,
       27.9472982
      ]
     ]
    ]
   },
   "properties": {
    "text": "N",
    "id": 483,
    "tile": "r2c4",
    "rotation_view": 0,
    "in_block": true,
    "in_block_depth_px": 394,
    "surya_conf": null,
    "centre_map": [
     356559.71,
     3092219.457
    ],
    "map_epsg": 32617,
    "bbox_source_px": [
     5242,
     2867,
     5258,
     2889
    ]
   }
  },
  {
   "type": "Feature",
   "geometry": {
    "type": "Polygon",
    "coordinates": [
     [
      [
       -82.4596927,
       27.9467247
      ],
      [
       -82.4596732,
       27.9467315
      ],
      [
       -82.4596644,
       27.9467116
      ],
      [
       -82.4596839,
       27.9467048
      ],
      [
       -82.4596927,
       27.9467247
      ]
     ]
    ]
   },
   "properties": {
    "text": "A",
    "id": 124,
    "tile": "r2c1",
    "rotation_view": 0,
    "in_block": false,
    "in_block_depth_px": -24,
    "surya_conf": null,
    "centre_map": [
     356401.415,
     3092157.453
    ],
    "map_epsg": 32617,
    "bbox_source_px": [
     1931,
     2893,
     1971,
     2939
    ]
   }
  },
  {
   "type": "Feature",
   "geometry": {
    "type": "Polygon",
    "coordinates": [
     [
      [
       -82.4584988,
       27.9471355
      ],
      [
       -82.4584807,
       27.9471418
      ],
      [
       -82.458467,
       27.9471106
      ],
      [
       -82.458485,
       27.9471044
      ],
      [
       -82.4584988,
       27.9471355
      ]
     ]
    ]
   },
   "properties": {
    "text": "319",
    "id": 250,
    "tile": "r2c4",
    "rotation_view": 0,
    "in_block": true,
    "in_block_depth_px": 10,
    "surya_conf": null,
    "centre_map": [
     356519.594,
     3092200.913
    ],
    "map_epsg": 32617,
    "bbox_source_px": [
     4376,
     2903,
     4413,
     2975
    ]
   }
  },
  {
   "type": "Feature",
   "geometry": {
    "type": "Polygon",
    "coordinates": [
     [
      [
       -82.4583619,
       27.9471797
      ],
      [
       -82.4583521,
       27.9471831
      ],
      [
       -82.4583477,
       27.9471731
      ],
      [
       -82.4583575,
       27.9471697
      ],
      [
       -82.4583619,
       27.9471797
      ]
     ]
    ]
   },
   "properties": {
    "text": "7",
    "id": 40,
    "tile": "r2c4",
    "rotation_view": 0,
    "in_block": true,
    "in_block_depth_px": 254,
    "surya_conf": null,
    "centre_map": [
     356532.263,
     3092206.672
    ],
    "map_epsg": 32617,
    "bbox_source_px": [
     4654,
     2910,
     4674,
     2933
    ]
   }
  },
  {
   "type": "Feature",
   "geometry": {
    "type": "Polygon",
    "coordinates": [
     [
      [
       -82.4597061,
       27.9467091
      ],
      [
       -82.4596948,
       27.946713
      ],
      [
       -82.4596904,
       27.946703
      ],
      [
       -82.4597017,
       27.9466991
      ],
      [
       -82.4597061,
       27.9467091
      ]
     ]
    ]
   },
   "properties": {
    "text": "x",
    "id": 77,
    "tile": "r2c1",
    "rotation_view": 0,
    "in_block": true,
    "in_block_depth_px": 21,
    "surya_conf": null,
    "centre_map": [
     356399.462,
     3092156.136
    ],
    "map_epsg": 32617,
    "bbox_source_px": [
     1895,
     2915,
     1918,
     2938
    ]
   }
  },
  {
   "type": "Feature",
   "geometry": {
    "type": "Polygon",
    "coordinates": [
     [
      [
       -82.4584397,
       27.9471496
      ],
      [
       -82.4583978,
       27.9471642
      ],
      [
       -82.4583892,
       27.9471447
      ],
      [
       -82.4584311,
       27.9471301
      ],
      [
       -82.4584397,
       27.9471496
      ]
     ]
    ]
   },
   "properties": {
    "text": "Dm's",
    "id": 114,
    "tile": "r2c4",
    "rotation_view": 0,
    "in_block": true,
    "in_block_depth_px": 128,
    "surya_conf": null,
    "centre_map": [
     356526.356,
     3092203.5
    ],
    "map_epsg": 32617,
    "bbox_source_px": [
     4492,
     2916,
     4578,
     2961
    ]
   }
  },
  {
   "type": "Feature",
   "geometry": {
    "type": "Polygon",
    "coordinates": [
     [
      [
       -82.4583526,
       27.947165
      ],
      [
       -82.4583443,
       27.9471679
      ],
      [
       -82.4583407,
       27.9471596
      ],
      [
       -82.4583489,
       27.9471567
      ],
      [
       -82.4583526,
       27.947165
      ]
     ]
    ]
   },
   "properties": {
    "text": "x",
    "id": 53,
    "tile": "r2c4",
    "rotation_view": 0,
    "in_block": true,
    "in_block_depth_px": 257,
    "surya_conf": null,
    "centre_map": [
     356533.052,
     3092205.097
    ],
    "map_epsg": 32617,
    "bbox_source_px": [
     4659,
     2946,
     4676,
     2965
    ]
   }
  },
  {
   "type": "Feature",
   "geometry": {
    "type": "Polygon",
    "coordinates": [
     [
      [
       -82.4579815,
       27.9472927
      ],
      [
       -82.4579717,
       27.9472961
      ],
      [
       -82.4579685,
       27.9472887
      ],
      [
       -82.4579782,
       27.9472853
      ],
      [
       -82.4579815,
       27.9472927
      ]
     ]
    ]
   },
   "properties": {
    "text": "x",
    "id": 648,
    "tile": "r2c4",
    "rotation_view": 0,
    "in_block": true,
    "in_block_depth_px": 204,
    "surya_conf": null,
    "centre_map": [
     356569.787,
     3092218.89
    ],
    "map_epsg": 32617,
    "bbox_source_px": [
     5419,
     2949,
     5439,
     2966
    ]
   }
  },
  {
   "type": "Feature",
   "geometry": {
    "type": "Polygon",
    "coordinates": [
     [
      [
       -82.4582987,
       27.9471792
      ],
      [
       -82.4582904,
       27.9471821
      ],
      [
       -82.4582871,
       27.9471748
      ],
      [
       -82.4582954,
       27.9471719
      ],
      [
       -82.4582987,
       27.9471792
      ]
     ]
    ]
   },
   "properties": {
    "text": "x",
    "id": 65,
    "tile": "r2c4",
    "rotation_view": 0,
    "in_block": true,
    "in_block_depth_px": 364,
    "surya_conf": null,
    "centre_map": [
     356538.354,
     3092206.663
    ],
    "map_epsg": 32617,
    "bbox_source_px": [
     4766,
     2955,
     4783,
     2972
    ]
   }
  },
  {
   "type": "Feature",
   "geometry": {
    "type": "Polygon",
    "coordinates": [
     [
      [
       -82.4584242,
       27.947122
      ],
      [
       -82.4584159,
       27.9471249
      ],
      [
       -82.4584121,
       27.9471163
      ],
      [
       -82.4584204,
       27.9471134
      ],
      [
       -82.4584242,
       27.947122
      ]
     ]
    ]
   },
   "properties": {
    "text": "0",
    "id": 109,
    "tile": "r2c4",
    "rotation_view": 0,
    "in_block": true,
    "in_block_depth_px": 95,
    "surya_conf": null,
    "centre_map": [
     356525.958,
     3092200.402
    ],
    "map_epsg": 32617,
    "bbox_source_px": [
     4498,
     2982,
     4515,
     3002
    ]
   }
  },
  {
   "type": "Feature",
   "geometry": {
    "type": "Polygon",
    "coordinates": [
     [
      [
       -82.4584411,
       27.9471132
      ],
      [
       -82.4584328,
       27.9471161
      ],
      [
       -82.4584293,
       27.9471083
      ],
      [
       -82.4584376,
       27.9471054
      ],
      [
       -82.4584411,
       27.9471132
      ]
     ]
    ]
   },
   "properties": {
    "text": "x",
    "id": 142,
    "tile": "r2c4",
    "rotation_view": 0,
    "in_block": true,
    "in_block_depth_px": 58,
    "surya_conf": null,
    "centre_map": [
     356524.266,
     3092199.486
    ],
    "map_epsg": 32617,
    "bbox_source_px": [
     4461,
     2988,
     4478,
     3006
    ]
   }
  },
  {
   "type": "Feature",
   "geometry": {
    "type": "Polygon",
    "coordinates": [
     [
      [
       -82.4595686,
       27.94672
      ],
      [
       -82.4595252,
       27.9467351
      ],
      [
       -82.4594944,
       27.9466654
      ],
      [
       -82.4595378,
       27.9466503
      ],
      [
       -82.4595686,
       27.94672
      ]
     ]
    ]
   },
   "properties": {
    "text": "S.F.R.R.",
    "id": 466,
    "tile": "r2c1",
    "rotation_view": 0,
    "in_block": false,
    "in_block_depth_px": -293,
    "surya_conf": null,
    "centre_map": [
     356415.854,
     3092154.461
    ],
    "map_epsg": 32617,
    "bbox_source_px": [
     2148,
     2989,
     2237,
     3150
    ]
   }
  },
  {
   "type": "Feature",
   "geometry": {
    "type": "Polygon",
    "coordinates": [
     [
      [
       -82.4580571,
       27.9472384
      ],
      [
       -82.4580483,
       27.9472415
      ],
      [
       -82.4580437,
       27.9472311
      ],
      [
       -82.4580525,
       27.947228
      ],
      [
       -82.4580571,
       27.9472384
      ]
     ]
    ]
   },
   "properties": {
    "text": "W",
    "id": 489,
    "tile": "r2c4",
    "rotation_view": 0,
    "in_block": true,
    "in_block_depth_px": 382,
    "surya_conf": null,
    "centre_map": [
     356562.294,
     3092212.776
    ],
    "map_epsg": 32617,
    "bbox_source_px": [
     5242,
     3005,
     5260,
     3029
    ]
   }
  },
  {
   "type": "Feature",
   "geometry": {
    "type": "Polygon",
    "coordinates": [
     [
      [
       -82.4581737,
       27.9471943
      ],
      [
       -82.4581371,
       27.947207
      ],
      [
       -82.4581209,
       27.9471702
      ],
      [
       -82.4581575,
       27.9471575
      ],
      [
       -82.4581737,
       27.9471943
      ]
     ]
    ]
   },
   "properties": {
    "text": "4",
    "id": 237,
    "tile": "r2c4",
    "rotation_view": 0,
    "in_block": true,
    "in_block_depth_px": 594,
    "surya_conf": null,
    "centre_map": [
     356552.689,
     3092207.075
    ],
    "map_epsg": 32617,
    "bbox_source_px": [
     5000,
     3012,
     5075,
     3097
    ]
   }
  },
  {
   "type": "Feature",
   "geometry": {
    "type": "Polygon",
    "coordinates": [
     [
      [
       -82.4580637,
       27.9472216
      ],
      [
       -82.4580549,
       27.9472247
      ],
      [
       -82.4580509,
       27.9472156
      ],
      [
       -82.4580597,
       27.9472125
      ],
      [
       -82.4580637,
       27.9472216
      ]
     ]
    ]
   },
   "properties": {
    "text": "2",
    "id": 448,
    "tile": "r2c4",
    "rotation_view": 0,
    "in_block": true,
    "in_block_depth_px": 405,
    "surya_conf": null,
    "centre_map": [
     356561.591,
     3092210.995
    ],
    "map_epsg": 32617,
    "bbox_source_px": [
     5217,
     3034,
     5235,
     3055
    ]
   }
  },
  {
   "type": "Feature",
   "geometry": {
    "type": "Polygon",
    "coordinates": [
     [
      [
       -82.4589581,
       27.9468981
      ],
      [
       -82.458925,
       27.9469097
      ],
      [
       -82.4589097,
       27.946875
      ],
      [
       -82.4589428,
       27.9468635
      ],
      [
       -82.4589581,
       27.9468981
      ]
     ]
    ]
   },
   "properties": {
    "text": "5",
    "id": 249,
    "tile": "r2c3",
    "rotation_view": 0,
    "in_block": true,
    "in_block_depth_px": 536,
    "surya_conf": null,
    "centre_map": [
     356474.904,
     3092175.239
    ],
    "map_epsg": 32617,
    "bbox_source_px": [
     3373,
     3058,
     3441,
     3138
    ]
   }
  },
  {
   "type": "Feature",
   "geometry": {
    "type": "Polygon",
    "coordinates": [
     [
      [
       -82.4580583,
       27.9472055
      ],
      [
       -82.4580495,
       27.9472086
      ],
      [
       -82.4580455,
       27.9471995
      ],
      [
       -82.4580543,
       27.9471964
      ],
      [
       -82.4580583,
       27.9472055
      ]
     ]
    ]
   },
   "properties": {
    "text": "0",
    "id": 444,
    "tile": "r2c4",
    "rotation_view": 0,
    "in_block": true,
    "in_block_depth_px": 409,
    "surya_conf": null,
    "centre_map": [
     356562.103,
     3092209.205
    ],
    "map_epsg": 32617,
    "bbox_source_px": [
     5214,
     3070,
     5232,
     3091
    ]
   }
  },
  {
   "type": "Feature",
   "geometry": {
    "type": "Polygon",
    "coordinates": [
     [
      [
       -82.4595224,
       27.9466766
      ],
      [
       -82.4595034,
       27.9466833
      ],
      [
       -82.4594957,
       27.9466659
      ],
      [
       -82.4595148,
       27.9466593
      ],
      [
       -82.4595224,
       27.9466766
      ]
     ]
    ]
   },
   "properties": {
    "text": "S3",
    "id": 682,
    "tile": "r3c1",
    "rotation_view": 0,
    "in_block": false,
    "in_block_depth_px": -342,
    "surya_conf": null,
    "centre_map": [
     356418.029,
     3092152.061
    ],
    "map_epsg": 32617,
    "bbox_source_px": [
     2196,
     3108,
     2235,
     3148
    ]
   }
  },
  {
   "type": "Feature",
   "geometry": {
    "type": "Polygon",
    "coordinates": [
     [
      [
       -82.4589481,
       27.9468766
      ],
      [
       -82.4589305,
       27.9468828
      ],
      [
       -82.4589256,
       27.9468715
      ],
      [
       -82.4589431,
       27.9468654
      ],
      [
       -82.4589481,
       27.9468766
      ]
     ]
    ]
   },
   "properties": {
    "text": "C",
    "id": 684,
    "tile": "r3c2",
    "rotation_view": 0,
    "in_block": true,
    "in_block_depth_px": 552,
    "surya_conf": null,
    "centre_map": [
     356474.6,
     3092173.857
    ],
    "map_epsg": 32617,
    "bbox_source_px": [
     3374,
     3108,
     3410,
     3134
    ]
   }
  },
  {
   "type": "Feature",
   "geometry": {
    "type": "Polygon",
    "coordinates": [
     [
      [
       -82.4579018,
       27.947241
      ],
      [
       -82.4578687,
       27.9472526
      ],
      [
       -82.4578633,
       27.9472404
      ],
      [
       -82.4578965,
       27.9472289
      ],
      [
       -82.4579018,
       27.947241
      ]
     ]
    ]
   },
   "properties": {
    "text": "Vac.",
    "id": 689,
    "tile": "r3c5",
    "rotation_view": 0,
    "in_block": true,
    "in_block_depth_px": 83,
    "surya_conf": null,
    "centre_map": [
     356578.811,
     3092213.243
    ],
    "map_epsg": 32617,
    "bbox_source_px": [
     5520,
     3108,
     5588,
     3136
    ]
   }
  },
  {
   "type": "Feature",
   "geometry": {
    "type": "Polygon",
    "coordinates": [
     [
      [
       -82.4578419,
       27.9472619
      ],
      [
       -82.4578272,
       27.947267
      ],
      [
       -82.4578175,
       27.9472449
      ],
      [
       -82.4578321,
       27.9472398
      ],
      [
       -82.4578419,
       27.9472619
      ]
     ]
    ]
   },
   "properties": {
    "text": "411",
    "id": 690,
    "tile": "r3c5",
    "rotation_view": 0,
    "in_block": true,
    "in_block_depth_px": 0,
    "surya_conf": null,
    "centre_map": [
     356584.033,
     3092214.585
    ],
    "map_epsg": 32617,
    "bbox_source_px": [
     5643,
     3108,
     5673,
     3159
    ]
   }
  },
  {
   "type": "Feature",
   "geometry": {
    "type": "Polygon",
    "coordinates": [
     [
      [
       -82.4577512,
       27.9472935
      ],
      [
       -82.4577083,
       27.9473084
      ],
      [
       -82.4576247,
       27.9471192
      ],
      [
       -82.4576676,
       27.9471043
      ],
      [
       -82.4577512,
       27.9472935
      ]
     ]
    ]
   },
   "properties": {
    "text": "FRANK",
    "id": 691,
    "tile": "r3c5",
    "rotation_view": 0,
    "in_block": false,
    "in_block_depth_px": -206,
    "surya_conf": null,
    "centre_map": [
     356597.915,
     3092209.206
    ],
    "map_epsg": 32617,
    "bbox_source_px": [
     5829,
     3108,
     5917,
     3545
    ]
   }
  },
  {
   "type": "Feature",
   "geometry": {
    "type": "Polygon",
    "coordinates": [
     [
      [
       -82.458578,
       27.9469825
      ],
      [
       -82.4585371,
       27.9469968
      ],
      [
       -82.4584625,
       27.946828
      ],
      [
       -82.4585035,
       27.9468137
      ],
      [
       -82.458578,
       27.9469825
      ]
     ]
    ]
   },
   "properties": {
    "text": "TAMPA",
    "id": 616,
    "tile": "r3c3",
    "rotation_view": 0,
    "in_block": false,
    "in_block_depth_px": -211,
    "surya_conf": null,
    "centre_map": [
     356515.626,
     3092176.822
    ],
    "map_epsg": 32617,
    "bbox_source_px": [
     4115,
     3154,
     4199,
     3544
    ]
   }
  },
  {
   "type": "Feature",
   "geometry": {
    "type": "Polygon",
    "coordinates": [
     [
      [
       -82.4597937,
       27.9465572
      ],
      [
       -82.4597834,
       27.9465607
      ],
      [
       -82.4597792,
       27.9465512
      ],
      [
       -82.4597895,
       27.9465477
      ],
      [
       -82.4597937,
       27.9465572
      ]
     ]
    ]
   },
   "properties": {
    "text": "x",
    "id": 607,
    "tile": "r3c1",
    "rotation_view": 0,
    "in_block": false,
    "in_block_depth_px": -218,
    "surya_conf": null,
    "centre_map": [
     356390.584,
     3092139.415
    ],
    "map_epsg": 32617,
    "bbox_source_px": [
     1620,
     3158,
     1641,
     3180
    ]
   }
  },
  {
   "type": "Feature",
   "geometry": {
    "type": "Polygon",
    "coordinates": [
     [
      [
       -82.4586565,
       27.9469462
      ],
      [
       -82.4586399,
       27.946952
      ],
      [
       -82.4586219,
       27.9469113
      ],
      [
       -82.4586385,
       27.9469055
      ],
      [
       -82.4586565,
       27.9469462
      ]
     ]
    ]
   },
   "properties": {
    "text": "306'",
    "id": 594,
    "tile": "r3c3",
    "rotation_view": 0,
    "in_block": true,
    "in_block_depth_px": 8,
    "surya_conf": null,
    "centre_map": [
     356503.954,
     3092179.567
    ],
    "map_epsg": 32617,
    "bbox_source_px": [
     3947,
     3172,
     3981,
     3266
    ]
   }
  },
  {
   "type": "Feature",
   "geometry": {
    "type": "Polygon",
    "coordinates": [
     [
      [
       -82.4589404,
       27.9468439
      ],
      [
       -82.458855,
       27.9468736
      ],
      [
       -82.4588497,
       27.9468615
      ],
      [
       -82.458935,
       27.9468317
      ],
      [
       -82.4589404,
       27.9468439
      ]
     ]
    ]
   },
   "properties": {
    "text": "WIND MILL &",
    "id": 342,
    "tile": "r2c3",
    "rotation_view": 0,
    "in_block": true,
    "in_block_depth_px": 483,
    "surya_conf": null,
    "centre_map": [
     356478.685,
     3092171.436
    ],
    "map_epsg": 32617,
    "bbox_source_px": [
     3362,
     3179,
     3537,
     3207
    ]
   }
  },
  {
   "type": "Feature",
   "geometry": {
    "type": "Polygon",
    "coordinates": [
     [
      [
       -82.4579333,
       27.9471951
      ],
      [
       -82.4579245,
       27.9471981
      ],
      [
       -82.4579209,
       27.9471899
      ],
      [
       -82.4579297,
       27.9471869
      ],
      [
       -82.4579333,
       27.9471951
      ]
     ]
    ]
   },
   "properties": {
    "text": "2",
    "id": 589,
    "tile": "r3c5",
    "rotation_view": 0,
    "in_block": true,
    "in_block_depth_px": 200,
    "surya_conf": null,
    "centre_map": [
     356574.368,
     3092207.952
    ],
    "map_epsg": 32617,
    "bbox_source_px": [
     5428,
     3178,
     5446,
     3197
    ]
   }
  },
  {
   "type": "Feature",
   "geometry": {
    "type": "Polygon",
    "coordinates": [
     [
      [
       -82.4589359,
       27.9468299
      ],
      [
       -82.4588316,
       27.9468663
      ],
      [
       -82.4588266,
       27.946855
      ],
      [
       -82.4589309,
       27.9468187
      ],
      [
       -82.4589359,
       27.9468299
      ]
     ]
    ]
   },
   "properties": {
    "text": "ELEV'D WATER",
    "id": 374,
    "tile": "r2c3",
    "rotation_view": 0,
    "in_block": true,
    "in_block_depth_px": 453,
    "surya_conf": null,
    "centre_map": [
     356480.027,
     3092170.291
    ],
    "map_epsg": 32617,
    "bbox_source_px": [
     3359,
     3210,
     3573,
     3236
    ]
   }
  },
  {
   "type": "Feature",
   "geometry": {
    "type": "Polygon",
    "coordinates": [
     [
      [
       -82.4580179,
       27.9471497
      ],
      [
       -82.4580071,
       27.9471534
      ],
      [
       -82.4580027,
       27.9471434
      ],
      [
       -82.4580135,
       27.9471397
      ],
      [
       -82.4580179,
       27.9471497
      ]
     ]
    ]
   },
   "properties": {
    "text": "0",
    "id": 495,
    "tile": "r2c4",
    "rotation_view": 0,
    "in_block": true,
    "in_block_depth_px": 384,
    "surya_conf": null,
    "centre_map": [
     356566.12,
     3092202.957
    ],
    "map_epsg": 32617,
    "bbox_source_px": [
     5242,
     3210,
     5264,
     3233
    ]
   }
  },
  {
   "type": "Feature",
   "geometry": {
    "type": "Polygon",
    "coordinates": [
     [
      [
       -82.4584382,
       27.9470023
      ],
      [
       -82.4584217,
       27.947008
      ],
      [
       -82.4584083,
       27.9469777
      ],
      [
       -82.4584248,
       27.946972
      ],
      [
       -82.4584382,
       27.9470023
      ]
     ]
    ]
   },
   "properties": {
    "text": "3/8",
    "id": 428,
    "tile": "r2c4",
    "rotation_view": 0,
    "in_block": true,
    "in_block_depth_px": 8,
    "surya_conf": null,
    "centre_map": [
     356525.284,
     3092186.097
    ],
    "map_epsg": 32617,
    "bbox_source_px": [
     4379,
     3212,
     4413,
     3282
    ]
   }
  },
  {
   "type": "Feature",
   "geometry": {
    "type": "Polygon",
    "coordinates": [
     [
      [
       -82.4589311,
       27.9468166
      ],
      [
       -82.458879,
       27.9468348
      ],
      [
       -82.4588736,
       27.9468227
      ],
      [
       -82.4589258,
       27.9468045
      ],
      [
       -82.4589311,
       27.9468166
      ]
     ]
    ]
   },
   "properties": {
    "text": "TANKS.",
    "id": 546,
    "tile": "r3c3",
    "rotation_view": 0,
    "in_block": true,
    "in_block_depth_px": 422,
    "surya_conf": null,
    "centre_map": [
     356477.918,
     3092167.785
    ],
    "map_epsg": 32617,
    "bbox_source_px": [
     3357,
     3240,
     3464,
     3268
    ]
   }
  },
  {
   "type": "Feature",
   "geometry": {
    "type": "Polygon",
    "coordinates": [
     [
      [
       -82.4580063,
       27.9471272
      ],
      [
       -82.4579955,
       27.947131
      ],
      [
       -82.457991,
       27.9471206
      ],
      [
       -82.4580017,
       27.9471168
      ],
      [
       -82.4580063,
       27.9471272
      ]
     ]
    ]
   },
   "properties": {
    "text": "U",
    "id": 532,
    "tile": "r3c4",
    "rotation_view": 0,
    "in_block": true,
    "in_block_depth_px": 381,
    "surya_conf": null,
    "centre_map": [
     356567.241,
     3092200.434
    ],
    "map_epsg": 32617,
    "bbox_source_px": [
     5245,
     3263,
     5267,
     3287
    ]
   }
  },
  {
   "type": "Feature",
   "geometry": {
    "type": "Polygon",
    "coordinates": [
     [
      [
       -82.458016,
       27.9471173
      ],
      [
       -82.4580072,
       27.9471204
      ],
      [
       -82.458003,
       27.9471109
      ],
      [
       -82.4580118,
       27.9471078
      ],
      [
       -82.458016,
       27.9471173
      ]
     ]
    ]
   },
   "properties": {
    "text": "2",
    "id": 453,
    "tile": "r2c4",
    "rotation_view": 0,
    "in_block": true,
    "in_block_depth_px": 370,
    "surya_conf": null,
    "centre_map": [
     356566.158,
     3092199.363
    ],
    "map_epsg": 32617,
    "bbox_source_px": [
     5220,
     3276,
     5238,
     3298
    ]
   }
  },
  {
   "type": "Feature",
   "geometry": {
    "type": "Polygon",
    "coordinates": [
     [
      [
       -82.4580078,
       27.9471002
      ],
      [
       -82.4579976,
       27.9471038
      ],
      [
       -82.4579936,
       27.9470947
      ],
      [
       -82.4580038,
       27.9470911
      ],
      [
       -82.4580078,
       27.9471002
      ]
     ]
    ]
   },
   "properties": {
    "text": "O",
    "id": 461,
    "tile": "r3c4",
    "rotation_view": 0,
    "in_block": true,
    "in_block_depth_px": 331,
    "surya_conf": null,
    "centre_map": [
     356566.999,
     3092197.505
    ],
    "map_epsg": 32617,
    "bbox_source_px": [
     5221,
     3316,
     5242,
     3337
    ]
   }
  },
  {
   "type": "Feature",
   "geometry": {
    "type": "Polygon",
    "coordinates": [
     [
      [
       -82.4580072,
       27.9470974
      ],
      [
       -82.4579984,
       27.9471005
      ],
      [
       -82.4579946,
       27.9470918
      ],
      [
       -82.4580034,
       27.9470888
      ],
      [
       -82.4580072,
       27.9470974
      ]
     ]
    ]
   },
   "properties": {
    "text": "0",
    "id": 518,
    "tile": "r2c4",
    "rotation_view": 0,
    "in_block": true,
    "in_block_depth_px": 325,
    "surya_conf": null,
    "centre_map": [
     356566.979,
     3092197.194
    ],
    "map_epsg": 32617,
    "bbox_source_px": [
     5220,
     3322,
     5238,
     3342
    ]
   }
  },
  {
   "type": "Feature",
   "geometry": {
    "type": "Polygon",
    "coordinates": [
     [
      [
       -82.459736,
       27.9464699
      ],
      [
       -82.4597267,
       27.9464731
      ],
      [
       -82.4597229,
       27.9464644
      ],
      [
       -82.4597322,
       27.9464612
      ],
      [
       -82.459736,
       27.9464699
      ]
     ]
    ]
   },
   "properties": {
    "text": "x",
    "id": 383,
    "tile": "r3c1",
    "rotation_view": 0,
    "in_block": false,
    "in_block_depth_px": -231,
    "surya_conf": null,
    "centre_map": [
     356396.078,
     3092129.704
    ],
    "map_epsg": 32617,
    "bbox_source_px": [
     1654,
     3373,
     1673,
     3393
    ]
   }
  },
  {
   "type": "Feature",
   "geometry": {
    "type": "Polygon",
    "coordinates": [
     [
      [
       -82.4591886,
       27.9466595
      ],
      [
       -82.4591696,
       27.9466661
      ],
      [
       -82.4591566,
       27.9466367
      ],
      [
       -82.4591756,
       27.9466301
      ],
      [
       -82.4591886,
       27.9466595
      ]
     ]
    ]
   },
   "properties": {
    "text": "219",
    "id": 377,
    "tile": "r3c2",
    "rotation_view": 0,
    "in_block": true,
    "in_block_depth_px": 6,
    "surya_conf": null,
    "centre_map": [
     356451.106,
     3092149.098
    ],
    "map_epsg": 32617,
    "bbox_source_px": [
     2776,
     3375,
     2815,
     3443
    ]
   }
  },
  {
   "type": "Feature",
   "geometry": {
    "type": "Polygon",
    "coordinates": [
     [
      [
       -82.4578139,
       27.9471183
      ],
      [
       -82.4577973,
       27.9471241
      ],
      [
       -82.4577908,
       27.9471093
      ],
      [
       -82.4578074,
       27.9471036
      ],
      [
       -82.4578139,
       27.9471183
      ]
     ]
    ]
   },
   "properties": {
    "text": "2",
    "id": 332,
    "tile": "r3c5",
    "rotation_view": 0,
    "in_block": true,
    "in_block_depth_px": 43,
    "surya_conf": null,
    "centre_map": [
     356586.538,
     3092199.087
    ],
    "map_epsg": 32617,
    "bbox_source_px": [
     5580,
     3415,
     5614,
     3449
    ]
   }
  },
  {
   "type": "Feature",
   "geometry": {
    "type": "Polygon",
    "coordinates": [
     [
      [
       -82.4579731,
       27.9470623
      ],
      [
       -82.4579643,
       27.9470654
      ],
      [
       -82.4579601,
       27.9470559
      ],
      [
       -82.4579689,
       27.9470528
      ],
      [
       -82.4579731,
       27.9470623
      ]
     ]
    ]
   },
   "properties": {
    "text": "T",
    "id": 502,
    "tile": "r3c4",
    "rotation_view": 0,
    "in_block": true,
    "in_block_depth_px": 230,
    "surya_conf": null,
    "centre_map": [
     356570.302,
     3092193.218
    ],
    "map_epsg": 32617,
    "bbox_source_px": [
     5253,
     3416,
     5271,
     3438
    ]
   }
  },
  {
   "type": "Feature",
   "geometry": {
    "type": "Polygon",
    "coordinates": [
     [
      [
       -82.4577793,
       27.9471203
      ],
      [
       -82.4577633,
       27.9471259
      ],
      [
       -82.4577487,
       27.947093
      ],
      [
       -82.4577648,
       27.9470874
      ],
      [
       -82.4577793,
       27.9471203
      ]
     ]
    ]
   },
   "properties": {
    "text": "108",
    "id": 301,
    "tile": "r3c5",
    "rotation_view": 0,
    "in_block": true,
    "in_block_depth_px": 6,
    "surya_conf": null,
    "centre_map": [
     356590.298,
     3092198.251
    ],
    "map_epsg": 32617,
    "bbox_source_px": [
     5643,
     3435,
     5676,
     3511
    ]
   }
  },
  {
   "type": "Feature",
   "geometry": {
    "type": "Polygon",
    "coordinates": [
     [
      [
       -82.4603676,
       27.9462084
      ],
      [
       -82.4603505,
       27.9462144
      ],
      [
       -82.4603448,
       27.9462014
      ],
      [
       -82.4603618,
       27.9461955
      ],
      [
       -82.4603676,
       27.9462084
      ]
     ]
    ]
   },
   "properties": {
    "text": "W",
    "id": 307,
    "tile": "r3c0",
    "rotation_view": 0,
    "in_block": false,
    "in_block_depth_px": -1178,
    "surya_conf": null,
    "centre_map": [
     356334.068,
     3092101.386
    ],
    "map_epsg": 32617,
    "bbox_source_px": [
     326,
     3456,
     361,
     3486
    ]
   }
  },
  {
   "type": "Feature",
   "geometry": {
    "type": "Polygon",
    "coordinates": [
     [
      [
       -82.4583623,
       27.9468888
      ],
      [
       -82.4583457,
       27.9468946
      ],
      [
       -82.458339,
       27.9468795
      ],
      [
       -82.4583556,
       27.9468737
      ],
      [
       -82.4583623,
       27.9468888
      ]
     ]
    ]
   },
   "properties": {
    "text": "1",
    "id": 219,
    "tile": "r3c4",
    "rotation_view": 0,
    "in_block": true,
    "in_block_depth_px": 24,
    "surya_conf": null,
    "centre_map": [
     356532.289,
     3092174.286
    ],
    "map_epsg": 32617,
    "bbox_source_px": [
     4425,
     3492,
     4459,
     3527
    ]
   }
  },
  {
   "type": "Feature",
   "geometry": {
    "type": "Polygon",
    "coordinates": [
     [
      [
       -82.4583621,
       27.9468884
      ],
      [
       -82.4583504,
       27.9468925
      ],
      [
       -82.4583479,
       27.9468869
      ],
      [
       -82.4583596,
       27.9468828
      ],
      [
       -82.4583621,
       27.9468884
      ]
     ]
    ]
   },
   "properties": {
    "text": "x",
    "id": 681,
    "tile": "r2c4",
    "rotation_view": 0,
    "in_block": true,
    "in_block_depth_px": 19,
    "surya_conf": null,
    "centre_map": [
     356531.865,
     3092174.676
    ],
    "map_epsg": 32617,
    "bbox_source_px": [
     4425,
     3493,
     4449,
     3506
    ]
   }
  },
  {
   "type": "Feature",
   "geometry": {
    "type": "Polygon",
    "coordinates": [
     [
      [
       -82.4601032,
       27.946276
      ],
      [
       -82.460091,
       27.9462803
      ],
      [
       -82.4600861,
       27.946269
      ],
      [
       -82.4600982,
       27.9462648
      ],
      [
       -82.4601032,
       27.946276
      ]
     ]
    ]
   },
   "properties": {
    "text": "E",
    "id": 204,
    "tile": "r3c0",
    "rotation_view": 0,
    "in_block": false,
    "in_block_depth_px": -660,
    "surya_conf": null,
    "centre_map": [
     356359.889,
     3092108.569
    ],
    "map_epsg": 32617,
    "bbox_source_px": [
     849,
     3505,
     874,
     3531
    ]
   }
  },
  {
   "type": "Feature",
   "geometry": {
    "type": "Polygon",
    "coordinates": [
     [
      [
       -82.4578744,
       27.9470503
      ],
      [
       -82.457851,
       27.9470584
      ],
      [
       -82.4578248,
       27.9469991
      ],
      [
       -82.4578482,
       27.9469909
      ],
      [
       -82.4578744,
       27.9470503
      ]
     ]
    ]
   },
   "properties": {
    "text": "BEING",
    "id": 196,
    "tile": "r3c5",
    "rotation_view": 0,
    "in_block": true,
    "in_block_depth_px": 83,
    "surya_conf": null,
    "centre_map": [
     356581.77,
     3092189.266
    ],
    "map_epsg": 32617,
    "bbox_source_px": [
     5419,
     3509,
     5467,
     3646
    ]
   }
  },
  {
   "type": "Feature",
   "geometry": {
    "type": "Polygon",
    "coordinates": [
     [
      [
       -82.4583541,
       27.9468742
      ],
      [
       -82.4582381,
       27.9469146
      ],
      [
       -82.4582318,
       27.9469003
      ],
      [
       -82.4583478,
       27.9468599
      ],
      [
       -82.4583541,
       27.9468742
      ]
     ]
    ]
   },
   "properties": {
    "text": "TAMPA TRIBUNE",
    "id": 175,
    "tile": "r3c4",
    "rotation_view": 0,
    "in_block": true,
    "in_block_depth_px": 122,
    "surya_conf": null,
    "centre_map": [
     356537.969,
     3092174.562
    ],
    "map_epsg": 32617,
    "bbox_source_px": [
     4428,
     3527,
     4666,
     3560
    ]
   }
  },
  {
   "type": "Feature",
   "geometry": {
    "type": "Polygon",
    "coordinates": [
     [
      [
       -82.4583745,
       27.9468631
      ],
      [
       -82.4583584,
       27.9468687
      ],
      [
       -82.4583441,
       27.9468362
      ],
      [
       -82.4583602,
       27.9468306
      ],
      [
       -82.4583745,
       27.9468631
      ]
     ]
    ]
   },
   "properties": {
    "text": "317",
    "id": 238,
    "tile": "r3c4",
    "rotation_view": 0,
    "in_block": true,
    "in_block_depth_px": 4,
    "surya_conf": null,
    "centre_map": [
     356531.39,
     3092170.474
    ],
    "map_epsg": 32617,
    "bbox_source_px": [
     4383,
     3535,
     4416,
     3610
    ]
   }
  },
  {
   "type": "Feature",
   "geometry": {
    "type": "Polygon",
    "coordinates": [
     [
      [
       -82.4577893,
       27.9470639
      ],
      [
       -82.4577717,
       27.94707
      ],
      [
       -82.4577654,
       27.9470557
      ],
      [
       -82.457783,
       27.9470496
      ],
      [
       -82.4577893,
       27.9470639
      ]
     ]
    ]
   },
   "properties": {
    "text": "2",
    "id": 158,
    "tile": "r3c5",
    "rotation_view": 0,
    "in_block": true,
    "in_block_depth_px": 44,
    "surya_conf": null,
    "centre_map": [
     356588.923,
     3092193.075
    ],
    "map_epsg": 32617,
    "bbox_source_px": [
     5581,
     3541,
     5617,
     3574
    ]
   }
  },
  {
   "type": "Feature",
   "geometry": {
    "type": "Polygon",
    "coordinates": [
     [
      [
       -82.4583473,
       27.9468651
      ],
      [
       -82.458201,
       27.946916
      ],
      [
       -82.4581937,
       27.9468996
      ],
      [
       -82.45834,
       27.9468486
      ],
      [
       -82.4583473,
       27.9468651
      ]
     ]
    ]
   },
   "properties": {
    "text": "PRINT & PUB. HO.",
    "id": 171,
    "tile": "r3c4",
    "rotation_view": 0,
    "in_block": true,
    "in_block_depth_px": 96,
    "surya_conf": null,
    "centre_map": [
     356540.169,
     3092173.99
    ],
    "map_epsg": 32617,
    "bbox_source_px": [
     4433,
     3550,
     4733,
     3588
    ]
   }
  },
  {
   "type": "Feature",
   "geometry": {
    "type": "Polygon",
    "coordinates": [
     [
      [
       -82.4579475,
       27.9470043
      ],
      [
       -82.4579377,
       27.9470077
      ],
      [
       -82.4579324,
       27.9469956
      ],
      [
       -82.4579421,
       27.9469922
      ],
      [
       -82.4579475,
       27.9470043
      ]
     ]
    ]
   },
   "properties": {
    "text": "F",
    "id": 505,
    "tile": "r3c4",
    "rotation_view": 0,
    "in_block": true,
    "in_block_depth_px": 93,
    "surya_conf": null,
    "centre_map": [
     356572.849,
     3092186.634
    ],
    "map_epsg": 32617,
    "bbox_source_px": [
     5253,
     3550,
     5273,
     3578
    ]
   }
  },
  {
   "type": "Feature",
   "geometry": {
    "type": "Polygon",
    "coordinates": [
     [
      [
       -82.4593903,
       27.9464819
      ],
      [
       -82.4593761,
       27.9464868
      ],
      [
       -82.4593702,
       27.9464734
      ],
      [
       -82.4593843,
       27.9464685
      ],
      [
       -82.4593903,
       27.9464819
      ]
     ]
    ]
   },
   "properties": {
    "text": "2",
    "id": 367,
    "tile": "r3c2",
    "rotation_view": 0,
    "in_block": true,
    "in_block_depth_px": 26,
    "surya_conf": null,
    "centre_map": [
     356430.449,
     3092130.453
    ],
    "map_epsg": 32617,
    "bbox_source_px": [
     2278,
     3590,
     2307,
     3621
    ]
   }
  },
  {
   "type": "Feature",
   "geometry": {
    "type": "Polygon",
    "coordinates": [
     [
      [
       -82.4583362,
       27.9468425
      ],
      [
       -82.4582391,
       27.9468763
      ],
      [
       -82.4582338,
       27.9468642
      ],
      [
       -82.4583308,
       27.9468304
      ],
      [
       -82.4583362,
       27.9468425
      ]
     ]
    ]
   },
   "properties": {
    "text": "HAND POWER.",
    "id": 169,
    "tile": "r3c4",
    "rotation_view": 0,
    "in_block": true,
    "in_block_depth_px": 48,
    "surya_conf": null,
    "centre_map": [
     356538.707,
     3092170.792
    ],
    "map_epsg": 32617,
    "bbox_source_px": [
     4435,
     3603,
     4634,
     3631
    ]
   }
  },
  {
   "type": "Feature",
   "geometry": {
    "type": "Polygon",
    "coordinates": [
     [
      [
       -82.4583307,
       27.9468264
      ],
      [
       -82.4583225,
       27.9468293
      ],
      [
       -82.4583184,
       27.9468202
      ],
      [
       -82.4583267,
       27.9468173
      ],
      [
       -82.4583307,
       27.9468264
      ]
     ]
    ]
   },
   "properties": {
    "text": "X",
    "id": 172,
    "tile": "r3c4",
    "rotation_view": 0,
    "in_block": true,
    "in_block_depth_px": 16,
    "surya_conf": null,
    "centre_map": [
     356534.77,
     3092167.511
    ],
    "map_epsg": 32617,
    "bbox_source_px": [
     4432,
     3639,
     4449,
     3660
    ]
   }
  },
  {
   "type": "Feature",
   "geometry": {
    "type": "Polygon",
    "coordinates": [
     [
      [
       -82.4575325,
       27.9470989
      ],
      [
       -82.4575076,
       27.9471076
      ],
      [
       -82.4575011,
       27.9470928
      ],
      [
       -82.457526,
       27.9470842
      ],
      [
       -82.4575325,
       27.9470989
      ]
     ]
    ]
   },
   "properties": {
    "text": "Q.H.",
    "id": 291,
    "tile": "r3c5",
    "rotation_view": 0,
    "in_block": false,
    "in_block_depth_px": -428,
    "surya_conf": null,
    "centre_map": [
     356614.607,
     3092196.763
    ],
    "map_epsg": 32617,
    "bbox_source_px": [
     6065,
     3650,
     6116,
     3684
    ]
   }
  },
  {
   "type": "Feature",
   "geometry": {
    "type": "Polygon",
    "coordinates": [
     [
      [
       -82.4593573,
       27.9464619
      ],
      [
       -82.4593402,
       27.9464678
      ],
      [
       -82.459327,
       27.946438
      ],
      [
       -82.4593441,
       27.946432
      ],
      [
       -82.4593573,
       27.9464619
      ]
     ]
    ]
   },
   "properties": {
    "text": "213",
    "id": 320,
    "tile": "r3c2",
    "rotation_view": 0,
    "in_block": true,
    "in_block_depth_px": 4,
    "surya_conf": null,
    "centre_map": [
     356434.162,
     3092127.34
    ],
    "map_epsg": 32617,
    "bbox_source_px": [
     2321,
     3653,
     2356,
     3722
    ]
   }
  },
  {
   "type": "Feature",
   "geometry": {
    "type": "Polygon",
    "coordinates": [
     [
      [
       -82.4594375,
       27.9464335
      ],
      [
       -82.459381,
       27.9464531
      ],
      [
       -82.4593724,
       27.9464337
      ],
      [
       -82.4594289,
       27.946414
      ],
      [
       -82.4594375,
       27.9464335
      ]
     ]
    ]
   },
   "properties": {
    "text": "W.Ho.",
    "id": 519,
    "tile": "r3c1",
    "rotation_view": 0,
    "in_block": true,
    "in_block_depth_px": 92,
    "surya_conf": null,
    "centre_map": [
     356427.961,
     3092125.6
    ],
    "map_epsg": 32617,
    "bbox_source_px": [
     2156,
     3654,
     2272,
     3699
    ]
   }
  },
  {
   "type": "Feature",
   "geometry": {
    "type": "Polygon",
    "coordinates": [
     [
      [
       -82.4581324,
       27.946883
      ],
      [
       -82.4581119,
       27.9468901
      ],
      [
       -82.4581058,
       27.9468763
      ],
      [
       -82.4581263,
       27.9468691
      ],
      [
       -82.4581324,
       27.946883
      ]
     ]
    ]
   },
   "properties": {
    "text": "18",
    "id": 44,
    "tile": "r3c4",
    "rotation_view": 0,
    "in_block": false,
    "in_block_depth_px": -8,
    "surya_conf": null,
    "centre_map": [
     356555.061,
     3092173.51
    ],
    "map_epsg": 32617,
    "bbox_source_px": [
     4829,
     3664,
     4871,
     3696
    ]
   }
  },
  {
   "type": "Feature",
   "geometry": {
    "type": "Polygon",
    "coordinates": [
     [
      [
       -82.4580174,
       27.946923
      ],
      [
       -82.4579959,
       27.9469305
      ],
      [
       -82.4579904,
       27.946918
      ],
      [
       -82.4580118,
       27.9469105
      ],
      [
       -82.4580174,
       27.946923
      ]
     ]
    ]
   },
   "properties": {
    "text": "19",
    "id": 286,
    "tile": "r3c4",
    "rotation_view": 0,
    "in_block": true,
    "in_block_depth_px": 5,
    "surya_conf": null,
    "centre_map": [
     356566.456,
     3092177.905
    ],
    "map_epsg": 32617,
    "bbox_source_px": [
     5065,
     3664,
     5109,
     3693
    ]
   }
  },
  {
   "type": "Feature",
   "geometry": {
    "type": "Polygon",
    "coordinates": [
     [
      [
       -82.458854,
       27.9466242
      ],
      [
       -82.4588311,
       27.9466322
      ],
      [
       -82.4588254,
       27.9466192
      ],
      [
       -82.4588483,
       27.9466112
      ],
      [
       -82.458854,
       27.9466242
      ]
     ]
    ]
   },
   "properties": {
    "text": "16'",
    "id": 288,
    "tile": "r3c3",
    "rotation_view": 0,
    "in_block": true,
    "in_block_depth_px": 5,
    "surya_conf": null,
    "centre_map": [
     356483.823,
     3092145.777
    ],
    "map_epsg": 32617,
    "bbox_source_px": [
     3343,
     3679,
     3390,
     3709
    ]
   }
  },
  {
   "type": "Feature",
   "geometry": {
    "type": "Polygon",
    "coordinates": [
     [
      [
       -82.4586575,
       27.9466926
      ],
      [
       -82.4586307,
       27.9467019
      ],
      [
       -82.4586237,
       27.9466859
      ],
      [
       -82.4586505,
       27.9466766
      ],
      [
       -82.4586575,
       27.9466926
      ]
     ]
    ]
   },
   "properties": {
    "text": "17.",
    "id": 41,
    "tile": "r3c3",
    "rotation_view": 0,
    "in_block": false,
    "in_block_depth_px": -13,
    "surya_conf": null,
    "centre_map": [
     356503.501,
     3092153.032
    ],
    "map_epsg": 32617,
    "bbox_source_px": [
     3746,
     3679,
     3801,
     3716
    ]
   }
  },
  {
   "type": "Feature",
   "geometry": {
    "type": "Polygon",
    "coordinates": [
     [
      [
       -82.4590095,
       27.9465685
      ],
      [
       -82.4589846,
       27.9465772
      ],
      [
       -82.4589787,
       27.9465638
      ],
      [
       -82.4590035,
       27.9465551
      ],
      [
       -82.4590095,
       27.9465685
      ]
     ]
    ]
   },
   "properties": {
    "text": "15",
    "id": 248,
    "tile": "r3c2",
    "rotation_view": 0,
    "in_block": true,
    "in_block_depth_px": 0,
    "surya_conf": null,
    "centre_map": [
     356468.561,
     3092139.809
    ],
    "map_epsg": 32617,
    "bbox_source_px": [
     3023,
     3682,
     3074,
     3713
    ]
   }
  },
  {
   "type": "Feature",
   "geometry": {
    "type": "Polygon",
    "coordinates": [
     [
      [
       -82.4577884,
       27.9469548
      ],
      [
       -82.4577606,
       27.9469645
      ],
      [
       -82.457742,
       27.9469225
      ],
      [
       -82.4577698,
       27.9469128
      ],
      [
       -82.4577884,
       27.9469548
      ]
     ]
    ]
   },
   "properties": {
    "text": "80'",
    "id": 112,
    "tile": "r3c5",
    "rotation_view": 0,
    "in_block": false,
    "in_block_depth_px": -53,
    "surya_conf": null,
    "centre_map": [
     356589.959,
     3092179.638
    ],
    "map_epsg": 32617,
    "bbox_source_px": [
     5497,
     3760,
     5554,
     3857
    ]
   }
  },
  {
   "type": "Feature",
   "geometry": {
    "type": "Polygon",
    "coordinates": [
     [
      [
       -82.4592932,
       27.9464213
      ],
      [
       -82.4592756,
       27.9464274
      ],
      [
       -82.4592636,
       27.9464001
      ],
      [
       -82.4592811,
       27.946394
      ],
      [
       -82.4592932,
       27.9464213
      ]
     ]
    ]
   },
   "properties": {
    "text": "212",
    "id": 205,
    "tile": "r3c2",
    "rotation_view": 0,
    "in_block": false,
    "in_block_depth_px": -78,
    "surya_conf": null,
    "centre_map": [
     356440.381,
     3092122.917
    ],
    "map_epsg": 32617,
    "bbox_source_px": [
     2403,
     3779,
     2439,
     3842
    ]
   }
  },
  {
   "type": "Feature",
   "geometry": {
    "type": "Polygon",
    "coordinates": [
     [
      [
       -82.4574254,
       27.9470717
      ],
      [
       -82.4573952,
       27.9470823
      ],
      [
       -82.4573522,
       27.9469848
      ],
      [
       -82.4573824,
       27.9469743
      ],
      [
       -82.4574254,
       27.9470717
      ]
     ]
    ]
   },
   "properties": {
    "text": "SWEET",
    "id": 534,
    "tile": "r3c5",
    "rotation_view": 0,
    "in_block": false,
    "in_block_depth_px": -622,
    "surya_conf": null,
    "centre_map": [
     356627.112,
     3092189.126
    ],
    "map_epsg": 32617,
    "bbox_source_px": [
     6234,
     3779,
     6296,
     4004
    ]
   }
  },
  {
   "type": "Feature",
   "geometry": {
    "type": "Polygon",
    "coordinates": [
     [
      [
       -82.458843,
       27.9465751
      ],
      [
       -82.4586192,
       27.946653
      ],
      [
       -82.4586028,
       27.9466158
      ],
      [
       -82.4588266,
       27.9465378
      ],
      [
       -82.458843,
       27.9465751
      ]
     ]
    ]
   },
   "properties": {
    "text": "JACKSON",
    "id": 321,
    "tile": "r3c3",
    "rotation_view": 0,
    "in_block": true,
    "in_block_depth_px": 3,
    "surya_conf": null,
    "centre_map": [
     356495.279,
     3092142.73
    ],
    "map_epsg": 32617,
    "bbox_source_px": [
     3324,
     3785,
     3783,
     3871
    ]
   }
  },
  {
   "type": "Feature",
   "geometry": {
    "type": "Polygon",
    "coordinates": [
     [
      [
       -82.4590369,
       27.9465045
      ],
      [
       -82.4590081,
       27.9465146
      ],
      [
       -82.4589917,
       27.9464773
      ],
      [
       -82.4590204,
       27.9464673
      ],
      [
       -82.4590369,
       27.9465045
      ]
     ]
    ]
   },
   "properties": {
    "text": "80'",
    "id": 129,
    "tile": "r3c2",
    "rotation_view": 0,
    "in_block": false,
    "in_block_depth_px": -40,
    "surya_conf": null,
    "centre_map": [
     356466.473,
     3092131.497
    ],
    "map_epsg": 32617,
    "bbox_source_px": [
     2924,
     3791,
     2983,
     3877
    ]
   }
  },
  {
   "type": "Feature",
   "geometry": {
    "type": "Polygon",
    "coordinates": [
     [
      [
       -82.460064,
       27.9461413
      ],
      [
       -82.4600284,
       27.9461537
      ],
      [
       -82.4599335,
       27.945939
      ],
      [
       -82.4599691,
       27.9459266
      ],
      [
       -82.460064,
       27.9461413
      ]
     ]
    ]
   },
   "properties": {
    "text": "River.",
    "id": 401,
    "tile": "r3c0",
    "rotation_view": 0,
    "in_block": false,
    "in_block_depth_px": -690,
    "surya_conf": null,
    "centre_map": [
     356369.015,
     3092082.712
    ],
    "map_epsg": 32617,
    "bbox_source_px": [
     813,
     3802,
     886,
     4298
    ]
   }
  },
  {
   "type": "Feature",
   "geometry": {
    "type": "Polygon",
    "coordinates": [
     [
      [
       -82.4596016,
       27.9462739
      ],
      [
       -82.4595914,
       27.9462775
      ],
      [
       -82.4595872,
       27.9462679
      ],
      [
       -82.4595974,
       27.9462644
      ],
      [
       -82.4596016,
       27.9462739
      ]
     ]
    ]
   },
   "properties": {
    "text": "x",
    "id": 3,
    "tile": "r3c1",
    "rotation_view": 0,
    "in_block": true,
    "in_block_depth_px": 25,
    "surya_conf": null,
    "centre_map": [
     356409.105,
     3092107.802
    ],
    "map_epsg": 32617,
    "bbox_source_px": [
     1739,
     3859,
     1760,
     3881
    ]
   }
  },
  {
   "type": "Feature",
   "geometry": {
    "type": "Polygon",
    "coordinates": [
     [
      [
       -82.4576841,
       27.9469262
      ],
      [
       -82.4574861,
       27.9469952
      ],
      [
       -82.4574752,
       27.9469705
      ],
      [
       -82.4576732,
       27.9469015
      ],
      [
       -82.4576841,
       27.9469262
      ]
     ]
    ]
   },
   "properties": {
    "text": "WOODEN BRIDGE.",
    "id": 221,
    "tile": "r3c5",
    "rotation_view": 0,
    "in_block": false,
    "in_block_depth_px": -219,
    "surya_conf": null,
    "centre_map": [
     356608.231,
     3092180.493
    ],
    "map_epsg": 32617,
    "bbox_source_px": [
     5660,
     3890,
     6066,
     3947
    ]
   }
  },
  {
   "type": "Feature",
   "geometry": {
    "type": "Polygon",
    "coordinates": [
     [
      [
       -82.4592569,
       27.946376
      ],
      [
       -82.4592418,
       27.9463812
      ],
      [
       -82.4592349,
       27.9463657
      ],
      [
       -82.45925,
       27.9463604
      ],
      [
       -82.4592569,
       27.946376
      ]
     ]
    ]
   },
   "properties": {
    "text": "2",
    "id": 165,
    "tile": "r3c2",
    "rotation_view": 0,
    "in_block": true,
    "in_block_depth_px": 27,
    "surya_conf": null,
    "centre_map": [
     356443.528,
     3092118.461
    ],
    "map_epsg": 32617,
    "bbox_source_px": [
     2432,
     3895,
     2463,
     3931
    ]
   }
  },
  {
   "type": "Feature",
   "geometry": {
    "type": "Polygon",
    "coordinates": [
     [
      [
       -82.4580773,
       27.9467823
      ],
      [
       -82.4579871,
       27.9468137
      ],
      [
       -82.4579769,
       27.9467908
      ],
      [
       -82.4580671,
       27.9467593
      ],
      [
       -82.4580773,
       27.9467823
      ]
     ]
    ]
   },
   "properties": {
    "text": "Creek.",
    "id": 181,
    "tile": "r3c4",
    "rotation_view": 0,
    "in_block": true,
    "in_block_depth_px": 39,
    "surya_conf": null,
    "centre_map": [
     356563.992,
     3092163.089
    ],
    "map_epsg": 32617,
    "bbox_source_px": [
     4848,
     3904,
     5033,
     3957
    ]
   }
  },
  {
   "type": "Feature",
   "geometry": {
    "type": "Polygon",
    "coordinates": [
     [
      [
       -82.4585008,
       27.9466268
      ],
      [
       -82.4583155,
       27.9466913
      ],
      [
       -82.4583073,
       27.9466727
      ],
      [
       -82.4584926,
       27.9466082
      ],
      [
       -82.4585008,
       27.9466268
      ]
     ]
    ]
   },
   "properties": {
    "text": "WOODEN BRIDGE.",
    "id": 576,
    "tile": "r3c3",
    "rotation_view": 0,
    "in_block": false,
    "in_block_depth_px": -213,
    "surya_conf": null,
    "centre_map": [
     356526.722,
     3092148.377
    ],
    "map_epsg": 32617,
    "bbox_source_px": [
     3973,
     3920,
     4353,
     3963
    ]
   }
  },
  {
   "type": "Feature",
   "geometry": {
    "type": "Polygon",
    "coordinates": [
     [
      [
       -82.4575836,
       27.9469292
      ],
      [
       -82.4575631,
       27.9469364
      ],
      [
       -82.4575522,
       27.9469117
      ],
      [
       -82.4575727,
       27.9469046
      ],
      [
       -82.4575836,
       27.9469292
      ]
     ]
    ]
   },
   "properties": {
    "text": "Ry",
    "id": 68,
    "tile": "r3c5",
    "rotation_view": 0,
    "in_block": false,
    "in_block_depth_px": -216,
    "surya_conf": null,
    "centre_map": [
     356609.35,
     3092177.39
    ],
    "map_epsg": 32617,
    "bbox_source_px": [
     5841,
     3954,
     5883,
     4011
    ]
   }
  },
  {
   "type": "Feature",
   "geometry": {
    "type": "Polygon",
    "coordinates": [
     [
      [
       -82.4592162,
       27.9463462
      ],
      [
       -82.4591996,
       27.946352
      ],
      [
       -82.4591887,
       27.9463273
      ],
      [
       -82.4592053,
       27.9463215
      ],
      [
       -82.4592162,
       27.9463462
      ]
     ]
    ]
   },
   "properties": {
    "text": "211",
    "id": 118,
    "tile": "r3c2",
    "rotation_view": 0,
    "in_block": true,
    "in_block_depth_px": 6,
    "surya_conf": null,
    "centre_map": [
     356447.758,
     3092114.635
    ],
    "map_epsg": 32617,
    "bbox_source_px": [
     2481,
     3983,
     2515,
     4040
    ]
   }
  },
  {
   "type": "Feature",
   "geometry": {
    "type": "Polygon",
    "coordinates": [
     [
      [
       -82.4593656,
       27.9462872
      ],
      [
       -82.4592179,
       27.9463386
      ],
      [
       -82.4592074,
       27.9463148
      ],
      [
       -82.4593551,
       27.9462633
      ],
      [
       -82.4593656,
       27.9462872
      ]
     ]
    ]
   },
   "properties": {
    "text": "Gen't Storage.",
    "id": 520,
    "tile": "r3c2",
    "rotation_view": 0,
    "in_block": true,
    "in_block_depth_px": 110,
    "surya_conf": null,
    "centre_map": [
     356439.441,
     3092110.771
    ],
    "map_epsg": 32617,
    "bbox_source_px": [
     2169,
     3997,
     2472,
     4052
    ]
   }
  },
  {
   "type": "Feature",
   "geometry": {
    "type": "Polygon",
    "coordinates": [
     [
      [
       -82.4575636,
       27.9468917
      ],
      [
       -82.4575475,
       27.9468973
      ],
      [
       -82.4575235,
       27.9468428
      ],
      [
       -82.4575395,
       27.9468372
      ],
      [
       -82.4575636,
       27.9468917
      ]
     ]
    ]
   },
   "properties": {
    "text": "STREET",
    "id": 232,
    "tile": "r3c5",
    "rotation_view": 0,
    "in_block": false,
    "in_block_depth_px": -229,
    "surya_conf": null,
    "centre_map": [
     356611.675,
     3092171.466
    ],
    "map_epsg": 32617,
    "bbox_source_px": [
     5847,
     4043,
     5880,
     4169
    ]
   }
  },
  {
   "type": "Feature",
   "geometry": {
    "type": "Polygon",
    "coordinates": [
     [
      [
       -82.4577557,
       27.9468019
      ],
      [
       -82.4577294,
       27.946811
      ],
      [
       -82.4577229,
       27.9467963
      ],
      [
       -82.4577492,
       27.9467871
      ],
      [
       -82.4577557,
       27.9468019
      ]
     ]
    ]
   },
   "properties": {
    "text": "25",
    "id": 174,
    "tile": "r3c5",
    "rotation_view": 0,
    "in_block": true,
    "in_block_depth_px": 5,
    "surya_conf": null,
    "centre_map": [
     356592.325,
     3092164.143
    ],
    "map_epsg": 32617,
    "bbox_source_px": [
     5435,
     4089,
     5489,
     4123
    ]
   }
  },
  {
   "type": "Feature",
   "geometry": {
    "type": "Polygon",
    "coordinates": [
     [
      [
       -82.4588735,
       27.9464096
      ],
      [
       -82.4588486,
       27.9464183
      ],
      [
       -82.4588427,
       27.9464048
      ],
      [
       -82.4588675,
       27.9463962
      ],
      [
       -82.4588735,
       27.9464096
      ]
     ]
    ]
   },
   "properties": {
    "text": "20",
    "id": 394,
    "tile": "r3c2",
    "rotation_view": 0,
    "in_block": false,
    "in_block_depth_px": -8,
    "surya_conf": null,
    "centre_map": [
     356481.733,
     3092122.039
    ],
    "map_epsg": 32617,
    "bbox_source_px": [
     3140,
     4095,
     3191,
     4126
    ]
   }
  },
  {
   "type": "Feature",
   "geometry": {
    "type": "Polygon",
    "coordinates": [
     [
      [
       -82.4580032,
       27.9467102
      ],
      [
       -82.4579803,
       27.9467181
      ],
      [
       -82.457974,
       27.9467039
      ],
      [
       -82.4579969,
       27.9466959
      ],
      [
       -82.4580032,
       27.9467102
      ]
     ]
    ]
   },
   "properties": {
    "text": "23",
    "id": 187,
    "tile": "r3c4",
    "rotation_view": 0,
    "in_block": true,
    "in_block_depth_px": 6,
    "surya_conf": null,
    "centre_map": [
     356567.673,
     3092154.234
    ],
    "map_epsg": 32617,
    "bbox_source_px": [
     4923,
     4100,
     4970,
     4133
    ]
   }
  },
  {
   "type": "Feature",
   "geometry": {
    "type": "Polygon",
    "coordinates": [
     [
      [
       -82.4579147,
       27.9467415
      ],
      [
       -82.4578849,
       27.9467519
      ],
      [
       -82.4578792,
       27.9467389
      ],
      [
       -82.4579089,
       27.9467285
      ],
      [
       -82.4579147,
       27.9467415
      ]
     ]
    ]
   },
   "properties": {
    "text": "21",
    "id": 362,
    "tile": "r3c4",
    "rotation_view": 0,
    "in_block": false,
    "in_block_depth_px": -10,
    "surya_conf": null,
    "centre_map": [
     356576.736,
     3092157.802
    ],
    "map_epsg": 32617,
    "bbox_source_px": [
     5105,
     4099,
     5166,
     4129
    ]
   }
  },
  {
   "type": "Feature",
   "geometry": {
    "type": "Polygon",
    "coordinates": [
     [
      [
       -82.4581383,
       27.9466606
      ],
      [
       -82.4581149,
       27.9466688
      ],
      [
       -82.4581095,
       27.9466567
      ],
      [
       -82.4581329,
       27.9466485
      ],
      [
       -82.4581383,
       27.9466606
      ]
     ]
    ]
   },
   "properties": {
    "text": "22",
    "id": 186,
    "tile": "r3c4",
    "rotation_view": 0,
    "in_block": true,
    "in_block_depth_px": 5,
    "surya_conf": null,
    "centre_map": [
     356554.297,
     3092149.034
    ],
    "map_epsg": 32617,
    "bbox_source_px": [
     4644,
     4105,
     4692,
     4133
    ]
   }
  },
  {
   "type": "Feature",
   "geometry": {
    "type": "Polygon",
    "coordinates": [
     [
      [
       -82.4586334,
       27.9464862
      ],
      [
       -82.4586104,
       27.9464942
      ],
      [
       -82.4586039,
       27.9464795
      ],
      [
       -82.4586268,
       27.9464715
      ],
      [
       -82.4586334,
       27.9464862
      ]
     ]
    ]
   },
   "properties": {
    "text": "21",
    "id": 200,
    "tile": "r3c3",
    "rotation_view": 0,
    "in_block": false,
    "in_block_depth_px": -9,
    "surya_conf": null,
    "centre_map": [
     356505.389,
     3092130.138
    ],
    "map_epsg": 32617,
    "bbox_source_px": [
     3627,
     4109,
     3674,
     4143
    ]
   }
  },
  {
   "type": "Feature",
   "geometry": {
    "type": "Polygon",
    "coordinates": [
     [
      [
       -82.4591487,
       27.9462953
      ],
      [
       -82.4591331,
       27.9463007
      ],
      [
       -82.4591262,
       27.9462851
      ],
      [
       -82.4591418,
       27.9462797
      ],
      [
       -82.4591487,
       27.9462953
      ]
     ]
    ]
   },
   "properties": {
    "text": "3",
    "id": 231,
    "tile": "r3c2",
    "rotation_view": 0,
    "in_block": true,
    "in_block_depth_px": 20,
    "surya_conf": null,
    "centre_map": [
     356454.092,
     3092109.401
    ],
    "map_epsg": 32617,
    "bbox_source_px": [
     2561,
     4132,
     2593,
     4168
    ]
   }
  },
  {
   "type": "Feature",
   "geometry": {
    "type": "Polygon",
    "coordinates": [
     [
      [
       -82.4575424,
       27.9468487
      ],
      [
       -82.4575268,
       27.9468541
      ],
      [
       -82.4574658,
       27.946716
      ],
      [
       -82.4574814,
       27.9467106
      ],
      [
       -82.4575424,
       27.9468487
      ]
     ]
    ]
   },
   "properties": {
    "text": "TAMPA STERM S",
    "id": 698,
    "tile": "r4c5",
    "rotation_view": 0,
    "in_block": false,
    "in_block_depth_px": -195,
    "surya_conf": null,
    "centre_map": [
     356615.446,
     3092162.012
    ],
    "map_epsg": 32617,
    "bbox_source_px": [
     5851,
     4144,
     5883,
     4463
    ]
   }
  },
  {
   "type": "Feature",
   "geometry": {
    "type": "Polygon",
    "coordinates": [
     [
      [
       -82.457957,
       27.9467023
      ],
      [
       -82.4579472,
       27.9467057
      ],
      [
       -82.4579427,
       27.9466953
      ],
      [
       -82.4579524,
       27.9466919
      ],
      [
       -82.457957,
       27.9467023
      ]
     ]
    ]
   },
   "properties": {
    "text": "X",
    "id": 242,
    "tile": "r3c4",
    "rotation_view": 0,
    "in_block": true,
    "in_block_depth_px": 26,
    "surya_conf": null,
    "centre_map": [
     356571.479,
     3092153.278
    ],
    "map_epsg": 32617,
    "bbox_source_px": [
     4999,
     4148,
     5019,
     4172
    ]
   }
  },
  {
   "type": "Feature",
   "geometry": {
    "type": "Polygon",
    "coordinates": [
     [
      [
       -82.4580025,
       27.9466844
      ],
      [
       -82.4579845,
       27.9466907
      ],
      [
       -82.4579598,
       27.9466349
      ],
      [
       -82.4579779,
       27.9466286
      ],
      [
       -82.4580025,
       27.9466844
      ]
     ]
    ]
   },
   "properties": {
    "text": "Paint",
    "id": 387,
    "tile": "r3c4",
    "rotation_view": 0,
    "in_block": true,
    "in_block_depth_px": 84,
    "surya_conf": null,
    "centre_map": [
     356568.341,
     3092148.977
    ],
    "map_epsg": 32617,
    "bbox_source_px": [
     4904,
     4152,
     4941,
     4281
    ]
   }
  },
  {
   "type": "Feature",
   "geometry": {
    "type": "Polygon",
    "coordinates": [
     [
      [
       -82.4591208,
       27.9462945
      ],
      [
       -82.4591042,
       27.9463003
      ],
      [
       -82.4590874,
       27.9462622
      ],
      [
       -82.4591039,
       27.9462564
      ],
      [
       -82.4591208,
       27.9462945
      ]
     ]
    ]
   },
   "properties": {
    "text": "9104",
    "id": 336,
    "tile": "r3c2",
    "rotation_view": 0,
    "in_block": true,
    "in_block_depth_px": 2,
    "surya_conf": null,
    "centre_map": [
     356457.359,
     3092108.048
    ],
    "map_epsg": 32617,
    "bbox_source_px": [
     2610,
     4153,
     2644,
     4241
    ]
   }
  },
  {
   "type": "Feature",
   "geometry": {
    "type": "Polygon",
    "coordinates": [
     [
      [
       -82.4584907,
       27.9465084
      ],
      [
       -82.4584697,
       27.9465157
      ],
      [
       -82.4584627,
       27.9464997
      ],
      [
       -82.4584836,
       27.9464924
      ],
      [
       -82.4584907,
       27.9465084
      ]
     ]
    ]
   },
   "properties": {
    "text": "12",
    "id": 280,
    "tile": "r3c3",
    "rotation_view": 0,
    "in_block": true,
    "in_block_depth_px": 33,
    "surya_conf": null,
    "centre_map": [
     356519.383,
     3092132.322
    ],
    "map_epsg": 32617,
    "bbox_source_px": [
     3898,
     4164,
     3941,
     4201
    ]
   }
  },
  {
   "type": "Feature",
   "geometry": {
    "type": "Polygon",
    "coordinates": [
     [
      [
       -82.4592046,
       27.9462588
      ],
      [
       -82.4591743,
       27.9462693
      ],
      [
       -82.4591353,
       27.946181
      ],
      [
       -82.4591656,
       27.9461705
      ],
      [
       -82.4592046,
       27.9462588
      ]
     ]
    ]
   },
   "properties": {
    "text": "Gen't W.Ho",
    "id": 507,
    "tile": "r3c2",
    "rotation_view": 0,
    "in_block": true,
    "in_block_depth_px": 128,
    "surya_conf": null,
    "centre_map": [
     356450.798,
     3092101.654
    ],
    "map_epsg": 32617,
    "bbox_source_px": [
     2433,
     4166,
     2495,
     4370
    ]
   }
  },
  {
   "type": "Feature",
   "geometry": {
    "type": "Polygon",
    "coordinates": [
     [
      [
       -82.4580331,
       27.9466618
      ],
      [
       -82.4580106,
       27.9466696
      ],
      [
       -82.45799,
       27.9466229
      ],
      [
       -82.4580124,
       27.9466151
      ],
      [
       -82.4580331,
       27.9466618
      ]
     ]
    ]
   },
   "properties": {
    "text": "Storge",
    "id": 389,
    "tile": "r3c4",
    "rotation_view": 0,
    "in_block": true,
    "in_block_depth_px": 95,
    "surya_conf": null,
    "centre_map": [
     356565.334,
     3092147.096
    ],
    "map_epsg": 32617,
    "bbox_source_px": [
     4832,
     4176,
     4878,
     4284
    ]
   }
  },
  {
   "type": "Feature",
   "geometry": {
    "type": "Polygon",
    "coordinates": [
     [
      [
       -82.4579161,
       27.9467001
      ],
      [
       -82.4579049,
       27.946704
      ],
      [
       -82.4579003,
       27.9466936
      ],
      [
       -82.4579115,
       27.9466897
      ],
      [
       -82.4579161,
       27.9467001
      ]
     ]
    ]
   },
   "properties": {
    "text": "1",
    "id": 287,
    "tile": "r3c4",
    "rotation_view": 0,
    "in_block": true,
    "in_block_depth_px": 60,
    "surya_conf": null,
    "centre_map": [
     356575.575,
     3092153.01
    ],
    "map_epsg": 32617,
    "bbox_source_px": [
     5070,
     4181,
     5093,
     4205
    ]
   }
  },
  {
   "type": "Feature",
   "geometry": {
    "type": "Polygon",
    "coordinates": [
     [
      [
       -82.4578726,
       27.9467137
      ],
      [
       -82.4578624,
       27.9467173
      ],
      [
       -82.4578583,
       27.9467082
      ],
      [
       -82.4578686,
       27.9467046
      ],
      [
       -82.4578726,
       27.9467137
      ]
     ]
    ]
   },
   "properties": {
    "text": "X",
    "id": 378,
    "tile": "r3c4",
    "rotation_view": 0,
    "in_block": true,
    "in_block_depth_px": 64,
    "surya_conf": null,
    "centre_map": [
     356579.795,
     3092154.524
    ],
    "map_epsg": 32617,
    "bbox_source_px": [
     5158,
     4184,
     5179,
     4205
    ]
   }
  },
  {
   "type": "Feature",
   "geometry": {
    "type": "Polygon",
    "coordinates": [
     [
      [
       -82.4579728,
       27.9466718
      ],
      [
       -82.4579572,
       27.9466772
      ],
      [
       -82.4579421,
       27.946643
      ],
      [
       -82.4579577,
       27.9466376
      ],
      [
       -82.4579728,
       27.9466718
      ]
     ]
    ]
   },
   "properties": {
    "text": "Oils",
    "id": 384,
    "tile": "r3c4",
    "rotation_view": 0,
    "in_block": true,
    "in_block_depth_px": 103,
    "surya_conf": null,
    "centre_map": [
     356570.676,
     3092148.704
    ],
    "map_epsg": 32617,
    "bbox_source_px": [
     4947,
     4198,
     4979,
     4277
    ]
   }
  },
  {
   "type": "Feature",
   "geometry": {
    "type": "Polygon",
    "coordinates": [
     [
      [
       -82.459037,
       27.9462857
      ],
      [
       -82.4590219,
       27.946291
      ],
      [
       -82.4590018,
       27.9462455
      ],
      [
       -82.4590169,
       27.9462402
      ],
      [
       -82.459037,
       27.9462857
      ]
     ]
    ]
   },
   "properties": {
    "text": "2\"W.R",
    "id": 454,
    "tile": "r3c2",
    "rotation_view": 0,
    "in_block": false,
    "in_block_depth_px": -139,
    "surya_conf": null,
    "centre_map": [
     356465.671,
     3092106.539
    ],
    "map_epsg": 32617,
    "bbox_source_px": [
     2752,
     4229,
     2783,
     4334
    ]
   }
  },
  {
   "type": "Feature",
   "geometry": {
    "type": "Polygon",
    "coordinates": [
     [
      [
       -82.4576239,
       27.9467683
      ],
      [
       -82.4576049,
       27.946775
      ],
      [
       -82.4575875,
       27.9467356
      ],
      [
       -82.4576065,
       27.9467289
      ],
      [
       -82.4576239,
       27.9467683
      ]
     ]
    ]
   },
   "properties": {
    "text": "406",
    "id": 462,
    "tile": "r3c5",
    "rotation_view": 0,
    "in_block": true,
    "in_block_depth_px": 9,
    "surya_conf": null,
    "centre_map": [
     356605.408,
     3092158.764
    ],
    "map_epsg": 32617,
    "bbox_source_px": [
     5643,
     4248,
     5682,
     4339
    ]
   }
  },
  {
   "type": "Feature",
   "geometry": {
    "type": "Polygon",
    "coordinates": [
     [
      [
       -82.4578977,
       27.9466585
      ],
      [
       -82.4578884,
       27.9466617
      ],
      [
       -82.4578844,
       27.9466526
      ],
      [
       -82.4578937,
       27.9466494
      ],
      [
       -82.4578977,
       27.9466585
      ]
     ]
    ]
   },
   "properties": {
    "text": "1",
    "id": 402,
    "tile": "r3c4",
    "rotation_view": 0,
    "in_block": true,
    "in_block_depth_px": 154,
    "surya_conf": null,
    "centre_map": [
     356577.202,
     3092148.419
    ],
    "map_epsg": 32617,
    "bbox_source_px": [
     5070,
     4277,
     5089,
     4298
    ]
   }
  },
  {
   "type": "Feature",
   "geometry": {
    "type": "Polygon",
    "coordinates": [
     [
      [
       -82.4578558,
       27.9466731
      ],
      [
       -82.4578431,
       27.9466775
      ],
      [
       -82.4578391,
       27.9466684
      ],
      [
       -82.4578518,
       27.946664
      ],
      [
       -82.4578558,
       27.9466731
      ]
     ]
    ]
   },
   "properties": {
    "text": "X",
    "id": 403,
    "tile": "r3c4",
    "rotation_view": 0,
    "in_block": true,
    "in_block_depth_px": 157,
    "surya_conf": null,
    "centre_map": [
     356581.515,
     3092150.052
    ],
    "map_epsg": 32617,
    "bbox_source_px": [
     5156,
     4277,
     5182,
     4298
    ]
   }
  },
  {
   "type": "Feature",
   "geometry": {
    "type": "Polygon",
    "coordinates": [
     [
      [
       -82.4588994,
       27.9463091
      ],
      [
       -82.458484,
       27.9464538
      ],
      [
       -82.4584724,
       27.9464274
      ],
      [
       -82.4588877,
       27.9462827
      ],
      [
       -82.4588994,
       27.9463091
      ]
     ]
    ]
   },
   "properties": {
    "text": "PENCER, HENDERSON MY CO. LIVERY.",
    "id": 654,
    "tile": "r3c3",
    "rotation_view": 0,
    "in_block": true,
    "in_block_depth_px": 162,
    "surya_conf": null,
    "centre_map": [
     356498.621,
     3092117.522
    ],
    "map_epsg": 32617,
    "bbox_source_px": [
     3015,
     4278,
     3867,
     4339
    ]
   }
  },
  {
   "type": "Feature",
   "geometry": {
    "type": "Polygon",
    "coordinates": [
     [
      [
       -82.4589159,
       27.9463019
      ],
      [
       -82.4586916,
       27.94638
      ],
      [
       -82.4586804,
       27.9463545
      ],
      [
       -82.4589046,
       27.9462764
      ],
      [
       -82.4589159,
       27.9463019
      ]
     ]
    ]
   },
   "properties": {
    "text": "SPENCER HENDERS",
    "id": 686,
    "tile": "r3c2",
    "rotation_view": 0,
    "in_block": true,
    "in_block_depth_px": 178,
    "surya_conf": null,
    "centre_map": [
     356487.525,
     3092113.212
    ],
    "map_epsg": 32617,
    "bbox_source_px": [
     2980,
     4281,
     3440,
     4340
    ]
   }
  },
  {
   "type": "Feature",
   "geometry": {
    "type": "Polygon",
    "coordinates": [
     [
      [
       -82.4590909,
       27.946227
      ],
      [
       -82.4590724,
       27.9462334
      ],
      [
       -82.4590567,
       27.9461979
      ],
      [
       -82.4590753,
       27.9461915
      ],
      [
       -82.4590909,
       27.946227
      ]
     ]
    ]
   },
   "properties": {
    "text": "9105",
    "id": 521,
    "tile": "r4c2",
    "rotation_view": 0,
    "in_block": true,
    "in_block_depth_px": 7,
    "surya_conf": null,
    "centre_map": [
     356460.246,
     3092100.711
    ],
    "map_epsg": 32617,
    "bbox_source_px": [
     2610,
     4309,
     2648,
     4391
    ]
   }
  },
  {
   "type": "Feature",
   "geometry": {
    "type": "Polygon",
    "coordinates": [
     [
      [
       -82.4579745,
       27.9466158
      ],
      [
       -82.457916,
       27.9466362
      ],
      [
       -82.4579104,
       27.9466236
      ],
      [
       -82.4579689,
       27.9466032
      ],
      [
       -82.4579745,
       27.9466158
      ]
     ]
    ]
   },
   "properties": {
    "text": "x",
    "id": 522,
    "tile": "r4c4",
    "rotation_view": 0,
    "in_block": true,
    "in_block_depth_px": 189,
    "surya_conf": null,
    "centre_map": [
     356572.1,
     3092144.505
    ],
    "map_epsg": 32617,
    "bbox_source_px": [
     4900,
     4309,
     5020,
     4338
    ]
   }
  },
  {
   "type": "Feature",
   "geometry": {
    "type": "Polygon",
    "coordinates": [
     [
      [
       -82.4579737,
       27.946614
      ],
      [
       -82.4579674,
       27.9466163
      ],
      [
       -82.4579634,
       27.9466072
      ],
      [
       -82.4579697,
       27.946605
      ],
      [
       -82.4579737,
       27.946614
      ]
     ]
    ]
   },
   "properties": {
    "text": "1",
    "id": 455,
    "tile": "r3c4",
    "rotation_view": 0,
    "in_block": true,
    "in_block_depth_px": 190,
    "surya_conf": null,
    "centre_map": [
     356569.521,
     3092143.529
    ],
    "map_epsg": 32617,
    "bbox_source_px": [
     4900,
     4313,
     4913,
     4334
    ]
   }
  },
  {
   "type": "Feature",
   "geometry": {
    "type": "Polygon",
    "coordinates": [
     [
      [
       -82.457922,
       27.946632
      ],
      [
       -82.4579137,
       27.9466349
      ],
      [
       -82.4579105,
       27.9466276
      ],
      [
       -82.4579188,
       27.9466247
      ],
      [
       -82.457922,
       27.946632
      ]
     ]
    ]
   },
   "properties": {
    "text": "X",
    "id": 445,
    "tile": "r3c4",
    "rotation_view": 0,
    "in_block": true,
    "in_block_depth_px": 187,
    "surya_conf": null,
    "centre_map": [
     356574.69,
     3092145.595
    ],
    "map_epsg": 32617,
    "bbox_source_px": [
     5006,
     4313,
     5023,
     4330
    ]
   }
  },
  {
   "type": "Feature",
   "geometry": {
    "type": "Polygon",
    "coordinates": [
     [
      [
       -82.4589018,
       27.9462674
      ],
      [
       -82.4588818,
       27.9462743
      ],
      [
       -82.4588751,
       27.9462592
      ],
      [
       -82.4588951,
       27.9462522
      ],
      [
       -82.4589018,
       27.9462674
      ]
     ]
    ]
   },
   "properties": {
    "text": "1/2",
    "id": 441,
    "tile": "r4c2",
    "rotation_view": 0,
    "in_block": true,
    "in_block_depth_px": 30,
    "surya_conf": null,
    "centre_map": [
     356478.554,
     3092106.125
    ],
    "map_epsg": 32617,
    "bbox_source_px": [
     2978,
     4360,
     3019,
     4395
    ]
   }
  },
  {
   "type": "Feature",
   "geometry": {
    "type": "Polygon",
    "coordinates": [
     [
      [
       -82.4589188,
       27.9462474
      ],
      [
       -82.4589013,
       27.9462535
      ],
      [
       -82.4588917,
       27.9462319
      ],
      [
       -82.4589093,
       27.9462258
      ],
      [
       -82.4589188,
       27.9462474
      ]
     ]
    ]
   },
   "properties": {
    "text": "210",
    "id": 404,
    "tile": "r4c2",
    "rotation_view": 0,
    "in_block": true,
    "in_block_depth_px": 6,
    "surya_conf": null,
    "centre_map": [
     356476.865,
     3092103.53
    ],
    "map_epsg": 32617,
    "bbox_source_px": [
     2932,
     4388,
     2968,
     4438
    ]
   }
  },
  {
   "type": "Feature",
   "geometry": {
    "type": "Polygon",
    "coordinates": [
     [
      [
       -82.4577537,
       27.9466342
      ],
      [
       -82.4577127,
       27.9466485
      ],
      [
       -82.4577085,
       27.946639
      ],
      [
       -82.4577495,
       27.9466247
      ],
      [
       -82.4577537,
       27.9466342
      ]
     ]
    ]
   },
   "properties": {
    "text": "TANK.",
    "id": 359,
    "tile": "r4c5",
    "rotation_view": 0,
    "in_block": true,
    "in_block_depth_px": 298,
    "surya_conf": null,
    "centre_map": [
     356592.917,
     3092146.13
    ],
    "map_epsg": 32617,
    "bbox_source_px": [
     5307,
     4426,
     5391,
     4448
    ]
   }
  },
  {
   "type": "Feature",
   "geometry": {
    "type": "Polygon",
    "coordinates": [
     [
      [
       -82.4578139,
       27.9466038
      ],
      [
       -82.4578066,
       27.9466063
      ],
      [
       -82.4578022,
       27.9465963
      ],
      [
       -82.4578095,
       27.9465938
      ],
      [
       -82.4578139,
       27.9466038
      ]
     ]
    ]
   },
   "properties": {
    "text": "1",
    "id": 583,
    "tile": "r3c4",
    "rotation_view": 0,
    "in_block": true,
    "in_block_depth_px": 326,
    "surya_conf": null,
    "centre_map": [
     356585.297,
     3092142.172
    ],
    "map_epsg": 32617,
    "bbox_source_px": [
     5176,
     4445,
     5191,
     4468
    ]
   }
  },
  {
   "type": "Feature",
   "geometry": {
    "type": "Polygon",
    "coordinates": [
     [
      [
       -82.4588803,
       27.9462214
      ],
      [
       -82.458872,
       27.9462243
      ],
      [
       -82.4588678,
       27.9462147
      ],
      [
       -82.4588761,
       27.9462118
      ],
      [
       -82.4588803,
       27.9462214
      ]
     ]
    ]
   },
   "properties": {
    "text": "x",
    "id": 309,
    "tile": "r4c2",
    "rotation_view": 0,
    "in_block": true,
    "in_block_depth_px": 18,
    "surya_conf": null,
    "centre_map": [
     356479.906,
     3092101.1
    ],
    "map_epsg": 32617,
    "bbox_source_px": [
     2980,
     4467,
     2997,
     4489
    ]
   }
  },
  {
   "type": "Feature",
   "geometry": {
    "type": "Polygon",
    "coordinates": [
     [
      [
       -82.4578097,
       27.9465942
      ],
      [
       -82.4577961,
       27.946599
      ],
      [
       -82.4577915,
       27.9465886
      ],
      [
       -82.4578051,
       27.9465838
      ],
      [
       -82.4578097,
       27.9465942
      ]
     ]
    ]
   },
   "properties": {
    "text": "x",
    "id": 408,
    "tile": "r4c4",
    "rotation_view": 0,
    "in_block": true,
    "in_block_depth_px": 349,
    "surya_conf": null,
    "centre_map": [
     356586.02,
     3092141.206
    ],
    "map_epsg": 32617,
    "bbox_source_px": [
     5176,
     4467,
     5204,
     4491
    ]
   }
  },
  {
   "type": "Feature",
   "geometry": {
    "type": "Polygon",
    "coordinates": [
     [
      [
       -82.4598253,
       27.9458888
      ],
      [
       -82.4597722,
       27.9459073
      ],
      [
       -82.4596662,
       27.9456674
      ],
      [
       -82.4597194,
       27.9456489
      ],
      [
       -82.4598253,
       27.9458888
      ]
     ]
    ]
   },
   "properties": {
    "text": "TIDE WATER.",
    "id": 623,
    "tile": "r4c1",
    "rotation_view": 0,
    "in_block": false,
    "in_block_depth_px": -508,
    "surya_conf": null,
    "centre_map": [
     356393.56,
     3092053.379
    ],
    "map_epsg": 32617,
    "bbox_source_px": [
     1039,
     4474,
     1148,
     5028
    ]
   }
  },
  {
   "type": "Feature",
   "geometry": {
    "type": "Polygon",
    "coordinates": [
     [
      [
       -82.4577006,
       27.9466147
      ],
      [
       -82.4576923,
       27.9466176
      ],
      [
       -82.4576874,
       27.9466064
      ],
      [
       -82.4576957,
       27.9466035
      ],
      [
       -82.4577006,
       27.9466147
      ]
     ]
    ]
   },
   "properties": {
    "text": "1",
    "id": 639,
    "tile": "r3c4",
    "rotation_view": 0,
    "in_block": true,
    "in_block_depth_px": 254,
    "surya_conf": null,
    "centre_map": [
     356596.532,
     3092143.201
    ],
    "map_epsg": 32617,
    "bbox_source_px": [
     5386,
     4502,
     5403,
     4528
    ]
   }
  },
  {
   "type": "Feature",
   "geometry": {
    "type": "Polygon",
    "coordinates": [
     [
      [
       -82.4591434,
       27.9461063
      ],
      [
       -82.4591283,
       27.9461115
      ],
      [
       -82.4591139,
       27.9460791
      ],
      [
       -82.4591291,
       27.9460738
      ],
      [
       -82.4591434,
       27.9461063
      ]
     ]
    ]
   },
   "properties": {
    "text": "I",
    "id": 243,
    "tile": "r4c2",
    "rotation_view": 0,
    "in_block": false,
    "in_block_depth_px": -111,
    "surya_conf": null,
    "centre_map": [
     356454.692,
     3092087.508
    ],
    "map_epsg": 32617,
    "bbox_source_px": [
     2422,
     4514,
     2453,
     4589
    ]
   }
  },
  {
   "type": "Feature",
   "geometry": {
    "type": "Polygon",
    "coordinates": [
     [
      [
       -82.4591436,
       27.9461067
      ],
      [
       -82.4591285,
       27.946112
      ],
      [
       -82.4591229,
       27.9460994
      ],
      [
       -82.459138,
       27.9460942
      ],
      [
       -82.4591436,
       27.9461067
      ]
     ]
    ]
   },
   "properties": {
    "text": "1",
    "id": 687,
    "tile": "r3c2",
    "rotation_view": 0,
    "in_block": false,
    "in_block_depth_px": -87,
    "surya_conf": null,
    "centre_map": [
     356454.254,
     3092088.664
    ],
    "map_epsg": 32617,
    "bbox_source_px": [
     2422,
     4513,
     2453,
     4542
    ]
   }
  },
  {
   "type": "Feature",
   "geometry": {
    "type": "Polygon",
    "coordinates": [
     [
      [
       -82.4584532,
       27.9463127
      ],
      [
       -82.4584093,
       27.946328
      ],
      [
       -82.4584038,
       27.9463154
      ],
      [
       -82.4584477,
       27.9463001
      ],
      [
       -82.4584532,
       27.9463127
      ]
     ]
    ]
   },
   "properties": {
    "text": "TANK.",
    "id": 151,
    "tile": "r4c3",
    "rotation_view": 0,
    "in_block": true,
    "in_block_depth_px": 110,
    "surya_conf": null,
    "centre_map": [
     356523.874,
     3092111.212
    ],
    "map_epsg": 32617,
    "bbox_source_px": [
     3811,
     4582,
     3901,
     4611
    ]
   }
  },
  {
   "type": "Feature",
   "geometry": {
    "type": "Polygon",
    "coordinates": [
     [
      [
       -82.4588563,
       27.9461683
      ],
      [
       -82.4588393,
       27.9461742
      ],
      [
       -82.4588324,
       27.9461586
      ],
      [
       -82.4588494,
       27.9461527
      ],
      [
       -82.4588563,
       27.9461683
      ]
     ]
    ]
   },
   "properties": {
    "text": "1/2",
    "id": 170,
    "tile": "r4c2",
    "rotation_view": 0,
    "in_block": true,
    "in_block_depth_px": 26,
    "surya_conf": null,
    "centre_map": [
     356482.759,
     3092095.017
    ],
    "map_epsg": 32617,
    "bbox_source_px": [
     2981,
     4590,
     3016,
     4626
    ]
   }
  },
  {
   "type": "Feature",
   "geometry": {
    "type": "Polygon",
    "coordinates": [
     [
      [
       -82.4581406,
       27.9464111
      ],
      [
       -82.4581299,
       27.9464148
      ],
      [
       -82.4581243,
       27.9464022
      ],
      [
       -82.458135,
       27.9463985
      ],
      [
       -82.4581406,
       27.9464111
      ]
     ]
    ]
   },
   "properties": {
    "text": "2",
    "id": 161,
    "tile": "r4c4",
    "rotation_view": 0,
    "in_block": true,
    "in_block_depth_px": 25,
    "surya_conf": null,
    "centre_map": [
     356553.125,
     3092121.125
    ],
    "map_epsg": 32617,
    "bbox_source_px": [
     4444,
     4603,
     4466,
     4632
    ]
   }
  },
  {
   "type": "Feature",
   "geometry": {
    "type": "Polygon",
    "coordinates": [
     [
      [
       -82.4579869,
       27.9464606
      ],
      [
       -82.4579684,
       27.946467
      ],
      [
       -82.4579631,
       27.9464549
      ],
      [
       -82.4579816,
       27.9464485
      ],
      [
       -82.4579869,
       27.9464606
      ]
     ]
    ]
   },
   "properties": {
    "text": "x",
    "id": 125,
    "tile": "r4c4",
    "rotation_view": 0,
    "in_block": true,
    "in_block_depth_px": 345,
    "surya_conf": null,
    "centre_map": [
     356568.683,
     3092126.6
    ],
    "map_epsg": 32617,
    "bbox_source_px": [
     4756,
     4611,
     4794,
     4639
    ]
   }
  },
  {
   "type": "Feature",
   "geometry": {
    "type": "Polygon",
    "coordinates": [
     [
      [
       -82.4576775,
       27.9465649
      ],
      [
       -82.4576687,
       27.9465679
      ],
      [
       -82.4576655,
       27.9465605
      ],
      [
       -82.4576742,
       27.9465575
      ],
      [
       -82.4576775,
       27.9465649
      ]
     ]
    ]
   },
   "properties": {
    "text": "x",
    "id": 233,
    "tile": "r4c5",
    "rotation_view": 0,
    "in_block": true,
    "in_block_depth_px": 254,
    "surya_conf": null,
    "centre_map": [
     356598.686,
     3092137.873
    ],
    "map_epsg": 32617,
    "bbox_source_px": [
     5388,
     4618,
     5406,
     4635
    ]
   }
  },
  {
   "type": "Feature",
   "geometry": {
    "type": "Polygon",
    "coordinates": [
     [
      [
       -82.4591644,
       27.9460455
      ],
      [
       -82.4591459,
       27.946052
      ],
      [
       -82.4591328,
       27.9460225
      ],
      [
       -82.4591514,
       27.9460161
      ],
      [
       -82.4591644,
       27.9460455
      ]
     ]
    ]
   },
   "properties": {
    "text": "210",
    "id": 298,
    "tile": "r4c2",
    "rotation_view": 0,
    "in_block": true,
    "in_block_depth_px": 6,
    "surya_conf": null,
    "centre_map": [
     356452.652,
     3092081.033
    ],
    "map_epsg": 32617,
    "bbox_source_px": [
     2337,
     4621,
     2375,
     4689
    ]
   }
  },
  {
   "type": "Feature",
   "geometry": {
    "type": "Polygon",
    "coordinates": [
     [
      [
       -82.4581625,
       27.9463944
      ],
      [
       -82.4581464,
       27.9464
      ],
      [
       -82.4581334,
       27.9463706
      ],
      [
       -82.4581495,
       27.946365
      ],
      [
       -82.4581625,
       27.9463944
      ]
     ]
    ]
   },
   "properties": {
    "text": "36'",
    "id": 634,
    "tile": "r4c3",
    "rotation_view": 0,
    "in_block": true,
    "in_block_depth_px": 6,
    "surya_conf": null,
    "centre_map": [
     356551.568,
     3092118.47
    ],
    "map_epsg": 32617,
    "bbox_source_px": [
     4392,
     4621,
     4425,
     4689
    ]
   }
  },
  {
   "type": "Feature",
   "geometry": {
    "type": "Polygon",
    "coordinates": [
     [
      [
       -82.4576621,
       27.9465682
      ],
      [
       -82.4576533,
       27.9465713
      ],
      [
       -82.4576497,
       27.946563
      ],
      [
       -82.4576585,
       27.94656
      ],
      [
       -82.4576621,
       27.9465682
      ]
     ]
    ]
   },
   "properties": {
    "text": "x",
    "id": 192,
    "tile": "r4c5",
    "rotation_view": 0,
    "in_block": true,
    "in_block_depth_px": 224,
    "surya_conf": null,
    "centre_map": [
     356600.223,
     3092138.179
    ],
    "map_epsg": 32617,
    "bbox_source_px": [
     5418,
     4622,
     5436,
     4641
    ]
   }
  },
  {
   "type": "Feature",
   "geometry": {
    "type": "Polygon",
    "coordinates": [
     [
      [
       -82.4581323,
       27.9464025
      ],
      [
       -82.4580972,
       27.9464147
      ],
      [
       -82.4580884,
       27.9463948
      ],
      [
       -82.4581235,
       27.9463826
      ],
      [
       -82.4581323,
       27.9464025
      ]
     ]
    ]
   },
   "properties": {
    "text": "Dmg",
    "id": 150,
    "tile": "r4c4",
    "rotation_view": 0,
    "in_block": true,
    "in_block_depth_px": 59,
    "surya_conf": null,
    "centre_map": [
     356555.29,
     3092120.209
    ],
    "map_epsg": 32617,
    "bbox_source_px": [
     4452,
     4626,
     4524,
     4672
    ]
   }
  },
  {
   "type": "Feature",
   "geometry": {
    "type": "Polygon",
    "coordinates": [
     [
      [
       -82.458064,
       27.9464198
      ],
      [
       -82.4580528,
       27.9464237
      ],
      [
       -82.458048,
       27.9464128
      ],
      [
       -82.4580592,
       27.9464089
      ],
      [
       -82.458064,
       27.9464198
      ]
     ]
    ]
   },
   "properties": {
    "text": "x",
    "id": 100,
    "tile": "r4c4",
    "rotation_view": 0,
    "in_block": true,
    "in_block_depth_px": 169,
    "surya_conf": null,
    "centre_map": [
     356560.66,
     3092122.104
    ],
    "map_epsg": 32617,
    "bbox_source_px": [
     4587,
     4639,
     4610,
     4664
    ]
   }
  },
  {
   "type": "Feature",
   "geometry": {
    "type": "Polygon",
    "coordinates": [
     [
      [
       -82.4575907,
       27.9465811
      ],
      [
       -82.4575766,
       27.946586
      ],
      [
       -82.4575704,
       27.9465722
      ],
      [
       -82.4575846,
       27.9465672
      ],
      [
       -82.4575907,
       27.9465811
      ]
     ]
    ]
   },
   "properties": {
    "text": "2",
    "id": 91,
    "tile": "r4c5",
    "rotation_view": 0,
    "in_block": true,
    "in_block_depth_px": 82,
    "surya_conf": null,
    "centre_map": [
     356607.647,
     3092139.308
    ],
    "map_epsg": 32617,
    "bbox_source_px": [
     5555,
     4646,
     5584,
     4678
    ]
   }
  },
  {
   "type": "Feature",
   "geometry": {
    "type": "Polygon",
    "coordinates": [
     [
      [
       -82.4575655,
       27.9465889
      ],
      [
       -82.4575542,
       27.9465928
      ],
      [
       -82.4575491,
       27.9465811
      ],
      [
       -82.4575603,
       27.9465772
      ],
      [
       -82.4575655,
       27.9465889
      ]
     ]
    ]
   },
   "properties": {
    "text": "2",
    "id": 87,
    "tile": "r4c5",
    "rotation_view": 0,
    "in_block": true,
    "in_block_depth_px": 34,
    "surya_conf": null,
    "centre_map": [
     356609.951,
     3092140.208
    ],
    "map_epsg": 32617,
    "bbox_source_px": [
     5606,
     4648,
     5629,
     4675
    ]
   }
  },
  {
   "type": "Feature",
   "geometry": {
    "type": "Polygon",
    "coordinates": [
     [
      [
       -82.4584537,
       27.946273
      ],
      [
       -82.458444,
       27.9462764
      ],
      [
       -82.458438,
       27.946263
      ],
      [
       -82.4584478,
       27.9462596
      ],
      [
       -82.4584537,
       27.946273
      ]
     ]
    ]
   },
   "properties": {
    "text": "1",
    "id": 81,
    "tile": "r4c3",
    "rotation_view": 0,
    "in_block": true,
    "in_block_depth_px": 179,
    "surya_conf": null,
    "centre_map": [
     356522.104,
     3092106.134
    ],
    "map_epsg": 32617,
    "bbox_source_px": [
     3779,
     4661,
     3799,
     4692
    ]
   }
  },
  {
   "type": "Feature",
   "geometry": {
    "type": "Polygon",
    "coordinates": [
     [
      [
       -82.4584721,
       27.9462651
      ],
      [
       -82.4584614,
       27.9462689
      ],
      [
       -82.4584551,
       27.9462546
      ],
      [
       -82.4584658,
       27.9462508
      ],
      [
       -82.4584721,
       27.9462651
      ]
     ]
    ]
   },
   "properties": {
    "text": "1/",
    "id": 78,
    "tile": "r4c3",
    "rotation_view": 0,
    "in_block": true,
    "in_block_depth_px": 217,
    "surya_conf": null,
    "centre_map": [
     356520.346,
     3092105.248
    ],
    "map_epsg": 32617,
    "bbox_source_px": [
     3740,
     4664,
     3762,
     4697
    ]
   }
  },
  {
   "type": "Feature",
   "geometry": {
    "type": "Polygon",
    "coordinates": [
     [
      [
       -82.4583595,
       27.9463043
      ],
      [
       -82.4583439,
       27.9463098
      ],
      [
       -82.4583275,
       27.9462725
      ],
      [
       -82.4583431,
       27.9462671
      ],
      [
       -82.4583595,
       27.9463043
      ]
     ]
    ]
   },
   "properties": {
    "text": "305",
    "id": 149,
    "tile": "r4c3",
    "rotation_view": 0,
    "in_block": true,
    "in_block_depth_px": 9,
    "surya_conf": null,
    "centre_map": [
     356532.203,
     3092108.276
    ],
    "map_epsg": 32617,
    "bbox_source_px": [
     3971,
     4664,
     4003,
     4750
    ]
   }
  },
  {
   "type": "Feature",
   "geometry": {
    "type": "Polygon",
    "coordinates": [
     [
      [
       -82.459005,
       27.9460706
      ],
      [
       -82.458984,
       27.9460779
      ],
      [
       -82.4589771,
       27.9460623
      ],
      [
       -82.4589981,
       27.946055
      ],
      [
       -82.459005,
       27.9460706
      ]
     ]
    ]
   },
   "properties": {
    "text": "1/2",
    "id": 58,
    "tile": "r4c2",
    "rotation_view": 0,
    "in_block": true,
    "in_block_depth_px": 20,
    "surya_conf": null,
    "centre_map": [
     356468.196,
     3092084.437
    ],
    "map_epsg": 32617,
    "bbox_source_px": [
     2640,
     4682,
     2683,
     4718
    ]
   }
  },
  {
   "type": "Feature",
   "geometry": {
    "type": "Polygon",
    "coordinates": [
     [
      [
       -82.4575336,
       27.9465805
      ],
      [
       -82.4575175,
       27.9465861
      ],
      [
       -82.4575017,
       27.9465501
      ],
      [
       -82.4575178,
       27.9465445
      ],
      [
       -82.4575336,
       27.9465805
      ]
     ]
    ]
   },
   "properties": {
    "text": "406",
    "id": 54,
    "tile": "r4c5",
    "rotation_view": 0,
    "in_block": true,
    "in_block_depth_px": 7,
    "surya_conf": null,
    "centre_map": [
     356613.824,
     3092137.982
    ],
    "map_epsg": 32617,
    "bbox_source_px": [
     5656,
     4687,
     5689,
     4770
    ]
   }
  },
  {
   "type": "Feature",
   "geometry": {
    "type": "Polygon",
    "coordinates": [
     [
      [
       -82.4588226,
       27.9461276
      ],
      [
       -82.458787,
       27.94614
      ],
      [
       -82.4587788,
       27.9461214
      ],
      [
       -82.4588144,
       27.946109
      ],
      [
       -82.4588226,
       27.9461276
      ]
     ]
    ]
   },
   "properties": {
    "text": "W.Ho.",
    "id": 695,
    "tile": "r4c3",
    "rotation_view": 0,
    "in_block": true,
    "in_block_depth_px": 56,
    "surya_conf": null,
    "centre_map": [
     356487.003,
     3092090.645
    ],
    "map_epsg": 32617,
    "bbox_source_px": [
     3009,
     4695,
     3082,
     4738
    ]
   }
  },
  {
   "type": "Feature",
   "geometry": {
    "type": "Polygon",
    "coordinates": [
     [
      [
       -82.4588497,
       27.9461151
      ],
      [
       -82.4588293,
       27.9461223
      ],
      [
       -82.4588155,
       27.9460911
      ],
      [
       -82.458836,
       27.946084
      ],
      [
       -82.4588497,
       27.9461151
      ]
     ]
    ]
   },
   "properties": {
    "text": "207",
    "id": 143,
    "tile": "r4c2",
    "rotation_view": 0,
    "in_block": true,
    "in_block_depth_px": 7,
    "surya_conf": null,
    "centre_map": [
     356483.834,
     3092088.317
    ],
    "map_epsg": 32617,
    "bbox_source_px": [
     2951,
     4701,
     2993,
     4773
    ]
   }
  },
  {
   "type": "Feature",
   "geometry": {
    "type": "Polygon",
    "coordinates": [
     [
      [
       -82.4592713,
       27.9459678
      ],
      [
       -82.4591908,
       27.9459959
      ],
      [
       -82.4591776,
       27.945966
      ],
      [
       -82.4592581,
       27.945938
      ],
      [
       -82.4592713,
       27.9459678
      ]
     ]
    ]
   },
   "properties": {
    "text": "DOCK.",
    "id": 490,
    "tile": "r4c1",
    "rotation_view": 0,
    "in_block": true,
    "in_block_depth_px": 134,
    "surya_conf": null,
    "centre_map": [
     356445.102,
     3092073.685
    ],
    "map_epsg": 32617,
    "bbox_source_px": [
     2086,
     4702,
     2251,
     4771
    ]
   }
  },
  {
   "type": "Feature",
   "geometry": {
    "type": "Polygon",
    "coordinates": [
     [
      [
       -82.4584863,
       27.9462372
      ],
      [
       -82.4584507,
       27.9462496
      ],
      [
       -82.4584423,
       27.9462306
      ],
      [
       -82.4584779,
       27.9462182
      ],
      [
       -82.4584863,
       27.9462372
      ]
     ]
    ]
   },
   "properties": {
    "text": "Dng",
    "id": 43,
    "tile": "r4c3",
    "rotation_view": 0,
    "in_block": true,
    "in_block_depth_px": 238,
    "surya_conf": null,
    "centre_map": [
     356520.249,
     3092102.374
    ],
    "map_epsg": 32617,
    "bbox_source_px": [
     3693,
     4710,
     3766,
     4754
    ]
   }
  },
  {
   "type": "Feature",
   "geometry": {
    "type": "Polygon",
    "coordinates": [
     [
      [
       -82.4585803,
       27.9462005
      ],
      [
       -82.458572,
       27.9462034
      ],
      [
       -82.4585688,
       27.946196
      ],
      [
       -82.458577,
       27.9461931
      ],
      [
       -82.4585803,
       27.9462005
      ]
     ]
    ]
   },
   "properties": {
    "text": "x",
    "id": 106,
    "tile": "r4c3",
    "rotation_view": 0,
    "in_block": true,
    "in_block_depth_px": 462,
    "surya_conf": null,
    "centre_map": [
     356509.354,
     3092098.554
    ],
    "map_epsg": 32617,
    "bbox_source_px": [
     3497,
     4718,
     3514,
     4735
    ]
   }
  },
  {
   "type": "Feature",
   "geometry": {
    "type": "Polygon",
    "coordinates": [
     [
      [
       -82.4589631,
       27.9460637
      ],
      [
       -82.4589466,
       27.9460694
      ],
      [
       -82.458932,
       27.9460365
      ],
      [
       -82.4589486,
       27.9460308
      ],
      [
       -82.4589631,
       27.9460637
      ]
     ]
    ]
   },
   "properties": {
    "text": "209",
    "id": 37,
    "tile": "r4c2",
    "rotation_view": 0,
    "in_block": true,
    "in_block_depth_px": 8,
    "surya_conf": null,
    "centre_map": [
     356472.453,
     3092082.577
    ],
    "map_epsg": 32617,
    "bbox_source_px": [
     2709,
     4725,
     2743,
     4801
    ]
   }
  },
  {
   "type": "Feature",
   "geometry": {
    "type": "Polygon",
    "coordinates": [
     [
      [
       -82.4578542,
       27.9464454
      ],
      [
       -82.4578225,
       27.9464564
      ],
      [
       -82.4578068,
       27.9464209
      ],
      [
       -82.4578385,
       27.9464099
      ],
      [
       -82.4578542,
       27.9464454
      ]
     ]
    ]
   },
   "properties": {
    "text": "7",
    "id": 198,
    "tile": "r4c4",
    "rotation_view": 0,
    "in_block": true,
    "in_block_depth_px": 581,
    "surya_conf": null,
    "centre_map": [
     356582.865,
     3092123.703
    ],
    "map_epsg": 32617,
    "bbox_source_px": [
     4980,
     4734,
     5045,
     4816
    ]
   }
  },
  {
   "type": "Feature",
   "geometry": {
    "type": "Polygon",
    "coordinates": [
     [
      [
       -82.4590102,
       27.9460378
      ],
      [
       -82.4589619,
       27.9460546
      ],
      [
       -82.4589518,
       27.9460316
      ],
      [
       -82.4590001,
       27.9460148
      ],
      [
       -82.4590102,
       27.9460378
      ]
     ]
    ]
   },
   "properties": {
    "text": "W.Ho",
    "id": 26,
    "tile": "r4c2",
    "rotation_view": 0,
    "in_block": true,
    "in_block_depth_px": 68,
    "surya_conf": null,
    "centre_map": [
     356469.144,
     3092080.911
    ],
    "map_epsg": 32617,
    "bbox_source_px": [
     2605,
     4744,
     2704,
     4797
    ]
   }
  },
  {
   "type": "Feature",
   "geometry": {
    "type": "Polygon",
    "coordinates": [
     [
      [
       -82.4585804,
       27.9461805
      ],
      [
       -82.4585512,
       27.9461906
      ],
      [
       -82.4585363,
       27.9461569
      ],
      [
       -82.4585655,
       27.9461467
      ],
      [
       -82.4585804,
       27.9461805
      ]
     ]
    ]
   },
   "properties": {
    "text": "6",
    "id": 122,
    "tile": "r4c3",
    "rotation_view": 0,
    "in_block": true,
    "in_block_depth_px": 457,
    "surya_conf": null,
    "centre_map": [
     356510.905,
     3092095.256
    ],
    "map_epsg": 32617,
    "bbox_source_px": [
     3481,
     4758,
     3541,
     4836
    ]
   }
  },
  {
   "type": "Feature",
   "geometry": {
    "type": "Polygon",
    "coordinates": [
     [
      [
       -82.4577926,
       27.9464498
      ],
      [
       -82.4577444,
       27.9464666
      ],
      [
       -82.4577386,
       27.9464536
      ],
      [
       -82.4577869,
       27.9464368
      ],
      [
       -82.4577926,
       27.9464498
      ]
     ]
    ]
   },
   "properties": {
    "text": "SHEDS",
    "id": 391,
    "tile": "r4c4",
    "rotation_view": 0,
    "in_block": true,
    "in_block_depth_px": 511,
    "surya_conf": null,
    "centre_map": [
     356589.276,
     3092125.689
    ],
    "map_epsg": 32617,
    "bbox_source_px": [
     5093,
     4768,
     5192,
     4798
    ]
   }
  },
  {
   "type": "Feature",
   "geometry": {
    "type": "Polygon",
    "coordinates": [
     [
      [
       -82.4584282,
       27.9462205
      ],
      [
       -82.4584195,
       27.9462235
      ],
      [
       -82.4584162,
       27.9462162
      ],
      [
       -82.458425,
       27.9462131
      ],
      [
       -82.4584282,
       27.9462205
      ]
     ]
    ]
   },
   "properties": {
    "text": "x",
    "id": 9,
    "tile": "r4c3",
    "rotation_view": 0,
    "in_block": true,
    "in_block_depth_px": 176,
    "surya_conf": null,
    "centre_map": [
     356524.365,
     3092100.598
    ],
    "map_epsg": 32617,
    "bbox_source_px": [
     3783,
     4784,
     3801,
     4801
    ]
   }
  },
  {
   "type": "Feature",
   "geometry": {
    "type": "Polygon",
    "coordinates": [
     [
      [
       -82.4575375,
       27.9465307
      ],
      [
       -82.4575297,
       27.9465334
      ],
      [
       -82.4575261,
       27.9465252
      ],
      [
       -82.4575339,
       27.9465224
      ],
      [
       -82.4575375,
       27.9465307
      ]
     ]
    ]
   },
   "properties": {
    "text": "x",
    "id": 28,
    "tile": "r4c5",
    "rotation_view": 0,
    "in_block": true,
    "in_block_depth_px": 36,
    "surya_conf": null,
    "centre_map": [
     356612.383,
     3092133.856
    ],
    "map_epsg": 32617,
    "bbox_source_px": [
     5610,
     4784,
     5626,
     4803
    ]
   }
  },
  {
   "type": "Feature",
   "geometry": {
    "type": "Polygon",
    "coordinates": [
     [
      [
       -82.4584491,
       27.9462117
      ],
      [
       -82.4584408,
       27.9462146
      ],
      [
       -82.4584378,
       27.9462077
      ],
      [
       -82.4584461,
       27.9462048
      ],
      [
       -82.4584491,
       27.9462117
      ]
     ]
    ]
   },
   "properties": {
    "text": "x",
    "id": 8,
    "tile": "r4c3",
    "rotation_view": 0,
    "in_block": true,
    "in_block_depth_px": 221,
    "surya_conf": null,
    "centre_map": [
     356522.266,
     3092099.666
    ],
    "map_epsg": 32617,
    "bbox_source_px": [
     3739,
     4787,
     3756,
     4803
    ]
   }
  },
  {
   "type": "Feature",
   "geometry": {
    "type": "Polygon",
    "coordinates": [
     [
      [
       -82.45773,
       27.9464621
      ],
      [
       -82.4577183,
       27.9464662
      ],
      [
       -82.4577139,
       27.9464563
      ],
      [
       -82.4577256,
       27.9464522
      ],
      [
       -82.45773,
       27.9464621
      ]
     ]
    ]
   },
   "properties": {
    "text": "x",
    "id": 456,
    "tile": "r4c4",
    "rotation_view": 0,
    "in_block": true,
    "in_block_depth_px": 428,
    "surya_conf": null,
    "centre_map": [
     356593.583,
     3092126.465
    ],
    "map_epsg": 32617,
    "bbox_source_px": [
     5214,
     4787,
     5238,
     4810
    ]
   }
  },
  {
   "type": "Feature",
   "geometry": {
    "type": "Polygon",
    "coordinates": [
     [
      [
       -82.4598701,
       27.9457088
      ],
      [
       -82.4598194,
       27.9457265
      ],
      [
       -82.4596779,
       27.9454061
      ],
      [
       -82.4597287,
       27.9453884
      ],
      [
       -82.4598701,
       27.9457088
      ]
     ]
    ]
   },
   "properties": {
    "text": "lsborough,",
    "id": 622,
    "tile": "r4c0",
    "rotation_view": 0,
    "in_block": false,
    "in_block_depth_px": -807,
    "surya_conf": null,
    "centre_map": [
     356390.485,
     3092028.965
    ],
    "map_epsg": 32617,
    "bbox_source_px": [
     818,
     4803,
     922,
     5543
    ]
   }
  },
  {
   "type": "Feature",
   "geometry": {
    "type": "Polygon",
    "coordinates": [
     [
      [
       -82.4589545,
       27.9460187
      ],
      [
       -82.4589462,
       27.9460216
      ],
      [
       -82.4589426,
       27.9460134
      ],
      [
       -82.4589509,
       27.9460105
      ],
      [
       -82.4589545,
       27.9460187
      ]
     ]
    ]
   },
   "properties": {
    "text": "x",
    "id": 1,
    "tile": "r4c2",
    "rotation_view": 0,
    "in_block": true,
    "in_block_depth_px": 22,
    "surya_conf": null,
    "centre_map": [
     356472.311,
     3092078.804
    ],
    "map_epsg": 32617,
    "bbox_source_px": [
     2689,
     4821,
     2706,
     4840
    ]
   }
  },
  {
   "type": "Feature",
   "geometry": {
    "type": "Polygon",
    "coordinates": [
     [
      [
       -82.457758,
       27.9464339
      ],
      [
       -82.4577102,
       27.9464505
      ],
      [
       -82.4577036,
       27.9464354
      ],
      [
       -82.4577513,
       27.9464187
      ],
      [
       -82.457758,
       27.9464339
      ]
     ]
    ]
   },
   "properties": {
    "text": "10.8E.",
    "id": 457,
    "tile": "r4c4",
    "rotation_view": 0,
    "in_block": true,
    "in_block_depth_px": 463,
    "surya_conf": null,
    "centre_map": [
     356592.68,
     3092123.754
    ],
    "map_epsg": 32617,
    "bbox_source_px": [
     5142,
     4824,
     5240,
     4859
    ]
   }
  },
  {
   "type": "Feature",
   "geometry": {
    "type": "Polygon",
    "coordinates": [
     [
      [
       -82.4583565,
       27.9462225
      ],
      [
       -82.4583351,
       27.9462299
      ],
      [
       -82.4583288,
       27.9462156
      ],
      [
       -82.4583502,
       27.9462082
      ],
      [
       -82.4583565,
       27.9462225
      ]
     ]
    ]
   },
   "properties": {
    "text": "1\u00bd",
    "id": 107,
    "tile": "r4c3",
    "rotation_view": 0,
    "in_block": true,
    "in_block_depth_px": 35,
    "surya_conf": null,
    "centre_map": [
     356532.193,
     3092100.586
    ],
    "map_epsg": 32617,
    "bbox_source_px": [
     3912,
     4830,
     3956,
     4863
    ]
   }
  },
  {
   "type": "Feature",
   "geometry": {
    "type": "Polygon",
    "coordinates": [
     [
      [
       -82.4577894,
       27.946417
      ],
      [
       -82.4577786,
       27.9464207
      ],
      [
       -82.4577741,
       27.9464103
      ],
      [
       -82.4577848,
       27.9464066
      ],
      [
       -82.4577894,
       27.946417
      ]
     ]
    ]
   },
   "properties": {
    "text": "x",
    "id": 266,
    "tile": "r4c4",
    "rotation_view": 0,
    "in_block": true,
    "in_block_depth_px": 510,
    "surya_conf": null,
    "centre_map": [
     356587.642,
     3092121.489
    ],
    "map_epsg": 32617,
    "bbox_source_px": [
     5073,
     4836,
     5095,
     4860
    ]
   }
  },
  {
   "type": "Feature",
   "geometry": {
    "type": "Polygon",
    "coordinates": [
     [
      [
       -82.458789,
       27.9460668
      ],
      [
       -82.4587798,
       27.9460701
      ],
      [
       -82.4587761,
       27.9460618
      ],
      [
       -82.4587854,
       27.9460586
      ],
      [
       -82.458789,
       27.9460668
      ]
     ]
    ]
   },
   "properties": {
    "text": "x",
    "id": 201,
    "tile": "r4c2",
    "rotation_view": 0,
    "in_block": true,
    "in_block_depth_px": 15,
    "surya_conf": null,
    "centre_map": [
     356488.706,
     3092083.962
    ],
    "map_epsg": 32617,
    "bbox_source_px": [
     3021,
     4840,
     3040,
     4859
    ]
   }
  },
  {
   "type": "Feature",
   "geometry": {
    "type": "Polygon",
    "coordinates": [
     [
      [
       -82.4583227,
       27.9462273
      ],
      [
       -82.4583076,
       27.9462325
      ],
      [
       -82.4582911,
       27.9461953
      ],
      [
       -82.4583062,
       27.94619
      ],
      [
       -82.4583227,
       27.9462273
      ]
     ]
    ]
   },
   "properties": {
    "text": "304",
    "id": 156,
    "tile": "r4c3",
    "rotation_view": 0,
    "in_block": true,
    "in_block_depth_px": 7,
    "surya_conf": null,
    "centre_map": [
     356535.703,
     3092099.683
    ],
    "map_epsg": 32617,
    "bbox_source_px": [
     3976,
     4844,
     4007,
     4930
    ]
   }
  },
  {
   "type": "Feature",
   "geometry": {
    "type": "Polygon",
    "coordinates": [
     [
      [
       -82.4583767,
       27.9462005
      ],
      [
       -82.4583347,
       27.9462151
      ],
      [
       -82.4583265,
       27.9461965
      ],
      [
       -82.4583684,
       27.9461819
      ],
      [
       -82.4583767,
       27.9462005
      ]
     ]
    ]
   },
   "properties": {
    "text": "W.Ho",
    "id": 98,
    "tile": "r4c3",
    "rotation_view": 0,
    "in_block": true,
    "in_block_depth_px": 77,
    "surya_conf": null,
    "centre_map": [
     356531.289,
     3092098.316
    ],
    "map_epsg": 32617,
    "bbox_source_px": [
     3859,
     4860,
     3945,
     4903
    ]
   }
  },
  {
   "type": "Feature",
   "geometry": {
    "type": "Polygon",
    "coordinates": [
     [
      [
       -82.4583279,
       27.9461895
      ],
      [
       -82.4583196,
       27.9461924
      ],
      [
       -82.4583166,
       27.9461854
      ],
      [
       -82.4583249,
       27.9461825
      ],
      [
       -82.4583279,
       27.9461895
      ]
     ]
    ]
   },
   "properties": {
    "text": "x",
    "id": 105,
    "tile": "r4c3",
    "rotation_view": 0,
    "in_block": true,
    "in_block_depth_px": 26,
    "surya_conf": null,
    "centre_map": [
     356534.161,
     3092097.061
    ],
    "map_epsg": 32617,
    "bbox_source_px": [
     3937,
     4916,
     3954,
     4932
    ]
   }
  },
  {
   "type": "Feature",
   "geometry": {
    "type": "Polygon",
    "coordinates": [
     [
      [
       -82.4585965,
       27.9460844
      ],
      [
       -82.4585814,
       27.9460897
      ],
      [
       -82.4585765,
       27.9460784
      ],
      [
       -82.4585916,
       27.9460732
      ],
      [
       -82.4585965,
       27.9460844
      ]
     ]
    ]
   },
   "properties": {
    "text": "1\u00bd",
    "id": 246,
    "tile": "r4c3",
    "rotation_view": 0,
    "in_block": true,
    "in_block_depth_px": 354,
    "surya_conf": null,
    "centre_map": [
     356508.021,
     3092085.625
    ],
    "map_epsg": 32617,
    "bbox_source_px": [
     3377,
     4939,
     3408,
     4965
    ]
   }
  },
  {
   "type": "Feature",
   "geometry": {
    "type": "Polygon",
    "coordinates": [
     [
      [
       -82.4586627,
       27.9460609
      ],
      [
       -82.4586422,
       27.946068
      ],
      [
       -82.4586366,
       27.9460555
      ],
      [
       -82.4586571,
       27.9460483
      ],
      [
       -82.4586627,
       27.9460609
      ]
     ]
    ]
   },
   "properties": {
    "text": "1\u00bd",
    "id": 421,
    "tile": "r4c3",
    "rotation_view": 0,
    "in_block": true,
    "in_block_depth_px": 228,
    "surya_conf": null,
    "centre_map": [
     356501.777,
     3092083.124
    ],
    "map_epsg": 32617,
    "bbox_source_px": [
     3241,
     4940,
     3283,
     4969
    ]
   }
  },
  {
   "type": "Feature",
   "geometry": {
    "type": "Polygon",
    "coordinates": [
     [
      [
       -82.4576084,
       27.9464186
      ],
      [
       -82.4575665,
       27.9464332
      ],
      [
       -82.4575615,
       27.9464219
      ],
      [
       -82.4576034,
       27.9464073
      ],
      [
       -82.4576084,
       27.9464186
      ]
     ]
    ]
   },
   "properties": {
    "text": "TANK.",
    "id": 225,
    "tile": "r4c5",
    "rotation_view": 0,
    "in_block": true,
    "in_block_depth_px": 218,
    "surya_conf": null,
    "centre_map": [
     356607.012,
     3092121.988
    ],
    "map_epsg": 32617,
    "bbox_source_px": [
     5396,
     4959,
     5482,
     4985
    ]
   }
  },
  {
   "type": "Feature",
   "geometry": {
    "type": "Polygon",
    "coordinates": [
     [
      [
       -82.4584486,
       27.9461215
      ],
      [
       -82.4584077,
       27.9461357
      ],
      [
       -82.4584027,
       27.9461245
      ],
      [
       -82.4584437,
       27.9461102
      ],
      [
       -82.4584486,
       27.9461215
      ]
     ]
    ]
   },
   "properties": {
    "text": "TANK.",
    "id": 34,
    "tile": "r4c3",
    "rotation_view": 0,
    "in_block": true,
    "in_block_depth_px": 260,
    "surya_conf": null,
    "centre_map": [
     356523.899,
     3092090.037
    ],
    "map_epsg": 32617,
    "bbox_source_px": [
     3669,
     4968,
     3753,
     4994
    ]
   }
  },
  {
   "type": "Feature",
   "geometry": {
    "type": "Polygon",
    "coordinates": [
     [
      [
       -82.4587727,
       27.9460081
      ],
      [
       -82.4587556,
       27.9460141
      ],
      [
       -82.4587437,
       27.9459872
      ],
      [
       -82.4587608,
       27.9459813
      ],
      [
       -82.4587727,
       27.9460081
      ]
     ]
    ]
   },
   "properties": {
    "text": "216",
    "id": 197,
    "tile": "r4c2",
    "rotation_view": 0,
    "in_block": true,
    "in_block_depth_px": 6,
    "surya_conf": null,
    "centre_map": [
     356491.017,
     3092076.545
    ],
    "map_epsg": 32617,
    "bbox_source_px": [
     3004,
     4969,
     3039,
     5031
    ]
   }
  },
  {
   "type": "Feature",
   "geometry": {
    "type": "Polygon",
    "coordinates": [
     [
      [
       -82.4580909,
       27.9462375
      ],
      [
       -82.4580739,
       27.9462435
      ],
      [
       -82.4580605,
       27.9462132
      ],
      [
       -82.4580776,
       27.9462072
      ],
      [
       -82.4580909,
       27.9462375
      ]
     ]
    ]
   },
   "properties": {
    "text": "36",
    "id": 220,
    "tile": "r4c4",
    "rotation_view": 0,
    "in_block": true,
    "in_block_depth_px": 5,
    "surya_conf": null,
    "centre_map": [
     356558.466,
     3092100.97
    ],
    "map_epsg": 32617,
    "bbox_source_px": [
     4396,
     4985,
     4431,
     5055
    ]
   }
  },
  {
   "type": "Feature",
   "geometry": {
    "type": "Polygon",
    "coordinates": [
     [
      [
       -82.4585755,
       27.9460558
      ],
      [
       -82.4585691,
       27.946058
      ],
      [
       -82.4585661,
       27.9460511
      ],
      [
       -82.4585724,
       27.9460489
      ],
      [
       -82.4585755,
       27.9460558
      ]
     ]
    ]
   },
   "properties": {
    "text": "x",
    "id": 222,
    "tile": "r4c3",
    "rotation_view": 0,
    "in_block": true,
    "in_block_depth_px": 348,
    "surya_conf": null,
    "centre_map": [
     356509.532,
     3092082.506
    ],
    "map_epsg": 32617,
    "bbox_source_px": [
     3392,
     5011,
     3405,
     5027
    ]
   }
  },
  {
   "type": "Feature",
   "geometry": {
    "type": "Polygon",
    "coordinates": [
     [
      [
       -82.4586392,
       27.9460321
      ],
      [
       -82.4586314,
       27.9460348
      ],
      [
       -82.4586282,
       27.9460274
      ],
      [
       -82.458636,
       27.9460247
      ],
      [
       -82.4586392,
       27.9460321
      ]
     ]
    ]
   },
   "properties": {
    "text": "x",
    "id": 395,
    "tile": "r4c3",
    "rotation_view": 0,
    "in_block": true,
    "in_block_depth_px": 219,
    "surya_conf": null,
    "centre_map": [
     356503.307,
     3092079.957
    ],
    "map_epsg": 32617,
    "bbox_source_px": [
     3260,
     5014,
     3276,
     5031
    ]
   }
  },
  {
   "type": "Feature",
   "geometry": {
    "type": "Polygon",
    "coordinates": [
     [
      [
       -82.4587369,
       27.9459971
      ],
      [
       -82.4587266,
       27.9460007
      ],
      [
       -82.4587232,
       27.9459929
      ],
      [
       -82.4587334,
       27.9459893
      ],
      [
       -82.4587369,
       27.9459971
      ]
     ]
    ]
   },
   "properties": {
    "text": "x",
    "id": 255,
    "tile": "r4c2",
    "rotation_view": 0,
    "in_block": true,
    "in_block_depth_px": 24,
    "surya_conf": null,
    "centre_map": [
     356493.786,
     3092076.216
    ],
    "map_epsg": 32617,
    "bbox_source_px": [
     3059,
     5016,
     3080,
     5034
    ]
   }
  },
  {
   "type": "Feature",
   "geometry": {
    "type": "Polygon",
    "coordinates": [
     [
      [
       -82.4576365,
       27.9463728
      ],
      [
       -82.4576268,
       27.9463762
      ],
      [
       -82.457623,
       27.9463675
      ],
      [
       -82.4576327,
       27.9463641
      ],
      [
       -82.4576365,
       27.9463728
      ]
     ]
    ]
   },
   "properties": {
    "text": "x",
    "id": 346,
    "tile": "r4c5",
    "rotation_view": 0,
    "in_block": true,
    "in_block_depth_px": 314,
    "surya_conf": null,
    "centre_map": [
     356602.536,
     3092116.493
    ],
    "map_epsg": 32617,
    "bbox_source_px": [
     5310,
     5031,
     5330,
     5051
    ]
   }
  },
  {
   "type": "Feature",
   "geometry": {
    "type": "Polygon",
    "coordinates": [
     [
      [
       -82.4586495,
       27.946017
      ],
      [
       -82.4586134,
       27.9460296
      ],
      [
       -82.4586082,
       27.9460179
      ],
      [
       -82.4586443,
       27.9460054
      ],
      [
       -82.4586495,
       27.946017
      ]
     ]
    ]
   },
   "properties": {
    "text": "210'E",
    "id": 435,
    "tile": "r4c3",
    "rotation_view": 0,
    "in_block": true,
    "in_block_depth_px": 213,
    "surya_conf": null,
    "centre_map": [
     356503.769,
     3092078.589
    ],
    "map_epsg": 32617,
    "bbox_source_px": [
     3230,
     5037,
     3304,
     5064
    ]
   }
  },
  {
   "type": "Feature",
   "geometry": {
    "type": "Polygon",
    "coordinates": [
     [
      [
       -82.4588747,
       27.9459246
      ],
      [
       -82.4588533,
       27.9459321
      ],
      [
       -82.4588395,
       27.9459009
      ],
      [
       -82.458861,
       27.9458934
      ],
      [
       -82.4588747,
       27.9459246
      ]
     ]
    ]
   },
   "properties": {
    "text": "208",
    "id": 148,
    "tile": "r4c2",
    "rotation_view": 0,
    "in_block": true,
    "in_block_depth_px": 7,
    "surya_conf": null,
    "centre_map": [
     356481.172,
     3092067.254
    ],
    "map_epsg": 32617,
    "bbox_source_px": [
     2757,
     5065,
     2801,
     5137
    ]
   }
  },
  {
   "type": "Feature",
   "geometry": {
    "type": "Polygon",
    "coordinates": [
     [
      [
       -82.4574604,
       27.9463612
      ],
      [
       -82.4574443,
       27.9463668
      ],
      [
       -82.4574382,
       27.946353
      ],
      [
       -82.4574543,
       27.9463473
      ],
      [
       -82.4574604,
       27.9463612
      ]
     ]
    ]
   },
   "properties": {
    "text": "2",
    "id": 244,
    "tile": "r4c5",
    "rotation_view": 0,
    "in_block": true,
    "in_block_depth_px": 30,
    "surya_conf": null,
    "centre_map": [
     356620.272,
     3092114.831
    ],
    "map_epsg": 32617,
    "bbox_source_px": [
     5614,
     5177,
     5647,
     5209
    ]
   }
  },
  {
   "type": "Feature",
   "geometry": {
    "type": "Polygon",
    "coordinates": [
     [
      [
       -82.4574243,
       27.9463723
      ],
      [
       -82.457415,
       27.9463755
      ],
      [
       -82.4574098,
       27.9463638
      ],
      [
       -82.4574191,
       27.9463606
      ],
      [
       -82.4574243,
       27.9463723
      ]
     ]
    ]
   },
   "properties": {
    "text": "1",
    "id": 239,
    "tile": "r4c5",
    "rotation_view": 0,
    "in_block": false,
    "in_block_depth_px": -36,
    "surya_conf": null,
    "centre_map": [
     356623.462,
     3092116.01
    ],
    "map_epsg": 32617,
    "bbox_source_px": [
     5687,
     5180,
     5706,
     5207
    ]
   }
  },
  {
   "type": "Feature",
   "geometry": {
    "type": "Polygon",
    "coordinates": [
     [
      [
       -82.4577795,
       27.9462431
      ],
      [
       -82.4577585,
       27.9462504
      ],
      [
       -82.4577348,
       27.9461967
      ],
      [
       -82.4577558,
       27.9461894
      ],
      [
       -82.4577795,
       27.9462431
      ]
     ]
    ]
   },
   "properties": {
    "text": "Mach's",
    "id": 385,
    "tile": "r4c4",
    "rotation_view": 0,
    "in_block": true,
    "in_block_depth_px": 108,
    "surya_conf": null,
    "centre_map": [
     356589.8,
     3092099.992
    ],
    "map_epsg": 32617,
    "bbox_source_px": [
     4954,
     5191,
     4997,
     5315
    ]
   }
  },
  {
   "type": "Feature",
   "geometry": {
    "type": "Polygon",
    "coordinates": [
     [
      [
       -82.4575124,
       27.9463221
      ],
      [
       -82.4574348,
       27.9463491
      ],
      [
       -82.4574241,
       27.9463249
      ],
      [
       -82.4575016,
       27.9462979
      ],
      [
       -82.4575124,
       27.9463221
      ]
     ]
    ]
   },
   "properties": {
    "text": "Geri t 5.",
    "id": 335,
    "tile": "r4c5",
    "rotation_view": 0,
    "in_block": true,
    "in_block_depth_px": 94,
    "surya_conf": null,
    "centre_map": [
     356618.366,
     3092111.134
    ],
    "map_epsg": 32617,
    "bbox_source_px": [
     5491,
     5219,
     5650,
     5275
    ]
   }
  },
  {
   "type": "Feature",
   "geometry": {
    "type": "Polygon",
    "coordinates": [
     [
      [
       -82.4577901,
       27.9462249
      ],
      [
       -82.4577706,
       27.9462317
      ],
      [
       -82.4577486,
       27.9461819
      ],
      [
       -82.4577681,
       27.9461751
      ],
      [
       -82.4577901,
       27.9462249
      ]
     ]
    ]
   },
   "properties": {
    "text": "Storg",
    "id": 405,
    "tile": "r4c4",
    "rotation_view": 0,
    "in_block": true,
    "in_block_depth_px": 85,
    "surya_conf": null,
    "centre_map": [
     356588.584,
     3092098.182
    ],
    "map_epsg": 32617,
    "bbox_source_px": [
     4921,
     5220,
     4961,
     5335
    ]
   }
  },
  {
   "type": "Feature",
   "geometry": {
    "type": "Polygon",
    "coordinates": [
     [
      [
       -82.4574215,
       27.9463533
      ],
      [
       -82.4574088,
       27.9463577
      ],
      [
       -82.4573945,
       27.9463252
      ],
      [
       -82.4574071,
       27.9463208
      ],
      [
       -82.4574215,
       27.9463533
      ]
     ]
    ]
   },
   "properties": {
    "text": "404",
    "id": 357,
    "tile": "r4c5",
    "rotation_view": 0,
    "in_block": true,
    "in_block_depth_px": 1,
    "surya_conf": null,
    "centre_map": [
     356624.316,
     3092112.807
    ],
    "map_epsg": 32617,
    "bbox_source_px": [
     5677,
     5220,
     5703,
     5295
    ]
   }
  },
  {
   "type": "Feature",
   "geometry": {
    "type": "Polygon",
    "coordinates": [
     [
      [
       -82.4583575,
       27.9460208
      ],
      [
       -82.45828,
       27.9460478
      ],
      [
       -82.458271,
       27.9460275
      ],
      [
       -82.4583485,
       27.9460005
      ],
      [
       -82.4583575,
       27.9460208
      ]
     ]
    ]
   },
   "properties": {
    "text": "Genit S.",
    "id": 343,
    "tile": "r4c3",
    "rotation_view": 0,
    "in_block": true,
    "in_block_depth_px": 119,
    "surya_conf": null,
    "centre_map": [
     356534.731,
     3092078.957
    ],
    "map_epsg": 32617,
    "bbox_source_px": [
     3752,
     5233,
     3911,
     5280
    ]
   }
  },
  {
   "type": "Feature",
   "geometry": {
    "type": "Polygon",
    "coordinates": [
     [
      [
       -82.4576772,
       27.9462457
      ],
      [
       -82.4576431,
       27.9462576
      ],
      [
       -82.4576264,
       27.94622
      ],
      [
       -82.4576606,
       27.9462081
      ],
      [
       -82.4576772,
       27.9462457
      ]
     ]
    ]
   },
   "properties": {
    "text": "2 Vac.",
    "id": 556,
    "tile": "r4c5",
    "rotation_view": 0,
    "in_block": true,
    "in_block_depth_px": 59,
    "surya_conf": null,
    "centre_map": [
     356600.185,
     3092101.305
    ],
    "map_epsg": 32617,
    "bbox_source_px": [
     5138,
     5257,
     5208,
     5344
    ]
   }
  },
  {
   "type": "Feature",
   "geometry": {
    "type": "Polygon",
    "coordinates": [
     [
      [
       -82.4577204,
       27.9462277
      ],
      [
       -82.4577029,
       27.9462338
      ],
      [
       -82.4576885,
       27.9462013
      ],
      [
       -82.4577061,
       27.9461952
      ],
      [
       -82.4577204,
       27.9462277
      ]
     ]
    ]
   },
   "properties": {
    "text": "Vac.",
    "id": 411,
    "tile": "r4c4",
    "rotation_view": 0,
    "in_block": true,
    "in_block_depth_px": 68,
    "surya_conf": null,
    "centre_map": [
     356594.98,
     3092099.335
    ],
    "map_epsg": 32617,
    "bbox_source_px": [
     5047,
     5263,
     5083,
     5338
    ]
   }
  },
  {
   "type": "Feature",
   "geometry": {
    "type": "Polygon",
    "coordinates": [
     [
      [
       -82.4586537,
       27.9458777
      ],
      [
       -82.4586255,
       27.9458875
      ],
      [
       -82.4586186,
       27.9458719
      ],
      [
       -82.4586469,
       27.9458621
      ],
      [
       -82.4586537,
       27.9458777
      ]
     ]
    ]
   },
   "properties": {
    "text": "Vac",
    "id": 422,
    "tile": "r4c2",
    "rotation_view": 0,
    "in_block": true,
    "in_block_depth_px": 43,
    "surya_conf": null,
    "centre_map": [
     356502.861,
     3092062.791
    ],
    "map_epsg": 32617,
    "bbox_source_px": [
     3113,
     5313,
     3171,
     5349
    ]
   }
  },
  {
   "type": "Feature",
   "geometry": {
    "type": "Polygon",
    "coordinates": [
     [
      [
       -82.4574292,
       27.9463032
      ],
      [
       -82.4574184,
       27.9463069
      ],
      [
       -82.4574146,
       27.9462982
      ],
      [
       -82.4574253,
       27.9462945
      ],
      [
       -82.4574292,
       27.9463032
      ]
     ]
    ]
   },
   "properties": {
    "text": "x",
    "id": 406,
    "tile": "r4c5",
    "rotation_view": 0,
    "in_block": true,
    "in_block_depth_px": 26,
    "surya_conf": null,
    "centre_map": [
     356622.897,
     3092108.551
    ],
    "map_epsg": 32617,
    "bbox_source_px": [
     5624,
     5315,
     5646,
     5335
    ]
   }
  },
  {
   "type": "Feature",
   "geometry": {
    "type": "Polygon",
    "coordinates": [
     [
      [
       -82.4577255,
       27.9461985
      ],
      [
       -82.4577172,
       27.9462013
      ],
      [
       -82.4577115,
       27.9461884
      ],
      [
       -82.4577198,
       27.9461855
      ],
      [
       -82.4577255,
       27.9461985
      ]
     ]
    ]
   },
   "properties": {
    "text": "1",
    "id": 699,
    "tile": "r4c5",
    "rotation_view": 0,
    "in_block": true,
    "in_block_depth_px": 27,
    "surya_conf": null,
    "centre_map": [
     356593.573,
     3092097.012
    ],
    "map_epsg": 32617,
    "bbox_source_px": [
     5015,
     5318,
     5032,
     5348
    ]
   }
  },
  {
   "type": "Feature",
   "geometry": {
    "type": "Polygon",
    "coordinates": [
     [
      [
       -82.4576197,
       27.9462328
      ],
      [
       -82.4576129,
       27.9462352
      ],
      [
       -82.4576098,
       27.9462282
      ],
      [
       -82.4576167,
       27.9462259
      ],
      [
       -82.4576197,
       27.9462328
      ]
     ]
    ]
   },
   "properties": {
    "text": "x",
    "id": 442,
    "tile": "r4c5",
    "rotation_view": 0,
    "in_block": true,
    "in_block_depth_px": 25,
    "surya_conf": null,
    "centre_map": [
     356603.825,
     3092101.003
    ],
    "map_epsg": 32617,
    "bbox_source_px": [
     5230,
     5323,
     5244,
     5339
    ]
   }
  },
  {
   "type": "Feature",
   "geometry": {
    "type": "Polygon",
    "coordinates": [
     [
      [
       -82.4577733,
       27.9461768
      ],
      [
       -82.4577562,
       27.9461828
      ],
      [
       -82.4577509,
       27.9461706
      ],
      [
       -82.457768,
       27.9461647
      ],
      [
       -82.4577733,
       27.9461768
      ]
     ]
    ]
   },
   "properties": {
    "text": "12",
    "id": 432,
    "tile": "r4c4",
    "rotation_view": 0,
    "in_block": true,
    "in_block_depth_px": 20,
    "surya_conf": null,
    "centre_map": [
     356589.255,
     3092094.882
    ],
    "map_epsg": 32617,
    "bbox_source_px": [
     4913,
     5328,
     4948,
     5356
    ]
   }
  },
  {
   "type": "Feature",
   "geometry": {
    "type": "Polygon",
    "coordinates": [
     [
      [
       -82.457686,
       27.9462072
      ],
      [
       -82.4576778,
       27.9462101
      ],
      [
       -82.4576745,
       27.9462027
      ],
      [
       -82.4576828,
       27.9461998
      ],
      [
       -82.457686,
       27.9462072
      ]
     ]
    ]
   },
   "properties": {
    "text": "x",
    "id": 581,
    "tile": "r4c5",
    "rotation_view": 0,
    "in_block": true,
    "in_block_depth_px": 22,
    "surya_conf": null,
    "centre_map": [
     356597.347,
     3092098.248
    ],
    "map_epsg": 32617,
    "bbox_source_px": [
     5092,
     5328,
     5109,
     5345
    ]
   }
  },
  {
   "type": "Feature",
   "geometry": {
    "type": "Polygon",
    "coordinates": [
     [
      [
       -82.4577379,
       27.9461871
      ],
      [
       -82.4577272,
       27.9461909
      ],
      [
       -82.4577234,
       27.9461822
      ],
      [
       -82.4577341,
       27.9461785
      ],
      [
       -82.4577379,
       27.9461871
      ]
     ]
    ]
   },
   "properties": {
    "text": "x",
    "id": 425,
    "tile": "r4c4",
    "rotation_view": 0,
    "in_block": true,
    "in_block_depth_px": 18,
    "surya_conf": null,
    "centre_map": [
     356592.363,
     3092096.059
    ],
    "map_epsg": 32617,
    "bbox_source_px": [
     4984,
     5332,
     5006,
     5352
    ]
   }
  },
  {
   "type": "Feature",
   "geometry": {
    "type": "Polygon",
    "coordinates": [
     [
      [
       -82.4583429,
       27.945975
      ],
      [
       -82.458319,
       27.9459833
      ],
      [
       -82.4583131,
       27.9459699
      ],
      [
       -82.4583369,
       27.9459615
      ],
      [
       -82.4583429,
       27.945975
      ]
     ]
    ]
   },
   "properties": {
    "text": "2\u00bd",
    "id": 446,
    "tile": "r4c3",
    "rotation_view": 0,
    "in_block": true,
    "in_block_depth_px": 25,
    "surya_conf": null,
    "centre_map": [
     356533.313,
     3092073.242
    ],
    "map_epsg": 32617,
    "bbox_source_px": [
     3742,
     5335,
     3791,
     5366
    ]
   }
  },
  {
   "type": "Feature",
   "geometry": {
    "type": "Polygon",
    "coordinates": [
     [
      [
       -82.4586215,
       27.9458734
      ],
      [
       -82.4586132,
       27.9458763
      ],
      [
       -82.4586099,
       27.945869
      ],
      [
       -82.4586182,
       27.9458661
      ],
      [
       -82.4586215,
       27.9458734
      ]
     ]
    ]
   },
   "properties": {
    "text": "x",
    "id": 531,
    "tile": "r4c3",
    "rotation_view": 0,
    "in_block": true,
    "in_block_depth_px": 33,
    "surya_conf": null,
    "centre_map": [
     356504.868,
     3092062.366
    ],
    "map_epsg": 32617,
    "bbox_source_px": [
     3167,
     5344,
     3184,
     5361
    ]
   }
  },
  {
   "type": "Feature",
   "geometry": {
    "type": "Polygon",
    "coordinates": [
     [
      [
       -82.4582457,
       27.9460033
      ],
      [
       -82.4582364,
       27.9460065
      ],
      [
       -82.4582334,
       27.9459996
      ],
      [
       -82.4582426,
       27.9459964
      ],
      [
       -82.4582457,
       27.9460033
      ]
     ]
    ]
   },
   "properties": {
    "text": "x",
    "id": 439,
    "tile": "r4c3",
    "rotation_view": 0,
    "in_block": true,
    "in_block_depth_px": 20,
    "surya_conf": null,
    "centre_map": [
     356542.052,
     3092076.356
    ],
    "map_epsg": 32617,
    "bbox_source_px": [
     3937,
     5346,
     3956,
     5362
    ]
   }
  },
  {
   "type": "Feature",
   "geometry": {
    "type": "Polygon",
    "coordinates": [
     [
      [
       -82.4576466,
       27.946207
      ],
      [
       -82.4576149,
       27.946218
      ],
      [
       -82.4576093,
       27.9462054
      ],
      [
       -82.457641,
       27.9461944
      ],
      [
       -82.4576466,
       27.946207
      ]
     ]
    ]
   },
   "properties": {
    "text": "108",
    "id": 476,
    "tile": "r4c4",
    "rotation_view": 0,
    "in_block": true,
    "in_block_depth_px": 8,
    "surya_conf": null,
    "centre_map": [
     356602.498,
     3092098.324
    ],
    "map_epsg": 32617,
    "bbox_source_px": [
     5162,
     5356,
     5227,
     5385
    ]
   }
  },
  {
   "type": "Feature",
   "geometry": {
    "type": "Polygon",
    "coordinates": [
     [
      [
       -82.4577091,
       27.9461842
      ],
      [
       -82.4576769,
       27.9461954
      ],
      [
       -82.457671,
       27.946182
      ],
      [
       -82.4577031,
       27.9461708
      ],
      [
       -82.4577091,
       27.9461842
      ]
     ]
    ]
   },
   "properties": {
    "text": "10'7",
    "id": 484,
    "tile": "r4c4",
    "rotation_view": 0,
    "in_block": true,
    "in_block_depth_px": 2,
    "surya_conf": null,
    "centre_map": [
     356596.36,
     3092095.836
    ],
    "map_epsg": 32617,
    "bbox_source_px": [
     5033,
     5358,
     5099,
     5389
    ]
   }
  },
  {
   "type": "Feature",
   "geometry": {
    "type": "Polygon",
    "coordinates": [
     [
      [
       -82.457764,
       27.9461621
      ],
      [
       -82.4577294,
       27.9461741
      ],
      [
       -82.457724,
       27.946162
      ],
      [
       -82.4577586,
       27.9461499
      ],
      [
       -82.457764,
       27.9461621
      ]
     ]
    ]
   },
   "properties": {
    "text": "x",
    "id": 491,
    "tile": "r4c4",
    "rotation_view": 0,
    "in_block": true,
    "in_block_depth_px": 4,
    "surya_conf": null,
    "centre_map": [
     356591.02,
     3092093.567
    ],
    "map_epsg": 32617,
    "bbox_source_px": [
     4918,
     5364,
     4989,
     5392
    ]
   }
  },
  {
   "type": "Feature",
   "geometry": {
    "type": "Polygon",
    "coordinates": [
     [
      [
       -82.4581801,
       27.9460152
      ],
      [
       -82.4581479,
       27.9460264
      ],
      [
       -82.4581423,
       27.9460138
      ],
      [
       -82.4581745,
       27.9460026
      ],
      [
       -82.4581801,
       27.9460152
      ]
     ]
    ]
   },
   "properties": {
    "text": "D.H.",
    "id": 486,
    "tile": "r5c3",
    "rotation_view": 0,
    "in_block": false,
    "in_block_depth_px": -123,
    "surya_conf": null,
    "centre_map": [
     356549.777,
     3092077.71
    ],
    "map_epsg": 32617,
    "bbox_source_px": [
     4063,
     5368,
     4129,
     5397
    ]
   }
  },
  {
   "type": "Feature",
   "geometry": {
    "type": "Polygon",
    "coordinates": [
     [
      [
       -82.4578637,
       27.9461254
      ],
      [
       -82.45783,
       27.9461371
      ],
      [
       -82.4578241,
       27.9461237
      ],
      [
       -82.4578577,
       27.9461119
      ],
      [
       -82.4578637,
       27.9461254
      ]
     ]
    ]
   },
   "properties": {
    "text": "105",
    "id": 487,
    "tile": "r5c4",
    "rotation_view": 0,
    "in_block": true,
    "in_block_depth_px": 7,
    "surya_conf": null,
    "centre_map": [
     356581.144,
     3092089.526
    ],
    "map_epsg": 32617,
    "bbox_source_px": [
     4712,
     5368,
     4781,
     5399
    ]
   }
  },
  {
   "type": "Feature",
   "geometry": {
    "type": "Polygon",
    "coordinates": [
     [
      [
       -82.4579625,
       27.9460894
      ],
      [
       -82.4579299,
       27.9461008
      ],
      [
       -82.4579238,
       27.9460869
      ],
      [
       -82.4579564,
       27.9460756
      ],
      [
       -82.4579625,
       27.9460894
      ]
     ]
    ]
   },
   "properties": {
    "text": "104",
    "id": 479,
    "tile": "r5c4",
    "rotation_view": 0,
    "in_block": true,
    "in_block_depth_px": 8,
    "surya_conf": null,
    "centre_map": [
     356571.329,
     3092085.618
    ],
    "map_epsg": 32617,
    "bbox_source_px": [
     4508,
     5371,
     4575,
     5403
    ]
   }
  },
  {
   "type": "Feature",
   "geometry": {
    "type": "Polygon",
    "coordinates": [
     [
      [
       -82.457388,
       27.946289
      ],
      [
       -82.4573783,
       27.9462924
      ],
      [
       -82.4573746,
       27.9462842
      ],
      [
       -82.4573844,
       27.9462808
      ],
      [
       -82.457388,
       27.946289
      ]
     ]
    ]
   },
   "properties": {
    "text": "x",
    "id": 485,
    "tile": "r4c5",
    "rotation_view": 0,
    "in_block": false,
    "in_block_depth_px": -52,
    "surya_conf": null,
    "centre_map": [
     356626.867,
     3092106.941
    ],
    "map_epsg": 32617,
    "bbox_source_px": [
     5686,
     5372,
     5706,
     5391
    ]
   }
  },
  {
   "type": "Feature",
   "geometry": {
    "type": "Polygon",
    "coordinates": [
     [
      [
       -82.4584938,
       27.9459014
      ],
      [
       -82.4584597,
       27.9459133
      ],
      [
       -82.4584541,
       27.9459007
      ],
      [
       -82.4584882,
       27.9458889
      ],
      [
       -82.4584938,
       27.9459014
      ]
     ]
    ]
   },
   "properties": {
    "text": "102",
    "id": 471,
    "tile": "r5c3",
    "rotation_view": 0,
    "in_block": true,
    "in_block_depth_px": 6,
    "surya_conf": null,
    "centre_map": [
     356518.856,
     3092065.511
    ],
    "map_epsg": 32617,
    "bbox_source_px": [
     3416,
     5377,
     3486,
     5406
    ]
   }
  },
  {
   "type": "Feature",
   "geometry": {
    "type": "Polygon",
    "coordinates": [
     [
      [
       -82.4582963,
       27.9459702
      ],
      [
       -82.4582617,
       27.9459822
      ],
      [
       -82.458256,
       27.9459693
      ],
      [
       -82.4582906,
       27.9459572
      ],
      [
       -82.4582963,
       27.9459702
      ]
     ]
    ]
   },
   "properties": {
    "text": "103",
    "id": 472,
    "tile": "r5c3",
    "rotation_view": 0,
    "in_block": true,
    "in_block_depth_px": 7,
    "surya_conf": null,
    "centre_map": [
     356538.408,
     3092072.883
    ],
    "map_epsg": 32617,
    "bbox_source_px": [
     3821,
     5377,
     3892,
     5407
    ]
   }
  },
  {
   "type": "Feature",
   "geometry": {
    "type": "Polygon",
    "coordinates": [
     [
      [
       -82.4586341,
       27.9458485
      ],
      [
       -82.4586054,
       27.9458586
      ],
      [
       -82.4586008,
       27.9458482
      ],
      [
       -82.4586295,
       27.9458382
      ],
      [
       -82.4586341,
       27.9458485
      ]
     ]
    ]
   },
   "properties": {
    "text": "101",
    "id": 511,
    "tile": "r4c2",
    "rotation_view": 0,
    "in_block": true,
    "in_block_depth_px": 9,
    "surya_conf": null,
    "centre_map": [
     356504.668,
     3092059.838
    ],
    "map_epsg": 32617,
    "bbox_source_px": [
     3125,
     5385,
     3184,
     5409
    ]
   }
  },
  {
   "type": "Feature",
   "geometry": {
    "type": "Polygon",
    "coordinates": [
     [
      [
       -82.4590601,
       27.9456897
      ],
      [
       -82.4588363,
       27.9457676
      ],
      [
       -82.4588115,
       27.9457113
      ],
      [
       -82.4590353,
       27.9456334
      ],
      [
       -82.4590601,
       27.9456897
      ]
     ]
    ]
   },
   "properties": {
    "text": "TAMPA WHARF CO.",
    "id": 426,
    "tile": "r5c2",
    "rotation_view": 0,
    "in_block": true,
    "in_block_depth_px": 67,
    "surya_conf": null,
    "centre_map": [
     356473.15,
     3092043.833
    ],
    "map_epsg": 32617,
    "bbox_source_px": [
     2243,
     5406,
     2702,
     5536
    ]
   }
  },
  {
   "type": "Feature",
   "geometry": {
    "type": "Polygon",
    "coordinates": [
     [
      [
       -82.457873,
       27.9460662
      ],
      [
       -82.4578208,
       27.9460843
      ],
      [
       -82.4578152,
       27.9460718
      ],
      [
       -82.4578674,
       27.9460536
      ],
      [
       -82.457873,
       27.9460662
      ]
     ]
    ]
   },
   "properties": {
    "text": "D.W.P",
    "id": 338,
    "tile": "r5c4",
    "rotation_view": 0,
    "in_block": false,
    "in_block_depth_px": -110,
    "surya_conf": null,
    "centre_map": [
     356581.048,
     3092083.374
    ],
    "map_epsg": 32617,
    "bbox_source_px": [
     4649,
     5480,
     4756,
     5509
    ]
   }
  },
  {
   "type": "Feature",
   "geometry": {
    "type": "Polygon",
    "coordinates": [
     [
      [
       -82.458385,
       27.9458819
      ],
      [
       -82.4583241,
       27.9459031
      ],
      [
       -82.4583178,
       27.9458888
      ],
      [
       -82.4583787,
       27.9458676
      ],
      [
       -82.458385,
       27.9458819
      ]
     ]
    ]
   },
   "properties": {
    "text": "6\"W.P.",
    "id": 325,
    "tile": "r5c3",
    "rotation_view": 0,
    "in_block": false,
    "in_block_depth_px": -131,
    "surya_conf": null,
    "centre_map": [
     356530.894,
     3092063.621
    ],
    "map_epsg": 32617,
    "bbox_source_px": [
     3594,
     5492,
     3719,
     5525
    ]
   }
  },
  {
   "type": "Feature",
   "geometry": {
    "type": "Polygon",
    "coordinates": [
     [
      [
       -82.4587442,
       27.9457413
      ],
      [
       -82.4587267,
       27.9457474
      ],
      [
       -82.4587106,
       27.945711
      ],
      [
       -82.4587282,
       27.9457049
      ],
      [
       -82.4587442,
       27.9457413
      ]
     ]
    ]
   },
   "properties": {
    "text": "207",
    "id": 276,
    "tile": "r5c2",
    "rotation_view": 0,
    "in_block": false,
    "in_block_depth_px": 0,
    "surya_conf": null,
    "centre_map": [
     356493.684,
     3092046.425
    ],
    "map_epsg": 32617,
    "bbox_source_px": [
     2845,
     5523,
     2881,
     5607
    ]
   }
  },
  {
   "type": "Feature",
   "geometry": {
    "type": "Polygon",
    "coordinates": [
     [
      [
       -82.4574539,
       27.9461846
      ],
      [
       -82.457431,
       27.9461926
      ],
      [
       -82.4574113,
       27.946148
      ],
      [
       -82.4574342,
       27.9461401
      ],
      [
       -82.4574539,
       27.9461846
      ]
     ]
    ]
   },
   "properties": {
    "text": "80'",
    "id": 264,
    "tile": "r5c5",
    "rotation_view": 0,
    "in_block": false,
    "in_block_depth_px": -207,
    "surya_conf": null,
    "centre_map": [
     356621.666,
     3092093.678
    ],
    "map_epsg": 32617,
    "bbox_source_px": [
     5487,
     5535,
     5534,
     5638
    ]
   }
  },
  {
   "type": "Feature",
   "geometry": {
    "type": "Polygon",
    "coordinates": [
     [
      [
       -82.4587988,
       27.9457093
      ],
      [
       -82.4587505,
       27.9457261
      ],
      [
       -82.4587411,
       27.9457049
      ],
      [
       -82.4587894,
       27.9456881
      ],
      [
       -82.4587988,
       27.9457093
      ]
     ]
    ]
   },
   "properties": {
    "text": "T.W. H.D.",
    "id": 245,
    "tile": "r5c2",
    "rotation_view": 0,
    "in_block": true,
    "in_block_depth_px": 75,
    "surya_conf": null,
    "centre_map": [
     356489.477,
     3092044.365
    ],
    "map_epsg": 32617,
    "bbox_source_px": [
     2723,
     5549,
     2822,
     5598
    ]
   }
  },
  {
   "type": "Feature",
   "geometry": {
    "type": "Polygon",
    "coordinates": [
     [
      [
       -82.4585463,
       27.9457872
      ],
      [
       -82.4585248,
       27.9457947
      ],
      [
       -82.4585105,
       27.9457622
      ],
      [
       -82.458532,
       27.9457547
      ],
      [
       -82.4585463,
       27.9457872
      ]
     ]
    ]
   },
   "properties": {
    "text": "SO",
    "id": 429,
    "tile": "r5c3",
    "rotation_view": 0,
    "in_block": false,
    "in_block_depth_px": -220,
    "surya_conf": null,
    "centre_map": [
     356513.332,
     3092051.575
    ],
    "map_epsg": 32617,
    "bbox_source_px": [
     3233,
     5569,
     3277,
     5644
    ]
   }
  },
  {
   "type": "Feature",
   "geometry": {
    "type": "Polygon",
    "coordinates": [
     [
      [
       -82.4585085,
       27.9457959
      ],
      [
       -82.4581711,
       27.9459134
      ],
      [
       -82.4581539,
       27.9458744
      ],
      [
       -82.4584913,
       27.9457569
      ],
      [
       -82.4585085,
       27.9457959
      ]
     ]
    ]
   },
   "properties": {
    "text": "WASHINGTON",
    "id": 344,
    "tile": "r5c3",
    "rotation_view": 0,
    "in_block": false,
    "in_block_depth_px": -224,
    "surya_conf": null,
    "centre_map": [
     356532.814,
     3092058.039
    ],
    "map_epsg": 32617,
    "bbox_source_px": [
     3307,
     5578,
     3999,
     5668
    ]
   }
  },
  {
   "type": "Feature",
   "geometry": {
    "type": "Polygon",
    "coordinates": [
     [
      [
       -82.4589908,
       27.9456129
      ],
      [
       -82.4589098,
       27.9456411
      ],
      [
       -82.4588965,
       27.9456108
      ],
      [
       -82.4589774,
       27.9455826
      ],
      [
       -82.4589908,
       27.9456129
      ]
     ]
    ]
   },
   "properties": {
    "text": "DOCK.",
    "id": 337,
    "tile": "r5c2",
    "rotation_view": 0,
    "in_block": true,
    "in_block_depth_px": 148,
    "surya_conf": null,
    "centre_map": [
     356472.263,
     3092034.021
    ],
    "map_epsg": 32617,
    "bbox_source_px": [
     2306,
     5608,
     2472,
     5678
    ]
   }
  },
  {
   "type": "Feature",
   "geometry": {
    "type": "Polygon",
    "coordinates": [
     [
      [
       -82.4587419,
       27.9456951
      ],
      [
       -82.4587316,
       27.9456987
      ],
      [
       -82.4587276,
       27.9456896
      ],
      [
       -82.4587379,
       27.945686
      ],
      [
       -82.4587419,
       27.9456951
      ]
     ]
    ]
   },
   "properties": {
    "text": "x",
    "id": 152,
    "tile": "r5c2",
    "rotation_view": 0,
    "in_block": true,
    "in_block_depth_px": 16,
    "surya_conf": null,
    "centre_map": [
     356492.92,
     3092042.693
    ],
    "map_epsg": 32617,
    "bbox_source_px": [
     2813,
     5617,
     2834,
     5638
    ]
   }
  },
  {
   "type": "Feature",
   "geometry": {
    "type": "Polygon",
    "coordinates": [
     [
      [
       -82.4587678,
       27.9456556
      ],
      [
       -82.4587512,
       27.9456614
      ],
      [
       -82.4587374,
       27.9456302
      ],
      [
       -82.458754,
       27.9456245
      ],
      [
       -82.4587678,
       27.9456556
      ]
     ]
    ]
   },
   "properties": {
    "text": "206",
    "id": 94,
    "tile": "r5c2",
    "rotation_view": 0,
    "in_block": true,
    "in_block_depth_px": 8,
    "surya_conf": null,
    "centre_map": [
     356491.1,
     3092037.238
    ],
    "map_epsg": 32617,
    "bbox_source_px": [
     2736,
     5678,
     2770,
     5750
    ]
   }
  },
  {
   "type": "Feature",
   "geometry": {
    "type": "Polygon",
    "coordinates": [
     [
      [
       -82.4572979,
       27.946141
      ],
      [
       -82.4572667,
       27.9461519
      ],
      [
       -82.457261,
       27.9461389
      ],
      [
       -82.4572922,
       27.9461281
      ],
      [
       -82.4572979,
       27.946141
      ]
     ]
    ]
   },
   "properties": {
    "text": "D.H.",
    "id": 46,
    "tile": "r5c5",
    "rotation_view": 0,
    "in_block": false,
    "in_block_depth_px": -125,
    "surya_conf": null,
    "centre_map": [
     356636.696,
     3092090.578
    ],
    "map_epsg": 32617,
    "bbox_source_px": [
     5730,
     5731,
     5794,
     5761
    ]
   }
  },
  {
   "type": "Feature",
   "geometry": {
    "type": "Polygon",
    "coordinates": [
     [
      [
       -82.4575413,
       27.9460438
      ],
      [
       -82.4575228,
       27.9460503
      ],
      [
       -82.457519,
       27.9460416
      ],
      [
       -82.4575375,
       27.9460351
      ],
      [
       -82.4575413,
       27.9460438
      ]
     ]
    ]
   },
   "properties": {
    "text": "12\"",
    "id": 458,
    "tile": "r5c5",
    "rotation_view": 0,
    "in_block": false,
    "in_block_depth_px": -57,
    "surya_conf": null,
    "centre_map": [
     356611.904,
     3092080.094
    ],
    "map_epsg": 32617,
    "bbox_source_px": [
     5221,
     5756,
     5259,
     5776
    ]
   }
  },
  {
   "type": "Feature",
   "geometry": {
    "type": "Polygon",
    "coordinates": [
     [
      [
       -82.4575045,
       27.9460446
      ],
      [
       -82.4574777,
       27.946054
      ],
      [
       -82.4574722,
       27.9460414
      ],
      [
       -82.457499,
       27.9460321
      ],
      [
       -82.4575045,
       27.9460446
      ]
     ]
    ]
   },
   "properties": {
    "text": "116",
    "id": 369,
    "tile": "r5c5",
    "rotation_view": 0,
    "in_block": true,
    "in_block_depth_px": 6,
    "surya_conf": null,
    "centre_map": [
     356616.014,
     3092080.079
    ],
    "map_epsg": 32617,
    "bbox_source_px": [
     5287,
     5780,
     5342,
     5809
    ]
   }
  },
  {
   "type": "Feature",
   "geometry": {
    "type": "Polygon",
    "coordinates": [
     [
      [
       -82.4574392,
       27.9460674
      ],
      [
       -82.45741,
       27.9460776
      ],
      [
       -82.4574048,
       27.9460659
      ],
      [
       -82.4574341,
       27.9460557
      ],
      [
       -82.4574392,
       27.9460674
      ]
     ]
    ]
   },
   "properties": {
    "text": "117",
    "id": 191,
    "tile": "r5c5",
    "rotation_view": 0,
    "in_block": true,
    "in_block_depth_px": 8,
    "surya_conf": null,
    "centre_map": [
     356622.574,
     3092082.617
    ],
    "map_epsg": 32617,
    "bbox_source_px": [
     5421,
     5780,
     5481,
     5807
    ]
   }
  },
  {
   "type": "Feature",
   "geometry": {
    "type": "Polygon",
    "coordinates": [
     [
      [
       -82.4573749,
       27.9460898
      ],
      [
       -82.4573476,
       27.9460993
      ],
      [
       -82.4573424,
       27.9460876
      ],
      [
       -82.4573697,
       27.9460781
      ],
      [
       -82.4573749,
       27.9460898
      ]
     ]
    ]
   },
   "properties": {
    "text": "118",
    "id": 59,
    "tile": "r5c5",
    "rotation_view": 0,
    "in_block": true,
    "in_block_depth_px": 10,
    "surya_conf": null,
    "centre_map": [
     356628.839,
     3092084.988
    ],
    "map_epsg": 32617,
    "bbox_source_px": [
     5553,
     5780,
     5609,
     5807
    ]
   }
  },
  {
   "type": "Feature",
   "geometry": {
    "type": "Polygon",
    "coordinates": [
     [
      [
       -82.4587074,
       27.9456247
      ],
      [
       -82.4587001,
       27.9456273
      ],
      [
       -82.4586953,
       27.9456164
      ],
      [
       -82.4587026,
       27.9456139
      ],
      [
       -82.4587074,
       27.9456247
      ]
     ]
    ]
   },
   "properties": {
    "text": "1",
    "id": 21,
    "tile": "r5c2",
    "rotation_view": 0,
    "in_block": true,
    "in_block_depth_px": 18,
    "surya_conf": null,
    "centre_map": [
     356496.111,
     3092034.699
    ],
    "map_epsg": 32617,
    "bbox_source_px": [
     2819,
     5782,
     2834,
     5807
    ]
   }
  },
  {
   "type": "Feature",
   "geometry": {
    "type": "Polygon",
    "coordinates": [
     [
      [
       -82.4573236,
       27.9461061
      ],
      [
       -82.4573046,
       27.9461128
      ],
      [
       -82.4573007,
       27.9461041
      ],
      [
       -82.4573198,
       27.9460975
      ],
      [
       -82.4573236,
       27.9461061
      ]
     ]
    ]
   },
   "properties": {
    "text": "12\"",
    "id": 22,
    "tile": "r5c5",
    "rotation_view": 0,
    "in_block": false,
    "in_block_depth_px": -33,
    "surya_conf": null,
    "centre_map": [
     356633.433,
     3092086.754
    ],
    "map_epsg": 32617,
    "bbox_source_px": [
     5657,
     5783,
     5696,
     5803
    ]
   }
  },
  {
   "type": "Feature",
   "geometry": {
    "type": "Polygon",
    "coordinates": [
     [
      [
       -82.4586892,
       27.9456256
      ],
      [
       -82.4586717,
       27.9456317
      ],
      [
       -82.4586569,
       27.9455983
      ],
      [
       -82.4586745,
       27.9455922
      ],
      [
       -82.4586892,
       27.9456256
      ]
     ]
    ]
   },
   "properties": {
    "text": "205",
    "id": 45,
    "tile": "r5c2",
    "rotation_view": 0,
    "in_block": true,
    "in_block_depth_px": 9,
    "surya_conf": null,
    "centre_map": [
     356498.882,
     3092033.709
    ],
    "map_epsg": 32617,
    "bbox_source_px": [
     2852,
     5793,
     2888,
     5870
    ]
   }
  },
  {
   "type": "Feature",
   "geometry": {
    "type": "Polygon",
    "coordinates": [
     [
      [
       -82.4575747,
       27.9460137
      ],
      [
       -82.4575469,
       27.9460234
      ],
      [
       -82.4575414,
       27.9460108
      ],
      [
       -82.4575692,
       27.9460011
      ],
      [
       -82.4575747,
       27.9460137
      ]
     ]
    ]
   },
   "properties": {
    "text": "115",
    "id": 397,
    "tile": "r5c4",
    "rotation_view": 0,
    "in_block": true,
    "in_block_depth_px": 6,
    "surya_conf": null,
    "centre_map": [
     356609.119,
     3092076.753
    ],
    "map_epsg": 32617,
    "bbox_source_px": [
     5138,
     5793,
     5195,
     5822
    ]
   }
  },
  {
   "type": "Feature",
   "geometry": {
    "type": "Polygon",
    "coordinates": [
     [
      [
       -82.4578589,
       27.9459132
      ],
      [
       -82.4578301,
       27.9459233
      ],
      [
       -82.4578238,
       27.945909
      ],
      [
       -82.4578525,
       27.9458989
      ],
      [
       -82.4578589,
       27.9459132
      ]
     ]
    ]
   },
   "properties": {
    "text": "112",
    "id": 55,
    "tile": "r5c4",
    "rotation_view": 0,
    "in_block": false,
    "in_block_depth_px": -1,
    "surya_conf": null,
    "centre_map": [
     356581.114,
     3092065.878
    ],
    "map_epsg": 32617,
    "bbox_source_px": [
     4554,
     5796,
     4613,
     5829
    ]
   }
  },
  {
   "type": "Feature",
   "geometry": {
    "type": "Polygon",
    "coordinates": [
     [
      [
       -82.4576604,
       27.9459823
      ],
      [
       -82.4576317,
       27.9459924
      ],
      [
       -82.4576261,
       27.9459798
      ],
      [
       -82.4576549,
       27.9459698
      ],
      [
       -82.4576604,
       27.9459823
      ]
     ]
    ]
   },
   "properties": {
    "text": "114",
    "id": 166,
    "tile": "r5c4",
    "rotation_view": 0,
    "in_block": true,
    "in_block_depth_px": 7,
    "surya_conf": null,
    "centre_map": [
     356600.692,
     3092073.398
    ],
    "map_epsg": 32617,
    "bbox_source_px": [
     4961,
     5796,
     5020,
     5825
    ]
   }
  },
  {
   "type": "Feature",
   "geometry": {
    "type": "Polygon",
    "coordinates": [
     [
      [
       -82.4577665,
       27.9459449
      ],
      [
       -82.4577392,
       27.9459544
      ],
      [
       -82.4577337,
       27.9459418
      ],
      [
       -82.457761,
       27.9459323
      ],
      [
       -82.4577665,
       27.9459449
      ]
     ]
    ]
   },
   "properties": {
    "text": "113",
    "id": 14,
    "tile": "r5c4",
    "rotation_view": 0,
    "in_block": true,
    "in_block_depth_px": 6,
    "surya_conf": null,
    "centre_map": [
     356590.132,
     3092069.346
    ],
    "map_epsg": 32617,
    "bbox_source_px": [
     4743,
     5797,
     4799,
     5826
    ]
   }
  },
  {
   "type": "Feature",
   "geometry": {
    "type": "Polygon",
    "coordinates": [
     [
      [
       -82.4587195,
       27.945605
      ],
      [
       -82.4586917,
       27.9456147
      ],
      [
       -82.4586852,
       27.9456
      ],
      [
       -82.458713,
       27.9455903
      ],
      [
       -82.4587195,
       27.945605
      ]
     ]
    ]
   },
   "properties": {
    "text": "OFF",
    "id": 24,
    "tile": "r5c2",
    "rotation_view": 0,
    "in_block": true,
    "in_block_depth_px": 53,
    "surya_conf": null,
    "centre_map": [
     356495.987,
     3092032.696
    ],
    "map_epsg": 32617,
    "bbox_source_px": [
     2782,
     5813,
     2839,
     5847
    ]
   }
  },
  {
   "type": "Feature",
   "geometry": {
    "type": "Polygon",
    "coordinates": [
     [
      [
       -82.4582447,
       27.9457704
      ],
      [
       -82.4582208,
       27.9457787
      ],
      [
       -82.4582156,
       27.945767
      ],
      [
       -82.4582395,
       27.9457587
      ],
      [
       -82.4582447,
       27.9457704
      ]
     ]
    ]
   },
   "properties": {
    "text": "111",
    "id": 12,
    "tile": "r5c3",
    "rotation_view": 0,
    "in_block": true,
    "in_block_depth_px": 6,
    "surya_conf": null,
    "centre_map": [
     356542.67,
     3092050.557
    ],
    "map_epsg": 32617,
    "bbox_source_px": [
     3756,
     5813,
     3805,
     5840
    ]
   }
  },
  {
   "type": "Feature",
   "geometry": {
    "type": "Polygon",
    "coordinates": [
     [
      [
       -82.458383,
       27.9457207
      ],
      [
       -82.4583543,
       27.9457307
      ],
      [
       -82.4583493,
       27.9457195
      ],
      [
       -82.4583781,
       27.9457094
      ],
      [
       -82.458383,
       27.9457207
      ]
     ]
    ]
   },
   "properties": {
    "text": "110",
    "id": 128,
    "tile": "r5c3",
    "rotation_view": 0,
    "in_block": true,
    "in_block_depth_px": 6,
    "surya_conf": null,
    "centre_map": [
     356529.222,
     3092045.33
    ],
    "map_epsg": 32617,
    "bbox_source_px": [
     3471,
     5816,
     3530,
     5842
    ]
   }
  },
  {
   "type": "Feature",
   "geometry": {
    "type": "Polygon",
    "coordinates": [
     [
      [
       -82.4584857,
       27.9456844
      ],
      [
       -82.4584521,
       27.9456961
      ],
      [
       -82.4584465,
       27.9456836
      ],
      [
       -82.4584802,
       27.9456719
      ],
      [
       -82.4584857,
       27.9456844
      ]
     ]
    ]
   },
   "properties": {
    "text": "109",
    "id": 396,
    "tile": "r5c3",
    "rotation_view": 0,
    "in_block": true,
    "in_block_depth_px": 5,
    "surya_conf": null,
    "centre_map": [
     356519.34,
     3092041.452
    ],
    "map_epsg": 32617,
    "bbox_source_px": [
     3260,
     5817,
     3329,
     5846
    ]
   }
  },
  {
   "type": "Feature",
   "geometry": {
    "type": "Polygon",
    "coordinates": [
     [
      [
       -82.4573951,
       27.9460567
      ],
      [
       -82.457382,
       27.9460613
      ],
      [
       -82.457378,
       27.9460522
      ],
      [
       -82.4573911,
       27.9460476
      ],
      [
       -82.4573951,
       27.9460567
      ]
     ]
    ]
   },
   "properties": {
    "text": "01",
    "id": 117,
    "tile": "r5c5",
    "rotation_view": 0,
    "in_block": true,
    "in_block_depth_px": 33,
    "surya_conf": null,
    "centre_map": [
     356626.046,
     3092081.231
    ],
    "map_epsg": 32617,
    "bbox_source_px": [
     5491,
     5832,
     5518,
     5853
    ]
   }
  },
  {
   "type": "Feature",
   "geometry": {
    "type": "Polygon",
    "coordinates": [
     [
      [
       -82.4573771,
       27.946063
      ],
      [
       -82.4573644,
       27.9460674
      ],
      [
       -82.4573591,
       27.9460553
      ],
      [
       -82.4573718,
       27.9460509
      ],
      [
       -82.4573771,
       27.946063
      ]
     ]
    ]
   },
   "properties": {
    "text": "2",
    "id": 83,
    "tile": "r5c5",
    "rotation_view": 0,
    "in_block": true,
    "in_block_depth_px": 38,
    "surya_conf": null,
    "centre_map": [
     356627.869,
     3092081.728
    ],
    "map_epsg": 32617,
    "bbox_source_px": [
     5528,
     5832,
     5554,
     5860
    ]
   }
  },
  {
   "type": "Feature",
   "geometry": {
    "type": "Polygon",
    "coordinates": [
     [
      [
       -82.4575129,
       27.9460152
      ],
      [
       -82.4574993,
       27.94602
      ],
      [
       -82.4574932,
       27.9460061
      ],
      [
       -82.4575068,
       27.9460014
      ],
      [
       -82.4575129,
       27.9460152
      ]
     ]
    ]
   },
   "properties": {
    "text": "2",
    "id": 418,
    "tile": "r5c5",
    "rotation_view": 0,
    "in_block": true,
    "in_block_depth_px": 28,
    "surya_conf": null,
    "centre_map": [
     356614.526,
     3092076.513
    ],
    "map_epsg": 32617,
    "bbox_source_px": [
     5249,
     5833,
     5277,
     5865
    ]
   }
  },
  {
   "type": "Feature",
   "geometry": {
    "type": "Polygon",
    "coordinates": [
     [
      [
       -82.4574501,
       27.9460371
      ],
      [
       -82.457432,
       27.9460434
      ],
      [
       -82.4574259,
       27.9460295
      ],
      [
       -82.4574439,
       27.9460233
      ],
      [
       -82.4574501,
       27.9460371
      ]
     ]
    ]
   },
   "properties": {
    "text": "2",
    "id": 251,
    "tile": "r5c5",
    "rotation_view": 0,
    "in_block": true,
    "in_block_depth_px": 36,
    "surya_conf": null,
    "centre_map": [
     356620.96,
     3092078.948
    ],
    "map_epsg": 32617,
    "bbox_source_px": [
     5378,
     5833,
     5415,
     5865
    ]
   }
  },
  {
   "type": "Feature",
   "geometry": {
    "type": "Polygon",
    "coordinates": [
     [
      [
       -82.4574273,
       27.9460366
      ],
      [
       -82.4574044,
       27.9460445
      ],
      [
       -82.4573786,
       27.9459861
      ],
      [
       -82.4574015,
       27.9459781
      ],
      [
       -82.4574273,
       27.9460366
      ]
     ]
    ]
   },
   "properties": {
    "text": "Jewelry",
    "id": 194,
    "tile": "r5c5",
    "rotation_view": 0,
    "in_block": true,
    "in_block_depth_px": 108,
    "surya_conf": null,
    "centre_map": [
     356624.378,
     3092076.468
    ],
    "map_epsg": 32617,
    "bbox_source_px": [
     5418,
     5850,
     5465,
     5985
    ]
   }
  },
  {
   "type": "Feature",
   "geometry": {
    "type": "Polygon",
    "coordinates": [
     [
      [
       -82.4573615,
       27.9460595
      ],
      [
       -82.4573366,
       27.9460681
      ],
      [
       -82.4573135,
       27.9460157
      ],
      [
       -82.4573383,
       27.9460071
      ],
      [
       -82.4573615,
       27.9460595
      ]
     ]
    ]
   },
   "properties": {
    "text": "Bank",
    "id": 60,
    "tile": "r5c5",
    "rotation_view": 0,
    "in_block": true,
    "in_block_depth_px": 99,
    "surya_conf": null,
    "centre_map": [
     356630.853,
     3092079.304
    ],
    "map_epsg": 32617,
    "bbox_source_px": [
     5553,
     5850,
     5604,
     5971
    ]
   }
  },
  {
   "type": "Feature",
   "geometry": {
    "type": "Polygon",
    "coordinates": [
     [
      [
       -82.4574886,
       27.9460122
      ],
      [
       -82.4574725,
       27.9460178
      ],
      [
       -82.4574629,
       27.9459962
      ],
      [
       -82.457479,
       27.9459906
      ],
      [
       -82.4574886,
       27.9460122
      ]
     ]
    ]
   },
   "properties": {
    "text": "Ch",
    "id": 366,
    "tile": "r5c5",
    "rotation_view": 0,
    "in_block": true,
    "in_block_depth_px": 70,
    "surya_conf": null,
    "centre_map": [
     356617.206,
     3092075.764
    ],
    "map_epsg": 32617,
    "bbox_source_px": [
     5290,
     5856,
     5323,
     5906
    ]
   }
  },
  {
   "type": "Feature",
   "geometry": {
    "type": "Polygon",
    "coordinates": [
     [
      [
       -82.4584946,
       27.9456599
      ],
      [
       -82.4584794,
       27.9456651
      ],
      [
       -82.4584735,
       27.9456517
      ],
      [
       -82.4584886,
       27.9456465
      ],
      [
       -82.4584946,
       27.9456599
      ]
     ]
    ]
   },
   "properties": {
    "text": "9",
    "id": 440,
    "tile": "r5c3",
    "rotation_view": 0,
    "in_block": true,
    "in_block_depth_px": 26,
    "surya_conf": null,
    "centre_map": [
     356517.54,
     3092038.347
    ],
    "map_epsg": 32617,
    "bbox_source_px": [
     3225,
     5860,
     3256,
     5891
    ]
   }
  },
  {
   "type": "Feature",
   "geometry": {
    "type": "Polygon",
    "coordinates": [
     [
      [
       -82.4584458,
       27.9456743
      ],
      [
       -82.4584375,
       27.9456772
      ],
      [
       -82.4584343,
       27.9456699
      ],
      [
       -82.4584426,
       27.945667
      ],
      [
       -82.4584458,
       27.9456743
      ]
     ]
    ]
   },
   "properties": {
    "text": "x",
    "id": 568,
    "tile": "r5c2",
    "rotation_view": 0,
    "in_block": true,
    "in_block_depth_px": 24,
    "surya_conf": null,
    "centre_map": [
     356521.889,
     3092040.103
    ],
    "map_epsg": 32617,
    "bbox_source_px": [
     3323,
     5865,
     3340,
     5882
    ]
   }
  },
  {
   "type": "Feature",
   "geometry": {
    "type": "Polygon",
    "coordinates": [
     [
      [
       -82.4587423,
       27.9455686
      ],
      [
       -82.458734,
       27.9455715
      ],
      [
       -82.4587303,
       27.9455633
      ],
      [
       -82.4587386,
       27.9455604
      ],
      [
       -82.4587423,
       27.9455686
      ]
     ]
    ]
   },
   "properties": {
    "text": "x",
    "id": 0,
    "tile": "r5c2",
    "rotation_view": 0,
    "in_block": true,
    "in_block_depth_px": 8,
    "surya_conf": null,
    "centre_map": [
     356492.601,
     3092028.688
    ],
    "map_epsg": 32617,
    "bbox_source_px": [
     2713,
     5870,
     2730,
     5889
    ]
   }
  },
  {
   "type": "Feature",
   "geometry": {
    "type": "Polygon",
    "coordinates": [
     [
      [
       -82.4586896,
       27.9455869
      ],
      [
       -82.4586799,
       27.9455903
      ],
      [
       -82.4586762,
       27.9455821
      ],
      [
       -82.458686,
       27.9455787
      ],
      [
       -82.4586896,
       27.9455869
      ]
     ]
    ]
   },
   "properties": {
    "text": "x",
    "id": 27,
    "tile": "r5c2",
    "rotation_view": 0,
    "in_block": true,
    "in_block_depth_px": 14,
    "surya_conf": null,
    "centre_map": [
     356497.878,
     3092030.685
    ],
    "map_epsg": 32617,
    "bbox_source_px": [
     2821,
     5870,
     2841,
     5889
    ]
   }
  },
  {
   "type": "Feature",
   "geometry": {
    "type": "Polygon",
    "coordinates": [
     [
      [
       -82.4583549,
       27.945699
      ],
      [
       -82.4583466,
       27.9457019
      ],
      [
       -82.4583414,
       27.9456902
      ],
      [
       -82.4583497,
       27.9456873
      ],
      [
       -82.4583549,
       27.945699
      ]
     ]
    ]
   },
   "properties": {
    "text": "1",
    "id": 101,
    "tile": "r5c3",
    "rotation_view": 0,
    "in_block": true,
    "in_block_depth_px": 47,
    "surya_conf": null,
    "centre_map": [
     356530.958,
     3092042.488
    ],
    "map_epsg": 32617,
    "bbox_source_px": [
     3504,
     5879,
     3521,
     5906
    ]
   }
  },
  {
   "type": "Feature",
   "geometry": {
    "type": "Polygon",
    "coordinates": [
     [
      [
       -82.4584799,
       27.945651
      ],
      [
       -82.4584478,
       27.9456622
      ],
      [
       -82.4584401,
       27.9456449
      ],
      [
       -82.4584723,
       27.9456337
      ],
      [
       -82.4584799,
       27.945651
      ]
     ]
    ]
   },
   "properties": {
    "text": "Vac",
    "id": 416,
    "tile": "r5c3",
    "rotation_view": 0,
    "in_block": true,
    "in_block_depth_px": 61,
    "surya_conf": null,
    "centre_map": [
     356519.892,
     3092037.446
    ],
    "map_epsg": 32617,
    "bbox_source_px": [
     3244,
     5888,
     3310,
     5928
    ]
   }
  },
  {
   "type": "Feature",
   "geometry": {
    "type": "Polygon",
    "coordinates": [
     [
      [
       -82.4575156,
       27.9459843
      ],
      [
       -82.4575039,
       27.9459884
      ],
      [
       -82.4575001,
       27.9459797
      ],
      [
       -82.4575118,
       27.9459757
      ],
      [
       -82.4575156,
       27.9459843
      ]
     ]
    ]
   },
   "properties": {
    "text": "x",
    "id": 460,
    "tile": "r5c5",
    "rotation_view": 0,
    "in_block": true,
    "in_block_depth_px": 80,
    "surya_conf": null,
    "centre_map": [
     356614.017,
     3092073.345
    ],
    "map_epsg": 32617,
    "bbox_source_px": [
     5220,
     5893,
     5244,
     5913
    ]
   }
  },
  {
   "type": "Feature",
   "geometry": {
    "type": "Polygon",
    "coordinates": [
     [
      [
       -82.4573154,
       27.9460366
      ],
      [
       -82.4572944,
       27.9460439
      ],
      [
       -82.4572898,
       27.9460335
      ],
      [
       -82.4573108,
       27.9460262
      ],
      [
       -82.4573154,
       27.9460366
      ]
     ]
    ]
   },
   "properties": {
    "text": "12\"",
    "id": 23,
    "tile": "r5c5",
    "rotation_view": 0,
    "in_block": true,
    "in_block_depth_px": 40,
    "surya_conf": null,
    "centre_map": [
     356634.283,
     3092078.976
    ],
    "map_epsg": 32617,
    "bbox_source_px": [
     5617,
     5928,
     5660,
     5952
    ]
   }
  },
  {
   "type": "Feature",
   "geometry": {
    "type": "Polygon",
    "coordinates": [
     [
      [
       -82.4579006,
       27.9458308
      ],
      [
       -82.457884,
       27.9458365
      ],
      [
       -82.457871,
       27.9458071
      ],
      [
       -82.4578876,
       27.9458013
      ],
      [
       -82.4579006,
       27.9458308
      ]
     ]
    ]
   },
   "properties": {
    "text": "3/1",
    "id": 193,
    "tile": "r5c4",
    "rotation_view": 0,
    "in_block": true,
    "in_block_depth_px": 6,
    "surya_conf": null,
    "centre_map": [
     356576.612,
     3092055.717
    ],
    "map_epsg": 32617,
    "bbox_source_px": [
     4415,
     5932,
     4449,
     6000
    ]
   }
  },
  {
   "type": "Feature",
   "geometry": {
    "type": "Polygon",
    "coordinates": [
     [
      [
       -82.4587335,
       27.9455372
      ],
      [
       -82.4587149,
       27.9455437
      ],
      [
       -82.4587023,
       27.9455151
      ],
      [
       -82.4587208,
       27.9455086
      ],
      [
       -82.4587335,
       27.9455372
      ]
     ]
    ]
   },
   "properties": {
    "text": "204",
    "id": 19,
    "tile": "r5c2",
    "rotation_view": 0,
    "in_block": false,
    "in_block_depth_px": -78,
    "surya_conf": null,
    "centre_map": [
     356494.36,
     3092024.257
    ],
    "map_epsg": 32617,
    "bbox_source_px": [
     2704,
     5939,
     2742,
     6005
    ]
   }
  },
  {
   "type": "Feature",
   "geometry": {
    "type": "Polygon",
    "coordinates": [
     [
      [
       -82.4573044,
       27.9460284
      ],
      [
       -82.4572869,
       27.9460345
      ],
      [
       -82.4572825,
       27.9460245
      ],
      [
       -82.4573,
       27.9460184
      ],
      [
       -82.4573044,
       27.9460284
      ]
     ]
    ]
   },
   "properties": {
    "text": "16\"",
    "id": 18,
    "tile": "r5c5",
    "rotation_view": 0,
    "in_block": true,
    "in_block_depth_px": 31,
    "surya_conf": null,
    "centre_map": [
     356635.169,
     3092078.017
    ],
    "map_epsg": 32617,
    "bbox_source_px": [
     5630,
     5952,
     5666,
     5975
    ]
   }
  },
  {
   "type": "Feature",
   "geometry": {
    "type": "Polygon",
    "coordinates": [
     [
      [
       -82.458931,
       27.9454609
      ],
      [
       -82.4589115,
       27.9454677
      ],
      [
       -82.4588736,
       27.945382
      ],
      [
       -82.4588931,
       27.9453752
      ],
      [
       -82.458931,
       27.9454609
      ]
     ]
    ]
   },
   "properties": {
    "text": "DOCKS.",
    "id": 352,
    "tile": "r5c2",
    "rotation_view": 0,
    "in_block": false,
    "in_block_depth_px": -136,
    "surya_conf": null,
    "centre_map": [
     356476.078,
     3092012.875
    ],
    "map_epsg": 32617,
    "bbox_source_px": [
     2293,
     5954,
     2333,
     6152
    ]
   }
  },
  {
   "type": "Feature",
   "geometry": {
    "type": "Polygon",
    "coordinates": [
     [
      [
       -82.4584024,
       27.9456345
      ],
      [
       -82.45834,
       27.9456563
      ],
      [
       -82.4583344,
       27.9456437
      ],
      [
       -82.4583968,
       27.945622
      ],
      [
       -82.4584024,
       27.9456345
      ]
     ]
    ]
   },
   "properties": {
    "text": "KITCHEN",
    "id": 256,
    "tile": "r5c3",
    "rotation_view": 0,
    "in_block": true,
    "in_block_depth_px": 141,
    "surya_conf": null,
    "centre_map": [
     356528.896,
     3092036.364
    ],
    "map_epsg": 32617,
    "bbox_source_px": [
     3369,
     5975,
     3497,
     6004
    ]
   }
  },
  {
   "type": "Feature",
   "geometry": {
    "type": "Polygon",
    "coordinates": [
     [
      [
       -82.4583047,
       27.9456491
      ],
      [
       -82.4582833,
       27.9456565
      ],
      [
       -82.4582756,
       27.9456392
      ],
      [
       -82.4582971,
       27.9456317
      ],
      [
       -82.4583047,
       27.9456491
      ]
     ]
    ]
   },
   "properties": {
    "text": "1/2",
    "id": 50,
    "tile": "r5c3",
    "rotation_view": 0,
    "in_block": true,
    "in_block_depth_px": 186,
    "surya_conf": null,
    "centre_map": [
     356536.599,
     3092036.827
    ],
    "map_epsg": 32617,
    "bbox_source_px": [
     3554,
     6014,
     3598,
     6054
    ]
   }
  },
  {
   "type": "Feature",
   "geometry": {
    "type": "Polygon",
    "coordinates": [
     [
      [
       -82.4586458,
       27.9454853
      ],
      [
       -82.4586376,
       27.9454882
      ],
      [
       -82.4586339,
       27.94548
      ],
      [
       -82.4586422,
       27.9454771
      ],
      [
       -82.4586458,
       27.9454853
      ]
     ]
    ]
   },
   "properties": {
    "text": "x",
    "id": 103,
    "tile": "r5c2",
    "rotation_view": 0,
    "in_block": false,
    "in_block_depth_px": -112,
    "surya_conf": null,
    "centre_map": [
     356501.977,
     3092019.344
    ],
    "map_epsg": 32617,
    "bbox_source_px": [
     2819,
     6104,
     2836,
     6123
    ]
   }
  },
  {
   "type": "Feature",
   "geometry": {
    "type": "Polygon",
    "coordinates": [
     [
      [
       -82.4573511,
       27.9459327
      ],
      [
       -82.4573048,
       27.9459488
      ],
      [
       -82.4572992,
       27.9459363
      ],
      [
       -82.4573455,
       27.9459202
      ],
      [
       -82.4573511,
       27.9459327
      ]
     ]
    ]
   },
   "properties": {
    "text": "TANK.",
    "id": 130,
    "tile": "r5c5",
    "rotation_view": 0,
    "in_block": true,
    "in_block_depth_px": 153,
    "surya_conf": null,
    "centre_map": [
     356631.931,
     3092067.866
    ],
    "map_epsg": 32617,
    "bbox_source_px": [
     5472,
     6111,
     5567,
     6140
    ]
   }
  },
  {
   "type": "Feature",
   "geometry": {
    "type": "Polygon",
    "coordinates": [
     [
      [
       -82.4584636,
       27.9455273
      ],
      [
       -82.4584465,
       27.9455332
      ],
      [
       -82.4584327,
       27.9455021
      ],
      [
       -82.4584498,
       27.9454961
      ],
      [
       -82.4584636,
       27.9455273
      ]
     ]
    ]
   },
   "properties": {
    "text": "265",
    "id": 423,
    "tile": "r5c2",
    "rotation_view": 0,
    "in_block": true,
    "in_block_depth_px": 3,
    "surya_conf": null,
    "centre_map": [
     356520.883,
     3092022.67
    ],
    "map_epsg": 32617,
    "bbox_source_px": [
     3176,
     6147,
     3211,
     6219
    ]
   }
  },
  {
   "type": "Feature",
   "geometry": {
    "type": "Polygon",
    "coordinates": [
     [
      [
       -82.4582634,
       27.9455555
      ],
      [
       -82.4582507,
       27.94556
      ],
      [
       -82.4582452,
       27.9455474
      ],
      [
       -82.4582579,
       27.945543
      ],
      [
       -82.4582634,
       27.9455555
      ]
     ]
    ]
   },
   "properties": {
    "text": "0",
    "id": 641,
    "tile": "r6c3",
    "rotation_view": 0,
    "in_block": true,
    "in_block_depth_px": 341,
    "surya_conf": null,
    "centre_map": [
     356540.005,
     3092026.519
    ],
    "map_epsg": 32617,
    "bbox_source_px": [
     3554,
     6230,
     3580,
     6259
    ]
   }
  },
  {
   "type": "Feature",
   "geometry": {
    "type": "Polygon",
    "coordinates": [
     [
      [
       -82.4581741,
       27.9455851
      ],
      [
       -82.4581614,
       27.9455896
      ],
      [
       -82.4581559,
       27.945577
      ],
      [
       -82.4581686,
       27.9455726
      ],
      [
       -82.4581741,
       27.9455851
      ]
     ]
    ]
   },
   "properties": {
    "text": "X",
    "id": 637,
    "tile": "r6c3",
    "rotation_view": 0,
    "in_block": true,
    "in_block_depth_px": 236,
    "surya_conf": null,
    "centre_map": [
     356548.831,
     3092029.694
    ],
    "map_epsg": 32617,
    "bbox_source_px": [
     3736,
     6233,
     3762,
     6262
    ]
   }
  },
  {
   "type": "Feature",
   "geometry": {
    "type": "Polygon",
    "coordinates": [
     [
      [
       -82.4588783,
       27.9453289
      ],
      [
       -82.458852,
       27.9453381
      ],
      [
       -82.4587837,
       27.9451835
      ],
      [
       -82.45881,
       27.9451744
      ],
      [
       -82.4588783,
       27.9453289
      ]
     ]
    ]
   },
   "properties": {
    "text": "RCIAL COMP.",
    "id": 662,
    "tile": "r5c2",
    "rotation_view": 0,
    "in_block": true,
    "in_block_depth_px": 65,
    "surya_conf": null,
    "centre_map": [
     356482.874,
     3091994.483
    ],
    "map_epsg": 32617,
    "bbox_source_px": [
     2283,
     6255,
     2337,
     6612
    ]
   }
  },
  {
   "type": "Feature",
   "geometry": {
    "type": "Polygon",
    "coordinates": [
     [
      [
       -82.458876,
       27.9453237
      ],
      [
       -82.4588502,
       27.9453327
      ],
      [
       -82.4587062,
       27.9450067
      ],
      [
       -82.458732,
       27.9449977
      ],
      [
       -82.458876,
       27.9453237
      ]
     ]
    ]
   },
   "properties": {
    "text": "TAMPA COMMERCIAL COMP",
    "id": 605,
    "tile": "r6c2",
    "rotation_view": 0,
    "in_block": true,
    "in_block_depth_px": 71,
    "surya_conf": null,
    "centre_map": [
     356486.68,
     3091984.354
    ],
    "map_epsg": 32617,
    "bbox_source_px": [
     2283,
     6267,
     2336,
     7020
    ]
   }
  },
  {
   "type": "Feature",
   "geometry": {
    "type": "Polygon",
    "coordinates": [
     [
      [
       -82.4578347,
       27.9456854
      ],
      [
       -82.4578181,
       27.9456911
      ],
      [
       -82.4578044,
       27.94566
      ],
      [
       -82.457821,
       27.9456542
      ],
      [
       -82.4578347,
       27.9456854
      ]
     ]
    ]
   },
   "properties": {
    "text": "3/3",
    "id": 368,
    "tile": "r5c4",
    "rotation_view": 0,
    "in_block": true,
    "in_block_depth_px": 5,
    "surya_conf": null,
    "centre_map": [
     356582.94,
     3092039.435
    ],
    "map_epsg": 32617,
    "bbox_source_px": [
     4418,
     6269,
     4452,
     6341
    ]
   }
  },
  {
   "type": "Feature",
   "geometry": {
    "type": "Polygon",
    "coordinates": [
     [
      [
       -82.4582701,
       27.9455248
      ],
      [
       -82.4582589,
       27.9455287
      ],
      [
       -82.4582552,
       27.9455204
      ],
      [
       -82.4582664,
       27.9455165
      ],
      [
       -82.4582701,
       27.9455248
      ]
     ]
    ]
   },
   "properties": {
    "text": "X",
    "id": 590,
    "tile": "r6c3",
    "rotation_view": 0,
    "in_block": true,
    "in_block_depth_px": 293,
    "surya_conf": null,
    "centre_map": [
     356539.146,
     3092023.329
    ],
    "map_epsg": 32617,
    "bbox_source_px": [
     3518,
     6287,
     3541,
     6306
    ]
   }
  },
  {
   "type": "Feature",
   "geometry": {
    "type": "Polygon",
    "coordinates": [
     [
      [
       -82.4581439,
       27.9455677
      ],
      [
       -82.4581317,
       27.9455719
      ],
      [
       -82.4581277,
       27.9455628
      ],
      [
       -82.4581399,
       27.9455586
      ],
      [
       -82.4581439,
       27.9455677
      ]
     ]
    ]
   },
   "properties": {
    "text": "X",
    "id": 584,
    "tile": "r6c3",
    "rotation_view": 0,
    "in_block": true,
    "in_block_depth_px": 197,
    "surya_conf": null,
    "centre_map": [
     356551.683,
     3092027.908
    ],
    "map_epsg": 32617,
    "bbox_source_px": [
     3776,
     6289,
     3801,
     6310
    ]
   }
  },
  {
   "type": "Feature",
   "geometry": {
    "type": "Polygon",
    "coordinates": [
     [
      [
       -82.4586189,
       27.9453593
      ],
      [
       -82.4585974,
       27.9453668
      ],
      [
       -82.4585907,
       27.9453516
      ],
      [
       -82.4586122,
       27.9453442
      ],
      [
       -82.4586189,
       27.9453593
      ]
     ]
    ]
   },
   "properties": {
    "text": "1/2",
    "id": 463,
    "tile": "r5c2",
    "rotation_view": 0,
    "in_block": true,
    "in_block_depth_px": 21,
    "surya_conf": null,
    "centre_map": [
     356505.259,
     3092005.214
    ],
    "map_epsg": 32617,
    "bbox_source_px": [
     2768,
     6375,
     2812,
     6410
    ]
   }
  },
  {
   "type": "Feature",
   "geometry": {
    "type": "Polygon",
    "coordinates": [
     [
      [
       -82.4575121,
       27.9457433
      ],
      [
       -82.4574814,
       27.945754
      ],
      [
       -82.4574659,
       27.9457189
      ],
      [
       -82.4574966,
       27.9457082
      ],
      [
       -82.4575121,
       27.9457433
      ]
     ]
    ]
   },
   "properties": {
    "text": "8",
    "id": 524,
    "tile": "r6c4",
    "rotation_view": 0,
    "in_block": true,
    "in_block_depth_px": 592,
    "surya_conf": null,
    "centre_map": [
     356615.54,
     3092045.52
    ],
    "map_epsg": 32617,
    "bbox_source_px": [
     5037,
     6378,
     5100,
     6459
    ]
   }
  },
  {
   "type": "Feature",
   "geometry": {
    "type": "Polygon",
    "coordinates": [
     [
      [
       -82.458823,
       27.9452852
      ],
      [
       -82.4588123,
       27.945289
      ],
      [
       -82.4588061,
       27.9452751
      ],
      [
       -82.4588169,
       27.9452714
      ],
      [
       -82.458823,
       27.9452852
      ]
     ]
    ]
   },
   "properties": {
    "text": "1",
    "id": 467,
    "tile": "r5c2",
    "rotation_view": 0,
    "in_block": true,
    "in_block_depth_px": 24,
    "surya_conf": null,
    "centre_map": [
     356484.522,
     3091997.118
    ],
    "map_epsg": 32617,
    "bbox_source_px": [
     2347,
     6381,
     2369,
     6413
    ]
   }
  },
  {
   "type": "Feature",
   "geometry": {
    "type": "Polygon",
    "coordinates": [
     [
      [
       -82.4580729,
       27.9455445
      ],
      [
       -82.4580514,
       27.9455519
      ],
      [
       -82.4580455,
       27.9455385
      ],
      [
       -82.458067,
       27.945531
      ],
      [
       -82.4580729,
       27.9455445
      ]
     ]
    ]
   },
   "properties": {
    "text": "1\u00bd",
    "id": 513,
    "tile": "r6c3",
    "rotation_view": 0,
    "in_block": true,
    "in_block_depth_px": 81,
    "surya_conf": null,
    "centre_map": [
     356559.188,
     3092025.184
    ],
    "map_epsg": 32617,
    "bbox_source_px": [
     3884,
     6385,
     3928,
     6416
    ]
   }
  },
  {
   "type": "Feature",
   "geometry": {
    "type": "Polygon",
    "coordinates": [
     [
      [
       -82.4580439,
       27.9455541
      ],
      [
       -82.4580317,
       27.9455583
      ],
      [
       -82.4580264,
       27.9455462
      ],
      [
       -82.4580386,
       27.9455419
      ],
      [
       -82.4580439,
       27.9455541
      ]
     ]
    ]
   },
   "properties": {
    "text": "1",
    "id": 514,
    "tile": "r6c3",
    "rotation_view": 0,
    "in_block": true,
    "in_block_depth_px": 31,
    "surya_conf": null,
    "centre_map": [
     356561.564,
     3092026.111
    ],
    "map_epsg": 32617,
    "bbox_source_px": [
     3943,
     6386,
     3968,
     6414
    ]
   }
  },
  {
   "type": "Feature",
   "geometry": {
    "type": "Polygon",
    "coordinates": [
     [
      [
       -82.4569026,
       27.9459515
      ],
      [
       -82.4568738,
       27.9459615
      ],
      [
       -82.4568475,
       27.9459018
      ],
      [
       -82.4568762,
       27.9458918
      ],
      [
       -82.4569026,
       27.9459515
      ]
     ]
    ]
   },
   "properties": {
    "text": "SEE",
    "id": 563,
    "tile": "r6c5",
    "rotation_view": 0,
    "in_block": false,
    "in_block_depth_px": -629,
    "surya_conf": null,
    "centre_map": [
     356676.206,
     3092066.469
    ],
    "map_epsg": 32617,
    "bbox_source_px": [
     6284,
     6386,
     6343,
     6524
    ]
   }
  },
  {
   "type": "Feature",
   "geometry": {
    "type": "Polygon",
    "coordinates": [
     [
      [
       -82.4582127,
       27.9454918
      ],
      [
       -82.4581811,
       27.9455028
      ],
      [
       -82.458165,
       27.9454664
      ],
      [
       -82.4581967,
       27.9454554
      ],
      [
       -82.4582127,
       27.9454918
      ]
     ]
    ]
   },
   "properties": {
    "text": "9",
    "id": 500,
    "tile": "r6c3",
    "rotation_view": 0,
    "in_block": true,
    "in_block_depth_px": 357,
    "surya_conf": null,
    "centre_map": [
     356546.347,
     3092018.423
    ],
    "map_epsg": 32617,
    "bbox_source_px": [
     3594,
     6393,
     3659,
     6477
    ]
   }
  },
  {
   "type": "Feature",
   "geometry": {
    "type": "Polygon",
    "coordinates": [
     [
      [
       -82.458015,
       27.9455561
      ],
      [
       -82.4580014,
       27.9455609
      ],
      [
       -82.4579851,
       27.9455241
      ],
      [
       -82.4579988,
       27.9455193
      ],
      [
       -82.458015,
       27.9455561
      ]
     ]
    ]
   },
   "properties": {
    "text": "309",
    "id": 493,
    "tile": "r6c3",
    "rotation_view": 0,
    "in_block": true,
    "in_block_depth_px": 1,
    "surya_conf": null,
    "centre_map": [
     356565.002,
     3092024.96
    ],
    "map_epsg": 32617,
    "bbox_source_px": [
     3996,
     6402,
     4024,
     6487
    ]
   }
  },
  {
   "type": "Feature",
   "geometry": {
    "type": "Polygon",
    "coordinates": [
     [
      [
       -82.4587724,
       27.9452879
      ],
      [
       -82.4587212,
       27.9453057
      ],
      [
       -82.4587141,
       27.9452897
      ],
      [
       -82.4587653,
       27.9452718
      ],
      [
       -82.4587724,
       27.9452879
      ]
     ]
    ]
   },
   "properties": {
    "text": "W.Ho.",
    "id": 477,
    "tile": "r6c2",
    "rotation_view": 0,
    "in_block": true,
    "in_block_depth_px": 57,
    "surya_conf": null,
    "centre_map": [
     356491.548,
     3091997.986
    ],
    "map_epsg": 32617,
    "bbox_source_px": [
     2439,
     6411,
     2544,
     6448
    ]
   }
  },
  {
   "type": "Feature",
   "geometry": {
    "type": "Polygon",
    "coordinates": [
     [
      [
       -82.458041,
       27.9455411
      ],
      [
       -82.4580269,
       27.945546
      ],
      [
       -82.4580223,
       27.9455356
      ],
      [
       -82.4580364,
       27.9455307
      ],
      [
       -82.458041,
       27.9455411
      ]
     ]
    ]
   },
   "properties": {
    "text": "1/2",
    "id": 503,
    "tile": "r5c3",
    "rotation_view": 0,
    "in_block": true,
    "in_block_depth_px": 36,
    "surya_conf": null,
    "centre_map": [
     356561.894,
     3092024.803
    ],
    "map_epsg": 32617,
    "bbox_source_px": [
     3938,
     6414,
     3967,
     6438
    ]
   }
  },
  {
   "type": "Feature",
   "geometry": {
    "type": "Polygon",
    "coordinates": [
     [
      [
       -82.4580847,
       27.9455254
      ],
      [
       -82.4580428,
       27.94554
      ],
      [
       -82.4580365,
       27.9455257
      ],
      [
       -82.4580784,
       27.9455111
      ],
      [
       -82.4580847,
       27.9455254
      ]
     ]
    ]
   },
   "properties": {
    "text": "Dm.9",
    "id": 469,
    "tile": "r6c3",
    "rotation_view": 0,
    "in_block": true,
    "in_block_depth_px": 97,
    "surya_conf": null,
    "centre_map": [
     356559.03,
     3092023.416
    ],
    "map_epsg": 32617,
    "bbox_source_px": [
     3848,
     6415,
     3934,
     6448
    ]
   }
  },
  {
   "type": "Feature",
   "geometry": {
    "type": "Polygon",
    "coordinates": [
     [
      [
       -82.4581503,
       27.9454905
      ],
      [
       -82.4581401,
       27.9454941
      ],
      [
       -82.4581364,
       27.9454859
      ],
      [
       -82.4581467,
       27.9454823
      ],
      [
       -82.4581503,
       27.9454905
      ]
     ]
    ]
   },
   "properties": {
    "text": "X",
    "id": 430,
    "tile": "r6c3",
    "rotation_view": 0,
    "in_block": true,
    "in_block_depth_px": 273,
    "surya_conf": null,
    "centre_map": [
     356550.834,
     3092019.378
    ],
    "map_epsg": 32617,
    "bbox_source_px": [
     3704,
     6439,
     3725,
     6458
    ]
   }
  },
  {
   "type": "Feature",
   "geometry": {
    "type": "Polygon",
    "coordinates": [
     [
      [
       -82.458046,
       27.9455129
      ],
      [
       -82.4580382,
       27.9455156
      ],
      [
       -82.4580349,
       27.9455082
      ],
      [
       -82.4580427,
       27.9455055
      ],
      [
       -82.458046,
       27.9455129
      ]
     ]
    ]
   },
   "properties": {
    "text": "X",
    "id": 398,
    "tile": "r6c3",
    "rotation_view": 0,
    "in_block": true,
    "in_block_depth_px": 72,
    "surya_conf": null,
    "centre_map": [
     356560.99,
     3092021.733
    ],
    "map_epsg": 32617,
    "bbox_source_px": [
     3907,
     6467,
     3923,
     6484
    ]
   }
  },
  {
   "type": "Feature",
   "geometry": {
    "type": "Polygon",
    "coordinates": [
     [
      [
       -82.4580278,
       27.9455187
      ],
      [
       -82.4580195,
       27.9455216
      ],
      [
       -82.4580158,
       27.9455134
      ],
      [
       -82.4580241,
       27.9455105
      ],
      [
       -82.4580278,
       27.9455187
      ]
     ]
    ]
   },
   "properties": {
    "text": "X",
    "id": 392,
    "tile": "r6c3",
    "rotation_view": 0,
    "in_block": true,
    "in_block_depth_px": 35,
    "surya_conf": null,
    "centre_map": [
     356562.833,
     3092022.321
    ],
    "map_epsg": 32617,
    "bbox_source_px": [
     3944,
     6468,
     3961,
     6487
    ]
   }
  },
  {
   "type": "Feature",
   "geometry": {
    "type": "Polygon",
    "coordinates": [
     [
      [
       -82.4572358,
       27.9457875
      ],
      [
       -82.4572002,
       27.9457999
      ],
      [
       -82.4571933,
       27.9457844
      ],
      [
       -82.4572289,
       27.945772
      ],
      [
       -82.4572358,
       27.9457875
      ]
     ]
    ]
   },
   "properties": {
    "text": "Vac.",
    "id": 380,
    "tile": "r6c5",
    "rotation_view": 0,
    "in_block": true,
    "in_block_depth_px": 80,
    "surya_conf": null,
    "centre_map": [
     356642.617,
     3092051.277
    ],
    "map_epsg": 32617,
    "bbox_source_px": [
     5563,
     6482,
     5636,
     6518
    ]
   }
  },
  {
   "type": "Feature",
   "geometry": {
    "type": "Polygon",
    "coordinates": [
     [
      [
       -82.4585687,
       27.9453158
      ],
      [
       -82.4585512,
       27.9453219
      ],
      [
       -82.458537,
       27.9452899
      ],
      [
       -82.4585546,
       27.9452838
      ],
      [
       -82.4585687,
       27.9453158
      ]
     ]
    ]
   },
   "properties": {
    "text": "11/3",
    "id": 360,
    "tile": "r6c2",
    "rotation_view": 0,
    "in_block": true,
    "in_block_depth_px": 7,
    "surya_conf": null,
    "centre_map": [
     356510.297,
     3091999.325
    ],
    "map_epsg": 32617,
    "bbox_source_px": [
     2823,
     6497,
     2859,
     6571
    ]
   }
  },
  {
   "type": "Feature",
   "geometry": {
    "type": "Polygon",
    "coordinates": [
     [
      [
       -82.4571731,
       27.9457984
      ],
      [
       -82.457157,
       27.945804
      ],
      [
       -82.4571489,
       27.9457858
      ],
      [
       -82.457165,
       27.9457802
      ],
      [
       -82.4571731,
       27.9457984
      ]
     ]
    ]
   },
   "properties": {
    "text": "B.",
    "id": 353,
    "tile": "r6c5",
    "rotation_view": 0,
    "in_block": false,
    "in_block_depth_px": -15,
    "surya_conf": null,
    "centre_map": [
     356647.892,
     3092051.896
    ],
    "map_epsg": 32617,
    "bbox_source_px": [
     5683,
     6504,
     5716,
     6546
    ]
   }
  },
  {
   "type": "Feature",
   "geometry": {
    "type": "Polygon",
    "coordinates": [
     [
      [
       -82.4581031,
       27.945474
      ],
      [
       -82.4580675,
       27.9454864
      ],
      [
       -82.4580625,
       27.9454751
      ],
      [
       -82.4580981,
       27.9454628
      ],
      [
       -82.4581031,
       27.945474
      ]
     ]
    ]
   },
   "properties": {
    "text": "THANK.",
    "id": 349,
    "tile": "r6c3",
    "rotation_view": 0,
    "in_block": true,
    "in_block_depth_px": 176,
    "surya_conf": null,
    "centre_map": [
     356556.777,
     3092017.797
    ],
    "map_epsg": 32617,
    "bbox_source_px": [
     3775,
     6505,
     3848,
     6531
    ]
   }
  },
  {
   "type": "Feature",
   "geometry": {
    "type": "Polygon",
    "coordinates": [
     [
      [
       -82.4587248,
       27.9452515
      ],
      [
       -82.4586927,
       27.9452627
      ],
      [
       -82.4586877,
       27.9452514
      ],
      [
       -82.4587199,
       27.9452402
      ],
      [
       -82.4587248,
       27.9452515
      ]
     ]
    ]
   },
   "properties": {
    "text": "TANK",
    "id": 340,
    "tile": "r6c2",
    "rotation_view": 0,
    "in_block": true,
    "in_block_depth_px": 132,
    "surya_conf": null,
    "centre_map": [
     356495.14,
     3091993.809
    ],
    "map_epsg": 32617,
    "bbox_source_px": [
     2495,
     6517,
     2561,
     6543
    ]
   }
  },
  {
   "type": "Feature",
   "geometry": {
    "type": "Polygon",
    "coordinates": [
     [
      [
       -82.4587166,
       27.9452443
      ],
      [
       -82.4586771,
       27.9452581
      ],
      [
       -82.4586722,
       27.9452468
      ],
      [
       -82.4587117,
       27.9452331
      ],
      [
       -82.4587166,
       27.9452443
      ]
     ]
    ]
   },
   "properties": {
    "text": "UW.RP.",
    "id": 311,
    "tile": "r6c2",
    "rotation_view": 0,
    "in_block": true,
    "in_block_depth_px": 111,
    "surya_conf": null,
    "centre_map": [
     356496.3,
     3091993.146
    ],
    "map_epsg": 32617,
    "bbox_source_px": [
     2504,
     6537,
     2585,
     6563
    ]
   }
  },
  {
   "type": "Feature",
   "geometry": {
    "type": "Polygon",
    "coordinates": [
     [
      [
       -82.4571947,
       27.9457594
      ],
      [
       -82.4571849,
       27.9457628
      ],
      [
       -82.4571811,
       27.9457541
      ],
      [
       -82.4571908,
       27.9457507
      ],
      [
       -82.4571947,
       27.9457594
      ]
     ]
    ]
   },
   "properties": {
    "text": "x",
    "id": 267,
    "tile": "r6c5",
    "rotation_view": 0,
    "in_block": true,
    "in_block_depth_px": 56,
    "surya_conf": null,
    "centre_map": [
     356645.202,
     3092048.013
    ],
    "map_epsg": 32617,
    "bbox_source_px": [
     5614,
     6567,
     5634,
     6587
    ]
   }
  },
  {
   "type": "Feature",
   "geometry": {
    "type": "Polygon",
    "coordinates": [
     [
      [
       -82.4571791,
       27.9457648
      ],
      [
       -82.4571703,
       27.9457679
      ],
      [
       -82.457167,
       27.9457605
      ],
      [
       -82.4571758,
       27.9457575
      ],
      [
       -82.4571791,
       27.9457648
      ]
     ]
    ]
   },
   "properties": {
    "text": "x",
    "id": 268,
    "tile": "r6c5",
    "rotation_view": 0,
    "in_block": true,
    "in_block_depth_px": 25,
    "surya_conf": null,
    "centre_map": [
     356646.669,
     3092048.651
    ],
    "map_epsg": 32617,
    "bbox_source_px": [
     5646,
     6567,
     5664,
     6584
    ]
   }
  },
  {
   "type": "Feature",
   "geometry": {
    "type": "Polygon",
    "coordinates": [
     [
      [
       -82.4577746,
       27.945553
      ],
      [
       -82.4577585,
       27.9455586
      ],
      [
       -82.4577438,
       27.9455252
      ],
      [
       -82.4577598,
       27.9455196
      ],
      [
       -82.4577746,
       27.945553
      ]
     ]
    ]
   },
   "properties": {
    "text": "312",
    "id": 257,
    "tile": "r6c4",
    "rotation_view": 0,
    "in_block": true,
    "in_block_depth_px": 6,
    "surya_conf": null,
    "centre_map": [
     356588.706,
     3092024.565
    ],
    "map_epsg": 32617,
    "bbox_source_px": [
     4421,
     6576,
     4454,
     6653
    ]
   }
  },
  {
   "type": "Feature",
   "geometry": {
    "type": "Polygon",
    "coordinates": [
     [
      [
       -82.4582195,
       27.9453975
      ],
      [
       -82.4581878,
       27.9454085
      ],
      [
       -82.4581834,
       27.9453986
      ],
      [
       -82.4582151,
       27.9453875
      ],
      [
       -82.4582195,
       27.9453975
      ]
     ]
    ]
   },
   "properties": {
    "text": "TANK",
    "id": 252,
    "tile": "r6c3",
    "rotation_view": 0,
    "in_block": true,
    "in_block_depth_px": 241,
    "surya_conf": null,
    "centre_map": [
     356545.002,
     3092009.457
    ],
    "map_epsg": 32617,
    "bbox_source_px": [
     3508,
     6577,
     3573,
     6600
    ]
   }
  },
  {
   "type": "Feature",
   "geometry": {
    "type": "Polygon",
    "coordinates": [
     [
      [
       -82.4581015,
       27.9454386
      ],
      [
       -82.4580664,
       27.9454508
      ],
      [
       -82.4580618,
       27.9454404
      ],
      [
       -82.4580969,
       27.9454282
      ],
      [
       -82.4581015,
       27.9454386
      ]
     ]
    ]
   },
   "properties": {
    "text": "THANK.",
    "id": 253,
    "tile": "r6c3",
    "rotation_view": 0,
    "in_block": true,
    "in_block_depth_px": 203,
    "surya_conf": null,
    "centre_map": [
     356556.843,
     3092013.911
    ],
    "map_epsg": 32617,
    "bbox_source_px": [
     3750,
     6577,
     3822,
     6601
    ]
   }
  },
  {
   "type": "Feature",
   "geometry": {
    "type": "Polygon",
    "coordinates": [
     [
      [
       -82.4588309,
       27.9451796
      ],
      [
       -82.4588099,
       27.9451869
      ],
      [
       -82.4587671,
       27.9450899
      ],
      [
       -82.4587881,
       27.9450826
      ],
      [
       -82.4588309,
       27.9451796
      ]
     ]
    ]
   },
   "properties": {
    "text": "PIER N\u00ba.",
    "id": 407,
    "tile": "r6c2",
    "rotation_view": 0,
    "in_block": true,
    "in_block_depth_px": 33,
    "surya_conf": null,
    "centre_map": [
     356485.861,
     3091980.986
    ],
    "map_epsg": 32617,
    "bbox_source_px": [
     2250,
     6587,
     2293,
     6811
    ]
   }
  },
  {
   "type": "Feature",
   "geometry": {
    "type": "Polygon",
    "coordinates": [
     [
      [
       -82.4582933,
       27.9453633
      ],
      [
       -82.4582552,
       27.9453766
      ],
      [
       -82.4582484,
       27.945361
      ],
      [
       -82.4582864,
       27.9453477
      ],
      [
       -82.4582933,
       27.9453633
      ]
     ]
    ]
   },
   "properties": {
    "text": "HOTEL",
    "id": 281,
    "tile": "r6c3",
    "rotation_view": 0,
    "in_block": true,
    "in_block_depth_px": 95,
    "surya_conf": null,
    "centre_map": [
     356538.13,
     3092005.561
    ],
    "map_epsg": 32617,
    "bbox_source_px": [
     3350,
     6594,
     3428,
     6630
    ]
   }
  },
  {
   "type": "Feature",
   "geometry": {
    "type": "Polygon",
    "coordinates": [
     [
      [
       -82.4579936,
       27.9454617
      ],
      [
       -82.4579853,
       27.9454646
      ],
      [
       -82.4579819,
       27.9454568
      ],
      [
       -82.4579901,
       27.9454539
      ],
      [
       -82.4579936,
       27.9454617
      ]
     ]
    ]
   },
   "properties": {
    "text": "X",
    "id": 217,
    "tile": "r6c3",
    "rotation_view": 0,
    "in_block": true,
    "in_block_depth_px": 21,
    "surya_conf": null,
    "centre_map": [
     356566.112,
     3092015.986
    ],
    "map_epsg": 32617,
    "bbox_source_px": [
     3960,
     6606,
     3977,
     6624
    ]
   }
  },
  {
   "type": "Feature",
   "geometry": {
    "type": "Polygon",
    "coordinates": [
     [
      [
       -82.4582888,
       27.9453519
      ],
      [
       -82.4582532,
       27.9453643
      ],
      [
       -82.4582461,
       27.9453483
      ],
      [
       -82.4582817,
       27.9453359
      ],
      [
       -82.4582888,
       27.9453519
      ]
     ]
    ]
   },
   "properties": {
    "text": "RIMS.",
    "id": 282,
    "tile": "r6c3",
    "rotation_view": 0,
    "in_block": true,
    "in_block_depth_px": 79,
    "surya_conf": null,
    "centre_map": [
     356538.444,
     3092004.22
    ],
    "map_epsg": 32617,
    "bbox_source_px": [
     3349,
     6620,
     3422,
     6657
    ]
   }
  },
  {
   "type": "Feature",
   "geometry": {
    "type": "Polygon",
    "coordinates": [
     [
      [
       -82.4585595,
       27.9452516
      ],
      [
       -82.4585527,
       27.945254
      ],
      [
       -82.4585498,
       27.9452475
      ],
      [
       -82.4585566,
       27.9452451
      ],
      [
       -82.4585595,
       27.9452516
      ]
     ]
    ]
   },
   "properties": {
    "text": "x",
    "id": 177,
    "tile": "r6c2",
    "rotation_view": 0,
    "in_block": true,
    "in_block_depth_px": 19,
    "surya_conf": null,
    "centre_map": [
     356510.053,
     3091993.42
    ],
    "map_epsg": 32617,
    "bbox_source_px": [
     2789,
     6632,
     2803,
     6647
    ]
   }
  },
  {
   "type": "Feature",
   "geometry": {
    "type": "Polygon",
    "coordinates": [
     [
      [
       -82.4582755,
       27.945332
      ],
      [
       -82.4582643,
       27.9453359
      ],
      [
       -82.4582605,
       27.9453273
      ],
      [
       -82.4582717,
       27.9453234
      ],
      [
       -82.4582755,
       27.945332
      ]
     ]
    ]
   },
   "properties": {
    "text": "X",
    "id": 270,
    "tile": "r6c3",
    "rotation_view": 0,
    "in_block": true,
    "in_block_depth_px": 52,
    "surya_conf": null,
    "centre_map": [
     356538.364,
     3092001.958
    ],
    "map_epsg": 32617,
    "bbox_source_px": [
     3357,
     6669,
     3380,
     6689
    ]
   }
  },
  {
   "type": "Feature",
   "geometry": {
    "type": "Polygon",
    "coordinates": [
     [
      [
       -82.4582865,
       27.9453262
      ],
      [
       -82.4582796,
       27.9453286
      ],
      [
       -82.4582768,
       27.9453221
      ],
      [
       -82.4582836,
       27.9453197
      ],
      [
       -82.4582865,
       27.9453262
      ]
     ]
    ]
   },
   "properties": {
    "text": "x",
    "id": 574,
    "tile": "r6c2",
    "rotation_view": 0,
    "in_block": true,
    "in_block_depth_px": 24,
    "surya_conf": null,
    "centre_map": [
     356537.018,
     3092001.366
    ],
    "map_epsg": 32617,
    "bbox_source_px": [
     3333,
     6673,
     3347,
     6688
    ]
   }
  },
  {
   "type": "Feature",
   "geometry": {
    "type": "Polygon",
    "coordinates": [
     [
      [
       -82.4571893,
       27.9456594
      ],
      [
       -82.4571479,
       27.9456738
      ],
      [
       -82.4571415,
       27.9456595
      ],
      [
       -82.457183,
       27.9456451
      ],
      [
       -82.4571893,
       27.9456594
      ]
     ]
    ]
   },
   "properties": {
    "text": "CAST.",
    "id": 69,
    "tile": "r6c5",
    "rotation_view": 0,
    "in_block": true,
    "in_block_depth_px": 95,
    "surya_conf": null,
    "centre_map": [
     356647.283,
     3092037.203
    ],
    "map_epsg": 32617,
    "bbox_source_px": [
     5545,
     6771,
     5630,
     6804
    ]
   }
  },
  {
   "type": "Feature",
   "geometry": {
    "type": "Polygon",
    "coordinates": [
     [
      [
       -82.4579423,
       27.9453951
      ],
      [
       -82.4579242,
       27.9454014
      ],
      [
       -82.4579078,
       27.9453642
      ],
      [
       -82.4579258,
       27.9453579
      ],
      [
       -82.4579423,
       27.9453951
      ]
     ]
    ]
   },
   "properties": {
    "text": "301",
    "id": 188,
    "tile": "r6c3",
    "rotation_view": 0,
    "in_block": true,
    "in_block_depth_px": 5,
    "surya_conf": null,
    "centre_map": [
     356572.176,
     3092007.097
    ],
    "map_epsg": 32617,
    "bbox_source_px": [
     3999,
     6775,
     4036,
     6861
    ]
   }
  },
  {
   "type": "Feature",
   "geometry": {
    "type": "Polygon",
    "coordinates": [
     [
      [
       -82.4586731,
       27.9451291
      ],
      [
       -82.458657,
       27.9451347
      ],
      [
       -82.4586424,
       27.9451018
      ],
      [
       -82.4586585,
       27.9450962
      ],
      [
       -82.4586731,
       27.9451291
      ]
     ]
    ]
   },
   "properties": {
    "text": "9/2",
    "id": 110,
    "tile": "r6c2",
    "rotation_view": 0,
    "in_block": true,
    "in_block_depth_px": 7,
    "surya_conf": null,
    "centre_map": [
     356499.733,
     3091978.688
    ],
    "map_epsg": 32617,
    "bbox_source_px": [
     2491,
     6798,
     2524,
     6874
    ]
   }
  },
  {
   "type": "Feature",
   "geometry": {
    "type": "Polygon",
    "coordinates": [
     [
      [
       -82.4580821,
       27.945308
      ],
      [
       -82.4580621,
       27.9453149
      ],
      [
       -82.458056,
       27.9453011
      ],
      [
       -82.458076,
       27.9452941
      ],
      [
       -82.4580821,
       27.945308
      ]
     ]
    ]
   },
   "properties": {
    "text": "2\u00bd",
    "id": 11,
    "tile": "r6c3",
    "rotation_view": 0,
    "in_block": true,
    "in_block_depth_px": 210,
    "surya_conf": null,
    "centre_map": [
     356557.908,
     3091998.942
    ],
    "map_epsg": 32617,
    "bbox_source_px": [
     3682,
     6852,
     3723,
     6884
    ]
   }
  },
  {
   "type": "Feature",
   "geometry": {
    "type": "Polygon",
    "coordinates": [
     [
      [
       -82.4580108,
       27.9453273
      ],
      [
       -82.458002,
       27.9453304
      ],
      [
       -82.4579987,
       27.945323
      ],
      [
       -82.4580075,
       27.94532
      ],
      [
       -82.4580108,
       27.9453273
      ]
     ]
    ]
   },
   "properties": {
    "text": "X",
    "id": 25,
    "tile": "r6c3",
    "rotation_view": 0,
    "in_block": true,
    "in_block_depth_px": 162,
    "surya_conf": null,
    "centre_map": [
     356564.261,
     3092001.153
    ],
    "map_epsg": 32617,
    "bbox_source_px": [
     3824,
     6863,
     3842,
     6880
    ]
   }
  },
  {
   "type": "Feature",
   "geometry": {
    "type": "Polygon",
    "coordinates": [
     [
      [
       -82.4570283,
       27.945654
      ],
      [
       -82.4569795,
       27.945671
      ],
      [
       -82.4569652,
       27.9456385
      ],
      [
       -82.457014,
       27.9456215
      ],
      [
       -82.4570283,
       27.945654
      ]
     ]
    ]
   },
   "properties": {
    "text": "80'",
    "id": 75,
    "tile": "r6c5",
    "rotation_view": 0,
    "in_block": false,
    "in_block_depth_px": -190,
    "surya_conf": null,
    "centre_map": [
     356663.861,
     3092035.543
    ],
    "map_epsg": 32617,
    "bbox_source_px": [
     5827,
     6894,
     5927,
     6969
    ]
   }
  },
  {
   "type": "Feature",
   "geometry": {
    "type": "Polygon",
    "coordinates": [
     [
      [
       -82.4571217,
       27.9456185
      ],
      [
       -82.4571037,
       27.9456247
      ],
      [
       -82.4570968,
       27.9456092
      ],
      [
       -82.4571148,
       27.9456029
      ],
      [
       -82.4571217,
       27.9456185
      ]
     ]
    ]
   },
   "properties": {
    "text": "2.",
    "id": 15,
    "tile": "r6c5",
    "rotation_view": 0,
    "in_block": true,
    "in_block_depth_px": 32,
    "surya_conf": null,
    "centre_map": [
     356652.747,
     3092032.081
    ],
    "map_epsg": 32617,
    "bbox_source_px": [
     5633,
     6900,
     5670,
     6936
    ]
   }
  },
  {
   "type": "Feature",
   "geometry": {
    "type": "Polygon",
    "coordinates": [
     [
      [
       -82.4577086,
       27.9454126
      ],
      [
       -82.4576921,
       27.9454183
      ],
      [
       -82.4576792,
       27.9453893
      ],
      [
       -82.4576958,
       27.9453836
      ],
      [
       -82.4577086,
       27.9454126
      ]
     ]
    ]
   },
   "properties": {
    "text": "311",
    "id": 178,
    "tile": "r6c4",
    "rotation_view": 0,
    "in_block": true,
    "in_block_depth_px": 4,
    "surya_conf": null,
    "centre_map": [
     356594.94,
     3092009.183
    ],
    "map_epsg": 32617,
    "bbox_source_px": [
     4428,
     6903,
     4462,
     6970
    ]
   }
  },
  {
   "type": "Feature",
   "geometry": {
    "type": "Polygon",
    "coordinates": [
     [
      [
       -82.4587163,
       27.9450462
      ],
      [
       -82.4587065,
       27.9450495
      ],
      [
       -82.4587023,
       27.94504
      ],
      [
       -82.4587121,
       27.9450366
      ],
      [
       -82.4587163,
       27.9450462
      ]
     ]
    ]
   },
   "properties": {
    "text": "0",
    "id": 277,
    "tile": "r6c2",
    "rotation_view": 0,
    "in_block": true,
    "in_block_depth_px": 19,
    "surya_conf": null,
    "centre_map": [
     356494.565,
     3091970.726
    ],
    "map_epsg": 32617,
    "bbox_source_px": [
     2349,
     6934,
     2369,
     6956
    ]
   }
  },
  {
   "type": "Feature",
   "geometry": {
    "type": "Polygon",
    "coordinates": [
     [
      [
       -82.4581845,
       27.9452304
      ],
      [
       -82.4579661,
       27.9453064
      ],
      [
       -82.4579559,
       27.9452835
      ],
      [
       -82.4581744,
       27.9452074
      ],
      [
       -82.4581845,
       27.9452304
      ]
     ]
    ]
   },
   "properties": {
    "text": "HOTEL COLLINS.",
    "id": 162,
    "tile": "r6c3",
    "rotation_view": 0,
    "in_block": true,
    "in_block_depth_px": 116,
    "surya_conf": null,
    "centre_map": [
     356557.728,
     3091993.667
    ],
    "map_epsg": 32617,
    "bbox_source_px": [
     3439,
     6936,
     3887,
     6989
    ]
   }
  },
  {
   "type": "Feature",
   "geometry": {
    "type": "Polygon",
    "coordinates": [
     [
      [
       -82.4572325,
       27.9455584
      ],
      [
       -82.4572232,
       27.9455616
      ],
      [
       -82.4572196,
       27.9455534
      ],
      [
       -82.4572288,
       27.9455502
      ],
      [
       -82.4572325,
       27.9455584
      ]
     ]
    ]
   },
   "properties": {
    "text": "x",
    "id": 234,
    "tile": "r6c5",
    "rotation_view": 0,
    "in_block": true,
    "in_block_depth_px": 99,
    "surya_conf": null,
    "centre_map": [
     356641.184,
     3092025.804
    ],
    "map_epsg": 32617,
    "bbox_source_px": [
     5389,
     6943,
     5408,
     6962
    ]
   }
  },
  {
   "type": "Feature",
   "geometry": {
    "type": "Polygon",
    "coordinates": [
     [
      [
       -82.4571378,
       27.9455924
      ],
      [
       -82.45709,
       27.945609
      ],
      [
       -82.4570806,
       27.9455878
      ],
      [
       -82.4571284,
       27.9455712
      ],
      [
       -82.4571378,
       27.9455924
      ]
     ]
    ]
   },
   "properties": {
    "text": "Dmg.",
    "id": 42,
    "tile": "r6c5",
    "rotation_view": 0,
    "in_block": true,
    "in_block_depth_px": 56,
    "surya_conf": null,
    "centre_map": [
     356652.722,
     3092029.454
    ],
    "map_epsg": 32617,
    "bbox_source_px": [
     5584,
     6941,
     5682,
     6990
    ]
   }
  },
  {
   "type": "Feature",
   "geometry": {
    "type": "Polygon",
    "coordinates": [
     [
      [
       -82.4570824,
       27.9456007
      ],
      [
       -82.4570643,
       27.945607
      ],
      [
       -82.4570563,
       27.9455888
      ],
      [
       -82.4570743,
       27.9455825
      ],
      [
       -82.4570824,
       27.9456007
      ]
     ]
    ]
   },
   "properties": {
    "text": "A.",
    "id": 7,
    "tile": "r6c5",
    "rotation_view": 0,
    "in_block": false,
    "in_block_depth_px": -18,
    "surya_conf": null,
    "centre_map": [
     356656.65,
     3092029.922
    ],
    "map_epsg": 32617,
    "bbox_source_px": [
     5689,
     6963,
     5726,
     7005
    ]
   }
  },
  {
   "type": "Feature",
   "geometry": {
    "type": "Polygon",
    "coordinates": [
     [
      [
       -82.45782,
       27.9453373
      ],
      [
       -82.4577727,
       27.9453538
      ],
      [
       -82.457762,
       27.9453295
      ],
      [
       -82.4578093,
       27.9453131
      ],
      [
       -82.45782,
       27.9453373
      ]
     ]
    ]
   },
   "properties": {
    "text": "80'",
    "id": 504,
    "tile": "r6c3",
    "rotation_view": 0,
    "in_block": false,
    "in_block_depth_px": -223,
    "surya_conf": null,
    "centre_map": [
     356585.304,
     3092001.817
    ],
    "map_epsg": 32617,
    "bbox_source_px": [
     4171,
     6976,
     4268,
     7032
    ]
   }
  },
  {
   "type": "Feature",
   "geometry": {
    "type": "Polygon",
    "coordinates": [
     [
      [
       -82.4580935,
       27.9452371
      ],
      [
       -82.4580818,
       27.9452411
      ],
      [
       -82.4580774,
       27.9452312
      ],
      [
       -82.4580891,
       27.9452271
      ],
      [
       -82.4580935,
       27.9452371
      ]
     ]
    ]
   },
   "properties": {
    "text": "X",
    "id": 29,
    "tile": "r6c3",
    "rotation_view": 0,
    "in_block": true,
    "in_block_depth_px": 80,
    "surya_conf": null,
    "centre_map": [
     356556.197,
     3091991.16
    ],
    "map_epsg": 32617,
    "bbox_source_px": [
     3606,
     6986,
     3630,
     7009
    ]
   }
  },
  {
   "type": "Feature",
   "geometry": {
    "type": "Polygon",
    "coordinates": [
     [
      [
       -82.457091,
       27.9455732
      ],
      [
       -82.4570823,
       27.9455762
      ],
      [
       -82.4570784,
       27.9455676
      ],
      [
       -82.4570872,
       27.9455645
      ],
      [
       -82.457091,
       27.9455732
      ]
     ]
    ]
   },
   "properties": {
    "text": "x",
    "id": 16,
    "tile": "r6c5",
    "rotation_view": 0,
    "in_block": true,
    "in_block_depth_px": 24,
    "surya_conf": null,
    "centre_map": [
     356655.102,
     3092027.242
    ],
    "map_epsg": 32617,
    "bbox_source_px": [
     5652,
     7012,
     5670,
     7032
    ]
   }
  },
  {
   "type": "Feature",
   "geometry": {
    "type": "Polygon",
    "coordinates": [
     [
      [
       -82.4581768,
       27.9451876
      ],
      [
       -82.458153,
       27.9451959
      ],
      [
       -82.4581468,
       27.945182
      ],
      [
       -82.4581707,
       27.9451737
      ],
      [
       -82.4581768,
       27.9451876
      ]
     ]
    ]
   },
   "properties": {
    "text": "2\u00bd",
    "id": 184,
    "tile": "r6c3",
    "rotation_view": 0,
    "in_block": true,
    "in_block_depth_px": 39,
    "surya_conf": null,
    "centre_map": [
     356548.618,
     3091985.784
    ],
    "map_epsg": 32617,
    "bbox_source_px": [
     3419,
     7027,
     3468,
     7059
    ]
   }
  },
  {
   "type": "Feature",
   "geometry": {
    "type": "Polygon",
    "coordinates": [
     [
      [
       -82.4580525,
       27.9452244
      ],
      [
       -82.4580393,
       27.945229
      ],
      [
       -82.4580345,
       27.9452181
      ],
      [
       -82.4580477,
       27.9452136
      ],
      [
       -82.4580525,
       27.9452244
      ]
     ]
    ]
   },
   "properties": {
    "text": "X",
    "id": 35,
    "tile": "r6c3",
    "rotation_view": 0,
    "in_block": true,
    "in_block_depth_px": 26,
    "surya_conf": null,
    "centre_map": [
     356560.309,
     3091989.686
    ],
    "map_epsg": 32617,
    "bbox_source_px": [
     3669,
     7040,
     3696,
     7065
    ]
   }
  },
  {
   "type": "Feature",
   "geometry": {
    "type": "Polygon",
    "coordinates": [
     [
      [
       -82.4572306,
       27.9455006
      ],
      [
       -82.4572003,
       27.9455112
      ],
      [
       -82.4571937,
       27.945496
      ],
      [
       -82.4572239,
       27.9454855
      ],
      [
       -82.4572306,
       27.9455006
      ]
     ]
    ]
   },
   "properties": {
    "text": "20.",
    "id": 292,
    "tile": "r6c5",
    "rotation_view": 0,
    "in_block": true,
    "in_block_depth_px": 10,
    "surya_conf": null,
    "centre_map": [
     356642.476,
     3092019.406
    ],
    "map_epsg": 32617,
    "bbox_source_px": [
     5347,
     7060,
     5409,
     7095
    ]
   }
  },
  {
   "type": "Feature",
   "geometry": {
    "type": "Polygon",
    "coordinates": [
     [
      [
       -82.4573602,
       27.945454
      ],
      [
       -82.4573353,
       27.9454627
      ],
      [
       -82.4573284,
       27.9454471
      ],
      [
       -82.4573533,
       27.9454384
      ],
      [
       -82.4573602,
       27.945454
      ]
     ]
    ]
   },
   "properties": {
    "text": "19",
    "id": 322,
    "tile": "r6c4",
    "rotation_view": 0,
    "in_block": true,
    "in_block_depth_px": 10,
    "surya_conf": null,
    "centre_map": [
     356629.407,
     3092014.267
    ],
    "map_epsg": 32617,
    "bbox_source_px": [
     5080,
     7063,
     5131,
     7099
    ]
   }
  },
  {
   "type": "Feature",
   "geometry": {
    "type": "Polygon",
    "coordinates": [
     [
      [
       -82.4574791,
       27.9454101
      ],
      [
       -82.4574577,
       27.9454175
      ],
      [
       -82.4574514,
       27.9454032
      ],
      [
       -82.4574728,
       27.9453958
      ],
      [
       -82.4574791,
       27.9454101
      ]
     ]
    ]
   },
   "properties": {
    "text": "18",
    "id": 47,
    "tile": "r6c4",
    "rotation_view": 0,
    "in_block": true,
    "in_block_depth_px": 1,
    "surya_conf": null,
    "centre_map": [
     356617.447,
     3092009.547
    ],
    "map_epsg": 32617,
    "bbox_source_px": [
     4834,
     7068,
     4878,
     7101
    ]
   }
  },
  {
   "type": "Feature",
   "geometry": {
    "type": "Polygon",
    "coordinates": [
     [
      [
       -82.4575842,
       27.9453715
      ],
      [
       -82.4575588,
       27.9453803
      ],
      [
       -82.4575525,
       27.945366
      ],
      [
       -82.4575779,
       27.9453572
      ],
      [
       -82.4575842,
       27.9453715
      ]
     ]
    ]
   },
   "properties": {
    "text": "17",
    "id": 51,
    "tile": "r6c4",
    "rotation_view": 0,
    "in_block": false,
    "in_block_depth_px": -10,
    "surya_conf": null,
    "centre_map": [
     356607.255,
     3092005.47
    ],
    "map_epsg": 32617,
    "bbox_source_px": [
     4617,
     7072,
     4669,
     7105
    ]
   }
  },
  {
   "type": "Feature",
   "geometry": {
    "type": "Polygon",
    "coordinates": [
     [
      [
       -82.4582366,
       27.9451408
      ],
      [
       -82.458204,
       27.9451521
      ],
      [
       -82.4581978,
       27.9451383
      ],
      [
       -82.4582305,
       27.9451269
      ],
      [
       -82.4582366,
       27.9451408
      ]
     ]
    ]
   },
   "properties": {
    "text": "U.H.",
    "id": 379,
    "tile": "r6c3",
    "rotation_view": 0,
    "in_block": false,
    "in_block_depth_px": -101,
    "surya_conf": null,
    "centre_map": [
     356543.108,
     3091980.834
    ],
    "map_epsg": 32617,
    "bbox_source_px": [
     3276,
     7079,
     3343,
     7111
    ]
   }
  },
  {
   "type": "Feature",
   "geometry": {
    "type": "Polygon",
    "coordinates": [
     [
      [
       -82.4579898,
       27.9452252
      ],
      [
       -82.4579679,
       27.9452329
      ],
      [
       -82.4579622,
       27.9452199
      ],
      [
       -82.4579841,
       27.9452122
      ],
      [
       -82.4579898,
       27.9452252
      ]
     ]
    ]
   },
   "properties": {
    "text": "16",
    "id": 61,
    "tile": "r6c3",
    "rotation_view": 0,
    "in_block": false,
    "in_block_depth_px": -8,
    "surya_conf": null,
    "centre_map": [
     356566.952,
     3091989.748
    ],
    "map_epsg": 32617,
    "bbox_source_px": [
     3781,
     7082,
     3826,
     7112
    ]
   }
  },
  {
   "type": "Feature",
   "geometry": {
    "type": "Polygon",
    "coordinates": [
     [
      [
       -82.4581578,
       27.9451662
      ],
      [
       -82.4581344,
       27.9451744
      ],
      [
       -82.4581281,
       27.9451601
      ],
      [
       -82.4581515,
       27.9451519
      ],
      [
       -82.4581578,
       27.9451662
      ]
     ]
    ]
   },
   "properties": {
    "text": "16",
    "id": 164,
    "tile": "r6c3",
    "rotation_view": 0,
    "in_block": true,
    "in_block_depth_px": 9,
    "surya_conf": null,
    "centre_map": [
     356550.443,
     3091983.362
    ],
    "map_epsg": 32617,
    "bbox_source_px": [
     3436,
     7083,
     3484,
     7116
    ]
   }
  },
  {
   "type": "Feature",
   "geometry": {
    "type": "Polygon",
    "coordinates": [
     [
      [
       -82.4568972,
       27.9455992
      ],
      [
       -82.4568046,
       27.9456315
      ],
      [
       -82.4567977,
       27.9456159
      ],
      [
       -82.4568903,
       27.9455836
      ],
      [
       -82.4568972,
       27.9455992
      ]
     ]
    ]
   },
   "properties": {
    "text": "Map Division",
    "id": 409,
    "tile": "r6c5",
    "rotation_view": 0,
    "in_block": false,
    "in_block_depth_px": -435,
    "surya_conf": null,
    "centre_map": [
     356678.497,
     3092031.083
    ],
    "map_epsg": 32617,
    "bbox_source_px": [
     6017,
     7095,
     6207,
     7131
    ]
   }
  },
  {
   "type": "Feature",
   "geometry": {
    "type": "Polygon",
    "coordinates": [
     [
      [
       -82.4592619,
       27.9447492
      ],
      [
       -82.4590834,
       27.9448114
      ],
      [
       -82.4590741,
       27.9447902
      ],
      [
       -82.4592525,
       27.944728
      ],
      [
       -82.4592619,
       27.9447492
      ]
     ]
    ]
   },
   "properties": {
    "text": "Scale of Feet.",
    "id": 542,
    "tile": "r6c1",
    "rotation_view": 0,
    "in_block": false,
    "in_block_depth_px": -990,
    "surya_conf": null,
    "centre_map": [
     356449.076,
     3091940.976
    ],
    "map_epsg": 32617,
    "bbox_source_px": [
     1146,
     7148,
     1512,
     7197
    ]
   }
  },
  {
   "type": "Feature",
   "geometry": {
    "type": "Polygon",
    "coordinates": [
     [
      [
       -82.4569046,
       27.9455522
      ],
      [
       -82.4567603,
       27.9456025
      ],
      [
       -82.4567532,
       27.9455864
      ],
      [
       -82.4568975,
       27.9455362
      ],
      [
       -82.4569046,
       27.9455522
      ]
     ]
    ]
   },
   "properties": {
    "text": "Library of Congress",
    "id": 494,
    "tile": "r6c5",
    "rotation_view": 0,
    "in_block": false,
    "in_block_depth_px": -461,
    "surya_conf": null,
    "centre_map": [
     356680.274,
     3092026.824
    ],
    "map_epsg": 32617,
    "bbox_source_px": [
     5967,
     7184,
     6263,
     7221
    ]
   }
  },
  {
   "type": "Feature",
   "geometry": {
    "type": "Polygon",
    "coordinates": [
     [
      [
       -82.4580962,
       27.9451322
      ],
      [
       -82.4578807,
       27.9452073
      ],
      [
       -82.4578646,
       27.9451709
      ],
      [
       -82.4580801,
       27.9450959
      ],
      [
       -82.4580962,
       27.9451322
      ]
     ]
    ]
   },
   "properties": {
    "text": "WHITING",
    "id": 240,
    "tile": "r6c3",
    "rotation_view": 0,
    "in_block": false,
    "in_block_depth_px": -158,
    "surya_conf": null,
    "centre_map": [
     356566.427,
     3091981.891
    ],
    "map_epsg": 32617,
    "bbox_source_px": [
     3519,
     7194,
     3961,
     7278
    ]
   }
  },
  {
   "type": "Feature",
   "geometry": {
    "type": "Polygon",
    "coordinates": [
     [
      [
       -82.459032,
       27.9447993
      ],
      [
       -82.4590076,
       27.9448078
      ],
      [
       -82.4590024,
       27.9447961
      ],
      [
       -82.4590268,
       27.9447876
      ],
      [
       -82.459032,
       27.9447993
      ]
     ]
    ]
   },
   "properties": {
    "text": "100",
    "id": 179,
    "tile": "r6c1",
    "rotation_view": 0,
    "in_block": false,
    "in_block_depth_px": -728,
    "surya_conf": null,
    "centre_map": [
     356463.945,
     3091943.904
    ],
    "map_epsg": 32617,
    "bbox_source_px": [
     1594,
     7208,
     1644,
     7235
    ]
   }
  },
  {
   "type": "Feature",
   "geometry": {
    "type": "Polygon",
    "coordinates": [
     [
      [
       -82.4588918,
       27.9448487
      ],
      [
       -82.4588664,
       27.9448575
      ],
      [
       -82.4588613,
       27.9448458
      ],
      [
       -82.4588866,
       27.944837
      ],
      [
       -82.4588918,
       27.9448487
      ]
     ]
    ]
   },
   "properties": {
    "text": "150",
    "id": 176,
    "tile": "r6c1",
    "rotation_view": 0,
    "in_block": false,
    "in_block_depth_px": -468,
    "surya_conf": null,
    "centre_map": [
     356477.855,
     3091949.223
    ],
    "map_epsg": 32617,
    "bbox_source_px": [
     1882,
     7207,
     1934,
     7234
    ]
   }
  },
  {
   "type": "Feature",
   "geometry": {
    "type": "Polygon",
    "coordinates": [
     [
      [
       -82.459173,
       27.9447492
      ],
      [
       -82.4591535,
       27.944756
      ],
      [
       -82.4591487,
       27.9447452
      ],
      [
       -82.4591682,
       27.9447384
      ],
      [
       -82.459173,
       27.9447492
      ]
     ]
    ]
   },
   "properties": {
    "text": "50",
    "id": 339,
    "tile": "r6c1",
    "rotation_view": 0,
    "in_block": false,
    "in_block_depth_px": -1010,
    "surya_conf": null,
    "centre_map": [
     356449.747,
     3091938.475
    ],
    "map_epsg": 32617,
    "bbox_source_px": [
     1304,
     7210,
     1344,
     7235
    ]
   }
  },
  {
   "type": "Feature",
   "geometry": {
    "type": "Polygon",
    "coordinates": [
     [
      [
       -82.4593104,
       27.9446999
      ],
      [
       -82.4592997,
       27.9447036
      ],
      [
       -82.4592954,
       27.9446941
      ],
      [
       -82.4593062,
       27.9446903
      ],
      [
       -82.4593104,
       27.9446999
      ]
     ]
    ]
   },
   "properties": {
    "text": "0",
    "id": 210,
    "tile": "r6c0",
    "rotation_view": 0,
    "in_block": false,
    "in_block_depth_px": -1285,
    "surya_conf": null,
    "centre_map": [
     356435.702,
     3091933.077
    ],
    "map_epsg": 32617,
    "bbox_source_px": [
     1021,
     7213,
     1043,
     7235
    ]
   }
  },
  {
   "type": "Feature",
   "geometry": {
    "type": "Polygon",
    "coordinates": [
     [
      [
       -82.459455,
       27.944649
      ],
      [
       -82.459436,
       27.9446556
      ],
      [
       -82.4594314,
       27.9446452
      ],
      [
       -82.4594504,
       27.9446386
      ],
      [
       -82.459455,
       27.944649
      ]
     ]
    ]
   },
   "properties": {
    "text": "50",
    "id": 183,
    "tile": "r6c0",
    "rotation_view": 0,
    "in_block": false,
    "in_block_depth_px": -1560,
    "surya_conf": null,
    "centre_map": [
     356421.835,
     3091927.718
    ],
    "map_epsg": 32617,
    "bbox_source_px": [
     724,
     7214,
     763,
     7238
    ]
   }
  },
  {
   "type": "Feature",
   "geometry": {
    "type": "Polygon",
    "coordinates": [
     [
      [
       -82.459334,
       27.9446807
      ],
      [
       -82.4593223,
       27.9446847
      ],
      [
       -82.4593181,
       27.9446752
      ],
      [
       -82.4593298,
       27.9446711
      ],
      [
       -82.459334,
       27.9446807
      ]
     ]
    ]
   },
   "properties": {
    "text": "10",
    "id": 213,
    "tile": "r6c0",
    "rotation_view": 0,
    "in_block": false,
    "in_block_depth_px": -1345,
    "surya_conf": null,
    "centre_map": [
     356433.404,
     3091930.995
    ],
    "map_epsg": 32617,
    "bbox_source_px": [
     964,
     7235,
     988,
     7257
    ]
   }
  },
  {
   "type": "Feature",
   "geometry": {
    "type": "Polygon",
    "coordinates": [
     [
      [
       -82.4593931,
       27.9446591
      ],
      [
       -82.4593775,
       27.9446645
      ],
      [
       -82.4593736,
       27.9446559
      ],
      [
       -82.4593892,
       27.9446504
      ],
      [
       -82.4593931,
       27.9446591
      ]
     ]
    ]
   },
   "properties": {
    "text": "30",
    "id": 211,
    "tile": "r6c0",
    "rotation_view": 0,
    "in_block": false,
    "in_block_depth_px": -1457,
    "surya_conf": null,
    "centre_map": [
     356427.736,
     3091928.795
    ],
    "map_epsg": 32617,
    "bbox_source_px": [
     842,
     7237,
     874,
     7257
    ]
   }
  },
  {
   "type": "Feature",
   "geometry": {
    "type": "Polygon",
    "coordinates": [
     [
      [
       -82.4593643,
       27.9446691
      ],
      [
       -82.4593506,
       27.9446739
      ],
      [
       -82.4593468,
       27.9446652
      ],
      [
       -82.4593605,
       27.9446604
      ],
      [
       -82.4593643,
       27.9446691
      ]
     ]
    ]
   },
   "properties": {
    "text": "20",
    "id": 212,
    "tile": "r6c0",
    "rotation_view": 0,
    "in_block": false,
    "in_block_depth_px": -1403,
    "surya_conf": null,
    "centre_map": [
     356430.483,
     3091929.834
    ],
    "map_epsg": 32617,
    "bbox_source_px": [
     901,
     7237,
     929,
     7257
    ]
   }
  },
  {
   "type": "Feature",
   "geometry": {
    "type": "Polygon",
    "coordinates": [
     [
      [
       -82.4594203,
       27.9446481
      ],
      [
       -82.4594056,
       27.9446532
      ],
      [
       -82.4594018,
       27.9446445
      ],
      [
       -82.4594164,
       27.9446395
      ],
      [
       -82.4594203,
       27.9446481
      ]
     ]
    ]
   },
   "properties": {
    "text": "40",
    "id": 216,
    "tile": "r6c0",
    "rotation_view": 0,
    "in_block": false,
    "in_block_depth_px": -1513,
    "surya_conf": null,
    "centre_map": [
     356424.995,
     3091927.592
    ],
    "map_epsg": 32617,
    "bbox_source_px": [
     785,
     7240,
     815,
     7260
    ]
   }
  },
  {
   "type": "Feature",
   "geometry": {
    "type": "Polygon",
    "coordinates": [
     [
      [
       -82.4570806,
       27.945454
      ],
      [
       -82.4570499,
       27.9454646
      ],
      [
       -82.4570309,
       27.9454218
      ],
      [
       -82.4570617,
       27.9454111
      ],
      [
       -82.4570806,
       27.945454
      ]
     ]
    ]
   },
   "properties": {
    "text": "80'",
    "id": 348,
    "tile": "r6c5",
    "rotation_view": 0,
    "in_block": false,
    "in_block_depth_px": -258,
    "surya_conf": null,
    "centre_map": [
     356657.779,
     3092012.526
    ],
    "map_epsg": 32617,
    "bbox_source_px": [
     5577,
     7258,
     5640,
     7357
    ]
   }
  },
  {
   "type": "Feature",
   "geometry": {
    "type": "Polygon",
    "coordinates": [
     [
      [
       -82.4581,
       27.9450924
      ],
      [
       -82.4580741,
       27.9451014
      ],
      [
       -82.4580552,
       27.9450586
      ],
      [
       -82.458081,
       27.9450496
      ],
      [
       -82.4581,
       27.9450924
      ]
     ]
    ]
   },
   "properties": {
    "text": "80'",
    "id": 363,
    "tile": "r6c3",
    "rotation_view": 0,
    "in_block": false,
    "in_block_depth_px": -214,
    "surya_conf": null,
    "centre_map": [
     356556.763,
     3091973.578
    ],
    "map_epsg": 32617,
    "bbox_source_px": [
     3481,
     7271,
     3534,
     7370
    ]
   }
  },
  {
   "type": "Feature",
   "geometry": {
    "type": "Polygon",
    "coordinates": [
     [
      [
       -82.4567475,
       27.945511
      ],
      [
       -82.4567138,
       27.9455227
      ],
      [
       -82.4567001,
       27.9454916
      ],
      [
       -82.4567337,
       27.9454798
      ],
      [
       -82.4567475,
       27.945511
      ]
     ]
    ]
   },
   "properties": {
    "text": "H.R.G.",
    "id": 517,
    "tile": "r6c5",
    "rotation_view": 0,
    "in_block": false,
    "in_block_depth_px": -676,
    "surya_conf": null,
    "centre_map": [
     356690.529,
     3092019.163
    ],
    "map_epsg": 32617,
    "bbox_source_px": [
     6214,
     7376,
     6283,
     7448
    ]
   }
  },
  {
   "type": "Feature",
   "geometry": {
    "type": "Polygon",
    "coordinates": [
     [
      [
       -82.4567412,
       27.9455097
      ],
      [
       -82.4566944,
       27.945526
      ],
      [
       -82.456677,
       27.9454866
      ],
      [
       -82.4567238,
       27.9454703
      ],
      [
       -82.4567412,
       27.9455097
      ]
     ]
    ]
   },
   "properties": {
    "text": "5.10.89.",
    "id": 550,
    "tile": "r6c5",
    "rotation_view": 0,
    "in_block": false,
    "in_block_depth_px": -705,
    "surya_conf": null,
    "centre_map": [
     356691.962,
     3092018.796
    ],
    "map_epsg": 32617,
    "bbox_source_px": [
     6224,
     7383,
     6320,
     7474
    ]
   }
  },
  {
   "type": "Feature",
   "geometry": {
    "type": "Polygon",
    "coordinates": [
     [
      [
       -82.4582702,
       27.9449672
      ],
      [
       -82.4582546,
       27.9449726
      ],
      [
       -82.4582382,
       27.9449354
      ],
      [
       -82.4582538,
       27.94493
      ],
      [
       -82.4582702,
       27.9449672
      ]
     ]
    ]
   },
   "properties": {
    "text": "2024",
    "id": 527,
    "tile": "r6c2",
    "rotation_view": 0,
    "in_block": false,
    "in_block_depth_px": -483,
    "surya_conf": null,
    "centre_map": [
     356539.221,
     3091960.024
    ],
    "map_epsg": 32617,
    "bbox_source_px": [
     3080,
     7403,
     3112,
     7489
    ]
   }
  },
  {
   "type": "Feature",
   "geometry": {
    "type": "Polygon",
    "coordinates": [
     [
      [
       -82.4582391,
       27.9449591
      ],
      [
       -82.4582049,
       27.944971
      ],
      [
       -82.4581973,
       27.9449536
      ],
      [
       -82.4582314,
       27.9449418
      ],
      [
       -82.4582391,
       27.9449591
      ]
     ]
    ]
   },
   "properties": {
    "text": "Vac.",
    "id": 512,
    "tile": "r6c2",
    "rotation_view": 0,
    "in_block": false,
    "in_block_depth_px": -455,
    "surya_conf": null,
    "centre_map": [
     356542.772,
     3091960.542
    ],
    "map_epsg": 32617,
    "bbox_source_px": [
     3129,
     7441,
     3199,
     7481
    ]
   }
  },
  {
   "type": "Feature",
   "geometry": {
    "type": "Polygon",
    "coordinates": [
     [
      [
       -82.4572179,
       27.9453127
      ],
      [
       -82.4572028,
       27.945318
      ],
      [
       -82.4571984,
       27.945308
      ],
      [
       -82.4572135,
       27.9453028
      ],
      [
       -82.4572179,
       27.9453127
      ]
     ]
    ]
   },
   "properties": {
    "text": "e",
    "id": 497,
    "tile": "r6c4",
    "rotation_view": 0,
    "in_block": false,
    "in_block_depth_px": -387,
    "surya_conf": null,
    "centre_map": [
     356642.617,
     3091998.578
    ],
    "map_epsg": 32617,
    "bbox_source_px": [
     5222,
     7445,
     5253,
     7468
    ]
   }
  },
  {
   "type": "Feature",
   "geometry": {
    "type": "Polygon",
    "coordinates": [
     [
      [
       -82.4572639,
       27.9452947
      ],
      [
       -82.4572469,
       27.9453006
      ],
      [
       -82.4572425,
       27.9452907
      ],
      [
       -82.4572595,
       27.9452847
      ],
      [
       -82.4572639,
       27.9452947
      ]
     ]
    ]
   },
   "properties": {
    "text": "r",
    "id": 501,
    "tile": "r6c4",
    "rotation_view": 0,
    "in_block": false,
    "in_block_depth_px": -370,
    "surya_conf": null,
    "centre_map": [
     356638.16,
     3091996.671
    ],
    "map_epsg": 32617,
    "bbox_source_px": [
     5126,
     7449,
     5161,
     7472
    ]
   }
  },
  {
   "type": "Feature",
   "geometry": {
    "type": "Polygon",
    "coordinates": [
     [
      [
       -82.4579671,
       27.9450488
      ],
      [
       -82.4579334,
       27.9450605
      ],
      [
       -82.457925,
       27.9450415
      ],
      [
       -82.4579587,
       27.9450298
      ],
      [
       -82.4579671,
       27.9450488
      ]
     ]
    ]
   },
   "properties": {
    "text": "A",
    "id": 533,
    "tile": "r6c3",
    "rotation_view": 0,
    "in_block": false,
    "in_block_depth_px": -392,
    "surya_conf": null,
    "centre_map": [
     356569.665,
     3091970.059
    ],
    "map_epsg": 32617,
    "bbox_source_px": [
     3683,
     7451,
     3752,
     7495
    ]
   }
  },
  {
   "type": "Feature",
   "geometry": {
    "type": "Polygon",
    "coordinates": [
     [
      [
       -82.4573811,
       27.9452529
      ],
      [
       -82.4573655,
       27.9452583
      ],
      [
       -82.4573603,
       27.9452466
      ],
      [
       -82.4573759,
       27.9452412
      ],
      [
       -82.4573811,
       27.9452529
      ]
     ]
    ]
   },
   "properties": {
    "text": "s",
    "id": 508,
    "tile": "r6c4",
    "rotation_view": 0,
    "in_block": false,
    "in_block_depth_px": -379,
    "surya_conf": null,
    "centre_map": [
     356626.546,
     3091992.055
    ],
    "map_epsg": 32617,
    "bbox_source_px": [
     4885,
     7451,
     4917,
     7478
    ]
   }
  },
  {
   "type": "Feature",
   "geometry": {
    "type": "Polygon",
    "coordinates": [
     [
      [
       -82.4575849,
       27.9451809
      ],
      [
       -82.4575596,
       27.9451897
      ],
      [
       -82.4575535,
       27.9451759
      ],
      [
       -82.4575788,
       27.945167
      ],
      [
       -82.4575849,
       27.9451809
      ]
     ]
    ]
   },
   "properties": {
    "text": "x",
    "id": 523,
    "tile": "r6c4",
    "rotation_view": 0,
    "in_block": false,
    "in_block_depth_px": -402,
    "surya_conf": null,
    "centre_map": [
     356606.918,
     3091984.378
    ],
    "map_epsg": 32617,
    "bbox_source_px": [
     4466,
     7453,
     4518,
     7485
    ]
   }
  },
  {
   "type": "Feature",
   "geometry": {
    "type": "Polygon",
    "coordinates": [
     [
      [
       -82.4573227,
       27.9452722
      ],
      [
       -82.4573027,
       27.9452792
      ],
      [
       -82.4572979,
       27.9452684
      ],
      [
       -82.4573179,
       27.9452614
      ],
      [
       -82.4573227,
       27.9452722
      ]
     ]
    ]
   },
   "properties": {
    "text": "n",
    "id": 509,
    "tile": "r6c4",
    "rotation_view": 0,
    "in_block": false,
    "in_block_depth_px": -381,
    "surya_conf": null,
    "centre_map": [
     356632.517,
     3091994.259
    ],
    "map_epsg": 32617,
    "bbox_source_px": [
     5004,
     7453,
     5045,
     7478
    ]
   }
  },
  {
   "type": "Feature",
   "geometry": {
    "type": "Polygon",
    "coordinates": [
     [
      [
       -82.4574354,
       27.945232
      ],
      [
       -82.4574178,
       27.9452381
      ],
      [
       -82.4574129,
       27.9452268
      ],
      [
       -82.4574304,
       27.9452207
      ],
      [
       -82.4574354,
       27.945232
      ]
     ]
    ]
   },
   "properties": {
    "text": "o",
    "id": 515,
    "tile": "r6c4",
    "rotation_view": 0,
    "in_block": false,
    "in_block_depth_px": -386,
    "surya_conf": null,
    "centre_map": [
     356621.261,
     3091989.862
    ],
    "map_epsg": 32617,
    "bbox_source_px": [
     4772,
     7455,
     4808,
     7481
    ]
   }
  },
  {
   "type": "Feature",
   "geometry": {
    "type": "Polygon",
    "coordinates": [
     [
      [
       -82.4578965,
       27.9450699
      ],
      [
       -82.4578809,
       27.9450753
      ],
      [
       -82.457875,
       27.9450619
      ],
      [
       -82.4578906,
       27.9450565
      ],
      [
       -82.4578965,
       27.9450699
      ]
     ]
    ]
   },
   "properties": {
    "text": "0",
    "id": 528,
    "tile": "r6c3",
    "rotation_view": 0,
    "in_block": false,
    "in_block_depth_px": -383,
    "surya_conf": null,
    "centre_map": [
     356575.626,
     3091972.287
    ],
    "map_epsg": 32617,
    "bbox_source_px": [
     3825,
     7458,
     3857,
     7489
    ]
   }
  },
  {
   "type": "Feature",
   "geometry": {
    "type": "Polygon",
    "coordinates": [
     [
      [
       -82.4575026,
       27.9452071
      ],
      [
       -82.4574787,
       27.9452154
      ],
      [
       -82.4574712,
       27.9451985
      ],
      [
       -82.4574951,
       27.9451902
      ],
      [
       -82.4575026,
       27.9452071
      ]
     ]
    ]
   },
   "properties": {
    "text": "p",
    "id": 535,
    "tile": "r6c4",
    "rotation_view": 0,
    "in_block": false,
    "in_block_depth_px": -396,
    "surya_conf": null,
    "centre_map": [
     356615.049,
     3091986.987
    ],
    "map_epsg": 32617,
    "bbox_source_px": [
     4633,
     7458,
     4682,
     7497
    ]
   }
  },
  {
   "type": "Feature",
   "geometry": {
    "type": "Polygon",
    "coordinates": [
     [
      [
       -82.457637,
       27.9451588
      ],
      [
       -82.457621,
       27.9451644
      ],
      [
       -82.4576158,
       27.9451527
      ],
      [
       -82.4576319,
       27.9451471
      ],
      [
       -82.457637,
       27.9451588
      ]
     ]
    ]
   },
   "properties": {
    "text": "e",
    "id": 525,
    "tile": "r6c4",
    "rotation_view": 0,
    "in_block": false,
    "in_block_depth_px": -419,
    "surya_conf": null,
    "centre_map": [
     356601.259,
     3091981.933
    ],
    "map_epsg": 32617,
    "bbox_source_px": [
     4356,
     7461,
     4389,
     7488
    ]
   }
  },
  {
   "type": "Feature",
   "geometry": {
    "type": "Polygon",
    "coordinates": [
     [
      [
       -82.4582304,
       27.9449406
      ],
      [
       -82.4582211,
       27.9449439
      ],
      [
       -82.4582179,
       27.9449365
      ],
      [
       -82.4582271,
       27.9449333
      ],
      [
       -82.4582304,
       27.9449406
      ]
     ]
    ]
   },
   "properties": {
    "text": "x",
    "id": 540,
    "tile": "r6c2",
    "rotation_view": 0,
    "in_block": false,
    "in_block_depth_px": -494,
    "surya_conf": null,
    "centre_map": [
     356542.166,
     3091958.577
    ],
    "map_epsg": 32617,
    "bbox_source_px": [
     3130,
     7484,
     3149,
     7501
    ]
   }
  }
 ]
}