{
 "type": "FeatureCollection",
 "crs_note": "Coordinates are pixels on the source scan (origin top-left, y down); fim_georef.py writes <stem>_outlines_wgs84.geojson",
 "note": "enclosed outlines inside the traced blocks (footprints, yards, courtyards — the plan's linework, not classified); text_inside = OCR tokens whose centre lies inside, in reading order; numerals_inside / words_inside = the same split by regex; floors = null unless --floors single-numeral-1-3 (Sanborn): then the single numeral inside when it reads 1 to 3 inclusive (1½ -> 1.5); a field for a person to fill otherwise; wash_rgb / wash_chroma / wash_lightness_delta / hue_deg = the measured colour inside the outline relative to the paper; material = that colour looked up in the key given with --legend (colour words or calibrated hue ranges), else null; block_id links to <stem>_blocks_px.geojson",
 "paper_chroma": 4.1,
 "paper_lightness": 234.0,
 "legend": null,
 "source_image": "data/Sanborn_Hillsborough-County/1889/01352_1889-0003.png",
 "source_size": {
  "w": 6450,
  "h": 7650
 },
 "from_run": "runs/hunyuan/Sanborn_Hillsborough-County/1889/0003",
 "params": {
  "outline_min_frac": 8e-05,
  "outline_max_share": 0.6,
  "floors": "off"
 },
 "generated_utc": "2026-09-18T16:03:31.832795+00:00",
 "features": [
  {
   "type": "Feature",
   "id": 0,
   "geometry": {
    "type": "Polygon",
    "coordinates": [
     [
      [
       5308,
       303
      ],
      [
       5315,
       360
      ],
      [
       5362,
       405
      ],
      [
       5450,
       433
      ],
      [
       5592,
       452
      ],
      [
       5724,
       441
      ],
      [
       5850,
       407
      ],
      [
       5904,
       377
      ],
      [
       5932,
       327
      ],
      [
       5928,
       275
      ],
      [
       5893,
       228
      ],
      [
       5805,
       198
      ],
      [
       5689,
       181
      ],
      [
       5547,
       185
      ],
      [
       5411,
       213
      ],
      [
       5347,
       239
      ],
      [
       5327,
       260
      ],
      [
       5308,
       303
      ]
     ]
    ]
   },
   "properties": {
    "sheet": "01352_1889-0003",
    "outline_id": "01352_1889-0003:block:fid0:outline0",
    "block_id": "01352_1889-0003:block:fid0",
    "block_fid": 0,
    "block_number": null,
    "text_inside": [
     "APRIL 1889",
     "TAMPA",
     "FLA."
    ],
    "numerals_inside": [],
    "words_inside": [
     "APRIL 1889",
     "TAMPA",
     "FLA."
    ],
    "floors": null,
    "wash_rgb": [
     225,
     223,
     215
    ],
    "wash_chroma": 0.3,
    "wash_lightness_delta": -7.2,
    "hue_deg": 48,
    "material": null,
    "area_source_px2": 134839,
    "centroid_source_px": [
     5622,
     322
    ]
   }
  },
  {
   "type": "Feature",
   "id": 1,
   "geometry": {
    "type": "Polygon",
    "coordinates": [
     [
      [
       5414,
       753
      ],
      [
       5414,
       842
      ],
      [
       5426,
       842
      ],
      [
       5429,
       829
      ],
      [
       5441,
       844
      ],
      [
       5581,
       837
      ],
      [
       5581,
       827
      ],
      [
       5566,
       826
      ],
      [
       5562,
       816
      ],
      [
       5579,
       811
      ],
      [
       5579,
       755
      ],
      [
       5564,
       756
      ],
      [
       5564,
       743
      ],
      [
       5439,
       741
      ],
      [
       5429,
       760
      ],
      [
       5424,
       751
      ],
      [
       5414,
       753
      ]
     ]
    ]
   },
   "properties": {
    "sheet": "01352_1889-0003",
    "outline_id": "01352_1889-0003:block:3:outline1",
    "block_id": "01352_1889-0003:block:3",
    "block_fid": 1,
    "block_number": "3",
    "text_inside": [
     "Tobac.",
     "x"
    ],
    "numerals_inside": [],
    "words_inside": [
     "Tobac."
    ],
    "floors": null,
    "wash_rgb": [
     227,
     221,
     191
    ],
    "wash_chroma": 11.6,
    "wash_lightness_delta": -9.4,
    "hue_deg": 50,
    "material": null,
    "area_source_px2": 15470,
    "centroid_source_px": [
     5496,
     795
    ]
   }
  },
  {
   "type": "Feature",
   "id": 2,
   "geometry": {
    "type": "Polygon",
    "coordinates": [
     [
      [
       5581,
       850
      ],
      [
       5349,
       852
      ],
      [
       5338,
       743
      ],
      [
       4395,
       760
      ],
      [
       4397,
       1193
      ],
      [
       4654,
       1195
      ],
      [
       4662,
       1283
      ],
      [
       4679,
       1283
      ],
      [
       4686,
       1270
      ],
      [
       4774,
       1272
      ],
      [
       4779,
       1285
      ],
      [
       4776,
       1375
      ],
      [
       4686,
       1376
      ],
      [
       4664,
       1367
      ],
      [
       4656,
       1376
      ],
      [
       4398,
       1384
      ],
      [
       4402,
       1974
      ],
      [
       4703,
       1974
      ],
      [
       4705,
       1806
      ],
      [
       4792,
       1804
      ],
      [
       4800,
       1797
      ],
      [
       4882,
       1799
      ],
      [
       4884,
       1967
      ],
      [
       4905,
       1969
      ],
      [
       4910,
       1729
      ],
      [
       5060,
       1733
      ],
      [
       5060,
       1937
      ],
      [
       5067,
       1967
      ],
      [
       5153,
       1961
      ],
      [
       5157,
       1838
      ],
      [
       5394,
       1832
      ],
      [
       5390,
       1810
      ],
      [
       5112,
       1814
      ],
      [
       5108,
       1916
      ],
      [
       5086,
       1918
      ],
      [
       5080,
       1535
      ],
      [
       5325,
       1533
      ],
      [
       5336,
       1511
      ],
      [
       5588,
       1502
      ],
      [
       5582,
       1494
      ],
      [
       5164,
       1500
      ],
      [
       5160,
       1474
      ],
      [
       5173,
       1481
      ],
      [
       5196,
       1468
      ],
      [
       5194,
       1363
      ],
      [
       5183,
       1362
      ],
      [
       5166,
       1384
      ],
      [
       5157,
       1356
      ],
      [
       5586,
       1343
      ],
      [
       5581,
       850
      ]
     ]
    ]
   },
   "properties": {
    "sheet": "01352_1889-0003",
    "outline_id": "01352_1889-0003:block:3:outline2",
    "block_id": "01352_1889-0003:block:3",
    "block_fid": 1,
    "block_number": "3",
    "text_inside": [
     "2",
     "x",
     "3",
     "1",
     "1"
    ],
    "numerals_inside": [
     "2",
     "3",
     "1",
     "1"
    ],
    "words_inside": [],
    "floors": null,
    "wash_rgb": [
     233,
     231,
     223
    ],
    "wash_chroma": 0.2,
    "wash_lightness_delta": 0.1,
    "hue_deg": 48,
    "material": null,
    "area_source_px2": 1024000,
    "centroid_source_px": [
     4885,
     1251
    ]
   }
  },
  {
   "type": "Feature",
   "id": 3,
   "geometry": {
    "type": "Polygon",
    "coordinates": [
     [
      [
       3156,
       771
      ],
      [
       2744,
       773
      ],
      [
       2732,
       809
      ],
      [
       2703,
       811
      ],
      [
       2704,
       1339
      ],
      [
       2725,
       1335
      ],
      [
       2731,
       1358
      ],
      [
       2925,
       1356
      ],
      [
       2932,
       1350
      ],
      [
       2934,
       1225
      ],
      [
       2945,
       1249
      ],
      [
       3076,
       1248
      ],
      [
       3087,
       1227
      ],
      [
       3108,
       1229
      ],
      [
       3104,
       1177
      ],
      [
       3091,
       1182
      ],
      [
       3085,
       1165
      ],
      [
       3014,
       1164
      ],
      [
       3076,
       1160
      ],
      [
       3087,
       1141
      ],
      [
       3104,
       1158
      ],
      [
       3104,
       1104
      ],
      [
       3095,
       1106
      ],
      [
       3084,
       1126
      ],
      [
       3084,
       1096
      ],
      [
       2942,
       1096
      ],
      [
       2936,
       1111
      ],
      [
       2929,
       1111
      ],
      [
       2927,
       966
      ],
      [
       3132,
       962
      ],
      [
       3108,
       971
      ],
      [
       3108,
       1001
      ],
      [
       3125,
       1001
      ],
      [
       3117,
       1023
      ],
      [
       3141,
       1022
      ],
      [
       3147,
       1005
      ],
      [
       3162,
       1001
      ],
      [
       3162,
       971
      ],
      [
       3145,
       966
      ],
      [
       3162,
       956
      ],
      [
       3156,
       771
      ]
     ]
    ]
   },
   "properties": {
    "sheet": "01352_1889-0003",
    "outline_id": "01352_1889-0003:block:2:outline3",
    "block_id": "01352_1889-0003:block:2",
    "block_fid": 2,
    "block_number": "2",
    "text_inside": [
     "THE PLANT HO.",
     "1",
     "x",
     "1",
     "x",
     "KITCHEN.",
     "x",
     "x"
    ],
    "numerals_inside": [
     "1",
     "1"
    ],
    "words_inside": [
     "THE PLANT HO.",
     "KITCHEN."
    ],
    "floors": null,
    "wash_rgb": [
     230,
     223,
     190
    ],
    "wash_chroma": 13.0,
    "wash_lightness_delta": -7.6,
    "hue_deg": 50,
    "material": null,
    "area_source_px2": 201591,
    "centroid_source_px": [
     2887,
     1040
    ]
   }
  },
  {
   "type": "Feature",
   "id": 4,
   "geometry": {
    "type": "Polygon",
    "coordinates": [
     [
      [
       2011,
       837
      ],
      [
       2004,
       1182
      ],
      [
       2088,
       1190
      ],
      [
       2004,
       1197
      ],
      [
       2008,
       1640
      ],
      [
       2097,
       1645
      ],
      [
       2008,
       1653
      ],
      [
       2008,
       1870
      ],
      [
       2025,
       1868
      ],
      [
       2023,
       1853
      ],
      [
       2038,
       1847
      ],
      [
       2041,
       1853
      ],
      [
       2026,
       1873
      ],
      [
       2032,
       1881
      ],
      [
       2152,
       1883
      ],
      [
       2172,
       1877
      ],
      [
       2176,
       1856
      ],
      [
       2187,
       1860
      ],
      [
       2185,
       1877
      ],
      [
       2198,
       1883
      ],
      [
       2206,
       1651
      ],
      [
       2120,
       1645
      ],
      [
       2204,
       1640
      ],
      [
       2206,
       1195
      ],
      [
       2176,
       1195
      ],
      [
       2174,
       1231
      ],
      [
       2193,
       1246
      ],
      [
       2193,
       1257
      ],
      [
       2174,
       1270
      ],
      [
       2176,
       1292
      ],
      [
       2163,
       1306
      ],
      [
       2178,
       1324
      ],
      [
       2161,
       1330
      ],
      [
       2180,
       1350
      ],
      [
       2178,
       1363
      ],
      [
       2142,
       1337
      ],
      [
       2142,
       1317
      ],
      [
       2157,
       1315
      ],
      [
       2159,
       1257
      ],
      [
       2144,
       1251
      ],
      [
       2161,
       1246
      ],
      [
       2165,
       1220
      ],
      [
       2148,
       1214
      ],
      [
       2140,
       1193
      ],
      [
       2118,
       1190
      ],
      [
       2148,
       1184
      ],
      [
       2144,
       1171
      ],
      [
       2155,
       1165
      ],
      [
       2165,
       1180
      ],
      [
       2187,
       1186
      ],
      [
       2193,
       1179
      ],
      [
       2185,
       1165
      ],
      [
       2206,
       1158
      ],
      [
       2208,
       857
      ],
      [
       2198,
       855
      ],
      [
       2185,
       870
      ],
      [
       2196,
       846
      ],
      [
       2191,
       837
      ],
      [
       2011,
       837
      ]
     ]
    ]
   },
   "properties": {
    "sheet": "01352_1889-0003",
    "outline_id": "01352_1889-0003:block:fid3:outline4",
    "block_id": "01352_1889-0003:block:fid3",
    "block_fid": 3,
    "block_number": null,
    "text_inside": [
     "1",
     "Freight M.Ho."
    ],
    "numerals_inside": [
     "1"
    ],
    "words_inside": [
     "Freight M.Ho."
    ],
    "floors": null,
    "wash_rgb": [
     230,
     223,
     189
    ],
    "wash_chroma": 14.1,
    "wash_lightness_delta": -7.1,
    "hue_deg": 50,
    "material": null,
    "area_source_px2": 198917,
    "centroid_source_px": [
     2102,
     1349
    ]
   }
  },
  {
   "type": "Feature",
   "id": 5,
   "geometry": {
    "type": "Polygon",
    "coordinates": [
     [
      [
       1993,
       837
      ],
      [
       1972,
       867
      ],
      [
       1959,
       868
      ],
      [
       1967,
       904
      ],
      [
       1935,
       910
      ],
      [
       1937,
       934
      ],
      [
       1954,
       938
      ],
      [
       1967,
       930
      ],
      [
       1967,
       956
      ],
      [
       1950,
       960
      ],
      [
       1950,
       981
      ],
      [
       1967,
       982
      ],
      [
       1965,
       1010
      ],
      [
       1950,
       1012
      ],
      [
       1950,
       1037
      ],
      [
       1967,
       1040
      ],
      [
       1967,
       1066
      ],
      [
       1950,
       1070
      ],
      [
       1950,
       1093
      ],
      [
       1965,
       1094
      ],
      [
       1967,
       1117
      ],
      [
       1961,
       1122
      ],
      [
       1952,
       1109
      ],
      [
       1935,
       1111
      ],
      [
       1935,
       1128
      ],
      [
       1950,
       1134
      ],
      [
       1950,
       1152
      ],
      [
       1965,
       1154
      ],
      [
       1963,
       1179
      ],
      [
       1935,
       1179
      ],
      [
       1937,
       1207
      ],
      [
       1965,
       1207
      ],
      [
       1965,
       1233
      ],
      [
       1952,
       1233
      ],
      [
       1950,
       1249
      ],
      [
       1935,
       1251
      ],
      [
       1935,
       1285
      ],
      [
       1950,
       1287
      ],
      [
       1950,
       1313
      ],
      [
       1963,
       1311
      ],
      [
       1967,
       1320
      ],
      [
       1963,
       1337
      ],
      [
       1954,
       1320
      ],
      [
       1935,
       1324
      ],
      [
       1935,
       1356
      ],
      [
       1948,
       1356
      ],
      [
       1950,
       1367
      ],
      [
       1963,
       1365
      ],
      [
       1967,
       1375
      ],
      [
       1963,
       1404
      ],
      [
       1954,
       1393
      ],
      [
       1935,
       1399
      ],
      [
       1935,
       1423
      ],
      [
       1967,
       1436
      ],
      [
       1963,
       1472
      ],
      [
       1954,
       1459
      ],
      [
       1935,
       1461
      ],
      [
       1935,
       1487
      ],
      [
       1948,
       1487
      ],
      [
       1952,
       1503
      ],
      [
       1967,
       1503
      ],
      [
       1963,
       1526
      ],
      [
       1935,
       1530
      ],
      [
       1935,
       1558
      ],
      [
       1948,
       1558
      ],
      [
       1955,
       1569
      ],
      [
       1967,
       1565
      ],
      [
       1967,
       1586
      ],
      [
       1952,
       1588
      ],
      [
       1950,
       1610
      ],
      [
       1937,
       1614
      ],
      [
       1942,
       1644
      ],
      [
       1957,
       1642
      ],
      [
       1959,
       1625
      ],
      [
       1974,
       1617
      ],
      [
       1983,
       1621
      ],
      [
       1985,
       1642
      ],
      [
       2002,
       1638
      ],
      [
       2000,
       850
      ],
      [
       1993,
       837
      ]
     ]
    ]
   },
   "properties": {
    "sheet": "01352_1889-0003",
    "outline_id": "01352_1889-0003:block:fid3:outline5",
    "block_id": "01352_1889-0003:block:fid3",
    "block_fid": 3,
    "block_number": null,
    "text_inside": [
     "x"
    ],
    "numerals_inside": [],
    "words_inside": [],
    "floors": null,
    "wash_rgb": [
     229,
     221,
     185
    ],
    "wash_chroma": 14.9,
    "wash_lightness_delta": -9.3,
    "hue_deg": 50,
    "material": null,
    "area_source_px2": 38527,
    "centroid_source_px": [
     1976,
     1267
    ]
   }
  },
  {
   "type": "Feature",
   "id": 6,
   "geometry": {
    "type": "Polygon",
    "coordinates": [
     [
      [
       3700,
       915
      ],
      [
       3704,
       1061
      ],
      [
       3849,
       1063
      ],
      [
       3857,
       1038
      ],
      [
       3874,
       1040
      ],
      [
       3868,
       997
      ],
      [
       3842,
       1007
      ],
      [
       3831,
       986
      ],
      [
       3806,
       994
      ],
      [
       3788,
       988
      ],
      [
       3804,
       982
      ],
      [
       3804,
       964
      ],
      [
       3842,
       975
      ],
      [
       3857,
       956
      ],
      [
       3855,
       969
      ],
      [
       3870,
       973
      ],
      [
       3868,
       924
      ],
      [
       3857,
       928
      ],
      [
       3855,
       943
      ],
      [
       3846,
       945
      ],
      [
       3840,
       930
      ],
      [
       3825,
       945
      ],
      [
       3836,
       921
      ],
      [
       3829,
       910
      ],
      [
       3700,
       915
      ]
     ]
    ]
   },
   "properties": {
    "sheet": "01352_1889-0003",
    "outline_id": "01352_1889-0003:block:2:outline6",
    "block_id": "01352_1889-0003:block:2",
    "block_fid": 2,
    "block_number": "2",
    "text_inside": [
     "1/2",
     "Dny"
    ],
    "numerals_inside": [],
    "words_inside": [
     "Dny"
    ],
    "floors": null,
    "wash_rgb": [
     230,
     223,
     192
    ],
    "wash_chroma": 12.3,
    "wash_lightness_delta": -7.1,
    "hue_deg": 48,
    "material": null,
    "area_source_px2": 22046,
    "centroid_source_px": [
     3774,
     989
    ]
   }
  },
  {
   "type": "Feature",
   "id": 7,
   "geometry": {
    "type": "Polygon",
    "coordinates": [
     [
      [
       5144,
       1065
      ],
      [
       5093,
       1070
      ],
      [
       5095,
       1179
      ],
      [
       5102,
       1190
      ],
      [
       5134,
       1190
      ],
      [
       5145,
       1179
      ],
      [
       5144,
       1167
      ],
      [
       5166,
       1165
      ],
      [
       5164,
       1081
      ],
      [
       5155,
       1080
      ],
      [
       5144,
       1096
      ],
      [
       5144,
       1065
      ]
     ]
    ]
   },
   "properties": {
    "sheet": "01352_1889-0003",
    "outline_id": "01352_1889-0003:block:3:outline7",
    "block_id": "01352_1889-0003:block:3",
    "block_fid": 1,
    "block_number": "3",
    "text_inside": [
     "1",
     "x"
    ],
    "numerals_inside": [
     "1"
    ],
    "words_inside": [],
    "floors": null,
    "wash_rgb": [
     228,
     222,
     192
    ],
    "wash_chroma": 11.6,
    "wash_lightness_delta": -8.3,
    "hue_deg": 50,
    "material": null,
    "area_source_px2": 7735,
    "centroid_source_px": [
     5127,
     1127
    ]
   }
  },
  {
   "type": "Feature",
   "id": 8,
   "geometry": {
    "type": "Polygon",
    "coordinates": [
     [
      [
       5426,
       1126
      ],
      [
       5398,
       1117
      ],
      [
       5334,
       1122
      ],
      [
       5327,
       1111
      ],
      [
       5317,
       1121
      ],
      [
       5267,
       1122
      ],
      [
       5256,
       1115
      ],
      [
       5229,
       1124
      ],
      [
       5231,
       1229
      ],
      [
       5403,
       1227
      ],
      [
       5405,
       1205
      ],
      [
       5426,
       1207
      ],
      [
       5426,
       1126
      ]
     ]
    ]
   },
   "properties": {
    "sheet": "01352_1889-0003",
    "outline_id": "01352_1889-0003:block:3:outline8",
    "block_id": "01352_1889-0003:block:3",
    "block_fid": 1,
    "block_number": "3",
    "text_inside": [
     "HO.",
     "x"
    ],
    "numerals_inside": [],
    "words_inside": [
     "HO."
    ],
    "floors": null,
    "wash_rgb": [
     229,
     223,
     192
    ],
    "wash_chroma": 12.1,
    "wash_lightness_delta": -7.9,
    "hue_deg": 50,
    "material": null,
    "area_source_px2": 20584,
    "centroid_source_px": [
     5324,
     1178
    ]
   }
  },
  {
   "type": "Feature",
   "id": 9,
   "geometry": {
    "type": "Polygon",
    "coordinates": [
     [
      [
       4439,
       1225
      ],
      [
       4447,
       1242
      ],
      [
       4464,
       1248
      ],
      [
       4576,
       1242
      ],
      [
       4576,
       1257
      ],
      [
       4589,
       1264
      ],
      [
       4609,
       1233
      ],
      [
       4651,
       1242
      ],
      [
       4645,
       1205
      ],
      [
       4449,
       1203
      ],
      [
       4439,
       1225
      ]
     ]
    ]
   },
   "properties": {
    "sheet": "01352_1889-0003",
    "outline_id": "01352_1889-0003:block:3:outline9",
    "block_id": "01352_1889-0003:block:3",
    "block_fid": 1,
    "block_number": "3",
    "text_inside": [
     "CENTRAL HO."
    ],
    "numerals_inside": [],
    "words_inside": [
     "CENTRAL HO."
    ],
    "floors": null,
    "wash_rgb": [
     227,
     220,
     186
    ],
    "wash_chroma": 13.9,
    "wash_lightness_delta": -10.3,
    "hue_deg": 50,
    "material": null,
    "area_source_px2": 8360,
    "centroid_source_px": [
     4544,
     1224
    ]
   }
  },
  {
   "type": "Feature",
   "id": 10,
   "geometry": {
    "type": "Polygon",
    "coordinates": [
     [
      [
       4397,
       1274
      ],
      [
       4398,
       1371
      ],
      [
       4406,
       1376
      ],
      [
       4419,
       1371
      ],
      [
       4413,
       1352
      ],
      [
       4426,
       1354
      ],
      [
       4423,
       1365
      ],
      [
       4430,
       1375
      ],
      [
       4645,
       1371
      ],
      [
       4654,
       1332
      ],
      [
       4669,
       1343
      ],
      [
       4686,
       1337
      ],
      [
       4695,
       1369
      ],
      [
       4749,
       1369
      ],
      [
       4749,
       1347
      ],
      [
       4759,
       1347
      ],
      [
       4763,
       1360
      ],
      [
       4772,
       1358
      ],
      [
       4772,
       1296
      ],
      [
       4763,
       1294
      ],
      [
       4751,
       1313
      ],
      [
       4761,
       1287
      ],
      [
       4755,
       1279
      ],
      [
       4692,
       1281
      ],
      [
       4686,
       1319
      ],
      [
       4677,
       1304
      ],
      [
       4665,
       1317
      ],
      [
       4651,
       1311
      ],
      [
       4651,
       1270
      ],
      [
       4641,
       1264
      ],
      [
       4548,
       1264
      ],
      [
       4538,
       1272
      ],
      [
       4503,
       1266
      ],
      [
       4494,
       1274
      ],
      [
       4467,
       1264
      ],
      [
       4397,
       1274
      ]
     ]
    ]
   },
   "properties": {
    "sheet": "01352_1889-0003",
    "outline_id": "01352_1889-0003:block:3:outline10",
    "block_id": "01352_1889-0003:block:3",
    "block_fid": 1,
    "block_number": "3",
    "text_inside": [
     "1",
     "1",
     "x",
     "x",
     "x"
    ],
    "numerals_inside": [
     "1",
     "1"
    ],
    "words_inside": [],
    "floors": null,
    "wash_rgb": [
     229,
     222,
     189
    ],
    "wash_chroma": 13.2,
    "wash_lightness_delta": -8.3,
    "hue_deg": 50,
    "material": null,
    "area_source_px2": 34183,
    "centroid_source_px": [
     4565,
     1321
    ]
   }
  },
  {
   "type": "Feature",
   "id": 11,
   "geometry": {
    "type": "Polygon",
    "coordinates": [
     [
      [
       5586,
       1391
      ],
      [
       5551,
       1388
      ],
      [
       5566,
       1375
      ],
      [
       5558,
       1352
      ],
      [
       5209,
       1356
      ],
      [
       5201,
       1362
      ],
      [
       5201,
       1487
      ],
      [
       5216,
       1494
      ],
      [
       5564,
       1489
      ],
      [
       5571,
       1483
      ],
      [
       5568,
       1468
      ],
      [
       5586,
       1459
      ],
      [
       5586,
       1391
      ]
     ]
    ]
   },
   "properties": {
    "sheet": "01352_1889-0003",
    "outline_id": "01352_1889-0003:block:3:outline11",
    "block_id": "01352_1889-0003:block:3",
    "block_fid": 1,
    "block_number": "3",
    "text_inside": [
     "7",
     "Gro."
    ],
    "numerals_inside": [
     "7"
    ],
    "words_inside": [
     "Gro."
    ],
    "floors": null,
    "wash_rgb": [
     229,
     222,
     190
    ],
    "wash_chroma": 12.8,
    "wash_lightness_delta": -8.2,
    "hue_deg": 50,
    "material": null,
    "area_source_px2": 51336,
    "centroid_source_px": [
     5379,
     1423
    ]
   }
  },
  {
   "type": "Feature",
   "id": 12,
   "geometry": {
    "type": "Polygon",
    "coordinates": [
     [
      [
       4835,
       1404
      ],
      [
       4835,
       1528
      ],
      [
       4931,
       1530
      ],
      [
       4933,
       1414
      ],
      [
       4923,
       1412
      ],
      [
       4918,
       1429
      ],
      [
       4903,
       1421
      ],
      [
       4862,
       1425
      ],
      [
       4848,
       1421
      ],
      [
       4852,
       1399
      ],
      [
       4835,
       1404
      ]
     ]
    ]
   },
   "properties": {
    "sheet": "01352_1889-0003",
    "outline_id": "01352_1889-0003:block:3:outline12",
    "block_id": "01352_1889-0003:block:3",
    "block_fid": 1,
    "block_number": "3",
    "text_inside": [
     "1"
    ],
    "numerals_inside": [
     "1"
    ],
    "words_inside": [],
    "floors": null,
    "wash_rgb": [
     228,
     221,
     189
    ],
    "wash_chroma": 13.0,
    "wash_lightness_delta": -9.0,
    "hue_deg": 50,
    "material": null,
    "area_source_px2": 10538,
    "centroid_source_px": [
     4884,
     1476
    ]
   }
  },
  {
   "type": "Feature",
   "id": 13,
   "geometry": {
    "type": "Polygon",
    "coordinates": [
     [
      [
       5588,
       1546
      ],
      [
       5579,
       1545
      ],
      [
       5577,
       1560
      ],
      [
       5564,
       1569
      ],
      [
       5536,
       1554
      ],
      [
       5515,
       1565
      ],
      [
       5523,
       1556
      ],
      [
       5515,
       1535
      ],
      [
       5215,
       1539
      ],
      [
       5203,
       1554
      ],
      [
       5211,
       1571
      ],
      [
       5201,
       1589
      ],
      [
       5211,
       1597
      ],
      [
       5198,
       1604
      ],
      [
       5207,
       1623
      ],
      [
       5164,
       1599
      ],
      [
       5170,
       1586
      ],
      [
       5162,
       1573
      ],
      [
       5177,
       1571
      ],
      [
       5187,
       1541
      ],
      [
       5093,
       1541
      ],
      [
       5086,
       1565
      ],
      [
       5088,
       1673
      ],
      [
       5114,
       1679
      ],
      [
       5121,
       1668
      ],
      [
       5144,
       1679
      ],
      [
       5175,
       1677
      ],
      [
       5181,
       1625
      ],
      [
       5211,
       1642
      ],
      [
       5203,
       1655
      ],
      [
       5213,
       1668
      ],
      [
       5233,
       1653
      ],
      [
       5241,
       1657
      ],
      [
       5246,
       1677
      ],
      [
       5237,
       1688
      ],
      [
       5256,
       1694
      ],
      [
       5258,
       1713
      ],
      [
       5226,
       1709
      ],
      [
       5215,
       1692
      ],
      [
       5207,
       1701
      ],
      [
       5211,
       1733
      ],
      [
       5198,
       1737
      ],
      [
       5198,
       1754
      ],
      [
       5213,
       1771
      ],
      [
       5213,
       1806
      ],
      [
       5566,
       1802
      ],
      [
       5569,
       1784
      ],
      [
       5590,
       1776
      ],
      [
       5590,
       1679
      ],
      [
       5556,
       1675
      ],
      [
       5588,
       1666
      ],
      [
       5588,
       1546
      ]
     ]
    ]
   },
   "properties": {
    "sheet": "01352_1889-0003",
    "outline_id": "01352_1889-0003:block:3:outline13",
    "block_id": "01352_1889-0003:block:3",
    "block_fid": 1,
    "block_number": "3",
    "text_inside": [
     "1=3",
     "OPERa HO.",
     "Hardw",
     "Grocky",
     "2½",
     "2½"
    ],
    "numerals_inside": [
     "2½",
     "2½"
    ],
    "words_inside": [
     "OPERa HO.",
     "Hardw",
     "Grocky"
    ],
    "floors": null,
    "wash_rgb": [
     228,
     221,
     191
    ],
    "wash_chroma": 12.0,
    "wash_lightness_delta": -8.9,
    "hue_deg": 48,
    "material": null,
    "area_source_px2": 110461,
    "centroid_source_px": [
     5354,
     1664
    ]
   }
  },
  {
   "type": "Feature",
   "id": 14,
   "geometry": {
    "type": "Polygon",
    "coordinates": [
     [
      [
       2816,
       1548
      ],
      [
       2798,
       1582
      ],
      [
       2800,
       1672
      ],
      [
       2822,
       1677
      ],
      [
       2822,
       1698
      ],
      [
       2863,
       1698
      ],
      [
       2872,
       1666
      ],
      [
       2876,
       1703
      ],
      [
       2772,
       1709
      ],
      [
       2773,
       1819
      ],
      [
       2783,
       1821
      ],
      [
       2796,
       1806
      ],
      [
       2785,
       1827
      ],
      [
       2790,
       1836
      ],
      [
       2960,
       1836
      ],
      [
       2981,
       1815
      ],
      [
       2979,
       1828
      ],
      [
       2990,
       1834
      ],
      [
       2988,
       1550
      ],
      [
       2874,
       1548
      ],
      [
       2871,
       1647
      ],
      [
       2867,
       1550
      ],
      [
       2816,
       1548
      ]
     ]
    ]
   },
   "properties": {
    "sheet": "01352_1889-0003",
    "outline_id": "01352_1889-0003:block:2:outline14",
    "block_id": "01352_1889-0003:block:2",
    "block_fid": 2,
    "block_number": "2",
    "text_inside": [],
    "numerals_inside": [],
    "words_inside": [],
    "floors": null,
    "wash_rgb": [
     230,
     224,
     192
    ],
    "wash_chroma": 12.5,
    "wash_lightness_delta": -6.5,
    "hue_deg": 50,
    "material": null,
    "area_source_px2": 55484,
    "centroid_source_px": [
     2892,
     1698
    ]
   }
  },
  {
   "type": "Feature",
   "id": 15,
   "geometry": {
    "type": "Polygon",
    "coordinates": [
     [
      [
       1955,
       1644
      ],
      [
       1950,
       1677
      ],
      [
       1937,
       1679
      ],
      [
       1937,
       1698
      ],
      [
       1952,
       1701
      ],
      [
       1952,
       1737
      ],
      [
       1937,
       1741
      ],
      [
       1937,
       1757
      ],
      [
       1952,
       1761
      ],
      [
       1952,
       1802
      ],
      [
       1939,
       1806
      ],
      [
       1939,
       1842
      ],
      [
       1952,
       1843
      ],
      [
       1955,
       1879
      ],
      [
       1965,
       1877
      ],
      [
       1970,
       1842
      ],
      [
       1972,
       1860
      ],
      [
       1987,
       1862
      ],
      [
       1995,
       1883
      ],
      [
       2002,
       1877
      ],
      [
       2002,
       1653
      ],
      [
       1993,
       1651
      ],
      [
       1982,
       1670
      ],
      [
       1970,
       1672
      ],
      [
       1969,
       1653
      ],
      [
       1955,
       1644
      ]
     ]
    ]
   },
   "properties": {
    "sheet": "01352_1889-0003",
    "outline_id": "01352_1889-0003:block:fid3:outline15",
    "block_id": "01352_1889-0003:block:fid3",
    "block_fid": 3,
    "block_number": null,
    "text_inside": [
     "x"
    ],
    "numerals_inside": [],
    "words_inside": [],
    "floors": null,
    "wash_rgb": [
     229,
     222,
     188
    ],
    "wash_chroma": 13.7,
    "wash_lightness_delta": -8.4,
    "hue_deg": 50,
    "material": null,
    "area_source_px2": 11755,
    "centroid_source_px": [
     1976,
     1764
    ]
   }
  },
  {
   "type": "Feature",
   "id": 16,
   "geometry": {
    "type": "Polygon",
    "coordinates": [
     [
      [
       3522,
       1660
      ],
      [
       3507,
       1685
      ],
      [
       3494,
       1690
      ],
      [
       3496,
       1748
      ],
      [
       3515,
       1752
      ],
      [
       3511,
       1772
      ],
      [
       3547,
       1774
      ],
      [
       3556,
       1769
      ],
      [
       3558,
       1664
      ],
      [
       3522,
       1660
      ]
     ]
    ]
   },
   "properties": {
    "sheet": "01352_1889-0003",
    "outline_id": "01352_1889-0003:block:2:outline16",
    "block_id": "01352_1889-0003:block:2",
    "block_fid": 2,
    "block_number": "2",
    "text_inside": [
     "x"
    ],
    "numerals_inside": [],
    "words_inside": [],
    "floors": null,
    "wash_rgb": [
     229,
     223,
     190
    ],
    "wash_chroma": 12.8,
    "wash_lightness_delta": -7.9,
    "hue_deg": 50,
    "material": null,
    "area_source_px2": 5954,
    "centroid_source_px": [
     3529,
     1717
    ]
   }
  },
  {
   "type": "Feature",
   "id": 17,
   "geometry": {
    "type": "Polygon",
    "coordinates": [
     [
      [
       5177,
       1685
      ],
      [
       5144,
       1685
      ],
      [
       5132,
       1694
      ],
      [
       5134,
       1776
      ],
      [
       5114,
       1765
      ],
      [
       5119,
       1690
      ],
      [
       5088,
       1690
      ],
      [
       5089,
       1804
      ],
      [
       5185,
       1804
      ],
      [
       5164,
       1776
      ],
      [
       5183,
       1728
      ],
      [
       5177,
       1685
      ]
     ]
    ]
   },
   "properties": {
    "sheet": "01352_1889-0003",
    "outline_id": "01352_1889-0003:block:3:outline17",
    "block_id": "01352_1889-0003:block:3",
    "block_fid": 1,
    "block_number": "3",
    "text_inside": [
     "STAGE"
    ],
    "numerals_inside": [],
    "words_inside": [
     "STAGE"
    ],
    "floors": null,
    "wash_rgb": [
     226,
     221,
     193
    ],
    "wash_chroma": 10.7,
    "wash_lightness_delta": -9.5,
    "hue_deg": 50,
    "material": null,
    "area_source_px2": 8809,
    "centroid_source_px": [
     5133,
     1749
    ]
   }
  },
  {
   "type": "Feature",
   "id": 18,
   "geometry": {
    "type": "Polygon",
    "coordinates": [
     [
      [
       4934,
       1735
      ],
      [
       4914,
       1761
      ],
      [
       4916,
       1793
      ],
      [
       4944,
       1799
      ],
      [
       4916,
       1808
      ],
      [
       4916,
       1944
      ],
      [
       4933,
       1941
      ],
      [
       4929,
       1926
      ],
      [
       4942,
       1918
      ],
      [
       4942,
       1886
      ],
      [
       4959,
       1883
      ],
      [
       4955,
       1937
      ],
      [
       4968,
       1948
      ],
      [
       4975,
       1944
      ],
      [
       4985,
       1967
      ],
      [
       5017,
       1967
      ],
      [
       5020,
       1955
      ],
      [
       4996,
       1952
      ],
      [
       4996,
       1924
      ],
      [
       5009,
       1922
      ],
      [
       4996,
       1896
      ],
      [
       5011,
       1894
      ],
      [
       5005,
       1851
      ],
      [
       5020,
       1849
      ],
      [
       5026,
       1858
      ],
      [
       5020,
       1877
      ],
      [
       5028,
       1944
      ],
      [
       5048,
       1948
      ],
      [
       5052,
       1806
      ],
      [
       5013,
       1797
      ],
      [
       4981,
       1802
      ],
      [
       4974,
       1814
      ],
      [
       4959,
       1800
      ],
      [
       4970,
       1791
      ],
      [
       4970,
       1759
      ],
      [
       4947,
       1759
      ],
      [
       4951,
       1739
      ],
      [
       4934,
       1735
      ]
     ]
    ]
   },
   "properties": {
    "sheet": "01352_1889-0003",
    "outline_id": "01352_1889-0003:block:3:outline18",
    "block_id": "01352_1889-0003:block:3",
    "block_fid": 1,
    "block_number": "3",
    "text_inside": [
     "1",
     "x",
     "Tobacco",
     "D",
     "Vac.",
     "x"
    ],
    "numerals_inside": [
     "1"
    ],
    "words_inside": [
     "Tobacco",
     "Vac."
    ],
    "floors": null,
    "wash_rgb": [
     228,
     221,
     188
    ],
    "wash_chroma": 13.5,
    "wash_lightness_delta": -9.1,
    "hue_deg": 50,
    "material": null,
    "area_source_px2": 19391,
    "centroid_source_px": [
     4979,
     1850
    ]
   }
  },
  {
   "type": "Feature",
   "id": 19,
   "geometry": {
    "type": "Polygon",
    "coordinates": [
     [
      [
       3814,
       1802
      ],
      [
       3702,
       1806
      ],
      [
       3704,
       1939
      ],
      [
       3831,
       1935
      ],
      [
       3829,
       1862
      ],
      [
       3797,
       1879
      ],
      [
       3773,
       1879
      ],
      [
       3763,
       1866
      ],
      [
       3750,
       1875
      ],
      [
       3743,
       1864
      ],
      [
       3735,
       1879
      ],
      [
       3719,
       1875
      ],
      [
       3737,
       1855
      ],
      [
       3735,
       1842
      ],
      [
       3763,
       1840
      ],
      [
       3758,
       1855
      ],
      [
       3775,
       1862
      ],
      [
       3804,
       1860
      ],
      [
       3804,
       1843
      ],
      [
       3819,
       1855
      ],
      [
       3831,
       1845
      ],
      [
       3831,
       1819
      ],
      [
       3821,
       1817
      ],
      [
       3808,
       1834
      ],
      [
       3814,
       1802
      ]
     ]
    ]
   },
   "properties": {
    "sheet": "01352_1889-0003",
    "outline_id": "01352_1889-0003:block:2:outline19",
    "block_id": "01352_1889-0003:block:2",
    "block_fid": 2,
    "block_number": "2",
    "text_inside": [
     "Fruit",
     "x"
    ],
    "numerals_inside": [],
    "words_inside": [
     "Fruit"
    ],
    "floors": null,
    "wash_rgb": [
     228,
     221,
     189
    ],
    "wash_chroma": 12.8,
    "wash_lightness_delta": -9.0,
    "hue_deg": 50,
    "material": null,
    "area_source_px2": 14448,
    "centroid_source_px": [
     3761,
     1874
    ]
   }
  },
  {
   "type": "Feature",
   "id": 20,
   "geometry": {
    "type": "Polygon",
    "coordinates": [
     [
      [
       4718,
       1810
      ],
      [
       4714,
       1954
      ],
      [
       4735,
       1946
      ],
      [
       4731,
       1901
      ],
      [
       4744,
       1899
      ],
      [
       4731,
       1856
      ],
      [
       4759,
       1875
      ],
      [
       4751,
       1912
      ],
      [
       4759,
       1918
      ],
      [
       4757,
       1959
      ],
      [
       4764,
       1965
      ],
      [
       4789,
       1954
      ],
      [
       4785,
       1814
      ],
      [
       4718,
       1810
      ]
     ]
    ]
   },
   "properties": {
    "sheet": "01352_1889-0003",
    "outline_id": "01352_1889-0003:block:3:outline20",
    "block_id": "01352_1889-0003:block:3",
    "block_fid": 1,
    "block_number": "3",
    "text_inside": [
     "Meat",
     "x"
    ],
    "numerals_inside": [],
    "words_inside": [
     "Meat"
    ],
    "floors": null,
    "wash_rgb": [
     228,
     221,
     186
    ],
    "wash_chroma": 14.1,
    "wash_lightness_delta": -9.4,
    "hue_deg": 50,
    "material": null,
    "area_source_px2": 8330,
    "centroid_source_px": [
     4753,
     1872
    ]
   }
  },
  {
   "type": "Feature",
   "id": 21,
   "geometry": {
    "type": "Polygon",
    "coordinates": [
     [
      [
       3496,
       1843
      ],
      [
       3496,
       1924
      ],
      [
       3519,
       1922
      ],
      [
       3506,
       1944
      ],
      [
       3580,
       1948
      ],
      [
       3588,
       1927
      ],
      [
       3608,
       1927
      ],
      [
       3606,
       1840
      ],
      [
       3496,
       1843
      ]
     ]
    ]
   },
   "properties": {
    "sheet": "01352_1889-0003",
    "outline_id": "01352_1889-0003:block:2:outline21",
    "block_id": "01352_1889-0003:block:2",
    "block_fid": 2,
    "block_number": "2",
    "text_inside": [
     "OFF",
     "x"
    ],
    "numerals_inside": [],
    "words_inside": [
     "OFF"
    ],
    "floors": null,
    "wash_rgb": [
     228,
     222,
     190
    ],
    "wash_chroma": 12.6,
    "wash_lightness_delta": -8.6,
    "hue_deg": 50,
    "material": null,
    "area_source_px2": 10843,
    "centroid_source_px": [
     3552,
     1882
    ]
   }
  },
  {
   "type": "Feature",
   "id": 22,
   "geometry": {
    "type": "Polygon",
    "coordinates": [
     [
      [
       5590,
       1873
      ],
      [
       5562,
       1871
      ],
      [
       5534,
       1888
      ],
      [
       5538,
       1899
      ],
      [
       5562,
       1898
      ],
      [
       5523,
       1927
      ],
      [
       5512,
       1912
      ],
      [
       5414,
       1914
      ],
      [
       5431,
       1888
      ],
      [
       5444,
       1886
      ],
      [
       5442,
       1868
      ],
      [
       5472,
       1847
      ],
      [
       5467,
       1840
      ],
      [
       5343,
       1842
      ],
      [
       5334,
       1886
      ],
      [
       5325,
       1842
      ],
      [
       5164,
       1845
      ],
      [
       5159,
       1937
      ],
      [
       5190,
       1935
      ],
      [
       5211,
       1916
      ],
      [
       5220,
       1916
      ],
      [
       5228,
       1929
      ],
      [
       5259,
       1927
      ],
      [
       5284,
       1912
      ],
      [
       5293,
       1924
      ],
      [
       5306,
       1922
      ],
      [
       5327,
       1944
      ],
      [
       5336,
       1901
      ],
      [
       5343,
       1959
      ],
      [
       5569,
       1954
      ],
      [
       5571,
       1935
      ],
      [
       5590,
       1931
      ],
      [
       5590,
       1873
      ]
     ]
    ]
   },
   "properties": {
    "sheet": "01352_1889-0003",
    "outline_id": "01352_1889-0003:block:3:outline22",
    "block_id": "01352_1889-0003:block:3",
    "block_fid": 1,
    "block_number": "3",
    "text_inside": [
     "& Bancry",
     "X"
    ],
    "numerals_inside": [],
    "words_inside": [
     "& Bancry"
    ],
    "floors": null,
    "wash_rgb": [
     228,
     221,
     189
    ],
    "wash_chroma": 12.6,
    "wash_lightness_delta": -9.1,
    "hue_deg": 50,
    "material": null,
    "area_source_px2": 33741,
    "centroid_source_px": [
     5351,
     1898
    ]
   }
  },
  {
   "type": "Feature",
   "id": 23,
   "geometry": {
    "type": "Polygon",
    "coordinates": [
     [
      [
       1873,
       2406
      ],
      [
       1864,
       2404
      ],
      [
       1851,
       2422
      ],
      [
       1858,
       2398
      ],
      [
       1853,
       2391
      ],
      [
       1681,
       2409
      ],
      [
       1690,
       2514
      ],
      [
       1705,
       2519
      ],
      [
       1862,
       2501
      ],
      [
       1862,
       2484
      ],
      [
       1879,
       2478
      ],
      [
       1873,
       2406
      ]
     ]
    ]
   },
   "properties": {
    "sheet": "01352_1889-0003",
    "outline_id": "01352_1889-0003:block:fid5:outline23",
    "block_id": "01352_1889-0003:block:fid5",
    "block_fid": 5,
    "block_number": null,
    "text_inside": [
     "Hides.",
     "x"
    ],
    "numerals_inside": [],
    "words_inside": [
     "Hides."
    ],
    "floors": null,
    "wash_rgb": [
     226,
     220,
     189
    ],
    "wash_chroma": 11.8,
    "wash_lightness_delta": -10.3,
    "hue_deg": 50,
    "material": null,
    "area_source_px2": 20631,
    "centroid_source_px": [
     1771,
     2457
    ]
   }
  },
  {
   "type": "Feature",
   "id": 24,
   "geometry": {
    "type": "Polygon",
    "coordinates": [
     [
      [
       5575,
       2435
      ],
      [
       5426,
       2435
      ],
      [
       5424,
       2475
      ],
      [
       5396,
       2467
      ],
      [
       5403,
       2443
      ],
      [
       5398,
       2435
      ],
      [
       5297,
       2437
      ],
      [
       5291,
       2447
      ],
      [
       5314,
       2454
      ],
      [
       5312,
       2512
      ],
      [
       5299,
       2510
      ],
      [
       5284,
       2491
      ],
      [
       5289,
       2475
      ],
      [
       5280,
       2439
      ],
      [
       5233,
       2441
      ],
      [
       5233,
       2488
      ],
      [
       5252,
       2503
      ],
      [
       5233,
       2508
      ],
      [
       5241,
       2577
      ],
      [
       5235,
       2596
      ],
      [
       5258,
       2607
      ],
      [
       5250,
       2620
      ],
      [
       5235,
       2624
      ],
      [
       5235,
       2639
      ],
      [
       5269,
       2648
      ],
      [
       5237,
       2671
      ],
      [
       5237,
       2703
      ],
      [
       5263,
       2719
      ],
      [
       5390,
       2717
      ],
      [
       5237,
       2731
      ],
      [
       5239,
       2788
      ],
      [
       5258,
       2800
      ],
      [
       5256,
       2809
      ],
      [
       5239,
       2805
      ],
      [
       5239,
       2835
      ],
      [
       5274,
       2843
      ],
      [
       5241,
       2850
      ],
      [
       5241,
       2861
      ],
      [
       5258,
       2872
      ],
      [
       5258,
       2889
      ],
      [
       5274,
       2899
      ],
      [
       5241,
       2908
      ],
      [
       5244,
       2942
      ],
      [
       5265,
       2953
      ],
      [
       5437,
       2953
      ],
      [
       5459,
       2945
      ],
      [
       5452,
       2934
      ],
      [
       5413,
       2938
      ],
      [
       5407,
       2929
      ],
      [
       5433,
       2904
      ],
      [
       5433,
       2891
      ],
      [
       5455,
       2895
      ],
      [
       5442,
       2910
      ],
      [
       5452,
       2921
      ],
      [
       5478,
       2917
      ],
      [
       5482,
       2901
      ],
      [
       5474,
       2895
      ],
      [
       5497,
       2887
      ],
      [
       5487,
       2867
      ],
      [
       5467,
       2861
      ],
      [
       5469,
       2800
      ],
      [
       5504,
       2800
      ],
      [
       5498,
       2816
      ],
      [
       5506,
       2833
      ],
      [
       5541,
       2837
      ],
      [
       5521,
       2850
      ],
      [
       5528,
       2861
      ],
      [
       5562,
       2858
      ],
      [
       5571,
       2844
      ],
      [
       5558,
       2833
      ],
      [
       5579,
       2833
      ],
      [
       5575,
       2844
      ],
      [
       5582,
       2850
      ],
      [
       5594,
       2843
      ],
      [
       5599,
       2826
      ],
      [
       5592,
       2813
      ],
      [
       5612,
       2805
      ],
      [
       5609,
       2721
      ],
      [
       5581,
       2751
      ],
      [
       5581,
       2717
      ],
      [
       5431,
       2717
      ],
      [
       5444,
       2712
      ],
      [
       5442,
       2682
      ],
      [
       5461,
       2686
      ],
      [
       5480,
       2714
      ],
      [
       5517,
       2714
      ],
      [
       5525,
       2697
      ],
      [
       5582,
       2697
      ],
      [
       5592,
       2675
      ],
      [
       5610,
       2675
      ],
      [
       5609,
       2590
      ],
      [
       5592,
       2596
      ],
      [
       5594,
       2609
      ],
      [
       5569,
       2604
      ],
      [
       5582,
       2596
      ],
      [
       5577,
       2585
      ],
      [
       5590,
       2576
      ],
      [
       5586,
       2548
      ],
      [
       5607,
       2540
      ],
      [
       5605,
       2462
      ],
      [
       5573,
       2463
      ],
      [
       5582,
       2452
      ],
      [
       5575,
       2435
      ]
     ]
    ]
   },
   "properties": {
    "sheet": "01352_1889-0003",
    "outline_id": "01352_1889-0003:block:4:outline24",
    "block_id": "01352_1889-0003:block:4",
    "block_fid": 4,
    "block_number": "4",
    "text_inside": [
     "2",
     "OFF.",
     "x",
     "2",
     "16\"",
     "Banky",
     "8",
     "4",
     "16\"",
     "2",
     "3",
     "D",
     "N",
     "x"
    ],
    "numerals_inside": [
     "2",
     "2",
     "8",
     "4",
     "2",
     "3"
    ],
    "words_inside": [
     "OFF.",
     "Banky"
    ],
    "floors": null,
    "wash_rgb": [
     226,
     208,
     205
    ],
    "wash_chroma": 2.9,
    "wash_lightness_delta": -17.1,
    "hue_deg": 8,
    "material": null,
    "area_source_px2": 161607,
    "centroid_source_px": [
     5400,
     2678
    ]
   }
  },
  {
   "type": "Feature",
   "id": 25,
   "geometry": {
    "type": "Polygon",
    "coordinates": [
     [
      [
       5220,
       2437
      ],
      [
       5160,
       2443
      ],
      [
       5164,
       2869
      ],
      [
       5020,
       2871
      ],
      [
       5011,
       2734
      ],
      [
       4413,
       2749
      ],
      [
       4425,
       3483
      ],
      [
       4651,
       3483
      ],
      [
       4654,
       3530
      ],
      [
       4667,
       3536
      ],
      [
       4662,
       3558
      ],
      [
       4669,
       3573
      ],
      [
       4682,
       3575
      ],
      [
       4697,
       3550
      ],
      [
       4714,
       3547
      ],
      [
       4731,
       3577
      ],
      [
       4656,
       3584
      ],
      [
       4656,
       3640
      ],
      [
       4664,
       3657
      ],
      [
       5246,
       3646
      ],
      [
       5241,
       3349
      ],
      [
       5215,
       3343
      ],
      [
       5215,
       3274
      ],
      [
       5241,
       3268
      ],
      [
       5239,
       3102
      ],
      [
       5211,
       3095
      ],
      [
       5209,
       3035
      ],
      [
       5237,
       3024
      ],
      [
       5228,
       2443
      ],
      [
       5220,
       2437
      ]
     ]
    ]
   },
   "properties": {
    "sheet": "01352_1889-0003",
    "outline_id": "01352_1889-0003:block:4:outline25",
    "block_id": "01352_1889-0003:block:4",
    "block_fid": 4,
    "block_number": "4",
    "text_inside": [
     "TANK.",
     "x"
    ],
    "numerals_inside": [],
    "words_inside": [
     "TANK."
    ],
    "floors": null,
    "wash_rgb": [
     233,
     231,
     224
    ],
    "wash_chroma": -0.2,
    "wash_lightness_delta": 0.2,
    "hue_deg": 46,
    "material": null,
    "area_source_px2": 702744,
    "centroid_source_px": [
     4863,
     3192
    ]
   }
  },
  {
   "type": "Feature",
   "id": 26,
   "geometry": {
    "type": "Polygon",
    "coordinates": [
     [
      [
       4983,
       2441
      ],
      [
       4921,
       2441
      ],
      [
       4914,
       2462
      ],
      [
       4903,
       2441
      ],
      [
       4850,
       2441
      ],
      [
       4826,
       2467
      ],
      [
       4830,
       2447
      ],
      [
       4813,
       2447
      ],
      [
       4813,
       2519
      ],
      [
       4826,
       2529
      ],
      [
       4884,
       2527
      ],
      [
       4867,
       2546
      ],
      [
       4843,
       2546
      ],
      [
       4834,
       2536
      ],
      [
       4815,
       2546
      ],
      [
       4815,
       2568
      ],
      [
       4839,
       2572
      ],
      [
       4815,
       2590
      ],
      [
       4819,
       2729
      ],
      [
       4847,
       2731
      ],
      [
       4862,
       2714
      ],
      [
       4877,
       2729
      ],
      [
       4908,
       2729
      ],
      [
       4916,
       2704
      ],
      [
       4925,
       2729
      ],
      [
       4955,
       2727
      ],
      [
       4964,
       2708
      ],
      [
       4977,
       2727
      ],
      [
       5017,
       2723
      ],
      [
       5013,
       2592
      ],
      [
       4990,
       2589
      ],
      [
       4998,
       2574
      ],
      [
       5013,
       2570
      ],
      [
       5009,
       2460
      ],
      [
       4992,
       2458
      ],
      [
       4983,
       2441
      ]
     ]
    ]
   },
   "properties": {
    "sheet": "01352_1889-0003",
    "outline_id": "01352_1889-0003:block:4:outline26",
    "block_id": "01352_1889-0003:block:4",
    "block_fid": 4,
    "block_number": "4",
    "text_inside": [
     "0",
     "1",
     "BUILT.",
     "0\"",
     "12",
     "8",
     "W"
    ],
    "numerals_inside": [
     "0",
     "1",
     "12",
     "8"
    ],
    "words_inside": [
     "BUILT."
    ],
    "floors": null,
    "wash_rgb": [
     227,
     206,
     203
    ],
    "wash_chroma": 3.7,
    "wash_lightness_delta": -18.3,
    "hue_deg": 8,
    "material": null,
    "area_source_px2": 53493,
    "centroid_source_px": [
     4916,
     2588
    ]
   }
  },
  {
   "type": "Feature",
   "id": 27,
   "geometry": {
    "type": "Polygon",
    "coordinates": [
     [
      [
       5048,
       2439
      ],
      [
       5030,
       2471
      ],
      [
       5017,
       2473
      ],
      [
       5024,
       2859
      ],
      [
       5155,
       2861
      ],
      [
       5162,
       2844
      ],
      [
       5155,
       2456
      ],
      [
       5149,
       2452
      ],
      [
       5131,
       2467
      ],
      [
       5127,
       2439
      ],
      [
       5048,
       2439
      ]
     ]
    ]
   },
   "properties": {
    "sheet": "01352_1889-0003",
    "outline_id": "01352_1889-0003:block:4:outline27",
    "block_id": "01352_1889-0003:block:4",
    "block_fid": 4,
    "block_number": "4",
    "text_inside": [
     "1",
     "x",
     "Sal.",
     "AROUND.",
     "CLAD",
     "IRON",
     "ALL"
    ],
    "numerals_inside": [
     "1"
    ],
    "words_inside": [
     "Sal.",
     "AROUND.",
     "CLAD",
     "IRON",
     "ALL"
    ],
    "floors": null,
    "wash_rgb": [
     228,
     221,
     191
    ],
    "wash_chroma": 11.9,
    "wash_lightness_delta": -9.0,
    "hue_deg": 48,
    "material": null,
    "area_source_px2": 57027,
    "centroid_source_px": [
     5088,
     2650
    ]
   }
  },
  {
   "type": "Feature",
   "id": 28,
   "geometry": {
    "type": "Polygon",
    "coordinates": [
     [
      [
       4621,
       2447
      ],
      [
       4619,
       2525
      ],
      [
       4634,
       2529
      ],
      [
       4619,
       2548
      ],
      [
       4617,
       2566
      ],
      [
       4645,
       2576
      ],
      [
       4617,
       2594
      ],
      [
       4617,
       2731
      ],
      [
       4664,
       2734
      ],
      [
       4684,
       2719
      ],
      [
       4686,
       2732
      ],
      [
       4707,
       2734
      ],
      [
       4716,
       2710
      ],
      [
       4725,
       2732
      ],
      [
       4753,
       2732
      ],
      [
       4763,
       2717
      ],
      [
       4772,
       2717
      ],
      [
       4779,
       2732
      ],
      [
       4809,
       2731
      ],
      [
       4809,
       2549
      ],
      [
       4794,
       2542
      ],
      [
       4807,
       2521
      ],
      [
       4807,
       2463
      ],
      [
       4791,
       2462
      ],
      [
       4779,
       2443
      ],
      [
       4720,
       2443
      ],
      [
       4710,
       2463
      ],
      [
       4701,
       2445
      ],
      [
       4656,
       2445
      ],
      [
       4632,
       2478
      ],
      [
       4641,
       2449
      ],
      [
       4621,
       2447
      ]
     ]
    ]
   },
   "properties": {
    "sheet": "01352_1889-0003",
    "outline_id": "01352_1889-0003:block:4:outline28",
    "block_id": "01352_1889-0003:block:4",
    "block_fid": 4,
    "block_number": "4",
    "text_inside": [
     "0",
     "1",
     "8\"",
     "0",
     "0"
    ],
    "numerals_inside": [
     "0",
     "1",
     "0",
     "0"
    ],
    "words_inside": [],
    "floors": null,
    "wash_rgb": [
     227,
     207,
     205
    ],
    "wash_chroma": 3.3,
    "wash_lightness_delta": -17.3,
    "hue_deg": 6,
    "material": null,
    "area_source_px2": 52784,
    "centroid_source_px": [
     4713,
     2595
    ]
   }
  },
  {
   "type": "Feature",
   "id": 29,
   "geometry": {
    "type": "Polygon",
    "coordinates": [
     [
      [
       4589,
       2447
      ],
      [
       4522,
       2445
      ],
      [
       4512,
       2450
      ],
      [
       4509,
       2480
      ],
      [
       4499,
       2447
      ],
      [
       4436,
       2447
      ],
      [
       4410,
       2482
      ],
      [
       4411,
       2570
      ],
      [
       4441,
       2576
      ],
      [
       4411,
       2589
      ],
      [
       4415,
       2738
      ],
      [
       4430,
       2740
      ],
      [
       4449,
       2723
      ],
      [
       4460,
       2738
      ],
      [
       4503,
       2738
      ],
      [
       4512,
       2708
      ],
      [
       4522,
       2738
      ],
      [
       4535,
       2723
      ],
      [
       4540,
       2736
      ],
      [
       4591,
       2736
      ],
      [
       4611,
       2719
      ],
      [
       4611,
       2549
      ],
      [
       4594,
       2542
      ],
      [
       4572,
       2549
      ],
      [
       4518,
       2548
      ],
      [
       4507,
       2566
      ],
      [
       4507,
       2536
      ],
      [
       4524,
       2540
      ],
      [
       4533,
       2525
      ],
      [
       4527,
       2516
      ],
      [
       4537,
       2508
      ],
      [
       4552,
       2508
      ],
      [
       4561,
       2525
      ],
      [
       4587,
       2534
      ],
      [
       4611,
       2529
      ],
      [
       4611,
       2465
      ],
      [
       4596,
       2463
      ],
      [
       4589,
       2447
      ]
     ]
    ]
   },
   "properties": {
    "sheet": "01352_1889-0003",
    "outline_id": "01352_1889-0003:block:4:outline29",
    "block_id": "01352_1889-0003:block:4",
    "block_fid": 4,
    "block_number": "4",
    "text_inside": [
     "0",
     "1",
     "BEING",
     "12\"",
     "W",
     "1",
     "0"
    ],
    "numerals_inside": [
     "0",
     "1",
     "1",
     "0"
    ],
    "words_inside": [
     "BEING"
    ],
    "floors": null,
    "wash_rgb": [
     228,
     210,
     206
    ],
    "wash_chroma": 2.8,
    "wash_lightness_delta": -15.4,
    "hue_deg": 10,
    "material": null,
    "area_source_px2": 53649,
    "centroid_source_px": [
     4509,
     2595
    ]
   }
  },
  {
   "type": "Feature",
   "id": 30,
   "geometry": {
    "type": "Polygon",
    "coordinates": [
     [
      [
       3717,
       2454
      ],
      [
       3702,
       2475
      ],
      [
       3707,
       2482
      ],
      [
       3685,
       2490
      ],
      [
       3685,
       2523
      ],
      [
       3696,
       2523
      ],
      [
       3715,
       2546
      ],
      [
       3741,
       2549
      ],
      [
       3709,
       2555
      ],
      [
       3685,
       2585
      ],
      [
       3687,
       2618
      ],
      [
       3705,
       2618
      ],
      [
       3717,
       2639
      ],
      [
       3795,
       2639
      ],
      [
       3803,
       2592
      ],
      [
       3806,
       2633
      ],
      [
       3838,
       2641
      ],
      [
       3806,
       2648
      ],
      [
       3806,
       2695
      ],
      [
       3825,
       2688
      ],
      [
       3818,
       2708
      ],
      [
       3836,
       2712
      ],
      [
       3847,
       2691
      ],
      [
       3864,
       2689
      ],
      [
       3864,
       2646
      ],
      [
       3851,
       2639
      ],
      [
       3902,
       2635
      ],
      [
       3903,
       2613
      ],
      [
       3922,
       2611
      ],
      [
       3918,
       2499
      ],
      [
       3885,
       2495
      ],
      [
       3894,
       2488
      ],
      [
       3889,
       2477
      ],
      [
       3903,
       2463
      ],
      [
       3889,
       2452
      ],
      [
       3808,
       2454
      ],
      [
       3799,
       2491
      ],
      [
       3790,
       2454
      ],
      [
       3717,
       2454
      ]
     ]
    ]
   },
   "properties": {
    "sheet": "01352_1889-0003",
    "outline_id": "01352_1889-0003:block:5:outline30",
    "block_id": "01352_1889-0003:block:5",
    "block_fid": 6,
    "block_number": "5",
    "text_inside": [
     "2",
     "2",
     "1",
     "Sal",
     "x",
     "0",
     "1",
     "0"
    ],
    "numerals_inside": [
     "2",
     "2",
     "1",
     "0",
     "1",
     "0"
    ],
    "words_inside": [
     "Sal"
    ],
    "floors": null,
    "wash_rgb": [
     229,
     223,
     191
    ],
    "wash_chroma": 12.5,
    "wash_lightness_delta": -7.8,
    "hue_deg": 50,
    "material": null,
    "area_source_px2": 41871,
    "centroid_source_px": [
     3804,
     2556
    ]
   }
  },
  {
   "type": "Feature",
   "id": 31,
   "geometry": {
    "type": "Polygon",
    "coordinates": [
     [
      [
       3332,
       2486
      ],
      [
       3336,
       2602
      ],
      [
       3401,
       2602
      ],
      [
       3410,
       2587
      ],
      [
       3418,
       2602
      ],
      [
       3526,
       2594
      ],
      [
       3526,
       2480
      ],
      [
       3507,
       2477
      ],
      [
       3506,
       2460
      ],
      [
       3446,
       2462
      ],
      [
       3450,
       2491
      ],
      [
       3463,
       2499
      ],
      [
       3478,
       2482
      ],
      [
       3489,
       2491
      ],
      [
       3472,
       2499
      ],
      [
       3478,
       2514
      ],
      [
       3457,
       2501
      ],
      [
       3448,
       2510
      ],
      [
       3429,
       2506
      ],
      [
       3412,
       2514
      ],
      [
       3410,
       2576
      ],
      [
       3407,
       2512
      ],
      [
       3347,
       2510
      ],
      [
       3364,
       2493
      ],
      [
       3360,
       2480
      ],
      [
       3390,
       2480
      ],
      [
       3390,
       2462
      ],
      [
       3356,
       2458
      ],
      [
       3332,
       2486
      ]
     ]
    ]
   },
   "properties": {
    "sheet": "01352_1889-0003",
    "outline_id": "01352_1889-0003:block:5:outline31",
    "block_id": "01352_1889-0003:block:5",
    "block_fid": 6,
    "block_number": "5",
    "text_inside": [
     "1",
     "x",
     "West",
     "x"
    ],
    "numerals_inside": [
     "1"
    ],
    "words_inside": [
     "West"
    ],
    "floors": null,
    "wash_rgb": [
     228,
     221,
     188
    ],
    "wash_chroma": 13.1,
    "wash_lightness_delta": -9.3,
    "hue_deg": 50,
    "material": null,
    "area_source_px2": 21582,
    "centroid_source_px": [
     3434,
     2543
    ]
   }
  },
  {
   "type": "Feature",
   "id": 32,
   "geometry": {
    "type": "Polygon",
    "coordinates": [
     [
      [
       1348,
       2546
      ],
      [
       1354,
       2590
      ],
      [
       1369,
       2583
      ],
      [
       1399,
       2583
      ],
      [
       1406,
       2590
      ],
      [
       1419,
       2583
      ],
      [
       1442,
       2590
      ],
      [
       1457,
       2583
      ],
      [
       1535,
       2587
      ],
      [
       1528,
       2605
      ],
      [
       1539,
       2617
      ],
      [
       1444,
       2618
      ],
      [
       1431,
       2607
      ],
      [
       1423,
       2617
      ],
      [
       1412,
       2609
      ],
      [
       1348,
       2622
      ],
      [
       1352,
       2828
      ],
      [
       1565,
       2831
      ],
      [
       1444,
       2839
      ],
      [
       1446,
       2945
      ],
      [
       1909,
       2943
      ],
      [
       1899,
       2923
      ],
      [
       1920,
       2915
      ],
      [
       1920,
       2854
      ],
      [
       1911,
       2852
      ],
      [
       1898,
       2869
      ],
      [
       1905,
       2837
      ],
      [
       1849,
       2833
      ],
      [
       1890,
       2830
      ],
      [
       1899,
       2803
      ],
      [
       1920,
       2798
      ],
      [
       1912,
       2643
      ],
      [
       1918,
       2581
      ],
      [
       1870,
       2581
      ],
      [
       1881,
       2566
      ],
      [
       1879,
       2544
      ],
      [
       1348,
       2546
      ]
     ]
    ]
   },
   "properties": {
    "sheet": "01352_1889-0003",
    "outline_id": "01352_1889-0003:block:fid5:outline32",
    "block_id": "01352_1889-0003:block:fid5",
    "block_fid": 5,
    "block_number": null,
    "text_inside": [
     "COMMERCIAL Co. W.Ho.",
     "x",
     "x"
    ],
    "numerals_inside": [],
    "words_inside": [
     "COMMERCIAL Co. W.Ho."
    ],
    "floors": null,
    "wash_rgb": [
     230,
     224,
     191
    ],
    "wash_chroma": 12.9,
    "wash_lightness_delta": -7.0,
    "hue_deg": 50,
    "material": null,
    "area_source_px2": 206343,
    "centroid_source_px": [
     1640,
     2751
    ]
   }
  },
  {
   "type": "Feature",
   "id": 33,
   "geometry": {
    "type": "Polygon",
    "coordinates": [
     [
      [
       4794,
       2863
      ],
      [
       4785,
       2861
      ],
      [
       4770,
       2880
      ],
      [
       4778,
       2859
      ],
      [
       4772,
       2852
      ],
      [
       4707,
       2854
      ],
      [
       4703,
       2934
      ],
      [
       4682,
       2914
      ],
      [
       4669,
       2921
      ],
      [
       4662,
       2938
      ],
      [
       4675,
       2942
      ],
      [
       4673,
       2960
      ],
      [
       4680,
       2964
      ],
      [
       4701,
       2947
      ],
      [
       4708,
       2977
      ],
      [
       4761,
       2977
      ],
      [
       4772,
       2966
      ],
      [
       4770,
       2955
      ],
      [
       4781,
       2960
      ],
      [
       4781,
       2973
      ],
      [
       4794,
       2973
      ],
      [
       4794,
       2863
      ]
     ]
    ]
   },
   "properties": {
    "sheet": "01352_1889-0003",
    "outline_id": "01352_1889-0003:block:4:outline33",
    "block_id": "01352_1889-0003:block:4",
    "block_fid": 4,
    "block_number": "4",
    "text_inside": [
     "7",
     "x",
     "x"
    ],
    "numerals_inside": [
     "7"
    ],
    "words_inside": [],
    "floors": null,
    "wash_rgb": [
     230,
     224,
     192
    ],
    "wash_chroma": 12.2,
    "wash_lightness_delta": -6.9,
    "hue_deg": 50,
    "material": null,
    "area_source_px2": 11797,
    "centroid_source_px": [
     4741,
     2917
    ]
   }
  },
  {
   "type": "Feature",
   "id": 34,
   "geometry": {
    "type": "Polygon",
    "coordinates": [
     [
      [
       4518,
       2876
      ],
      [
       4494,
       2904
      ],
      [
       4495,
       2919
      ],
      [
       4548,
       2927
      ],
      [
       4565,
       2914
      ],
      [
       4565,
       2925
      ],
      [
       4578,
       2932
      ],
      [
       4559,
       2960
      ],
      [
       4533,
       2943
      ],
      [
       4494,
       2951
      ],
      [
       4494,
       2985
      ],
      [
       4518,
       2992
      ],
      [
       4512,
       3007
      ],
      [
       4637,
       3005
      ],
      [
       4632,
       2876
      ],
      [
       4518,
       2876
      ]
     ]
    ]
   },
   "properties": {
    "sheet": "01352_1889-0003",
    "outline_id": "01352_1889-0003:block:4:outline34",
    "block_id": "01352_1889-0003:block:4",
    "block_fid": 4,
    "block_number": "4",
    "text_inside": [
     "Dm's",
     "0"
    ],
    "numerals_inside": [
     "0"
    ],
    "words_inside": [
     "Dm's"
    ],
    "floors": null,
    "wash_rgb": [
     230,
     223,
     190
    ],
    "wash_chroma": 13.2,
    "wash_lightness_delta": -7.6,
    "hue_deg": 50,
    "material": null,
    "area_source_px2": 15432,
    "centroid_source_px": [
     4575,
     2942
    ]
   }
  },
  {
   "type": "Feature",
   "id": 35,
   "geometry": {
    "type": "Polygon",
    "coordinates": [
     [
      [
       5596,
       2953
      ],
      [
       5502,
       2953
      ],
      [
       5495,
       2958
      ],
      [
       5502,
       2971
      ],
      [
       5497,
       2985
      ],
      [
       5476,
       2981
      ],
      [
       5467,
       2955
      ],
      [
       5441,
       2953
      ],
      [
       5427,
       2966
      ],
      [
       5411,
       2955
      ],
      [
       5243,
       2962
      ],
      [
       5243,
       3001
      ],
      [
       5261,
       3016
      ],
      [
       5259,
       3028
      ],
      [
       5243,
       3031
      ],
      [
       5241,
       3056
      ],
      [
       5218,
       3054
      ],
      [
       5216,
       3070
      ],
      [
       5271,
       3072
      ],
      [
       5244,
       3080
      ],
      [
       5246,
       3181
      ],
      [
       5420,
       3183
      ],
      [
       5246,
       3196
      ],
      [
       5246,
       3209
      ],
      [
       5265,
       3233
      ],
      [
       5246,
       3233
      ],
      [
       5246,
       3259
      ],
      [
       5267,
       3272
      ],
      [
       5246,
       3285
      ],
      [
       5272,
       3295
      ],
      [
       5241,
       3310
      ],
      [
       5248,
       3319
      ],
      [
       5252,
       3410
      ],
      [
       5470,
       3407
      ],
      [
       5474,
       3380
      ],
      [
       5483,
       3375
      ],
      [
       5482,
       3354
      ],
      [
       5469,
       3352
      ],
      [
       5455,
       3369
      ],
      [
       5444,
       3366
      ],
      [
       5465,
       3345
      ],
      [
       5457,
       3336
      ],
      [
       5478,
       3328
      ],
      [
       5474,
       3278
      ],
      [
       5487,
       3291
      ],
      [
       5478,
       3298
      ],
      [
       5482,
       3317
      ],
      [
       5502,
       3317
      ],
      [
       5513,
       3304
      ],
      [
       5500,
       3343
      ],
      [
       5506,
       3351
      ],
      [
       5560,
       3347
      ],
      [
       5603,
       3323
      ],
      [
       5594,
       3310
      ],
      [
       5543,
       3310
      ],
      [
       5532,
       3291
      ],
      [
       5541,
       3283
      ],
      [
       5543,
       3265
      ],
      [
       5592,
       3265
      ],
      [
       5601,
       3244
      ],
      [
       5618,
       3244
      ],
      [
       5618,
       3212
      ],
      [
       5590,
       3214
      ],
      [
       5586,
       3233
      ],
      [
       5454,
       3231
      ],
      [
       5467,
       3222
      ],
      [
       5463,
       3212
      ],
      [
       5495,
       3192
      ],
      [
       5489,
       3184
      ],
      [
       5457,
       3183
      ],
      [
       5489,
       3177
      ],
      [
       5493,
       3149
      ],
      [
       5502,
       3156
      ],
      [
       5513,
       3149
      ],
      [
       5523,
       3173
      ],
      [
       5543,
       3179
      ],
      [
       5592,
       3175
      ],
      [
       5599,
       3155
      ],
      [
       5618,
       3153
      ],
      [
       5618,
       3100
      ],
      [
       5582,
       3098
      ],
      [
       5594,
       3091
      ],
      [
       5588,
       3082
      ],
      [
       5596,
       3074
      ],
      [
       5596,
       3044
      ],
      [
       5616,
       3039
      ],
      [
       5616,
       2971
      ],
      [
       5607,
       2970
      ],
      [
       5592,
       2992
      ],
      [
       5582,
       2990
      ],
      [
       5594,
       2979
      ],
      [
       5588,
       2966
      ],
      [
       5596,
       2953
      ]
     ]
    ]
   },
   "properties": {
    "sheet": "01352_1889-0003",
    "outline_id": "01352_1889-0003:block:4:outline35",
    "block_id": "01352_1889-0003:block:4",
    "block_fid": 4,
    "block_number": "4",
    "text_inside": [
     "W",
     "2",
     "0",
     "Vac.",
     "2",
     "0",
     "U"
    ],
    "numerals_inside": [
     "2",
     "0",
     "2",
     "0"
    ],
    "words_inside": [
     "Vac."
    ],
    "floors": null,
    "wash_rgb": [
     227,
     208,
     205
    ],
    "wash_chroma": 3.0,
    "wash_lightness_delta": -16.9,
    "hue_deg": 8,
    "material": null,
    "area_source_px2": 139338,
    "centroid_source_px": [
     5397,
     3169
    ]
   }
  },
  {
   "type": "Feature",
   "id": 36,
   "geometry": {
    "type": "Polygon",
    "coordinates": [
     [
      [
       5622,
       3427
      ],
      [
       5605,
       3433
      ],
      [
       5607,
       3446
      ],
      [
       5584,
       3450
      ],
      [
       5596,
       3435
      ],
      [
       5590,
       3412
      ],
      [
       5465,
       3416
      ],
      [
       5470,
       3435
      ],
      [
       5459,
       3444
      ],
      [
       5463,
       3517
      ],
      [
       5469,
       3521
      ],
      [
       5482,
       3507
      ],
      [
       5478,
       3479
      ],
      [
       5515,
       3481
      ],
      [
       5510,
       3506
      ],
      [
       5521,
       3524
      ],
      [
       5538,
       3517
      ],
      [
       5541,
       3506
      ],
      [
       5603,
       3502
      ],
      [
       5603,
       3485
      ],
      [
       5624,
       3478
      ],
      [
       5622,
       3427
      ]
     ]
    ]
   },
   "properties": {
    "sheet": "01352_1889-0003",
    "outline_id": "01352_1889-0003:block:4:outline36",
    "block_id": "01352_1889-0003:block:4",
    "block_fid": 4,
    "block_number": "4",
    "text_inside": [
     "2"
    ],
    "numerals_inside": [
     "2"
    ],
    "words_inside": [],
    "floors": null,
    "wash_rgb": [
     225,
     206,
     204
    ],
    "wash_chroma": 2.9,
    "wash_lightness_delta": -18.4,
    "hue_deg": 6,
    "material": null,
    "area_source_px2": 13062,
    "centroid_source_px": [
     5539,
     3459
    ]
   }
  },
  {
   "type": "Feature",
   "id": 37,
   "geometry": {
    "type": "Polygon",
    "coordinates": [
     [
      [
       5427,
       3418
      ],
      [
       5269,
       3422
      ],
      [
       5265,
       3437
      ],
      [
       5250,
       3435
      ],
      [
       5250,
       3474
      ],
      [
       5267,
       3472
      ],
      [
       5267,
       3487
      ],
      [
       5250,
       3489
      ],
      [
       5250,
       3519
      ],
      [
       5272,
       3528
      ],
      [
       5265,
       3539
      ],
      [
       5250,
       3541
      ],
      [
       5250,
       3556
      ],
      [
       5269,
       3578
      ],
      [
       5250,
       3580
      ],
      [
       5252,
       3648
      ],
      [
       5366,
       3648
      ],
      [
       5373,
       3642
      ],
      [
       5375,
       3614
      ],
      [
       5385,
       3623
      ],
      [
       5394,
       3618
      ],
      [
       5405,
       3644
      ],
      [
       5429,
       3642
      ],
      [
       5420,
       3625
      ],
      [
       5439,
       3597
      ],
      [
       5442,
       3537
      ],
      [
       5424,
       3524
      ],
      [
       5435,
       3519
      ],
      [
       5427,
       3494
      ],
      [
       5442,
       3479
      ],
      [
       5442,
       3433
      ],
      [
       5429,
       3433
      ],
      [
       5427,
       3418
      ]
     ]
    ]
   },
   "properties": {
    "sheet": "01352_1889-0003",
    "outline_id": "01352_1889-0003:block:4:outline37",
    "block_id": "01352_1889-0003:block:4",
    "block_fid": 4,
    "block_number": "4",
    "text_inside": [
     "T",
     "BEING",
     "F"
    ],
    "numerals_inside": [],
    "words_inside": [
     "BEING"
    ],
    "floors": null,
    "wash_rgb": [
     227,
     207,
     205
    ],
    "wash_chroma": 3.3,
    "wash_lightness_delta": -17.2,
    "hue_deg": 6,
    "material": null,
    "area_source_px2": 40200,
    "centroid_source_px": [
     5344,
     3530
    ]
   }
  },
  {
   "type": "Feature",
   "id": 38,
   "geometry": {
    "type": "Polygon",
    "coordinates": [
     [
      [
       4647,
       3500
      ],
      [
       4639,
       3491
      ],
      [
       4619,
       3493
      ],
      [
       4621,
       3506
      ],
      [
       4600,
       3506
      ],
      [
       4591,
       3493
      ],
      [
       4464,
       3494
      ],
      [
       4454,
       3517
      ],
      [
       4464,
       3534
      ],
      [
       4481,
       3539
      ],
      [
       4531,
       3536
      ],
      [
       4557,
       3526
      ],
      [
       4565,
       3515
      ],
      [
       4574,
       3536
      ],
      [
       4637,
       3536
      ],
      [
       4647,
       3528
      ],
      [
       4647,
       3500
      ]
     ]
    ]
   },
   "properties": {
    "sheet": "01352_1889-0003",
    "outline_id": "01352_1889-0003:block:4:outline38",
    "block_id": "01352_1889-0003:block:4",
    "block_fid": 4,
    "block_number": "4",
    "text_inside": [
     "TAMPA TRIBUNE"
    ],
    "numerals_inside": [],
    "words_inside": [
     "TAMPA TRIBUNE"
    ],
    "floors": null,
    "wash_rgb": [
     160,
     186,
     178
    ],
    "wash_chroma": 6.5,
    "wash_lightness_delta": -46.3,
    "hue_deg": 162,
    "material": null,
    "area_source_px2": 7353,
    "centroid_source_px": [
     4547,
     3514
    ]
   }
  },
  {
   "type": "Feature",
   "id": 39,
   "geometry": {
    "type": "Polygon",
    "coordinates": [
     [
      [
       5459,
       3534
      ],
      [
       5457,
       3612
      ],
      [
       5463,
       3625
      ],
      [
       5474,
       3625
      ],
      [
       5478,
       3644
      ],
      [
       5601,
       3642
      ],
      [
       5601,
       3621
      ],
      [
       5625,
       3616
      ],
      [
       5618,
       3536
      ],
      [
       5609,
       3539
      ],
      [
       5612,
       3562
      ],
      [
       5605,
       3569
      ],
      [
       5581,
       3571
      ],
      [
       5592,
       3560
      ],
      [
       5590,
       3537
      ],
      [
       5551,
       3539
      ],
      [
       5536,
       3526
      ],
      [
       5487,
       3522
      ],
      [
       5459,
       3534
      ]
     ]
    ]
   },
   "properties": {
    "sheet": "01352_1889-0003",
    "outline_id": "01352_1889-0003:block:4:outline39",
    "block_id": "01352_1889-0003:block:4",
    "block_fid": 4,
    "block_number": "4",
    "text_inside": [
     "2"
    ],
    "numerals_inside": [
     "2"
    ],
    "words_inside": [],
    "floors": null,
    "wash_rgb": [
     225,
     207,
     204
    ],
    "wash_chroma": 3.0,
    "wash_lightness_delta": -18.1,
    "hue_deg": 8,
    "material": null,
    "area_source_px2": 16698,
    "centroid_source_px": [
     5538,
     3591
    ]
   }
  },
  {
   "type": "Feature",
   "id": 40,
   "geometry": {
    "type": "Polygon",
    "coordinates": [
     [
      [
       4651,
       3653
      ],
      [
       4643,
       3610
      ],
      [
       4630,
       3631
      ],
      [
       4546,
       3627
      ],
      [
       4537,
       3620
      ],
      [
       4525,
       3627
      ],
      [
       4516,
       3620
      ],
      [
       4443,
       3633
      ],
      [
       4447,
       3649
      ],
      [
       4462,
       3657
      ],
      [
       4651,
       3653
      ]
     ]
    ]
   },
   "properties": {
    "sheet": "01352_1889-0003",
    "outline_id": "01352_1889-0003:block:4:outline40",
    "block_id": "01352_1889-0003:block:4",
    "block_fid": 4,
    "block_number": "4",
    "text_inside": [
     "X"
    ],
    "numerals_inside": [],
    "words_inside": [],
    "floors": null,
    "wash_rgb": [
     151,
     179,
     169
    ],
    "wash_chroma": 7.4,
    "wash_lightness_delta": -53.0,
    "hue_deg": 158,
    "material": null,
    "area_source_px2": 5801,
    "centroid_source_px": [
     4550,
     3641
    ]
   }
  },
  {
   "type": "Feature",
   "id": 41,
   "geometry": {
    "type": "Polygon",
    "coordinates": [
     [
      [
       1533,
       3638
      ],
      [
       1526,
       3649
      ],
      [
       1545,
       3935
      ],
      [
       1552,
       3941
      ],
      [
       1569,
       3931
      ],
      [
       1548,
       3640
      ],
      [
       1533,
       3638
      ]
     ]
    ]
   },
   "properties": {
    "sheet": "01352_1889-0003",
    "outline_id": "01352_1889-0003:block:fid7:outline41",
    "block_id": "01352_1889-0003:block:fid7",
    "block_fid": 7,
    "block_number": null,
    "text_inside": [],
    "numerals_inside": [],
    "words_inside": [],
    "floors": null,
    "wash_rgb": [
     226,
     226,
     218
    ],
    "wash_chroma": 0.0,
    "wash_lightness_delta": -4.5,
    "hue_deg": 60,
    "material": null,
    "area_source_px2": 7037,
    "centroid_source_px": [
     1547,
     3786
    ]
   }
  },
  {
   "type": "Feature",
   "id": 42,
   "geometry": {
    "type": "Polygon",
    "coordinates": [
     [
      [
       5642,
       3976
      ],
      [
       5633,
       3860
      ],
      [
       4893,
       3898
      ],
      [
       4897,
       3928
      ],
      [
       4916,
       3924
      ],
      [
       4925,
       3931
      ],
      [
       4972,
       3920
      ],
      [
       4983,
       3928
      ],
      [
       5007,
       3905
      ],
      [
       5024,
       3928
      ],
      [
       5002,
       3943
      ],
      [
       4974,
       3937
      ],
      [
       4957,
       3946
      ],
      [
       4962,
       3954
      ],
      [
       5140,
       3963
      ],
      [
       5269,
       3950
      ],
      [
       5420,
       3958
      ],
      [
       5551,
       3941
      ],
      [
       5642,
       3976
      ]
     ]
    ]
   },
   "properties": {
    "sheet": "01352_1889-0003",
    "outline_id": "01352_1889-0003:block:fid9:outline42",
    "block_id": "01352_1889-0003:block:fid9",
    "block_fid": 9,
    "block_number": null,
    "text_inside": [
     "Creek."
    ],
    "numerals_inside": [],
    "words_inside": [
     "Creek."
    ],
    "floors": null,
    "wash_rgb": [
     184,
     205,
     209
    ],
    "wash_chroma": 3.7,
    "wash_lightness_delta": -26.9,
    "hue_deg": 190,
    "material": null,
    "area_source_px2": 53487,
    "centroid_source_px": [
     5322,
     3915
    ]
   }
  },
  {
   "type": "Feature",
   "id": 43,
   "geometry": {
    "type": "Polygon",
    "coordinates": [
     [
      [
       2897,
       3896
      ],
      [
       2910,
       3958
      ],
      [
       3147,
       3945
      ],
      [
       3732,
       3946
      ],
      [
       3909,
       3956
      ],
      [
       3946,
       3948
      ],
      [
       3939,
       3905
      ],
      [
       3786,
       3892
      ],
      [
       3459,
       3892
      ],
      [
       3158,
       3881
      ],
      [
       2897,
       3896
      ]
     ]
    ]
   },
   "properties": {
    "sheet": "01352_1889-0003",
    "outline_id": "01352_1889-0003:block:fid8:outline43",
    "block_id": "01352_1889-0003:block:fid8",
    "block_fid": 8,
    "block_number": null,
    "text_inside": [],
    "numerals_inside": [],
    "words_inside": [],
    "floors": null,
    "wash_rgb": [
     183,
     203,
     208
    ],
    "wash_chroma": 3.5,
    "wash_lightness_delta": -28.2,
    "hue_deg": 192,
    "material": null,
    "area_source_px2": 59596,
    "centroid_source_px": [
     3404,
     3919
    ]
   }
  },
  {
   "type": "Feature",
   "id": 44,
   "geometry": {
    "type": "Polygon",
    "coordinates": [
     [
      [
       4423,
       3885
      ],
      [
       4430,
       3984
      ],
      [
       4510,
       3959
      ],
      [
       4557,
       3959
      ],
      [
       4660,
       3982
      ],
      [
       4772,
       3986
      ],
      [
       4912,
       3961
      ],
      [
       4923,
       3950
      ],
      [
       4921,
       3939
      ],
      [
       4908,
       3933
      ],
      [
       4893,
       3950
      ],
      [
       4884,
       3945
      ],
      [
       4858,
       3954
      ],
      [
       4850,
       3946
      ],
      [
       4867,
       3918
      ],
      [
       4901,
       3903
      ],
      [
       4895,
       3896
      ],
      [
       4641,
       3905
      ],
      [
       4451,
       3881
      ],
      [
       4423,
       3885
      ]
     ]
    ]
   },
   "properties": {
    "sheet": "01352_1889-0003",
    "outline_id": "01352_1889-0003:block:fid9:outline44",
    "block_id": "01352_1889-0003:block:fid9",
    "block_fid": 9,
    "block_number": null,
    "text_inside": [],
    "numerals_inside": [],
    "words_inside": [],
    "floors": null,
    "wash_rgb": [
     181,
     203,
     208
    ],
    "wash_chroma": 4.2,
    "wash_lightness_delta": -28.5,
    "hue_deg": 192,
    "material": null,
    "area_source_px2": 35595,
    "centroid_source_px": [
     4648,
     3937
    ]
   }
  },
  {
   "type": "Feature",
   "id": 45,
   "geometry": {
    "type": "Polygon",
    "coordinates": [
     [
      [
       2469,
       3930
      ],
      [
       2432,
       3930
      ],
      [
       2443,
       3918
      ],
      [
       2441,
       3890
      ],
      [
       2015,
       3928
      ],
      [
       2032,
       4152
      ],
      [
       2460,
       4118
      ],
      [
       2456,
       4098
      ],
      [
       2478,
       4094
      ],
      [
       2475,
       4032
      ],
      [
       2460,
       4019
      ],
      [
       2435,
       4019
      ],
      [
       2406,
       4045
      ],
      [
       2396,
       4029
      ],
      [
       2385,
       4030
      ],
      [
       2370,
       4016
      ],
      [
       2413,
       4016
      ],
      [
       2426,
       4008
      ],
      [
       2439,
       4014
      ],
      [
       2449,
       4006
      ],
      [
       2471,
       4012
      ],
      [
       2469,
       3930
      ]
     ]
    ]
   },
   "properties": {
    "sheet": "01352_1889-0003",
    "outline_id": "01352_1889-0003:block:fid10:outline45",
    "block_id": "01352_1889-0003:block:fid10",
    "block_fid": 10,
    "block_number": null,
    "text_inside": [
     "2",
     "Gen't Storage."
    ],
    "numerals_inside": [
     "2"
    ],
    "words_inside": [
     "Gen't Storage."
    ],
    "floors": null,
    "wash_rgb": [
     230,
     224,
     193
    ],
    "wash_chroma": 11.9,
    "wash_lightness_delta": -6.7,
    "hue_deg": 50,
    "material": null,
    "area_source_px2": 99091,
    "centroid_source_px": [
     2237,
     4023
    ]
   }
  },
  {
   "type": "Feature",
   "id": 46,
   "geometry": {
    "type": "Polygon",
    "coordinates": [
     [
      [
       2596,
       4163
      ],
      [
       2581,
       4165
      ],
      [
       2576,
       4139
      ],
      [
       2555,
       4135
      ],
      [
       2193,
       4169
      ],
      [
       2200,
       4296
      ],
      [
       2223,
       4307
      ],
      [
       2202,
       4316
      ],
      [
       2215,
       4449
      ],
      [
       2243,
       4453
      ],
      [
       2594,
       4421
      ],
      [
       2594,
       4404
      ],
      [
       2613,
       4397
      ],
      [
       2605,
       4292
      ],
      [
       2480,
       4292
      ],
      [
       2486,
       4318
      ],
      [
       2478,
       4329
      ],
      [
       2488,
       4335
      ],
      [
       2484,
       4344
      ],
      [
       2493,
       4359
      ],
      [
       2482,
       4367
      ],
      [
       2458,
       4346
      ],
      [
       2454,
       4333
      ],
      [
       2469,
       4324
      ],
      [
       2465,
       4303
      ],
      [
       2445,
       4288
      ],
      [
       2452,
       4283
      ],
      [
       2445,
       4271
      ],
      [
       2477,
       4284
      ],
      [
       2503,
       4279
      ],
      [
       2508,
       4262
      ],
      [
       2600,
       4253
      ],
      [
       2596,
       4163
      ]
     ]
    ]
   },
   "properties": {
    "sheet": "01352_1889-0003",
    "outline_id": "01352_1889-0003:block:fid10:outline46",
    "block_id": "01352_1889-0003:block:fid10",
    "block_fid": 10,
    "block_number": null,
    "text_inside": [
     "3",
     "Gen't W.Ho"
    ],
    "numerals_inside": [
     "3"
    ],
    "words_inside": [
     "Gen't W.Ho"
    ],
    "floors": null,
    "wash_rgb": [
     231,
     224,
     192
    ],
    "wash_chroma": 12.8,
    "wash_lightness_delta": -6.5,
    "hue_deg": 50,
    "material": null,
    "area_source_px2": 108904,
    "centroid_source_px": [
     2392,
     4297
    ]
   }
  },
  {
   "type": "Feature",
   "id": 47,
   "geometry": {
    "type": "Polygon",
    "coordinates": [
     [
      [
       3364,
       4144
      ],
      [
       2979,
       4143
      ],
      [
       2971,
       4157
      ],
      [
       2973,
       4260
      ],
      [
       3042,
       4266
      ],
      [
       3345,
       4258
      ],
      [
       3349,
       4296
      ],
      [
       3360,
       4303
      ],
      [
       3367,
       4298
      ],
      [
       3364,
       4144
      ]
     ]
    ]
   },
   "properties": {
    "sheet": "01352_1889-0003",
    "outline_id": "01352_1889-0003:block:6:outline47",
    "block_id": "01352_1889-0003:block:6",
    "block_fid": 12,
    "block_number": "6",
    "text_inside": [],
    "numerals_inside": [],
    "words_inside": [],
    "floors": null,
    "wash_rgb": [
     230,
     229,
     221
    ],
    "wash_chroma": 0.2,
    "wash_lightness_delta": -1.8,
    "hue_deg": 54,
    "material": null,
    "area_source_px2": 47346,
    "centroid_source_px": [
     3170,
     4203
    ]
   }
  },
  {
   "type": "Feature",
   "id": 48,
   "geometry": {
    "type": "Polygon",
    "coordinates": [
     [
      [
       4927,
       4150
      ],
      [
       4923,
       4161
      ],
      [
       4940,
       4167
      ],
      [
       4929,
       4187
      ],
      [
       4936,
       4215
      ],
      [
       4944,
       4219
      ],
      [
       4968,
       4200
      ],
      [
       4974,
       4273
      ],
      [
       4961,
       4277
      ],
      [
       4944,
       4264
      ],
      [
       4925,
       4292
      ],
      [
       5024,
       4290
      ],
      [
       5022,
       4171
      ],
      [
       4998,
       4174
      ],
      [
       5002,
       4157
      ],
      [
       4970,
       4144
      ],
      [
       4927,
       4150
      ]
     ]
    ]
   },
   "properties": {
    "sheet": "01352_1889-0003",
    "outline_id": "01352_1889-0003:block:7:outline48",
    "block_id": "01352_1889-0003:block:7",
    "block_fid": 11,
    "block_number": "7",
    "text_inside": [
     "X",
     "Oils"
    ],
    "numerals_inside": [],
    "words_inside": [
     "Oils"
    ],
    "floors": null,
    "wash_rgb": [
     159,
     186,
     176
    ],
    "wash_chroma": 7.0,
    "wash_lightness_delta": -46.4,
    "hue_deg": 158,
    "material": null,
    "area_source_px2": 10098,
    "centroid_source_px": [
     4985,
     4220
    ]
   }
  },
  {
   "type": "Feature",
   "id": 49,
   "geometry": {
    "type": "Polygon",
    "coordinates": [
     [
      [
       3401,
       4157
      ],
      [
       3663,
       4251
      ],
      [
       3907,
       4163
      ],
      [
       3902,
       4156
      ],
      [
       3401,
       4157
      ]
     ]
    ]
   },
   "properties": {
    "sheet": "01352_1889-0003",
    "outline_id": "01352_1889-0003:block:6:outline49",
    "block_id": "01352_1889-0003:block:6",
    "block_fid": 12,
    "block_number": "6",
    "text_inside": [],
    "numerals_inside": [],
    "words_inside": [],
    "floors": null,
    "wash_rgb": [
     227,
     219,
     184
    ],
    "wash_chroma": 14.7,
    "wash_lightness_delta": -10.8,
    "hue_deg": 48,
    "material": null,
    "area_source_px2": 24775,
    "centroid_source_px": [
     3658,
     4188
    ]
   }
  },
  {
   "type": "Feature",
   "id": 50,
   "geometry": {
    "type": "Polygon",
    "coordinates": [
     [
      [
       3952,
       4159
      ],
      [
       3928,
       4165
      ],
      [
       3937,
       4199
      ],
      [
       3920,
       4200
      ],
      [
       3915,
       4184
      ],
      [
       3903,
       4193
      ],
      [
       3905,
       4178
      ],
      [
       3896,
       4174
      ],
      [
       3707,
       4240
      ],
      [
       3683,
       4256
      ],
      [
       3793,
       4294
      ],
      [
       3819,
       4288
      ],
      [
       3846,
       4296
      ],
      [
       3860,
       4286
      ],
      [
       3847,
       4312
      ],
      [
       3924,
       4339
      ],
      [
       3941,
       4318
      ],
      [
       3948,
       4331
      ],
      [
       3952,
       4159
      ]
     ]
    ]
   },
   "properties": {
    "sheet": "01352_1889-0003",
    "outline_id": "01352_1889-0003:block:6:outline50",
    "block_id": "01352_1889-0003:block:6",
    "block_fid": 12,
    "block_number": "6",
    "text_inside": [
     "12"
    ],
    "numerals_inside": [
     "12"
    ],
    "words_inside": [],
    "floors": null,
    "wash_rgb": [
     229,
     222,
     188
    ],
    "wash_chroma": 13.8,
    "wash_lightness_delta": -8.3,
    "hue_deg": 50,
    "material": null,
    "area_source_px2": 24644,
    "centroid_source_px": [
     3857,
     4252
    ]
   }
  },
  {
   "type": "Feature",
   "id": 51,
   "geometry": {
    "type": "Polygon",
    "coordinates": [
     [
      [
       3371,
       4163
      ],
      [
       3371,
       4266
      ],
      [
       3379,
       4296
      ],
      [
       3470,
       4296
      ],
      [
       3485,
       4305
      ],
      [
       3500,
       4296
      ],
      [
       3507,
       4303
      ],
      [
       3517,
       4294
      ],
      [
       3537,
       4296
      ],
      [
       3558,
       4279
      ],
      [
       3582,
       4281
      ],
      [
       3644,
       4256
      ],
      [
       3638,
       4247
      ],
      [
       3371,
       4163
      ]
     ]
    ]
   },
   "properties": {
    "sheet": "01352_1889-0003",
    "outline_id": "01352_1889-0003:block:6:outline51",
    "block_id": "01352_1889-0003:block:6",
    "block_fid": 12,
    "block_number": "6",
    "text_inside": [
     "PENCER, HENDERSON MY CO. LIVERY."
    ],
    "numerals_inside": [],
    "words_inside": [
     "PENCER, HENDERSON MY CO. LIVERY."
    ],
    "floors": null,
    "wash_rgb": [
     228,
     221,
     186
    ],
    "wash_chroma": 14.1,
    "wash_lightness_delta": -9.5,
    "hue_deg": 50,
    "material": null,
    "area_source_px2": 22274,
    "centroid_source_px": [
     3472,
     4243
    ]
   }
  },
  {
   "type": "Feature",
   "id": 52,
   "geometry": {
    "type": "Polygon",
    "coordinates": [
     [
      [
       5190,
       4253
      ],
      [
       5138,
       4251
      ],
      [
       5140,
       4243
      ],
      [
       5173,
       4243
      ],
      [
       5179,
       4236
      ],
      [
       5125,
       4195
      ],
      [
       5074,
       4238
      ],
      [
       5110,
       4249
      ],
      [
       5065,
       4255
      ],
      [
       5063,
       4288
      ],
      [
       5073,
       4290
      ],
      [
       5086,
       4275
      ],
      [
       5076,
       4296
      ],
      [
       5082,
       4303
      ],
      [
       5155,
       4301
      ],
      [
       5168,
       4277
      ],
      [
       5190,
       4277
      ],
      [
       5190,
       4253
      ]
     ]
    ]
   },
   "properties": {
    "sheet": "01352_1889-0003",
    "outline_id": "01352_1889-0003:block:7:outline52",
    "block_id": "01352_1889-0003:block:7",
    "block_fid": 11,
    "block_number": "7",
    "text_inside": [
     "1",
     "X"
    ],
    "numerals_inside": [
     "1"
    ],
    "words_inside": [],
    "floors": null,
    "wash_rgb": [
     228,
     222,
     189
    ],
    "wash_chroma": 13.1,
    "wash_lightness_delta": -8.6,
    "hue_deg": 50,
    "material": null,
    "area_source_px2": 8499,
    "centroid_source_px": [
     5126,
     4258
    ]
   }
  },
  {
   "type": "Feature",
   "id": 53,
   "geometry": {
    "type": "Polygon",
    "coordinates": [
     [
      [
       3418,
       4350
      ],
      [
       3875,
       4352
      ],
      [
       3909,
       4350
      ],
      [
       3915,
       4342
      ],
      [
       3847,
       4318
      ],
      [
       3832,
       4324
      ],
      [
       3825,
       4311
      ],
      [
       3810,
       4322
      ],
      [
       3801,
       4311
      ],
      [
       3788,
       4324
      ],
      [
       3737,
       4324
      ],
      [
       3728,
       4305
      ],
      [
       3711,
       4326
      ],
      [
       3672,
       4327
      ],
      [
       3702,
       4271
      ],
      [
       3663,
       4256
      ],
      [
       3618,
       4275
      ],
      [
       3625,
       4290
      ],
      [
       3646,
       4299
      ],
      [
       3644,
       4312
      ],
      [
       3655,
       4322
      ],
      [
       3649,
       4327
      ],
      [
       3606,
       4320
      ],
      [
       3586,
       4327
      ],
      [
       3567,
       4305
      ],
      [
       3550,
       4329
      ],
      [
       3541,
       4322
      ],
      [
       3526,
       4329
      ],
      [
       3522,
       4307
      ],
      [
       3504,
       4329
      ],
      [
       3493,
       4318
      ],
      [
       3418,
       4350
      ]
     ]
    ]
   },
   "properties": {
    "sheet": "01352_1889-0003",
    "outline_id": "01352_1889-0003:block:6:outline53",
    "block_id": "01352_1889-0003:block:6",
    "block_fid": 12,
    "block_number": "6",
    "text_inside": [],
    "numerals_inside": [],
    "words_inside": [],
    "floors": null,
    "wash_rgb": [
     225,
     218,
     184
    ],
    "wash_chroma": 13.9,
    "wash_lightness_delta": -12.0,
    "hue_deg": 50,
    "material": null,
    "area_source_px2": 16293,
    "centroid_source_px": [
     3665,
     4327
    ]
   }
  },
  {
   "type": "Feature",
   "id": 54,
   "geometry": {
    "type": "Polygon",
    "coordinates": [
     [
      [
       3323,
       4270
      ],
      [
       3009,
       4273
      ],
      [
       3003,
       4286
      ],
      [
       3054,
       4307
      ],
      [
       3209,
       4299
      ],
      [
       3214,
       4309
      ],
      [
       3207,
       4322
      ],
      [
       3220,
       4329
      ],
      [
       3246,
       4284
      ],
      [
       3270,
       4284
      ],
      [
       3274,
       4296
      ],
      [
       3285,
       4298
      ],
      [
       3323,
       4270
      ]
     ]
    ]
   },
   "properties": {
    "sheet": "01352_1889-0003",
    "outline_id": "01352_1889-0003:block:6:outline54",
    "block_id": "01352_1889-0003:block:6",
    "block_fid": 12,
    "block_number": "6",
    "text_inside": [
     "SPENCER HENDERS"
    ],
    "numerals_inside": [],
    "words_inside": [
     "SPENCER HENDERS"
    ],
    "floors": null,
    "wash_rgb": [
     225,
     218,
     185
    ],
    "wash_chroma": 13.3,
    "wash_lightness_delta": -12.1,
    "hue_deg": 50,
    "material": null,
    "area_source_px2": 8761,
    "centroid_source_px": [
     3153,
     4286
    ]
   }
  },
  {
   "type": "Feature",
   "id": 55,
   "geometry": {
    "type": "Polygon",
    "coordinates": [
     [
      [
       3166,
       4383
      ],
      [
       3321,
       4486
      ],
      [
       3347,
       4494
      ],
      [
       3345,
       4354
      ],
      [
       3308,
       4346
      ],
      [
       3338,
       4342
      ],
      [
       3341,
       4331
      ],
      [
       3308,
       4331
      ],
      [
       3300,
       4320
      ],
      [
       3280,
       4333
      ],
      [
       3252,
       4329
      ],
      [
       3237,
       4340
      ],
      [
       3272,
       4348
      ],
      [
       3220,
       4350
      ],
      [
       3166,
       4383
      ]
     ]
    ]
   },
   "properties": {
    "sheet": "01352_1889-0003",
    "outline_id": "01352_1889-0003:block:6:outline55",
    "block_id": "01352_1889-0003:block:6",
    "block_fid": 12,
    "block_number": "6",
    "text_inside": [],
    "numerals_inside": [],
    "words_inside": [],
    "floors": null,
    "wash_rgb": [
     229,
     222,
     190
    ],
    "wash_chroma": 12.6,
    "wash_lightness_delta": -8.2,
    "hue_deg": 50,
    "material": null,
    "area_source_px2": 17457,
    "centroid_source_px": [
     3279,
     4401
    ]
   }
  },
  {
   "type": "Feature",
   "id": 56,
   "geometry": {
    "type": "Polygon",
    "coordinates": [
     [
      [
       3147,
       4383
      ],
      [
       3098,
       4354
      ],
      [
       3061,
       4354
      ],
      [
       3078,
       4340
      ],
      [
       3046,
       4337
      ],
      [
       3039,
       4324
      ],
      [
       3016,
       4337
      ],
      [
       2975,
       4335
      ],
      [
       2981,
       4350
      ],
      [
       3037,
       4352
      ],
      [
       3003,
       4359
      ],
      [
       3013,
       4393
      ],
      [
       2998,
       4395
      ],
      [
       2992,
       4380
      ],
      [
       2975,
       4395
      ],
      [
       2975,
       4473
      ],
      [
       3009,
       4479
      ],
      [
       3147,
       4383
      ]
     ]
    ]
   },
   "properties": {
    "sheet": "01352_1889-0003",
    "outline_id": "01352_1889-0003:block:6:outline56",
    "block_id": "01352_1889-0003:block:6",
    "block_fid": 12,
    "block_number": "6",
    "text_inside": [
     "x"
    ],
    "numerals_inside": [],
    "words_inside": [],
    "floors": null,
    "wash_rgb": [
     229,
     223,
     192
    ],
    "wash_chroma": 11.6,
    "wash_lightness_delta": -7.8,
    "hue_deg": 50,
    "material": null,
    "area_source_px2": 14464,
    "centroid_source_px": [
     3045,
     4404
    ]
   }
  },
  {
   "type": "Feature",
   "id": 57,
   "geometry": {
    "type": "Polygon",
    "coordinates": [
     [
      [
       2977,
       4512
      ],
      [
       2979,
       4581
      ],
      [
       3082,
       4563
      ],
      [
       3143,
       4837
      ],
      [
       3033,
       4863
      ],
      [
       3026,
       4877
      ],
      [
       3042,
       4964
      ],
      [
       3115,
       4964
      ],
      [
       3113,
       5033
      ],
      [
       3065,
       5035
      ],
      [
       3057,
       5056
      ],
      [
       3095,
       5272
      ],
      [
       3108,
       5278
      ],
      [
       3173,
       5267
      ],
      [
       3190,
       5353
      ],
      [
       3177,
       5370
      ],
      [
       3291,
       5375
      ],
      [
       3730,
       5368
      ],
      [
       3728,
       5035
      ],
      [
       3767,
       5033
      ],
      [
       3771,
       5011
      ],
      [
       3898,
       5009
      ],
      [
       3907,
       5033
      ],
      [
       3963,
       5030
      ],
      [
       3958,
       4942
      ],
      [
       3752,
       4940
      ],
      [
       3754,
       4828
      ],
      [
       3961,
       4822
      ],
      [
       3956,
       4361
      ],
      [
       3851,
       4355
      ],
      [
       3371,
       4363
      ],
      [
       3367,
       4333
      ],
      [
       3356,
       4329
      ],
      [
       3352,
       4509
      ],
      [
       2977,
       4512
      ]
     ]
    ]
   },
   "properties": {
    "sheet": "01352_1889-0003",
    "outline_id": "01352_1889-0003:block:6:outline57",
    "block_id": "01352_1889-0003:block:6",
    "block_fid": 12,
    "block_number": "6",
    "text_inside": [
     "TANK.",
     "x",
     "TANK.",
     "210'E"
    ],
    "numerals_inside": [],
    "words_inside": [
     "TANK.",
     "TANK."
    ],
    "floors": null,
    "wash_rgb": [
     233,
     232,
     224
    ],
    "wash_chroma": 0.2,
    "wash_lightness_delta": 0.8,
    "hue_deg": 54,
    "material": null,
    "area_source_px2": 734632,
    "centroid_source_px": [
     3486,
     4847
    ]
   }
  },
  {
   "type": "Feature",
   "id": 58,
   "geometry": {
    "type": "Polygon",
    "coordinates": [
     [
      [
       2990,
       4497
      ],
      [
       2996,
       4505
      ],
      [
       3326,
       4499
      ],
      [
       3160,
       4391
      ],
      [
       2990,
       4497
      ]
     ]
    ]
   },
   "properties": {
    "sheet": "01352_1889-0003",
    "outline_id": "01352_1889-0003:block:6:outline58",
    "block_id": "01352_1889-0003:block:6",
    "block_fid": 12,
    "block_number": "6",
    "text_inside": [],
    "numerals_inside": [],
    "words_inside": [],
    "floors": null,
    "wash_rgb": [
     230,
     224,
     195
    ],
    "wash_chroma": 11.0,
    "wash_lightness_delta": -6.3,
    "hue_deg": 50,
    "material": null,
    "area_source_px2": 19304,
    "centroid_source_px": [
     3157,
     4464
    ]
   }
  },
  {
   "type": "Feature",
   "id": 59,
   "geometry": {
    "type": "Polygon",
    "coordinates": [
     [
      [
       5390,
       4501
      ],
      [
       5328,
       4507
      ],
      [
       5330,
       4634
      ],
      [
       5338,
       4643
      ],
      [
       5383,
       4641
      ],
      [
       5390,
       4617
      ],
      [
       5414,
       4619
      ],
      [
       5413,
       4516
      ],
      [
       5405,
       4509
      ],
      [
       5386,
       4529
      ],
      [
       5396,
       4509
      ],
      [
       5390,
       4501
      ]
     ]
    ]
   },
   "properties": {
    "sheet": "01352_1889-0003",
    "outline_id": "01352_1889-0003:block:7:outline59",
    "block_id": "01352_1889-0003:block:7",
    "block_fid": 11,
    "block_number": "7",
    "text_inside": [
     "1",
     "x"
    ],
    "numerals_inside": [
     "1"
    ],
    "words_inside": [],
    "floors": null,
    "wash_rgb": [
     230,
     223,
     190
    ],
    "wash_chroma": 13.2,
    "wash_lightness_delta": -7.3,
    "hue_deg": 50,
    "material": null,
    "area_source_px2": 10698,
    "centroid_source_px": [
     5368,
     4571
    ]
   }
  },
  {
   "type": "Feature",
   "id": 60,
   "geometry": {
    "type": "Polygon",
    "coordinates": [
     [
      [
       3070,
       4574
      ],
      [
       3007,
       4585
      ],
      [
       3009,
       4619
      ],
      [
       2985,
       4626
      ],
      [
       2996,
       4701
      ],
      [
       3048,
       4705
      ],
      [
       3070,
       4695
      ],
      [
       3065,
       4707
      ],
      [
       3082,
       4727
      ],
      [
       3003,
       4740
      ],
      [
       3020,
       4839
      ],
      [
       3035,
       4843
      ],
      [
       3042,
       4856
      ],
      [
       3136,
       4832
      ],
      [
       3082,
       4583
      ],
      [
       3070,
       4574
      ]
     ]
    ]
   },
   "properties": {
    "sheet": "01352_1889-0003",
    "outline_id": "01352_1889-0003:block:6:outline60",
    "block_id": "01352_1889-0003:block:6",
    "block_fid": 12,
    "block_number": "6",
    "text_inside": [
     "1/2",
     "x"
    ],
    "numerals_inside": [],
    "words_inside": [],
    "floors": null,
    "wash_rgb": [
     229,
     224,
     193
    ],
    "wash_chroma": 11.9,
    "wash_lightness_delta": -7.0,
    "hue_deg": 52,
    "material": null,
    "area_source_px2": 25842,
    "centroid_source_px": [
     3059,
     4720
    ]
   }
  },
  {
   "type": "Feature",
   "id": 61,
   "geometry": {
    "type": "Polygon",
    "coordinates": [
     [
      [
       4464,
       4606
      ],
      [
       4460,
       4621
      ],
      [
       4486,
       4637
      ],
      [
       4501,
       4636
      ],
      [
       4509,
       4621
      ],
      [
       4520,
       4654
      ],
      [
       4503,
       4667
      ],
      [
       4484,
       4652
      ],
      [
       4441,
       4662
      ],
      [
       4439,
       4675
      ],
      [
       4454,
       4677
      ],
      [
       4456,
       4695
      ],
      [
       4574,
       4692
      ],
      [
       4568,
       4604
      ],
      [
       4464,
       4606
      ]
     ]
    ]
   },
   "properties": {
    "sheet": "01352_1889-0003",
    "outline_id": "01352_1889-0003:block:7:outline61",
    "block_id": "01352_1889-0003:block:7",
    "block_fid": 11,
    "block_number": "7",
    "text_inside": [
     "2",
     "Dmg"
    ],
    "numerals_inside": [
     "2"
    ],
    "words_inside": [
     "Dmg"
    ],
    "floors": null,
    "wash_rgb": [
     228,
     221,
     187
    ],
    "wash_chroma": 13.7,
    "wash_lightness_delta": -9.7,
    "hue_deg": 50,
    "material": null,
    "area_source_px2": 8693,
    "centroid_source_px": [
     4521,
     4652
    ]
   }
  },
  {
   "type": "Feature",
   "id": 62,
   "geometry": {
    "type": "Polygon",
    "coordinates": [
     [
      [
       5396,
       4639
      ],
      [
       5392,
       4806
      ],
      [
       5424,
       4809
      ],
      [
       5437,
       4822
      ],
      [
       5429,
       4845
      ],
      [
       5452,
       4843
      ],
      [
       5454,
       4809
      ],
      [
       5579,
       4804
      ],
      [
       5573,
       4787
      ],
      [
       5594,
       4783
      ],
      [
       5592,
       4738
      ],
      [
       5569,
       4748
      ],
      [
       5566,
       4736
      ],
      [
       5545,
       4727
      ],
      [
       5532,
       4735
      ],
      [
       5502,
       4731
      ],
      [
       5526,
       4720
      ],
      [
       5525,
       4703
      ],
      [
       5549,
       4701
      ],
      [
       5568,
       4712
      ],
      [
       5590,
       4695
      ],
      [
       5590,
       4656
      ],
      [
       5575,
       4665
      ],
      [
       5579,
       4677
      ],
      [
       5558,
       4679
      ],
      [
       5566,
       4665
      ],
      [
       5560,
       4643
      ],
      [
       5411,
       4647
      ],
      [
       5407,
       4637
      ],
      [
       5396,
       4639
      ]
     ]
    ]
   },
   "properties": {
    "sheet": "01352_1889-0003",
    "outline_id": "01352_1889-0003:block:7:outline62",
    "block_id": "01352_1889-0003:block:7",
    "block_fid": 11,
    "block_number": "7",
    "text_inside": [
     "2"
    ],
    "numerals_inside": [
     "2"
    ],
    "words_inside": [],
    "floors": null,
    "wash_rgb": [
     229,
     222,
     188
    ],
    "wash_chroma": 13.8,
    "wash_lightness_delta": -8.6,
    "hue_deg": 50,
    "material": null,
    "area_source_px2": 29536,
    "centroid_source_px": [
     5479,
     4730
    ]
   }
  },
  {
   "type": "Feature",
   "id": 63,
   "geometry": {
    "type": "Polygon",
    "coordinates": [
     [
      [
       3491,
       4697
      ],
      [
       3493,
       4718
      ],
      [
       3513,
       4718
      ],
      [
       3513,
       4740
      ],
      [
       3603,
       4738
      ],
      [
       3612,
       4716
      ],
      [
       3621,
       4807
      ],
      [
       3735,
       4807
      ],
      [
       3745,
       4787
      ],
      [
       3756,
       4789
      ],
      [
       3756,
       4804
      ],
      [
       3767,
       4802
      ],
      [
       3765,
       4746
      ],
      [
       3748,
       4751
      ],
      [
       3726,
       4733
      ],
      [
       3698,
       4738
      ],
      [
       3707,
       4710
      ],
      [
       3745,
       4723
      ],
      [
       3765,
       4705
      ],
      [
       3761,
       4675
      ],
      [
       3741,
       4688
      ],
      [
       3748,
       4671
      ],
      [
       3743,
       4664
      ],
      [
       3620,
       4665
      ],
      [
       3610,
       4695
      ],
      [
       3601,
       4665
      ],
      [
       3522,
       4665
      ],
      [
       3491,
       4697
      ]
     ]
    ]
   },
   "properties": {
    "sheet": "01352_1889-0003",
    "outline_id": "01352_1889-0003:block:6:outline63",
    "block_id": "01352_1889-0003:block:6",
    "block_fid": 12,
    "block_number": "6",
    "text_inside": [
     "1/",
     "Dng",
     "x",
     "x"
    ],
    "numerals_inside": [],
    "words_inside": [
     "Dng"
    ],
    "floors": null,
    "wash_rgb": [
     230,
     223,
     190
    ],
    "wash_chroma": 13.3,
    "wash_lightness_delta": -7.5,
    "hue_deg": 50,
    "material": null,
    "area_source_px2": 26748,
    "centroid_source_px": [
     3645,
     4727
    ]
   }
  },
  {
   "type": "Feature",
   "id": 64,
   "geometry": {
    "type": "Polygon",
    "coordinates": [
     [
      [
       2689,
       4684
      ],
      [
       2671,
       4684
      ],
      [
       2682,
       4710
      ],
      [
       2665,
       4716
      ],
      [
       2656,
       4705
      ],
      [
       2641,
       4716
      ],
      [
       2654,
       4692
      ],
      [
       2646,
       4684
      ],
      [
       2432,
       4725
      ],
      [
       2458,
       4884
      ],
      [
       2689,
       4847
      ],
      [
       2693,
       4826
      ],
      [
       2710,
       4822
      ],
      [
       2704,
       4785
      ],
      [
       2611,
       4792
      ],
      [
       2613,
       4763
      ],
      [
       2699,
       4746
      ],
      [
       2689,
       4684
      ]
     ]
    ]
   },
   "properties": {
    "sheet": "01352_1889-0003",
    "outline_id": "01352_1889-0003:block:fid14:outline64",
    "block_id": "01352_1889-0003:block:fid14",
    "block_fid": 14,
    "block_number": null,
    "text_inside": [
     "1/2",
     "x"
    ],
    "numerals_inside": [],
    "words_inside": [],
    "floors": null,
    "wash_rgb": [
     230,
     225,
     194
    ],
    "wash_chroma": 11.6,
    "wash_lightness_delta": -6.1,
    "hue_deg": 52,
    "material": null,
    "area_source_px2": 38337,
    "centroid_source_px": [
     2559,
     4787
    ]
   }
  },
  {
   "type": "Feature",
   "id": 65,
   "geometry": {
    "type": "Polygon",
    "coordinates": [
     [
      [
       2415,
       4789
      ],
      [
       2409,
       4802
      ],
      [
       2447,
       5000
      ],
      [
       2428,
       5009
      ],
      [
       2430,
       5030
      ],
      [
       2445,
       5035
      ],
      [
       2512,
       5018
      ],
      [
       2506,
       4994
      ],
      [
       2471,
       4996
      ],
      [
       2437,
       4796
      ],
      [
       2430,
       4787
      ],
      [
       2415,
       4789
      ]
     ]
    ]
   },
   "properties": {
    "sheet": "01352_1889-0003",
    "outline_id": "01352_1889-0003:block:fid14:outline65",
    "block_id": "01352_1889-0003:block:fid14",
    "block_fid": 14,
    "block_number": null,
    "text_inside": [],
    "numerals_inside": [],
    "words_inside": [],
    "floors": null,
    "wash_rgb": [
     228,
     228,
     220
    ],
    "wash_chroma": -0.4,
    "wash_lightness_delta": -3.0,
    "hue_deg": 60,
    "material": null,
    "area_source_px2": 8044,
    "centroid_source_px": [
     2450,
     4934
    ]
   }
  },
  {
   "type": "Feature",
   "id": 66,
   "geometry": {
    "type": "Polygon",
    "coordinates": [
     [
      [
       3926,
       4835
      ],
      [
       3760,
       4837
      ],
      [
       3760,
       4934
      ],
      [
       3946,
       4933
      ],
      [
       3945,
       4910
      ],
      [
       3931,
       4901
      ],
      [
       3885,
       4893
      ],
      [
       3874,
       4901
      ],
      [
       3862,
       4893
      ],
      [
       3866,
       4863
      ],
      [
       3909,
       4865
      ],
      [
       3926,
       4835
      ]
     ]
    ]
   },
   "properties": {
    "sheet": "01352_1889-0003",
    "outline_id": "01352_1889-0003:block:6:outline66",
    "block_id": "01352_1889-0003:block:6",
    "block_fid": 12,
    "block_number": "6",
    "text_inside": [
     "x"
    ],
    "numerals_inside": [],
    "words_inside": [],
    "floors": null,
    "wash_rgb": [
     229,
     222,
     190
    ],
    "wash_chroma": 12.5,
    "wash_lightness_delta": -8.3,
    "hue_deg": 50,
    "material": null,
    "area_source_px2": 14478,
    "centroid_source_px": [
     3834,
     4887
    ]
   }
  },
  {
   "type": "Feature",
   "id": 67,
   "geometry": {
    "type": "Polygon",
    "coordinates": [
     [
      [
       2704,
       4850
      ],
      [
       2589,
       4869
      ],
      [
       2562,
       4882
      ],
      [
       2622,
       4914
      ],
      [
       2661,
       4975
      ],
      [
       2671,
       5073
      ],
      [
       2650,
       5157
      ],
      [
       2661,
       5291
      ],
      [
       2641,
       5366
      ],
      [
       2697,
       5364
      ],
      [
       2725,
       5506
      ],
      [
       2734,
       5517
      ],
      [
       2813,
       5502
      ],
      [
       2818,
       5482
      ],
      [
       2717,
       4854
      ],
      [
       2704,
       4850
      ]
     ]
    ]
   },
   "properties": {
    "sheet": "01352_1889-0003",
    "outline_id": "01352_1889-0003:block:fid14:outline67",
    "block_id": "01352_1889-0003:block:fid14",
    "block_fid": 14,
    "block_number": null,
    "text_inside": [],
    "numerals_inside": [],
    "words_inside": [],
    "floors": null,
    "wash_rgb": [
     232,
     230,
     223
    ],
    "wash_chroma": -0.2,
    "wash_lightness_delta": -0.5,
    "hue_deg": 46,
    "material": null,
    "area_source_px2": 70007,
    "centroid_source_px": [
     2716,
     5194
    ]
   }
  },
  {
   "type": "Feature",
   "id": 68,
   "geometry": {
    "type": "Polygon",
    "coordinates": [
     [
      [
       3270,
       4981
      ],
      [
       3302,
       5015
      ],
      [
       3310,
       4990
      ],
      [
       3319,
       5028
      ],
      [
       3390,
       5028
      ],
      [
       3395,
       5011
      ],
      [
       3405,
       5018
      ],
      [
       3412,
       5013
      ],
      [
       3410,
       4966
      ],
      [
       3382,
       4961
      ],
      [
       3379,
       4938
      ],
      [
       3319,
       4938
      ],
      [
       3311,
       4975
      ],
      [
       3302,
       4949
      ],
      [
       3270,
       4981
      ]
     ]
    ]
   },
   "properties": {
    "sheet": "01352_1889-0003",
    "outline_id": "01352_1889-0003:block:6:outline68",
    "block_id": "01352_1889-0003:block:6",
    "block_fid": 12,
    "block_number": "6",
    "text_inside": [
     "1½",
     "x"
    ],
    "numerals_inside": [
     "1½"
    ],
    "words_inside": [],
    "floors": null,
    "wash_rgb": [
     231,
     224,
     191
    ],
    "wash_chroma": 13.5,
    "wash_lightness_delta": -6.3,
    "hue_deg": 50,
    "material": null,
    "area_source_px2": 9083,
    "centroid_source_px": [
     3349,
     4985
    ]
   }
  },
  {
   "type": "Feature",
   "id": 69,
   "geometry": {
    "type": "Polygon",
    "coordinates": [
     [
      [
       5310,
       5022
      ],
      [
       5289,
       5024
      ],
      [
       5265,
       5056
      ],
      [
       5267,
       5159
      ],
      [
       5291,
       5162
      ],
      [
       5284,
       5175
      ],
      [
       5299,
       5183
      ],
      [
       5314,
       5173
      ],
      [
       5310,
       5162
      ],
      [
       5338,
       5159
      ],
      [
       5336,
       5050
      ],
      [
       5314,
       5045
      ],
      [
       5310,
       5022
      ]
     ]
    ]
   },
   "properties": {
    "sheet": "01352_1889-0003",
    "outline_id": "01352_1889-0003:block:7:outline69",
    "block_id": "01352_1889-0003:block:7",
    "block_fid": 11,
    "block_number": "7",
    "text_inside": [
     "x"
    ],
    "numerals_inside": [],
    "words_inside": [],
    "floors": null,
    "wash_rgb": [
     229,
     223,
     188
    ],
    "wash_chroma": 13.7,
    "wash_lightness_delta": -7.9,
    "hue_deg": 52,
    "material": null,
    "area_source_px2": 9211,
    "centroid_source_px": [
     5301,
     5102
    ]
   }
  },
  {
   "type": "Feature",
   "id": 70,
   "geometry": {
    "type": "Polygon",
    "coordinates": [
     [
      [
       3739,
       5041
      ],
      [
       3737,
       5356
      ],
      [
       3750,
       5358
      ],
      [
       3750,
       5342
      ],
      [
       3769,
       5336
      ],
      [
       3782,
       5340
      ],
      [
       3782,
       5358
      ],
      [
       3793,
       5368
      ],
      [
       3933,
       5366
      ],
      [
       3945,
       5345
      ],
      [
       3954,
       5349
      ],
      [
       3954,
       5364
      ],
      [
       3965,
       5364
      ],
      [
       3963,
       5043
      ],
      [
       3739,
       5041
      ]
     ]
    ]
   },
   "properties": {
    "sheet": "01352_1889-0003",
    "outline_id": "01352_1889-0003:block:6:outline70",
    "block_id": "01352_1889-0003:block:6",
    "block_fid": 12,
    "block_number": "6",
    "text_inside": [
     "Genit S.",
     "2½",
     "x"
    ],
    "numerals_inside": [
     "2½"
    ],
    "words_inside": [
     "Genit S."
    ],
    "floors": null,
    "wash_rgb": [
     231,
     224,
     188
    ],
    "wash_chroma": 14.5,
    "wash_lightness_delta": -7.0,
    "hue_deg": 50,
    "material": null,
    "area_source_px2": 72047,
    "centroid_source_px": [
     3853,
     5195
    ]
   }
  },
  {
   "type": "Feature",
   "id": 71,
   "geometry": {
    "type": "Polygon",
    "coordinates": [
     [
      [
       5129,
       5045
      ],
      [
       5121,
       5213
      ],
      [
       5129,
       5218
      ],
      [
       5132,
       5334
      ],
      [
       5151,
       5330
      ],
      [
       5147,
       5315
      ],
      [
       5173,
       5312
      ],
      [
       5166,
       5299
      ],
      [
       5183,
       5297
      ],
      [
       5187,
       5284
      ],
      [
       5179,
       5272
      ],
      [
       5196,
       5263
      ],
      [
       5203,
       5321
      ],
      [
       5166,
       5325
      ],
      [
       5155,
       5336
      ],
      [
       5164,
       5349
      ],
      [
       5229,
       5349
      ],
      [
       5231,
       5328
      ],
      [
       5250,
       5330
      ],
      [
       5243,
       5052
      ],
      [
       5235,
       5045
      ],
      [
       5129,
       5045
      ]
     ]
    ]
   },
   "properties": {
    "sheet": "01352_1889-0003",
    "outline_id": "01352_1889-0003:block:7:outline71",
    "block_id": "01352_1889-0003:block:7",
    "block_fid": 11,
    "block_number": "7",
    "text_inside": [
     "2 Vac.",
     "x"
    ],
    "numerals_inside": [],
    "words_inside": [
     "2 Vac."
    ],
    "floors": null,
    "wash_rgb": [
     229,
     222,
     190
    ],
    "wash_chroma": 12.9,
    "wash_lightness_delta": -8.0,
    "hue_deg": 50,
    "material": null,
    "area_source_px2": 33790,
    "centroid_source_px": [
     5187,
     5183
    ]
   }
  },
  {
   "type": "Feature",
   "id": 72,
   "geometry": {
    "type": "Polygon",
    "coordinates": [
     [
      [
       5000,
       5110
      ],
      [
       4901,
       5114
      ],
      [
       4912,
       5342
      ],
      [
       4925,
       5325
      ],
      [
       4951,
       5325
      ],
      [
       4953,
       5314
      ],
      [
       4940,
       5310
      ],
      [
       4946,
       5300
      ],
      [
       4934,
       5293
      ],
      [
       4946,
       5286
      ],
      [
       4944,
       5246
      ],
      [
       4936,
       5241
      ],
      [
       4946,
       5228
      ],
      [
       4964,
       5229
      ],
      [
       4975,
       5196
      ],
      [
       4994,
       5209
      ],
      [
       4987,
       5220
      ],
      [
       4989,
       5274
      ],
      [
       5009,
       5278
      ],
      [
       5007,
       5140
      ],
      [
       5000,
       5110
      ]
     ]
    ]
   },
   "properties": {
    "sheet": "01352_1889-0003",
    "outline_id": "01352_1889-0003:block:7:outline72",
    "block_id": "01352_1889-0003:block:7",
    "block_fid": 11,
    "block_number": "7",
    "text_inside": [
     "Storg",
     "12"
    ],
    "numerals_inside": [
     "12"
    ],
    "words_inside": [
     "Storg"
    ],
    "floors": null,
    "wash_rgb": [
     230,
     223,
     189
    ],
    "wash_chroma": 13.5,
    "wash_lightness_delta": -7.4,
    "hue_deg": 50,
    "material": null,
    "area_source_px2": 15988,
    "centroid_source_px": [
     4948,
     5191
    ]
   }
  },
  {
   "type": "Feature",
   "id": 73,
   "geometry": {
    "type": "Polygon",
    "coordinates": [
     [
      [
       5017,
       5110
      ],
      [
       5015,
       5338
      ],
      [
       5024,
       5340
      ],
      [
       5037,
       5325
      ],
      [
       5043,
       5328
      ],
      [
       5030,
       5340
      ],
      [
       5030,
       5351
      ],
      [
       5088,
       5351
      ],
      [
       5097,
       5330
      ],
      [
       5116,
       5328
      ],
      [
       5108,
       5117
      ],
      [
       5101,
       5110
      ],
      [
       5017,
       5110
      ]
     ]
    ]
   },
   "properties": {
    "sheet": "01352_1889-0003",
    "outline_id": "01352_1889-0003:block:7:outline73",
    "block_id": "01352_1889-0003:block:7",
    "block_fid": 11,
    "block_number": "7",
    "text_inside": [
     "Vac.",
     "1",
     "x"
    ],
    "numerals_inside": [
     "1"
    ],
    "words_inside": [
     "Vac."
    ],
    "floors": null,
    "wash_rgb": [
     229,
     223,
     188
    ],
    "wash_chroma": 14.3,
    "wash_lightness_delta": -7.9,
    "hue_deg": 52,
    "material": null,
    "area_source_px2": 22443,
    "centroid_source_px": [
     5062,
     5218
    ]
   }
  },
  {
   "type": "Feature",
   "id": 74,
   "geometry": {
    "type": "Polygon",
    "coordinates": [
     [
      [
       5653,
       5211
      ],
      [
       5616,
       5211
      ],
      [
       5625,
       5198
      ],
      [
       5616,
       5177
      ],
      [
       5274,
       5185
      ],
      [
       5271,
       5343
      ],
      [
       5289,
       5349
      ],
      [
       5622,
       5340
      ],
      [
       5637,
       5317
      ],
      [
       5655,
       5319
      ],
      [
       5653,
       5235
      ],
      [
       5624,
       5243
      ],
      [
       5633,
       5261
      ],
      [
       5620,
       5272
      ],
      [
       5605,
       5259
      ],
      [
       5616,
       5252
      ],
      [
       5614,
       5239
      ],
      [
       5652,
       5222
      ],
      [
       5653,
       5211
      ]
     ]
    ]
   },
   "properties": {
    "sheet": "01352_1889-0003",
    "outline_id": "01352_1889-0003:block:7:outline74",
    "block_id": "01352_1889-0003:block:7",
    "block_fid": 11,
    "block_number": "7",
    "text_inside": [
     "Geri t 5.",
     "x"
    ],
    "numerals_inside": [],
    "words_inside": [
     "Geri t 5."
    ],
    "floors": null,
    "wash_rgb": [
     229,
     222,
     187
    ],
    "wash_chroma": 14.0,
    "wash_lightness_delta": -8.4,
    "hue_deg": 50,
    "material": null,
    "area_source_px2": 59907,
    "centroid_source_px": [
     5445,
     5264
    ]
   }
  },
  {
   "type": "Feature",
   "id": 75,
   "geometry": {
    "type": "Polygon",
    "coordinates": [
     [
      [
       2260,
       5435
      ],
      [
       2417,
       5413
      ],
      [
       2422,
       5403
      ],
      [
       2357,
       5356
      ],
      [
       2295,
       5362
      ],
      [
       2286,
       5349
      ],
      [
       2269,
       5377
      ],
      [
       2260,
       5435
      ]
     ]
    ]
   },
   "properties": {
    "sheet": "01352_1889-0003",
    "outline_id": "01352_1889-0003:block:fid14:outline75",
    "block_id": "01352_1889-0003:block:fid14",
    "block_fid": 14,
    "block_number": null,
    "text_inside": [],
    "numerals_inside": [],
    "words_inside": [],
    "floors": null,
    "wash_rgb": [
     230,
     229,
     222
    ],
    "wash_chroma": -0.3,
    "wash_lightness_delta": -1.8,
    "hue_deg": 52,
    "material": null,
    "area_source_px2": 8574,
    "centroid_source_px": [
     2329,
     5395
    ]
   }
  },
  {
   "type": "Feature",
   "id": 76,
   "geometry": {
    "type": "Polygon",
    "coordinates": [
     [
      [
       2689,
       5370
      ],
      [
       2234,
       5454
      ],
      [
       2245,
       5525
      ],
      [
       2258,
       5500
      ],
      [
       2256,
       5482
      ],
      [
       2282,
       5480
      ],
      [
       2290,
       5491
      ],
      [
       2310,
       5493
      ],
      [
       2415,
       5472
      ],
      [
       2404,
       5504
      ],
      [
       2381,
       5508
      ],
      [
       2372,
       5497
      ],
      [
       2351,
       5515
      ],
      [
       2318,
       5513
      ],
      [
       2273,
       5530
      ],
      [
       2264,
       5521
      ],
      [
       2241,
       5536
      ],
      [
       2275,
       5842
      ],
      [
       2731,
       5758
      ],
      [
       2723,
       5665
      ],
      [
       2562,
       5691
      ],
      [
       2538,
       5564
      ],
      [
       2546,
       5551
      ],
      [
       2719,
       5517
      ],
      [
       2689,
       5370
      ]
     ]
    ]
   },
   "properties": {
    "sheet": "01352_1889-0003",
    "outline_id": "01352_1889-0003:block:fid14:outline76",
    "block_id": "01352_1889-0003:block:fid14",
    "block_fid": 14,
    "block_number": null,
    "text_inside": [],
    "numerals_inside": [],
    "words_inside": [],
    "floors": null,
    "wash_rgb": [
     230,
     227,
     211
    ],
    "wash_chroma": 4.2,
    "wash_lightness_delta": -3.4,
    "hue_deg": 50,
    "material": null,
    "area_source_px2": 153162,
    "centroid_source_px": [
     2462,
     5622
    ]
   }
  },
  {
   "type": "Feature",
   "id": 77,
   "geometry": {
    "type": "Polygon",
    "coordinates": [
     [
      [
       2824,
       5523
      ],
      [
       2815,
       5521
      ],
      [
       2805,
       5540
      ],
      [
       2805,
       5515
      ],
      [
       2790,
       5512
      ],
      [
       2548,
       5558
      ],
      [
       2566,
       5681
      ],
      [
       2585,
       5685
      ],
      [
       2816,
       5640
      ],
      [
       2816,
       5620
      ],
      [
       2837,
       5616
      ],
      [
       2824,
       5523
      ]
     ]
    ]
   },
   "properties": {
    "sheet": "01352_1889-0003",
    "outline_id": "01352_1889-0003:block:fid14:outline77",
    "block_id": "01352_1889-0003:block:fid14",
    "block_fid": 14,
    "block_number": null,
    "text_inside": [
     "x"
    ],
    "numerals_inside": [],
    "words_inside": [],
    "floors": null,
    "wash_rgb": [
     230,
     225,
     196
    ],
    "wash_chroma": 10.7,
    "wash_lightness_delta": -6.1,
    "hue_deg": 52,
    "material": null,
    "area_source_px2": 35732,
    "centroid_source_px": [
     2679,
     5601
    ]
   }
  },
  {
   "type": "Feature",
   "id": 78,
   "geometry": {
    "type": "Polygon",
    "coordinates": [
     [
      [
       2843,
       5795
      ],
      [
       2824,
       5803
      ],
      [
       2824,
       5780
      ],
      [
       2768,
       5784
      ],
      [
       2764,
       5850
      ],
      [
       2759,
       5786
      ],
      [
       2727,
       5786
      ],
      [
       2712,
       5807
      ],
      [
       2712,
       5870
      ],
      [
       2727,
       5874
      ],
      [
       2731,
       5893
      ],
      [
       2759,
       5891
      ],
      [
       2762,
       5866
      ],
      [
       2773,
       5893
      ],
      [
       2820,
       5891
      ],
      [
       2830,
       5874
      ],
      [
       2844,
       5872
      ],
      [
       2844,
       5844
      ],
      [
       2815,
       5838
      ],
      [
       2787,
       5846
      ],
      [
       2783,
       5836
      ],
      [
       2796,
       5820
      ],
      [
       2839,
       5816
      ],
      [
       2843,
       5795
      ]
     ]
    ]
   },
   "properties": {
    "sheet": "01352_1889-0003",
    "outline_id": "01352_1889-0003:block:fid14:outline78",
    "block_id": "01352_1889-0003:block:fid14",
    "block_fid": 14,
    "block_number": null,
    "text_inside": [
     "1",
     "OFF",
     "x",
     "x"
    ],
    "numerals_inside": [
     "1"
    ],
    "words_inside": [
     "OFF"
    ],
    "floors": null,
    "wash_rgb": [
     227,
     219,
     184
    ],
    "wash_chroma": 14.6,
    "wash_lightness_delta": -10.9,
    "hue_deg": 48,
    "material": null,
    "area_source_px2": 11201,
    "centroid_source_px": [
     2772,
     5838
    ]
   }
  },
  {
   "type": "Feature",
   "id": 79,
   "geometry": {
    "type": "Polygon",
    "coordinates": [
     [
      [
       5661,
       5863
      ],
      [
       5631,
       5835
      ],
      [
       5612,
       5846
      ],
      [
       5601,
       5825
      ],
      [
       5554,
       5825
      ],
      [
       5545,
       5848
      ],
      [
       5553,
       5857
      ],
      [
       5521,
       5861
      ],
      [
       5515,
       5885
      ],
      [
       5515,
       5851
      ],
      [
       5498,
       5850
      ],
      [
       5493,
       5829
      ],
      [
       5416,
       5829
      ],
      [
       5405,
       5850
      ],
      [
       5413,
       5859
      ],
      [
       5383,
       5866
      ],
      [
       5375,
       5891
      ],
      [
       5371,
       5866
      ],
      [
       5394,
       5855
      ],
      [
       5394,
       5831
      ],
      [
       5383,
       5831
      ],
      [
       5377,
       5848
      ],
      [
       5358,
       5851
      ],
      [
       5345,
       5831
      ],
      [
       5278,
       5831
      ],
      [
       5267,
       5848
      ],
      [
       5278,
       5859
      ],
      [
       5241,
       5865
      ],
      [
       5241,
       5893
      ],
      [
       5252,
       5902
      ],
      [
       5241,
       5935
      ],
      [
       5269,
       5941
      ],
      [
       5276,
       5954
      ],
      [
       5243,
       5971
      ],
      [
       5243,
       5984
      ],
      [
       5256,
       5995
      ],
      [
       5243,
       6020
      ],
      [
       5243,
       6068
      ],
      [
       5254,
       6070
      ],
      [
       5272,
       6055
      ],
      [
       5282,
       6070
      ],
      [
       5308,
       6070
      ],
      [
       5319,
       6053
      ],
      [
       5325,
       6070
      ],
      [
       5355,
       6068
      ],
      [
       5375,
       6053
      ],
      [
       5377,
       6038
      ],
      [
       5388,
       6068
      ],
      [
       5401,
       6066
      ],
      [
       5411,
       6053
      ],
      [
       5424,
       6066
      ],
      [
       5448,
       6066
      ],
      [
       5465,
       6051
      ],
      [
       5469,
       6064
      ],
      [
       5489,
       6066
      ],
      [
       5515,
       6051
      ],
      [
       5519,
       6033
      ],
      [
       5523,
       6061
      ],
      [
       5551,
       6064
      ],
      [
       5560,
       6034
      ],
      [
       5657,
       6033
      ],
      [
       5663,
       5969
      ],
      [
       5653,
       5963
      ],
      [
       5637,
       5973
      ],
      [
       5627,
       5963
      ],
      [
       5633,
       5950
      ],
      [
       5616,
       5949
      ],
      [
       5629,
       5930
      ],
      [
       5650,
       5934
      ],
      [
       5661,
       5926
      ],
      [
       5661,
       5863
      ]
     ]
    ]
   },
   "properties": {
    "sheet": "01352_1889-0003",
    "outline_id": "01352_1889-0003:block:8:outline79",
    "block_id": "01352_1889-0003:block:8",
    "block_fid": 15,
    "block_number": "8",
    "text_inside": [
     "01",
     "2",
     "2",
     "2",
     "Jewelry",
     "Bank",
     "Ch",
     "12\"",
     "16\""
    ],
    "numerals_inside": [
     "01",
     "2",
     "2",
     "2"
    ],
    "words_inside": [
     "Jewelry",
     "Bank",
     "Ch"
    ],
    "floors": null,
    "wash_rgb": [
     227,
     208,
     205
    ],
    "wash_chroma": 3.2,
    "wash_lightness_delta": -16.7,
    "hue_deg": 8,
    "material": null,
    "area_source_px2": 87584,
    "centroid_source_px": [
     5443,
     5955
    ]
   }
  },
  {
   "type": "Feature",
   "id": 80,
   "geometry": {
    "type": "Polygon",
    "coordinates": [
     [
      [
       3965,
       5851
      ],
      [
       3354,
       5861
      ],
      [
       3360,
       5954
      ],
      [
       3440,
       5950
      ],
      [
       3446,
       5876
      ],
      [
       3536,
       5874
      ],
      [
       3536,
       5988
      ],
      [
       3528,
       5997
      ],
      [
       3534,
       6005
      ],
      [
       3808,
       6006
      ],
      [
       3806,
       6031
      ],
      [
       3797,
       6016
      ],
      [
       3780,
       6038
      ],
      [
       3769,
       6040
      ],
      [
       3771,
       6259
      ],
      [
       3763,
       6272
      ],
      [
       3550,
       6274
      ],
      [
       3547,
       6036
      ],
      [
       3539,
       6010
      ],
      [
       3502,
       6042
      ],
      [
       3496,
       6059
      ],
      [
       3362,
       6061
      ],
      [
       3354,
       6096
      ],
      [
       3220,
       6104
      ],
      [
       3222,
       6236
      ],
      [
       3304,
       6598
      ],
      [
       3371,
       6591
      ],
      [
       3472,
       6559
      ],
      [
       3485,
       6567
      ],
      [
       3504,
       6619
      ],
      [
       3519,
       6606
      ],
      [
       3509,
       6595
      ],
      [
       3519,
       6578
      ],
      [
       3528,
       6585
      ],
      [
       3567,
       6585
      ],
      [
       3562,
       6597
      ],
      [
       3543,
       6600
      ],
      [
       3554,
       6634
      ],
      [
       3537,
       6649
      ],
      [
       3513,
       6643
      ],
      [
       3494,
       6656
      ],
      [
       3328,
       6703
      ],
      [
       3397,
       7009
      ],
      [
       3407,
       7008
      ],
      [
       3407,
       6748
      ],
      [
       3642,
       6744
      ],
      [
       3644,
       6888
      ],
      [
       3661,
       6892
      ],
      [
       3663,
       6662
      ],
      [
       3857,
       6658
      ],
      [
       3860,
       6918
      ],
      [
       3827,
       6920
      ],
      [
       3853,
       6912
      ],
      [
       3847,
       6895
      ],
      [
       3649,
       6897
      ],
      [
       3646,
       6938
      ],
      [
       3668,
       6935
      ],
      [
       3687,
       6951
      ],
      [
       3696,
       6920
      ],
      [
       3726,
       6920
      ],
      [
       3702,
       6927
      ],
      [
       3700,
       6946
      ],
      [
       3715,
       6959
      ],
      [
       3728,
       6950
      ],
      [
       3728,
       6974
      ],
      [
       3743,
       6972
      ],
      [
       3760,
       6950
      ],
      [
       3756,
       6972
      ],
      [
       3767,
       6978
      ],
      [
       3705,
       6981
      ],
      [
       3698,
       7002
      ],
      [
       3692,
       6987
      ],
      [
       3668,
       6978
      ],
      [
       3646,
       6991
      ],
      [
       3642,
       7019
      ],
      [
       3502,
       7022
      ],
      [
       3500,
       7043
      ],
      [
       3515,
       7041
      ],
      [
       3509,
       7058
      ],
      [
       3530,
       7071
      ],
      [
       3547,
       7062
      ],
      [
       3569,
       7071
      ],
      [
       3590,
       7062
      ],
      [
       3618,
       7071
      ],
      [
       3640,
       7062
      ],
      [
       3664,
       7071
      ],
      [
       3676,
       7045
      ],
      [
       3694,
       7045
      ],
      [
       3696,
       7021
      ],
      [
       3705,
       7071
      ],
      [
       3991,
       7065
      ],
      [
       3986,
       6643
      ],
      [
       3976,
       6632
      ],
      [
       3864,
       6628
      ],
      [
       3864,
       6585
      ],
      [
       3872,
       6578
      ],
      [
       3984,
       6574
      ],
      [
       3973,
       5874
      ],
      [
       3965,
       5851
      ]
     ]
    ]
   },
   "properties": {
    "sheet": "01352_1889-0003",
    "outline_id": "01352_1889-0003:block:9:outline80",
    "block_id": "01352_1889-0003:block:9",
    "block_fid": 16,
    "block_number": "9",
    "text_inside": [
     "X",
     "X",
     "1",
     "1/2",
     "X",
     "THANK.",
     "TANK",
     "THANK.",
     "X"
    ],
    "numerals_inside": [
     "1"
    ],
    "words_inside": [
     "THANK.",
     "TANK",
     "THANK."
    ],
    "floors": null,
    "wash_rgb": [
     233,
     231,
     221
    ],
    "wash_chroma": 1.0,
    "wash_lightness_delta": 0.0,
    "hue_deg": 50,
    "material": null,
    "area_source_px2": 574917,
    "centroid_source_px": [
     3650,
     6395
    ]
   }
  },
  {
   "type": "Feature",
   "id": 81,
   "geometry": {
    "type": "Polygon",
    "coordinates": [
     [
      [
       3222,
       5859
      ],
      [
       3220,
       6090
      ],
      [
       3349,
       6089
      ],
      [
       3349,
       5872
      ],
      [
       3330,
       5872
      ],
      [
       3323,
       5857
      ],
      [
       3255,
       5857
      ],
      [
       3237,
       5885
      ],
      [
       3231,
       5870
      ],
      [
       3239,
       5861
      ],
      [
       3222,
       5859
      ]
     ]
    ]
   },
   "properties": {
    "sheet": "01352_1889-0003",
    "outline_id": "01352_1889-0003:block:9:outline81",
    "block_id": "01352_1889-0003:block:9",
    "block_fid": 16,
    "block_number": "9",
    "text_inside": [
     "9",
     "x",
     "Vac"
    ],
    "numerals_inside": [
     "9"
    ],
    "words_inside": [
     "Vac"
    ],
    "floors": null,
    "wash_rgb": [
     230,
     224,
     189
    ],
    "wash_chroma": 13.8,
    "wash_lightness_delta": -6.9,
    "hue_deg": 52,
    "material": null,
    "area_source_px2": 29050,
    "centroid_source_px": [
     3287,
     5983
    ]
   }
  },
  {
   "type": "Feature",
   "id": 82,
   "geometry": {
    "type": "Polygon",
    "coordinates": [
     [
      [
       3528,
       5889
      ],
      [
       3519,
       5887
      ],
      [
       3504,
       5907
      ],
      [
       3507,
       5881
      ],
      [
       3457,
       5881
      ],
      [
       3450,
       5958
      ],
      [
       3356,
       5962
      ],
      [
       3356,
       6051
      ],
      [
       3466,
       6051
      ],
      [
       3474,
       6033
      ],
      [
       3483,
       6049
      ],
      [
       3493,
       6049
      ],
      [
       3496,
       6016
      ],
      [
       3489,
       5995
      ],
      [
       3466,
       5990
      ],
      [
       3425,
       5999
      ],
      [
       3414,
       5992
      ],
      [
       3369,
       6001
      ],
      [
       3379,
       5984
      ],
      [
       3474,
       5977
      ],
      [
       3493,
       5980
      ],
      [
       3500,
       5992
      ],
      [
       3526,
       5988
      ],
      [
       3528,
       5889
      ]
     ]
    ]
   },
   "properties": {
    "sheet": "01352_1889-0003",
    "outline_id": "01352_1889-0003:block:9:outline82",
    "block_id": "01352_1889-0003:block:9",
    "block_fid": 16,
    "block_number": "9",
    "text_inside": [
     "1",
     "KITCHEN"
    ],
    "numerals_inside": [
     "1"
    ],
    "words_inside": [
     "KITCHEN"
    ],
    "floors": null,
    "wash_rgb": [
     228,
     223,
     191
    ],
    "wash_chroma": 12.3,
    "wash_lightness_delta": -7.9,
    "hue_deg": 52,
    "material": null,
    "area_source_px2": 17207,
    "centroid_source_px": [
     3450,
     5978
    ]
   }
  },
  {
   "type": "Feature",
   "id": 83,
   "geometry": {
    "type": "Polygon",
    "coordinates": [
     [
      [
       3761,
       6014
      ],
      [
       3735,
       6020
      ],
      [
       3724,
       6006
      ],
      [
       3578,
       6014
      ],
      [
       3586,
       6027
      ],
      [
       3597,
       6021
      ],
      [
       3612,
       6029
      ],
      [
       3584,
       6031
      ],
      [
       3578,
       6051
      ],
      [
       3567,
       6042
      ],
      [
       3552,
       6055
      ],
      [
       3554,
       6231
      ],
      [
       3575,
       6242
      ],
      [
       3580,
       6266
      ],
      [
       3730,
       6266
      ],
      [
       3743,
       6236
      ],
      [
       3763,
       6238
      ],
      [
       3761,
       6014
      ]
     ]
    ]
   },
   "properties": {
    "sheet": "01352_1889-0003",
    "outline_id": "01352_1889-0003:block:9:outline83",
    "block_id": "01352_1889-0003:block:9",
    "block_fid": 16,
    "block_number": "9",
    "text_inside": [
     "1/2",
     "0",
     "X"
    ],
    "numerals_inside": [
     "0"
    ],
    "words_inside": [],
    "floors": null,
    "wash_rgb": [
     230,
     224,
     193
    ],
    "wash_chroma": 12.1,
    "wash_lightness_delta": -6.7,
    "hue_deg": 50,
    "material": null,
    "area_source_px2": 50635,
    "centroid_source_px": [
     3657,
     6136
    ]
   }
  },
  {
   "type": "Feature",
   "id": 84,
   "geometry": {
    "type": "Polygon",
    "coordinates": [
     [
      [
       2704,
       6128
      ],
      [
       2327,
       6204
      ],
      [
       2331,
       6227
      ],
      [
       2488,
       6206
      ],
      [
       2497,
       6337
      ],
      [
       2643,
       6322
      ],
      [
       2671,
       6307
      ],
      [
       2703,
       6266
      ],
      [
       2714,
       6197
      ],
      [
       2704,
       6128
      ]
     ]
    ]
   },
   "properties": {
    "sheet": "01352_1889-0003",
    "outline_id": "01352_1889-0003:block:fid17:outline84",
    "block_id": "01352_1889-0003:block:fid17",
    "block_fid": 17,
    "block_number": null,
    "text_inside": [],
    "numerals_inside": [],
    "words_inside": [],
    "floors": null,
    "wash_rgb": [
     193,
     209,
     210
    ],
    "wash_chroma": 3.1,
    "wash_lightness_delta": -22.6,
    "hue_deg": 184,
    "material": null,
    "area_source_px2": 41641,
    "centroid_source_px": [
     2581,
     6230
    ]
   }
  },
  {
   "type": "Feature",
   "id": 85,
   "geometry": {
    "type": "Polygon",
    "coordinates": [
     [
      [
       2279,
       6251
      ],
      [
       2247,
       6260
      ],
      [
       2249,
       6585
      ],
      [
       2275,
       6597
      ],
      [
       2282,
       6585
      ],
      [
       2297,
       6589
      ],
      [
       2308,
       6574
      ],
      [
       2299,
       6557
      ],
      [
       2310,
       6533
      ],
      [
       2299,
       6524
      ],
      [
       2305,
       6475
      ],
      [
       2297,
       6464
      ],
      [
       2318,
       6471
      ],
      [
       2335,
       6455
      ],
      [
       2335,
       6421
      ],
      [
       2305,
       6419
      ],
      [
       2288,
       6397
      ],
      [
       2307,
       6343
      ],
      [
       2297,
       6335
      ],
      [
       2305,
       6324
      ],
      [
       2295,
       6300
      ],
      [
       2299,
       6266
      ],
      [
       2279,
       6251
      ]
     ]
    ]
   },
   "properties": {
    "sheet": "01352_1889-0003",
    "outline_id": "01352_1889-0003:block:fid17:outline85",
    "block_id": "01352_1889-0003:block:fid17",
    "block_fid": 17,
    "block_number": null,
    "text_inside": [
     "RCIAL COMP."
    ],
    "numerals_inside": [],
    "words_inside": [
     "RCIAL COMP."
    ],
    "floors": null,
    "wash_rgb": [
     229,
     225,
     206
    ],
    "wash_chroma": 6.0,
    "wash_lightness_delta": -5.4,
    "hue_deg": 50,
    "material": null,
    "area_source_px2": 19042,
    "centroid_source_px": [
     2277,
     6427
    ]
   }
  },
  {
   "type": "Feature",
   "id": 86,
   "geometry": {
    "type": "Polygon",
    "coordinates": [
     [
      [
       2811,
       6395
      ],
      [
       2790,
       6408
      ],
      [
       2785,
       6393
      ],
      [
       2772,
       6406
      ],
      [
       2781,
       6380
      ],
      [
       2755,
       6373
      ],
      [
       2491,
       6376
      ],
      [
       2486,
       6412
      ],
      [
       2519,
       6410
      ],
      [
       2519,
       6419
      ],
      [
       2538,
       6429
      ],
      [
       2533,
       6443
      ],
      [
       2488,
       6447
      ],
      [
       2484,
       6496
      ],
      [
       2480,
       6447
      ],
      [
       2443,
       6443
      ],
      [
       2445,
       6417
      ],
      [
       2480,
       6410
      ],
      [
       2478,
       6378
      ],
      [
       2372,
       6378
      ],
      [
       2357,
       6406
      ],
      [
       2340,
       6412
      ],
      [
       2344,
       6942
      ],
      [
       2363,
       6937
      ],
      [
       2368,
       6961
      ],
      [
       2482,
       6955
      ],
      [
       2482,
       6587
      ],
      [
       2458,
       6559
      ],
      [
       2480,
       6533
      ],
      [
       2480,
       6509
      ],
      [
       2488,
       6509
      ],
      [
       2493,
       6537
      ],
      [
       2501,
       6520
      ],
      [
       2555,
       6524
      ],
      [
       2557,
       6539
      ],
      [
       2583,
       6541
      ],
      [
       2581,
       6552
      ],
      [
       2512,
       6559
      ],
      [
       2488,
       6585
      ],
      [
       2493,
       6655
      ],
      [
       2787,
       6655
      ],
      [
       2792,
       6630
      ],
      [
       2803,
       6636
      ],
      [
       2802,
       6651
      ],
      [
       2809,
       6655
      ],
      [
       2811,
       6395
      ]
     ]
    ]
   },
   "properties": {
    "sheet": "01352_1889-0003",
    "outline_id": "01352_1889-0003:block:fid17:outline86",
    "block_id": "01352_1889-0003:block:fid17",
    "block_fid": 17,
    "block_number": null,
    "text_inside": [
     "1/2",
     "1",
     "TANK",
     "UW.RP.",
     "x",
     "0"
    ],
    "numerals_inside": [
     "1",
     "0"
    ],
    "words_inside": [
     "TANK",
     "UW.RP."
    ],
    "floors": null,
    "wash_rgb": [
     230,
     225,
     198
    ],
    "wash_chroma": 10.1,
    "wash_lightness_delta": -5.7,
    "hue_deg": 50,
    "material": null,
    "area_source_px2": 162589,
    "centroid_source_px": [
     2539,
     6593
    ]
   }
  },
  {
   "type": "Feature",
   "id": 87,
   "geometry": {
    "type": "Polygon",
    "coordinates": [
     [
      [
       3700,
       6427
      ],
      [
       3700,
       6447
      ],
      [
       3717,
       6449
      ],
      [
       3722,
       6462
      ],
      [
       3784,
       6462
      ],
      [
       3793,
       6430
      ],
      [
       3801,
       6492
      ],
      [
       3924,
       6492
      ],
      [
       3931,
       6483
      ],
      [
       3926,
       6443
      ],
      [
       3905,
       6449
      ],
      [
       3887,
       6438
      ],
      [
       3847,
       6442
      ],
      [
       3885,
       6414
      ],
      [
       3898,
       6391
      ],
      [
       3892,
       6384
      ],
      [
       3803,
       6384
      ],
      [
       3791,
       6412
      ],
      [
       3782,
       6399
      ],
      [
       3724,
       6399
      ],
      [
       3700,
       6427
      ]
     ]
    ]
   },
   "properties": {
    "sheet": "01352_1889-0003",
    "outline_id": "01352_1889-0003:block:9:outline87",
    "block_id": "01352_1889-0003:block:9",
    "block_fid": 16,
    "block_number": "9",
    "text_inside": [
     "X",
     "X"
    ],
    "numerals_inside": [],
    "words_inside": [],
    "floors": null,
    "wash_rgb": [
     230,
     224,
     190
    ],
    "wash_chroma": 13.4,
    "wash_lightness_delta": -6.9,
    "hue_deg": 52,
    "material": null,
    "area_source_px2": 16504,
    "centroid_source_px": [
     3818,
     6439
    ]
   }
  },
  {
   "type": "Feature",
   "id": 88,
   "geometry": {
    "type": "Polygon",
    "coordinates": [
     [
      [
       5457,
       6438
      ],
      [
       5461,
       6589
      ],
      [
       5610,
       6589
      ],
      [
       5622,
       6570
      ],
      [
       5639,
       6567
      ],
      [
       5637,
       6516
      ],
      [
       5568,
       6516
      ],
      [
       5568,
       6485
      ],
      [
       5596,
       6485
      ],
      [
       5594,
       6494
      ],
      [
       5607,
       6500
      ],
      [
       5637,
       6496
      ],
      [
       5637,
       6451
      ],
      [
       5627,
       6449
      ],
      [
       5614,
       6464
      ],
      [
       5624,
       6434
      ],
      [
       5457,
       6438
      ]
     ]
    ]
   },
   "properties": {
    "sheet": "01352_1889-0003",
    "outline_id": "01352_1889-0003:block:8:outline88",
    "block_id": "01352_1889-0003:block:8",
    "block_fid": 15,
    "block_number": "8",
    "text_inside": [
     "Vac.",
     "x"
    ],
    "numerals_inside": [],
    "words_inside": [
     "Vac."
    ],
    "floors": null,
    "wash_rgb": [
     230,
     223,
     189
    ],
    "wash_chroma": 13.4,
    "wash_lightness_delta": -7.7,
    "hue_deg": 50,
    "material": null,
    "area_source_px2": 24885,
    "centroid_source_px": [
     5541,
     6513
    ]
   }
  },
  {
   "type": "Feature",
   "id": 89,
   "geometry": {
    "type": "Polygon",
    "coordinates": [
     [
      [
       3479,
       6570
      ],
      [
       3459,
       6569
      ],
      [
       3352,
       6598
      ],
      [
       3356,
       6613
      ],
      [
       3409,
       6600
      ],
      [
       3425,
       6612
      ],
      [
       3409,
       6621
      ],
      [
       3409,
       6643
      ],
      [
       3362,
       6649
      ],
      [
       3349,
       6668
      ],
      [
       3371,
       6669
      ],
      [
       3382,
       6681
      ],
      [
       3494,
       6649
      ],
      [
       3498,
       6636
      ],
      [
       3479,
       6570
      ]
     ]
    ]
   },
   "properties": {
    "sheet": "01352_1889-0003",
    "outline_id": "01352_1889-0003:block:9:outline89",
    "block_id": "01352_1889-0003:block:9",
    "block_fid": 16,
    "block_number": "9",
    "text_inside": [
     "HOTEL",
     "RIMS.",
     "X"
    ],
    "numerals_inside": [],
    "words_inside": [
     "HOTEL",
     "RIMS."
    ],
    "floors": null,
    "wash_rgb": [
     228,
     220,
     185
    ],
    "wash_chroma": 14.7,
    "wash_lightness_delta": -9.9,
    "hue_deg": 48,
    "material": null,
    "area_source_px2": 9409,
    "centroid_source_px": [
     3437,
     6624
    ]
   }
  },
  {
   "type": "Feature",
   "id": 90,
   "geometry": {
    "type": "Polygon",
    "coordinates": [
     [
      [
       3849,
       6664
      ],
      [
       3670,
       6669
      ],
      [
       3674,
       6879
      ],
      [
       3689,
       6877
      ],
      [
       3687,
       6860
      ],
      [
       3696,
       6854
      ],
      [
       3717,
       6858
      ],
      [
       3719,
       6873
      ],
      [
       3707,
       6884
      ],
      [
       3713,
       6892
      ],
      [
       3821,
       6892
      ],
      [
       3855,
       6882
      ],
      [
       3849,
       6664
      ]
     ]
    ]
   },
   "properties": {
    "sheet": "01352_1889-0003",
    "outline_id": "01352_1889-0003:block:9:outline90",
    "block_id": "01352_1889-0003:block:9",
    "block_fid": 16,
    "block_number": "9",
    "text_inside": [
     "2½",
     "X"
    ],
    "numerals_inside": [
     "2½"
    ],
    "words_inside": [],
    "floors": null,
    "wash_rgb": [
     231,
     224,
     195
    ],
    "wash_chroma": 11.5,
    "wash_lightness_delta": -6.2,
    "hue_deg": 48,
    "material": null,
    "area_source_px2": 39279,
    "centroid_source_px": [
     3764,
     6772
    ]
   }
  },
  {
   "type": "Feature",
   "id": 91,
   "geometry": {
    "type": "Polygon",
    "coordinates": [
     [
      [
       3634,
       6754
      ],
      [
       3409,
       6757
      ],
      [
       3412,
       7036
      ],
      [
       3453,
       7030
      ],
      [
       3466,
       7054
      ],
      [
       3420,
       7058
      ],
      [
       3416,
       7069
      ],
      [
       3493,
       7069
      ],
      [
       3498,
       7015
      ],
      [
       3603,
       7013
      ],
      [
       3614,
       6987
      ],
      [
       3627,
       6993
      ],
      [
       3623,
       7011
      ],
      [
       3638,
       7009
      ],
      [
       3640,
       6987
      ],
      [
       3629,
       6970
      ],
      [
       3640,
       6940
      ],
      [
       3634,
       6754
      ]
     ]
    ]
   },
   "properties": {
    "sheet": "01352_1889-0003",
    "outline_id": "01352_1889-0003:block:9:outline91",
    "block_id": "01352_1889-0003:block:9",
    "block_fid": 16,
    "block_number": "9",
    "text_inside": [
     "X",
     "2½"
    ],
    "numerals_inside": [
     "2½"
    ],
    "words_inside": [],
    "floors": null,
    "wash_rgb": [
     228,
     220,
     186
    ],
    "wash_chroma": 13.7,
    "wash_lightness_delta": -10.1,
    "hue_deg": 48,
    "material": null,
    "area_source_px2": 61541,
    "centroid_source_px": [
     3520,
     6877
    ]
   }
  },
  {
   "type": "Feature",
   "id": 92,
   "geometry": {
    "type": "Polygon",
    "coordinates": [
     [
      [
       5678,
       7015
      ],
      [
       5672,
       6980
      ],
      [
       5652,
       6989
      ],
      [
       5635,
       6970
      ],
      [
       5597,
       6976
      ],
      [
       5612,
       6957
      ],
      [
       5609,
       6944
      ],
      [
       5644,
       6951
      ],
      [
       5661,
       6946
      ],
      [
       5657,
       6937
      ],
      [
       5635,
       6931
      ],
      [
       5648,
       6923
      ],
      [
       5648,
       6895
      ],
      [
       5489,
       6899
      ],
      [
       5482,
       6922
      ],
      [
       5470,
       6899
      ],
      [
       5411,
       6901
      ],
      [
       5386,
       6929
      ],
      [
       5413,
       6961
      ],
      [
       5472,
       6961
      ],
      [
       5483,
       6938
      ],
      [
       5487,
       7028
      ],
      [
       5495,
       7043
      ],
      [
       5650,
       7037
      ],
      [
       5657,
       7015
      ],
      [
       5678,
       7015
      ]
     ]
    ]
   },
   "properties": {
    "sheet": "01352_1889-0003",
    "outline_id": "01352_1889-0003:block:8:outline92",
    "block_id": "01352_1889-0003:block:8",
    "block_fid": 15,
    "block_number": "8",
    "text_inside": [
     "2.",
     "x",
     "Dmg.",
     "x"
    ],
    "numerals_inside": [],
    "words_inside": [
     "Dmg."
    ],
    "floors": null,
    "wash_rgb": [
     228,
     222,
     192
    ],
    "wash_chroma": 11.5,
    "wash_lightness_delta": -8.4,
    "hue_deg": 50,
    "material": null,
    "area_source_px2": 28012,
    "centroid_source_px": [
     5545,
     6964
    ]
   }
  }
 ]
}