{"type": "FeatureCollection", "crs": {"type": "name", "properties": {"name": "urn:ogc:def:crs:EPSG::32610"}}, "epsg": 32610, "crs_name": "WGS 84 / UTM zone 10N", "source": {"kind": "openstreetmap", "overpass": ["https://maps.mail.ru/osm/tools/overpass/api/interpreter", "https://overpass-api.de/api/interpreter", "https://overpass.kumi.systems/api/interpreter", "https://overpass.private.coffee/api/interpreter"], "licence": "ODbL 1.0 \u2014 \u00a9 OpenStreetMap contributors"}, "bbox_wgs84_swne": [48.405, -123.4, 48.45, -123.32], "fetched_utc": "2026-09-14T15:46:44.590579+00:00", "features": [{"type": "Feature", "geometry": {"type": "LineString", "coordinates": [[472773.075, 5363516.7], [472774.275, 5363523.208], [472784.087, 5363578.917], [472784.61, 5363583.127], [472785.599, 5363590.348]]}, "properties": {"name": "Government Street", "highway": "living_street", "osm_id": 4288281, "alt_name": null, "old_name": null, "official_name": null}}, {"type": "Feature", "geometry": {"type": "LineString", "coordinates": [[472645.807, 5363612.919], [472650.561, 5363612.273], [472691.219, 5363605.43], [472712.592, 5363602.393], [472721.338, 5363601.039], [472726.143, 5363600.315], [472773.386, 5363592.218], [472773.638, 5363592.173], [472776.742, 5363591.658], [472785.599, 5363590.348]]}, "properties": {"name": "Fort Street", "highway": "secondary", "osm_id": 4288282, "alt_name": null, "old_name": null, "official_name": null}}, {"type": "Feature", "geometry": {"type": "LineString", "coordinates": [[472938.069, 5363954.244], [472937.023, 5363947.457], [472930.211, 5363905.828], [472924.714, 5363871.696], [472923.526, 5363864.666], [472922.751, 5363860.323], [472921.775, 5363854.314], [472914.313, 5363808.331], [472908.56, 5363771.833], [472907.286, 5363763.769]]}, "properties": {"name": "Broad Street", "highway": "living_street", "osm_id": 4288288, "alt_name": null, "old_name": null, "official_name": null}}, {"type": "Feature", "geometry": {"type": "LineString", "coordinates": [[472861.513, 5365086.628], [472855.795, 5365101.829], [472854.473, 5365105.336], [472845.848, 5365128.276]]}, "properties": {"name": "Douglas Street", "highway": "primary", "osm_id": 4288291, "alt_name": null, "old_name": null, "official_name": null}}, {"type": "Feature", "geometry": {"type": "LineString", "coordinates": [[473041.207, 5363051.952], [473050.993, 5363066.9], [473064.804, 5363088.088], [473070.242, 5363095.843], [473072.661, 5363098.788], [473078.109, 5363105.565]]}, "properties": {"name": "Blanshard Street", "highway": "primary", "osm_id": 4288293, "alt_name": null, "old_name": null, "official_name": null}}, {"type": "Feature", "geometry": {"type": "LineString", "coordinates": [[476274.141, 5363753.105], [476274.282, 5363744.412], [476277.504, 5363605.665]]}, "properties": {"name": "Mitchell Street", "highway": "residential", "osm_id": 4289838, "alt_name": null, "old_name": null, "official_name": null}}, {"type": "Feature", "geometry": {"type": "LineString", "coordinates": [[476072.007, 5363749.931], [476075.034, 5363592.399], [476077.399, 5363556.853]]}, "properties": {"name": "Amphion Street", "highway": "residential", "osm_id": 4289842, "alt_name": null, "old_name": null, "official_name": null}}, {"type": "Feature", "geometry": {"type": "LineString", "coordinates": [[475989.445, 5363500.057], [475983.355, 5363712.691], [475983.291, 5363718.571], [475982.946, 5363750.586]]}, "properties": {"name": "Redfern Street", "highway": "residential", "osm_id": 4289843, "alt_name": null, "old_name": null, "official_name": null}}, {"type": "Feature", "geometry": {"type": "LineString", "coordinates": [[475896.614, 5363751.086], [475897.486, 5363712.744], [475897.513, 5363712.111], [475901.504, 5363500.608]]}, "properties": {"name": "Davie Street", "highway": "residential", "osm_id": 4289844, "alt_name": null, "old_name": null, "official_name": null}}, {"type": "Feature", "geometry": {"type": "LineString", "coordinates": [[475809.564, 5363751.679], [475809.803, 5363741.841], [475810.552, 5363711.003], [475815.641, 5363501.141]]}, "properties": {"name": "Chamberlain Street", "highway": "residential", "osm_id": 4289845, "alt_name": null, "old_name": null, "official_name": null}}, {"type": "Feature", "geometry": {"type": "LineString", "coordinates": [[473454.63, 5364046.85], [473444.505, 5364051.966], [473441.871, 5364053.568], [473430.444, 5364058.746], [473417.166, 5364063.554], [473400.442, 5364067.112], [473391.399, 5364067.988], [473373.475, 5364069.718], [473280.337, 5364078.682], [473272.632, 5364079.418], [473247.477, 5364081.838], [473243.73, 5364082.656], [473238.949, 5364083.779], [473229.036, 5364086.738]]}, "properties": {"name": "Fisgard Street", "highway": "tertiary", "osm_id": 4290376, "alt_name": null, "old_name": null, "official_name": null}}, {"type": "Feature", "geometry": {"type": "LineString", "coordinates": [[472838.781, 5364371.856], [472850.884, 5364371.976], [472853.369, 5364372.008], [472876.502, 5364372.287], [472910.302, 5364372.692], [472970.718, 5364373.426], [472981.704, 5364373.551], [473011.687, 5364373.931], [473017.065, 5364373.994], [473018.877, 5364374.019], [473033.51, 5364374.249]]}, "properties": {"name": "Discovery Street", "highway": "unclassified", "osm_id": 4290381, "alt_name": null, "old_name": null, "official_name": null}}, {"type": "Feature", "geometry": {"type": "LineString", "coordinates": [[473030.304, 5364466.969], [473017.151, 5364466.62], [473013.991, 5364466.458], [472983.04, 5364465.972], [472970.412, 5364465.765], [472923.688, 5364464.988], [472872.481, 5364464.143], [472851.006, 5364463.768], [472848.143, 5364463.76], [472845.524, 5364463.728], [472838.23, 5364463.529]]}, "properties": {"name": "Pembroke Street", "highway": "tertiary", "osm_id": 4290382, "alt_name": null, "old_name": null, "official_name": null}}, {"type": "Feature", "geometry": {"type": "LineString", "coordinates": [[472835.877, 5364555.912], [472846.133, 5364555.218], [472857.543, 5364554.441], [472972.98, 5364546.597]]}, "properties": {"name": "Princess Avenue", "highway": "unclassified", "osm_id": 4290386, "alt_name": null, "old_name": null, "official_name": null}}, {"type": "Feature", "geometry": {"type": "LineString", "coordinates": [[472833.338, 5364635.846], [472845.111, 5364635.2], [473012.402, 5364623.407], [473014.48, 5364623.297], [473026.814, 5364622.449]]}, "properties": {"name": "Queens Avenue", "highway": "unclassified", "osm_id": 4290400, "alt_name": null, "old_name": null, "official_name": null}}, {"type": "Feature", "geometry": {"type": "LineString", "coordinates": [[472996.69, 5364711.64], [473010.478, 5364710.163], [473013.243, 5364709.85], [473089.738, 5364701.693]]}, "properties": {"name": "Field Street", "highway": "unclassified", "osm_id": 4290401, "alt_name": null, "old_name": null, "official_name": null}}, {"type": "Feature", "geometry": {"type": "LineString", "coordinates": [[472104.835, 5364675.29], [472157.897, 5364689.724]]}, "properties": {"name": "Bay Street", "highway": "secondary", "osm_id": 4290403, "alt_name": null, "old_name": null, "official_name": null}}, {"type": "Feature", "geometry": {"type": "LineString", "coordinates": [[472939.529, 5364868.266], [472953.464, 5364872.923], [473024.436, 5364896.617], [473077.921, 5364915.437]]}, "properties": {"name": "Kings Road", "highway": "unclassified", "osm_id": 4290407, "alt_name": null, "old_name": null, "official_name": null}}, {"type": "Feature", "geometry": {"type": "LineString", "coordinates": [[472830.314, 5365169.601], [472842.984, 5365174.22], [472845.473, 5365175.13], [472873.517, 5365185.445], [472903.227, 5365196.074], [472951.86, 5365213.782], [473013.148, 5365228.573]]}, "properties": {"name": "Market Street", "highway": "unclassified", "osm_id": 4290415, "alt_name": null, "old_name": null, "official_name": null}}, {"type": "Feature", "geometry": {"type": "LineString", "coordinates": [[472751.566, 5365389.169], [472737.115, 5365386.337], [472734.369, 5365385.873], [472603.799, 5365360.881], [472471.225, 5365336.047]]}, "properties": {"name": "Garbally Road", "highway": "unclassified", "osm_id": 4290417, "alt_name": null, "old_name": null, "official_name": null}}, {"type": "Feature", "geometry": {"type": "LineString", "coordinates": [[472685.02, 5365573.61], [472697.886, 5365576.204], [472702.276, 5365577.083], [472809.439, 5365598.666]]}, "properties": {"name": "Summit Avenue", "highway": "unclassified", "osm_id": 4290440, "alt_name": null, "old_name": null, "official_name": null}}, {"type": "Feature", "geometry": {"type": "LineString", "coordinates": [[472654.929, 5365650.631], [472668.402, 5365653.389], [472672.4, 5365654.215], [472717.891, 5365663.599], [472771.069, 5365673.725], [472776.998, 5365679.455], [472785.818, 5365694.207], [472791.752, 5365704.127]]}, "properties": {"name": "Spruce Avenue", "highway": "unclassified", "osm_id": 4290441, "alt_name": null, "old_name": null, "official_name": null}}, {"type": "Feature", "geometry": {"type": "LineString", "coordinates": [[472610.51, 5365758.934], [472623.602, 5365760.95], [472627.443, 5365761.543], [472653.047, 5365766.299], [472672.216, 5365769.307], [472708.094, 5365776.093], [472718.176, 5365778.001]]}, "properties": {"name": "Larch Street", "highway": "unclassified", "osm_id": 4290442, "alt_name": null, "old_name": null, "official_name": null}}, {"type": "Feature", "geometry": {"type": "LineString", "coordinates": [[472352.28, 5365738.436], [472360.529, 5365741.986], [472365.546, 5365744.14], [472406.099, 5365761.594], [472502.185, 5365800.732]]}, "properties": {"name": "Finlayson Street", "highway": "secondary", "osm_id": 4290443, "alt_name": null, "old_name": null, "official_name": null}}, {"type": "Feature", "geometry": {"type": "LineString", "coordinates": [[472260.505, 5365806.768], [472268.027, 5365810.122], [472335.513, 5365838.037], [472439.215, 5365878.492], [472457.442, 5365885.607], [472535.706, 5365916.139], [472549.643, 5365921.574]]}, "properties": {"name": "Frances Avenue", "highway": "unclassified", "osm_id": 4290444, "alt_name": null, "old_name": null, "official_name": null}}, {"type": "Feature", "geometry": {"type": "LineString", "coordinates": [[472482.616, 5366088.201], [472469.753, 5366085.885], [472465.386, 5366085.106], [472436.535, 5366079.922], [472379.085, 5366069.608], [472335.244, 5366062.964], [472288.155, 5366055.836], [472258.723, 5366051.389], [472194.883, 5366042.643], [472179.111, 5366036.94], [472175.575, 5366035.246], [472144.665, 5366020.503], [472131.055, 5366009.343], [472083.363, 5365949.164], [472080.535, 5365945.599], [472076.011, 5365939.885]]}, "properties": {"name": "Alpha Street", "highway": "unclassified", "osm_id": 4290445, "alt_name": null, "old_name": null, "official_name": null}}, {"type": "Feature", "geometry": {"type": "LineString", "coordinates": [[473925.361, 5366375.315], [473852.048, 5366363.593], [473830.366, 5366360.125], [473814.7, 5366357.619], [473790.361, 5366353.73], [473721.17, 5366342.668], [473577.267, 5366319.661], [473554.311, 5366315.989]]}, "properties": {"name": "Tolmie Avenue", "highway": "residential", "osm_id": 4290447, "alt_name": null, "old_name": null, "official_name": null}}, {"type": "Feature", "geometry": {"type": "LineString", "coordinates": [[472494.431, 5366273.242], [472606.534, 5366314.227]]}, "properties": {"name": "Roderick Street", "highway": "unclassified", "osm_id": 4290453, "alt_name": null, "old_name": null, "official_name": null}}, {"type": "Feature", "geometry": {"type": "LineString", "coordinates": [[473564.549, 5365743.507], [473551.486, 5365815.597], [473540.664, 5365875.339], [473537.965, 5365891.202], [473519.662, 5365997.131], [473518.783, 5366002.137], [473517.703, 5366008.323], [473516.261, 5366016.222], [473516.001, 5366017.668], [473467.459, 5366279.38], [473464.244, 5366297.136], [473463.3, 5366302.354]]}, "properties": {"name": "Jackson Street", "highway": "residential", "osm_id": 4290823, "alt_name": null, "old_name": null, "official_name": null}}, {"type": "Feature", "geometry": {"type": "LineString", "coordinates": [[473440.633, 5365721.622], [473472.443, 5365564.242], [473503.854, 5365393.98]]}, "properties": {"name": "Fifth Street", "highway": "residential", "osm_id": 4290824, "alt_name": null, "old_name": null, "official_name": null}}, {"type": "Feature", "geometry": {"type": "LineString", "coordinates": [[473577.267, 5366319.661], [473584.104, 5366289.006], [473626.327, 5366037.995], [473626.528, 5366036.76], [473627.917, 5366028.384]]}, "properties": {"name": "Somerset Street", "highway": "residential", "osm_id": 4290825, "alt_name": null, "old_name": null, "official_name": null}}, {"type": "Feature", "geometry": {"type": "LineString", "coordinates": [[473639.712, 5366241.26], [473637.775, 5366231.799], [473647.716, 5366179.931], [473652.323, 5366164.059], [473673.967, 5366046.199], [473675.568, 5366037.488]]}, "properties": {"name": "Blackwood Street", "highway": "residential", "osm_id": 4290826, "alt_name": null, "old_name": null, "official_name": null}}, {"type": "Feature", "geometry": {"type": "LineString", "coordinates": [[473639.712, 5366241.26], [473647.528, 5366247.671], [473693.633, 5366255.327], [473725.555, 5366235.97], [473757.304, 5366062.608], [473757.614, 5366060.906], [473759.092, 5366052.818]]}, "properties": {"name": "Stevenson Place", "highway": "residential", "osm_id": 4290827, "alt_name": null, "old_name": null, "official_name": null}}, {"type": "Feature", "geometry": {"type": "LineString", "coordinates": [[473796.8, 5366314.973], [473834.674, 5366106.634], [473840.862, 5366077.572], [473841.209, 5366075.892], [473842.75, 5366068.426]]}, "properties": {"name": "Mars Street", "highway": "residential", "osm_id": 4290828, "alt_name": null, "old_name": null, "official_name": null}}, {"type": "Feature", "geometry": {"type": "LineString", "coordinates": [[474347.016, 5366143.928], [474534.275, 5366135.202], [474544.241, 5366134.701]]}, "properties": {"name": "Finlayson Place", "highway": "residential", "osm_id": 4290830, "alt_name": null, "old_name": null, "official_name": null}}, {"type": "Feature", "geometry": {"type": "LineString", "coordinates": [[474165.668, 5366128.524], [474313.081, 5366158.477], [474323.804, 5366161.863], [474330.35, 5366163.934], [474344.35, 5366169.084], [474374.042, 5366180.899], [474386.644, 5366186.111], [474400.521, 5366190.294], [474415.067, 5366193.685], [474429.665, 5366195.509], [474440.273, 5366196.228], [474449.057, 5366196.166], [474462.936, 5366195.803], [474475.964, 5366195.445], [474549.001, 5366191.859], [474554.953, 5366191.565], [474565.104, 5366191.164]]}, "properties": {"name": "Finlayson Street", "highway": "tertiary", "osm_id": 4290831, "alt_name": null, "old_name": null, "official_name": null}}, {"type": "Feature", "geometry": {"type": "LineString", "coordinates": [[474670.418, 5366259.998], [474667.28, 5366194.796], [474666.482, 5366185.04]]}, "properties": {"name": "Kenya Place", "highway": "residential", "osm_id": 4290833, "alt_name": null, "old_name": null, "official_name": null}}, {"type": "Feature", "geometry": {"type": "LineString", "coordinates": [[474838.07, 5366332.792], [474839.738, 5366445.163]]}, "properties": {"name": "Wetherby Road", "highway": "residential", "osm_id": 4290835, "alt_name": null, "old_name": null, "official_name": null}}, {"type": "Feature", "geometry": {"type": "LineString", "coordinates": [[475185.849, 5366225.458], [475188.288, 5366326.266]]}, "properties": {"name": "Wordsworth Street", "highway": "residential", "osm_id": 4290837, "alt_name": null, "old_name": null, "official_name": null}}, {"type": "Feature", "geometry": {"type": "LineString", "coordinates": [[475379.908, 5365905.136], [475385.965, 5365908.8]]}, "properties": {"name": "Lansdowne Road", "highway": "tertiary", "osm_id": 4290838, "alt_name": null, "old_name": null, "official_name": null}}, {"type": "Feature", "geometry": {"type": "LineString", "coordinates": [[475806.451, 5365959.787], [475809.465, 5366083.747], [475812.868, 5366160.219]]}, "properties": {"name": "Frechette Street", "highway": "residential", "osm_id": 4290839, "alt_name": null, "old_name": null, "official_name": null}}, {"type": "Feature", "geometry": {"type": "LineString", "coordinates": [[475723.396, 5366161.48], [475723.123, 5366153.078], [475723.03, 5366150.232], [475718.293, 5365957.785]]}, "properties": {"name": "Service Street", "highway": "residential", "osm_id": 4290840, "alt_name": null, "old_name": null, "official_name": null}}, {"type": "Feature", "geometry": {"type": "LineString", "coordinates": [[475551.165, 5366163.644], [475542.536, 5365963.533], [475542.322, 5365958.532]]}, "properties": {"name": "Aldridge Street", "highway": "residential", "osm_id": 4290841, "alt_name": null, "old_name": null, "official_name": null}}, {"type": "Feature", "geometry": {"type": "LineString", "coordinates": [[475840.573, 5365862.902], [476003.819, 5365858.684]]}, "properties": {"name": "Watson Street", "highway": "residential", "osm_id": 4290843, "alt_name": null, "old_name": null, "official_name": null}}, {"type": "Feature", "geometry": {"type": "LineString", "coordinates": [[475825.378, 5365764.871], [475999.257, 5365761.041], [476189.438, 5365754.458], [476200.647, 5365754.067]]}, "properties": {"name": "Cochrane Street", "highway": "residential", "osm_id": 4290844, "alt_name": null, "old_name": null, "official_name": null}}, {"type": "Feature", "geometry": {"type": "LineString", "coordinates": [[476000.183, 5365669.033], [476186.557, 5365660.432], [476189.175, 5365660.332], [476196.384, 5365660.046]]}, "properties": {"name": "Forrester Street", "highway": "residential", "osm_id": 4290845, "alt_name": null, "old_name": null, "official_name": null}}, {"type": "Feature", "geometry": {"type": "LineString", "coordinates": [[475993.668, 5365574.889], [476184.517, 5365567.559], [476187.113, 5365567.459], [476193.945, 5365567.197]]}, "properties": {"name": "Taylor Street", "highway": "residential", "osm_id": 4290846, "alt_name": null, "old_name": null, "official_name": null}}, {"type": "Feature", "geometry": {"type": "LineString", "coordinates": [[476190.449, 5365474.418], [476201.763, 5365473.937], [476234.535, 5365472.543], [476285.497, 5365470.462], [476409.451, 5365465.387], [476415.714, 5365465.128], [476422.242, 5365464.622], [476691.93, 5365443.62], [476735.58, 5365440.073], [476776.216, 5365437.26], [476885.456, 5365436.524], [476896.445, 5365436.446]]}, "properties": {"name": "Neil Street", "highway": "residential", "osm_id": 4290847, "alt_name": null, "old_name": null, "official_name": null}}, {"type": "Feature", "geometry": {"type": "LineString", "coordinates": [[475772.316, 5365396.526], [475976.706, 5365389.286]]}, "properties": {"name": "Allenby Street", "highway": "residential", "osm_id": 4290848, "alt_name": null, "old_name": null, "official_name": null}}, {"type": "Feature", "geometry": {"type": "LineString", "coordinates": [[475454.509, 5365633.602], [475449.635, 5365623.296], [475447.981, 5365617.123], [475446.776, 5365567.63], [475442.472, 5365479.146], [475442.54, 5365464.207], [475442.867, 5365454.29], [475445.103, 5365446.355], [475449.42, 5365437.277], [475465.858, 5365417.798], [475475.682, 5365406.351], [475519.515, 5365354.518], [475526.122, 5365346.708], [475530.235, 5365343.278], [475534.771, 5365340.435], [475540.292, 5365337.977], [475546.121, 5365336.362], [475572.874, 5365331.812], [475596.807, 5365328.307], [475630.91, 5365323.303], [475639.721, 5365322.009], [475678.34, 5365316.352], [475695.081, 5365313.668], [475702.309, 5365312.503], [475750.531, 5365305.771], [475759.211, 5365305.145], [475976.706, 5365295.181]]}, "properties": {"name": "Townley Street", "highway": "residential", "osm_id": 4290849, "alt_name": null, "old_name": null, "official_name": null}}, {"type": "Feature", "geometry": {"type": "LineString", "coordinates": [[476652.554, 5365075.489], [476644.245, 5365076.757], [476638.576, 5365077.625], [476529.27, 5365083.702], [476427.544, 5365087.703], [476422.501, 5365087.902], [476415.549, 5365088.198], [476186.403, 5365097.838], [476176.161, 5365098.27]]}, "properties": {"name": "Newton Street", "highway": "residential", "osm_id": 4290850, "alt_name": null, "old_name": null, "official_name": null}}, {"type": "Feature", "geometry": {"type": "LineString", "coordinates": [[475396.369, 5364919.419], [475595.914, 5364913.265], [475702.727, 5364909.982]]}, "properties": {"name": "Carrick Street", "highway": "residential", "osm_id": 4290852, "alt_name": null, "old_name": null, "official_name": null}}, {"type": "Feature", "geometry": {"type": "LineString", "coordinates": [[475376.437, 5364341.305], [475607.027, 5364323.178], [475618.355, 5364322.284]]}, "properties": {"name": "Coronation Avenue", "highway": "residential", "osm_id": 4290854, "alt_name": null, "old_name": null, "official_name": null}}, {"type": "Feature", "geometry": {"type": "LineString", "coordinates": [[475486.33, 5364249.024], [475506.229, 5364223.239], [475568.514, 5364142.504], [475575.241, 5364136.373], [475576.733, 5364135.666], [475586.522, 5364131.011]]}, "properties": {"name": "Birch Street", "highway": "residential", "osm_id": 4290856, "alt_name": null, "old_name": null, "official_name": null}}, {"type": "Feature", "geometry": {"type": "LineString", "coordinates": [[475381.432, 5363977.491], [475389.162, 5363970.399], [475409.327, 5363970.134], [475422.924, 5363970.219]]}, "properties": {"name": "Leighton Road", "highway": "residential", "osm_id": 4290858, "alt_name": null, "old_name": null, "official_name": null}}, {"type": "Feature", "geometry": {"type": "LineString", "coordinates": [[475669.481, 5363752.823], [475669.523, 5363761.093], [475669.54, 5363764.973], [475669.955, 5363856.497], [475670.871, 5363968.093]]}, "properties": {"name": "Bank Street", "highway": "residential", "osm_id": 4290859, "alt_name": null, "old_name": null, "official_name": null}}, {"type": "Feature", "geometry": {"type": "LineString", "coordinates": [[475730.157, 5363501.918], [475724.084, 5363705.904]]}, "properties": {"name": "Clare Street", "highway": "residential", "osm_id": 4290860, "alt_name": null, "old_name": null, "official_name": null}}, {"type": "Feature", "geometry": {"type": "LineString", "coordinates": [[475771.261, 5363967.185], [475771.266, 5363963.117], [475771.295, 5363940.463], [475770.721, 5363871.882], [475770.167, 5363806.336], [475769.788, 5363762.731], [475769.689, 5363751.772]]}, "properties": {"name": "Fell Street", "highway": "residential", "osm_id": 4290861, "alt_name": null, "old_name": null, "official_name": null}}, {"type": "Feature", "geometry": {"type": "LineString", "coordinates": [[476054.333, 5364164.695], [476044.902, 5364164.702], [476011.911, 5364165.075], [475968.467, 5364165.47]]}, "properties": {"name": "Bourchier Street", "highway": "residential", "osm_id": 4291711, "alt_name": null, "old_name": null, "official_name": null}}, {"type": "Feature", "geometry": {"type": "LineString", "coordinates": [[476383.531, 5363929.652], [476139.501, 5363938.278], [476133.242, 5363938.104]]}, "properties": {"name": "Byron Street", "highway": "residential", "osm_id": 4291714, "alt_name": null, "old_name": null, "official_name": null}}, {"type": "Feature", "geometry": {"type": "LineString", "coordinates": [[476386.939, 5364023.231], [476354.758, 5364024.588], [476142.689, 5364033.069], [476135.004, 5364033.38]]}, "properties": {"name": "Milton Street", "highway": "residential", "osm_id": 4291715, "alt_name": null, "old_name": null, "official_name": null}}, {"type": "Feature", "geometry": {"type": "LineString", "coordinates": [[476311.124, 5364110.65], [476145.661, 5364117.069], [476138.679, 5364117.342]]}, "properties": {"name": "Meadow Place", "highway": "residential", "osm_id": 4291717, "alt_name": null, "old_name": null, "official_name": null}}, {"type": "Feature", "geometry": {"type": "LineString", "coordinates": [[476231.013, 5364196.164], [476292.209, 5364193.785], [476343.25, 5364191.77]]}, "properties": {"name": "Goldsmith Street", "highway": "residential", "osm_id": 4291719, "alt_name": null, "old_name": null, "official_name": null}}, {"type": "Feature", "geometry": {"type": "LineString", "coordinates": [[476259.994, 5364411.163], [476256.834, 5364419.479], [476256.704, 5364422.014], [476258.448, 5364472.905], [476260.123, 5364524.864], [476266.209, 5364674.354], [476269.593, 5364767.155], [476270.228, 5364784.471], [476270.453, 5364790.65]]}, "properties": {"name": "Florence Street", "highway": "residential", "osm_id": 4291721, "alt_name": null, "old_name": null, "official_name": null}}, {"type": "Feature", "geometry": {"type": "LineString", "coordinates": [[474531.341, 5363518.662], [474525.304, 5363520.301], [474506.468, 5363525.21], [474466.926, 5363535.503], [474440.014, 5363542.738]]}, "properties": {"name": "Yates Street", "highway": "secondary", "osm_id": 4291795, "alt_name": null, "old_name": null, "official_name": null}}, {"type": "Feature", "geometry": {"type": "LineString", "coordinates": [[473823.504, 5363511.561], [473809.443, 5363513.827], [473805.414, 5363514.479], [473776.367, 5363519.171], [473760.746, 5363521.689], [473734.576, 5363525.912], [473710.165, 5363529.849], [473646.107, 5363540.184], [473644.222, 5363540.481], [473633.687, 5363542.176], [473622.864, 5363543.927], [473618.731, 5363544.591], [473614.104, 5363545.335], [473606.903, 5363546.502], [473599.864, 5363547.335], [473597.098, 5363547.659], [473592.094, 5363548.527], [473564.121, 5363553.371], [473551.776, 5363555.507], [473527.647, 5363559.677], [473506.38, 5363563.356], [473495.099, 5363565.309]]}, "properties": {"name": "View Street", "highway": "tertiary", "osm_id": 4291797, "alt_name": null, "old_name": null, "official_name": null}}, {"type": "Feature", "geometry": {"type": "LineString", "coordinates": [[475730.157, 5363501.918], [475744.731, 5363501.689], [475762.708, 5363501.478], [475815.641, 5363501.141], [475823.809, 5363501.095], [475838.812, 5363500.998]]}, "properties": {"name": "Brighton Avenue", "highway": "residential", "osm_id": 4294602, "alt_name": null, "old_name": null, "official_name": null}}, {"type": "Feature", "geometry": {"type": "LineString", "coordinates": [[476077.733, 5363492.147], [476088.744, 5363494.435], [476099.311, 5363496.747], [476105.511, 5363500.278]]}, "properties": {"name": "Brighton Avenue", "highway": "residential", "osm_id": 4294603, "alt_name": null, "old_name": null, "official_name": null}}, {"type": "Feature", "geometry": {"type": "LineString", "coordinates": [[476279.439, 5363491.877], [476337.767, 5363493.534], [476429.022, 5363494.488], [476466.374, 5363499.324]]}, "properties": {"name": "Brighton Avenue", "highway": "residential", "osm_id": 4294604, "alt_name": null, "old_name": null, "official_name": null}}, {"type": "Feature", "geometry": {"type": "LineString", "coordinates": [[476077.733, 5363492.147], [476080.777, 5363429.898], [476087.088, 5363393.079], [476087.08, 5363386.099], [476081.721, 5363378.485], [476073.054, 5363375.865], [476015.376, 5363375.864]]}, "properties": {"name": "Brighton Crescent", "highway": "residential", "osm_id": 4294605, "alt_name": null, "old_name": null, "official_name": null}}, {"type": "Feature", "geometry": {"type": "LineString", "coordinates": [[476015.376, 5363375.864], [476018.205, 5363213.965], [476019.966, 5363123.099]]}, "properties": {"name": "Redfern Street", "highway": "residential", "osm_id": 4294606, "alt_name": null, "old_name": null, "official_name": null}}, {"type": "Feature", "geometry": {"type": "LineString", "coordinates": [[475957.381, 5363123.464], [475964.034, 5363132.506], [475964.24, 5363140.908], [475954.038, 5363500.274]]}, "properties": {"name": "Cowichan Street", "highway": "residential", "osm_id": 4294634, "alt_name": null, "old_name": null, "official_name": null}}, {"type": "Feature", "geometry": {"type": "LineString", "coordinates": [[476007.192, 5365940.947], [476006.862, 5365932.846], [476003.819, 5365858.684], [476003.673, 5365855.594], [476002.027, 5365817.875], [475999.257, 5365761.041], [475998.172, 5365726.665], [475995.034, 5365673.957]]}, "properties": {"name": "Dean Avenue", "highway": "residential", "osm_id": 4388500, "alt_name": null, "old_name": null, "official_name": null}}, {"type": "Feature", "geometry": {"type": "LineString", "coordinates": [[475632.079, 5365957.433], [475638.875, 5366161.887]]}, "properties": {"name": "Carman Street", "highway": "residential", "osm_id": 4388503, "alt_name": null, "old_name": null, "official_name": null}}, {"type": "Feature", "geometry": {"type": "LineString", "coordinates": [[475464.257, 5366164.609], [475460.354, 5365990.922]]}, "properties": {"name": "Kingsley Street", "highway": "residential", "osm_id": 4388504, "alt_name": null, "old_name": null, "official_name": null}}, {"type": "Feature", "geometry": {"type": "LineString", "coordinates": [[475247.434, 5365828.093], [475247.08, 5365814.967], [475247.011, 5365812.511], [475246.268, 5365784.825], [475245.095, 5365741.312], [475243.48, 5365681.539], [475243.444, 5365680.172]]}, "properties": {"name": "Scott Street", "highway": "residential", "osm_id": 4388506, "alt_name": null, "old_name": null, "official_name": null}}, {"type": "Feature", "geometry": {"type": "LineString", "coordinates": [[475165.945, 5365779.263], [475172.019, 5365769.666], [475173.091, 5365767.771], [475173.71, 5365765.768], [475173.486, 5365749.929], [475173.307, 5365741.249], [475172.11, 5365684.075], [475172.054, 5365681.407]]}, "properties": {"name": "Shakespeare Street", "highway": "residential", "osm_id": 4388507, "alt_name": null, "old_name": null, "official_name": null}}, {"type": "Feature", "geometry": {"type": "LineString", "coordinates": [[474928.3, 5365269.024], [474928.999, 5365281.649], [474929.296, 5365296.965], [474929.826, 5365324.718], [474930.25, 5365363.699], [474930.647, 5365371.522], [474931.918, 5365431.53], [474932.995, 5365460.948], [474933.583, 5365486.901], [474920.234, 5365510.147], [474915.5, 5365518.405], [474911.662, 5365525.091], [474907.838, 5365531.711], [474871.479, 5365592.908], [474867.003, 5365601.064]]}, "properties": {"name": "Belmont Avenue", "highway": "residential", "osm_id": 4388531, "alt_name": null, "old_name": null, "official_name": null}}, {"type": "Feature", "geometry": {"type": "LineString", "coordinates": [[474706.9, 5365378.453], [474710.726, 5365375.479], [474716.642, 5365373.863], [474833.939, 5365373.452], [474855.215, 5365373.024], [474874.066, 5365372.651], [474920.087, 5365371.78], [474930.647, 5365371.522]]}, "properties": {"name": "Hamilton Road", "highway": "residential", "osm_id": 4388533, "alt_name": null, "old_name": null, "official_name": null}}, {"type": "Feature", "geometry": {"type": "LineString", "coordinates": [[473918.936, 5364880.656], [473914.196, 5364887.369], [473908.681, 5364899.166], [473906.697, 5364906.812], [473879.685, 5365049.661], [473878.921, 5365055.634], [473879.357, 5365058.7], [473879.51, 5365059.766], [473879.912, 5365061.965]]}, "properties": {"name": "Blackwood Street", "highway": "residential", "osm_id": 4388572, "alt_name": null, "old_name": null, "official_name": null}}, {"type": "Feature", "geometry": {"type": "LineString", "coordinates": [[473329.583, 5365184.735], [473327.307, 5365196.05], [473327.032, 5365197.396], [473321.442, 5365224.378], [473313.828, 5365267.554], [473311.795, 5365278.913]]}, "properties": {"name": "Wark Street", "highway": "residential", "osm_id": 4388575, "alt_name": null, "old_name": null, "official_name": null}}, {"type": "Feature", "geometry": {"type": "LineString", "coordinates": [[472700.952, 5365857.727], [472703.542, 5365847.377], [472704.371, 5365843.038], [472714.956, 5365788.176], [472718.176, 5365778.001], [472728.621, 5365760.232], [472738.833, 5365747.755], [472750.415, 5365734.016], [472771.252, 5365716.398], [472791.752, 5365704.127], [472805.25, 5365698.138], [472819.307, 5365693.135], [472838.691, 5365688.585], [472847.737, 5365687.296], [472862.463, 5365686.025], [472876.014, 5365683.57], [472884.508, 5365679.762], [472894.646, 5365670.198], [472910.571, 5365647.524], [472920.133, 5365631.927], [472926.579, 5365618.946]]}, "properties": {"name": "Nanaimo Street", "highway": "unclassified", "osm_id": 4388576, "alt_name": null, "old_name": null, "official_name": null}}, {"type": "Feature", "geometry": {"type": "LineString", "coordinates": [[473040.915, 5365014.565], [473039.493, 5365018.907], [473023.234, 5365062.102], [473018.281, 5365074.997]]}, "properties": {"name": "Ross Lane", "highway": "unclassified", "osm_id": 4388577, "alt_name": null, "old_name": null, "official_name": null}}, {"type": "Feature", "geometry": {"type": "LineString", "coordinates": [[472827.28, 5365022.833], [472827.487, 5365001.212]]}, "properties": {"name": "Government Street", "highway": "secondary", "osm_id": 4391805, "alt_name": null, "old_name": null, "official_name": null}}, {"type": "Feature", "geometry": {"type": "LineString", "coordinates": [[472326.494, 5361968.978], [472331.747, 5361976.255], [472343.002, 5361991.362], [472366.519, 5362022.916], [472386.773, 5362050.095], [472391.428, 5362056.341], [472411.905, 5362083.819], [472424.554, 5362100.798], [472438.787, 5362121.148], [472458.907, 5362149.906], [472468.237, 5362163.255], [472469.832, 5362165.526], [472473.274, 5362170.389], [472477.878, 5362176.692], [472478.965, 5362178.176], [472490.229, 5362193.505], [472513.85, 5362225.648], [472541.591, 5362263.407], [472562.217, 5362291.485], [472584.361, 5362322.713], [472594.173, 5362337.961], [472597.232, 5362343.026]]}, "properties": {"name": "Government Street", "highway": "tertiary", "osm_id": 4391810, "alt_name": null, "old_name": null, "official_name": null}}, {"type": "Feature", "geometry": {"type": "LineString", "coordinates": [[475079.039, 5363764.571], [475057.349, 5363764.689], [474983.913, 5363765.535]]}, "properties": {"name": "Pandora Avenue", "highway": "secondary", "osm_id": 4397232, "alt_name": null, "old_name": null, "official_name": null}}, {"type": "Feature", "geometry": {"type": "LineString", "coordinates": [[473404.399, 5362246.066], [473404.77, 5362254.212], [473404.87, 5362256.546], [473406.478, 5362294.92], [473406.988, 5362313.825], [473408.083, 5362361.106], [473408.24, 5362367.708], [473409.502, 5362422.191], [473409.625, 5362427.981], [473410.653, 5362476.674], [473411.461, 5362506.96], [473411.653, 5362514.763], [473413.181, 5362577.003]]}, "properties": {"name": "Vancouver Street", "highway": "residential", "osm_id": 4397234, "alt_name": null, "old_name": null, "official_name": null}}, {"type": "Feature", "geometry": {"type": "LineString", "coordinates": [[474919.146, 5364285.765], [474927.542, 5364185.399], [474930.342, 5364141.113], [474922.379, 5364085.403], [474914.344, 5364026.593], [474915.412, 5364017.184], [474928.346, 5363997.719], [474938.542, 5363981.479], [474939.408, 5363979.941], [474943.46, 5363972.764], [474947.314, 5363965.945], [474948.782, 5363963.337], [474951.107, 5363950.588], [474976.627, 5363815.977], [474982.621, 5363774.456], [474983.913, 5363765.535]]}, "properties": {"name": "Belmont Avenue", "highway": "residential", "osm_id": 4397235, "alt_name": null, "old_name": null, "official_name": null}}, {"type": "Feature", "geometry": {"type": "LineString", "coordinates": [[474753.839, 5363870.976], [474753.788, 5363865.974], [474753.014, 5363788.724], [474752.91, 5363778.665], [474752.945, 5363771.484], [474752.917, 5363770.206], [474752.919, 5363762.314], [474752.949, 5363717.695], [474752.991, 5363660.694], [474752.999, 5363644.154], [474753.019, 5363613.72], [474753.032, 5363598.513]]}, "properties": {"name": "Elford Street", "highway": "residential", "osm_id": 4397236, "alt_name": null, "old_name": null, "official_name": null}}, {"type": "Feature", "geometry": {"type": "LineString", "coordinates": [[475490.527, 5363753.595], [475492.673, 5363630.769]]}, "properties": {"name": "Beverley Place", "highway": "residential", "osm_id": 4397241, "alt_name": null, "old_name": null, "official_name": null}}, {"type": "Feature", "geometry": {"type": "LineString", "coordinates": [[473994.325, 5363332.858], [473946.958, 5363340.523], [473945.686, 5363340.751], [473928.595, 5363343.842], [473866.748, 5363354.498], [473851.4, 5363357.003], [473809.556, 5363363.843], [473797.971, 5363365.742], [473783.97, 5363368.241], [473754.488, 5363373.191], [473737.573, 5363376.093], [473724.585, 5363378.32], [473719.713, 5363379.154], [473702.288, 5363382.147], [473639.895, 5363392.831], [473625.317, 5363395.333], [473597.543, 5363400.086], [473585.846, 5363401.752]]}, "properties": {"name": "Meares Street", "highway": "residential", "osm_id": 4406911, "alt_name": null, "old_name": null, "official_name": null}}, {"type": "Feature", "geometry": {"type": "LineString", "coordinates": [[476819.968, 5365677.256], [476805.983, 5365677.213], [476726.007, 5365667.86], [476719.459, 5365667.186], [476669.75, 5365662.456], [476626.6, 5365661.344], [476619.268, 5365660.719], [476576.621, 5365663.129], [476555.405, 5365665.296], [476519.433, 5365672.37], [476424.97, 5365709.544], [476369.989, 5365726.391], [476329.164, 5365734.665], [476294.866, 5365738.565], [476274.54, 5365739.64], [476209.907, 5365741.812], [476200.36, 5365742.13]]}, "properties": {"name": "Middowne Road", "highway": "residential", "osm_id": 4411204, "alt_name": null, "old_name": null, "official_name": null}}, {"type": "Feature", "geometry": {"type": "LineString", "coordinates": [[476304.376, 5365593.655], [476305.443, 5365611.847], [476307.397, 5365627.957], [476311.108, 5365661.166], [476316.373, 5365687.554], [476324.337, 5365719.256], [476329.164, 5365734.665], [476333.787, 5365749.084], [476343.924, 5365776.731], [476355.441, 5365803.872], [476362.282, 5365816.359], [476376.724, 5365842.799], [476382.381, 5365855.136], [476387.14, 5365866.687], [476391.865, 5365882.541], [476393.644, 5365892.471], [476395.911, 5365911.08], [476397.412, 5365923.434]]}, "properties": {"name": "Westdowne Road", "highway": "residential", "osm_id": 4411213, "alt_name": null, "old_name": null, "official_name": null}}, {"type": "Feature", "geometry": {"type": "LineString", "coordinates": [[476179.721, 5365195.595], [476173.761, 5365195.775], [476171.187, 5365195.853], [475985.576, 5365201.506], [475977.464, 5365201.818], [475743.552, 5365207.895]]}, "properties": {"name": "Carnarvon Street", "highway": "residential", "osm_id": 4411255, "alt_name": null, "old_name": null, "official_name": null}}, {"type": "Feature", "geometry": {"type": "LineString", "coordinates": [[476426.484, 5364882.78], [476401.88, 5364882.094], [476382.344, 5364883.364], [476363.616, 5364886.8], [476347.749, 5364888.311], [476309.168, 5364889.75], [476273.162, 5364891.524], [476179.508, 5364895.307], [476168.341, 5364895.754]]}, "properties": {"name": "Carrick Street", "highway": "residential", "osm_id": 4411259, "alt_name": null, "old_name": null, "official_name": null}}, {"type": "Feature", "geometry": {"type": "LineString", "coordinates": [[474574.36, 5363513.2], [474584.598, 5363517.956], [474621.952, 5363534.251], [474662.164, 5363553.089]]}, "properties": {"name": "Fort Street", "highway": "secondary", "osm_id": 4418626, "alt_name": null, "old_name": null, "official_name": null}}, {"type": "Feature", "geometry": {"type": "LineString", "coordinates": [[476298.894, 5364414.368], [476314.557, 5364416.737], [476320.99, 5364417.988], [476336.914, 5364421.101], [476349.44, 5364423.505], [476358.452, 5364425.879], [476382.866, 5364431.947], [476400.024, 5364436.577], [476414.859, 5364440.928], [476435.46, 5364449.946], [476452.504, 5364459.068]]}, "properties": {"name": "Cadboro Bay Road", "highway": "secondary", "osm_id": 4418627, "alt_name": null, "old_name": null, "official_name": null}}, {"type": "Feature", "geometry": {"type": "LineString", "coordinates": [[475177.442, 5364597.466], [475170.673, 5364443.677]]}, "properties": {"name": "Shakespeare Street", "highway": "residential", "osm_id": 4425231, "alt_name": null, "old_name": null, "official_name": null}}, {"type": "Feature", "geometry": {"type": "LineString", "coordinates": [[474433.781, 5363440.336], [474434.321, 5363445.247], [474436.337, 5363490.311], [474439.54, 5363535.938], [474440.014, 5363542.738]]}, "properties": {"name": "Fernwood Road", "highway": "tertiary", "osm_id": 4425232, "alt_name": null, "old_name": null, "official_name": null}}, {"type": "Feature", "geometry": {"type": "LineString", "coordinates": [[475749.344, 5364225.205], [475755.294, 5364218.855], [475756.347, 5364217.739], [475753.964, 5363966.903]]}, "properties": {"name": "Duchess Street", "highway": "residential", "osm_id": 4429313, "alt_name": null, "old_name": null, "official_name": null}}, {"type": "Feature", "geometry": {"type": "LineString", "coordinates": [[474573.674, 5363795.595], [474573.756, 5363787.369], [474573.641, 5363784.802], [474573.364, 5363775.944]]}, "properties": {"name": "Harrison Street", "highway": "residential", "osm_id": 4429314, "alt_name": null, "old_name": null, "official_name": null}}, {"type": "Feature", "geometry": {"type": "LineString", "coordinates": [[474300.672, 5363651.434], [474300.482, 5363648.679], [474300.197, 5363644.578], [474299.059, 5363628.41], [474294.696, 5363567.061], [474293.07, 5363551.05]]}, "properties": {"name": "Camosun Street", "highway": "residential", "osm_id": 4486413, "alt_name": null, "old_name": null, "official_name": null}}, {"type": "Feature", "geometry": {"type": "LineString", "coordinates": [[476045.782, 5363750.131], [476047.164, 5363961.432], [476043.199, 5363965.051]]}, "properties": {"name": "Amphion Street", "highway": "residential", "osm_id": 4490100, "alt_name": null, "old_name": null, "official_name": null}}, {"type": "Feature", "geometry": {"type": "LineString", "coordinates": [[475871.461, 5363966.702], [475871.458, 5363962.545], [475871.51, 5363794.01], [475870.374, 5363751.275]]}, "properties": {"name": "Davie Street", "highway": "residential", "osm_id": 4490101, "alt_name": null, "old_name": null, "official_name": null}}, {"type": "Feature", "geometry": {"type": "LineString", "coordinates": [[475647.574, 5363752.573], [475647.866, 5363742.979], [475655.128, 5363501.317]]}, "properties": {"name": "Bank Street", "highway": "residential", "osm_id": 4490232, "alt_name": null, "old_name": null, "official_name": null}}, {"type": "Feature", "geometry": {"type": "LineString", "coordinates": [[473339.083, 5366283.263], [473340.713, 5366274.607], [473393.638, 5365993.154], [473395.038, 5365985.722]]}, "properties": {"name": "Fifth Street", "highway": "residential", "osm_id": 4490365, "alt_name": null, "old_name": null, "official_name": null}}, {"type": "Feature", "geometry": {"type": "LineString", "coordinates": [[473611.486, 5361694.053], [473612.98, 5361703.561], [473634.41, 5361839.75], [473635.767, 5361848.436]]}, "properties": {"name": "Marlborough Street", "highway": "residential", "osm_id": 4676339, "alt_name": null, "old_name": null, "official_name": null}}, {"type": "Feature", "geometry": {"type": "LineString", "coordinates": [[473735.042, 5361937.133], [473733.844, 5361929.314], [473733.531, 5361927.347], [473718.701, 5361834.812], [473692.304, 5361678.616], [473690.668, 5361668.909]]}, "properties": {"name": "Cambridge Street", "highway": "residential", "osm_id": 4676340, "alt_name": null, "old_name": null, "official_name": null}}, {"type": "Feature", "geometry": {"type": "LineString", "coordinates": [[474060.016, 5363379.576], [474058.275, 5363369.313], [474057.682, 5363365.759], [474051.766, 5363330.794], [474031.413, 5363205.081], [474019.3, 5363141.844], [474004.3, 5363052.543], [473991.16, 5362962.356], [473947.564, 5362709.476], [473946.88, 5362705.533], [473945.979, 5362698.001], [473944.358, 5362686.57], [473935.74, 5362637.057], [473920.205, 5362546.414], [473902.263, 5362442.354], [473885.679, 5362339.155], [473877.006, 5362287.719], [473868.529, 5362235.559], [473859.137, 5362183.771], [473851.905, 5362141.609], [473851.547, 5362139.521], [473850.125, 5362131.169]]}, "properties": {"name": "Linden Avenue", "highway": "residential", "osm_id": 4676341, "alt_name": null, "old_name": null, "official_name": null}}, {"type": "Feature", "geometry": {"type": "LineString", "coordinates": [[473853.294, 5361592.459], [473855.034, 5361602.322], [473907.004, 5361908.028]]}, "properties": {"name": "Wellington Avenue", "highway": "residential", "osm_id": 4676342, "alt_name": null, "old_name": null, "official_name": null}}, {"type": "Feature", "geometry": {"type": "LineString", "coordinates": [[474068.143, 5362308.161], [474050.672, 5362204.722], [474033.277, 5362100.27], [474029.095, 5362090.43], [473996.421, 5361893.111], [473937.984, 5361551.075], [473936.189, 5361540.546]]}, "properties": {"name": "Howe Street", "highway": "residential", "osm_id": 4676343, "alt_name": null, "old_name": null, "official_name": null}}, {"type": "Feature", "geometry": {"type": "LineString", "coordinates": [[474056.925, 5361725.967], [474147.351, 5361710.737], [474204.651, 5361700.438]]}, "properties": {"name": "George Street", "highway": "residential", "osm_id": 4676344, "alt_name": null, "old_name": null, "official_name": null}}, {"type": "Feature", "geometry": {"type": "LineString", "coordinates": [[474161.483, 5362343.383], [474266.807, 5362324.118]]}, "properties": {"name": "Franklin Terrace", "highway": "residential", "osm_id": 4676357, "alt_name": null, "old_name": null, "official_name": null}}, {"type": "Feature", "geometry": {"type": "LineString", "coordinates": [[473603.873, 5362386.046], [473619.18, 5362383.796], [473659.257, 5362377.185], [473662.37, 5362376.67], [473671.324, 5362375.195], [473796.737, 5362354.505], [473875.63, 5362340.891], [473885.679, 5362339.155], [473895.003, 5362337.567], [474068.143, 5362308.161], [474152.744, 5362294.792]]}, "properties": {"name": "Oxford Street", "highway": "residential", "osm_id": 4676358, "alt_name": null, "old_name": null, "official_name": null}}, {"type": "Feature", "geometry": {"type": "LineString", "coordinates": [[474145.972, 5362253.917], [474247.229, 5362234.96]]}, "properties": {"name": "Vimy Place", "highway": "residential", "osm_id": 4676359, "alt_name": null, "old_name": null, "official_name": null}}, {"type": "Feature", "geometry": {"type": "LineString", "coordinates": [[474132.327, 5362171.224], [474254.425, 5362149.393]]}, "properties": {"name": "Bond Street", "highway": "residential", "osm_id": 4676360, "alt_name": null, "old_name": null, "official_name": null}}, {"type": "Feature", "geometry": {"type": "LineString", "coordinates": [[473553.58, 5362180.597], [473566.18, 5362178.482], [473567.881, 5362178.196], [473759.675, 5362145.948], [473842.457, 5362132.427], [473850.125, 5362131.169]]}, "properties": {"name": "May Street", "highway": "residential", "osm_id": 4676361, "alt_name": null, "old_name": null, "official_name": null}}, {"type": "Feature", "geometry": {"type": "LineString", "coordinates": [[471565.537, 5363270.217], [471562.305, 5363270.411], [471558.959, 5363270.083], [471556.32, 5363269.118], [471553.879, 5363267.719], [471551.724, 5363265.918], [471548.552, 5363261.965], [471526.211, 5363230.042]]}, "properties": {"name": "Dallas Road", "highway": "tertiary", "osm_id": 4676365, "alt_name": null, "old_name": null, "official_name": null}}, {"type": "Feature", "geometry": {"type": "LineString", "coordinates": [[473537.294, 5361969.999], [473549.976, 5361967.917], [473724.587, 5361939.094], [473735.042, 5361937.133], [473805.967, 5361925.912], [473808.6, 5361925.488], [473816.083, 5361924.309], [473822.413, 5361923.168], [473825.43, 5361922.632], [473907.004, 5361908.028], [473924.323, 5361905.214], [473996.421, 5361893.111], [474082.705, 5361878.866]]}, "properties": {"name": "Faithful Street", "highway": "residential", "osm_id": 4676385, "alt_name": null, "old_name": null, "official_name": null}}, {"type": "Feature", "geometry": {"type": "LineString", "coordinates": [[473664.213, 5362590.326], [473678.667, 5362587.58], [473682.186, 5362586.908], [473728.211, 5362578.935], [473764.472, 5362573.21], [473830.988, 5362560.797], [473909.839, 5362548.084], [473920.205, 5362546.414], [473928.864, 5362544.951], [473986.987, 5362535.091], [474170.989, 5362505.105]]}, "properties": {"name": "Oscar Street", "highway": "residential", "osm_id": 4676414, "alt_name": null, "old_name": null, "official_name": null}}, {"type": "Feature", "geometry": {"type": "LineString", "coordinates": [[473543.534, 5363132.352], [473545.642, 5363129.118], [473548.115, 5363127.762], [473553.022, 5363126.672], [473618.341, 5363115.863], [473636.158, 5363112.923], [473706.504, 5363101.27], [473752.276, 5363093.688], [473793.109, 5363087.03], [473810.269, 5363084.227], [474004.3, 5363052.543]]}, "properties": {"name": "McClure Street", "highway": "residential", "osm_id": 4676415, "alt_name": null, "old_name": null, "official_name": null}}, {"type": "Feature", "geometry": {"type": "LineString", "coordinates": [[474947.335, 5363030.355], [474956.267, 5363034.028], [475108.603, 5363101.285], [475136.128, 5363113.435], [475187.753, 5363136.218], [475199.103, 5363144.572], [475210.397, 5363164.075], [475230.211, 5363199.703], [475232.417, 5363203.272], [475247.5, 5363232.974], [475270.703, 5363272.278], [475278.989, 5363287.447], [475282.038, 5363292.77], [475286.859, 5363298.896], [475291.736, 5363304.188], [475319.071, 5363334.081], [475325.53, 5363339.221], [475331.037, 5363343.232], [475336.391, 5363345.954], [475346.428, 5363350.424], [475354.525, 5363354.568], [475359.838, 5363359.802], [475366.16, 5363367.489], [475371.144, 5363377.194], [475373.613, 5363386.842], [475373.579, 5363404.616], [475375.578, 5363415.256], [475380.05, 5363426.175], [475388.16, 5363446.87], [475391.577, 5363456.815], [475394.071, 5363473.966], [475393.602, 5363504.114], [475393.037, 5363547.79], [475400.687, 5363593.719], [475415.303, 5363755.199]]}, "properties": {"name": "Rockland Avenue", "highway": "tertiary", "osm_id": 4676417, "alt_name": null, "old_name": null, "official_name": null}}, {"type": "Feature", "geometry": {"type": "LineString", "coordinates": [[473270.907, 5364949.182], [473273.219, 5364951.549], [473276.296, 5364953.136], [473277.267, 5364953.631], [473317.667, 5364961.6], [473325.329, 5364963.064], [473362.227, 5364970.227], [473371.591, 5364971.861], [473400.405, 5364977.595], [473421.954, 5364981.473], [473463.846, 5364987.513], [473475.045, 5364989.194]]}, "properties": {"name": "Kings Road", "highway": "residential", "osm_id": 4684336, "alt_name": null, "old_name": null, "official_name": null}}, {"type": "Feature", "geometry": {"type": "LineString", "coordinates": [[473879.912, 5365061.965], [473881.619, 5365064.836], [473883.684, 5365066.861], [473888.351, 5365068.429], [473893.926, 5365069.637], [473956.758, 5365080.952], [473959.031, 5365081.364]]}, "properties": {"name": "Kings Road", "highway": "residential", "osm_id": 4684337, "alt_name": null, "old_name": null, "official_name": null}}, {"type": "Feature", "geometry": {"type": "LineString", "coordinates": [[475976.25, 5365159.739], [475977.464, 5365201.818]]}, "properties": {"name": "Dean Avenue", "highway": "residential", "osm_id": 4684338, "alt_name": null, "old_name": null, "official_name": null}}, {"type": "Feature", "geometry": {"type": "LineString", "coordinates": [[474147.164, 5364851.643], [474143.221, 5364801.362], [474142.876, 5364793.716], [474143.504, 5364787.222], [474146.262, 5364778.895], [474152.071, 5364774.411], [474162.644, 5364770.328], [474210.523, 5364763.951], [474221.382, 5364765.725], [474228.51, 5364768.371], [474234.031, 5364772.226], [474239.378, 5364780.271], [474242.709, 5364787.226], [474249.777, 5364809.469], [474252.822, 5364826.774], [474253.742, 5364848.612]]}, "properties": {"name": "Wesley Place", "highway": "residential", "osm_id": 4684340, "alt_name": null, "old_name": null, "official_name": null}}, {"type": "Feature", "geometry": {"type": "LineString", "coordinates": [[474384.225, 5364662.055], [474388.502, 5364837.574], [474388.711, 5364846.032]]}, "properties": {"name": "Garden Street", "highway": "residential", "osm_id": 4684341, "alt_name": null, "old_name": null, "official_name": null}}, {"type": "Feature", "geometry": {"type": "LineString", "coordinates": [[474579.305, 5364646.382], [474585.971, 5364841.264], [474591.3, 5365056.461], [474596.244, 5365274.795]]}, "properties": {"name": "Roseberry Avenue", "highway": "residential", "osm_id": 4684342, "alt_name": null, "old_name": null, "official_name": null}}, {"type": "Feature", "geometry": {"type": "LineString", "coordinates": [[474694.355, 5365273.811], [474689.53, 5365058.078], [474684.557, 5364843.969]]}, "properties": {"name": "Avebury Avenue", "highway": "residential", "osm_id": 4684343, "alt_name": null, "old_name": null, "official_name": null}}, {"type": "Feature", "geometry": {"type": "LineString", "coordinates": [[474266.242, 5364578.234], [474278.59, 5364606.422], [474285.573, 5364661.869], [474286.739, 5364671.123]]}, "properties": {"name": "Cedar Hill Road", "highway": "residential", "osm_id": 4684344, "alt_name": null, "old_name": null, "official_name": null}}, {"type": "Feature", "geometry": {"type": "LineString", "coordinates": [[475042.475, 5364608.263], [475047.714, 5364830.563], [475053.352, 5365047.415]]}, "properties": {"name": "Victor Street", "highway": "residential", "osm_id": 4684345, "alt_name": null, "old_name": null, "official_name": null}}, {"type": "Feature", "geometry": {"type": "LineString", "coordinates": [[474964.502, 5364284.876], [474970.012, 5364445.172], [474976.83, 5364612.254]]}, "properties": {"name": "Forbes Street", "highway": "residential", "osm_id": 4684346, "alt_name": null, "old_name": null, "official_name": null}}, {"type": "Feature", "geometry": {"type": "LineString", "coordinates": [[474880.087, 5365269.46], [474879.763, 5365261.403], [474873.457, 5365058.715]]}, "properties": {"name": "Belmont Avenue", "highway": "residential", "osm_id": 4684347, "alt_name": null, "old_name": null, "official_name": null}}, {"type": "Feature", "geometry": {"type": "LineString", "coordinates": [[476519.96, 5364986.145], [476508.652, 5364986.192], [476472.651, 5364987.331], [476418.505, 5364991.513], [476181.89, 5365000.94], [476172.402, 5365001.313]]}, "properties": {"name": "Kings Road", "highway": "residential", "osm_id": 4684364, "alt_name": null, "old_name": null, "official_name": null}}, {"type": "Feature", "geometry": {"type": "LineString", "coordinates": [[474778.415, 5364628.596], [474782.872, 5364837.172], [474787.926, 5365053.737], [474792.755, 5365271.227]]}, "properties": {"name": "Asquith Street", "highway": "residential", "osm_id": 4684367, "alt_name": null, "old_name": null, "official_name": null}}, {"type": "Feature", "geometry": {"type": "LineString", "coordinates": [[474039.08, 5364700.453], [474051.227, 5364860.574], [474067.724, 5365092.148], [474068.811, 5365097.056], [474071.294, 5365098.201]]}, "properties": {"name": "Empire Street", "highway": "residential", "osm_id": 4684368, "alt_name": null, "old_name": null, "official_name": null}}, {"type": "Feature", "geometry": {"type": "LineString", "coordinates": [[473861.194, 5364716.344], [473859.211, 5364727.391], [473800.642, 5365043.69], [473799.373, 5365050.566]]}, "properties": {"name": "Prior Street", "highway": "residential", "osm_id": 4684369, "alt_name": null, "old_name": null, "official_name": null}}, {"type": "Feature", "geometry": {"type": "LineString", "coordinates": [[473715.142, 5365036.005], [473717.251, 5365024.991], [473738.914, 5364909.899], [473771.715, 5364735.309], [473773.651, 5364722.195]]}, "properties": {"name": "Graham Street", "highway": "residential", "osm_id": 4684370, "alt_name": null, "old_name": null, "official_name": null}}, {"type": "Feature", "geometry": {"type": "LineString", "coordinates": [[474165.85, 5365119.578], [474147.164, 5364851.643]]}, "properties": {"name": "Capital Heights", "highway": "residential", "osm_id": 4684372, "alt_name": null, "old_name": null, "official_name": null}}, {"type": "Feature", "geometry": {"type": "LineString", "coordinates": [[474253.742, 5364848.612], [474270.199, 5365108.954], [474278.988, 5365202.185], [474284.224, 5365290.175]]}, "properties": {"name": "Mount Stephen Avenue", "highway": "residential", "osm_id": 4684373, "alt_name": null, "old_name": null, "official_name": null}}, {"type": "Feature", "geometry": {"type": "LineString", "coordinates": [[474451.115, 5365152.364], [474278.988, 5365202.185]]}, "properties": {"name": "Acton Street", "highway": "residential", "osm_id": 4684374, "alt_name": null, "old_name": null, "official_name": null}}, {"type": "Feature", "geometry": {"type": "LineString", "coordinates": [[474078.372, 5363824.328], [474081.547, 5363834.229], [474081.615, 5363834.551], [474081.828, 5363842.286], [474085.382, 5363883.498], [474090.161, 5363930.25], [474092.789, 5363967.831], [474097.073, 5364006.972], [474099.257, 5364018.645], [474099.789, 5364024.956], [474099.918, 5364030.48], [474102.799, 5364065.225], [474104.513, 5364085.792], [474108.866, 5364136.671], [474113.038, 5364185.094]]}, "properties": {"name": "Chambers Street", "highway": "residential", "osm_id": 4688036, "alt_name": null, "old_name": null, "official_name": null}}, {"type": "Feature", "geometry": {"type": "LineString", "coordinates": [[473870.416, 5363904.326], [473877.359, 5363903.616], [473950.127, 5363896.156], [473982.403, 5363892.951], [474085.382, 5363883.498]]}, "properties": {"name": "Mason Street", "highway": "residential", "osm_id": 4688037, "alt_name": null, "old_name": null, "official_name": null}}, {"type": "Feature", "geometry": {"type": "LineString", "coordinates": [[473878.354, 5363987.89], [473885.179, 5363987.292], [473888.189, 5363987.023], [473924.63, 5363983.82], [474086.932, 5363968.392], [474092.789, 5363967.831]]}, "properties": {"name": "Balmoral Road", "highway": "residential", "osm_id": 4688038, "alt_name": null, "old_name": null, "official_name": null}}, {"type": "Feature", "geometry": {"type": "LineString", "coordinates": [[474097.073, 5364006.972], [474104.075, 5364006.151], [474114.692, 5364004.902], [474184.077, 5363998.872]]}, "properties": {"name": "Yukon Street", "highway": "residential", "osm_id": 4688039, "alt_name": null, "old_name": null, "official_name": null}}, {"type": "Feature", "geometry": {"type": "LineString", "coordinates": [[473884.087, 5364052.012], [473904.097, 5364050.197], [473942.472, 5364046.208], [473946.598, 5364045.778], [474066.74, 5364033.788], [474093.44, 5364031.121], [474099.918, 5364030.48]]}, "properties": {"name": "Grant Street", "highway": "residential", "osm_id": 4688040, "alt_name": null, "old_name": null, "official_name": null}}, {"type": "Feature", "geometry": {"type": "LineString", "coordinates": [[473675.125, 5364124.953], [473682.971, 5364124.283], [473687.119, 5364123.942], [473747.183, 5364118.394], [473836.033, 5364109.835], [473852.204, 5364108.271], [473878.358, 5364105.783], [473888.961, 5364104.778]]}, "properties": {"name": "North Park Street", "highway": "residential", "osm_id": 4688041, "alt_name": null, "old_name": null, "official_name": null}}, {"type": "Feature", "geometry": {"type": "LineString", "coordinates": [[474118.442, 5364234.667], [474126.244, 5364234.131], [474159.951, 5364231.799], [474178.226, 5364230.937], [474194.945, 5364229.638], [474207.93, 5364228.501], [474215.554, 5364227.877], [474221.98, 5364227.359], [474234.351, 5364226.358], [474276.662, 5364222.664], [474284.323, 5364221.929], [474307.023, 5364219.758], [474314.225, 5364219.07], [474325.508, 5364217.941], [474335.934, 5364216.893], [474338.573, 5364216.636], [474388.993, 5364211.617], [474404.351, 5364210.081], [474405.638, 5364209.953]]}, "properties": {"name": "Gladstone Avenue", "highway": "residential", "osm_id": 4688043, "alt_name": null, "old_name": null, "official_name": null}}, {"type": "Feature", "geometry": {"type": "LineString", "coordinates": [[475372.938, 5364268.012], [475267.352, 5364272.352], [475164.468, 5364276.948], [475063.9, 5364281.636], [474964.502, 5364284.876], [474919.146, 5364285.765], [474863.951, 5364288.2], [474759.81, 5364292.898], [474692.56, 5364295.932]]}, "properties": {"name": "Pembroke Street", "highway": "residential", "osm_id": 4688044, "alt_name": null, "old_name": null, "official_name": null}}, {"type": "Feature", "geometry": {"type": "LineString", "coordinates": [[474154.701, 5364589.001], [474158.35, 5364628.512], [474162.611, 5364686.983]]}, "properties": {"name": "Chambers Street", "highway": "residential", "osm_id": 4688045, "alt_name": null, "old_name": null, "official_name": null}}, {"type": "Feature", "geometry": {"type": "LineString", "coordinates": [[473514.501, 5364687.887], [473715.046, 5364669.423], [473716.99, 5364669.192], [473727.061, 5364668.345], [473736.019, 5364666.847], [473737.342, 5364666.752], [473938.834, 5364649.603], [474158.35, 5364628.512]]}, "properties": {"name": "Empress Avenue", "highway": "residential", "osm_id": 4688046, "alt_name": null, "old_name": null, "official_name": null}}, {"type": "Feature", "geometry": {"type": "LineString", "coordinates": [[474057.551, 5364540.759], [473930.145, 5364552.07], [473730.469, 5364570.667], [473726.646, 5364571.018], [473717.133, 5364572.452], [473708.86, 5364573.224], [473704.615, 5364573.599], [473628.599, 5364580.288], [473611.142, 5364581.97], [473588.732, 5364584.12], [473536.311, 5364589.155], [473505.286, 5364591.768]]}, "properties": {"name": "Queens Avenue", "highway": "residential", "osm_id": 4688047, "alt_name": null, "old_name": null, "official_name": null}}, {"type": "Feature", "geometry": {"type": "LineString", "coordinates": [[474305.064, 5364515.299], [474159.668, 5364529.754], [474152.728, 5364529.497]]}, "properties": {"name": "Queens Avenue", "highway": "residential", "osm_id": 4688048, "alt_name": null, "old_name": null, "official_name": null}}, {"type": "Feature", "geometry": {"type": "LineString", "coordinates": [[474140.62, 5364445.374], [474149.153, 5364444.712], [474299.101, 5364430.391]]}, "properties": {"name": "Princess Avenue", "highway": "residential", "osm_id": 4688050, "alt_name": null, "old_name": null, "official_name": null}}, {"type": "Feature", "geometry": {"type": "LineString", "coordinates": [[474622.503, 5364547.403], [474614.706, 5364547.449], [474597.556, 5364548.093], [474571.617, 5364548.699], [474530.441, 5364550.907], [474489.25, 5364553.115], [474478.748, 5364556.697], [474467.36, 5364557.46], [474348.837, 5364565.398], [474307.428, 5364568.354], [474266.242, 5364578.234]]}, "properties": {"name": "Walnut Street", "highway": "residential", "osm_id": 4688051, "alt_name": null, "old_name": null, "official_name": null}}, {"type": "Feature", "geometry": {"type": "LineString", "coordinates": [[474303.362, 5364472.689], [474300.705, 5364446.335], [474299.101, 5364430.391], [474298.143, 5364419.78], [474297.022, 5364407.358], [474295.877, 5364394.736], [474293.212, 5364363.324], [474292.49, 5364355.769], [474290.363, 5364335.381], [474289.716, 5364326.447]]}, "properties": {"name": "Spring Road", "highway": "residential", "osm_id": 4688052, "alt_name": null, "old_name": null, "official_name": null}}, {"type": "Feature", "geometry": {"type": "LineString", "coordinates": [[474303.362, 5364472.689], [474342.881, 5364470.387], [474385.684, 5364467.903], [474477.175, 5364463.878], [474551.318, 5364460.987], [474619.791, 5364458.835]]}, "properties": {"name": "Denman Street", "highway": "residential", "osm_id": 4688053, "alt_name": null, "old_name": null, "official_name": null}}, {"type": "Feature", "geometry": {"type": "LineString", "coordinates": [[474372.39, 5364317.024], [474376.873, 5364361.344], [474378.957, 5364387.023], [474379.323, 5364391.156], [474380.63, 5364406.912], [474385.684, 5364467.903]]}, "properties": {"name": "Ridge Road", "highway": "residential", "osm_id": 4688054, "alt_name": null, "old_name": null, "official_name": null}}, {"type": "Feature", "geometry": {"type": "LineString", "coordinates": [[474379.323, 5364391.156], [474473.906, 5364381.837]]}, "properties": {"name": "Centre Road", "highway": "residential", "osm_id": 4688055, "alt_name": null, "old_name": null, "official_name": null}}, {"type": "Feature", "geometry": {"type": "LineString", "coordinates": [[474344.567, 5364011.315], [474334.124, 5363912.2]]}, "properties": {"name": "Camosun Street", "highway": "residential", "osm_id": 4688056, "alt_name": null, "old_name": null, "official_name": null}}, {"type": "Feature", "geometry": {"type": "LineString", "coordinates": [[474928.346, 5363997.719], [474912.367, 5363987.663], [474681.702, 5363993.303], [474675.733, 5363993.529], [474674.04, 5363993.593], [474468.44, 5364002.741], [474458.902, 5364002.195]]}, "properties": {"name": "Grant Street", "highway": "residential", "osm_id": 4688057, "alt_name": null, "old_name": null, "official_name": null}}, {"type": "Feature", "geometry": {"type": "LineString", "coordinates": [[473974.859, 5363830.483], [473975.911, 5363837.18], [473976.292, 5363841.258], [473976.531, 5363843.258], [473982.403, 5363892.951], [473986.646, 5363938.928]]}, "properties": {"name": "Rebecca Street", "highway": "residential", "osm_id": 4688062, "alt_name": null, "old_name": null, "official_name": null}}, {"type": "Feature", "geometry": {"type": "LineString", "coordinates": [[474150.42, 5364132.246], [474108.866, 5364136.671]]}, "properties": {"name": "Vining Street", "highway": "residential", "osm_id": 4688109, "alt_name": null, "old_name": null, "official_name": null}}, {"type": "Feature", "geometry": {"type": "LineString", "coordinates": [[474676.533, 5363892.652], [474669.462, 5363892.95], [474665.66, 5363893.034], [474570.237, 5363896.763], [474463.402, 5363900.9], [474462.061, 5363900.506], [474455.006, 5363901.049], [474334.124, 5363912.2]]}, "properties": {"name": "Balmoral Road", "highway": "residential", "osm_id": 4688110, "alt_name": null, "old_name": null, "official_name": null}}, {"type": "Feature", "geometry": {"type": "LineString", "coordinates": [[474204.421, 5364279.882], [474162.905, 5364282.595], [474123.062, 5364285.778]]}, "properties": {"name": "Stelly Street", "highway": "residential", "osm_id": 4688111, "alt_name": null, "old_name": null, "official_name": null}}, {"type": "Feature", "geometry": {"type": "LineString", "coordinates": [[473629.02, 5365020.377], [473681.369, 5364741.32], [473680.46, 5364730.319]]}, "properties": {"name": "Vancouver Street", "highway": "residential", "osm_id": 4688215, "alt_name": null, "old_name": null, "official_name": null}}, {"type": "Feature", "geometry": {"type": "LineString", "coordinates": [[473800.308, 5365447.879], [473786.037, 5365533.091], [473769.013, 5365619.428]]}, "properties": {"name": "Blackwood Street", "highway": "residential", "osm_id": 4699922, "alt_name": null, "old_name": null, "official_name": null}}, {"type": "Feature", "geometry": {"type": "LineString", "coordinates": [[475961.156, 5363967.766], [475961.2, 5363962.563], [475961.16, 5363750.778]]}, "properties": {"name": "Redfern Street", "highway": "residential", "osm_id": 4699923, "alt_name": null, "old_name": null, "official_name": null}}, {"type": "Feature", "geometry": {"type": "LineString", "coordinates": [[471894.76, 5364607.111], [471876.295, 5364600.823], [471874.673, 5364600.275]]}, "properties": {"name": "Bay Street", "highway": "secondary", "osm_id": 4749298, "alt_name": null, "old_name": null, "official_name": null}}, {"type": "Feature", "geometry": {"type": "LineString", "coordinates": [[472104.835, 5364675.29], [472082.409, 5364668.009], [471947.318, 5364624.158], [471894.76, 5364607.111]]}, "properties": {"name": "Bay Street", "highway": "secondary", "osm_id": 4749299, "alt_name": null, "old_name": null, "official_name": null}}, {"type": "Feature", "geometry": {"type": "LineString", "coordinates": [[471079.255, 5365648.722], [471079.071, 5365653.125], [471081.019, 5365658.195], [471090.493, 5365672.541], [471111.943, 5365705.012], [471113.187, 5365706.862], [471118.754, 5365715.137]]}, "properties": {"name": "Harriet Road", "highway": "residential", "osm_id": 4757901, "alt_name": null, "old_name": null, "official_name": null}}, {"type": "Feature", "geometry": {"type": "LineString", "coordinates": [[471901.132, 5366581.093], [471907.204, 5366547.049], [471929.018, 5366424.812], [471983.737, 5366118.515]]}, "properties": {"name": "Whittier Avenue", "highway": "residential", "osm_id": 4757904, "alt_name": null, "old_name": null, "official_name": null}}, {"type": "Feature", "geometry": {"type": "LineString", "coordinates": [[472039.094, 5366576.23], [472063.526, 5366448.99], [472076.267, 5366377.198], [472085.714, 5366323.996], [472097.739, 5366259.755], [472099.922, 5366248.106], [472100.779, 5366243.366], [472111.792, 5366182.253], [472117.73, 5366149.277], [472118.178, 5366139.504]]}, "properties": {"name": "Tennyson Avenue", "highway": "unclassified", "osm_id": 4757947, "alt_name": null, "old_name": null, "official_name": null}}, {"type": "Feature", "geometry": {"type": "LineString", "coordinates": [[471983.737, 5366118.515], [471990.541, 5366120.037], [471997.397, 5366121.637], [472004.444, 5366123.036], [472050.984, 5366129.832], [472096.048, 5366137.224], [472106.023, 5366138.608], [472118.178, 5366139.504], [472125.811, 5366139.845], [472132.166, 5366140.458], [472142.385, 5366141.786], [472157.623, 5366144.19], [472258.422, 5366160.469], [472266.548, 5366161.752], [472271.565, 5366162.583], [472421.351, 5366187.373], [472424.253, 5366188.004], [472440.868, 5366190.768]]}, "properties": {"name": "Dupplin Road", "highway": "unclassified", "osm_id": 4757948, "alt_name": null, "old_name": null, "official_name": null}}, {"type": "Feature", "geometry": {"type": "LineString", "coordinates": [[471721.334, 5366204.254], [471732.134, 5366195.997], [471742.218, 5366188.099], [471752.643, 5366180.288], [471757.622, 5366176.462], [471807.22, 5366139.388], [471921.171, 5366053.286]]}, "properties": {"name": "Burnside Road East", "highway": "secondary", "osm_id": 4757949, "alt_name": null, "old_name": null, "official_name": null}}, {"type": "Feature", "geometry": {"type": "LineString", "coordinates": [[471559.915, 5366328.558], [471551.481, 5366335.059], [471548.328, 5366337.498], [471545.706, 5366339.512], [471526.885, 5366354.024], [471521.11, 5366358.454], [471512.482, 5366364.545], [471471.061, 5366396.189], [471440.085, 5366419.554], [471433.44, 5366424.657], [471385.466, 5366461.459], [471381.554, 5366464.469], [471368.251, 5366474.673], [471365.275, 5366476.745], [471358.748, 5366481.724], [471298.708, 5366527.614], [471258.188, 5366558.499], [471226.913, 5366582.345], [471203.852, 5366600.281]]}, "properties": {"name": "Burnside Road West", "highway": "secondary", "osm_id": 4757950, "alt_name": null, "old_name": null, "official_name": null}}, {"type": "Feature", "geometry": {"type": "LineString", "coordinates": [[472131.055, 5366009.343], [472246.799, 5365925.518]]}, "properties": {"name": "Beta Street", "highway": "unclassified", "osm_id": 4757951, "alt_name": null, "old_name": null, "official_name": null}}, {"type": "Feature", "geometry": {"type": "LineString", "coordinates": [[472194.558, 5365854.489], [472198.786, 5365860.126], [472246.799, 5365925.518], [472270.514, 5365956.903], [472282.614, 5365973.862], [472284.7, 5365978.51], [472285.277, 5365983.075], [472283.47, 5365988.553]]}, "properties": {"name": "Delta Street", "highway": "unclassified", "osm_id": 4757952, "alt_name": null, "old_name": null, "official_name": null}}, {"type": "Feature", "geometry": {"type": "LineString", "coordinates": [[472283.47, 5365988.553], [472258.723, 5366051.389]]}, "properties": {"name": "Gamma Street", "highway": "unclassified", "osm_id": 4757953, "alt_name": null, "old_name": null, "official_name": null}}, {"type": "Feature", "geometry": {"type": "LineString", "coordinates": [[472335.513, 5365838.037], [472303.633, 5365919.793], [472298.883, 5365929.954], [472292.033, 5365938.746], [472270.514, 5365956.903]]}, "properties": {"name": "Steele Street", "highway": "unclassified", "osm_id": 4757954, "alt_name": null, "old_name": null, "official_name": null}}, {"type": "Feature", "geometry": {"type": "LineString", "coordinates": [[472112.652, 5365443.867], [472118.11, 5365449.954], [472136.177, 5365470.74], [472138.84, 5365473.795]]}, "properties": {"name": "Jutland Road", "highway": "unclassified", "osm_id": 4757956, "alt_name": null, "old_name": null, "official_name": null}}, {"type": "Feature", "geometry": {"type": "LineString", "coordinates": [[472088.297, 5365421.378], [472047.38, 5365381.708], [471999.937, 5365295.451]]}, "properties": {"name": "Jutland Road", "highway": "unclassified", "osm_id": 4757957, "alt_name": null, "old_name": null, "official_name": null}}, {"type": "Feature", "geometry": {"type": "LineString", "coordinates": [[472141.045, 5365218.579], [472136.891, 5365213.042], [472131.518, 5365207.833], [472125.327, 5365203.206], [472112.993, 5365197.72], [472073.492, 5365180.141], [472062.403, 5365175.204], [472053.938, 5365171.445], [472046.64, 5365168.891], [472038.639, 5365167.752], [472031.14, 5365168.0], [472024.061, 5365169.28], [472018.287, 5365171.22], [472011.479, 5365173.522], [471998.586, 5365182.145], [471992.295, 5365188.745], [471988.601, 5365192.62], [471983.115, 5365202.085], [471978.782, 5365211.188], [471977.13, 5365216.598], [471975.511, 5365227.299], [471975.424, 5365235.059], [471976.173, 5365243.025], [471981.31, 5365258.672]]}, "properties": {"name": "Jutland Road", "highway": "unclassified", "osm_id": 4757958, "alt_name": null, "old_name": null, "official_name": null}}, {"type": "Feature", "geometry": {"type": "LineString", "coordinates": [[472139.092, 5365379.211], [472144.183, 5365378.319], [472154.334, 5365379.113], [472177.969, 5365383.199], [472211.953, 5365389.079], [472259.968, 5365399.759], [472265.461, 5365402.378], [472267.653, 5365404.435], [472275.469, 5365411.755]]}, "properties": {"name": "Dunedin Street", "highway": "unclassified", "osm_id": 4757961, "alt_name": null, "old_name": null, "official_name": null}}, {"type": "Feature", "geometry": {"type": "LineString", "coordinates": [[472820.914, 5365197.513], [472819.177, 5365165.352], [472819.383, 5365137.351]]}, "properties": {"name": "Government Street", "highway": "secondary", "osm_id": 4757962, "alt_name": null, "old_name": null, "official_name": null}}, {"type": "Feature", "geometry": {"type": "LineString", "coordinates": [[472842.454, 5365068.434], [472846.923, 5365073.259], [472849.101, 5365075.528], [472861.513, 5365086.628]]}, "properties": {"name": "Government Street", "highway": "secondary", "osm_id": 4757963, "alt_name": null, "old_name": null, "official_name": null}}, {"type": "Feature", "geometry": {"type": "LineString", "coordinates": [[471142.265, 5365710.926], [471228.545, 5365695.804]]}, "properties": {"name": "Gorge Road East", "highway": "secondary", "osm_id": 4757964, "alt_name": null, "old_name": null, "official_name": null}}, {"type": "Feature", "geometry": {"type": "LineString", "coordinates": [[472648.365, 5365014.313], [472639.862, 5365011.842], [472638.581, 5365011.481], [472398.911, 5364943.905], [472396.267, 5364943.15], [472387.75, 5364940.847], [472380.425, 5364938.826], [472376.011, 5364937.614], [472258.166, 5364905.176], [472247.782, 5364902.315]]}, "properties": {"name": "Hillside Avenue", "highway": "unclassified", "osm_id": 4757965, "alt_name": null, "old_name": null, "official_name": null}}, {"type": "Feature", "geometry": {"type": "LineString", "coordinates": [[472412.635, 5364853.345], [472420.1, 5364855.332], [472429.291, 5364857.71], [472479.873, 5364872.248], [472495.523, 5364876.663], [472526.824, 5364885.47], [472543.444, 5364890.136], [472546.881, 5364891.097], [472572.671, 5364898.364], [472577.619, 5364899.763], [472583.892, 5364901.534], [472640.613, 5364917.733], [472647.264, 5364919.635], [472662.323, 5364924.131], [472664.774, 5364924.775], [472673.328, 5364927.023]]}, "properties": {"name": "John Street", "highway": "unclassified", "osm_id": 4757966, "alt_name": null, "old_name": null, "official_name": null}}, {"type": "Feature", "geometry": {"type": "LineString", "coordinates": [[472364.317, 5365027.107], [472372.105, 5365029.915], [472374.75, 5365030.869], [472377.965, 5365032.032], [472611.93, 5365098.445], [472615.108, 5365099.353], [472622.929, 5365101.571]]}, "properties": {"name": "David Street", "highway": "unclassified", "osm_id": 4757967, "alt_name": null, "old_name": null, "official_name": null}}, {"type": "Feature", "geometry": {"type": "LineString", "coordinates": [[472247.782, 5364902.315], [472270.559, 5364821.325], [472272.718, 5364813.523]]}, "properties": {"name": "Turner Street", "highway": "unclassified", "osm_id": 4757968, "alt_name": null, "old_name": null, "official_name": null}}, {"type": "Feature", "geometry": {"type": "LineString", "coordinates": [[472583.892, 5364901.534], [472585.682, 5364895.389], [472589.136, 5364883.134], [472597.396, 5364855.283], [472602.094, 5364838.698], [472603.087, 5364834.335], [472603.427, 5364832.878], [472603.364, 5364830.61], [472603.239, 5364826.176]]}, "properties": {"name": "Ludgate Street", "highway": "unclassified", "osm_id": 4757969, "alt_name": null, "old_name": null, "official_name": null}}, {"type": "Feature", "geometry": {"type": "LineString", "coordinates": [[472673.328, 5364927.023], [472675.283, 5364919.811], [472682.325, 5364893.777], [472687.207, 5364877.08], [472689.434, 5364869.444], [472696.631, 5364844.855], [472701.331, 5364828.792], [472702.612, 5364824.395], [472704.526, 5364817.85]]}, "properties": {"name": "Rock Bay Avenue", "highway": "tertiary", "osm_id": 4757970, "alt_name": null, "old_name": null, "official_name": null}}, {"type": "Feature", "geometry": {"type": "LineString", "coordinates": [[472598.211, 5365190.227], [472590.123, 5365187.865], [472587.086, 5365186.991], [472440.434, 5365144.318], [472435.007, 5365143.077], [472429.093, 5365142.15], [472423.596, 5365141.888], [472420.55, 5365142.181], [472418.103, 5365142.426], [472400.979, 5365146.667]]}, "properties": {"name": "Ellice Street", "highway": "unclassified", "osm_id": 4757971, "alt_name": null, "old_name": null, "official_name": null}}, {"type": "Feature", "geometry": {"type": "LineString", "coordinates": [[472388.306, 5365346.21], [472383.382, 5365338.842], [472382.545, 5365335.712], [472381.388, 5365330.504], [472380.274, 5365317.271], [472382.451, 5365305.733], [472386.863, 5365282.313]]}, "properties": {"name": "Bridge Street", "highway": "tertiary", "osm_id": 4757972, "alt_name": null, "old_name": null, "official_name": null}}, {"type": "Feature", "geometry": {"type": "LineString", "coordinates": [[472086.666, 5365445.985], [472058.31, 5365462.554], [472010.025, 5365491.304], [472004.87, 5365492.819], [471997.795, 5365493.388], [471988.538, 5365492.455], [471976.318, 5365489.048], [471969.154, 5365485.015], [471962.703, 5365478.711], [471942.858, 5365440.916], [471928.972, 5365413.295]]}, "properties": {"name": "Waterfront Crescent", "highway": "unclassified", "osm_id": 4758017, "alt_name": null, "old_name": null, "official_name": null}}, {"type": "Feature", "geometry": {"type": "LineString", "coordinates": [[471937.387, 5365305.454], [471940.997, 5365310.149], [471948.196, 5365319.528], [471953.585, 5365326.549], [471957.441, 5365331.576], [471960.747, 5365337.562], [471969.151, 5365354.472], [471974.191, 5365360.983], [471988.331, 5365377.353], [471989.188, 5365378.661], [471993.302, 5365384.965], [472003.384, 5365404.723], [472005.509, 5365408.192], [472008.379, 5365412.824], [472012.869, 5365417.293], [472031.925, 5365436.273], [472037.537, 5365441.859], [472053.591, 5365457.853], [472058.31, 5365462.554]]}, "properties": {"name": "Jackladder Lane", "highway": "unclassified", "osm_id": 4758050, "alt_name": null, "old_name": null, "official_name": null}}, {"type": "Feature", "geometry": {"type": "LineString", "coordinates": [[472246.072, 5365620.34], [472237.809, 5365627.35], [472235.782, 5365628.727], [472193.06, 5365659.338], [472053.325, 5365760.646], [472041.779, 5365769.351]]}, "properties": {"name": "Cecelia Road", "highway": "unclassified", "osm_id": 4758067, "alt_name": null, "old_name": null, "official_name": null}}, {"type": "Feature", "geometry": {"type": "LineString", "coordinates": [[471709.827, 5366384.653], [471827.201, 5366304.357]]}, "properties": {"name": "Little Eldon Place", "highway": "residential", "osm_id": 4758160, "alt_name": null, "old_name": null, "official_name": null}}, {"type": "Feature", "geometry": {"type": "LineString", "coordinates": [[471742.218, 5366188.099], [471747.369, 5366194.976], [471749.35, 5366197.623], [471761.931, 5366214.4], [471780.229, 5366238.819], [471794.127, 5366257.358], [471802.934, 5366269.107], [471827.201, 5366304.357], [471851.024, 5366337.897]]}, "properties": {"name": "Eldon Place", "highway": "residential", "osm_id": 4758161, "alt_name": null, "old_name": null, "official_name": null}}, {"type": "Feature", "geometry": {"type": "LineString", "coordinates": [[471738.371, 5366577.368], [471745.628, 5366572.041], [471746.283, 5366571.559], [471770.595, 5366553.586], [471774.009, 5366550.134], [471776.666, 5366546.075], [471778.127, 5366542.633], [471779.034, 5366539.016], [471779.377, 5366535.29], [471780.308, 5366493.635], [471779.557, 5366488.314], [471778.156, 5366483.119], [471776.396, 5366478.704], [471774.164, 5366474.513], [471767.189, 5366463.688], [471737.496, 5366422.775], [471709.827, 5366384.653], [471635.426, 5366282.127], [471631.078, 5366276.135]]}, "properties": {"name": "Irma Street", "highway": "residential", "osm_id": 4758173, "alt_name": null, "old_name": null, "official_name": null}}, {"type": "Feature", "geometry": {"type": "LineString", "coordinates": [[472085.714, 5366323.996], [472032.298, 5366314.133], [472026.875, 5366310.625], [472018.381, 5366305.143]]}, "properties": {"name": "Banga Place", "highway": "unclassified", "osm_id": 4758193, "alt_name": null, "old_name": null, "official_name": null}}, {"type": "Feature", "geometry": {"type": "LineString", "coordinates": [[474169.156, 5365356.415], [474166.283, 5365366.999], [474166.087, 5365367.744], [474155.932, 5365426.137], [474154.726, 5365432.412], [474143.868, 5365488.851], [474142.947, 5365491.234], [474141.356, 5365494.331], [474140.767, 5365494.923], [474139.383, 5365496.308], [474133.702, 5365500.936]]}, "properties": {"name": "Higgins Street", "highway": "residential", "osm_id": 4758570, "alt_name": null, "old_name": null, "official_name": null}}, {"type": "Feature", "geometry": {"type": "LineString", "coordinates": [[474210.332, 5365633.107], [474221.853, 5365632.743], [474234.702, 5365636.742]]}, "properties": {"name": "Kiwanis Way", "highway": "tertiary", "osm_id": 4758571, "alt_name": null, "old_name": null, "official_name": null}}, {"type": "Feature", "geometry": {"type": "LineString", "coordinates": [[474696.016, 5365397.131], [474902.993, 5365519.838], [474911.662, 5365525.091], [474918.772, 5365529.106], [475020.624, 5365589.158], [475026.407, 5365592.567]]}, "properties": {"name": "Myrtle Avenue", "highway": "residential", "osm_id": 4758573, "alt_name": null, "old_name": null, "official_name": null}}, {"type": "Feature", "geometry": {"type": "LineString", "coordinates": [[475047.891, 5365266.862], [475047.972, 5365273.409], [475048.112, 5365293.561], [475048.6, 5365308.609], [475048.798, 5365311.432], [475049.697, 5365314.118], [475051.231, 5365316.501], [475052.791, 5365318.039], [475054.608, 5365319.243], [475056.631, 5365320.079], [475058.77, 5365320.514], [475060.96, 5365320.537], [475161.983, 5365317.615]]}, "properties": {"name": "Lionel Street", "highway": "residential", "osm_id": 4758574, "alt_name": null, "old_name": null, "official_name": null}}, {"type": "Feature", "geometry": {"type": "LineString", "coordinates": [[474933.583, 5365486.901], [474943.197, 5365486.769], [475091.974, 5365484.323]]}, "properties": {"name": "Pearl Street", "highway": "residential", "osm_id": 4758576, "alt_name": null, "old_name": null, "official_name": null}}, {"type": "Feature", "geometry": {"type": "LineString", "coordinates": [[475026.407, 5365592.567], [475030.262, 5365586.225], [475031.253, 5365584.598], [475057.701, 5365541.119], [475091.974, 5365484.323]]}, "properties": {"name": "Doncaster Drive", "highway": "residential", "osm_id": 4758577, "alt_name": null, "old_name": null, "official_name": null}}, {"type": "Feature", "geometry": {"type": "LineString", "coordinates": [[474833.939, 5365373.452], [474931.918, 5365431.53]]}, "properties": {"name": "Holly Street", "highway": "residential", "osm_id": 4758588, "alt_name": null, "old_name": null, "official_name": null}}, {"type": "Feature", "geometry": {"type": "LineString", "coordinates": [[474724.292, 5363856.024], [474753.839, 5363870.976], [474876.229, 5363934.18], [474935.51, 5363968.342], [474943.46, 5363972.764], [474950.298, 5363976.758], [474969.892, 5363987.954], [474983.762, 5363996.029], [475005.236, 5364007.517], [475108.536, 5364062.796], [475131.618, 5364074.888], [475132.092, 5364075.131], [475159.887, 5364089.203], [475205.931, 5364113.167]]}, "properties": {"name": "Begbie Street", "highway": "secondary", "osm_id": 4766974, "alt_name": null, "old_name": null, "official_name": null}}, {"type": "Feature", "geometry": {"type": "LineString", "coordinates": [[473879.805, 5364004.068], [473869.431, 5364005.116], [473866.488, 5364005.419], [473843.322, 5364007.76], [473677.632, 5364024.501], [473675.332, 5364024.723], [473673.047, 5364024.933], [473665.195, 5364025.759]]}, "properties": {"name": "Balmoral Road", "highway": "residential", "osm_id": 4794578, "alt_name": null, "old_name": null, "official_name": null}}, {"type": "Feature", "geometry": {"type": "LineString", "coordinates": [[473276.304, 5364520.692], [473496.643, 5364499.371]]}, "properties": {"name": "Princess Avenue", "highway": "residential", "osm_id": 4794579, "alt_name": null, "old_name": null, "official_name": null}}, {"type": "Feature", "geometry": {"type": "LineString", "coordinates": [[473693.664, 5364308.342], [473687.009, 5364308.917], [473480.494, 5364326.821]]}, "properties": {"name": "Green Street", "highway": "residential", "osm_id": 4794580, "alt_name": null, "old_name": null, "official_name": null}}, {"type": "Feature", "geometry": {"type": "LineString", "coordinates": [[473400.645, 5365298.08], [473311.795, 5365278.913], [473266.933, 5365272.955], [473249.856, 5365270.012], [473238.446, 5365270.411]]}, "properties": {"name": "Market Street", "highway": "residential", "osm_id": 4794581, "alt_name": null, "old_name": null, "official_name": null}}, {"type": "Feature", "geometry": {"type": "LineString", "coordinates": [[473253.838, 5365749.701], [473260.211, 5365750.905], [473331.67, 5365764.362]]}, "properties": {"name": "Spruce Avenue", "highway": "residential", "osm_id": 4794637, "alt_name": null, "old_name": null, "official_name": null}}, {"type": "Feature", "geometry": {"type": "LineString", "coordinates": [[471118.754, 5365715.137], [471109.611, 5365717.629], [471104.899, 5365718.909], [471092.915, 5365724.006], [471081.946, 5365731.009], [471068.81, 5365742.192], [471021.191, 5365791.5], [470995.806, 5365818.108], [470991.326, 5365822.81], [470964.876, 5365849.335], [470950.954, 5365863.023], [470935.488, 5365878.431], [470927.639, 5365886.43], [470921.232, 5365893.132], [470917.854, 5365896.451], [470897.995, 5365917.528], [470865.263, 5365950.466], [470813.308, 5366002.677], [470805.998, 5366009.129], [470803.577, 5366011.509], [470798.278, 5366015.071], [470790.959, 5366019.799], [470787.58, 5366021.362], [470777.37, 5366026.072], [470706.673, 5366056.139], [470680.013, 5366067.381], [470610.334, 5366096.855], [470567.109, 5366115.009], [470561.826, 5366117.259], [470515.886, 5366136.795], [470501.812, 5366140.692], [470491.114, 5366142.582], [470481.437, 5366143.233], [470452.136, 5366142.741], [470440.677, 5366141.967]]}, "properties": {"name": "Gorge Road West", "highway": "secondary", "osm_id": 4804058, "alt_name": null, "old_name": null, "official_name": null}}, {"type": "Feature", "geometry": {"type": "LineString", "coordinates": [[476048.028, 5364624.041], [476053.748, 5364790.973], [476053.926, 5364796.174]]}, "properties": {"name": "Trent Street", "highway": "residential", "osm_id": 4878597, "alt_name": null, "old_name": null, "official_name": null}}, {"type": "Feature", "geometry": {"type": "LineString", "coordinates": [[476038.4, 5364351.96], [476038.821, 5364364.163], [476038.865, 5364365.786], [476039.205, 5364376.111], [476039.903, 5364396.005], [476041.41, 5364439.216], [476042.132, 5364457.821], [476042.192, 5364459.699], [476042.802, 5364474.48], [476043.321, 5364486.972], [476044.694, 5364519.724]]}, "properties": {"name": "Trent Street", "highway": "unclassified", "osm_id": 4878621, "alt_name": null, "old_name": null, "official_name": null}}, {"type": "Feature", "geometry": {"type": "LineString", "coordinates": [[476231.013, 5364196.164], [476231.142, 5364202.222], [476233.705, 5364252.409], [476233.978, 5364259.366], [476234.062, 5364267.002], [476234.396, 5364297.168], [476234.532, 5364297.857], [476237.637, 5364313.461], [476240.108, 5364320.598], [476245.908, 5364332.957], [476253.497, 5364348.665], [476260.181, 5364363.854], [476261.572, 5364372.718], [476262.778, 5364401.036], [476259.994, 5364411.163]]}, "properties": {"name": "Bee Street", "highway": "residential", "osm_id": 4878627, "alt_name": null, "old_name": null, "official_name": null}}, {"type": "Feature", "geometry": {"type": "LineString", "coordinates": [[474128.189, 5361457.555], [474128.923, 5361454.429], [474129.003, 5361450.96], [474123.693, 5361414.581], [474122.338, 5361404.728], [474121.722, 5361396.094], [474128.646, 5361324.077]]}, "properties": {"name": "Clover Point", "highway": "unclassified", "osm_id": 4892624, "alt_name": null, "old_name": null, "official_name": null}}, {"type": "Feature", "geometry": {"type": "LineString", "coordinates": [[474654.956, 5363792.407], [474657.72, 5363798.331], [474661.528, 5363804.561], [474668.417, 5363813.278], [474676.009, 5363821.803], [474682.867, 5363828.486], [474691.345, 5363835.095], [474706.868, 5363845.453], [474724.292, 5363856.024]]}, "properties": {"name": "Begbie Street", "highway": "secondary", "osm_id": 4895761, "alt_name": null, "old_name": null, "official_name": null}}, {"type": "Feature", "geometry": {"type": "LineString", "coordinates": [[474642.555, 5363815.139], [474627.585, 5363807.658], [474619.582, 5363804.648], [474611.486, 5363802.306], [474606.798, 5363801.26], [474598.186, 5363799.52]]}, "properties": {"name": "Begbie Street", "highway": "secondary", "osm_id": 4895763, "alt_name": null, "old_name": null, "official_name": null}}, {"type": "Feature", "geometry": {"type": "LineString", "coordinates": [[471921.932, 5365598.306], [471949.911, 5365592.588]]}, "properties": {"name": "Gorge Road East", "highway": "secondary", "osm_id": 4903097, "alt_name": null, "old_name": null, "official_name": null}}, {"type": "Feature", "geometry": {"type": "LineString", "coordinates": [[474622.071, 5363792.143], [474614.754, 5363792.098], [474596.451, 5363791.969]]}, "properties": {"name": "Pandora Avenue", "highway": "secondary", "osm_id": 4935326, "alt_name": null, "old_name": null, "official_name": null}}, {"type": "Feature", "geometry": {"type": "LineString", "coordinates": [[473819.99, 5363807.898], [473829.645, 5363804.852], [473849.192, 5363800.393], [473852.59, 5363799.121], [473854.628, 5363798.356], [473858.18, 5363795.35], [473863.503, 5363788.189]]}, "properties": {"name": "Pandora Avenue", "highway": "unclassified", "osm_id": 4935331, "alt_name": null, "old_name": null, "official_name": null}}, {"type": "Feature", "geometry": {"type": "LineString", "coordinates": [[473445.414, 5363856.16], [473451.706, 5363860.099], [473455.884, 5363862.725], [473457.025, 5363863.197], [473461.865, 5363865.175], [473470.453, 5363865.024], [473505.878, 5363859.556], [473508.48, 5363859.099], [473515.399, 5363857.878]]}, "properties": {"name": "Pandora Avenue", "highway": "unclassified", "osm_id": 4935332, "alt_name": null, "old_name": null, "official_name": null}}, {"type": "Feature", "geometry": {"type": "LineString", "coordinates": [[473372.379, 5363400.506], [473362.348, 5363402.41], [473358.224, 5363403.185], [473351.852, 5363404.393], [473333.787, 5363407.924], [473318.314, 5363410.653], [473296.527, 5363414.135], [473287.375, 5363415.59], [473278.03, 5363417.079], [473270.364, 5363418.282], [473226.422, 5363425.57], [473224.189, 5363425.937], [473206.565, 5363428.843], [473178.244, 5363433.513], [473166.469, 5363435.936]]}, "properties": {"name": "Broughton Street", "highway": "tertiary", "osm_id": 4941406, "alt_name": null, "old_name": null, "official_name": null}}, {"type": "Feature", "geometry": {"type": "LineString", "coordinates": [[474314.198, 5363813.461], [474313.257, 5363801.794], [474313.117, 5363800.116], [474307.762, 5363733.58], [474302.084, 5363672.292]]}, "properties": {"name": "Camosun Street", "highway": "residential", "osm_id": 4941409, "alt_name": null, "old_name": null, "official_name": null}}, {"type": "Feature", "geometry": {"type": "LineString", "coordinates": [[472667.668, 5363453.159], [472675.687, 5363455.989], [472748.282, 5363444.045], [472752.139, 5363443.138], [472760.076, 5363441.276]]}, "properties": {"name": "Courtney Street", "highway": "unclassified", "osm_id": 4941410, "alt_name": null, "old_name": null, "official_name": null}}, {"type": "Feature", "geometry": {"type": "LineString", "coordinates": [[472156.204, 5363250.866], [472161.362, 5363252.519], [472163.49, 5363253.431], [472165.759, 5363254.465], [472219.913, 5363285.179], [472223.94, 5363287.149], [472228.32, 5363288.694], [472233.116, 5363289.149], [472235.216, 5363288.905]]}, "properties": {"name": "Pendray Street", "highway": "tertiary", "osm_id": 4941413, "alt_name": null, "old_name": null, "official_name": null}}, {"type": "Feature", "geometry": {"type": "LineString", "coordinates": [[472938.954, 5363380.439], [472950.973, 5363378.237], [472955.246, 5363377.449], [472986.914, 5363371.696], [472997.278, 5363369.879], [473012.573, 5363367.227], [473018.583, 5363366.187], [473034.654, 5363363.399], [473070.219, 5363357.238], [473074.263, 5363356.552], [473136.797, 5363345.951], [473150.495, 5363343.585]]}, "properties": {"name": "Courtney Street", "highway": "unclassified", "osm_id": 4941414, "alt_name": null, "old_name": null, "official_name": null}}, {"type": "Feature", "geometry": {"type": "LineString", "coordinates": [[476182.096, 5362487.538], [476284.543, 5362375.83], [476324.944, 5362338.224], [476408.839, 5362262.644], [476463.627, 5362212.363], [476533.114, 5362150.184]]}, "properties": {"name": "Beach Drive", "highway": "tertiary", "osm_id": 5019401, "alt_name": null, "old_name": null, "official_name": null}}, {"type": "Feature", "geometry": {"type": "LineString", "coordinates": [[475764.892, 5362532.968], [475861.465, 5362545.395], [475906.961, 5362551.415], [475915.001, 5362552.436], [475962.094, 5362558.328], [475989.82, 5362561.69], [475996.421, 5362561.839], [476001.406, 5362561.363], [476007.669, 5362560.313], [476048.644, 5362550.636], [476076.531, 5362543.26], [476080.781, 5362542.086], [476086.856, 5362540.193]]}, "properties": {"name": "Fairfield Road", "highway": "tertiary", "osm_id": 5019402, "alt_name": null, "old_name": null, "official_name": null}}, {"type": "Feature", "geometry": {"type": "LineString", "coordinates": [[475698.176, 5362170.164], [475733.005, 5362162.734], [475816.44, 5362145.093], [475827.483, 5362142.189]]}, "properties": {"name": "Crescent Road", "highway": "secondary", "osm_id": 5019405, "alt_name": null, "old_name": null, "official_name": null}}, {"type": "Feature", "geometry": {"type": "LineString", "coordinates": [[472750.937, 5363374.715], [472739.636, 5363378.571], [472735.552, 5363380.136], [472708.747, 5363395.405]]}, "properties": {"name": "Wharf Street", "highway": "secondary", "osm_id": 5019420, "alt_name": null, "old_name": null, "official_name": null}}, {"type": "Feature", "geometry": {"type": "LineString", "coordinates": [[472081.368, 5363992.871], [472084.936, 5363999.3], [472087.772, 5364004.421], [472092.127, 5364013.081], [472095.262, 5364021.714]]}, "properties": {"name": "Tyee Road", "highway": "tertiary", "osm_id": 5025468, "alt_name": null, "old_name": null, "official_name": null}}, {"type": "Feature", "geometry": {"type": "LineString", "coordinates": [[471560.324, 5364293.629], [471555.792, 5364288.272], [471544.361, 5364273.223], [471542.814, 5364247.931]]}, "properties": {"name": "Catherine Street", "highway": "secondary", "osm_id": 5035622, "alt_name": null, "old_name": null, "official_name": null}}, {"type": "Feature", "geometry": {"type": "LineString", "coordinates": [[476200.494, 5362657.24], [476310.274, 5362656.124], [476468.586, 5362654.642]]}, "properties": {"name": "Central Avenue", "highway": "residential", "osm_id": 5045486, "alt_name": null, "old_name": null, "official_name": null}}, {"type": "Feature", "geometry": {"type": "LineString", "coordinates": [[471461.933, 5365733.928], [471457.184, 5365736.597], [471452.25, 5365739.368], [471413.069, 5365767.277]]}, "properties": {"name": "Balfour Place", "highway": "residential", "osm_id": 5055466, "alt_name": null, "old_name": null, "official_name": null}}, {"type": "Feature", "geometry": {"type": "LineString", "coordinates": [[471397.288, 5366101.183], [471403.41, 5366096.506], [471406.342, 5366094.268], [471494.668, 5366026.75], [471499.368, 5366023.159], [471504.562, 5366019.342], [471580.231, 5365963.861], [471585.116, 5365960.28]]}, "properties": {"name": "Maddock Avenue East", "highway": "residential", "osm_id": 5055468, "alt_name": null, "old_name": null, "official_name": null}}, {"type": "Feature", "geometry": {"type": "LineString", "coordinates": [[471613.368, 5365636.226], [471616.528, 5365643.992], [471617.839, 5365647.353], [471622.385, 5365658.646], [471645.332, 5365711.531], [471683.968, 5365799.162], [471713.884, 5365867.53], [471742.688, 5365934.203], [471745.217, 5365942.927], [471742.223, 5365950.512]]}, "properties": {"name": "Carroll Street", "highway": "residential", "osm_id": 5055841, "alt_name": null, "old_name": null, "official_name": null}}, {"type": "Feature", "geometry": {"type": "LineString", "coordinates": [[471691.113, 5365978.401], [471680.365, 5365977.71], [471633.01, 5365882.507], [471577.284, 5365771.608], [471524.603, 5365663.416], [471522.645, 5365659.391], [471519.566, 5365651.57]]}, "properties": {"name": "Albany Street", "highway": "residential", "osm_id": 5055842, "alt_name": null, "old_name": null, "official_name": null}}, {"type": "Feature", "geometry": {"type": "LineString", "coordinates": [[471725.193, 5365959.767], [471691.113, 5365978.401]]}, "properties": {"name": "Doric Street", "highway": "residential", "osm_id": 5055843, "alt_name": null, "old_name": null, "official_name": null}}, {"type": "Feature", "geometry": {"type": "LineString", "coordinates": [[472977.949, 5366443.362], [473001.324, 5366313.186]]}, "properties": {"name": "Rutledge Street", "highway": "residential", "osm_id": 5055846, "alt_name": null, "old_name": null, "official_name": null}}, {"type": "Feature", "geometry": {"type": "LineString", "coordinates": [[472846.298, 5366477.395], [472847.818, 5366469.017], [472878.653, 5366291.474], [472882.864, 5366269.167], [472894.703, 5366205.862]]}, "properties": {"name": "Alder Street", "highway": "residential", "osm_id": 5055847, "alt_name": null, "old_name": null, "official_name": null}}, {"type": "Feature", "geometry": {"type": "LineString", "coordinates": [[473510.933, 5366748.814], [473482.453, 5366629.243], [473462.624, 5366550.815], [473414.325, 5366366.799], [473412.924, 5366361.459], [473408.501, 5366343.961], [473403.788, 5366325.976], [473399.324, 5366307.645], [473400.207, 5366300.404], [473401.019, 5366293.742]]}, "properties": {"name": "Linwood Avenue", "highway": "residential", "osm_id": 5055849, "alt_name": null, "old_name": null, "official_name": null}}, {"type": "Feature", "geometry": {"type": "LineString", "coordinates": [[473175.009, 5366125.684], [473166.372, 5366124.124], [473160.954, 5366123.116], [473149.6, 5366121.002], [473136.166, 5366118.498], [473134.537, 5366117.995], [473122.547, 5366114.305], [473119.308, 5366112.754], [473111.807, 5366109.154], [473102.159, 5366101.764], [473090.431, 5366089.392], [473088.767, 5366087.888], [473084.761, 5366083.639], [473072.821, 5366071.802], [473054.744, 5366053.892], [473050.962, 5366050.141], [473029.697, 5366029.067], [473015.53, 5366015.618], [473013.275, 5366014.039], [473009.003, 5366011.537], [472994.806, 5366004.046], [472983.84, 5365999.674], [472967.827, 5365995.915], [472953.935, 5365993.525], [472935.491, 5365990.345], [472930.066, 5365989.415]]}, "properties": {"name": "Reed Street", "highway": "residential", "osm_id": 5055850, "alt_name": null, "old_name": null, "official_name": null}}, {"type": "Feature", "geometry": {"type": "LineString", "coordinates": [[473013.275, 5366014.039], [473015.344, 5366010.639], [473015.445, 5366010.194], [473019.184, 5365989.268], [473020.286, 5365983.082], [473024.492, 5365959.497], [473024.881, 5365957.316], [473027.813, 5365940.885], [473029.556, 5365931.128], [473029.981, 5365928.747], [473030.406, 5365926.377], [473032.126, 5365916.554]]}, "properties": {"name": "Rutledge Street", "highway": "residential", "osm_id": 5055876, "alt_name": null, "old_name": null, "official_name": null}}, {"type": "Feature", "geometry": {"type": "LineString", "coordinates": [[473000.47, 5366128.047], [472997.265, 5366130.553], [472995.539, 5366132.873], [472993.78, 5366136.171], [472992.324, 5366144.104], [472990.832, 5366152.325], [472988.325, 5366166.21], [472987.914, 5366168.49], [472985.349, 5366182.653], [472983.022, 5366195.547], [472982.424, 5366198.862], [472980.004, 5366212.224], [472979.492, 5366215.061], [472978.484, 5366220.69]]}, "properties": {"name": "Rutledge Street", "highway": "residential", "osm_id": 5055877, "alt_name": null, "old_name": null, "official_name": null}}, {"type": "Feature", "geometry": {"type": "LineString", "coordinates": [[473088.767, 5366087.888], [473091.64, 5366080.883], [473096.179, 5366058.752], [473097.437, 5366051.054], [473099.222, 5366040.753], [473101.525, 5366027.581], [473102.375, 5366022.786], [473103.845, 5366014.576], [473104.63, 5366010.226], [473106.993, 5365997.064], [473109.457, 5365983.381], [473112.08, 5365968.829], [473113.146, 5365962.888], [473114.436, 5365955.746], [473115.971, 5365947.213], [473116.555, 5365943.986], [473118.118, 5365935.32]]}, "properties": {"name": "Yew Street", "highway": "residential", "osm_id": 5055878, "alt_name": null, "old_name": null, "official_name": null}}, {"type": "Feature", "geometry": {"type": "LineString", "coordinates": [[473146.202, 5366202.819], [473140.147, 5366201.547], [473136.394, 5366200.731], [473134.092, 5366200.23], [473120.819, 5366197.359], [473113.661, 5366195.814], [473105.6, 5366194.074], [473087.286, 5366190.137], [473083.511, 5366189.322], [473074.883, 5366184.983], [473066.191, 5366179.756], [473054.937, 5366169.149], [473049.059, 5366163.119], [473030.496, 5366144.066], [473026.409, 5366139.873], [473018.237, 5366131.964], [473013.532, 5366128.43], [473010.434, 5366127.166], [473007.822, 5366126.823], [473004.473, 5366126.928], [473000.47, 5366128.047]]}, "properties": {"name": "Villance Street", "highway": "residential", "osm_id": 5055880, "alt_name": null, "old_name": null, "official_name": null}}, {"type": "Feature", "geometry": {"type": "LineString", "coordinates": [[474089.695, 5366353.608], [474083.029, 5366399.757]]}, "properties": {"name": "Maplewood Road", "highway": "tertiary", "osm_id": 5056753, "alt_name": null, "old_name": null, "official_name": null}}, {"type": "Feature", "geometry": {"type": "LineString", "coordinates": [[473270.907, 5364949.182], [473269.619, 5364947.442], [473268.654, 5364945.002], [473268.99, 5364940.954], [473281.699, 5364872.41], [473297.62, 5364780.687], [473297.111, 5364768.351]]}, "properties": {"name": "Dowler Place", "highway": "residential", "osm_id": 5059536, "alt_name": null, "old_name": null, "official_name": null}}, {"type": "Feature", "geometry": {"type": "LineString", "coordinates": [[473296.835, 5364761.56], [473296.164, 5364754.161], [473290.748, 5364694.262], [473283.745, 5364612.995], [473276.304, 5364520.692], [473267.982, 5364437.386], [473267.183, 5364429.72]]}, "properties": {"name": "Dowler Place", "highway": "residential", "osm_id": 5059537, "alt_name": null, "old_name": null, "official_name": null}}, {"type": "Feature", "geometry": {"type": "LineString", "coordinates": [[473407.134, 5364756.773], [473404.567, 5364772.492], [473382.121, 5364910.031], [473371.591, 5364971.861]]}, "properties": {"name": "Wark Street", "highway": "residential", "osm_id": 5059538, "alt_name": null, "old_name": null, "official_name": null}}, {"type": "Feature", "geometry": {"type": "LineString", "coordinates": [[473203.939, 5365961.902], [473199.863, 5365984.975], [473199.611, 5365986.388], [473198.963, 5365990.081], [473197.241, 5365999.816], [473196.14, 5366006.079], [473195.081, 5366012.042], [473194.058, 5366017.86], [473193.323, 5366021.999], [473191.739, 5366030.988], [473189.319, 5366044.672], [473187.98, 5366052.248], [473184.847, 5366069.97], [473184.58, 5366071.505], [473179.373, 5366100.975], [473175.009, 5366125.684], [473173.899, 5366131.68], [473168.441, 5366161.252], [473164.627, 5366181.889], [473162.523, 5366185.723], [473159.365, 5366188.806], [473152.674, 5366195.34], [473146.202, 5366202.819]]}, "properties": {"name": "Glasgow Street", "highway": "residential", "osm_id": 5059543, "alt_name": null, "old_name": null, "official_name": null}}, {"type": "Feature", "geometry": {"type": "LineString", "coordinates": [[472911.186, 5365363.382], [472909.052, 5365376.386], [472897.057, 5365439.914], [472895.738, 5365447.079], [472893.717, 5365457.637]]}, "properties": {"name": "Quesnel Street", "highway": "unclassified", "osm_id": 5061270, "alt_name": null, "old_name": null, "official_name": null}}, {"type": "Feature", "geometry": {"type": "LineString", "coordinates": [[473024.436, 5364896.617], [473036.854, 5364865.301], [473061.711, 5364802.612], [473067.997, 5364785.231]]}, "properties": {"name": "Westbourne Place", "highway": "unclassified", "osm_id": 5061271, "alt_name": null, "old_name": null, "official_name": null}}, {"type": "Feature", "geometry": {"type": "LineString", "coordinates": [[471757.885, 5365621.32], [471761.689, 5365630.661], [471763.036, 5365633.833], [471771.128, 5365651.978], [471780.055, 5365674.276], [471789.809, 5365699.26], [471800.087, 5365725.631], [471815.053, 5365763.827], [471831.26, 5365806.198], [471846.789, 5365847.649], [471863.921, 5365890.226], [471866.662, 5365897.037]]}, "properties": {"name": "Washington Avenue", "highway": "residential", "osm_id": 5066515, "alt_name": null, "old_name": null, "official_name": null}}, {"type": "Feature", "geometry": {"type": "LineString", "coordinates": [[472041.779, 5365769.351], [472037.511, 5365775.185], [472035.941, 5365780.54], [472036.043, 5365784.774], [472037.949, 5365788.933], [472047.006, 5365801.883], [472076.739, 5365840.107]]}, "properties": {"name": "Napier Lane", "highway": "unclassified", "osm_id": 5066517, "alt_name": null, "old_name": null, "official_name": null}}, {"type": "Feature", "geometry": {"type": "LineString", "coordinates": [[475518.825, 5362071.885], [475518.691, 5362087.169], [475514.241, 5362093.358]]}, "properties": {"name": "Richmond Avenue", "highway": "residential", "osm_id": 5067153, "alt_name": null, "old_name": null, "official_name": null}}, {"type": "Feature", "geometry": {"type": "LineString", "coordinates": [[475545.977, 5362533.386], [475549.795, 5362523.154], [475552.089, 5362279.413]]}, "properties": {"name": "Richmond Avenue", "highway": "residential", "osm_id": 5067154, "alt_name": null, "old_name": null, "official_name": null}}, {"type": "Feature", "geometry": {"type": "LineString", "coordinates": [[474859.218, 5363033.102], [474817.519, 5363168.13], [474808.905, 5363196.013], [474805.314, 5363217.227]]}, "properties": {"name": "Pemberton Road", "highway": "residential", "osm_id": 6201085, "alt_name": null, "old_name": null, "official_name": null}}, {"type": "Feature", "geometry": {"type": "LineString", "coordinates": [[474192.156, 5363294.038], [474185.395, 5363289.389], [474181.239, 5363283.317], [474175.949, 5363272.036], [474167.881, 5363263.136], [474175.988, 5363254.663], [474180.826, 5363244.648], [474185.924, 5363238.377], [474189.816, 5363235.092], [474194.883, 5363233.223], [474202.436, 5363231.388], [474211.728, 5363232.78], [474218.058, 5363235.274], [474224.198, 5363240.004], [474228.516, 5363245.909], [474230.885, 5363252.734], [474233.64, 5363272.963], [474231.343, 5363281.788], [474225.841, 5363290.584], [474218.454, 5363296.453], [474210.949, 5363300.655], [474206.63, 5363297.852], [474201.187, 5363296.787], [474192.156, 5363294.038]]}, "properties": {"name": "Pentrelew Place", "highway": "residential", "osm_id": 7878942, "alt_name": null, "old_name": null, "official_name": null}}, {"type": "Feature", "geometry": {"type": "LineString", "coordinates": [[474691.556, 5364195.385], [474927.542, 5364185.399], [475159.729, 5364176.239]]}, "properties": {"name": "Gladstone Avenue", "highway": "residential", "osm_id": 7878943, "alt_name": null, "old_name": null, "official_name": null}}, {"type": "Feature", "geometry": {"type": "LineString", "coordinates": [[474462.937, 5364103.051], [474468.44, 5364102.848], [474524.2, 5364100.752], [474685.233, 5364094.695], [474922.379, 5364085.403], [475097.269, 5364077.896], [475102.325, 5364075.284], [475105.28, 5364069.346], [475108.536, 5364062.796]]}, "properties": {"name": "Vining Street", "highway": "residential", "osm_id": 7878950, "alt_name": null, "old_name": null, "official_name": null}}, {"type": "Feature", "geometry": {"type": "LineString", "coordinates": [[474678.5, 5363836.364], [474676.92, 5363840.218], [474676.233, 5363843.778], [474676.533, 5363892.652], [474681.702, 5363993.303], [474685.233, 5364094.695], [474688.806, 5364192.329]]}, "properties": {"name": "Stanley Avenue", "highway": "residential", "osm_id": 7878953, "alt_name": null, "old_name": null, "official_name": null}}, {"type": "Feature", "geometry": {"type": "LineString", "coordinates": [[474545.822, 5364301.225], [474551.318, 5364460.987]]}, "properties": {"name": "Sayward Street", "highway": "residential", "osm_id": 7878957, "alt_name": null, "old_name": null, "official_name": null}}, {"type": "Feature", "geometry": {"type": "LineString", "coordinates": [[474629.507, 5364553.919], [474632.406, 5364608.339], [474632.649, 5364616.23], [474633.118, 5364630.045], [474633.376, 5364639.759]]}, "properties": {"name": "Oregon Avenue", "highway": "residential", "osm_id": 7878959, "alt_name": null, "old_name": null, "official_name": null}}, {"type": "Feature", "geometry": {"type": "LineString", "coordinates": [[474623.963, 5364376.338], [474629.14, 5364376.193], [474795.258, 5364370.983]]}, "properties": {"name": "Taunton Street", "highway": "residential", "osm_id": 7878961, "alt_name": null, "old_name": null, "official_name": null}}, {"type": "Feature", "geometry": {"type": "LineString", "coordinates": [[474879.236, 5364620.767], [474875.264, 5364537.384], [474870.37, 5364456.273]]}, "properties": {"name": "Belmont Avenue", "highway": "residential", "osm_id": 7878962, "alt_name": null, "old_name": null, "official_name": null}}, {"type": "Feature", "geometry": {"type": "LineString", "coordinates": [[474955.888, 5364613.569], [474961.102, 5364832.635], [474966.505, 5365049.344], [474967.463, 5365100.249], [474970.47, 5365241.916], [474970.892, 5365261.955], [474970.869, 5365268.614]]}, "properties": {"name": "Forbes Street", "highway": "residential", "osm_id": 7878964, "alt_name": null, "old_name": null, "official_name": null}}, {"type": "Feature", "geometry": {"type": "LineString", "coordinates": [[475063.9, 5364281.636], [475067.286, 5364365.155], [475070.067, 5364420.432], [475070.873, 5364440.659], [475077.531, 5364605.43]]}, "properties": {"name": "Victor Street", "highway": "residential", "osm_id": 7878965, "alt_name": null, "old_name": null, "official_name": null}}, {"type": "Feature", "geometry": {"type": "LineString", "coordinates": [[475134.976, 5364823.021], [475129.868, 5364601.309]]}, "properties": {"name": "Shakespeare Street", "highway": "residential", "osm_id": 7878967, "alt_name": null, "old_name": null, "official_name": null}}, {"type": "Feature", "geometry": {"type": "LineString", "coordinates": [[475261.331, 5364433.377], [475269.498, 5364590.938]]}, "properties": {"name": "Howard Street", "highway": "residential", "osm_id": 7878968, "alt_name": null, "old_name": null, "official_name": null}}, {"type": "Feature", "geometry": {"type": "LineString", "coordinates": [[475267.352, 5364272.352], [475270.753, 5364432.846]]}, "properties": {"name": "Lydia Street", "highway": "residential", "osm_id": 7878971, "alt_name": null, "old_name": null, "official_name": null}}, {"type": "Feature", "geometry": {"type": "LineString", "coordinates": [[474167.881, 5363263.136], [474159.371, 5363256.306], [474155.504, 5363253.711], [474151.766, 5363249.993], [474149.505, 5363245.78], [474134.12, 5363159.204]]}, "properties": {"name": "Pentrelew Place", "highway": "residential", "osm_id": 7884044, "alt_name": null, "old_name": null, "official_name": null}}, {"type": "Feature", "geometry": {"type": "LineString", "coordinates": [[474222.989, 5363384.123], [474221.09, 5363369.982], [474213.471, 5363313.382], [474210.949, 5363300.655]]}, "properties": {"name": "Pentrelew Place", "highway": "residential", "osm_id": 7884046, "alt_name": null, "old_name": null, "official_name": null}}, {"type": "Feature", "geometry": {"type": "LineString", "coordinates": [[474508.504, 5363127.473], [474490.733, 5363011.095]]}, "properties": {"name": "Royal Terrace", "highway": "residential", "osm_id": 7884049, "alt_name": null, "old_name": null, "official_name": null}}, {"type": "Feature", "geometry": {"type": "LineString", "coordinates": [[474666.775, 5363191.011], [474526.597, 5363217.05], [474473.201, 5363226.916], [474467.883, 5363229.063], [474464.461, 5363234.648], [474463.843, 5363242.176], [474483.768, 5363362.157], [474496.288, 5363426.671], [474498.467, 5363430.796], [474502.079, 5363437.649]]}, "properties": {"name": "Craigdarroch Road", "highway": "residential", "osm_id": 7884051, "alt_name": null, "old_name": null, "official_name": null}}, {"type": "Feature", "geometry": {"type": "LineString", "coordinates": [[474482.983, 5363465.502], [474487.673, 5363457.122], [474494.756, 5363444.474], [474502.079, 5363437.649], [474560.685, 5363410.431], [474571.693, 5363405.313], [474581.137, 5363399.49], [474588.04, 5363392.801], [474592.029, 5363384.969], [474603.969, 5363348.256], [474615.173, 5363312.591], [474616.166, 5363309.541], [474617.341, 5363305.934], [474621.311, 5363300.448], [474627.447, 5363295.907], [474658.793, 5363289.053], [474664.702, 5363285.025], [474668.062, 5363280.264], [474670.006, 5363273.43], [474668.952, 5363237.832], [474666.775, 5363191.011], [474664.401, 5363096.917], [474664.095, 5363020.21]]}, "properties": {"name": "Joan Crescent", "highway": "residential", "osm_id": 7884054, "alt_name": null, "old_name": null, "official_name": null}}, {"type": "Feature", "geometry": {"type": "LineString", "coordinates": [[474664.401, 5363096.917], [474508.504, 5363127.473]]}, "properties": {"name": "Manor Road", "highway": "residential", "osm_id": 7884056, "alt_name": null, "old_name": null, "official_name": null}}, {"type": "Feature", "geometry": {"type": "LineString", "coordinates": [[474472.037, 5362689.416], [474469.152, 5362687.784], [474462.364, 5362683.957], [474458.615, 5362679.717]]}, "properties": {"name": "Durban Street", "highway": "residential", "osm_id": 7884058, "alt_name": null, "old_name": null, "official_name": null}}, {"type": "Feature", "geometry": {"type": "LineString", "coordinates": [[474442.917, 5362682.088], [474458.615, 5362679.717]]}, "properties": {"name": "Carnsew Street", "highway": "residential", "osm_id": 7884060, "alt_name": null, "old_name": null, "official_name": null}}, {"type": "Feature", "geometry": {"type": "LineString", "coordinates": [[474571.085, 5362991.181], [474574.827, 5362983.95], [474577.578, 5362978.692], [474578.764, 5362974.34], [474566.773, 5362897.429], [474564.137, 5362880.545], [474561.616, 5362864.495], [474560.786, 5362862.664], [474559.935, 5362860.89], [474558.574, 5362859.462], [474556.201, 5362858.183], [474550.876, 5362855.439], [474548.089, 5362854.363], [474545.11, 5362853.287], [474541.434, 5362852.014], [474537.558, 5362850.697], [474534.33, 5362850.223], [474530.562, 5362849.739], [474526.238, 5362849.07], [474522.712, 5362848.141], [474519.507, 5362846.388], [474516.583, 5362844.444], [474514.646, 5362841.396], [474513.394, 5362837.745], [474513.999, 5362834.163], [474519.525, 5362820.788]]}, "properties": {"name": "Lotbiniere Avenue", "highway": "service", "osm_id": 7884064, "alt_name": null, "old_name": null, "official_name": null}}, {"type": "Feature", "geometry": {"type": "LineString", "coordinates": [[474359.153, 5362880.991], [474393.458, 5362909.425], [474444.259, 5362959.85], [474447.452, 5362964.048], [474451.545, 5362969.443], [474457.506, 5362980.31], [474465.868, 5363024.857]]}, "properties": {"name": "Robleda Crescent", "highway": "residential", "osm_id": 7884068, "alt_name": null, "old_name": null, "official_name": null}}, {"type": "Feature", "geometry": {"type": "LineString", "coordinates": [[474134.12, 5363159.204], [474137.56, 5363152.708], [474129.149, 5363097.802], [474137.227, 5363063.529], [474132.949, 5363038.86]]}, "properties": {"name": "Langham Court", "highway": "residential", "osm_id": 7884069, "alt_name": null, "old_name": null, "official_name": null}}, {"type": "Feature", "geometry": {"type": "LineString", "coordinates": [[474213.471, 5363313.382], [474276.68, 5363312.439], [474283.312, 5363311.531], [474300.428, 5363297.381], [474322.722, 5363306.061]]}, "properties": {"name": "Wilspencer Place", "highway": "residential", "osm_id": 7884071, "alt_name": null, "old_name": null, "official_name": null}}, {"type": "Feature", "geometry": {"type": "LineString", "coordinates": [[474325.729, 5363321.565], [474406.762, 5363309.116]]}, "properties": {"name": "Purcell Place", "highway": "residential", "osm_id": 7884073, "alt_name": null, "old_name": null, "official_name": null}}, {"type": "Feature", "geometry": {"type": "LineString", "coordinates": [[474357.383, 5363117.65], [474370.81, 5363217.13]]}, "properties": {"name": "Gillespie Place", "highway": "residential", "osm_id": 7884077, "alt_name": null, "old_name": null, "official_name": null}}, {"type": "Feature", "geometry": {"type": "LineString", "coordinates": [[474764.156, 5363453.305], [474740.77, 5363441.76], [474696.247, 5363436.89], [474676.189, 5363435.001], [474666.144, 5363435.413]]}, "properties": {"name": "Carberry Gardens", "highway": "residential", "osm_id": 7884081, "alt_name": null, "old_name": null, "official_name": null}}, {"type": "Feature", "geometry": {"type": "LineString", "coordinates": [[474666.144, 5363435.413], [474672.439, 5363408.807]]}, "properties": {"name": "Carberry Gardens", "highway": "residential", "osm_id": 7884083, "alt_name": null, "old_name": null, "official_name": null}}, {"type": "Feature", "geometry": {"type": "LineString", "coordinates": [[474947.335, 5363030.355], [474950.512, 5363022.66], [474985.653, 5362934.581], [475007.414, 5362875.972], [475009.222, 5362854.8], [475012.249, 5362799.42], [475012.654, 5362794.094], [475016.179, 5362747.815], [475017.261, 5362722.834], [475019.385, 5362696.225], [475023.92, 5362627.088], [475024.62, 5362616.425]]}, "properties": {"name": "Saint Charles Street", "highway": "residential", "osm_id": 7884085, "alt_name": null, "old_name": null, "official_name": null}}, {"type": "Feature", "geometry": {"type": "LineString", "coordinates": [[474924.037, 5363216.222], [474805.314, 5363217.227]]}, "properties": {"name": "Angus Road", "highway": "residential", "osm_id": 7884087, "alt_name": null, "old_name": null, "official_name": null}}, {"type": "Feature", "geometry": {"type": "LineString", "coordinates": [[474275.154, 5363018.616], [474188.725, 5363034.56]]}, "properties": {"name": "Revercomb Place", "highway": "residential", "osm_id": 7884089, "alt_name": null, "old_name": null, "official_name": null}}, {"type": "Feature", "geometry": {"type": "LineString", "coordinates": [[474897.11, 5363031.867], [474911.64, 5362987.94], [474913.474, 5362972.693], [474914.252, 5362958.072]]}, "properties": {"name": "Rockland Place", "highway": "residential", "osm_id": 7884091, "alt_name": null, "old_name": null, "official_name": null}}, {"type": "Feature", "geometry": {"type": "LineString", "coordinates": [[474499.692, 5362787.131], [474493.016, 5362752.269], [474488.585, 5362729.513], [474482.45, 5362698.028], [474478.563, 5362694.177], [474472.037, 5362689.416]]}, "properties": {"name": "Lotbiniere Avenue", "highway": "residential", "osm_id": 7884092, "alt_name": null, "old_name": null, "official_name": null}}, {"type": "Feature", "geometry": {"type": "LineString", "coordinates": [[475291.736, 5363304.188], [475262.528, 5363357.181], [475249.732, 5363379.935], [475241.307, 5363390.487], [475232.87, 5363398.271], [475220.023, 5363409.387], [475210.517, 5363424.924], [475198.904, 5363464.269], [475201.137, 5363497.784], [475204.733, 5363503.025], [475208.188, 5363519.906], [475220.062, 5363538.328], [475222.954, 5363550.054], [475222.452, 5363563.928], [475220.493, 5363581.088], [475221.046, 5363606.051], [475220.915, 5363628.683], [475222.177, 5363648.219], [475234.251, 5363677.011], [475237.125, 5363693.027], [475236.158, 5363702.057], [475223.819, 5363722.542], [475221.247, 5363729.989]]}, "properties": {"name": "Terrace Avenue", "highway": "residential", "osm_id": 7889165, "alt_name": null, "old_name": null, "official_name": null}}, {"type": "Feature", "geometry": {"type": "LineString", "coordinates": [[475204.733, 5363503.025], [475209.623, 5363496.079], [475215.073, 5363492.12], [475223.752, 5363490.626], [475239.91, 5363490.689], [475255.391, 5363491.455], [475267.629, 5363498.46], [475273.971, 5363505.802], [475278.303, 5363515.098], [475281.256, 5363527.212], [475280.476, 5363535.063], [475275.022, 5363541.401]]}, "properties": {"name": "Mountbatten Place", "highway": "residential", "osm_id": 7889168, "alt_name": null, "old_name": null, "official_name": null}}, {"type": "Feature", "geometry": {"type": "LineString", "coordinates": [[475575.484, 5363538.875], [475519.502, 5363538.972], [475507.535, 5363536.378], [475498.155, 5363529.838], [475480.8, 5363511.15], [475473.252, 5363505.669], [475464.371, 5363503.274], [475453.849, 5363502.863], [475402.132, 5363504.01], [475393.602, 5363504.114]]}, "properties": {"name": "Green Oaks Terrace", "highway": "residential", "osm_id": 7889511, "alt_name": null, "old_name": null, "official_name": null}}, {"type": "Feature", "geometry": {"type": "LineString", "coordinates": [[475393.037, 5363547.79], [475363.273, 5363544.151]]}, "properties": {"name": "Cyril Close", "highway": "residential", "osm_id": 7889512, "alt_name": null, "old_name": null, "official_name": null}}, {"type": "Feature", "geometry": {"type": "LineString", "coordinates": [[475388.16, 5363446.87], [475374.253, 5363452.377], [475358.868, 5363455.034], [475310.544, 5363455.444]]}, "properties": {"name": "Saint Francis Wood", "highway": "residential", "osm_id": 7889514, "alt_name": null, "old_name": null, "official_name": null}}, {"type": "Feature", "geometry": {"type": "LineString", "coordinates": [[475366.16, 5363367.489], [475374.333, 5363362.007], [475408.627, 5363357.145], [475436.324, 5363358.192], [475486.3, 5363358.009]]}, "properties": {"name": "Lyman Duff Lane", "highway": "residential", "osm_id": 7889516, "alt_name": null, "old_name": null, "official_name": null}}, {"type": "Feature", "geometry": {"type": "LineString", "coordinates": [[475540.365, 5363278.377], [475481.733, 5363292.58], [475380.507, 5363306.491], [475336.391, 5363345.954]]}, "properties": {"name": "Oak Shade Lane", "highway": "residential", "osm_id": 7889517, "alt_name": null, "old_name": null, "official_name": null}}, {"type": "Feature", "geometry": {"type": "LineString", "coordinates": [[475247.5, 5363232.974], [475296.591, 5363196.012], [475307.943, 5363189.615], [475318.39, 5363189.625]]}, "properties": {"name": "Algoa Place", "highway": "residential", "osm_id": 7889700, "alt_name": null, "old_name": null, "official_name": null}}, {"type": "Feature", "geometry": {"type": "LineString", "coordinates": [[475230.211, 5363199.703], [475253.266, 5363165.877], [475278.953, 5363148.503], [475296.973, 5363147.691], [475332.306, 5363111.344], [475346.211, 5363103.292]]}, "properties": {"name": "Patly Place", "highway": "residential", "osm_id": 7889702, "alt_name": null, "old_name": null, "official_name": null}}, {"type": "Feature", "geometry": {"type": "LineString", "coordinates": [[475210.397, 5363164.075], [475204.046, 5363168.56], [475202.471, 5363171.991], [475202.414, 5363175.97], [475202.41, 5363181.75], [475201.11, 5363187.425], [475198.764, 5363195.594], [475193.783, 5363202.13], [475177.836, 5363213.137], [475167.548, 5363217.351]]}, "properties": {"name": "Dereen Place", "highway": "residential", "osm_id": 7889704, "alt_name": null, "old_name": null, "official_name": null}}, {"type": "Feature", "geometry": {"type": "LineString", "coordinates": [[475108.603, 5363101.285], [475099.766, 5363120.865], [475089.256, 5363136.784], [475084.176, 5363150.901], [475082.378, 5363171.284], [475088.242, 5363192.277]]}, "properties": {"name": "Piermont Place", "highway": "residential", "osm_id": 7889706, "alt_name": null, "old_name": null, "official_name": null}}, {"type": "Feature", "geometry": {"type": "LineString", "coordinates": [[475136.128, 5363113.435], [475140.647, 5363101.144], [475145.388, 5363095.743], [475168.187, 5363086.373], [475193.31, 5363077.048], [475234.829, 5363057.603], [475392.595, 5362984.242]]}, "properties": {"name": "Gonzales Avenue", "highway": "residential", "osm_id": 7889711, "alt_name": null, "old_name": null, "official_name": null}}, {"type": "Feature", "geometry": {"type": "LineString", "coordinates": [[474985.653, 5362934.581], [475175.893, 5363019.757], [475230.662, 5363050.485], [475234.829, 5363057.603]]}, "properties": {"name": "Montgomery Avenue", "highway": "residential", "osm_id": 7889826, "alt_name": null, "old_name": null, "official_name": null}}, {"type": "Feature", "geometry": {"type": "LineString", "coordinates": [[475009.222, 5362854.8], [475113.307, 5362885.299], [475188.145, 5362907.891], [475262.438, 5362929.709], [475378.792, 5362964.483], [475385.483, 5362968.433], [475388.42, 5362973.512], [475390.774, 5362978.981], [475392.595, 5362984.242]]}, "properties": {"name": "Despard Avenue", "highway": "residential", "osm_id": 7889827, "alt_name": null, "old_name": null, "official_name": null}}, {"type": "Feature", "geometry": {"type": "LineString", "coordinates": [[475017.261, 5362722.834], [475235.615, 5362800.741], [475246.198, 5362804.463], [475442.38, 5362869.236]]}, "properties": {"name": "Warren Gardens", "highway": "residential", "osm_id": 7889829, "alt_name": null, "old_name": null, "official_name": null}}, {"type": "Feature", "geometry": {"type": "LineString", "coordinates": [[474913.259, 5363561.031], [474992.902, 5363562.825]]}, "properties": {"name": "Maud Street", "highway": "residential", "osm_id": 7890061, "alt_name": null, "old_name": null, "official_name": null}}, {"type": "Feature", "geometry": {"type": "LineString", "coordinates": [[474923.713, 5363460.7], [474993.95, 5363461.701], [475006.905, 5363458.51], [475015.927, 5363449.222], [475018.239, 5363434.783], [475020.096, 5363424.827], [475024.597, 5363417.015], [475041.717, 5363416.995], [475050.89, 5363416.788], [475060.425, 5363418.124], [475063.85, 5363419.599], [475067.64, 5363423.584], [475071.881, 5363435.603], [475076.904, 5363454.111], [475080.706, 5363468.967]]}, "properties": {"name": "Regents Place", "highway": "residential", "osm_id": 7890062, "alt_name": null, "old_name": null, "official_name": null}}, {"type": "Feature", "geometry": {"type": "LineString", "coordinates": [[474923.716, 5363414.593], [475024.597, 5363417.015]]}, "properties": {"name": "Laurel Lane", "highway": "residential", "osm_id": 7890066, "alt_name": null, "old_name": null, "official_name": null}}, {"type": "Feature", "geometry": {"type": "LineString", "coordinates": [[474923.284, 5363305.195], [475041.728, 5363281.874]]}, "properties": {"name": "Shasta Place", "highway": "residential", "osm_id": 7890068, "alt_name": null, "old_name": null, "official_name": null}}, {"type": "Feature", "geometry": {"type": "LineString", "coordinates": [[474924.19, 5363197.392], [474998.53, 5363196.741], [475006.155, 5363196.14], [475012.096, 5363192.702], [475015.422, 5363186.818], [475015.754, 5363168.176], [475022.891, 5363152.593]]}, "properties": {"name": "Bywood Place", "highway": "residential", "osm_id": 7890070, "alt_name": null, "old_name": null, "official_name": null}}, {"type": "Feature", "geometry": {"type": "LineString", "coordinates": [[473410.653, 5362476.674], [473449.938, 5362468.854], [473510.683, 5362459.399], [473569.165, 5362450.3], [473603.894, 5362444.536], [473621.448, 5362441.62]]}, "properties": {"name": "Sutlej Street", "highway": "residential", "osm_id": 7896353, "alt_name": null, "old_name": null, "official_name": null}}, {"type": "Feature", "geometry": {"type": "LineString", "coordinates": [[473593.253, 5362356.995], [473574.999, 5362357.302], [473542.131, 5362357.922], [473447.883, 5362360.208], [473415.482, 5362360.905], [473412.885, 5362360.972], [473408.083, 5362361.106]]}, "properties": {"name": "Oliphant Avenue", "highway": "residential", "osm_id": 7896355, "alt_name": null, "old_name": null, "official_name": null}}, {"type": "Feature", "geometry": {"type": "LineString", "coordinates": [[472977.021, 5363214.768], [472984.466, 5363219.924], [473036.815, 5363256.189], [473044.475, 5363261.466]]}, "properties": {"name": "Penwill Street", "highway": "unclassified", "osm_id": 7896360, "alt_name": null, "old_name": null, "official_name": null}}, {"type": "Feature", "geometry": {"type": "LineString", "coordinates": [[473688.531, 5362734.327], [473676.708, 5362736.271], [473495.022, 5362765.718], [473492.012, 5362766.177], [473479.392, 5362768.27]]}, "properties": {"name": "Pakington Street", "highway": "residential", "osm_id": 7896370, "alt_name": null, "old_name": null, "official_name": null}}, {"type": "Feature", "geometry": {"type": "LineString", "coordinates": [[473331.592, 5362682.206], [473327.921, 5362675.565], [473326.948, 5362673.336], [473325.45, 5362669.508], [473323.654, 5362663.514], [473322.868, 5362658.605], [473322.406, 5362653.182], [473320.87, 5362579.827], [473318.77, 5362492.279], [473318.024, 5362461.047], [473315.824, 5362369.365], [473315.741, 5362365.92], [473312.798, 5362248.475]]}, "properties": {"name": "Heywood Avenue", "highway": "residential", "osm_id": 7896374, "alt_name": null, "old_name": null, "official_name": null}}, {"type": "Feature", "geometry": {"type": "LineString", "coordinates": [[473333.14, 5363199.776], [473324.166, 5363190.514], [473323.519, 5363189.884], [473314.471, 5363180.534], [473301.831, 5363170.556], [473288.372, 5363162.46], [473282.77, 5363159.13], [473268.557, 5363152.916], [473255.169, 5363150.567], [473247.431, 5363150.749], [473238.265, 5363152.581], [473220.025, 5363156.847], [473209.669, 5363158.975], [473199.055, 5363159.614], [473191.699, 5363157.815], [473183.94, 5363153.505], [473178.071, 5363148.564], [473174.253, 5363145.359]]}, "properties": {"name": "Rupert Terrace", "highway": "residential", "osm_id": 7896381, "alt_name": null, "old_name": null, "official_name": null}}, {"type": "Feature", "geometry": {"type": "LineString", "coordinates": [[473413.181, 5362577.003], [473418.378, 5362576.123], [473476.626, 5362566.257], [473637.847, 5362538.961], [473652.063, 5362536.038]]}, "properties": {"name": "Pendergast Street", "highway": "residential", "osm_id": 7896384, "alt_name": null, "old_name": null, "official_name": null}}, {"type": "Feature", "geometry": {"type": "LineString", "coordinates": [[474149.434, 5363557.94], [474147.811, 5363549.021], [474131.693, 5363460.548], [474119.884, 5363382.604], [474119.312, 5363378.794], [474118.915, 5363376.205], [474118.137, 5363371.151]]}, "properties": {"name": "Ormond Street", "highway": "residential", "osm_id": 7897019, "alt_name": null, "old_name": null, "official_name": null}}, {"type": "Feature", "geometry": {"type": "LineString", "coordinates": [[472955.422, 5362231.317], [472951.488, 5362227.223], [472940.453, 5362214.448], [472925.942, 5362200.545], [472912.679, 5362187.858], [472908.835, 5362184.02], [472899.518, 5362174.638], [472892.354, 5362163.646], [472889.817, 5362150.086], [472889.702, 5362135.236], [472891.325, 5362118.621], [472894.194, 5362096.51], [472895.517, 5362090.023], [472898.597, 5362074.902], [472899.854, 5362065.381], [472900.059, 5362055.599], [472899.011, 5362039.152], [472898.662, 5362017.345], [472899.427, 5362007.06], [472900.384, 5361996.707], [472903.856, 5361981.495], [472911.424, 5361971.599], [472912.646, 5361970.193], [472919.645, 5361962.145], [472930.753, 5361954.411], [472937.12, 5361950.335], [472944.944, 5361947.507], [472950.634, 5361945.879], [472957.6, 5361944.723], [472964.087, 5361944.003]]}, "properties": {"name": "Beacon Hill Loop", "highway": "unclassified", "osm_id": 7906304, "alt_name": null, "old_name": null, "official_name": null}}, {"type": "Feature", "geometry": {"type": "LineString", "coordinates": [[475395.095, 5362460.698], [475386.743, 5362468.138], [475381.501, 5362479.398], [475375.803, 5362480.957], [475169.719, 5362388.83], [475053.904, 5362338.273], [475043.481, 5362330.549]]}, "properties": {"name": "Earle Street", "highway": "residential", "osm_id": 7906308, "alt_name": null, "old_name": null, "official_name": null}}, {"type": "Feature", "geometry": {"type": "LineString", "coordinates": [[474432.942, 5362352.267], [474503.068, 5362412.475], [474516.235, 5362459.246], [474529.338, 5362554.426], [474547.843, 5362664.52]]}, "properties": {"name": "Kipling Street", "highway": "residential", "osm_id": 7906309, "alt_name": null, "old_name": null, "official_name": null}}, {"type": "Feature", "geometry": {"type": "LineString", "coordinates": [[474758.382, 5362524.0], [474713.166, 5362524.658], [474529.338, 5362554.426]]}, "properties": {"name": "Hamley Street", "highway": "residential", "osm_id": 7906310, "alt_name": null, "old_name": null, "official_name": null}}, {"type": "Feature", "geometry": {"type": "LineString", "coordinates": [[474857.286, 5362615.776], [474849.367, 5362422.033], [474840.66, 5362179.14]]}, "properties": {"name": "Stannard Avenue", "highway": "residential", "osm_id": 7906313, "alt_name": null, "old_name": null, "official_name": null}}, {"type": "Feature", "geometry": {"type": "LineString", "coordinates": [[474551.82, 5362358.735], [474705.517, 5362334.326], [474752.775, 5362331.603]]}, "properties": {"name": "Clifford Street", "highway": "residential", "osm_id": 7906315, "alt_name": null, "old_name": null, "official_name": null}}, {"type": "Feature", "geometry": {"type": "LineString", "coordinates": [[474516.235, 5362459.246], [474708.961, 5362428.004], [474756.664, 5362425.546], [474838.291, 5362422.315], [474849.367, 5362422.033], [474860.25, 5362421.718], [474929.785, 5362419.865], [475036.586, 5362426.652]]}, "properties": {"name": "Brooke Street", "highway": "residential", "osm_id": 7906316, "alt_name": null, "old_name": null, "official_name": null}}, {"type": "Feature", "geometry": {"type": "LineString", "coordinates": [[473881.583, 5362980.734], [473867.013, 5362888.841], [473846.29, 5362764.275], [473845.043, 5362757.012]]}, "properties": {"name": "Su'it Street - s\u0259\u0294\u00edt", "highway": "residential", "osm_id": 7906318, "alt_name": "s\u0259\u0294\u00edt Street", "old_name": "Trutch Street", "official_name": null}}, {"type": "Feature", "geometry": {"type": "LineString", "coordinates": [[474209.341, 5362627.057], [474216.203, 5362625.959], [474240.84, 5362622.012], [474255.428, 5362619.489], [474313.025, 5362609.524], [474331.093, 5362605.996], [474344.109, 5362591.209], [474346.089, 5362588.91], [474350.469, 5362584.066], [474426.291, 5362500.201], [474460.288, 5362461.354], [474503.068, 5362412.475], [474551.82, 5362358.735], [474636.342, 5362261.484], [474632.361, 5362155.503], [474631.971, 5362151.07], [474625.791, 5362140.904]]}, "properties": {"name": "Thurlow Road", "highway": "residential", "osm_id": 7906319, "alt_name": null, "old_name": null, "official_name": null}}, {"type": "Feature", "geometry": {"type": "LineString", "coordinates": [[474125.242, 5362579.188], [474150.824, 5362725.519], [474184.704, 5362929.825]]}, "properties": {"name": "Cornwall Street", "highway": "residential", "osm_id": 7906322, "alt_name": null, "old_name": null, "official_name": null}}, {"type": "Feature", "geometry": {"type": "LineString", "coordinates": [[474763.809, 5362627.785], [474760.294, 5362574.434], [474758.382, 5362524.0], [474756.664, 5362425.546], [474752.775, 5362331.603], [474745.746, 5362139.135]]}, "properties": {"name": "Arnold Avenue", "highway": "residential", "osm_id": 7906336, "alt_name": null, "old_name": null, "official_name": null}}, {"type": "Feature", "geometry": {"type": "LineString", "coordinates": [[474094.259, 5362944.832], [474043.407, 5362641.476]]}, "properties": {"name": "Harbinger Avenue", "highway": "residential", "osm_id": 7906337, "alt_name": null, "old_name": null, "official_name": null}}, {"type": "Feature", "geometry": {"type": "LineString", "coordinates": [[471804.653, 5362655.605], [471693.139, 5362505.255], [471666.945, 5362471.339], [471662.902, 5362466.324]]}, "properties": {"name": "Pilot Street", "highway": "residential", "osm_id": 7906344, "alt_name": null, "old_name": null, "official_name": null}}, {"type": "Feature", "geometry": {"type": "LineString", "coordinates": [[472928.271, 5362590.525], [472919.563, 5362589.444], [472890.801, 5362587.803], [472869.237, 5362585.839], [472849.029, 5362584.479], [472832.101, 5362583.271]]}, "properties": {"name": "Toronto Street", "highway": "residential", "osm_id": 7906346, "alt_name": null, "old_name": null, "official_name": null}}, {"type": "Feature", "geometry": {"type": "LineString", "coordinates": [[471992.356, 5362779.892], [471986.556, 5362786.19], [471962.261, 5362803.584], [471813.776, 5362909.952], [471777.21, 5362936.756], [471667.389, 5363017.604], [471633.707, 5363042.405], [471629.718, 5363045.17], [471588.353, 5363075.145], [471555.974, 5363098.528], [471544.466, 5363106.845], [471528.026, 5363118.721], [471522.394, 5363122.784], [471502.534, 5363137.123], [471493.495, 5363143.649], [471481.87, 5363152.044], [471478.567, 5363154.44], [471475.183, 5363156.891]]}, "properties": {"name": "Simcoe Street", "highway": "residential", "osm_id": 7906348, "alt_name": null, "old_name": null, "official_name": null}}, {"type": "Feature", "geometry": {"type": "LineString", "coordinates": [[472385.139, 5362497.039], [472259.5, 5362324.672]]}, "properties": {"name": "Medana Street", "highway": "residential", "osm_id": 7906349, "alt_name": null, "old_name": null, "official_name": null}}, {"type": "Feature", "geometry": {"type": "LineString", "coordinates": [[471596.425, 5362533.284], [471600.449, 5362537.332], [471604.325, 5362541.481], [471625.833, 5362570.596], [471689.168, 5362658.36], [471689.794, 5362659.223], [471700.866, 5362674.574], [471720.053, 5362701.167], [471727.213, 5362711.091]]}, "properties": {"name": "Dock Street", "highway": "residential", "osm_id": 7906352, "alt_name": null, "old_name": null, "official_name": null}}, {"type": "Feature", "geometry": {"type": "LineString", "coordinates": [[471992.356, 5362779.892], [471996.557, 5362785.529], [472017.955, 5362810.901], [472021.531, 5362815.918], [472045.247, 5362849.148], [472046.022, 5362850.234], [472052.117, 5362858.752], [472101.401, 5362927.604], [472148.124, 5362991.656], [472150.239, 5362994.558], [472152.033, 5362996.694], [472156.635, 5363002.674]]}, "properties": {"name": "Oswego Street", "highway": "tertiary", "osm_id": 7906353, "alt_name": null, "old_name": null, "official_name": null}}, {"type": "Feature", "geometry": {"type": "LineString", "coordinates": [[472709.376, 5362733.188], [472699.058, 5362732.526], [472667.749, 5362730.509], [472626.966, 5362726.427], [472622.331, 5362725.871], [472571.318, 5362720.838], [472564.478, 5362720.204], [472518.299, 5362715.893], [472507.765, 5362714.91], [472447.273, 5362709.924], [472415.376, 5362707.3], [472409.662, 5362706.828], [472406.959, 5362707.986], [472398.719, 5362711.505]]}, "properties": {"name": "Michigan Street", "highway": "residential", "osm_id": 7906354, "alt_name": null, "old_name": null, "official_name": null}}, {"type": "Feature", "geometry": {"type": "LineString", "coordinates": [[472046.022, 5362850.234], [472012.87, 5362875.041], [471998.665, 5362885.671], [471947.283, 5362924.107], [471940.36, 5362929.155], [471925.541, 5362939.955], [471824.318, 5363013.765], [471690.503, 5363110.771]]}, "properties": {"name": "Ontario Street", "highway": "residential", "osm_id": 7906355, "alt_name": null, "old_name": null, "official_name": null}}, {"type": "Feature", "geometry": {"type": "LineString", "coordinates": [[471935.141, 5363166.266], [472057.993, 5363075.044], [472106.871, 5363039.2], [472145.296, 5363011.011], [472149.019, 5363008.28], [472156.635, 5363002.674]]}, "properties": {"name": "Superior Street", "highway": "tertiary", "osm_id": 7906361, "alt_name": null, "old_name": null, "official_name": null}}, {"type": "Feature", "geometry": {"type": "LineString", "coordinates": [[472079.106, 5362611.785], [472040.835, 5362640.207], [472033.44, 5362645.69], [471948.599, 5362708.691], [471944.139, 5362712.003]]}, "properties": {"name": "Saint James Street", "highway": "residential", "osm_id": 7906369, "alt_name": null, "old_name": null, "official_name": null}}, {"type": "Feature", "geometry": {"type": "LineString", "coordinates": [[472032.539, 5362543.887], [471970.506, 5362590.023], [471918.663, 5362628.451], [471900.689, 5362641.79], [471895.661, 5362645.527]]}, "properties": {"name": "Beckley Avenue", "highway": "residential", "osm_id": 7906370, "alt_name": null, "old_name": null, "official_name": null}}, {"type": "Feature", "geometry": {"type": "LineString", "coordinates": [[471782.074, 5362365.055], [471785.493, 5362369.573], [471855.285, 5362468.722], [471925.044, 5362569.339]]}, "properties": {"name": "San Jose Avenue", "highway": "residential", "osm_id": 7906372, "alt_name": null, "old_name": null, "official_name": null}}, {"type": "Feature", "geometry": {"type": "LineString", "coordinates": [[471991.256, 5362422.552], [471917.446, 5362475.483]]}, "properties": {"name": "Berwick Street", "highway": "residential", "osm_id": 7906375, "alt_name": null, "old_name": null, "official_name": null}}, {"type": "Feature", "geometry": {"type": "LineString", "coordinates": [[471966.076, 5362387.084], [472046.986, 5362328.606]]}, "properties": {"name": "Luxton Avenue", "highway": "residential", "osm_id": 7906376, "alt_name": null, "old_name": null, "official_name": null}}, {"type": "Feature", "geometry": {"type": "LineString", "coordinates": [[472034.671, 5362248.723], [472037.551, 5362252.032], [472052.36, 5362271.823], [472070.766, 5362297.832], [472074.738, 5362303.525], [472106.499, 5362347.109], [472121.112, 5362367.834]]}, "properties": {"name": "Lewis Street", "highway": "residential", "osm_id": 7906377, "alt_name": null, "old_name": null, "official_name": null}}, {"type": "Feature", "geometry": {"type": "LineString", "coordinates": [[472209.291, 5362620.338], [472204.116, 5362612.204], [472163.159, 5362557.85], [472129.351, 5362511.397], [472092.799, 5362456.199], [472088.246, 5362449.874]]}, "properties": {"name": "Croft Street", "highway": "residential", "osm_id": 7906379, "alt_name": null, "old_name": null, "official_name": null}}, {"type": "Feature", "geometry": {"type": "LineString", "coordinates": [[472464.245, 5361871.534], [472466.63, 5361879.693], [472484.355, 5361905.784], [472541.544, 5362006.214], [472545.306, 5362012.821]]}, "properties": {"name": "Paddon Avenue", "highway": "residential", "osm_id": 7906383, "alt_name": null, "old_name": null, "official_name": null}}, {"type": "Feature", "geometry": {"type": "LineString", "coordinates": [[472554.873, 5361824.554], [472555.378, 5361834.144], [472566.204, 5361870.473], [472593.971, 5361968.556], [472596.512, 5361975.191]]}, "properties": {"name": "Olympia Avenue", "highway": "residential", "osm_id": 7906385, "alt_name": null, "old_name": null, "official_name": null}}, {"type": "Feature", "geometry": {"type": "LineString", "coordinates": [[472007.554, 5362510.23], [472026.676, 5362535.99], [472032.539, 5362543.887], [472079.106, 5362611.785], [472101.452, 5362641.809], [472129.034, 5362680.289]]}, "properties": {"name": "Rendall Street", "highway": "residential", "osm_id": 7906402, "alt_name": null, "old_name": null, "official_name": null}}, {"type": "Feature", "geometry": {"type": "LineString", "coordinates": [[472832.101, 5362583.271], [472795.683, 5362491.342], [472795.152, 5362488.554], [472795.637, 5362484.917]]}, "properties": {"name": "Huntington Place", "highway": "residential", "osm_id": 7906407, "alt_name": null, "old_name": null, "official_name": null}}, {"type": "Feature", "geometry": {"type": "LineString", "coordinates": [[474265.846, 5362462.956], [474256.053, 5362413.281]]}, "properties": {"name": "Briar Place", "highway": "residential", "osm_id": 7906412, "alt_name": null, "old_name": null, "official_name": null}}, {"type": "Feature", "geometry": {"type": "LineString", "coordinates": [[471585.116, 5365960.28], [471581.94, 5365953.615], [471563.473, 5365920.983], [471517.061, 5365834.314], [471499.742, 5365803.733], [471478.025, 5365763.147], [471461.933, 5365733.928], [471443.839, 5365703.606]]}, "properties": {"name": "Balfour Avenue", "highway": "residential", "osm_id": 7910037, "alt_name": null, "old_name": null, "official_name": null}}, {"type": "Feature", "geometry": {"type": "LineString", "coordinates": [[473355.401, 5363034.259], [473472.126, 5362964.317], [473495.766, 5362950.156], [473499.596, 5362948.071], [473509.072, 5362947.46], [473521.316, 5362947.113], [473560.995, 5362940.314], [473596.083, 5362934.304], [473615.822, 5362930.911], [473668.041, 5362921.964], [473684.55, 5362919.131], [473721.937, 5362912.722]]}, "properties": {"name": "Collinson Street", "highway": "residential", "osm_id": 7912804, "alt_name": null, "old_name": null, "official_name": null}}, {"type": "Feature", "geometry": {"type": "LineString", "coordinates": [[471499.368, 5366023.159], [471502.596, 5366028.278], [471505.056, 5366032.178], [471607.724, 5366194.941], [471645.293, 5366251.543], [471650.449, 5366259.32]]}, "properties": {"name": "Irma Street", "highway": "residential", "osm_id": 7969626, "alt_name": null, "old_name": null, "official_name": null}}, {"type": "Feature", "geometry": {"type": "LineString", "coordinates": [[472491.136, 5362962.769], [472481.808, 5362966.271], [472442.133, 5362981.192], [472273.946, 5363044.905], [472250.817, 5363053.989], [472235.455, 5363061.267], [472217.161, 5363074.028], [472211.055, 5363078.282], [472203.846, 5363083.731], [472123.501, 5363143.883], [472093.661, 5363166.228], [472032.572, 5363210.38], [472018.461, 5363220.576], [472004.453, 5363230.705], [471995.449, 5363239.587], [471994.168, 5363242.539], [471993.725, 5363244.03], [471991.556, 5363251.355]]}, "properties": {"name": "Kingston Street", "highway": "residential", "osm_id": 7970482, "alt_name": null, "old_name": null, "official_name": null}}, {"type": "Feature", "geometry": {"type": "LineString", "coordinates": [[472093.661, 5363166.228], [472098.182, 5363172.319], [472117.966, 5363199.422], [472140.276, 5363229.98], [472141.218, 5363231.988], [472142.021, 5363234.362], [472142.672, 5363241.74], [472142.85, 5363243.506], [472143.263, 5363250.741]]}, "properties": {"name": "Pendray Street", "highway": "residential", "osm_id": 7970483, "alt_name": null, "old_name": null, "official_name": null}}, {"type": "Feature", "geometry": {"type": "LineString", "coordinates": [[471718.72, 5363166.564], [471715.473, 5363166.914], [471712.296, 5363167.674], [471709.135, 5363168.913], [471706.169, 5363170.561], [471653.602, 5363209.284], [471580.572, 5363263.072], [471576.31, 5363266.006], [471571.603, 5363268.664], [471568.612, 5363269.612], [471565.537, 5363270.217]]}, "properties": {"name": "Erie Street", "highway": "tertiary", "osm_id": 7970486, "alt_name": null, "old_name": null, "official_name": null}}, {"type": "Feature", "geometry": {"type": "LineString", "coordinates": [[471716.1, 5362852.126], [471629.74, 5362914.995], [471571.632, 5362957.303]]}, "properties": {"name": "Ladysmith Street", "highway": "residential", "osm_id": 7970487, "alt_name": null, "old_name": null, "official_name": null}}, {"type": "Feature", "geometry": {"type": "LineString", "coordinates": [[471548.552, 5363261.965], [471540.988, 5363264.371], [471536.32, 5363265.862], [471499.776, 5363277.406], [471489.677, 5363281.847], [471475.452, 5363293.968], [471469.652, 5363299.955], [471452.868, 5363316.969]]}, "properties": {"name": "Huron Street", "highway": "unclassified", "osm_id": 7970488, "alt_name": null, "old_name": null, "official_name": null}}, {"type": "Feature", "geometry": {"type": "LineString", "coordinates": [[471991.556, 5363251.355], [471986.29, 5363250.181], [471982.047, 5363249.635], [471977.039, 5363249.682], [471972.07, 5363250.373], [471951.203, 5363254.234], [471944.195, 5363255.558], [471928.643, 5363258.514], [471901.397, 5363263.684], [471874.477, 5363268.786], [471860.661, 5363271.411], [471821.53, 5363278.831]]}, "properties": {"name": "Kingston Street", "highway": "tertiary", "osm_id": 7970491, "alt_name": null, "old_name": null, "official_name": null}}, {"type": "Feature", "geometry": {"type": "LineString", "coordinates": [[471513.186, 5362867.437], [471529.488, 5362855.884], [471549.852, 5362841.443], [471561.656, 5362832.913], [471597.386, 5362807.757], [471603.344, 5362803.57], [471654.181, 5362765.889]]}, "properties": {"name": "Niagara Street", "highway": "residential", "osm_id": 7970492, "alt_name": null, "old_name": null, "official_name": null}}, {"type": "Feature", "geometry": {"type": "LineString", "coordinates": [[471775.763, 5363228.527], [471745.595, 5363187.927], [471735.599, 5363174.483], [471733.241, 5363171.894], [471730.455, 5363169.74], [471727.347, 5363168.11], [471723.116, 5363166.864], [471718.72, 5363166.564]]}, "properties": {"name": "Saint Lawrence Street", "highway": "tertiary", "osm_id": 7970494, "alt_name": null, "old_name": null, "official_name": null}}, {"type": "Feature", "geometry": {"type": "LineString", "coordinates": [[472523.011, 5363051.328], [472514.76, 5363054.181], [472492.305, 5363061.959], [472470.155, 5363070.059], [472391.939, 5363100.018], [472385.057, 5363102.797], [472348.087, 5363116.939], [472279.973, 5363144.205], [472274.301, 5363147.678], [472271.505, 5363149.393], [472265.677, 5363152.956], [472257.127, 5363159.59], [472171.604, 5363225.869], [472162.532, 5363240.742], [472156.204, 5363250.866]]}, "properties": {"name": "Quebec Street", "highway": "residential", "osm_id": 7970496, "alt_name": null, "old_name": null, "official_name": null}}, {"type": "Feature", "geometry": {"type": "LineString", "coordinates": [[472935.922, 5362756.345], [472934.52, 5362695.149], [472930.409, 5362609.122], [472928.271, 5362590.525]]}, "properties": {"name": "Douglas Street", "highway": "primary", "osm_id": 7970502, "alt_name": null, "old_name": null, "official_name": null}}, {"type": "Feature", "geometry": {"type": "LineString", "coordinates": [[472662.949, 5362037.463], [472664.471, 5362043.169], [472678.406, 5362095.467], [472692.433, 5362143.664], [472694.129, 5362148.691]]}, "properties": {"name": "Thetis Lane", "highway": "service", "osm_id": 7970505, "alt_name": null, "old_name": null, "official_name": null}}, {"type": "Feature", "geometry": {"type": "LineString", "coordinates": [[472678.406, 5362095.467], [472598.216, 5362154.856], [472593.895, 5362158.056]]}, "properties": {"name": "Violet Lane", "highway": "service", "osm_id": 7970506, "alt_name": null, "old_name": null, "official_name": null}}, {"type": "Feature", "geometry": {"type": "LineString", "coordinates": [[472330.455, 5362272.637], [472457.999, 5362444.33]]}, "properties": {"name": "Clarence Street", "highway": "residential", "osm_id": 7970508, "alt_name": null, "old_name": null, "official_name": null}}, {"type": "Feature", "geometry": {"type": "LineString", "coordinates": [[471654.181, 5362765.889], [471716.1, 5362852.126], [471727.798, 5362869.953], [471771.245, 5362929.194], [471777.21, 5362936.756], [471782.355, 5362953.66], [471824.318, 5363013.765], [471879.178, 5363090.512], [471927.782, 5363156.309], [471931.752, 5363161.681], [471935.141, 5363166.266]]}, "properties": {"name": "Montreal Street", "highway": "residential", "osm_id": 7970509, "alt_name": null, "old_name": null, "official_name": null}}, {"type": "Feature", "geometry": {"type": "LineString", "coordinates": [[474425.172, 5365691.857], [474453.811, 5365707.545], [474542.407, 5365753.22], [474634.838, 5365798.435]]}, "properties": {"name": "Stroud Road", "highway": "residential", "osm_id": 7970519, "alt_name": null, "old_name": null, "official_name": null}}, {"type": "Feature", "geometry": {"type": "LineString", "coordinates": [[474623.752, 5365819.738], [474603.06, 5365859.503], [474592.443, 5365879.892], [474579.129, 5365905.484], [474557.514, 5365947.021], [474540.512, 5365979.71], [474536.604, 5365988.909], [474516.363, 5366026.505], [474509.843, 5366038.606]]}, "properties": {"name": "Gosworth Road", "highway": "residential", "osm_id": 7970520, "alt_name": null, "old_name": null, "official_name": null}}, {"type": "Feature", "geometry": {"type": "LineString", "coordinates": [[474402.16, 5365543.511], [474406.329, 5365547.928], [474486.005, 5365632.247], [474665.216, 5365730.372], [474890.811, 5365846.392], [474897.415, 5365849.898], [474903.634, 5365853.083], [475078.387, 5365942.903], [475083.656, 5365950.283]]}, "properties": {"name": "Edgeware Road", "highway": "residential", "osm_id": 7970521, "alt_name": null, "old_name": null, "official_name": null}}, {"type": "Feature", "geometry": {"type": "LineString", "coordinates": [[475083.656, 5365950.283], [475082.447, 5365957.88], [475064.975, 5365992.06], [475044.814, 5366030.253], [475042.269, 5366035.066], [475029.434, 5366060.756], [475020.111, 5366078.137], [475002.697, 5366111.895], [474997.87, 5366120.575], [474976.148, 5366163.377]]}, "properties": {"name": "Shakespeare Street", "highway": "residential", "osm_id": 7970522, "alt_name": null, "old_name": null, "official_name": null}}, {"type": "Feature", "geometry": {"type": "LineString", "coordinates": [[474623.752, 5365819.738], [474630.067, 5365822.933], [474845.742, 5365932.605], [474851.331, 5365935.493], [474857.809, 5365938.876], [475042.269, 5366035.066]]}, "properties": {"name": "Oakland Avenue", "highway": "residential", "osm_id": 7970523, "alt_name": null, "old_name": null, "official_name": null}}, {"type": "Feature", "geometry": {"type": "LineString", "coordinates": [[474579.129, 5365905.484], [474585.044, 5365908.526], [474801.174, 5366019.461], [474807.755, 5366022.833]]}, "properties": {"name": "Burton Avenue", "highway": "residential", "osm_id": 7970524, "alt_name": null, "old_name": null, "official_name": null}}, {"type": "Feature", "geometry": {"type": "LineString", "coordinates": [[474536.604, 5365988.909], [474542.712, 5365992.105], [474754.277, 5366103.071], [474757.089, 5366105.014], [474764.054, 5366109.841]]}, "properties": {"name": "Clawthorpe Avenue", "highway": "residential", "osm_id": 7970525, "alt_name": null, "old_name": null, "official_name": null}}, {"type": "Feature", "geometry": {"type": "LineString", "coordinates": [[474514.39, 5366044.81], [474498.915, 5366045.547], [474255.797, 5366057.051], [474224.037, 5366050.871], [474161.282, 5366039.163], [474146.804, 5366034.794]]}, "properties": {"name": "Lang Street", "highway": "residential", "osm_id": 7970526, "alt_name": null, "old_name": null, "official_name": null}}, {"type": "Feature", "geometry": {"type": "LineString", "coordinates": [[474382.36, 5365835.876], [474453.811, 5365707.545]]}, "properties": {"name": "Delatre Street", "highway": "residential", "osm_id": 7970527, "alt_name": null, "old_name": null, "official_name": null}}, {"type": "Feature", "geometry": {"type": "LineString", "coordinates": [[474702.262, 5365657.965], [474530.943, 5365568.763]]}, "properties": {"name": "Westall Avenue", "highway": "residential", "osm_id": 7970528, "alt_name": null, "old_name": null, "official_name": null}}, {"type": "Feature", "geometry": {"type": "LineString", "coordinates": [[474707.314, 5365648.161], [474935.654, 5365764.104], [474941.657, 5365767.157]]}, "properties": {"name": "Westall Avenue", "highway": "residential", "osm_id": 7970529, "alt_name": null, "old_name": null, "official_name": null}}, {"type": "Feature", "geometry": {"type": "LineString", "coordinates": [[475013.985, 5366437.555], [475009.895, 5366264.803], [475008.708, 5366217.133]]}, "properties": {"name": "Shelley Street", "highway": "residential", "osm_id": 7970530, "alt_name": null, "old_name": null, "official_name": null}}, {"type": "Feature", "geometry": {"type": "LineString", "coordinates": [[474941.992, 5366546.174], [474952.486, 5366539.836], [474959.435, 5366537.715], [474966.517, 5366537.395], [474973.588, 5366537.808], [474979.478, 5366538.738], [474985.267, 5366540.191], [474993.651, 5366541.521], [475002.099, 5366542.384], [475013.569, 5366542.811], [475025.036, 5366542.383], [475038.074, 5366542.826], [475070.872, 5366547.027], [475082.22, 5366546.41], [475086.357, 5366545.57], [475090.269, 5366543.985], [475093.808, 5366541.691], [475096.856, 5366538.776], [475099.076, 5366535.743], [475100.755, 5366532.379], [475101.848, 5366528.772], [475102.327, 5366525.047], [475102.433, 5366510.451], [475101.661, 5366477.986], [475101.471, 5366443.184], [475102.044, 5366435.433], [475102.565, 5366427.895], [475100.835, 5366283.432]]}, "properties": {"name": "Keats Street", "highway": "residential", "osm_id": 7970535, "alt_name": null, "old_name": null, "official_name": null}}, {"type": "Feature", "geometry": {"type": "LineString", "coordinates": [[475274.002, 5366167.815], [475274.187, 5366177.874], [475274.871, 5366215.987], [475278.856, 5366435.959]]}, "properties": {"name": "Browning Street", "highway": "residential", "osm_id": 7970542, "alt_name": null, "old_name": null, "official_name": null}}, {"type": "Feature", "geometry": {"type": "LineString", "coordinates": [[473718.701, 5361834.812], [473709.583, 5361836.311], [473635.767, 5361848.436], [473543.038, 5361864.041], [473541.574, 5361864.292], [473528.67, 5361866.453]]}, "properties": {"name": "Woodstock Avenue", "highway": "residential", "osm_id": 7970570, "alt_name": null, "old_name": null, "official_name": null}}, {"type": "Feature", "geometry": {"type": "LineString", "coordinates": [[474297.198, 5362054.85], [474241.998, 5361727.124]]}, "properties": {"name": "Joseph Street", "highway": "residential", "osm_id": 7970572, "alt_name": null, "old_name": null, "official_name": null}}, {"type": "Feature", "geometry": {"type": "LineString", "coordinates": [[474297.198, 5362054.85], [474387.657, 5362039.779]]}, "properties": {"name": "May Street", "highway": "residential", "osm_id": 7970573, "alt_name": null, "old_name": null, "official_name": null}}, {"type": "Feature", "geometry": {"type": "LineString", "coordinates": [[474204.651, 5361700.438], [474183.499, 5361571.772], [474191.093, 5361562.044]]}, "properties": {"name": "Bushby Street", "highway": "residential", "osm_id": 7970574, "alt_name": null, "old_name": null, "official_name": null}}, {"type": "Feature", "geometry": {"type": "LineString", "coordinates": [[473924.323, 5361905.214], [473959.287, 5362112.537]]}, "properties": {"name": "Wellington Avenue", "highway": "residential", "osm_id": 7970576, "alt_name": null, "old_name": null, "official_name": null}}, {"type": "Feature", "geometry": {"type": "LineString", "coordinates": [[473724.587, 5361939.094], [473726.051, 5361946.957], [473726.385, 5361948.745], [473742.138, 5362042.487], [473750.351, 5362090.169], [473757.958, 5362136.352], [473758.307, 5362138.285], [473759.675, 5362145.948]]}, "properties": {"name": "Cambridge Street", "highway": "residential", "osm_id": 7970577, "alt_name": null, "old_name": null, "official_name": null}}, {"type": "Feature", "geometry": {"type": "LineString", "coordinates": [[473742.138, 5362042.487], [473733.442, 5362043.895], [473559.42, 5362072.838], [473557.748, 5362073.112], [473546.147, 5362075.045]]}, "properties": {"name": "Leonard Street", "highway": "residential", "osm_id": 7970578, "alt_name": null, "old_name": null, "official_name": null}}, {"type": "Feature", "geometry": {"type": "LineString", "coordinates": [[474050.672, 5362204.722], [473877.158, 5362234.097], [473868.529, 5362235.559], [473858.059, 5362237.319], [473631.338, 5362275.507], [473622.634, 5362276.837], [473586.161, 5362283.32], [473570.382, 5362286.061]]}, "properties": {"name": "Chapman Street", "highway": "residential", "osm_id": 7970579, "alt_name": null, "old_name": null, "official_name": null}}, {"type": "Feature", "geometry": {"type": "LineString", "coordinates": [[473830.988, 5362560.797], [473813.983, 5362457.967], [473796.737, 5362354.505]]}, "properties": {"name": "Chester Avenue", "highway": "residential", "osm_id": 7970581, "alt_name": null, "old_name": null, "official_name": null}}, {"type": "Feature", "geometry": {"type": "LineString", "coordinates": [[471605.254, 5363339.791], [471569.951, 5363291.77], [471567.2, 5363286.148], [471566.384, 5363282.751], [471566.205, 5363280.929], [471565.537, 5363270.217]]}, "properties": {"name": "Dallas Road", "highway": "unclassified", "osm_id": 7974273, "alt_name": null, "old_name": null, "official_name": null}}, {"type": "Feature", "geometry": {"type": "LineString", "coordinates": [[473312.798, 5362248.475], [473319.746, 5362248.298], [473356.771, 5362247.368], [473400.359, 5362246.263], [473404.399, 5362246.066]]}, "properties": {"name": "Park Boulevard", "highway": "residential", "osm_id": 7974274, "alt_name": null, "old_name": null, "official_name": null}}, {"type": "Feature", "geometry": {"type": "LineString", "coordinates": [[474170.213, 5362396.498], [473911.905, 5362440.709], [473902.263, 5362442.354], [473894.308, 5362443.758], [473813.983, 5362457.967], [473636.324, 5362486.913]]}, "properties": {"name": "McKenzie Street", "highway": "residential", "osm_id": 7974275, "alt_name": null, "old_name": null, "official_name": null}}, {"type": "Feature", "geometry": {"type": "LineString", "coordinates": [[473331.592, 5362682.206], [473341.673, 5362677.98], [473352.396, 5362675.128], [473364.893, 5362673.546], [473377.709, 5362673.553], [473398.671, 5362673.265], [473400.801, 5362673.233], [473404.982, 5362673.191], [473415.437, 5362673.076], [473425.351, 5362672.94], [473427.252, 5362672.798], [473433.984, 5362672.288], [473547.226, 5362653.596], [473553.518, 5362652.555], [473603.012, 5362644.388], [473603.892, 5362644.239], [473606.525, 5362643.927], [473647.658, 5362639.133], [473660.09, 5362637.686], [473664.668, 5362637.254]]}, "properties": {"name": "Southgate Street", "highway": "tertiary", "osm_id": 7974279, "alt_name": null, "old_name": null, "official_name": null}}, {"type": "Feature", "geometry": {"type": "LineString", "coordinates": [[475442.472, 5365479.146], [475347.51, 5365480.615], [475341.823, 5365480.784]]}, "properties": {"name": "Pearl Street", "highway": "residential", "osm_id": 7976372, "alt_name": null, "old_name": null, "official_name": null}}, {"type": "Feature", "geometry": {"type": "LineString", "coordinates": [[475347.053, 5365671.261], [475354.182, 5365671.175], [475407.17, 5365669.421]]}, "properties": {"name": "Myrtle Avenue", "highway": "residential", "osm_id": 7976373, "alt_name": null, "old_name": null, "official_name": null}}, {"type": "Feature", "geometry": {"type": "LineString", "coordinates": [[475537.357, 5365641.313], [475537.871, 5365474.287], [475540.744, 5365461.303], [475547.929, 5365452.046], [475556.379, 5365447.797], [475614.028, 5365438.833], [475694.323, 5365426.706]]}, "properties": {"name": "Ilene Terrace", "highway": "residential", "osm_id": 7976374, "alt_name": null, "old_name": null, "official_name": null}}, {"type": "Feature", "geometry": {"type": "LineString", "coordinates": [[475630.582, 5365642.356], [475631.673, 5365562.285], [475629.835, 5365542.519], [475614.028, 5365438.833]]}, "properties": {"name": "Oriole Street", "highway": "residential", "osm_id": 7976375, "alt_name": null, "old_name": null, "official_name": null}}, {"type": "Feature", "geometry": {"type": "LineString", "coordinates": [[475678.34, 5365316.352], [475694.323, 5365426.706], [475719.269, 5365594.011]]}, "properties": {"name": "Queenston Street", "highway": "residential", "osm_id": 7976376, "alt_name": null, "old_name": null, "official_name": null}}, {"type": "Feature", "geometry": {"type": "LineString", "coordinates": [[475448.485, 5366164.755], [475454.291, 5366432.85], [475454.422, 5366439.041], [475459.371, 5366680.007]]}, "properties": {"name": "Kingsley Street", "highway": "residential", "osm_id": 7976389, "alt_name": null, "old_name": null, "official_name": null}}, {"type": "Feature", "geometry": {"type": "LineString", "coordinates": [[475546.545, 5366682.864], [475542.549, 5366437.415], [475542.45, 5366431.479], [475537.036, 5366164.216]]}, "properties": {"name": "Aldridge Street", "highway": "residential", "osm_id": 7976390, "alt_name": null, "old_name": null, "official_name": null}}, {"type": "Feature", "geometry": {"type": "LineString", "coordinates": [[475625.894, 5366434.321], [475620.977, 5366207.616], [475622.047, 5366203.799], [475622.876, 5366200.561], [475629.47, 5366177.567], [475631.721, 5366169.744], [475631.391, 5366161.931]]}, "properties": {"name": "Carman Street", "highway": "residential", "osm_id": 7976391, "alt_name": null, "old_name": null, "official_name": null}}, {"type": "Feature", "geometry": {"type": "LineString", "coordinates": [[475709.905, 5366436.616], [475704.763, 5366227.475], [475704.58, 5366208.88], [475704.55, 5366203.722], [475705.925, 5366198.392], [475709.153, 5366188.796], [475715.048, 5366175.421], [475716.219, 5366170.77], [475716.779, 5366161.764]]}, "properties": {"name": "Service Street", "highway": "residential", "osm_id": 7976392, "alt_name": null, "old_name": null, "official_name": null}}, {"type": "Feature", "geometry": {"type": "LineString", "coordinates": [[475792.279, 5366436.341], [475789.927, 5366346.47], [475787.633, 5366245.672], [475786.834, 5366207.66], [475787.071, 5366204.28], [475787.953, 5366201.209], [475799.947, 5366176.836], [475801.321, 5366173.173], [475801.698, 5366169.604], [475801.459, 5366160.423]]}, "properties": {"name": "Frechette Street", "highway": "residential", "osm_id": 7976393, "alt_name": null, "old_name": null, "official_name": null}}, {"type": "Feature", "geometry": {"type": "LineString", "coordinates": [[475789.927, 5366346.47], [475850.243, 5366345.913]]}, "properties": {"name": "Veda Place", "highway": "residential", "osm_id": 7976394, "alt_name": null, "old_name": null, "official_name": null}}, {"type": "Feature", "geometry": {"type": "LineString", "coordinates": [[475787.633, 5366245.672], [475848.201, 5366245.247]]}, "properties": {"name": "Keith Place", "highway": "residential", "osm_id": 7976395, "alt_name": null, "old_name": null, "official_name": null}}, {"type": "Feature", "geometry": {"type": "LineString", "coordinates": [[473267.301, 5362922.607], [473260.067, 5362929.51], [473257.732, 5362931.722], [473255.044, 5362934.28], [473252.348, 5362936.839], [473230.161, 5362957.841], [473210.481, 5362976.897], [473170.104, 5363016.015], [473161.073, 5363024.517], [473132.216, 5363052.353], [473090.516, 5363092.99], [473087.88, 5363095.559], [473085.619, 5363097.926], [473078.109, 5363105.565]]}, "properties": {"name": "Humboldt Street", "highway": "residential", "osm_id": 7978980, "alt_name": null, "old_name": null, "official_name": null}}, {"type": "Feature", "geometry": {"type": "LineString", "coordinates": [[473267.301, 5362922.607], [473273.865, 5362916.529], [473275.757, 5362914.519], [473278.217, 5362912.151], [473310.626, 5362880.997], [473378.313, 5362816.197], [473451.963, 5362746.345], [473454.954, 5362743.508], [473460.58, 5362737.679]]}, "properties": {"name": "Humboldt Street", "highway": "residential", "osm_id": 7978981, "alt_name": null, "old_name": null, "official_name": null}}, {"type": "Feature", "geometry": {"type": "LineString", "coordinates": [[470766.172, 5364990.024], [470728.462, 5364989.429], [470635.798, 5364987.752], [470586.777, 5364986.862], [470489.534, 5364985.111]]}, "properties": {"name": "Ellery Street", "highway": "residential", "osm_id": 8009691, "alt_name": null, "old_name": null, "official_name": null}}, {"type": "Feature", "geometry": {"type": "LineString", "coordinates": [[472564.478, 5362720.204], [472564.158, 5362712.247], [472563.746, 5362702.0], [472562.198, 5362663.57], [472558.084, 5362561.181], [472557.915, 5362556.903]]}, "properties": {"name": "Powell Street", "highway": "residential", "osm_id": 8046965, "alt_name": null, "old_name": null, "official_name": null}}, {"type": "Feature", "geometry": {"type": "LineString", "coordinates": [[472621.831, 5362562.552], [472621.979, 5362567.208], [472626.717, 5362719.247], [472626.966, 5362726.427]]}, "properties": {"name": "Heather Street", "highway": "residential", "osm_id": 8046966, "alt_name": null, "old_name": null, "official_name": null}}, {"type": "Feature", "geometry": {"type": "LineString", "coordinates": [[472751.959, 5362737.785], [472751.806, 5362730.683], [472749.188, 5362607.734], [472747.854, 5362579.707], [472747.616, 5362574.817]]}, "properties": {"name": "Young Street", "highway": "residential", "osm_id": 8046967, "alt_name": null, "old_name": null, "official_name": null}}, {"type": "Feature", "geometry": {"type": "LineString", "coordinates": [[472135.01, 5362268.726], [472193.265, 5362226.901], [472229.044, 5362201.304], [472337.521, 5362123.831]]}, "properties": {"name": "Rithet Street", "highway": "residential", "osm_id": 8046969, "alt_name": null, "old_name": null, "official_name": null}}, {"type": "Feature", "geometry": {"type": "LineString", "coordinates": [[472260.25, 5362018.277], [472262.949, 5362025.389], [472337.521, 5362123.831], [472405.558, 5362218.027], [472494.083, 5362339.568], [472531.66, 5362390.151]]}, "properties": {"name": "South Turner Street", "highway": "residential", "osm_id": 8046970, "alt_name": null, "old_name": null, "official_name": null}}, {"type": "Feature", "geometry": {"type": "LineString", "coordinates": [[472424.554, 5362100.798], [472427.643, 5362098.56], [472477.693, 5362062.369], [472545.306, 5362012.821], [472596.512, 5361975.191], [472606.784, 5361970.729], [472651.548, 5361959.919], [472689.281, 5361950.245], [472691.299, 5361949.924], [472704.233, 5361947.894]]}, "properties": {"name": "Battery Street", "highway": "residential", "osm_id": 8046971, "alt_name": null, "old_name": null, "official_name": null}}, {"type": "Feature", "geometry": {"type": "LineString", "coordinates": [[472741.325, 5362109.715], [472732.882, 5362115.947], [472694.129, 5362148.691]]}, "properties": {"name": "Beacon Street", "highway": "residential", "osm_id": 8046973, "alt_name": null, "old_name": null, "official_name": null}}, {"type": "Feature", "geometry": {"type": "LineString", "coordinates": [[471892.916, 5362284.405], [471896.076, 5362288.98], [471940.328, 5362353.387], [471942.578, 5362356.31], [471966.076, 5362387.084], [471991.256, 5362422.552], [472039.787, 5362484.749]]}, "properties": {"name": "Boyd Street", "highway": "residential", "osm_id": 8046974, "alt_name": null, "old_name": null, "official_name": null}}, {"type": "Feature", "geometry": {"type": "LineString", "coordinates": [[471942.578, 5362356.31], [471865.305, 5362409.27]]}, "properties": {"name": "Sylvia Street", "highway": "residential", "osm_id": 8046975, "alt_name": null, "old_name": null, "official_name": null}}, {"type": "Feature", "geometry": {"type": "LineString", "coordinates": [[471991.556, 5363251.355], [471995.452, 5363253.715], [471999.054, 5363256.498], [472002.139, 5363259.451], [472004.893, 5363262.694], [472008.297, 5363267.434], [472033.582, 5363302.646], [472037.155, 5363307.042], [472039.132, 5363308.821], [472041.439, 5363310.133], [472043.633, 5363310.878], [472047.052, 5363311.028]]}, "properties": {"name": "Montreal Street", "highway": "tertiary", "osm_id": 8046978, "alt_name": null, "old_name": null, "official_name": null}}, {"type": "Feature", "geometry": {"type": "LineString", "coordinates": [[472047.052, 5363311.028], [472049.707, 5363310.792], [472052.301, 5363310.235], [472054.767, 5363309.267], [472056.995, 5363307.944], [472060.004, 5363305.873], [472074.312, 5363295.165], [472123.696, 5363258.662], [472128.268, 5363255.583], [472133.235, 5363253.202], [472138.17, 5363251.633], [472143.263, 5363250.741], [472150.039, 5363250.441], [472156.204, 5363250.866]]}, "properties": {"name": "Quebec Street", "highway": "tertiary", "osm_id": 8046979, "alt_name": null, "old_name": null, "official_name": null}}, {"type": "Feature", "geometry": {"type": "LineString", "coordinates": [[474515.064, 5361933.829], [474515.301, 5361943.787], [474513.927, 5361977.251], [474513.834, 5361987.812], [474514.74, 5361993.499], [474516.168, 5361998.228], [474519.051, 5362005.84], [474523.428, 5362016.402]]}, "properties": {"name": "Memorial Crescent", "highway": "tertiary", "osm_id": 8046983, "alt_name": null, "old_name": null, "official_name": null}}, {"type": "Feature", "geometry": {"type": "LineString", "coordinates": [[474387.657, 5362039.779], [474349.885, 5361817.093], [474352.252, 5361813.57]]}, "properties": {"name": "Eberts Street", "highway": "residential", "osm_id": 8046984, "alt_name": null, "old_name": null, "official_name": null}}, {"type": "Feature", "geometry": {"type": "LineString", "coordinates": [[474318.866, 5362342.39], [474313.932, 5362314.945], [474296.997, 5362221.062], [474294.04, 5362216.707], [474288.578, 5362201.926], [474278.378, 5362193.135], [474266.834, 5362176.836], [474254.425, 5362149.393]]}, "properties": {"name": "Windermere Place", "highway": "residential", "osm_id": 8046985, "alt_name": null, "old_name": null, "official_name": null}}, {"type": "Feature", "geometry": {"type": "LineString", "coordinates": [[474313.932, 5362314.945], [474356.3, 5362307.562], [474367.328, 5362317.905]]}, "properties": {"name": "Windermere Place", "highway": "residential", "osm_id": 8046986, "alt_name": null, "old_name": null, "official_name": null}}, {"type": "Feature", "geometry": {"type": "LineString", "coordinates": [[474367.328, 5362317.905], [474377.577, 5362296.706], [474384.871, 5362255.234], [474392.596, 5362240.282]]}, "properties": {"name": "Masters Road", "highway": "residential", "osm_id": 8046987, "alt_name": null, "old_name": null, "official_name": null}}, {"type": "Feature", "geometry": {"type": "LineString", "coordinates": [[474542.952, 5362227.844], [474511.414, 5362198.352]]}, "properties": {"name": "Faircliff Lane", "highway": "residential", "osm_id": 8046988, "alt_name": null, "old_name": null, "official_name": null}}, {"type": "Feature", "geometry": {"type": "LineString", "coordinates": [[474572.718, 5362124.658], [474580.301, 5362140.697], [474585.365, 5362147.822], [474589.755, 5362151.426], [474595.233, 5362153.613], [474606.35, 5362157.387]]}, "properties": {"name": "Memorial Crescent", "highway": "tertiary", "osm_id": 8046990, "alt_name": null, "old_name": null, "official_name": null}}, {"type": "Feature", "geometry": {"type": "LineString", "coordinates": [[474515.064, 5361933.829], [474501.089, 5361931.413], [474443.605, 5361885.898], [474352.252, 5361813.57]]}, "properties": {"name": "Bushby Street", "highway": "residential", "osm_id": 8046992, "alt_name": null, "old_name": null, "official_name": null}}, {"type": "Feature", "geometry": {"type": "LineString", "coordinates": [[474514.103, 5361922.429], [474500.354, 5361845.382], [474498.255, 5361829.496], [474499.52, 5361824.477], [474507.971, 5361807.943]]}, "properties": {"name": "Memorial Crescent", "highway": "tertiary", "osm_id": 8046993, "alt_name": null, "old_name": null, "official_name": null}}, {"type": "Feature", "geometry": {"type": "LineString", "coordinates": [[474207.139, 5362069.942], [474147.351, 5361710.737]]}, "properties": {"name": "Olive Street", "highway": "residential", "osm_id": 8046994, "alt_name": null, "old_name": null, "official_name": null}}, {"type": "Feature", "geometry": {"type": "LineString", "coordinates": [[473679.909, 5362681.401], [473694.334, 5362679.022], [473780.351, 5362664.317], [473935.74, 5362637.057]]}, "properties": {"name": "Hilda Street", "highway": "residential", "osm_id": 8046995, "alt_name": null, "old_name": null, "official_name": null}}, {"type": "Feature", "geometry": {"type": "LineString", "coordinates": [[473800.099, 5362782.485], [473780.351, 5362664.317], [473764.472, 5362573.21]]}, "properties": {"name": "Chester Avenue", "highway": "residential", "osm_id": 8046996, "alt_name": null, "old_name": null, "official_name": null}}, {"type": "Feature", "geometry": {"type": "LineString", "coordinates": [[473247.469, 5362873.525], [473256.609, 5362864.556], [473258.141, 5362863.048], [473357.188, 5362765.82], [473404.601, 5362691.401]]}, "properties": {"name": "Convent Place", "highway": "residential", "osm_id": 8046998, "alt_name": null, "old_name": null, "official_name": null}}, {"type": "Feature", "geometry": {"type": "LineString", "coordinates": [[473373.867, 5363129.867], [473522.73, 5363104.148], [473528.917, 5363102.908], [473532.037, 5363100.77]]}, "properties": {"name": "McClure Street", "highway": "residential", "osm_id": 8046999, "alt_name": null, "old_name": null, "official_name": null}}, {"type": "Feature", "geometry": {"type": "LineString", "coordinates": [[473248.528, 5364011.516], [473259.629, 5364010.807], [473345.14, 5364004.891]]}, "properties": {"name": "Cormorant Street", "highway": "tertiary", "osm_id": 8047000, "alt_name": null, "old_name": null, "official_name": null}}, {"type": "Feature", "geometry": {"type": "LineString", "coordinates": [[473345.14, 5364004.891], [473344.478, 5363997.78], [473340.078, 5363950.915], [473339.509, 5363944.826], [473337.342, 5363919.749], [473335.78, 5363902.282], [473335.397, 5363897.993], [473334.544, 5363889.561]]}, "properties": {"name": "Amelia Street", "highway": "unclassified", "osm_id": 8047001, "alt_name": null, "old_name": null, "official_name": null}}, {"type": "Feature", "geometry": {"type": "LineString", "coordinates": [[473339.509, 5363944.826], [473343.103, 5363944.498], [473371.38, 5363941.887], [473381.089, 5363940.985], [473392.21, 5363939.955], [473433.553, 5363936.137], [473444.275, 5363935.142]]}, "properties": {"name": "Mason Street", "highway": "unclassified", "osm_id": 8047002, "alt_name": null, "old_name": null, "official_name": null}}, {"type": "Feature", "geometry": {"type": "LineString", "coordinates": [[473445.735, 5363949.908], [473524.159, 5363941.949], [473537.202, 5363940.565], [473555.769, 5363938.6], [473566.905, 5363937.481], [473588.519, 5363935.535], [473636.351, 5363931.844], [473649.373, 5363930.772], [473656.76, 5363929.948]]}, "properties": {"name": "Mason Street", "highway": "residential", "osm_id": 8047003, "alt_name": null, "old_name": null, "official_name": null}}, {"type": "Feature", "geometry": {"type": "LineString", "coordinates": [[473874.812, 5363949.702], [473864.844, 5363950.615], [473786.021, 5363957.071], [473768.645, 5363958.808], [473705.901, 5363964.489]]}, "properties": {"name": "Mason Street", "highway": "unclassified", "osm_id": 8047004, "alt_name": null, "old_name": null, "official_name": null}}, {"type": "Feature", "geometry": {"type": "LineString", "coordinates": [[473730.626, 5364703.431], [473727.061, 5364668.345], [473717.133, 5364572.452], [473709.022, 5364480.818], [473701.294, 5364387.172]]}, "properties": {"name": "Vancouver Street", "highway": "residential", "osm_id": 8047006, "alt_name": null, "old_name": null, "official_name": null}}, {"type": "Feature", "geometry": {"type": "LineString", "coordinates": [[473709.022, 5364480.818], [473717.511, 5364480.034], [473719.071, 5364479.883], [473832.217, 5364468.732], [473912.158, 5364460.86], [473921.651, 5364459.927], [473953.393, 5364456.891], [473962.362, 5364456.028], [473993.225, 5364453.351], [474083.019, 5364445.57], [474127.428, 5364441.477], [474140.168, 5364440.296]]}, "properties": {"name": "Princess Avenue", "highway": "residential", "osm_id": 8047007, "alt_name": null, "old_name": null, "official_name": null}}, {"type": "Feature", "geometry": {"type": "LineString", "coordinates": [[473673.445, 5365028.729], [473666.194, 5365072.781], [473654.602, 5365134.36], [473642.567, 5365197.675], [473636.645, 5365233.151], [473635.221, 5365241.694], [473633.168, 5365251.986], [473621.843, 5365308.739], [473604.099, 5365411.586]]}, "properties": {"name": "Graham Street", "highway": "residential", "osm_id": 8047010, "alt_name": null, "old_name": null, "official_name": null}}, {"type": "Feature", "geometry": {"type": "LineString", "coordinates": [[473668.992, 5365601.295], [473702.612, 5365429.324], [473731.99, 5365270.101], [473733.801, 5365260.299]]}, "properties": {"name": "Prior Street", "highway": "residential", "osm_id": 8047011, "alt_name": null, "old_name": null, "official_name": null}}, {"type": "Feature", "geometry": {"type": "LineString", "coordinates": [[474155.932, 5365426.137], [474222.486, 5365438.828]]}, "properties": {"name": "Basil Avenue", "highway": "residential", "osm_id": 8047014, "alt_name": null, "old_name": null, "official_name": null}}, {"type": "Feature", "geometry": {"type": "LineString", "coordinates": [[474330.376, 5365520.416], [474322.562, 5365521.118], [474237.995, 5365528.138], [474232.016, 5365527.498], [474180.635, 5365518.729], [474172.627, 5365517.365]]}, "properties": {"name": "Vista Heights", "highway": "residential", "osm_id": 8047015, "alt_name": null, "old_name": null, "official_name": null}}, {"type": "Feature", "geometry": {"type": "LineString", "coordinates": [[474348.792, 5365587.415], [474346.701, 5365579.81], [474330.376, 5365520.416], [474326.282, 5365506.462], [474323.328, 5365396.452], [474323.025, 5365385.105]]}, "properties": {"name": "Grosvenor Road", "highway": "residential", "osm_id": 8047016, "alt_name": null, "old_name": null, "official_name": null}}, {"type": "Feature", "geometry": {"type": "LineString", "coordinates": [[474068.065, 5363754.458], [474073.116, 5363753.99], [474074.876, 5363753.838], [474296.958, 5363734.518], [474307.762, 5363733.58], [474317.982, 5363732.678], [474447.936, 5363721.219]]}, "properties": {"name": "Rudlin Street", "highway": "residential", "osm_id": 8047017, "alt_name": null, "old_name": null, "official_name": null}}, {"type": "Feature", "geometry": {"type": "LineString", "coordinates": [[475763.691, 5362674.419], [475659.752, 5362674.553], [475622.297, 5362674.592], [475573.668, 5362674.69], [475528.264, 5362674.23], [475505.597, 5362665.191], [475491.894, 5362660.048], [475035.183, 5362452.624]]}, "properties": {"name": "Chandler Avenue", "highway": "residential", "osm_id": 8047079, "alt_name": null, "old_name": null, "official_name": null}}, {"type": "Feature", "geometry": {"type": "LineString", "coordinates": [[475030.569, 5362518.949], [474959.81, 5362514.559]]}, "properties": {"name": "Philippa Place", "highway": "residential", "osm_id": 8047080, "alt_name": null, "old_name": null, "official_name": null}}, {"type": "Feature", "geometry": {"type": "LineString", "coordinates": [[475368.774, 5361786.375], [475372.153, 5362020.699], [475375.967, 5362280.309], [475376.759, 5362344.932], [475337.128, 5362371.114]]}, "properties": {"name": "Beechwood Avenue", "highway": "residential", "osm_id": 8047082, "alt_name": null, "old_name": null, "official_name": null}}, {"type": "Feature", "geometry": {"type": "LineString", "coordinates": [[475459.218, 5361790.163], [475461.218, 5361930.744], [475473.03, 5361939.596]]}, "properties": {"name": "Robertson Street", "highway": "residential", "osm_id": 8047085, "alt_name": null, "old_name": null, "official_name": null}}, {"type": "Feature", "geometry": {"type": "LineString", "coordinates": [[475116.215, 5362182.348], [475116.184, 5362175.279], [475115.917, 5362107.919], [475114.762, 5362018.411]]}, "properties": {"name": "Saint Charles Street", "highway": "tertiary", "osm_id": 8047086, "alt_name": null, "old_name": null, "official_name": null}}, {"type": "Feature", "geometry": {"type": "LineString", "coordinates": [[475292.231, 5362107.37], [475115.917, 5362107.919]]}, "properties": {"name": "Pinewood Avenue", "highway": "residential", "osm_id": 8047087, "alt_name": null, "old_name": null, "official_name": null}}, {"type": "Feature", "geometry": {"type": "LineString", "coordinates": [[475698.176, 5362170.164], [475685.418, 5362171.808], [475682.724, 5362171.886], [475677.492, 5362171.72], [475672.064, 5362170.943], [475667.76, 5362169.839], [475618.841, 5362151.564], [475568.483, 5362132.517], [475555.979, 5362126.313], [475542.983, 5362117.243], [475524.691, 5362102.083], [475514.241, 5362093.358]]}, "properties": {"name": "Crescent Road", "highway": "secondary", "osm_id": 8047088, "alt_name": null, "old_name": null, "official_name": null}}, {"type": "Feature", "geometry": {"type": "LineString", "coordinates": [[475285.958, 5362291.172], [475301.456, 5362281.723], [475375.967, 5362280.309], [475465.081, 5362279.522], [475520.712, 5362279.26], [475552.089, 5362279.413], [475672.569, 5362276.538]]}, "properties": {"name": "Lillian Road", "highway": "residential", "osm_id": 8047089, "alt_name": null, "old_name": null, "official_name": null}}, {"type": "Feature", "geometry": {"type": "LineString", "coordinates": [[475290.785, 5362020.208], [475292.231, 5362107.37], [475294.661, 5362269.414], [475301.456, 5362281.723]]}, "properties": {"name": "Wildwood Avenue", "highway": "residential", "osm_id": 8047091, "alt_name": null, "old_name": null, "official_name": null}}, {"type": "Feature", "geometry": {"type": "LineString", "coordinates": [[475675.296, 5362537.754], [475673.833, 5362374.428], [475672.569, 5362276.538], [475672.064, 5362170.943]]}, "properties": {"name": "Irving Road", "highway": "residential", "osm_id": 8047095, "alt_name": null, "old_name": null, "official_name": null}}, {"type": "Feature", "geometry": {"type": "LineString", "coordinates": [[475743.564, 5362375.096], [475735.62, 5362374.285], [475673.833, 5362374.428]]}, "properties": {"name": "Beaven Street", "highway": "residential", "osm_id": 8047096, "alt_name": null, "old_name": null, "official_name": null}}, {"type": "Feature", "geometry": {"type": "LineString", "coordinates": [[476048.983, 5361748.202], [476002.078, 5361749.824]]}, "properties": {"name": "Repulse Street", "highway": "residential", "osm_id": 8047097, "alt_name": null, "old_name": null, "official_name": null}}, {"type": "Feature", "geometry": {"type": "LineString", "coordinates": [[475998.748, 5361669.55], [476002.078, 5361749.824], [476004.381, 5361836.015]]}, "properties": {"name": "Marne Street", "highway": "residential", "osm_id": 8047098, "alt_name": null, "old_name": null, "official_name": null}}, {"type": "Feature", "geometry": {"type": "LineString", "coordinates": [[476047.756, 5361678.435], [476059.07, 5361676.298], [476162.595, 5361534.705], [476171.31, 5361523.297]]}, "properties": {"name": "Penzance Road", "highway": "residential", "osm_id": 8047100, "alt_name": null, "old_name": null, "official_name": null}}, {"type": "Feature", "geometry": {"type": "LineString", "coordinates": [[476222.382, 5361605.894], [476072.608, 5361811.906]]}, "properties": {"name": "Quimper Street", "highway": "residential", "osm_id": 8047103, "alt_name": null, "old_name": null, "official_name": null}}, {"type": "Feature", "geometry": {"type": "LineString", "coordinates": [[476055.633, 5361968.107], [476069.246, 5361953.343], [476122.687, 5361880.244], [476236.632, 5361721.58], [476261.093, 5361686.764], [476261.664, 5361681.571]]}, "properties": {"name": "Lorne Terrace", "highway": "residential", "osm_id": 8047104, "alt_name": null, "old_name": null, "official_name": null}}, {"type": "Feature", "geometry": {"type": "LineString", "coordinates": [[476054.404, 5361997.846], [476055.633, 5361968.107], [476051.182, 5361846.455]]}, "properties": {"name": "Crescent Road", "highway": "residential", "osm_id": 8047106, "alt_name": null, "old_name": null, "official_name": null}}, {"type": "Feature", "geometry": {"type": "LineString", "coordinates": [[475931.111, 5362232.028], [475923.511, 5362240.764], [475917.517, 5362246.07], [475895.305, 5362262.348], [475880.954, 5362275.537], [475877.341, 5362278.709], [475873.729, 5362283.715], [475868.314, 5362296.243], [475868.137, 5362310.261], [475873.211, 5362325.468]]}, "properties": {"name": "Barkley Terrace", "highway": "residential", "osm_id": 8047108, "alt_name": null, "old_name": null, "official_name": null}}, {"type": "Feature", "geometry": {"type": "LineString", "coordinates": [[476284.543, 5362375.83], [476295.654, 5362387.411], [476299.077, 5362395.489], [476302.015, 5362422.265], [476306.097, 5362529.457], [476306.241, 5362535.626], [476308.507, 5362603.31], [476310.274, 5362656.124], [476322.049, 5362943.546], [476329.722, 5363058.704]]}, "properties": {"name": "Falkland Road", "highway": "residential", "osm_id": 8047109, "alt_name": null, "old_name": null, "official_name": null}}, {"type": "Feature", "geometry": {"type": "LineString", "coordinates": [[476302.015, 5362422.265], [476375.225, 5362421.503]]}, "properties": {"name": "Hall Road", "highway": "residential", "osm_id": 8047110, "alt_name": null, "old_name": null, "official_name": null}}, {"type": "Feature", "geometry": {"type": "LineString", "coordinates": [[476480.913, 5362941.706], [476322.049, 5362943.546]]}, "properties": {"name": "Pentland Road", "highway": "residential", "osm_id": 8047117, "alt_name": null, "old_name": null, "official_name": null}}, {"type": "Feature", "geometry": {"type": "LineString", "coordinates": [[476065.512, 5362903.896], [476088.176, 5362879.59], [476093.746, 5362873.942], [476102.847, 5362866.868], [476144.431, 5362849.519], [476151.923, 5362841.54], [476195.643, 5362783.066], [476202.045, 5362771.157], [476203.586, 5362762.914]]}, "properties": {"name": "Runnymede Avenue", "highway": "residential", "osm_id": 8047150, "alt_name": null, "old_name": null, "official_name": null}}, {"type": "Feature", "geometry": {"type": "LineString", "coordinates": [[475934.154, 5363049.788], [475927.677, 5363061.376], [475957.381, 5363123.464]]}, "properties": {"name": "Cowichan Street", "highway": "residential", "osm_id": 8047151, "alt_name": null, "old_name": null, "official_name": null}}, {"type": "Feature", "geometry": {"type": "LineString", "coordinates": [[475853.559, 5363142.068], [475878.477, 5363127.979], [475887.128, 5363124.896], [475899.473, 5363123.999], [475904.43, 5363123.955], [475917.274, 5363123.856], [475957.381, 5363123.464], [475962.22, 5363123.521], [475999.013, 5363123.254], [476015.571, 5363123.128], [476019.966, 5363123.099], [476073.573, 5363122.116]]}, "properties": {"name": "Quamichan Street", "highway": "tertiary", "osm_id": 8047153, "alt_name": null, "old_name": null, "official_name": null}}, {"type": "Feature", "geometry": {"type": "LineString", "coordinates": [[475655.3, 5362976.483], [475654.339, 5362971.496], [475655.77, 5362963.609], [475659.713, 5362953.077]]}, "properties": {"name": "Maddison Street", "highway": "residential", "osm_id": 8047157, "alt_name": null, "old_name": null, "official_name": null}}, {"type": "Feature", "geometry": {"type": "LineString", "coordinates": [[475838.149, 5362825.017], [475834.311, 5362849.699], [475824.82, 5362867.647], [475823.236, 5362877.891], [475826.866, 5362885.868], [475834.902, 5362891.069], [475869.026, 5362910.142]]}, "properties": {"name": "Normanton Court", "highway": "residential", "osm_id": 8047161, "alt_name": null, "old_name": null, "official_name": null}}, {"type": "Feature", "geometry": {"type": "LineString", "coordinates": [[475684.811, 5363236.083], [475618.285, 5363117.91]]}, "properties": {"name": "Bank Street", "highway": "residential", "osm_id": 8047163, "alt_name": null, "old_name": null, "official_name": null}}, {"type": "Feature", "geometry": {"type": "LineString", "coordinates": [[475762.708, 5363501.478], [475769.826, 5363268.176]]}, "properties": {"name": "Wilmer Street", "highway": "residential", "osm_id": 8047167, "alt_name": null, "old_name": null, "official_name": null}}, {"type": "Feature", "geometry": {"type": "LineString", "coordinates": [[475674.707, 5363241.684], [475678.975, 5363253.515], [475671.548, 5363502.058]]}, "properties": {"name": "Bank Street", "highway": "residential", "osm_id": 8047168, "alt_name": null, "old_name": null, "official_name": null}}, {"type": "Feature", "geometry": {"type": "LineString", "coordinates": [[475930.794, 5366358.519], [476213.123, 5366350.679]]}, "properties": {"name": "Ernest Avenue", "highway": "residential", "osm_id": 8047223, "alt_name": null, "old_name": null, "official_name": null}}, {"type": "Feature", "geometry": {"type": "LineString", "coordinates": [[476531.765, 5366208.469], [476477.08, 5366204.85], [476464.811, 5366202.801], [476451.207, 5366199.7], [476435.916, 5366194.617], [476419.489, 5366186.983], [476407.995, 5366180.939], [476385.41, 5366164.771], [476365.893, 5366146.456], [476353.331, 5366130.891], [476338.767, 5366110.577], [476324.588, 5366086.916], [476312.068, 5366056.8]]}, "properties": {"name": "Wessex Close", "highway": "residential", "osm_id": 8047233, "alt_name": null, "old_name": null, "official_name": null}}, {"type": "Feature", "geometry": {"type": "LineString", "coordinates": [[476312.068, 5366056.8], [476301.83, 5366052.597], [476293.59, 5366050.153], [476287.53, 5366047.71], [476283.753, 5366044.558], [476282.343, 5366039.818], [476282.523, 5366035.071], [476284.091, 5366031.807], [476287.051, 5366028.727], [476293.487, 5366025.732], [476299.643, 5366026.495], [476304.511, 5366028.754], [476307.907, 5366034.475], [476310.722, 5366044.345], [476312.068, 5366056.8]]}, "properties": {"name": "Wessex Close", "highway": "residential", "osm_id": 8047234, "alt_name": null, "old_name": null, "official_name": null}}, {"type": "Feature", "geometry": {"type": "LineString", "coordinates": [[473882.1, 5366169.719], [474097.703, 5366213.069], [474101.412, 5366213.841], [474113.227, 5366216.711]]}, "properties": {"name": "Merritt Street", "highway": "residential", "osm_id": 8047419, "alt_name": null, "old_name": null, "official_name": null}}, {"type": "Feature", "geometry": {"type": "LineString", "coordinates": [[474096.62, 5366307.613], [474087.95, 5366305.318], [474087.254, 5366305.043], [474029.343, 5366293.137], [473866.898, 5366259.737]]}, "properties": {"name": "Slater Street", "highway": "residential", "osm_id": 8047420, "alt_name": null, "old_name": null, "official_name": null}}, {"type": "Feature", "geometry": {"type": "LineString", "coordinates": [[472870.262, 5365770.234], [472839.973, 5365770.857], [472808.075, 5365779.813], [472793.97, 5365779.337], [472779.542, 5365774.771], [472746.007, 5365752.489], [472738.833, 5365747.755]]}, "properties": {"name": "Redbrick Street", "highway": "unclassified", "osm_id": 8047436, "alt_name": null, "old_name": null, "official_name": null}}, {"type": "Feature", "geometry": {"type": "LineString", "coordinates": [[472233.488, 5365495.717], [472246.013, 5365498.079], [472359.124, 5365519.457], [472371.813, 5365522.03]]}, "properties": {"name": "Manchester Road", "highway": "residential", "osm_id": 8047437, "alt_name": null, "old_name": null, "official_name": null}}, {"type": "Feature", "geometry": {"type": "LineString", "coordinates": [[472423.986, 5365569.706], [472417.698, 5365578.496], [472405.376, 5365588.971], [472357.048, 5365624.355], [472297.172, 5365667.987], [472292.986, 5365671.043], [472285.728, 5365676.325]]}, "properties": {"name": "Sumas Street", "highway": "residential", "osm_id": 8047438, "alt_name": null, "old_name": null, "official_name": null}}, {"type": "Feature", "geometry": {"type": "LineString", "coordinates": [[472433.955, 5365533.298], [472435.398, 5365525.788], [472451.75, 5365440.751], [472452.976, 5365434.365]]}, "properties": {"name": "Sumas Street", "highway": "residential", "osm_id": 8047439, "alt_name": null, "old_name": null, "official_name": null}}, {"type": "Feature", "geometry": {"type": "LineString", "coordinates": [[472292.41, 5365402.024], [472305.569, 5365406.95], [472307.666, 5365407.818], [472337.424, 5365413.253], [472441.606, 5365432.275], [472446.248, 5365433.131], [472452.976, 5365434.365], [472459.52, 5365435.578], [472462.326, 5365436.098], [472658.617, 5365472.407], [472673.059, 5365475.082], [472678.857, 5365476.7], [472683.358, 5365479.001], [472686.629, 5365482.531], [472687.895, 5365484.27], [472692.563, 5365490.661]]}, "properties": {"name": "Dunedin Street", "highway": "residential", "osm_id": 8047441, "alt_name": null, "old_name": null, "official_name": null}}, {"type": "Feature", "geometry": {"type": "LineString", "coordinates": [[472039.193, 5366015.32], [471997.633, 5366007.989], [471996.116, 5366007.719], [471986.716, 5366006.065]]}, "properties": {"name": "Alpha Terrace", "highway": "residential", "osm_id": 8047442, "alt_name": null, "old_name": null, "official_name": null}}, {"type": "Feature", "geometry": {"type": "LineString", "coordinates": [[472651.207, 5364369.702], [472651.352, 5364364.466], [472653.096, 5364281.345], [472653.246, 5364274.086]]}, "properties": {"name": "Store Street", "highway": "tertiary", "osm_id": 8047444, "alt_name": null, "old_name": null, "official_name": null}}, {"type": "Feature", "geometry": {"type": "LineString", "coordinates": [[472626.314, 5363945.393], [472623.499, 5363952.343], [472618.563, 5363959.503], [472611.966, 5363966.071], [472605.514, 5363971.882], [472593.138, 5363979.723], [472581.167, 5363985.383], [472572.226, 5363987.672]]}, "properties": {"name": "Johnson Street", "highway": "secondary", "osm_id": 8047445, "alt_name": null, "old_name": null, "official_name": null}}, {"type": "Feature", "geometry": {"type": "LineString", "coordinates": [[472653.566, 5363992.636], [472650.438, 5363983.681], [472649.253, 5363980.341], [472648.076, 5363977.001]]}, "properties": {"name": "Wharf Street", "highway": "secondary", "osm_id": 8047448, "alt_name": null, "old_name": null, "official_name": null}}, {"type": "Feature", "geometry": {"type": "LineString", "coordinates": [[472066.853, 5363959.773], [472063.825, 5363947.349], [472062.015, 5363935.776], [472061.782, 5363924.461], [472063.345, 5363910.059], [472066.752, 5363897.281], [472070.037, 5363886.861], [472071.164, 5363881.375], [472075.286, 5363872.729]]}, "properties": {"name": "Tyee Road", "highway": "residential", "osm_id": 8047454, "alt_name": null, "old_name": null, "official_name": null}}, {"type": "Feature", "geometry": {"type": "LineString", "coordinates": [[472075.286, 5363872.729], [472081.434, 5363863.74], [472089.247, 5363854.753], [472094.997, 5363849.211], [472102.28, 5363842.384], [472109.487, 5363836.668], [472117.45, 5363831.327], [472125.979, 5363826.605], [472134.941, 5363822.582], [472143.611, 5363819.504], [472153.26, 5363816.967], [472167.799, 5363814.372], [472174.638, 5363812.071], [472180.047, 5363809.199], [472184.612, 5363804.764], [472189.722, 5363799.892], [472194.031, 5363793.091], [472196.698, 5363787.764], [472198.733, 5363778.795], [472198.941, 5363771.547], [472197.921, 5363762.559], [472194.07, 5363752.807], [472188.768, 5363745.641], [472182.065, 5363739.594], [472173.984, 5363734.687], [472165.583, 5363730.794], [472155.261, 5363727.321], [472144.566, 5363724.906], [472129.769, 5363723.189], [472120.44, 5363723.135], [472111.959, 5363724.188], [472103.203, 5363726.265], [472095.448, 5363729.049], [472087.553, 5363733.245], [472077.962, 5363738.694], [472047.729, 5363760.263], [472027.92, 5363766.697], [472004.389, 5363770.248], [471961.614, 5363774.728], [471953.118, 5363775.626], [471945.577, 5363776.753], [471938.189, 5363778.59], [471931.01, 5363781.149], [471924.109, 5363784.395], [471917.567, 5363788.296], [471911.434, 5363792.817], [471905.77, 5363797.914], [471900.634, 5363803.542], [471898.642, 5363806.053], [471896.07, 5363809.645], [471892.123, 5363816.156], [471888.835, 5363823.03], [471886.229, 5363830.191], [471884.335, 5363837.581], [471883.174, 5363845.101], [471882.746, 5363852.717], [471883.072, 5363860.33], [471884.13, 5363867.872], [471885.928, 5363875.277], [471887.46, 5363879.905]]}, "properties": {"name": "Songhees Road", "highway": "residential", "osm_id": 8047455, "alt_name": null, "old_name": null, "official_name": null}}, {"type": "Feature", "geometry": {"type": "LineString", "coordinates": [[471887.46, 5363879.905], [471875.906, 5363884.575], [471863.289, 5363891.307], [471848.562, 5363900.829], [471835.805, 5363910.641], [471822.812, 5363921.977], [471811.477, 5363933.593], [471800.915, 5363945.951], [471791.64, 5363958.191], [471781.256, 5363973.527], [471770.173, 5363991.167], [471763.58, 5364001.059], [471754.644, 5364011.619], [471744.731, 5364020.595], [471733.829, 5364028.341], [471720.689, 5364035.509], [471707.976, 5364040.564], [471692.064, 5364045.201], [471626.581, 5364061.602], [471578.711, 5364073.435], [471571.344, 5364076.562], [471565.222, 5364080.128], [471556.254, 5364087.209], [471549.081, 5364096.493]]}, "properties": {"name": "Kimta Road", "highway": "residential", "osm_id": 8047457, "alt_name": null, "old_name": null, "official_name": null}}, {"type": "Feature", "geometry": {"type": "LineString", "coordinates": [[471361.589, 5364308.78], [471448.858, 5364307.751], [471536.53, 5364307.621], [471542.354, 5364310.926]]}, "properties": {"name": "Dundas Street", "highway": "residential", "osm_id": 8047460, "alt_name": null, "old_name": null, "official_name": null}}, {"type": "Feature", "geometry": {"type": "LineString", "coordinates": [[471361.402, 5364214.732], [471361.415, 5364220.323], [471361.589, 5364308.78]]}, "properties": {"name": "Russell Street", "highway": "residential", "osm_id": 8047461, "alt_name": null, "old_name": null, "official_name": null}}, {"type": "Feature", "geometry": {"type": "LineString", "coordinates": [[471448.16, 5364405.717], [471540.383, 5364404.641]]}, "properties": {"name": "Henry Street", "highway": "residential", "osm_id": 8047462, "alt_name": null, "old_name": null, "official_name": null}}, {"type": "Feature", "geometry": {"type": "LineString", "coordinates": [[471649.097, 5364483.795], [471647.613, 5364584.9]]}, "properties": {"name": "Alston Street", "highway": "residential", "osm_id": 8047463, "alt_name": null, "old_name": null, "official_name": null}}, {"type": "Feature", "geometry": {"type": "LineString", "coordinates": [[471765.854, 5364654.805], [471735.83, 5364682.844], [471712.06, 5364716.265], [471690.899, 5364753.397], [471669.586, 5364776.447], [471644.109, 5364786.211], [471545.825, 5364786.971], [471537.963, 5364787.033]]}, "properties": {"name": "Skinner Street", "highway": "secondary", "osm_id": 8047465, "alt_name": null, "old_name": null, "official_name": null}}, {"type": "Feature", "geometry": {"type": "LineString", "coordinates": [[471355.113, 5364777.572], [471370.225, 5364795.348]]}, "properties": {"name": "Russell Street", "highway": "residential", "osm_id": 8047467, "alt_name": null, "old_name": null, "official_name": null}}, {"type": "Feature", "geometry": {"type": "LineString", "coordinates": [[471310.408, 5364221.348], [471310.959, 5364226.547], [471311.286, 5364229.636], [471313.719, 5364248.631], [471313.963, 5364429.726], [471298.444, 5364453.137]]}, "properties": {"name": "Springfield Street", "highway": "residential", "osm_id": 8047469, "alt_name": null, "old_name": null, "official_name": null}}, {"type": "Feature", "geometry": {"type": "LineString", "coordinates": [[471361.696, 5364035.901], [471361.769, 5364025.352], [471361.994, 5363990.803], [471354.437, 5363975.491], [471347.568, 5363968.834], [471337.597, 5363963.149], [471325.436, 5363960.465]]}, "properties": {"name": "Russell Street", "highway": "residential", "osm_id": 8047471, "alt_name": null, "old_name": null, "official_name": null}}, {"type": "Feature", "geometry": {"type": "LineString", "coordinates": [[473040.915, 5365014.565], [473092.913, 5365024.333], [473118.905, 5365029.211]]}, "properties": {"name": "Hill Street", "highway": "unclassified", "osm_id": 8047638, "alt_name": null, "old_name": null, "official_name": null}}, {"type": "Feature", "geometry": {"type": "LineString", "coordinates": [[475468.268, 5363754.08], [475468.712, 5363801.942], [475469.184, 5363852.938], [475470.258, 5363969.392]]}, "properties": {"name": "Jubilee Avenue", "highway": "residential", "osm_id": 8047663, "alt_name": null, "old_name": null, "official_name": null}}, {"type": "Feature", "geometry": {"type": "LineString", "coordinates": [[475361.598, 5363966.962], [475366.403, 5363957.849], [475367.247, 5363956.256], [475368.44, 5363953.182], [475368.998, 5363950.568], [475368.642, 5363907.752], [475368.183, 5363853.332], [475368.027, 5363834.536], [475367.885, 5363791.597], [475367.593, 5363765.355], [475367.438, 5363756.774]]}, "properties": {"name": "Belcher Avenue", "highway": "residential", "osm_id": 8047664, "alt_name": null, "old_name": null, "official_name": null}}, {"type": "Feature", "geometry": {"type": "LineString", "coordinates": [[475271.585, 5363759.17], [475271.927, 5363768.083], [475272.164, 5363786.59], [475272.379, 5363803.829], [475272.56, 5363818.012], [475272.739, 5363832.028], [475273.34, 5363879.811], [475273.564, 5363897.262], [475272.669, 5363900.801], [475271.032, 5363903.564], [475270.069, 5363905.102], [475264.199, 5363914.487]]}, "properties": {"name": "Morrison Street", "highway": "residential", "osm_id": 8047665, "alt_name": null, "old_name": null, "official_name": null}}, {"type": "Feature", "geometry": {"type": "LineString", "coordinates": [[475402.012, 5364219.322], [475403.518, 5364213.558], [475429.75, 5364179.641], [475480.479, 5364114.028], [475522.289, 5364060.859]]}, "properties": {"name": "Ashgrove Street", "highway": "residential", "osm_id": 8047666, "alt_name": null, "old_name": null, "official_name": null}}, {"type": "Feature", "geometry": {"type": "LineString", "coordinates": [[475402.012, 5364219.322], [475405.308, 5364225.421], [475437.704, 5364244.822], [475456.405, 5364251.677]]}, "properties": {"name": "Begbie Street", "highway": "residential", "osm_id": 8047669, "alt_name": null, "old_name": null, "official_name": null}}, {"type": "Feature", "geometry": {"type": "LineString", "coordinates": [[474853.049, 5363638.541], [474848.78, 5363648.486], [474848.825, 5363652.143], [474849.559, 5363715.754], [474850.016, 5363755.29], [474850.075, 5363760.27], [474850.1, 5363762.659], [474850.147, 5363766.55]]}, "properties": {"name": "Stadacona Avenue", "highway": "residential", "osm_id": 8047671, "alt_name": null, "old_name": null, "official_name": null}}, {"type": "Feature", "geometry": {"type": "LineString", "coordinates": [[474280.644, 5365679.184], [474275.42, 5365686.866], [474261.17, 5365714.62], [474239.558, 5365759.581]]}, "properties": {"name": "Hipwood Lane", "highway": "residential", "osm_id": 8047672, "alt_name": null, "old_name": null, "official_name": null}}, {"type": "Feature", "geometry": {"type": "LineString", "coordinates": [[474242.217, 5365300.47], [474259.722, 5365300.046], [474274.081, 5365297.491], [474277.638, 5365295.763], [474284.224, 5365290.175], [474312.69, 5365283.432], [474330.102, 5365270.726]]}, "properties": {"name": "Ryan Street", "highway": "residential", "osm_id": 8047673, "alt_name": null, "old_name": null, "official_name": null}}, {"type": "Feature", "geometry": {"type": "LineString", "coordinates": [[472806.499, 5363349.827], [472807.84, 5363357.902], [472808.251, 5363360.357], [472814.645, 5363397.652], [472818.588, 5363420.632], [472819.166, 5363423.952], [472820.491, 5363431.727], [472822.066, 5363440.945], [472822.409, 5363442.933], [472831.679, 5363496.978], [472832.249, 5363500.043], [472833.55, 5363507.595]]}, "properties": {"name": "Gordon Street", "highway": "unclassified", "osm_id": 8047690, "alt_name": null, "old_name": null, "official_name": null}}, {"type": "Feature", "geometry": {"type": "LineString", "coordinates": [[475841.521, 5363017.058], [475847.391, 5363003.928], [475900.561, 5362946.612], [475911.221, 5362946.111]]}, "properties": {"name": "Moss Park Gardens", "highway": "residential", "osm_id": 8047697, "alt_name": null, "old_name": null, "official_name": null}}, {"type": "Feature", "geometry": {"type": "LineString", "coordinates": [[476130.76, 5363844.243], [476135.849, 5363844.066], [476380.097, 5363837.096]]}, "properties": {"name": "Chaucer Street", "highway": "residential", "osm_id": 8047698, "alt_name": null, "old_name": null, "official_name": null}}, {"type": "Feature", "geometry": {"type": "LineString", "coordinates": [[470873.019, 5364828.429], [470858.756, 5364827.98], [470852.171, 5364824.735], [470845.817, 5364821.966], [470842.566, 5364821.116], [470839.317, 5364820.766], [470700.619, 5364818.703], [470646.552, 5364817.904], [470597.893, 5364817.179], [470590.51, 5364816.983], [470511.426, 5364814.471], [470507.845, 5364814.279], [470491.625, 5364812.996], [470473.68, 5364814.234], [470413.779, 5364813.724], [470335.27, 5364812.301], [470217.326, 5364810.141]]}, "properties": {"name": "Devonshire Road", "highway": "residential", "osm_id": 8047740, "alt_name": null, "old_name": null, "official_name": null}}, {"type": "Feature", "geometry": {"type": "LineString", "coordinates": [[470946.272, 5364476.019], [470950.366, 5364580.363]]}, "properties": {"name": "Walker Street", "highway": "residential", "osm_id": 8047741, "alt_name": null, "old_name": null, "official_name": null}}, {"type": "Feature", "geometry": {"type": "LineString", "coordinates": [[471815.859, 5364198.836], [471803.079, 5364205.291], [471799.371, 5364206.421], [471790.412, 5364209.144], [471776.728, 5364211.002], [471748.054, 5364210.711]]}, "properties": {"name": "Esquimalt Road", "highway": "secondary", "osm_id": 8047764, "alt_name": null, "old_name": null, "official_name": null}}, {"type": "Feature", "geometry": {"type": "LineString", "coordinates": [[470527.022, 5363757.366], [470538.002, 5363746.137]]}, "properties": {"name": "Head Street", "highway": "residential", "osm_id": 8047778, "alt_name": null, "old_name": null, "official_name": null}}, {"type": "Feature", "geometry": {"type": "LineString", "coordinates": [[470538.002, 5363746.137], [470526.002, 5363734.639], [470519.672, 5363731.004], [470512.369, 5363730.731], [470412.094, 5363751.773], [470403.765, 5363753.473]]}, "properties": {"name": "Lyall Street", "highway": "residential", "osm_id": 8047779, "alt_name": null, "old_name": null, "official_name": null}}, {"type": "Feature", "geometry": {"type": "LineString", "coordinates": [[470475.84, 5363961.238], [470467.955, 5363962.835], [470461.991, 5363961.21], [470404.668, 5363914.935], [470322.909, 5363849.024], [470255.576, 5363794.777], [470253.929, 5363790.939], [470252.521, 5363784.822]]}, "properties": {"name": "Paradise Street", "highway": "residential", "osm_id": 8047780, "alt_name": null, "old_name": null, "official_name": null}}, {"type": "Feature", "geometry": {"type": "LineString", "coordinates": [[470600.476, 5364045.047], [470556.115, 5364125.266], [470552.516, 5364131.709]]}, "properties": {"name": "West Bay Terrace", "highway": "residential", "osm_id": 8047783, "alt_name": null, "old_name": null, "official_name": null}}, {"type": "Feature", "geometry": {"type": "LineString", "coordinates": [[470766.821, 5364145.45], [470722.482, 5364225.879]]}, "properties": {"name": "Garrett Place", "highway": "residential", "osm_id": 8047784, "alt_name": null, "old_name": null, "official_name": null}}, {"type": "Feature", "geometry": {"type": "LineString", "coordinates": [[470533.112, 5364666.297], [470528.926, 5364657.871], [470527.677, 5364655.254], [470526.623, 5364653.114], [470525.68, 5364649.607], [470525.068, 5364641.495], [470524.713, 5364604.438], [470523.981, 5364509.269], [470523.912, 5364500.254]]}, "properties": {"name": "Aldebury Street", "highway": "residential", "osm_id": 8047786, "alt_name": null, "old_name": null, "official_name": null}}, {"type": "Feature", "geometry": {"type": "LineString", "coordinates": [[470882.668, 5364338.489], [470884.251, 5364342.882], [470887.891, 5364352.99], [470889.933, 5364486.89]]}, "properties": {"name": "Rothwell Street", "highway": "residential", "osm_id": 8047787, "alt_name": null, "old_name": null, "official_name": null}}, {"type": "Feature", "geometry": {"type": "LineString", "coordinates": [[470947.529, 5364302.808], [470949.392, 5364308.345], [470951.631, 5364315.003], [470953.943, 5364370.58]]}, "properties": {"name": "Bowlsby Place", "highway": "residential", "osm_id": 8047789, "alt_name": null, "old_name": null, "official_name": null}}, {"type": "Feature", "geometry": {"type": "LineString", "coordinates": [[470953.943, 5364370.58], [471078.224, 5364369.189]]}, "properties": {"name": "Suffolk Street", "highway": "residential", "osm_id": 8047790, "alt_name": null, "old_name": null, "official_name": null}}, {"type": "Feature", "geometry": {"type": "LineString", "coordinates": [[471075.231, 5364265.461], [471075.402, 5364271.363], [471075.519, 5364275.364], [471078.224, 5364369.189], [471079.663, 5364458.229]]}, "properties": {"name": "Dalton Street", "highway": "residential", "osm_id": 8047791, "alt_name": null, "old_name": null, "official_name": null}}, {"type": "Feature", "geometry": {"type": "LineString", "coordinates": [[470446.278, 5363518.788], [470460.454, 5363527.451], [470486.79, 5363546.777], [470495.48, 5363553.301], [470498.452, 5363555.809], [470500.843, 5363558.876], [470502.578, 5363562.435], [470503.53, 5363566.276], [470519.292, 5363640.913], [470520.953, 5363648.808], [470527.884, 5363682.664], [470529.47, 5363690.303], [470531.698, 5363697.639], [470534.746, 5363704.682], [470538.344, 5363710.988], [470542.599, 5363716.879], [470547.354, 5363722.112], [470554.466, 5363728.344]]}, "properties": {"name": "Malvern Street", "highway": "service", "osm_id": 8047848, "alt_name": null, "old_name": null, "official_name": null}}, {"type": "Feature", "geometry": {"type": "LineString", "coordinates": [[470361.1, 5363546.878], [470365.92, 5363546.13], [470388.119, 5363541.212], [470405.309, 5363537.787], [470421.117, 5363534.526], [470426.379, 5363533.342], [470431.603, 5363532.048], [470436.483, 5363530.088], [470440.994, 5363526.852], [470446.278, 5363518.788]]}, "properties": {"name": "Malvern Street", "highway": "service", "osm_id": 8047849, "alt_name": null, "old_name": null, "official_name": null}}, {"type": "Feature", "geometry": {"type": "LineString", "coordinates": [[475933.323, 5366221.253], [475939.667, 5366220.937], [475977.916, 5366220.096], [476063.817, 5366217.242], [476141.958, 5366215.723], [476187.366, 5366215.01], [476192.786, 5366214.798]]}, "properties": {"name": "Argyle Avenue", "highway": "residential", "osm_id": 15998888, "alt_name": null, "old_name": null, "official_name": null}}, {"type": "Feature", "geometry": {"type": "LineString", "coordinates": [[475358.621, 5366166.024], [475369.81, 5366166.142], [475372.716, 5366166.173], [475409.702, 5366165.479], [475448.485, 5366164.755], [475464.257, 5366164.609], [475537.036, 5366164.216], [475551.165, 5366163.644], [475615.723, 5366162.254], [475631.391, 5366161.931], [475638.875, 5366161.887]]}, "properties": {"name": "North Dairy Road", "highway": "residential", "osm_id": 16508602, "alt_name": null, "old_name": null, "official_name": null}}, {"type": "Feature", "geometry": {"type": "LineString", "coordinates": [[475725.003, 5364550.419], [475708.636, 5364552.857], [475693.49, 5364551.699], [475666.788, 5364553.759], [475662.398, 5364552.877], [475652.929, 5364550.984]]}, "properties": {"name": "Bay Street", "highway": "unclassified", "osm_id": 16518620, "alt_name": null, "old_name": null, "official_name": null}}, {"type": "Feature", "geometry": {"type": "LineString", "coordinates": [[472507.765, 5362714.91], [472504.886, 5362707.01], [472501.069, 5362696.546], [472487.892, 5362660.373], [472446.36, 5362546.395]]}, "properties": {"name": "Parry Street", "highway": "residential", "osm_id": 22988448, "alt_name": null, "old_name": null, "official_name": null}}, {"type": "Feature", "geometry": {"type": "LineString", "coordinates": [[471916.414, 5365859.197], [471913.032, 5365861.748], [471897.036, 5365873.576], [471893.36, 5365876.407], [471889.869, 5365880.893], [471885.317, 5365884.595], [471871.018, 5365894.136], [471866.662, 5365897.037]]}, "properties": {"name": "Cecelia Road", "highway": "residential", "osm_id": 22988488, "alt_name": null, "old_name": null, "official_name": null}}, {"type": "Feature", "geometry": {"type": "LineString", "coordinates": [[474620.231, 5363710.029], [474629.005, 5363711.735], [474631.219, 5363712.17], [474643.786, 5363711.714], [474652.731, 5363706.76], [474661.795, 5363693.826]]}, "properties": {"name": "Stanley Avenue", "highway": "residential", "osm_id": 23070570, "alt_name": null, "old_name": null, "official_name": null}}, {"type": "Feature", "geometry": {"type": "LineString", "coordinates": [[475162.724, 5363762.592], [475162.617, 5363731.424], [475162.322, 5363647.192]]}, "properties": {"name": "McGregor Avenue", "highway": "residential", "osm_id": 23070584, "alt_name": null, "old_name": null, "official_name": null}}, {"type": "Feature", "geometry": {"type": "LineString", "coordinates": [[475422.924, 5363970.219], [475422.898, 5363974.577], [475422.397, 5364000.467]]}, "properties": {"name": "Leighton Road", "highway": "residential", "osm_id": 23070595, "alt_name": null, "old_name": null, "official_name": null}}, {"type": "Feature", "geometry": {"type": "LineString", "coordinates": [[475422.924, 5363970.219], [475470.258, 5363969.392], [475529.483, 5363969.058], [475571.166, 5363968.489]]}, "properties": {"name": "Leighton Road", "highway": "residential", "osm_id": 23070603, "alt_name": null, "old_name": null, "official_name": null}}, {"type": "Feature", "geometry": {"type": "LineString", "coordinates": [[472756.272, 5363793.238], [472754.909, 5363785.286], [472751.667, 5363758.702], [472747.117, 5363729.389], [472740.06, 5363686.684], [472734.961, 5363649.337], [472729.52, 5363611.771], [472729.13, 5363609.049], [472728.717, 5363606.406], [472726.143, 5363600.315]]}, "properties": {"name": "Langley Street", "highway": "unclassified", "osm_id": 23208108, "alt_name": null, "old_name": null, "official_name": null}}, {"type": "Feature", "geometry": {"type": "LineString", "coordinates": [[476140.661, 5364164.52], [476138.679, 5364117.342], [476135.004, 5364033.38], [476133.646, 5363965.68], [476133.594, 5363958.444], [476133.242, 5363938.104], [476130.76, 5363844.243], [476129.075, 5363786.772], [476128.34, 5363759.742], [476127.21, 5363749.542]]}, "properties": {"name": "Foul Bay Road", "highway": "secondary", "osm_id": 23818790, "alt_name": null, "old_name": null, "official_name": null}}, {"type": "Feature", "geometry": {"type": "LineString", "coordinates": [[476203.561, 5365935.317], [476204.546, 5365923.419], [476204.542, 5365922.374], [476204.01, 5365846.801], [476200.647, 5365754.067], [476200.36, 5365742.13]]}, "properties": {"name": "Foul Bay Road", "highway": "secondary", "osm_id": 23818797, "alt_name": null, "old_name": null, "official_name": null}}, {"type": "Feature", "geometry": {"type": "LineString", "coordinates": [[476225.396, 5366056.23], [476216.757, 5366041.605], [476209.513, 5366023.039], [476205.614, 5366005.092], [476203.508, 5365970.209], [476202.931, 5365952.604], [476202.762, 5365947.458]]}, "properties": {"name": "Foul Bay Road", "highway": "secondary", "osm_id": 23818806, "alt_name": null, "old_name": null, "official_name": null}}, {"type": "Feature", "geometry": {"type": "LineString", "coordinates": [[475079.039, 5363764.571], [475092.068, 5363773.217], [475094.458, 5363774.919], [475130.421, 5363800.549]]}, "properties": {"name": "Fort Street", "highway": "secondary", "osm_id": 23818840, "alt_name": null, "old_name": null, "official_name": null}}, {"type": "Feature", "geometry": {"type": "LineString", "coordinates": [[471358.718, 5364810.357], [471354.189, 5364799.697], [471355.113, 5364777.572]]}, "properties": {"name": "Russell Street", "highway": "residential", "osm_id": 24250367, "alt_name": null, "old_name": null, "official_name": null}}, {"type": "Feature", "geometry": {"type": "LineString", "coordinates": [[471358.718, 5364810.357], [471328.714, 5364853.548], [471311.022, 5364879.993], [471304.477, 5364889.075], [471255.49, 5364960.552]]}, "properties": {"name": "Craigflower Road", "highway": "secondary", "osm_id": 24369152, "alt_name": null, "old_name": null, "official_name": null}}, {"type": "Feature", "geometry": {"type": "LineString", "coordinates": [[473003.858, 5363749.413], [472987.668, 5363751.88], [472914.051, 5363762.758], [472907.286, 5363763.769]]}, "properties": {"name": "Yates Street", "highway": "secondary", "osm_id": 25339090, "alt_name": null, "old_name": null, "official_name": null}}, {"type": "Feature", "geometry": {"type": "LineString", "coordinates": [[472971.286, 5363560.425], [472984.081, 5363558.007], [473079.192, 5363542.171], [473090.118, 5363540.351], [473167.79, 5363527.322], [473182.252, 5363525.364]]}, "properties": {"name": "Fort Street", "highway": "secondary", "osm_id": 25339091, "alt_name": null, "old_name": null, "official_name": null}}, {"type": "Feature", "geometry": {"type": "LineString", "coordinates": [[472971.286, 5363560.425], [472969.947, 5363552.773], [472969.309, 5363549.285], [472958.248, 5363488.647], [472956.55, 5363480.218]]}, "properties": {"name": "Douglas Street", "highway": "primary", "osm_id": 25339092, "alt_name": null, "old_name": null, "official_name": null}}, {"type": "Feature", "geometry": {"type": "LineString", "coordinates": [[473003.858, 5363749.413], [473001.919, 5363738.251], [472988.189, 5363659.329], [472986.919, 5363652.054]]}, "properties": {"name": "Douglas Street", "highway": "primary", "osm_id": 25339093, "alt_name": null, "old_name": null, "official_name": null}}, {"type": "Feature", "geometry": {"type": "LineString", "coordinates": [[472861.513, 5365086.628], [472867.117, 5365069.128], [472867.824, 5365066.923], [472870.549, 5365058.262], [472871.365, 5365055.68]]}, "properties": {"name": "Douglas Street", "highway": "primary", "osm_id": 25339094, "alt_name": null, "old_name": null, "official_name": null}}, {"type": "Feature", "geometry": {"type": "LineString", "coordinates": [[473010.979, 5364790.427], [473067.997, 5364785.231], [473093.755, 5364782.685]]}, "properties": {"name": "Bay Street", "highway": "secondary", "osm_id": 25339113, "alt_name": null, "old_name": null, "official_name": null}}, {"type": "Feature", "geometry": {"type": "LineString", "coordinates": [[472979.211, 5364758.154], [472989.437, 5364731.005], [472996.69, 5364711.64], [472997.048, 5364710.694], [473004.034, 5364691.308], [473019.102, 5364649.475], [473024.31, 5364634.221], [473026.814, 5364622.449], [473027.522, 5364614.342], [473029.149, 5364542.772]]}, "properties": {"name": "Douglas Street", "highway": "primary", "osm_id": 25339114, "alt_name": null, "old_name": null, "official_name": null}}, {"type": "Feature", "geometry": {"type": "LineString", "coordinates": [[471787.625, 5364555.6], [471773.025, 5364542.668], [471759.707, 5364528.628]]}, "properties": {"name": "Bay Street", "highway": "secondary", "osm_id": 25339115, "alt_name": null, "old_name": null, "official_name": null}}, {"type": "Feature", "geometry": {"type": "LineString", "coordinates": [[471815.819, 5364615.963], [471812.098, 5364618.916], [471805.983, 5364623.67], [471765.854, 5364654.805]]}, "properties": {"name": "Tyee Road", "highway": "secondary", "osm_id": 25339116, "alt_name": null, "old_name": null, "official_name": null}}, {"type": "Feature", "geometry": {"type": "LineString", "coordinates": [[476764.048, 5363750.952], [476756.85, 5363751.004], [476744.985, 5363751.364], [476714.012, 5363751.958], [476709.863, 5363752.075], [476692.065, 5363752.515], [476682.774, 5363752.709], [476663.748, 5363753.098], [476632.583, 5363753.694], [476619.726, 5363753.858], [476569.542, 5363754.966], [476562.738, 5363755.361], [476529.118, 5363756.311], [476476.176, 5363757.453], [476468.756, 5363757.606], [476377.761, 5363755.906], [476369.882, 5363755.673], [476334.301, 5363754.721], [476328.507, 5363754.567], [476274.141, 5363753.105], [476264.752, 5363752.755], [476142.532, 5363749.734], [476135.591, 5363749.518], [476127.21, 5363749.542]]}, "properties": {"name": "Oak Bay Avenue", "highway": "secondary", "osm_id": 25339180, "alt_name": null, "old_name": null, "official_name": null}}, {"type": "Feature", "geometry": {"type": "LineString", "coordinates": [[473244.845, 5363903.667], [473230.609, 5363906.124], [473210.124, 5363909.344]]}, "properties": {"name": "Pandora Avenue", "highway": "secondary", "osm_id": 25339184, "alt_name": null, "old_name": null, "official_name": null}}, {"type": "Feature", "geometry": {"type": "LineString", "coordinates": [[473229.036, 5364086.738], [473213.666, 5364091.913], [473205.416, 5364094.775], [473192.602, 5364096.037], [473183.243, 5364095.847]]}, "properties": {"name": "Fisgard Street", "highway": "tertiary", "osm_id": 25339185, "alt_name": null, "old_name": null, "official_name": null}}, {"type": "Feature", "geometry": {"type": "LineString", "coordinates": [[473254.178, 5364269.661], [473254.633, 5364282.942], [473255.019, 5364294.211], [473256.282, 5364320.538], [473255.923, 5364341.582], [473254.1, 5364362.71], [473251.299, 5364383.743], [473248.146, 5364399.087]]}, "properties": {"name": "Blanshard Street", "highway": "primary", "osm_id": 25339187, "alt_name": null, "old_name": null, "official_name": null}}, {"type": "Feature", "geometry": {"type": "LineString", "coordinates": [[473038.481, 5364092.955], [473038.7, 5364084.473], [473039.99, 5364033.891], [473040.712, 5364000.54]]}, "properties": {"name": "Douglas Street", "highway": "primary", "osm_id": 25339188, "alt_name": null, "old_name": null, "official_name": null}}, {"type": "Feature", "geometry": {"type": "LineString", "coordinates": [[472994.04, 5364092.255], [472945.908, 5364091.496], [472904.731, 5364091.181], [472877.618, 5364090.966]]}, "properties": {"name": "Fisgard Street", "highway": "tertiary", "osm_id": 25339189, "alt_name": null, "old_name": null, "official_name": null}}, {"type": "Feature", "geometry": {"type": "LineString", "coordinates": [[473020.904, 5363847.372], [473032.908, 5363845.359], [473140.284, 5363827.253], [473149.369, 5363825.709], [473158.654, 5363824.175], [473164.848, 5363823.146], [473216.97, 5363814.507], [473230.357, 5363812.265]]}, "properties": {"name": "Johnson Street", "highway": "secondary", "osm_id": 25339192, "alt_name": null, "old_name": null, "official_name": null}}, {"type": "Feature", "geometry": {"type": "LineString", "coordinates": [[474573.674, 5363795.595], [474553.814, 5363796.295]]}, "properties": {"name": "Pandora Avenue", "highway": "secondary", "osm_id": 25339405, "alt_name": null, "old_name": null, "official_name": null}}, {"type": "Feature", "geometry": {"type": "LineString", "coordinates": [[472938.069, 5363954.244], [472931.664, 5363956.12], [472926.478, 5363957.612], [472916.246, 5363962.096], [472899.036, 5363972.193]]}, "properties": {"name": "Pandora Avenue", "highway": "secondary", "osm_id": 25339408, "alt_name": null, "old_name": null, "official_name": null}}, {"type": "Feature", "geometry": {"type": "LineString", "coordinates": [[473020.904, 5363847.372], [473020.204, 5363843.352], [473019.192, 5363837.543], [473006.003, 5363761.73], [473003.858, 5363749.413]]}, "properties": {"name": "Douglas Street", "highway": "primary", "osm_id": 25339410, "alt_name": null, "old_name": null, "official_name": null}}, {"type": "Feature", "geometry": {"type": "LineString", "coordinates": [[473036.732, 5363938.323], [473035.636, 5363932.025], [473022.364, 5363855.746], [473020.904, 5363847.372]]}, "properties": {"name": "Douglas Street", "highway": "primary", "osm_id": 25339411, "alt_name": null, "old_name": null, "official_name": null}}, {"type": "Feature", "geometry": {"type": "LineString", "coordinates": [[472936.607, 5362923.087], [472943.469, 5362898.844]]}, "properties": {"name": "Douglas Street", "highway": "primary", "osm_id": 25339416, "alt_name": null, "old_name": null, "official_name": null}}, {"type": "Feature", "geometry": {"type": "LineString", "coordinates": [[476127.21, 5363749.542], [476126.233, 5363740.699], [476125.472, 5363712.824], [476125.725, 5363707.91], [476126.37, 5363697.825], [476128.557, 5363686.489], [476132.443, 5363669.477], [476140.017, 5363649.759], [476148.135, 5363634.575], [476161.264, 5363612.822], [476167.157, 5363603.171]]}, "properties": {"name": "Foul Bay Road", "highway": "tertiary", "osm_id": 25339686, "alt_name": null, "old_name": null, "official_name": null}}, {"type": "Feature", "geometry": {"type": "LineString", "coordinates": [[473688.531, 5362734.327], [473679.909, 5362681.401]]}, "properties": {"name": "Cook Street", "highway": "secondary", "osm_id": 25339692, "alt_name": null, "old_name": null, "official_name": null}}, {"type": "Feature", "geometry": {"type": "LineString", "coordinates": [[473387.708, 5363490.059], [473395.278, 5363488.812], [473577.832, 5363458.591], [473580.597, 5363458.133], [473593.461, 5363456.183], [473601.474, 5363454.679], [473733.523, 5363432.823], [473789.021, 5363423.64], [473791.697, 5363423.239], [473806.859, 5363420.69]]}, "properties": {"name": "Fort Street", "highway": "secondary", "osm_id": 25339719, "alt_name": null, "old_name": null, "official_name": null}}, {"type": "Feature", "geometry": {"type": "LineString", "coordinates": [[473333.14, 5363199.776], [473332.657, 5363194.62], [473331.376, 5363181.777], [473332.641, 5363166.142], [473336.434, 5363149.896], [473344.206, 5363130.006], [473347.512, 5363121.854], [473349.685, 5363113.563], [473351.506, 5363099.504], [473350.336, 5363083.581], [473349.166, 5363077.173], [473344.765, 5363053.84]]}, "properties": {"name": "Quadra Street", "highway": "secondary", "osm_id": 25339720, "alt_name": null, "old_name": null, "official_name": null}}, {"type": "Feature", "geometry": {"type": "LineString", "coordinates": [[473420.012, 5363679.885], [473406.92, 5363682.07], [473361.797, 5363689.584], [473342.318, 5363692.844], [473335.14, 5363694.045]]}, "properties": {"name": "Yates Street", "highway": "secondary", "osm_id": 25339722, "alt_name": null, "old_name": null, "official_name": null}}, {"type": "Feature", "geometry": {"type": "LineString", "coordinates": [[473420.012, 5363679.885], [473417.927, 5363667.723], [473413.018, 5363638.368], [473404.996, 5363590.63], [473403.383, 5363581.167], [473401.933, 5363573.26], [473396.887, 5363546.261], [473389.709, 5363501.821], [473389.099, 5363498.067], [473387.708, 5363490.059]]}, "properties": {"name": "Quadra Street", "highway": "secondary", "osm_id": 25339724, "alt_name": null, "old_name": null, "official_name": null}}, {"type": "Feature", "geometry": {"type": "LineString", "coordinates": [[472615.032, 5363882.5], [472613.333, 5363872.293], [472611.682, 5363862.852], [472610.346, 5363854.344], [472609.397, 5363846.19]]}, "properties": {"name": "Wharf Street", "highway": "secondary", "osm_id": 25339728, "alt_name": null, "old_name": null, "official_name": null}}, {"type": "Feature", "geometry": {"type": "LineString", "coordinates": [[472645.807, 5363612.919], [472646.374, 5363604.602], [472646.638, 5363601.177], [472647.928, 5363584.753]]}, "properties": {"name": "Wharf Street", "highway": "secondary", "osm_id": 25339730, "alt_name": null, "old_name": null, "official_name": null}}, {"type": "Feature", "geometry": {"type": "LineString", "coordinates": [[473832.497, 5365278.628], [473975.091, 5365304.037], [473989.126, 5365306.696], [474002.385, 5365309.647], [474011.706, 5365311.728], [474079.859, 5365330.779], [474163.868, 5365354.849], [474169.156, 5365356.415], [474177.317, 5365358.634], [474264.793, 5365382.501], [474279.085, 5365384.904], [474323.025, 5365385.105], [474487.908, 5365388.194]]}, "properties": {"name": "Hillside Avenue", "highway": "secondary", "osm_id": 25340632, "alt_name": null, "old_name": null, "official_name": null}}, {"type": "Feature", "geometry": {"type": "LineString", "coordinates": [[473806.859, 5363420.69], [473805.322, 5363411.338], [473804.963, 5363408.95], [473797.971, 5363365.742], [473785.144, 5363282.868], [473783.725, 5363273.715], [473782.465, 5363266.774], [473767.477, 5363184.021], [473761.268, 5363146.99], [473759.579, 5363136.916], [473752.276, 5363093.688], [473738.275, 5363011.886], [473736.96, 5363004.345]]}, "properties": {"name": "Cook Street", "highway": "secondary", "osm_id": 25354636, "alt_name": null, "old_name": null, "official_name": null}}, {"type": "Feature", "geometry": {"type": "LineString", "coordinates": [[474060.016, 5363379.576], [474118.137, 5363371.151], [474135.813, 5363369.692], [474156.656, 5363371.576], [474176.915, 5363375.14], [474222.989, 5363384.123], [474330.47, 5363402.688], [474337.859, 5363403.932], [474362.609, 5363409.323], [474376.284, 5363413.218], [474390.296, 5363418.057], [474400.372, 5363422.735], [474426.884, 5363436.51], [474433.781, 5363440.336]]}, "properties": {"name": "Fort Street", "highway": "secondary", "osm_id": 25354638, "alt_name": null, "old_name": null, "official_name": null}}, {"type": "Feature", "geometry": {"type": "LineString", "coordinates": [[473682.88, 5363635.029], [473632.927, 5363644.321], [473625.313, 5363645.734], [473614.022, 5363646.954], [473588.844, 5363651.395], [473570.704, 5363654.448], [473551.617, 5363657.683], [473536.876, 5363660.186], [473503.493, 5363665.844], [473440.799, 5363676.386], [473428.601, 5363678.333], [473420.012, 5363679.885]]}, "properties": {"name": "Yates Street", "highway": "secondary", "osm_id": 25354641, "alt_name": null, "old_name": null, "official_name": null}}, {"type": "Feature", "geometry": {"type": "LineString", "coordinates": [[473839.195, 5363605.96], [473823.504, 5363511.561], [473813.599, 5363457.329], [473809.969, 5363437.216], [473809.316, 5363433.595], [473808.853, 5363431.118], [473808.109, 5363426.931], [473806.859, 5363420.69]]}, "properties": {"name": "Cook Street", "highway": "secondary", "osm_id": 25354642, "alt_name": null, "old_name": null, "official_name": null}}, {"type": "Feature", "geometry": {"type": "LineString", "coordinates": [[472800.276, 5363682.482], [472804.231, 5363712.697], [472814.083, 5363773.853], [472815.303, 5363781.428]]}, "properties": {"name": "Government Street", "highway": "tertiary", "osm_id": 25355875, "alt_name": null, "old_name": null, "official_name": null}}, {"type": "Feature", "geometry": {"type": "LineString", "coordinates": [[472695.759, 5363703.326], [472695.492, 5363696.925], [472695.208, 5363690.212], [472682.3, 5363692.22], [472679.93, 5363691.597], [472678.111, 5363691.795], [472669.861, 5363693.135], [472669.055, 5363693.273], [472651.632, 5363696.114], [472651.419, 5363698.093], [472647.222, 5363700.659], [472645.534, 5363703.368], [472642.243, 5363703.573], [472639.162, 5363709.101], [472639.368, 5363711.957], [472643.783, 5363711.491], [472645.652, 5363712.527], [472643.629, 5363714.815], [472643.992, 5363718.07], [472646.634, 5363719.792], [472649.51, 5363719.333], [472650.653, 5363720.117], [472650.973, 5363722.116], [472659.903, 5363720.673], [472662.592, 5363721.326], [472665.333, 5363720.557], [472676.776, 5363718.79], [472687.318, 5363717.161], [472692.611, 5363714.835], [472697.063, 5363712.868], [472695.759, 5363703.326]]}, "properties": {"name": "Bastion Square", "highway": "pedestrian", "osm_id": 25355876, "alt_name": null, "old_name": null, "official_name": null}}, {"type": "Feature", "geometry": {"type": "LineString", "coordinates": [[475799.966, 5365582.694], [475784.62, 5365487.566], [475772.316, 5365396.526], [475759.211, 5365305.145], [475757.819, 5365296.136], [475743.552, 5365207.895], [475733.978, 5365131.294], [475732.869, 5365122.695]]}, "properties": {"name": "Richmond Road", "highway": "secondary", "osm_id": 25401397, "alt_name": null, "old_name": null, "official_name": null}}, {"type": "Feature", "geometry": {"type": "LineString", "coordinates": [[475853.04, 5365940.747], [475863.669, 5365941.246], [475867.301, 5365941.342], [475912.697, 5365942.505], [475956.164, 5365942.209], [476007.192, 5365940.947]]}, "properties": {"name": "Lansdowne Road", "highway": "tertiary", "osm_id": 25401398, "alt_name": null, "old_name": null, "official_name": null}}, {"type": "Feature", "geometry": {"type": "LineString", "coordinates": [[476203.561, 5365935.317], [476216.322, 5365934.541], [476390.654, 5365923.874], [476397.412, 5365923.434], [476526.761, 5365914.593], [476668.231, 5365905.994], [476683.898, 5365905.074]]}, "properties": {"name": "Lansdowne Road", "highway": "tertiary", "osm_id": 25401399, "alt_name": null, "old_name": null, "official_name": null}}, {"type": "Feature", "geometry": {"type": "LineString", "coordinates": [[473143.996, 5365940.455], [473205.631, 5365952.167], [473284.922, 5365966.21], [473294.41, 5365967.888]]}, "properties": {"name": "Finlayson Street", "highway": "secondary", "osm_id": 25401402, "alt_name": null, "old_name": null, "official_name": null}}, {"type": "Feature", "geometry": {"type": "LineString", "coordinates": [[473294.41, 5365967.888], [473303.928, 5365969.577], [473395.038, 5365985.722], [473510.427, 5366006.979], [473517.703, 5366008.323], [473523.21, 5366009.309], [473627.917, 5366028.384], [473675.568, 5366037.488], [473685.508, 5366039.309], [473759.092, 5366052.818], [473842.75, 5366068.426], [473899.658, 5366078.834], [474113.951, 5366117.822], [474118.317, 5366118.569], [474131.587, 5366121.032]]}, "properties": {"name": "Finlayson Street", "highway": "tertiary", "osm_id": 25401403, "alt_name": null, "old_name": null, "official_name": null}}, {"type": "Feature", "geometry": {"type": "LineString", "coordinates": [[472153.46, 5365493.231], [472156.701, 5365498.006], [472160.033, 5365503.214], [472164.763, 5365510.138]]}, "properties": {"name": "Jutland Road", "highway": "tertiary", "osm_id": 25401867, "alt_name": null, "old_name": null, "official_name": null}}, {"type": "Feature", "geometry": {"type": "LineString", "coordinates": [[472510.497, 5365273.564], [472573.385, 5365236.677]]}, "properties": {"name": "Gorge Road East", "highway": "secondary", "osm_id": 25401869, "alt_name": null, "old_name": null, "official_name": null}}, {"type": "Feature", "geometry": {"type": "LineString", "coordinates": [[470573.159, 5366394.038], [470580.444, 5366388.62], [470583.832, 5366386.057], [470652.975, 5366333.91]]}, "properties": {"name": "Obed Avenue", "highway": "residential", "osm_id": 25401885, "alt_name": null, "old_name": null, "official_name": null}}, {"type": "Feature", "geometry": {"type": "LineString", "coordinates": [[475569.522, 5363753.62], [475575.484, 5363538.875], [475576.812, 5363501.932], [475580.56, 5363358.78], [475579.091, 5363347.549], [475556.915, 5363307.361], [475540.365, 5363278.377]]}, "properties": {"name": "Richmond Avenue", "highway": "secondary", "osm_id": 25401907, "alt_name": null, "old_name": null, "official_name": null}}, {"type": "Feature", "geometry": {"type": "LineString", "coordinates": [[475569.522, 5363753.62], [475490.527, 5363753.595], [475468.268, 5363754.08], [475415.303, 5363755.199], [475409.615, 5363755.346], [475367.438, 5363756.774], [475271.585, 5363759.17], [475233.956, 5363760.246], [475222.321, 5363760.575], [475206.269, 5363761.09], [475202.867, 5363761.193], [475162.724, 5363762.592], [475155.097, 5363762.726]]}, "properties": {"name": "Oak Bay Avenue", "highway": "secondary", "osm_id": 25401908, "alt_name": null, "old_name": null, "official_name": null}}, {"type": "Feature", "geometry": {"type": "LineString", "coordinates": [[472285.94, 5363955.674], [472285.854, 5363962.332], [472285.786, 5363967.935], [472285.666, 5363976.817], [472283.942, 5363988.675], [472278.96, 5364013.754], [472277.682, 5364020.207]]}, "properties": {"name": "Harbour Road", "highway": "residential", "osm_id": 25401994, "alt_name": null, "old_name": null, "official_name": null}}, {"type": "Feature", "geometry": {"type": "LineString", "coordinates": [[476038.4, 5364351.96], [476050.799, 5364355.687], [476068.022, 5364361.55], [476093.857, 5364369.478], [476140.403, 5364382.642], [476151.601, 5364385.808]]}, "properties": {"name": "Fort Street", "highway": "secondary", "osm_id": 25482888, "alt_name": null, "old_name": null, "official_name": null}}, {"type": "Feature", "geometry": {"type": "LineString", "coordinates": [[475625.033, 5364127.599], [475670.289, 5364158.15], [475716.072, 5364194.48], [475749.344, 5364225.205], [475771.961, 5364246.706], [475782.28, 5364255.199], [475785.346, 5364257.731], [475799.475, 5364268.097], [475800.631, 5364268.781], [475814.248, 5364276.893], [475831.149, 5364285.18], [475864.634, 5364300.21], [475896.161, 5364310.636], [475907.361, 5364314.345]]}, "properties": {"name": "Fort Street", "highway": "secondary", "osm_id": 25482889, "alt_name": null, "old_name": null, "official_name": null}}, {"type": "Feature", "geometry": {"type": "LineString", "coordinates": [[475912.736, 5363965.693], [475912.758, 5363970.728], [475913.745, 5364166.436], [475913.614, 5364198.272], [475913.487, 5364227.606], [475913.352, 5364260.198], [475913.339, 5364262.421], [475913.446, 5364296.067], [475912.91, 5364300.56], [475911.246, 5364305.959], [475907.361, 5364314.345]]}, "properties": {"name": "Lee Avenue", "highway": "residential", "osm_id": 25482890, "alt_name": null, "old_name": null, "official_name": null}}, {"type": "Feature", "geometry": {"type": "LineString", "coordinates": [[474096.62, 5366307.613], [474104.506, 5366309.822], [474108.474, 5366310.938], [474158.312, 5366326.639], [474178.366, 5366326.514], [474188.487, 5366324.456], [474197.217, 5366318.825], [474204.487, 5366309.488], [474210.553, 5366296.844]]}, "properties": {"name": "Slater Place", "highway": "residential", "osm_id": 25482891, "alt_name": null, "old_name": null, "official_name": null}}, {"type": "Feature", "geometry": {"type": "LineString", "coordinates": [[475571.813, 5364056.644], [475571.761, 5364035.936], [475571.719, 5364021.152], [475571.144, 5363973.58], [475571.166, 5363968.489], [475569.522, 5363753.62]]}, "properties": {"name": "Richmond Avenue", "highway": "secondary", "osm_id": 25482945, "alt_name": null, "old_name": null, "official_name": null}}, {"type": "Feature", "geometry": {"type": "LineString", "coordinates": [[472391.716, 5366301.798], [472376.324, 5366298.083], [472352.278, 5366292.286], [472299.483, 5366282.407]]}, "properties": {"name": "Kelvin Road", "highway": "unclassified", "osm_id": 25482947, "alt_name": null, "old_name": null, "official_name": null}}, {"type": "Feature", "geometry": {"type": "LineString", "coordinates": [[472715.979, 5365486.391], [472710.434, 5365502.125], [472709.216, 5365505.543], [472707.807, 5365509.529], [472686.173, 5365570.458], [472685.02, 5365573.61], [472673.476, 5365604.4], [472654.929, 5365650.631], [472647.468, 5365669.308], [472610.51, 5365758.934]]}, "properties": {"name": "Douglas Street", "highway": "primary", "osm_id": 25582136, "alt_name": null, "old_name": null, "official_name": null}}, {"type": "Feature", "geometry": {"type": "LineString", "coordinates": [[472831.725, 5363881.367], [472841.267, 5363879.599], [472882.068, 5363872.323], [472917.887, 5363865.715], [472923.526, 5363864.666]]}, "properties": {"name": "Johnson Street", "highway": "secondary", "osm_id": 25582145, "alt_name": null, "old_name": null, "official_name": null}}, {"type": "Feature", "geometry": {"type": "LineString", "coordinates": [[472923.526, 5363864.666], [472931.945, 5363863.169], [473007.961, 5363849.701], [473020.904, 5363847.372]]}, "properties": {"name": "Johnson Street", "highway": "secondary", "osm_id": 25582148, "alt_name": null, "old_name": null, "official_name": null}}, {"type": "Feature", "geometry": {"type": "LineString", "coordinates": [[474482.983, 5363465.502], [474491.177, 5363469.734], [474492.06, 5363470.185], [474518.289, 5363483.706], [474524.37, 5363486.847]]}, "properties": {"name": "Fort Street", "highway": "secondary", "osm_id": 25657105, "alt_name": null, "old_name": null, "official_name": null}}, {"type": "Feature", "geometry": {"type": "LineString", "coordinates": [[472157.897, 5364689.724], [472157.064, 5364696.22], [472153.318, 5364725.583], [472146.864, 5364776.08], [472146.335, 5364779.829], [472145.265, 5364787.726]]}, "properties": {"name": "Pleasant Street", "highway": "unclassified", "osm_id": 25678313, "alt_name": null, "old_name": null, "official_name": null}}, {"type": "Feature", "geometry": {"type": "LineString", "coordinates": [[474187.292, 5362516.857], [474189.466, 5362514.88], [474212.645, 5362491.265], [474223.364, 5362482.446], [474234.75, 5362475.369], [474249.11, 5362468.323], [474265.846, 5362462.956], [474332.575, 5362443.057], [474365.868, 5362431.969], [474384.822, 5362409.718], [474427.216, 5362359.107], [474432.942, 5362352.267]]}, "properties": {"name": "Fairfield Road", "highway": "tertiary", "osm_id": 25796014, "alt_name": null, "old_name": null, "official_name": null}}, {"type": "Feature", "geometry": {"type": "LineString", "coordinates": [[475545.977, 5362533.386], [475554.649, 5362536.683], [475570.312, 5362541.418], [475587.016, 5362543.936], [475598.518, 5362544.72], [475609.025, 5362544.563], [475623.367, 5362543.201], [475667.582, 5362538.565], [475675.296, 5362537.754], [475725.789, 5362532.28], [475738.475, 5362531.258], [475749.442, 5362531.3], [475764.892, 5362532.968]]}, "properties": {"name": "Fairfield Road", "highway": "tertiary", "osm_id": 25796015, "alt_name": null, "old_name": null, "official_name": null}}, {"type": "Feature", "geometry": {"type": "LineString", "coordinates": [[473525.288, 5363040.466], [473536.577, 5363038.457], [473628.605, 5363022.411], [473641.387, 5363020.184], [473686.919, 5363011.935], [473722.015, 5363006.115], [473736.96, 5363004.345]]}, "properties": {"name": "Richardson Street", "highway": "residential", "osm_id": 25796021, "alt_name": null, "old_name": null, "official_name": null}}, {"type": "Feature", "geometry": {"type": "LineString", "coordinates": [[473419.986, 5362691.74], [473423.745, 5362696.491], [473441.552, 5362716.215], [473448.945, 5362724.406], [473460.58, 5362737.679]]}, "properties": {"name": "Vancouver Street", "highway": "residential", "osm_id": 25797176, "alt_name": null, "old_name": null, "official_name": null}}, {"type": "Feature", "geometry": {"type": "LineString", "coordinates": [[473404.399, 5362246.066], [473460.261, 5362244.392], [473501.021, 5362243.034], [473524.513, 5362242.313], [473547.111, 5362242.008], [473558.542, 5362241.588]]}, "properties": {"name": "Park Boulevard", "highway": "residential", "osm_id": 25797185, "alt_name": null, "old_name": null, "official_name": null}}, {"type": "Feature", "geometry": {"type": "LineString", "coordinates": [[473558.542, 5362241.588], [473557.241, 5362227.732], [473555.811, 5362211.333], [473553.828, 5362189.188], [473553.58, 5362180.597]]}, "properties": {"name": "Cook Street", "highway": "secondary", "osm_id": 25797194, "alt_name": null, "old_name": null, "official_name": null}}, {"type": "Feature", "geometry": {"type": "LineString", "coordinates": [[473850.125, 5362131.169], [473857.844, 5362129.855], [473959.287, 5362112.537], [474033.277, 5362100.27], [474104.315, 5362088.152], [474109.011, 5362087.352], [474117.448, 5362085.913], [474122.986, 5362084.932], [474126.321, 5362084.339], [474207.139, 5362069.942]]}, "properties": {"name": "May Street", "highway": "residential", "osm_id": 25797196, "alt_name": null, "old_name": null, "official_name": null}}, {"type": "Feature", "geometry": {"type": "LineString", "coordinates": [[472490.243, 5364800.791], [472500.614, 5364806.921], [472511.033, 5364812.461], [472525.121, 5364818.128], [472539.002, 5364822.163], [472557.958, 5364826.395], [472572.564, 5364827.391]]}, "properties": {"name": "Bay Street", "highway": "secondary", "osm_id": 25865735, "alt_name": null, "old_name": null, "official_name": null}}, {"type": "Feature", "geometry": {"type": "LineString", "coordinates": [[472704.526, 5364817.85], [472738.71, 5364814.217], [472758.353, 5364812.122]]}, "properties": {"name": "Bay Street", "highway": "secondary", "osm_id": 25865737, "alt_name": null, "old_name": null, "official_name": null}}, {"type": "Feature", "geometry": {"type": "LineString", "coordinates": [[473615.561, 5363593.025], [473622.786, 5363632.096], [473625.313, 5363645.734]]}, "properties": {"name": "Vancouver Street", "highway": "tertiary", "osm_id": 25906720, "alt_name": null, "old_name": null, "official_name": null}}, {"type": "Feature", "geometry": {"type": "LineString", "coordinates": [[473773.0, 5365046.364], [473799.373, 5365050.566]]}, "properties": {"name": "Kings Road", "highway": "residential", "osm_id": 25991153, "alt_name": null, "old_name": null, "official_name": null}}, {"type": "Feature", "geometry": {"type": "LineString", "coordinates": [[473799.373, 5365050.566], [473822.001, 5365055.974], [473857.636, 5365062.324], [473861.293, 5365063.151], [473862.604, 5365063.457], [473866.203, 5365065.919], [473867.83, 5365067.634]]}, "properties": {"name": "Kings Road", "highway": "residential", "osm_id": 25991154, "alt_name": null, "old_name": null, "official_name": null}}, {"type": "Feature", "geometry": {"type": "LineString", "coordinates": [[473733.801, 5365260.299], [473735.474, 5365251.155], [473773.0, 5365046.364]]}, "properties": {"name": "Prior Street", "highway": "residential", "osm_id": 25991155, "alt_name": null, "old_name": null, "official_name": null}}, {"type": "Feature", "geometry": {"type": "LineString", "coordinates": [[470831.761, 5364367.473], [470819.882, 5364374.893], [470807.915, 5364382.325], [470805.031, 5364383.951], [470801.284, 5364386.06], [470797.631, 5364387.813]]}, "properties": {"name": "Esquimalt Road", "highway": "secondary", "osm_id": 25991325, "alt_name": null, "old_name": null, "official_name": null}}, {"type": "Feature", "geometry": {"type": "LineString", "coordinates": [[471699.985, 5364863.553], [471656.396, 5364882.567], [471652.26, 5364882.31], [471648.886, 5364880.571]]}, "properties": {"name": "Raynor Avenue", "highway": "residential", "osm_id": 26011950, "alt_name": null, "old_name": null, "official_name": null}}, {"type": "Feature", "geometry": {"type": "LineString", "coordinates": [[471535.949, 5364886.773], [471445.751, 5364888.961], [471371.19, 5364891.105], [471366.126, 5364890.13], [471362.003, 5364888.05]]}, "properties": {"name": "Raynor Avenue", "highway": "residential", "osm_id": 26104859, "alt_name": null, "old_name": null, "official_name": null}}, {"type": "Feature", "geometry": {"type": "LineString", "coordinates": [[471646.659, 5364941.129], [471647.515, 5364951.018], [471647.023, 5364961.958], [471644.604, 5364970.829], [471641.497, 5364976.658], [471605.632, 5365037.152]]}, "properties": {"name": "Arthur Currie Lane", "highway": "residential", "osm_id": 26104861, "alt_name": null, "old_name": null, "official_name": null}}, {"type": "Feature", "geometry": {"type": "LineString", "coordinates": [[472893.959, 5363667.182], [472884.889, 5363668.671], [472845.82, 5363675.027], [472808.393, 5363681.187], [472800.276, 5363682.482]]}, "properties": {"name": "View Street", "highway": "tertiary", "osm_id": 26228676, "alt_name": null, "old_name": null, "official_name": null}}, {"type": "Feature", "geometry": {"type": "LineString", "coordinates": [[472893.959, 5363667.182], [472899.304, 5363666.312], [472973.501, 5363654.23], [472986.919, 5363652.054]]}, "properties": {"name": "View Street", "highway": "tertiary", "osm_id": 26228678, "alt_name": null, "old_name": null, "official_name": null}}, {"type": "Feature", "geometry": {"type": "LineString", "coordinates": [[472956.55, 5363480.218], [472954.873, 5363469.777], [472945.446, 5363412.11], [472941.188, 5363391.144], [472938.954, 5363380.439], [472926.429, 5363324.788], [472922.039, 5363304.156], [472919.618, 5363294.497]]}, "properties": {"name": "Douglas Street", "highway": "primary", "osm_id": 26417427, "alt_name": null, "old_name": null, "official_name": null}}, {"type": "Feature", "geometry": {"type": "LineString", "coordinates": [[472677.818, 5366455.107], [472709.508, 5366402.332], [472722.603, 5366379.193], [472731.631, 5366360.564], [472740.537, 5366339.724], [472747.408, 5366321.517], [472753.607, 5366302.034], [472758.194, 5366283.994], [472764.793, 5366252.36], [472773.965, 5366208.331], [472776.296, 5366200.917], [472780.433, 5366187.714]]}, "properties": {"name": "Blanshard Street", "highway": "trunk", "osm_id": 26425717, "alt_name": null, "old_name": null, "official_name": null}}, {"type": "Feature", "geometry": {"type": "LineString", "coordinates": [[475655.3, 5362976.483], [475659.211, 5362984.325], [475679.018, 5363024.089], [475763.275, 5363193.163]]}, "properties": {"name": "Maddison Street", "highway": "residential", "osm_id": 26468501, "alt_name": null, "old_name": null, "official_name": null}}, {"type": "Feature", "geometry": {"type": "LineString", "coordinates": [[472799.212, 5362195.105], [472802.442, 5362192.799]]}, "properties": {"name": "Circle Drive", "highway": "unclassified", "osm_id": 26487418, "alt_name": null, "old_name": null, "official_name": null}}, {"type": "Feature", "geometry": {"type": "LineString", "coordinates": [[473268.092, 5365526.298], [473372.066, 5365546.283], [473382.228, 5365548.091], [473472.443, 5365564.242], [473570.814, 5365581.978]]}, "properties": {"name": "Topaz Avenue", "highway": "residential", "osm_id": 27032188, "alt_name": null, "old_name": null, "official_name": null}}, {"type": "Feature", "geometry": {"type": "LineString", "coordinates": [[475554.144, 5364482.793], [475439.335, 5364492.982], [475417.408, 5364497.724], [475321.549, 5364504.254]]}, "properties": {"name": "Albert Avenue", "highway": "residential", "osm_id": 27050521, "alt_name": null, "old_name": null, "official_name": null}}, {"type": "Feature", "geometry": {"type": "LineString", "coordinates": [[474161.888, 5365941.898], [474148.528, 5365939.492], [474052.839, 5365920.91], [474040.277, 5365921.557], [474026.881, 5365919.262]]}, "properties": {"name": "McNair Street", "highway": "residential", "osm_id": 27126190, "alt_name": null, "old_name": null, "official_name": null}}, {"type": "Feature", "geometry": {"type": "LineString", "coordinates": [[473807.321, 5366643.77], [473801.799, 5366637.86], [473799.757, 5366635.869], [473797.491, 5366633.556], [473794.783, 5366630.123], [473765.255, 5366501.74], [473721.17, 5366342.668]]}, "properties": {"name": "Bellevue Road", "highway": "residential", "osm_id": 27749617, "alt_name": null, "old_name": null, "official_name": null}}, {"type": "Feature", "geometry": {"type": "LineString", "coordinates": [[476306.241, 5362535.626], [476464.075, 5362535.98]]}, "properties": {"name": "McLaren Avenue", "highway": "residential", "osm_id": 32238813, "alt_name": null, "old_name": null, "official_name": null}}, {"type": "Feature", "geometry": {"type": "LineString", "coordinates": [[473944.161, 5364709.225], [474039.08, 5364700.453], [474130.257, 5364690.098], [474153.599, 5364687.858], [474162.611, 5364686.983]]}, "properties": {"name": "Bay Street", "highway": "secondary", "osm_id": 34286412, "alt_name": null, "old_name": null, "official_name": null}}, {"type": "Feature", "geometry": {"type": "LineString", "coordinates": [[473680.46, 5364730.319], [473732.896, 5364725.508]]}, "properties": {"name": "Bay Street", "highway": "secondary", "osm_id": 34286418, "alt_name": null, "old_name": null, "official_name": null}}, {"type": "Feature", "geometry": {"type": "LineString", "coordinates": [[473182.252, 5363525.364], [473193.412, 5363522.977], [473299.441, 5363504.803]]}, "properties": {"name": "Fort Street", "highway": "secondary", "osm_id": 34580283, "alt_name": null, "old_name": null, "official_name": null}}, {"type": "Feature", "geometry": {"type": "LineString", "coordinates": [[475205.931, 5364113.167], [475212.655, 5364104.656], [475244.677, 5364063.544], [475262.555, 5364040.957], [475294.267, 5364000.024], [475321.968, 5363963.678], [475329.319, 5363951.252]]}, "properties": {"name": "Fern Street", "highway": "residential", "osm_id": 34580533, "alt_name": null, "old_name": null, "official_name": null}}, {"type": "Feature", "geometry": {"type": "LineString", "coordinates": [[473503.854, 5365393.98], [473604.099, 5365411.586]]}, "properties": {"name": "Vista Heights", "highway": "residential", "osm_id": 35773923, "alt_name": null, "old_name": null, "official_name": null}}, {"type": "Feature", "geometry": {"type": "LineString", "coordinates": [[473440.633, 5365721.622], [473546.793, 5365740.31]]}, "properties": {"name": "Summit Avenue", "highway": "residential", "osm_id": 35798924, "alt_name": null, "old_name": null, "official_name": null}}, {"type": "Feature", "geometry": {"type": "LineString", "coordinates": [[474158.92, 5365960.808], [474198.808, 5365965.351], [474217.483, 5365967.478], [474226.69, 5365967.491], [474249.789, 5365965.219], [474269.017, 5365963.842], [474273.971, 5365962.041], [474279.212, 5365958.16], [474310.533, 5365926.149], [474311.018, 5365918.933], [474308.289, 5365914.088], [474274.056, 5365879.851], [474261.691, 5365873.127], [474247.027, 5365870.215], [474223.396, 5365866.098], [474188.372, 5365859.555], [474175.218, 5365855.313]]}, "properties": {"name": "Mallek Crescent", "highway": "service", "osm_id": 36760197, "alt_name": null, "old_name": null, "official_name": null}}, {"type": "Feature", "geometry": {"type": "LineString", "coordinates": [[473816.4, 5365364.315], [474027.508, 5365402.804]]}, "properties": {"name": "Basil Avenue", "highway": "residential", "osm_id": 36760667, "alt_name": null, "old_name": null, "official_name": null}}, {"type": "Feature", "geometry": {"type": "LineString", "coordinates": [[474026.657, 5365578.557], [474038.726, 5365500.903], [474039.926, 5365493.172], [474041.411, 5365484.884], [474044.206, 5365473.556], [474049.769, 5365443.051], [474053.051, 5365425.018]]}, "properties": {"name": "The Rise", "highway": "residential", "osm_id": 36761113, "alt_name": null, "old_name": null, "official_name": null}}, {"type": "Feature", "geometry": {"type": "LineString", "coordinates": [[475743.564, 5362375.096], [475821.556, 5362385.145], [475840.444, 5362382.563], [475850.419, 5362386.022]]}, "properties": {"name": "Quixote Lane", "highway": "residential", "osm_id": 37928452, "alt_name": null, "old_name": null, "official_name": null}}, {"type": "Feature", "geometry": {"type": "LineString", "coordinates": [[476182.096, 5362487.538], [476187.46, 5362492.762], [476191.733, 5362498.746], [476193.865, 5362534.207], [476200.494, 5362657.24], [476203.586, 5362762.914]]}, "properties": {"name": "Mountjoy Avenue", "highway": "residential", "osm_id": 37928453, "alt_name": null, "old_name": null, "official_name": null}}, {"type": "Feature", "geometry": {"type": "LineString", "coordinates": [[472726.143, 5363600.315], [472724.723, 5363594.231], [472716.055, 5363540.951], [472714.724, 5363535.022], [472713.224, 5363526.114]]}, "properties": {"name": "Langley Street", "highway": "unclassified", "osm_id": 37928455, "alt_name": null, "old_name": null, "official_name": null}}, {"type": "Feature", "geometry": {"type": "LineString", "coordinates": [[475099.94, 5366254.747], [475098.649, 5366223.384], [475098.251, 5366213.771], [475097.023, 5366185.02]]}, "properties": {"name": "Keats Street", "highway": "residential", "osm_id": 38458875, "alt_name": null, "old_name": null, "official_name": null}}, {"type": "Feature", "geometry": {"type": "LineString", "coordinates": [[475152.329, 5361828.192], [475194.006, 5361827.731], [475202.481, 5361831.463]]}, "properties": {"name": "Hollywood Place", "highway": "residential", "osm_id": 39084532, "alt_name": null, "old_name": null, "official_name": null}}, {"type": "Feature", "geometry": {"type": "LineString", "coordinates": [[476109.892, 5362400.184], [476138.605, 5362338.983], [476198.599, 5362290.59], [476258.324, 5362278.357], [476324.944, 5362338.224]]}, "properties": {"name": "Sylvan Lane", "highway": "residential", "osm_id": 39084848, "alt_name": null, "old_name": null, "official_name": null}}, {"type": "Feature", "geometry": {"type": "LineString", "coordinates": [[475187.884, 5361910.036], [475198.765, 5361922.571], [475201.249, 5361930.397], [475199.256, 5362019.574]]}, "properties": {"name": "Passmore Street", "highway": "residential", "osm_id": 39704619, "alt_name": null, "old_name": null, "official_name": null}}, {"type": "Feature", "geometry": {"type": "LineString", "coordinates": [[475113.589, 5361933.259], [475147.607, 5361932.932], [475162.241, 5361928.544], [475173.98, 5361922.201], [475181.694, 5361916.121], [475187.884, 5361910.036], [475193.633, 5361899.729], [475197.489, 5361889.697], [475200.214, 5361878.28], [475199.587, 5361848.215], [475200.514, 5361836.851], [475202.481, 5361831.463], [475205.809, 5361825.779], [475213.33, 5361819.51], [475262.97, 5361803.543], [475287.741, 5361798.977], [475293.249, 5361797.597], [475368.774, 5361786.375], [475392.785, 5361782.003], [475412.049, 5361780.352], [475422.755, 5361781.373], [475434.86, 5361784.277], [475459.218, 5361790.163]]}, "properties": {"name": "Hollywood Crescent", "highway": "secondary", "osm_id": 39704650, "alt_name": null, "old_name": null, "official_name": null}}, {"type": "Feature", "geometry": {"type": "LineString", "coordinates": [[476293.441, 5361898.891], [476283.117, 5361893.632], [476247.881, 5361873.416]]}, "properties": {"name": "Prince Edward Drive", "highway": "residential", "osm_id": 39705421, "alt_name": null, "old_name": null, "official_name": null}}, {"type": "Feature", "geometry": {"type": "LineString", "coordinates": [[476335.747, 5361848.883], [476336.128, 5361842.69], [476281.91, 5361804.924]]}, "properties": {"name": "Prince Andrew Place", "highway": "residential", "osm_id": 39705424, "alt_name": null, "old_name": null, "official_name": null}}, {"type": "Feature", "geometry": {"type": "LineString", "coordinates": [[476270.453, 5364790.65], [476219.406, 5364793.276], [476177.318, 5364794.765], [476164.632, 5364794.696]]}, "properties": {"name": "Haultain Street", "highway": "residential", "osm_id": 45035436, "alt_name": null, "old_name": null, "official_name": null}}, {"type": "Feature", "geometry": {"type": "LineString", "coordinates": [[476053.926, 5364796.174], [476002.694, 5364797.147], [475991.881, 5364797.482], [475965.626, 5364798.082]]}, "properties": {"name": "Haultain Street", "highway": "residential", "osm_id": 45035437, "alt_name": null, "old_name": null, "official_name": null}}, {"type": "Feature", "geometry": {"type": "LineString", "coordinates": [[476007.192, 5365940.947], [476012.561, 5365940.925], [476064.546, 5365940.316], [476081.546, 5365939.81], [476177.186, 5365937.818], [476188.932, 5365936.701], [476203.561, 5365935.317]]}, "properties": {"name": "Lansdowne Road", "highway": "tertiary", "osm_id": 45035439, "alt_name": null, "old_name": null, "official_name": null}}, {"type": "Feature", "geometry": {"type": "LineString", "coordinates": [[476007.669, 5362560.313], [476016.857, 5362654.257], [476019.19, 5362696.731]]}, "properties": {"name": "Queen Anne Heights", "highway": "residential", "osm_id": 46145926, "alt_name": null, "old_name": null, "official_name": null}}, {"type": "Feature", "geometry": {"type": "LineString", "coordinates": [[476016.857, 5362654.257], [475977.939, 5362679.409]]}, "properties": {"name": "Queen Anne Heights", "highway": "residential", "osm_id": 46145927, "alt_name": null, "old_name": null, "official_name": null}}, {"type": "Feature", "geometry": {"type": "LineString", "coordinates": [[472317.289, 5363231.314], [472322.987, 5363239.011], [472331.851, 5363254.274]]}, "properties": {"name": "Oswego Street", "highway": "service", "osm_id": 50330705, "alt_name": null, "old_name": null, "official_name": null}}, {"type": "Feature", "geometry": {"type": "LineString", "coordinates": [[474026.657, 5365578.557], [473786.037, 5365533.091]]}, "properties": {"name": "Montrose Avenue", "highway": "residential", "osm_id": 52271801, "alt_name": null, "old_name": null, "official_name": null}}, {"type": "Feature", "geometry": {"type": "LineString", "coordinates": [[472398.719, 5362711.505], [472391.357, 5362716.287], [472385.272, 5362720.252], [472358.034, 5362739.726], [472355.711, 5362741.416], [472294.053, 5362785.501], [472256.5, 5362812.351], [472183.508, 5362866.92], [472163.528, 5362881.691], [472101.401, 5362927.604], [472025.76, 5362983.077], [471968.901, 5363025.564], [471879.178, 5363090.512], [471753.056, 5363182.488], [471751.397, 5363183.697], [471745.595, 5363187.927]]}, "properties": {"name": "Michigan Street", "highway": "residential", "osm_id": 53717476, "alt_name": null, "old_name": null, "official_name": null}}, {"type": "Feature", "geometry": {"type": "LineString", "coordinates": [[472463.359, 5366135.103], [472449.985, 5366132.767], [472227.332, 5366093.927], [472222.818, 5366093.138]]}, "properties": {"name": "Tolmie Lane", "highway": "unclassified", "osm_id": 55060427, "alt_name": null, "old_name": null, "official_name": null}}, {"type": "Feature", "geometry": {"type": "LineString", "coordinates": [[474440.014, 5363542.738], [474422.201, 5363544.886], [474389.449, 5363546.568], [474302.835, 5363550.784], [474293.07, 5363551.05], [474250.938, 5363553.009], [474213.852, 5363554.812], [474149.434, 5363557.94], [474143.591, 5363558.267], [474129.782, 5363559.052], [474125.566, 5363559.283], [474110.984, 5363560.728], [474093.973, 5363563.562], [474036.422, 5363573.14], [474017.253, 5363576.329], [473960.581, 5363585.76], [473935.099, 5363590.001], [473907.059, 5363594.665], [473895.179, 5363596.643], [473893.464, 5363596.929], [473839.195, 5363605.96]]}, "properties": {"name": "Yates Street", "highway": "secondary", "osm_id": 55317142, "alt_name": null, "old_name": null, "official_name": null}}, {"type": "Feature", "geometry": {"type": "LineString", "coordinates": [[474458.902, 5364002.195], [474459.111, 5364007.552], [474462.87, 5364101.317], [474462.937, 5364103.051], [474466.847, 5364197.538], [474467.192, 5364203.55], [474467.408, 5364210.341], [474468.055, 5364230.98], [474468.756, 5364253.53], [474470.477, 5364297.251], [474470.805, 5364304.364], [474473.906, 5364381.837], [474477.175, 5364463.878], [474477.348, 5364470.98], [474478.748, 5364556.697], [474481.266, 5364618.155], [474482.797, 5364652.651]]}, "properties": {"name": "Fernwood Road", "highway": "tertiary", "osm_id": 55317145, "alt_name": null, "old_name": null, "official_name": null}}, {"type": "Feature", "geometry": {"type": "LineString", "coordinates": [[475965.626, 5364798.082], [475956.462, 5364798.255], [475889.713, 5364799.516], [475870.173, 5364800.033], [475773.2, 5364802.592], [475688.49, 5364805.212]]}, "properties": {"name": "Haultain Street", "highway": "residential", "osm_id": 55317148, "alt_name": null, "old_name": null, "official_name": null}}, {"type": "Feature", "geometry": {"type": "LineString", "coordinates": [[475129.327, 5364828.615], [475047.714, 5364830.563], [474961.102, 5364832.635], [474878.372, 5364834.402], [474869.859, 5364834.584], [474861.798, 5364834.82], [474782.872, 5364837.172], [474688.626, 5364839.037]]}, "properties": {"name": "Haultain Street", "highway": "residential", "osm_id": 55317150, "alt_name": null, "old_name": null, "official_name": null}}, {"type": "Feature", "geometry": {"type": "LineString", "coordinates": [[475351.229, 5365818.503], [475349.949, 5365780.927], [475347.449, 5365707.808], [475347.116, 5365677.208], [475347.053, 5365671.261], [475344.187, 5365566.831], [475343.221, 5365531.732], [475341.823, 5365480.784], [475338.773, 5365337.317], [475337.118, 5365259.682], [475333.271, 5365150.821], [475332.119, 5365115.378], [475331.874, 5365106.764], [475329.966, 5365040.601]]}, "properties": {"name": "Shelbourne Street", "highway": "secondary", "osm_id": 55317152, "alt_name": null, "old_name": null, "official_name": null}}, {"type": "Feature", "geometry": {"type": "LineString", "coordinates": [[473955.671, 5364867.115], [473943.733, 5364868.626], [473942.188, 5364868.788], [473931.646, 5364871.605], [473928.142, 5364873.622], [473924.468, 5364875.739], [473918.936, 5364880.656]]}, "properties": {"name": "Haultain Street", "highway": "residential", "osm_id": 55317229, "alt_name": null, "old_name": null, "official_name": null}}, {"type": "Feature", "geometry": {"type": "LineString", "coordinates": [[474343.123, 5364847.117], [474335.025, 5364847.253], [474332.628, 5364847.298], [474253.742, 5364848.612], [474147.164, 5364851.643], [474137.781, 5364852.375], [474051.227, 5364860.574], [474031.773, 5364862.052], [473996.118, 5364864.328], [473976.53, 5364865.574]]}, "properties": {"name": "Haultain Street", "highway": "residential", "osm_id": 55317234, "alt_name": null, "old_name": null, "official_name": null}}, {"type": "Feature", "geometry": {"type": "LineString", "coordinates": [[474485.824, 5364843.504], [474485.874, 5364844.738], [474485.628, 5364849.374], [474485.529, 5364851.898], [474485.565, 5364856.544], [474492.087, 5365051.683], [474492.213, 5365056.673], [474495.372, 5365224.327]]}, "properties": {"name": "Fernwood Road", "highway": "tertiary", "osm_id": 55317235, "alt_name": null, "old_name": null, "official_name": null}}, {"type": "Feature", "geometry": {"type": "LineString", "coordinates": [[475751.966, 5362465.774], [475748.895, 5362450.303], [475747.044, 5362437.817], [475745.358, 5362410.492], [475743.564, 5362375.096], [475746.445, 5362349.874], [475748.644, 5362337.893], [475752.545, 5362326.038], [475773.03, 5362279.832]]}, "properties": {"name": "Foul Bay Road", "highway": "tertiary", "osm_id": 55318641, "alt_name": null, "old_name": null, "official_name": null}}, {"type": "Feature", "geometry": {"type": "LineString", "coordinates": [[473010.979, 5363040.347], [472989.285, 5363046.608], [472961.356, 5363054.678]]}, "properties": {"name": "Belleville Street", "highway": "primary", "osm_id": 55320472, "alt_name": null, "old_name": null, "official_name": null}}, {"type": "Feature", "geometry": {"type": "LineString", "coordinates": [[472711.944, 5362856.359], [472716.046, 5362856.761], [472719.651, 5362857.111], [472737.358, 5362858.86], [472758.693, 5362860.98], [472790.502, 5362864.14], [472811.467, 5362866.229], [472830.025, 5362868.074]]}, "properties": {"name": "Superior Street", "highway": "tertiary", "osm_id": 55320487, "alt_name": null, "old_name": null, "official_name": null}}, {"type": "Feature", "geometry": {"type": "LineString", "coordinates": [[472710.421, 5362973.325], [472710.585, 5362968.911], [472710.899, 5362940.331], [472711.028, 5362899.57], [472710.9, 5362889.966], [472711.543, 5362866.643], [472711.569, 5362861.329], [472711.944, 5362856.359]]}, "properties": {"name": "Government Street", "highway": "tertiary", "osm_id": 55320490, "alt_name": null, "old_name": null, "official_name": null}}, {"type": "Feature", "geometry": {"type": "LineString", "coordinates": [[476442.785, 5363058.933], [476329.722, 5363058.704], [476318.121, 5363058.808], [476289.209, 5363059.718], [476219.011, 5363065.493], [476094.719, 5363067.638], [476072.613, 5363068.143]]}, "properties": {"name": "McNeill Avenue", "highway": "tertiary", "osm_id": 58755857, "alt_name": null, "old_name": null, "official_name": null}}, {"type": "Feature", "geometry": {"type": "LineString", "coordinates": [[475473.865, 5362768.737], [475482.948, 5362772.999], [475525.447, 5362792.968], [475539.795, 5362801.91], [475551.849, 5362810.494], [475567.35, 5362825.9], [475581.009, 5362841.359], [475593.32, 5362858.19], [475606.288, 5362881.655]]}, "properties": {"name": "Richardson Street", "highway": "unclassified", "osm_id": 58755873, "alt_name": null, "old_name": null, "official_name": null}}, {"type": "Feature", "geometry": {"type": "LineString", "coordinates": [[471245.593, 5365889.719], [471294.297, 5365958.089], [471305.149, 5365973.185], [471397.288, 5366101.183]]}, "properties": {"name": "Harriet Road", "highway": "secondary", "osm_id": 60710855, "alt_name": null, "old_name": null, "official_name": null}}, {"type": "Feature", "geometry": {"type": "LineString", "coordinates": [[472332.216, 5362536.347], [472339.582, 5362530.864], [472385.139, 5362497.039], [472453.236, 5362447.766], [472457.999, 5362444.33], [472506.585, 5362409.114], [472514.194, 5362403.363], [472531.66, 5362390.151], [472592.254, 5362346.54], [472597.232, 5362343.026]]}, "properties": {"name": "Simcoe Street", "highway": "residential", "osm_id": 61040712, "alt_name": null, "old_name": null, "official_name": null}}, {"type": "Feature", "geometry": {"type": "LineString", "coordinates": [[472083.201, 5365523.378], [472091.638, 5365518.568], [472110.916, 5365507.502], [472132.259, 5365495.247], [472137.12, 5365492.556], [472139.2, 5365491.456], [472140.609, 5365490.649], [472141.87, 5365489.92], [472148.417, 5365485.909]]}, "properties": {"name": "Gorge Road East", "highway": "secondary", "osm_id": 61040729, "alt_name": null, "old_name": null, "official_name": null}}, {"type": "Feature", "geometry": {"type": "LineString", "coordinates": [[473244.845, 5363903.667], [473244.844, 5363912.726], [473244.198, 5363916.953], [473243.592, 5363920.213], [473241.954, 5363932.148], [473239.204, 5363943.588]]}, "properties": {"name": "Blanshard Street", "highway": "primary", "osm_id": 61699290, "alt_name": null, "old_name": null, "official_name": null}}, {"type": "Feature", "geometry": {"type": "LineString", "coordinates": [[470839.15, 5364496.589], [470825.166, 5364496.049], [470610.999, 5364499.157], [470574.438, 5364499.692], [470531.575, 5364500.17], [470523.912, 5364500.254], [470517.669, 5364500.354], [470514.755, 5364500.391], [470498.527, 5364500.631], [470492.314, 5364500.719], [470423.999, 5364501.709], [470385.914, 5364502.264], [470314.938, 5364503.458], [470304.901, 5364503.632], [470271.388, 5364504.197], [470181.247, 5364505.727]]}, "properties": {"name": "Old Esquimalt Road", "highway": "residential", "osm_id": 73794287, "alt_name": null, "old_name": null, "official_name": null}}, {"type": "Feature", "geometry": {"type": "LineString", "coordinates": [[470446.278, 5363518.788], [470448.94, 5363509.937], [470449.864, 5363506.875], [470473.006, 5363421.642], [470474.741, 5363415.408], [470484.016, 5363382.235], [470493.516, 5363348.127], [470494.831, 5363343.419], [470497.296, 5363327.999]]}, "properties": {"name": "Victoria View Road", "highway": "service", "osm_id": 73805999, "alt_name": null, "old_name": null, "official_name": null}}, {"type": "Feature", "geometry": {"type": "LineString", "coordinates": [[470533.112, 5364666.297], [470542.583, 5364661.112], [470544.935, 5364659.822], [470552.768, 5364655.379], [470637.251, 5364607.455], [470818.988, 5364504.351], [470825.166, 5364496.049]]}, "properties": {"name": "Viewfield Road", "highway": "residential", "osm_id": 73898901, "alt_name": null, "old_name": null, "official_name": null}}, {"type": "Feature", "geometry": {"type": "LineString", "coordinates": [[471362.003, 5364888.05], [471359.48, 5364885.061], [471357.901, 5364881.323], [471357.255, 5364834.185]]}, "properties": {"name": "Russell Street", "highway": "residential", "osm_id": 73898903, "alt_name": null, "old_name": null, "official_name": null}}, {"type": "Feature", "geometry": {"type": "LineString", "coordinates": [[476151.923, 5362841.54], [476214.128, 5362857.474], [476215.137, 5362962.301], [476219.011, 5363065.493]]}, "properties": {"name": "Runnymede Place", "highway": "residential", "osm_id": 80044874, "alt_name": null, "old_name": null, "official_name": null}}, {"type": "Feature", "geometry": {"type": "LineString", "coordinates": [[472245.644, 5363285.03], [472263.299, 5363271.683], [472310.177, 5363236.828], [472313.501, 5363234.256], [472317.289, 5363231.314]]}, "properties": {"name": "Belleville Street", "highway": "tertiary", "osm_id": 80567180, "alt_name": null, "old_name": null, "official_name": null}}, {"type": "Feature", "geometry": {"type": "LineString", "coordinates": [[476330.709, 5363140.944], [476289.295, 5363142.062], [476256.909, 5363150.479]]}, "properties": {"name": "Stonehewer Place", "highway": "residential", "osm_id": 80675808, "alt_name": null, "old_name": null, "official_name": null}}, {"type": "Feature", "geometry": {"type": "LineString", "coordinates": [[475812.868, 5366160.219], [475838.92, 5366160.063]]}, "properties": {"name": "North Dairy Road", "highway": "residential", "osm_id": 80676166, "alt_name": null, "old_name": null, "official_name": null}}, {"type": "Feature", "geometry": {"type": "LineString", "coordinates": [[474425.692, 5365283.054], [474432.281, 5365295.819], [474436.658, 5365300.434], [474426.904, 5365309.004], [474423.436, 5365310.709], [474419.0, 5365311.207], [474389.071, 5365308.508]]}, "properties": {"name": "Ryan Street", "highway": "residential", "osm_id": 80676344, "alt_name": null, "old_name": null, "official_name": null}}, {"type": "Feature", "geometry": {"type": "LineString", "coordinates": [[474507.213, 5365291.624], [474498.241, 5365294.776], [474495.834, 5365295.654], [474492.213, 5365296.515], [474441.837, 5365299.299], [474436.658, 5365300.434]]}, "properties": {"name": "Ryan Street", "highway": "residential", "osm_id": 80676345, "alt_name": null, "old_name": null, "official_name": null}}, {"type": "Feature", "geometry": {"type": "LineString", "coordinates": [[474792.755, 5365271.227], [474831.187, 5365270.066], [474878.8, 5365269.366], [474880.087, 5365269.46], [474896.187, 5365269.322], [474928.3, 5365269.024], [474970.869, 5365268.614], [474976.794, 5365268.743], [475040.829, 5365267.038], [475047.891, 5365266.862], [475058.636, 5365266.459], [475076.11, 5365265.826], [475139.835, 5365264.468], [475153.406, 5365264.242]]}, "properties": {"name": "Ryan Street", "highway": "residential", "osm_id": 80676346, "alt_name": null, "old_name": null, "official_name": null}}, {"type": "Feature", "geometry": {"type": "LineString", "coordinates": [[475846.899, 5363350.136], [475859.421, 5363338.833], [475862.614, 5363332.917], [475866.716, 5363177.226], [475864.98, 5363163.939], [475853.559, 5363142.068]]}, "properties": {"name": "Lawndale Avenue", "highway": "residential", "osm_id": 83231028, "alt_name": null, "old_name": null, "official_name": null}}, {"type": "Feature", "geometry": {"type": "LineString", "coordinates": [[475906.961, 5362551.415], [475899.08, 5362457.422], [475900.76, 5362448.833]]}, "properties": {"name": "Fairfield Place", "highway": "residential", "osm_id": 83277005, "alt_name": null, "old_name": null, "official_name": null}}, {"type": "Feature", "geometry": {"type": "LineString", "coordinates": [[476094.734, 5362483.448], [476080.968, 5362483.017], [476074.466, 5362483.589], [476061.395, 5362489.68], [476047.019, 5362493.509]]}, "properties": {"name": "Denison Place", "highway": "residential", "osm_id": 83277007, "alt_name": null, "old_name": null, "official_name": null}}, {"type": "Feature", "geometry": {"type": "LineString", "coordinates": [[475918.111, 5362368.316], [475961.359, 5362419.898]]}, "properties": {"name": "Fairfield Place", "highway": "residential", "osm_id": 83277008, "alt_name": null, "old_name": null, "official_name": null}}, {"type": "Feature", "geometry": {"type": "LineString", "coordinates": [[475751.966, 5362465.774], [475827.018, 5362460.063], [475840.384, 5362464.018], [475852.299, 5362474.739], [475857.168, 5362486.945], [475861.465, 5362545.395]]}, "properties": {"name": "Shotbolt Road", "highway": "residential", "osm_id": 83277009, "alt_name": null, "old_name": null, "official_name": null}}, {"type": "Feature", "geometry": {"type": "LineString", "coordinates": [[475293.249, 5361797.597], [475293.006, 5361765.597]]}, "properties": {"name": "Wildwood Avenue", "highway": "residential", "osm_id": 85373688, "alt_name": null, "old_name": null, "official_name": null}}, {"type": "Feature", "geometry": {"type": "LineString", "coordinates": [[472156.204, 5363250.866], [472152.168, 5363257.533], [472150.002, 5363261.023], [472131.611, 5363289.925]]}, "properties": {"name": "Cross Street", "highway": "residential", "osm_id": 86518222, "alt_name": null, "old_name": null, "official_name": null}}, {"type": "Feature", "geometry": {"type": "LineString", "coordinates": [[473137.573, 5362128.109], [473139.011, 5362127.024], [473149.142, 5362119.351], [473179.319, 5362094.042], [473194.057, 5362080.878], [473207.123, 5362067.733], [473220.668, 5362052.652], [473229.916, 5362041.171], [473236.602, 5362032.524], [473241.874, 5362025.285], [473247.246, 5362017.401], [473252.467, 5362008.773], [473256.55, 5362001.951], [473260.729, 5361993.85], [473264.466, 5361985.93]]}, "properties": {"name": "Circle Drive", "highway": "unclassified", "osm_id": 86532483, "alt_name": null, "old_name": null, "official_name": null}}, {"type": "Feature", "geometry": {"type": "LineString", "coordinates": [[474040.949, 5361627.778], [474142.679, 5361609.728]]}, "properties": {"name": "Clover Avenue", "highway": "residential", "osm_id": 86544294, "alt_name": null, "old_name": null, "official_name": null}}, {"type": "Feature", "geometry": {"type": "LineString", "coordinates": [[475551.849, 5362810.494], [475578.002, 5362778.925], [475590.024, 5362769.947], [475602.012, 5362766.75], [475616.241, 5362770.168]]}, "properties": {"name": "Armine Place", "highway": "residential", "osm_id": 86572869, "alt_name": null, "old_name": null, "official_name": null}}, {"type": "Feature", "geometry": {"type": "LineString", "coordinates": [[475956.263, 5362858.184], [475962.573, 5362823.01], [475971.04, 5362786.815], [475979.913, 5362768.025], [475974.001, 5362757.491], [475956.108, 5362738.037]]}, "properties": {"name": "Romney Road", "highway": "residential", "osm_id": 86572870, "alt_name": null, "old_name": null, "official_name": null}}, {"type": "Feature", "geometry": {"type": "LineString", "coordinates": [[475637.358, 5363262.23], [475575.494, 5363154.864]]}, "properties": {"name": "Somenos Street", "highway": "residential", "osm_id": 86575231, "alt_name": null, "old_name": null, "official_name": null}}, {"type": "Feature", "geometry": {"type": "LineString", "coordinates": [[476018.205, 5363213.965], [476045.756, 5363213.659]]}, "properties": {"name": "Hawes Road", "highway": "residential", "osm_id": 86575233, "alt_name": null, "old_name": null, "official_name": null}}, {"type": "Feature", "geometry": {"type": "LineString", "coordinates": [[474923.742, 5363345.142], [475013.444, 5363344.157]]}, "properties": {"name": "Saint Charles Street", "highway": "service", "osm_id": 86575239, "alt_name": null, "old_name": null, "official_name": null}}, {"type": "Feature", "geometry": {"type": "LineString", "coordinates": [[475065.107, 5363755.829], [475069.313, 5363744.939], [475069.41, 5363736.702], [475070.645, 5363627.208]]}, "properties": {"name": "Verrinder Avenue", "highway": "residential", "osm_id": 86575241, "alt_name": null, "old_name": null, "official_name": null}}, {"type": "Feature", "geometry": {"type": "LineString", "coordinates": [[474976.627, 5363815.977], [475038.513, 5363838.402], [475066.612, 5363843.914], [475081.439, 5363849.228]]}, "properties": {"name": "Coldharbour Road", "highway": "residential", "osm_id": 86576152, "alt_name": null, "old_name": null, "official_name": null}}, {"type": "Feature", "geometry": {"type": "LineString", "coordinates": [[475321.46, 5364174.743], [475363.862, 5364120.214], [475440.409, 5364020.597]]}, "properties": {"name": "Chestnut Street", "highway": "residential", "osm_id": 86576154, "alt_name": null, "old_name": null, "official_name": null}}, {"type": "Feature", "geometry": {"type": "LineString", "coordinates": [[475663.641, 5364644.187], [475562.709, 5364647.178], [475400.163, 5364651.983]]}, "properties": {"name": "Emerson Street", "highway": "residential", "osm_id": 86577353, "alt_name": null, "old_name": null, "official_name": null}}, {"type": "Feature", "geometry": {"type": "LineString", "coordinates": [[475387.619, 5364735.638], [475576.992, 5364729.35], [475675.687, 5364726.079]]}, "properties": {"name": "Adanac Street", "highway": "residential", "osm_id": 86577355, "alt_name": null, "old_name": null, "official_name": null}}, {"type": "Feature", "geometry": {"type": "LineString", "coordinates": [[475326.709, 5364819.237], [475324.849, 5364737.067]]}, "properties": {"name": "Shelbourne Street", "highway": "secondary", "osm_id": 86578609, "alt_name": null, "old_name": null, "official_name": null}}, {"type": "Feature", "geometry": {"type": "LineString", "coordinates": [[474539.286, 5365277.841], [474551.563, 5365284.155], [474567.842, 5365292.563], [474581.067, 5365299.395], [474612.555, 5365319.951], [474619.276, 5365326.123], [474622.219, 5365332.602]]}, "properties": {"name": "Ivy Place", "highway": "residential", "osm_id": 86578610, "alt_name": null, "old_name": null, "official_name": null}}, {"type": "Feature", "geometry": {"type": "LineString", "coordinates": [[474526.633, 5365334.02], [474534.813, 5365338.919], [474586.524, 5365369.921]]}, "properties": {"name": "Hespler Place", "highway": "residential", "osm_id": 86578613, "alt_name": null, "old_name": null, "official_name": null}}, {"type": "Feature", "geometry": {"type": "LineString", "coordinates": [[474462.72, 5365915.079], [474448.635, 5365945.343]]}, "properties": {"name": "Oswald Road", "highway": "residential", "osm_id": 86578884, "alt_name": null, "old_name": null, "official_name": null}}, {"type": "Feature", "geometry": {"type": "LineString", "coordinates": [[474193.235, 5366201.239], [474185.39, 5366212.802], [474175.846, 5366218.37], [474165.819, 5366221.55], [474156.261, 5366222.483], [474144.554, 5366222.214], [474124.826, 5366219.159], [474121.983, 5366218.56], [474113.227, 5366216.711]]}, "properties": {"name": "Merritt Place", "highway": "residential", "osm_id": 86579480, "alt_name": null, "old_name": null, "official_name": null}}, {"type": "Feature", "geometry": {"type": "LineString", "coordinates": [[474047.88, 5365829.762], [474043.219, 5365824.348], [474041.408, 5365787.586], [474036.4, 5365775.826], [474032.505, 5365773.11], [474026.096, 5365772.105], [474016.1, 5365772.785], [474008.488, 5365770.741], [474000.875, 5365766.874], [473991.558, 5365758.992], [473983.007, 5365749.005]]}, "properties": {"name": "Arthur Avenue", "highway": "residential", "osm_id": 86579482, "alt_name": null, "old_name": null, "official_name": null}}, {"type": "Feature", "geometry": {"type": "LineString", "coordinates": [[473469.559, 5365864.289], [473477.135, 5365822.281]]}, "properties": {"name": "Josette Place", "highway": "residential", "osm_id": 86579483, "alt_name": null, "old_name": null, "official_name": null}}, {"type": "Feature", "geometry": {"type": "LineString", "coordinates": [[473271.492, 5365449.261], [473268.493, 5365517.281], [473268.359, 5365520.261], [473268.092, 5365526.298]]}, "properties": {"name": "Gillie Place", "highway": "residential", "osm_id": 86579484, "alt_name": null, "old_name": null, "official_name": null}}, {"type": "Feature", "geometry": {"type": "LineString", "coordinates": [[473921.007, 5365996.791], [473916.074, 5366000.015], [473914.565, 5366003.012], [473911.238, 5366009.608], [473901.668, 5366067.176], [473899.658, 5366078.834], [473897.841, 5366087.291], [473888.647, 5366130.017], [473882.1, 5366169.719], [473866.898, 5366259.737], [473854.603, 5366311.56]]}, "properties": {"name": "Highview Street", "highway": "residential", "osm_id": 86579486, "alt_name": null, "old_name": null, "official_name": null}}, {"type": "Feature", "geometry": {"type": "LineString", "coordinates": [[473415.647, 5365854.616], [473469.559, 5365864.289], [473464.047, 5365895.317]]}, "properties": {"name": "Josette Place", "highway": "residential", "osm_id": 86579487, "alt_name": null, "old_name": null, "official_name": null}}, {"type": "Feature", "geometry": {"type": "LineString", "coordinates": [[474175.218, 5365855.313], [474164.435, 5365850.16], [474086.765, 5365834.586], [474056.683, 5365833.535], [474047.88, 5365829.762]]}, "properties": {"name": "Summit Avenue", "highway": "residential", "osm_id": 86579488, "alt_name": null, "old_name": null, "official_name": null}}, {"type": "Feature", "geometry": {"type": "LineString", "coordinates": [[474138.675, 5366082.917], [474186.672, 5366091.758], [474212.422, 5366093.641]]}, "properties": {"name": "Tovido Lane", "highway": "service", "osm_id": 86579492, "alt_name": null, "old_name": null, "official_name": null}}, {"type": "Feature", "geometry": {"type": "LineString", "coordinates": [[474327.876, 5365753.689], [474302.344, 5365761.108], [474289.17, 5365765.225], [474279.28, 5365771.294], [474274.74, 5365776.361], [474271.204, 5365784.192], [474271.648, 5365794.172], [474276.77, 5365830.941]]}, "properties": {"name": "Hibberson Crescent", "highway": "service", "osm_id": 86579494, "alt_name": null, "old_name": null, "official_name": null}}, {"type": "Feature", "geometry": {"type": "LineString", "coordinates": [[474248.455, 5366101.258], [474316.032, 5366099.862], [474322.106, 5366102.302], [474327.739, 5366137.746], [474333.297, 5366141.878], [474347.016, 5366143.928]]}, "properties": {"name": "Twin Oaks Lane", "highway": "service", "osm_id": 86579495, "alt_name": null, "old_name": null, "official_name": null}}, {"type": "Feature", "geometry": {"type": "LineString", "coordinates": [[473074.883, 5366184.983], [473072.568, 5366191.208], [473068.633, 5366211.168], [473067.096, 5366219.29]]}, "properties": {"name": "Yew Street", "highway": "residential", "osm_id": 86579633, "alt_name": null, "old_name": null, "official_name": null}}, {"type": "Feature", "geometry": {"type": "LineString", "coordinates": [[472870.262, 5365770.234], [472895.993, 5365770.833]]}, "properties": {"name": "Redbrick Street", "highway": "unclassified", "osm_id": 86579635, "alt_name": null, "old_name": null, "official_name": null}}, {"type": "Feature", "geometry": {"type": "LineString", "coordinates": [[471415.11, 5365888.772], [471408.0, 5365875.013], [471430.539, 5365859.949]]}, "properties": {"name": "Chown Place", "highway": "residential", "osm_id": 86579822, "alt_name": null, "old_name": null, "official_name": null}}, {"type": "Feature", "geometry": {"type": "LineString", "coordinates": [[471415.11, 5365888.772], [471430.622, 5365911.459]]}, "properties": {"name": "Chown Place", "highway": "residential", "osm_id": 86579823, "alt_name": null, "old_name": null, "official_name": null}}, {"type": "Feature", "geometry": {"type": "LineString", "coordinates": [[471318.569, 5365680.852], [471314.399, 5365675.16], [471311.845, 5365671.671], [471271.778, 5365616.852], [471238.585, 5365571.446]]}, "properties": {"name": "Irma Street", "highway": "residential", "osm_id": 86579824, "alt_name": null, "old_name": null, "official_name": null}}, {"type": "Feature", "geometry": {"type": "LineString", "coordinates": [[471232.097, 5365508.386], [471220.248, 5365541.738], [471219.14, 5365544.856], [471216.443, 5365546.781], [471183.6, 5365570.225], [471085.027, 5365640.589], [471083.553, 5365641.642], [471080.506, 5365644.469], [471079.255, 5365648.722]]}, "properties": {"name": "Lotus Street", "highway": "residential", "osm_id": 86579825, "alt_name": null, "old_name": null, "official_name": null}}, {"type": "Feature", "geometry": {"type": "LineString", "coordinates": [[471294.297, 5365958.089], [471302.33, 5365952.458], [471330.863, 5365932.46], [471338.983, 5365926.772]]}, "properties": {"name": "Chown Place", "highway": "residential", "osm_id": 86579826, "alt_name": null, "old_name": null, "official_name": null}}, {"type": "Feature", "geometry": {"type": "LineString", "coordinates": [[471291.288, 5365685.414], [471295.23, 5365695.632], [471296.733, 5365698.87], [471319.98, 5365749.051], [471324.689, 5365770.736], [471325.209, 5365785.806], [471324.453, 5365811.765]]}, "properties": {"name": "Irma Street", "highway": "residential", "osm_id": 86579827, "alt_name": null, "old_name": null, "official_name": null}}, {"type": "Feature", "geometry": {"type": "LineString", "coordinates": [[471236.053, 5364449.463], [471237.813, 5364498.874]]}, "properties": {"name": "William Street", "highway": "residential", "osm_id": 86683715, "alt_name": null, "old_name": null, "official_name": null}}, {"type": "Feature", "geometry": {"type": "LineString", "coordinates": [[470789.89, 5364278.063], [470822.67, 5364277.016], [470835.456, 5364270.581], [470883.573, 5364243.967]]}, "properties": {"name": "Sea Terrace", "highway": "residential", "osm_id": 86683738, "alt_name": null, "old_name": null, "official_name": null}}, {"type": "Feature", "geometry": {"type": "LineString", "coordinates": [[473261.082, 5365562.712], [473246.282, 5365650.029]]}, "properties": {"name": "Glasgow Street", "highway": "residential", "osm_id": 86701369, "alt_name": null, "old_name": null, "official_name": null}}, {"type": "Feature", "geometry": {"type": "LineString", "coordinates": [[473944.161, 5364709.225], [473938.834, 5364649.603], [473930.145, 5364552.07], [473922.398, 5364468.027], [473921.651, 5364459.927], [473913.323, 5364366.95], [473899.149, 5364214.298], [473898.388, 5364206.343], [473897.842, 5364200.254], [473889.778, 5364113.567], [473888.961, 5364104.778]]}, "properties": {"name": "Cook Street", "highway": "secondary", "osm_id": 86705435, "alt_name": null, "old_name": null, "official_name": null}}, {"type": "Feature", "geometry": {"type": "LineString", "coordinates": [[473782.901, 5365269.487], [473784.618, 5365260.108], [473822.001, 5365055.974]]}, "properties": {"name": "Bakery Mews", "highway": "residential", "osm_id": 86705437, "alt_name": null, "old_name": null, "official_name": null}}, {"type": "Feature", "geometry": {"type": "LineString", "coordinates": [[473918.936, 5364880.656], [473915.864, 5364877.013], [473914.064, 5364874.876], [473912.851, 5364871.658], [473933.23, 5364762.686]]}, "properties": {"name": "Blackwood Street", "highway": "residential", "osm_id": 86705442, "alt_name": null, "old_name": null, "official_name": null}}, {"type": "Feature", "geometry": {"type": "LineString", "coordinates": [[474073.511, 5365101.003], [474070.433, 5365107.131], [474070.367, 5365116.89], [474070.26, 5365127.595], [474047.136, 5365213.881], [474045.668, 5365224.359], [474046.029, 5365230.571], [474047.997, 5365237.186], [474052.21, 5365242.981], [474058.193, 5365247.688], [474068.894, 5365252.297], [474074.142, 5365253.351], [474077.414, 5365254.003], [474127.272, 5365263.968], [474132.095, 5365270.46], [474136.734, 5365285.623], [474145.912, 5365293.617], [474157.246, 5365297.467], [474168.67, 5365303.34]]}, "properties": {"name": "Hayward Heights", "highway": "service", "osm_id": 86705445, "alt_name": null, "old_name": null, "official_name": null}}, {"type": "Feature", "geometry": {"type": "LineString", "coordinates": [[474415.746, 5365065.522], [474425.597, 5365062.02], [474480.83, 5365059.837], [474481.768, 5365059.577], [474492.213, 5365056.673], [474499.238, 5365056.419], [474535.437, 5365055.123], [474562.679, 5365055.289], [474583.539, 5365055.929], [474591.3, 5365056.461], [474620.382, 5365057.876], [474629.611, 5365059.168], [474638.004, 5365060.42], [474647.842, 5365060.721], [474676.801, 5365059.591], [474689.53, 5365058.078], [474787.926, 5365053.737], [474867.319, 5365052.295]]}, "properties": {"name": "Kings Road", "highway": "residential", "osm_id": 86705452, "alt_name": null, "old_name": null, "official_name": null}}, {"type": "Feature", "geometry": {"type": "LineString", "coordinates": [[474055.062, 5364354.394], [474053.749, 5364340.484], [474045.692, 5364256.309], [474033.493, 5364249.773]]}, "properties": {"name": "Cameron Street", "highway": "residential", "osm_id": 86710120, "alt_name": null, "old_name": null, "official_name": null}}, {"type": "Feature", "geometry": {"type": "LineString", "coordinates": [[475043.481, 5362330.549], [475036.119, 5362327.525], [474994.49, 5362324.73], [474931.194, 5362333.557]]}, "properties": {"name": "Earle Place", "highway": "residential", "osm_id": 86719738, "alt_name": null, "old_name": null, "official_name": null}}, {"type": "Feature", "geometry": {"type": "LineString", "coordinates": [[474127.227, 5361540.26], [474028.385, 5361555.695]]}, "properties": {"name": "Point Street", "highway": "residential", "osm_id": 86721949, "alt_name": null, "old_name": null, "official_name": null}}, {"type": "Feature", "geometry": {"type": "LineString", "coordinates": [[471513.186, 5362867.437], [471510.719, 5362871.151], [471511.561, 5362875.26], [471535.67, 5362908.186], [471571.632, 5362957.303], [471628.607, 5363036.083], [471633.707, 5363042.405]]}, "properties": {"name": "Saint Lawrence Street", "highway": "residential", "osm_id": 86743604, "alt_name": null, "old_name": null, "official_name": null}}, {"type": "Feature", "geometry": {"type": "LineString", "coordinates": [[473448.945, 5362724.406], [473455.319, 5362718.674], [473555.309, 5362701.833], [473548.862, 5362663.348], [473547.226, 5362653.596]]}, "properties": {"name": "Harling Lane", "highway": "service", "osm_id": 86743609, "alt_name": null, "old_name": null, "official_name": null}}, {"type": "Feature", "geometry": {"type": "LineString", "coordinates": [[472332.216, 5362536.347], [472337.588, 5362546.825], [472338.372, 5362548.366], [472338.738, 5362549.098], [472349.251, 5362577.425], [472363.28, 5362615.227], [472379.664, 5362659.621], [472386.385, 5362678.307], [472395.003, 5362702.253], [472398.719, 5362711.505], [472401.291, 5362718.629], [472407.044, 5362734.529], [472417.666, 5362762.6], [472424.618, 5362781.752], [472441.046, 5362824.69], [472441.938, 5362827.053], [472444.344, 5362833.399]]}, "properties": {"name": "Menzies Street", "highway": "tertiary", "osm_id": 86743610, "alt_name": null, "old_name": null, "official_name": null}}, {"type": "Feature", "geometry": {"type": "LineString", "coordinates": [[475915.001, 5362552.436], [475908.278, 5362626.328], [475910.54, 5362629.342], [475923.799, 5362630.964]]}, "properties": {"name": "Chadwick Place", "highway": "residential", "osm_id": 87838416, "alt_name": null, "old_name": null, "official_name": null}}, {"type": "Feature", "geometry": {"type": "LineString", "coordinates": [[475631.577, 5365942.063], [475644.045, 5365942.142], [475716.047, 5365941.155]]}, "properties": {"name": "Lansdowne Road", "highway": "tertiary", "osm_id": 88626051, "alt_name": null, "old_name": null, "official_name": null}}, {"type": "Feature", "geometry": {"type": "LineString", "coordinates": [[475541.93, 5365943.205], [475552.667, 5365943.07], [475631.577, 5365942.063]]}, "properties": {"name": "Lansdowne Road", "highway": "tertiary", "osm_id": 88626056, "alt_name": null, "old_name": null, "official_name": null}}, {"type": "Feature", "geometry": {"type": "LineString", "coordinates": [[475451.486, 5365934.248], [475457.194, 5365935.657], [475476.19, 5365940.344], [475491.199, 5365943.024], [475505.689, 5365943.651], [475541.93, 5365943.205]]}, "properties": {"name": "Lansdowne Road", "highway": "tertiary", "osm_id": 88626058, "alt_name": null, "old_name": null, "official_name": null}}, {"type": "Feature", "geometry": {"type": "LineString", "coordinates": [[474444.723, 5364302.903], [474445.103, 5364308.492], [474396.794, 5364313.857], [474372.39, 5364317.024], [474371.161, 5364316.841], [474332.062, 5364320.864], [474313.847, 5364323.325], [474294.16, 5364325.982], [474289.716, 5364326.447], [474231.912, 5364332.545], [474141.082, 5364342.485], [474129.865, 5364345.171], [474123.275, 5364346.902], [474055.062, 5364354.394], [473925.34, 5364366.339], [473913.323, 5364366.95], [473903.466, 5364367.829], [473846.057, 5364372.807], [473838.36, 5364373.476], [473759.904, 5364381.298], [473710.455, 5364386.229], [473709.139, 5364386.357], [473701.294, 5364387.172]]}, "properties": {"name": "Pembroke Street", "highway": "residential", "osm_id": 89328267, "alt_name": null, "old_name": null, "official_name": null}}, {"type": "Feature", "geometry": {"type": "LineString", "coordinates": [[472970.667, 5365470.731], [472972.06, 5365463.51], [472972.507, 5365461.285], [473008.151, 5365257.164]]}, "properties": {"name": "Nanaimo Street", "highway": "unclassified", "osm_id": 89335690, "alt_name": null, "old_name": null, "official_name": null}}, {"type": "Feature", "geometry": {"type": "LineString", "coordinates": [[473723.322, 5365776.97], [473714.439, 5365830.989], [473713.504, 5365839.82]]}, "properties": {"name": "Blackwood Street", "highway": "residential", "osm_id": 90185826, "alt_name": null, "old_name": null, "official_name": null}}, {"type": "Feature", "geometry": {"type": "LineString", "coordinates": [[472877.618, 5364090.966], [472857.149, 5364090.898], [472853.657, 5364090.826], [472845.046, 5364090.778]]}, "properties": {"name": "Fisgard Street", "highway": "tertiary", "osm_id": 94692868, "alt_name": null, "old_name": null, "official_name": null}}, {"type": "Feature", "geometry": {"type": "LineString", "coordinates": [[472847.051, 5363993.551], [472834.784, 5363994.877], [472830.472, 5363995.12], [472783.568, 5363994.489], [472754.499, 5363993.906], [472740.354, 5363993.741], [472737.173, 5363993.701], [472730.33, 5363993.678], [472692.74, 5363993.337]]}, "properties": {"name": "Pandora Avenue", "highway": "secondary", "osm_id": 94692870, "alt_name": null, "old_name": null, "official_name": null}}, {"type": "Feature", "geometry": {"type": "LineString", "coordinates": [[472845.046, 5364090.778], [472845.154, 5364081.007], [472845.575, 5364043.834], [472846.704, 5364009.148], [472846.794, 5364006.368], [472847.033, 5364000.654]]}, "properties": {"name": "Government Street", "highway": "secondary", "osm_id": 94692871, "alt_name": null, "old_name": null, "official_name": null}}, {"type": "Feature", "geometry": {"type": "LineString", "coordinates": [[472847.051, 5363993.551], [472846.694, 5363983.904], [472846.619, 5363982.282], [472846.364, 5363979.893], [472844.899, 5363966.039]]}, "properties": {"name": "Government Street", "highway": "secondary", "osm_id": 94692874, "alt_name": null, "old_name": null, "official_name": null}}, {"type": "Feature", "geometry": {"type": "LineString", "coordinates": [[472879.597, 5363985.092], [472866.622, 5363989.756], [472860.732, 5363991.095], [472857.052, 5363991.936], [472847.051, 5363993.551]]}, "properties": {"name": "Pandora Avenue", "highway": "secondary", "osm_id": 94692876, "alt_name": null, "old_name": null, "official_name": null}}, {"type": "Feature", "geometry": {"type": "LineString", "coordinates": [[472845.046, 5364090.778], [472838.18, 5364090.611], [472837.751, 5364090.602], [472833.586, 5364090.499], [472782.329, 5364089.234], [472747.728, 5364088.789], [472738.666, 5364088.677], [472731.179, 5364088.679], [472694.485, 5364088.245], [472666.446, 5364087.78], [472657.568, 5364087.634]]}, "properties": {"name": "Fisgard Street", "highway": "tertiary", "osm_id": 94692877, "alt_name": null, "old_name": null, "official_name": null}}, {"type": "Feature", "geometry": {"type": "LineString", "coordinates": [[472734.36, 5363907.201], [472742.154, 5363904.963], [472752.779, 5363903.822], [472753.86, 5363910.253], [472746.55, 5363911.478], [472750.205, 5363933.247], [472746.214, 5363934.022], [472745.294, 5363930.369], [472742.397, 5363930.917], [472737.961, 5363939.152], [472734.55, 5363939.124], [472734.365, 5363965.102], [472722.417, 5363964.938], [472707.471, 5363964.532], [472691.573, 5363964.508], [472690.449, 5363964.503], [472690.427, 5363966.092], [472687.253, 5363966.085], [472687.25, 5363966.997], [472684.986, 5363966.997], [472684.984, 5363952.713], [472683.873, 5363933.988], [472708.32, 5363928.88], [472718.151, 5363927.143], [472719.59, 5363934.172], [472738.726, 5363930.623], [472734.36, 5363907.201]]}, "properties": {"name": "Market Square", "highway": "pedestrian", "osm_id": 95037244, "alt_name": null, "old_name": null, "official_name": null}}, {"type": "Feature", "geometry": {"type": "LineString", "coordinates": [[472956.55, 5363480.218], [472943.759, 5363488.094], [472942.741, 5363488.699], [472931.646, 5363492.342], [472880.722, 5363499.922], [472875.865, 5363500.645], [472866.979, 5363502.111], [472833.55, 5363507.595], [472785.355, 5363514.852], [472781.829, 5363515.38], [472773.075, 5363516.7]]}, "properties": {"name": "Broughton Street", "highway": "tertiary", "osm_id": 95305092, "alt_name": null, "old_name": null, "official_name": null}}, {"type": "Feature", "geometry": {"type": "LineString", "coordinates": [[472631.119, 5363817.64], [472626.367, 5363820.042], [472621.105, 5363822.813], [472617.199, 5363825.855], [472614.879, 5363829.468], [472612.597, 5363834.825], [472609.397, 5363846.19]]}, "properties": {"name": "Yates Street", "highway": "secondary", "osm_id": 95305100, "alt_name": null, "old_name": null, "official_name": null}}, {"type": "Feature", "geometry": {"type": "LineString", "coordinates": [[472631.119, 5363817.64], [472617.631, 5363815.76], [472614.47, 5363815.319], [472611.766, 5363814.565], [472608.21, 5363811.893]]}, "properties": {"name": "Yates Street", "highway": "secondary", "osm_id": 95305103, "alt_name": null, "old_name": null, "official_name": null}}, {"type": "Feature", "geometry": {"type": "LineString", "coordinates": [[472565.098, 5363137.226], [472569.542, 5363136.76], [472679.961, 5363124.099]]}, "properties": {"name": "Belleville Street", "highway": "secondary", "osm_id": 95490224, "alt_name": null, "old_name": null, "official_name": null}}, {"type": "Feature", "geometry": {"type": "LineString", "coordinates": [[472749.571, 5363356.681], [472749.888, 5363364.172], [472750.937, 5363374.715]]}, "properties": {"name": "Government Street", "highway": "secondary", "osm_id": 95490231, "alt_name": null, "old_name": null, "official_name": null}}, {"type": "Feature", "geometry": {"type": "LineString", "coordinates": [[473554.596, 5363219.769], [473566.869, 5363217.766], [473568.828, 5363217.468], [473666.873, 5363200.905], [473676.04, 5363199.373], [473713.56, 5363193.074], [473721.847, 5363191.68], [473767.477, 5363184.021], [473814.497, 5363176.145], [474019.3, 5363141.844]]}, "properties": {"name": "Burdett Avenue", "highway": "residential", "osm_id": 106048841, "alt_name": null, "old_name": null, "official_name": null}}, {"type": "Feature", "geometry": {"type": "LineString", "coordinates": [[473137.324, 5363263.659], [473127.951, 5363263.826], [473121.115, 5363263.948], [473111.356, 5363268.618], [473101.88, 5363272.009], [473095.304, 5363273.83], [473089.913, 5363274.467]]}, "properties": {"name": "Burdett Avenue", "highway": "unclassified", "osm_id": 106048842, "alt_name": null, "old_name": null, "official_name": null}}, {"type": "Feature", "geometry": {"type": "LineString", "coordinates": [[473145.368, 5363313.964], [473148.829, 5363333.967], [473150.495, 5363343.585], [473157.397, 5363385.592], [473165.038, 5363427.417], [473166.469, 5363435.936], [473168.05, 5363444.676], [473180.867, 5363517.156], [473182.252, 5363525.364]]}, "properties": {"name": "Blanshard Street", "highway": "primary", "osm_id": 106048843, "alt_name": null, "old_name": null, "official_name": null}}, {"type": "Feature", "geometry": {"type": "LineString", "coordinates": [[476108.107, 5363186.174], [476111.122, 5363181.671], [476113.434, 5363179.026], [476116.009, 5363177.337], [476119.542, 5363176.544], [476144.777, 5363175.927], [476149.289, 5363175.663], [476152.611, 5363173.959], [476154.439, 5363172.329], [476156.061, 5363169.254], [476156.798, 5363166.772], [476157.572, 5363162.423], [476158.485, 5363156.128], [476159.61, 5363152.666], [476160.946, 5363150.182], [476163.014, 5363147.605], [476167.513, 5363144.174], [476172.71, 5363141.429], [476180.876, 5363137.382]]}, "properties": {"name": "Edgecliffe Place", "highway": "residential", "osm_id": 114359355, "alt_name": null, "old_name": null, "official_name": null}}, {"type": "Feature", "geometry": {"type": "LineString", "coordinates": [[476333.792, 5363167.153], [476333.821, 5363182.726], [476330.401, 5363194.889], [476317.272, 5363204.548], [476284.441, 5363209.087]]}, "properties": {"name": "Falkland Place", "highway": "residential", "osm_id": 114359356, "alt_name": null, "old_name": null, "official_name": null}}, {"type": "Feature", "geometry": {"type": "LineString", "coordinates": [[476435.229, 5363257.956], [476418.116, 5363257.794], [476403.089, 5363257.856], [476389.826, 5363260.246], [476384.775, 5363264.357], [476379.918, 5363270.602], [476373.304, 5363275.888], [476364.729, 5363277.668], [476351.079, 5363279.482], [476329.03, 5363281.13], [476316.74, 5363282.537], [476307.775, 5363284.909]]}, "properties": {"name": "Windsor Road", "highway": "residential", "osm_id": 114359357, "alt_name": null, "old_name": null, "official_name": null}}, {"type": "Feature", "geometry": {"type": "LineString", "coordinates": [[474741.75, 5366432.728], [474744.971, 5366428.801], [474746.971, 5366426.357], [474749.646, 5366419.32], [474747.397, 5366223.473], [474743.257, 5366200.382]]}, "properties": {"name": "Doncaster Drive", "highway": "residential", "osm_id": 121731017, "alt_name": null, "old_name": null, "official_name": null}}, {"type": "Feature", "geometry": {"type": "LineString", "coordinates": [[472963.523, 5362933.552], [472978.308, 5362955.601], [473011.598, 5363005.685], [473021.897, 5363021.187]]}, "properties": {"name": "Blanshard Street", "highway": "secondary", "osm_id": 127298251, "alt_name": null, "old_name": null, "official_name": null}}, {"type": "Feature", "geometry": {"type": "LineString", "coordinates": [[470943.046, 5365215.34], [470928.795, 5365222.894]]}, "properties": {"name": "Craigflower Road", "highway": "secondary", "osm_id": 130046662, "alt_name": null, "old_name": null, "official_name": null}}, {"type": "Feature", "geometry": {"type": "LineString", "coordinates": [[471054.407, 5365158.369], [471033.051, 5365169.349], [470943.046, 5365215.34]]}, "properties": {"name": "Craigflower Road", "highway": "secondary", "osm_id": 132271827, "alt_name": null, "old_name": null, "official_name": null}}, {"type": "Feature", "geometry": {"type": "LineString", "coordinates": [[472285.94, 5363955.674], [472265.768, 5363958.951], [472237.39, 5363963.548], [472225.207, 5363965.319]]}, "properties": {"name": "Esquimalt Road", "highway": "secondary", "osm_id": 132271828, "alt_name": null, "old_name": null, "official_name": null}}, {"type": "Feature", "geometry": {"type": "LineString", "coordinates": [[470483.082, 5364311.823], [470476.881, 5364308.72], [470456.761, 5364298.877], [470442.453, 5364291.448]]}, "properties": {"name": "Esquimalt Road", "highway": "secondary", "osm_id": 132271829, "alt_name": null, "old_name": null, "official_name": null}}, {"type": "Feature", "geometry": {"type": "LineString", "coordinates": [[470699.347, 5364384.097], [470624.941, 5364367.575], [470603.96, 5364362.915], [470598.221, 5364361.645], [470590.177, 5364359.597], [470583.524, 5364357.63], [470579.62, 5364356.494], [470575.456, 5364355.327], [470567.733, 5364352.443]]}, "properties": {"name": "Esquimalt Road", "highway": "secondary", "osm_id": 132271830, "alt_name": null, "old_name": null, "official_name": null}}, {"type": "Feature", "geometry": {"type": "LineString", "coordinates": [[473488.38, 5364407.628], [473480.494, 5364326.821], [473472.776, 5364244.134], [473463.468, 5364145.815], [473456.403, 5364066.716], [473455.872, 5364059.26], [473454.63, 5364046.85], [473453.851, 5364038.406], [473453.338, 5364033.028], [473449.596, 5363993.93], [473445.735, 5363949.908], [473444.275, 5363935.142], [473441.45, 5363905.365], [473441.407, 5363902.442], [473441.271, 5363895.429], [473441.55, 5363891.915], [473442.042, 5363886.31], [473443.205, 5363877.323]]}, "properties": {"name": "Quadra Street", "highway": "secondary", "osm_id": 132296459, "alt_name": null, "old_name": null, "official_name": null}}, {"type": "Feature", "geometry": {"type": "LineString", "coordinates": [[473268.872, 5366102.03], [473292.63, 5365977.745], [473294.41, 5365967.888]]}, "properties": {"name": "Quadra Street", "highway": "secondary", "osm_id": 132296460, "alt_name": null, "old_name": null, "official_name": null}}, {"type": "Feature", "geometry": {"type": "LineString", "coordinates": [[473331.67, 5365764.362], [473342.175, 5365705.544], [473342.644, 5365702.93], [473372.066, 5365546.283], [473408.831, 5365343.416]]}, "properties": {"name": "Quadra Street", "highway": "secondary", "osm_id": 132296461, "alt_name": null, "old_name": null, "official_name": null}}, {"type": "Feature", "geometry": {"type": "LineString", "coordinates": [[473408.831, 5365343.416], [473416.252, 5365306.21]]}, "properties": {"name": "Quadra Street", "highway": "secondary", "osm_id": 132296462, "alt_name": null, "old_name": null, "official_name": null}}, {"type": "Feature", "geometry": {"type": "LineString", "coordinates": [[473570.382, 5362286.061], [473561.485, 5362257.047], [473559.315, 5362247.075], [473558.542, 5362241.588]]}, "properties": {"name": "Cook Street", "highway": "secondary", "osm_id": 132309715, "alt_name": null, "old_name": null, "official_name": null}}, {"type": "Feature", "geometry": {"type": "LineString", "coordinates": [[473546.147, 5362075.045], [473537.294, 5361969.999], [473528.67, 5361866.453], [473515.958, 5361710.116], [473515.754, 5361707.605], [473515.465, 5361697.947]]}, "properties": {"name": "Cook Street", "highway": "secondary", "osm_id": 132309716, "alt_name": null, "old_name": null, "official_name": null}}, {"type": "Feature", "geometry": {"type": "LineString", "coordinates": [[473652.063, 5362536.038], [473639.727, 5362496.246], [473636.324, 5362486.913], [473621.448, 5362441.62], [473607.193, 5362396.546], [473603.873, 5362386.046], [473593.253, 5362356.995], [473570.382, 5362286.061]]}, "properties": {"name": "Cook Street", "highway": "secondary", "osm_id": 132309718, "alt_name": null, "old_name": null, "official_name": null}}, {"type": "Feature", "geometry": {"type": "LineString", "coordinates": [[475362.55, 5364420.775], [475621.747, 5364402.169], [475632.24, 5364401.412]]}, "properties": {"name": "Denman Street", "highway": "residential", "osm_id": 132309719, "alt_name": null, "old_name": null, "official_name": null}}, {"type": "Feature", "geometry": {"type": "LineString", "coordinates": [[475329.966, 5365040.601], [475325.973, 5365040.763], [475233.95, 5365044.589]]}, "properties": {"name": "Kings Road", "highway": "residential", "osm_id": 132309720, "alt_name": null, "old_name": null, "official_name": null}}, {"type": "Feature", "geometry": {"type": "LineString", "coordinates": [[475329.966, 5365040.601], [475329.804, 5365032.377], [475328.81, 5364982.283], [475328.023, 5364942.615], [475327.492, 5364915.728], [475327.34, 5364908.215], [475327.245, 5364894.721], [475327.204, 5364888.83], [475326.709, 5364819.237]]}, "properties": {"name": "Shelbourne Street", "highway": "secondary", "osm_id": 132309722, "alt_name": null, "old_name": null, "official_name": null}}, {"type": "Feature", "geometry": {"type": "LineString", "coordinates": [[475362.55, 5364420.775], [475373.44, 5364383.535], [475376.101, 5364362.67], [475376.437, 5364341.305]]}, "properties": {"name": "Shelbourne Street", "highway": "secondary", "osm_id": 132309723, "alt_name": null, "old_name": null, "official_name": null}}, {"type": "Feature", "geometry": {"type": "LineString", "coordinates": [[474666.144, 5363435.413], [474621.952, 5363534.251]]}, "properties": {"name": "Carberry Gardens", "highway": "residential", "osm_id": 132378744, "alt_name": null, "old_name": null, "official_name": null}}, {"type": "Feature", "geometry": {"type": "LineString", "coordinates": [[475472.67, 5362058.145], [475463.35, 5362050.605]]}, "properties": {"name": "Ross Street", "highway": "secondary", "osm_id": 132378745, "alt_name": null, "old_name": null, "official_name": null}}, {"type": "Feature", "geometry": {"type": "LineString", "coordinates": [[476167.157, 5363603.171], [476173.45, 5363593.719], [476187.609, 5363565.281], [476192.474, 5363536.293], [476191.163, 5363500.818], [476190.532, 5363493.295], [476189.661, 5363474.436], [476187.845, 5363459.526], [476185.153, 5363443.898], [476165.261, 5363386.314], [476161.136, 5363373.17], [476158.49, 5363357.753], [476156.949, 5363344.999], [476153.764, 5363319.68], [476151.822, 5363304.56], [476150.419, 5363291.205], [476149.039, 5363256.83], [476148.107, 5363248.086], [476146.518, 5363236.266], [476144.098, 5363227.428], [476138.596, 5363215.724], [476133.16, 5363209.067], [476127.974, 5363202.219], [476126.125, 5363200.671], [476119.012, 5363194.687], [476108.107, 5363186.174], [476103.973, 5363182.923], [476099.239, 5363178.053], [476093.309, 5363171.942], [476088.827, 5363167.114], [476081.741, 5363157.051], [476079.089, 5363152.761], [476077.037, 5363148.657], [476075.631, 5363143.372], [476074.707, 5363136.55], [476074.091, 5363130.817], [476073.666, 5363124.828], [476073.573, 5363122.116]]}, "properties": {"name": "Foul Bay Road", "highway": "tertiary", "osm_id": 132378747, "alt_name": null, "old_name": null, "official_name": null}}, {"type": "Feature", "geometry": {"type": "LineString", "coordinates": [[476444.882, 5366300.379], [476424.178, 5366282.869], [476370.871, 5366222.889], [476308.866, 5366154.142], [476284.973, 5366127.576], [476279.543, 5366121.785], [476266.457, 5366106.634], [476246.002, 5366083.454], [476230.173, 5366063.179], [476225.396, 5366056.23]]}, "properties": {"name": "Foul Bay Road", "highway": "secondary", "osm_id": 132378749, "alt_name": null, "old_name": null, "official_name": null}}, {"type": "Feature", "geometry": {"type": "LineString", "coordinates": [[475688.49, 5364805.212], [475517.695, 5364810.349], [475375.218, 5364814.646], [475332.091, 5364818.724], [475326.709, 5364819.237]]}, "properties": {"name": "Haultain Street", "highway": "residential", "osm_id": 132378750, "alt_name": null, "old_name": null, "official_name": null}}, {"type": "Feature", "geometry": {"type": "LineString", "coordinates": [[475870.374, 5363751.275], [475809.564, 5363751.679], [475769.689, 5363751.772], [475739.677, 5363752.211], [475723.114, 5363752.249], [475717.077, 5363752.264], [475669.481, 5363752.823], [475647.574, 5363752.573], [475569.522, 5363753.62]]}, "properties": {"name": "Oak Bay Avenue", "highway": "secondary", "osm_id": 132378754, "alt_name": null, "old_name": null, "official_name": null}}, {"type": "Feature", "geometry": {"type": "LineString", "coordinates": [[475688.49, 5364805.212], [475687.231, 5364796.247], [475675.687, 5364726.079]]}, "properties": {"name": "Richmond Road", "highway": "secondary", "osm_id": 132378757, "alt_name": null, "old_name": null, "official_name": null}}, {"type": "Feature", "geometry": {"type": "LineString", "coordinates": [[475410.844, 5362974.781], [475414.644, 5362958.57], [475442.38, 5362869.236], [475470.544, 5362779.333], [475473.865, 5362768.737], [475476.58, 5362759.888], [475505.597, 5362665.191], [475542.025, 5362543.552], [475545.977, 5362533.386]]}, "properties": {"name": "Richmond Avenue", "highway": "secondary", "osm_id": 132378759, "alt_name": null, "old_name": null, "official_name": null}}, {"type": "Feature", "geometry": {"type": "LineString", "coordinates": [[472899.036, 5363972.193], [472879.597, 5363985.092]]}, "properties": {"name": "Pandora Avenue", "highway": "secondary", "osm_id": 132894560, "alt_name": null, "old_name": null, "official_name": null}}, {"type": "Feature", "geometry": {"type": "LineString", "coordinates": [[472907.286, 5363763.769], [472906.3, 5363757.093], [472897.415, 5363696.822], [472895.154, 5363675.624], [472893.959, 5363667.182]]}, "properties": {"name": "Broad Street", "highway": "unclassified", "osm_id": 132896001, "alt_name": null, "old_name": null, "official_name": null}}, {"type": "Feature", "geometry": {"type": "LineString", "coordinates": [[472815.303, 5363781.428], [472817.001, 5363791.601], [472818.191, 5363799.077]]}, "properties": {"name": "Government Street", "highway": "secondary", "osm_id": 132896002, "alt_name": null, "old_name": null, "official_name": null}}, {"type": "Feature", "geometry": {"type": "LineString", "coordinates": [[472844.899, 5363966.039], [472841.165, 5363940.213]]}, "properties": {"name": "Government Street", "highway": "secondary", "osm_id": 132896003, "alt_name": null, "old_name": null, "official_name": null}}, {"type": "Feature", "geometry": {"type": "LineString", "coordinates": [[472709.465, 5363120.445], [472709.531, 5363111.23], [472709.541, 5363110.151], [472709.511, 5363099.269], [472709.615, 5363056.385], [472710.102, 5363017.733], [472710.106, 5363013.965], [472710.421, 5362973.325]]}, "properties": {"name": "Government Street", "highway": "tertiary", "osm_id": 132896004, "alt_name": null, "old_name": null, "official_name": null}}, {"type": "Feature", "geometry": {"type": "LineString", "coordinates": [[472919.618, 5363294.497], [472908.509, 5363299.952], [472891.443, 5363308.293], [472859.15, 5363324.087], [472806.499, 5363349.827], [472766.719, 5363368.704], [472759.703, 5363371.283], [472750.937, 5363374.715]]}, "properties": {"name": "Humboldt Street", "highway": "tertiary", "osm_id": 132896005, "alt_name": null, "old_name": null, "official_name": null}}, {"type": "Feature", "geometry": {"type": "LineString", "coordinates": [[472658.354, 5364038.91], [472658.487, 5364025.104], [472658.086, 5364013.968], [472657.257, 5364006.268], [472656.97, 5364003.569], [472656.271, 5363999.782], [472653.566, 5363992.636]]}, "properties": {"name": "Store Street", "highway": "tertiary", "osm_id": 132896007, "alt_name": null, "old_name": null, "official_name": null}}, {"type": "Feature", "geometry": {"type": "LineString", "coordinates": [[472652.005, 5363532.867], [472652.257, 5363520.583]]}, "properties": {"name": "Wharf Street", "highway": "secondary", "osm_id": 132896010, "alt_name": null, "old_name": null, "official_name": null}}, {"type": "Feature", "geometry": {"type": "LineString", "coordinates": [[472677.865, 5363419.874], [472681.763, 5363413.586], [472687.442, 5363408.201], [472692.964, 5363404.251], [472701.259, 5363399.854], [472708.747, 5363395.405]]}, "properties": {"name": "Wharf Street", "highway": "secondary", "osm_id": 132896012, "alt_name": null, "old_name": null, "official_name": null}}, {"type": "Feature", "geometry": {"type": "LineString", "coordinates": [[472907.286, 5363763.769], [472900.205, 5363765.126], [472828.001, 5363778.999], [472824.771, 5363779.615], [472815.303, 5363781.428]]}, "properties": {"name": "Yates Street", "highway": "secondary", "osm_id": 132896014, "alt_name": null, "old_name": null, "official_name": null}}, {"type": "Feature", "geometry": {"type": "LineString", "coordinates": [[472799.782, 5363784.537], [472763.707, 5363791.746], [472756.272, 5363793.238], [472734.776, 5363796.899]]}, "properties": {"name": "Yates Street", "highway": "secondary", "osm_id": 132896016, "alt_name": null, "old_name": null, "official_name": null}}, {"type": "Feature", "geometry": {"type": "LineString", "coordinates": [[473040.712, 5364000.54], [473039.855, 5363986.894], [473038.511, 5363961.024], [473037.966, 5363952.167], [473037.862, 5363950.545], [473037.584, 5363944.821], [473036.732, 5363938.323]]}, "properties": {"name": "Douglas Street", "highway": "primary", "osm_id": 132989975, "alt_name": null, "old_name": null, "official_name": null}}, {"type": "Feature", "geometry": {"type": "LineString", "coordinates": [[472101.089, 5365922.154], [472124.154, 5365905.523], [472153.321, 5365884.382], [472194.558, 5365854.489], [472260.505, 5365806.768], [472320.585, 5365763.045]]}, "properties": {"name": "Burnside Road East", "highway": "secondary", "osm_id": 133434836, "alt_name": null, "old_name": null, "official_name": null}}, {"type": "Feature", "geometry": {"type": "LineString", "coordinates": [[470860.85, 5365258.035], [470822.352, 5365279.231], [470803.519, 5365287.432], [470788.989, 5365293.765], [470738.701, 5365307.674], [470736.559, 5365308.186], [470725.998, 5365309.841], [470719.081, 5365310.922], [470687.407, 5365315.865], [470670.284, 5365319.855], [470632.433, 5365328.666], [470621.308, 5365331.247], [470600.983, 5365336.822], [470565.117, 5365346.378], [470554.327, 5365349.236], [470532.445, 5365355.608], [470511.856, 5365362.862], [470468.122, 5365378.285], [470438.925, 5365388.575], [470419.572, 5365396.035], [470400.303, 5365404.083], [470349.664, 5365428.114], [470338.507, 5365435.831]]}, "properties": {"name": "Craigflower Road", "highway": "secondary", "osm_id": 133434837, "alt_name": null, "old_name": null, "official_name": null}}, {"type": "Feature", "geometry": {"type": "LineString", "coordinates": [[470928.795, 5365222.894], [470869.908, 5365253.354], [470860.85, 5365258.035]]}, "properties": {"name": "Craigflower Road", "highway": "secondary", "osm_id": 133434838, "alt_name": null, "old_name": null, "official_name": null}}, {"type": "Feature", "geometry": {"type": "LineString", "coordinates": [[475773.03, 5362279.832], [475827.645, 5362160.973], [475828.836, 5362157.456], [475829.744, 5362150.027]]}, "properties": {"name": "Foul Bay Road", "highway": "tertiary", "osm_id": 133434839, "alt_name": null, "old_name": null, "official_name": null}}, {"type": "Feature", "geometry": {"type": "LineString", "coordinates": [[475837.702, 5362135.031], [475833.335, 5362127.836], [475832.02, 5362095.473]]}, "properties": {"name": "Foul Bay Road", "highway": "residential", "osm_id": 133434840, "alt_name": null, "old_name": null, "official_name": null}}, {"type": "Feature", "geometry": {"type": "LineString", "coordinates": [[475829.744, 5362150.027], [475827.483, 5362142.189]]}, "properties": {"name": "Foul Bay Road", "highway": "tertiary", "osm_id": 133434841, "alt_name": null, "old_name": null, "official_name": null}}, {"type": "Feature", "geometry": {"type": "LineString", "coordinates": [[471559.915, 5366328.558], [471565.314, 5366336.001], [471568.947, 5366341.018], [471577.324, 5366352.57], [471582.179, 5366359.27], [471589.782, 5366369.748], [471629.133, 5366425.24]]}, "properties": {"name": "Harriet Road", "highway": "secondary", "osm_id": 133434843, "alt_name": null, "old_name": null, "official_name": null}}, {"type": "Feature", "geometry": {"type": "LineString", "coordinates": [[475732.869, 5365122.695], [475687.822, 5365125.144], [475665.359, 5365126.686], [475522.343, 5365139.685], [475427.066, 5365146.611], [475403.865, 5365148.546]]}, "properties": {"name": "Newton Street", "highway": "residential", "osm_id": 133434844, "alt_name": null, "old_name": null, "official_name": null}}, {"type": "Feature", "geometry": {"type": "LineString", "coordinates": [[475732.869, 5365122.695], [475719.807, 5365025.989], [475718.556, 5365017.213]]}, "properties": {"name": "Richmond Road", "highway": "secondary", "osm_id": 133434845, "alt_name": null, "old_name": null, "official_name": null}}, {"type": "Feature", "geometry": {"type": "LineString", "coordinates": [[475653.863, 5364563.351], [475652.929, 5364550.984]]}, "properties": {"name": "Richmond Road", "highway": "secondary", "osm_id": 133434846, "alt_name": null, "old_name": null, "official_name": null}}, {"type": "Feature", "geometry": {"type": "LineString", "coordinates": [[472138.165, 5366080.726], [472137.679, 5366081.184], [472133.624, 5366085.073], [472119.835, 5366123.267], [472118.813, 5366127.274], [472118.386, 5366132.167], [472118.178, 5366139.504]]}, "properties": {"name": "Tolmie Lane", "highway": "unclassified", "osm_id": 133434849, "alt_name": null, "old_name": null, "official_name": null}}, {"type": "Feature", "geometry": {"type": "LineString", "coordinates": [[475831.149, 5364285.18], [475831.245, 5364278.355], [475831.273, 5364276.098], [475831.018, 5364256.347], [475829.233, 5363971.284], [475829.208, 5363967.338]]}, "properties": {"name": "Davie Street", "highway": "residential", "osm_id": 137142574, "alt_name": null, "old_name": null, "official_name": null}}, {"type": "Feature", "geometry": {"type": "LineString", "coordinates": [[475250.14, 5365829.726], [475281.939, 5365848.273], [475310.714, 5365865.165]]}, "properties": {"name": "Hillside Avenue", "highway": "secondary", "osm_id": 137738483, "alt_name": null, "old_name": null, "official_name": null}}, {"type": "Feature", "geometry": {"type": "LineString", "coordinates": [[475106.415, 5365744.488], [475107.513, 5365745.128], [475156.537, 5365773.769], [475165.945, 5365779.263], [475176.526, 5365785.608], [475247.434, 5365828.093]]}, "properties": {"name": "Hillside Avenue", "highway": "secondary", "osm_id": 137738487, "alt_name": null, "old_name": null, "official_name": null}}, {"type": "Feature", "geometry": {"type": "LineString", "coordinates": [[475353.387, 5365998.334], [475352.349, 5365956.955]]}, "properties": {"name": "Shelbourne Street", "highway": "secondary", "osm_id": 137738493, "alt_name": null, "old_name": null, "official_name": null}}, {"type": "Feature", "geometry": {"type": "LineString", "coordinates": [[471076.371, 5365382.36], [471072.531, 5365373.276], [471069.289, 5365367.012]]}, "properties": {"name": "Burleith Crescent", "highway": "residential", "osm_id": 138171049, "alt_name": null, "old_name": null, "official_name": null}}, {"type": "Feature", "geometry": {"type": "LineString", "coordinates": [[472964.087, 5361944.003], [472972.407, 5361941.496], [472977.551, 5361939.938], [472988.473, 5361939.83], [473004.584, 5361939.898], [473012.133, 5361939.995], [473019.455, 5361940.727], [473021.494, 5361941.529], [473026.163, 5361944.452], [473028.416, 5361946.743], [473029.288, 5361949.44], [473029.48, 5361952.562], [473029.169, 5361955.509], [473024.509, 5361960.645], [473022.08, 5361961.99], [473017.048, 5361962.081], [473012.114, 5361960.781], [473006.166, 5361958.098], [472992.248, 5361950.816], [472989.026, 5361948.731], [472987.864, 5361948.659], [472964.087, 5361944.003]]}, "properties": {"name": "Beacon Hill Loop", "highway": "unclassified", "osm_id": 138367278, "alt_name": null, "old_name": null, "official_name": null}}, {"type": "Feature", "geometry": {"type": "LineString", "coordinates": [[473197.94, 5363616.872], [473199.415, 5363625.201], [473212.461, 5363700.948], [473214.625, 5363714.344]]}, "properties": {"name": "Blanshard Street", "highway": "primary", "osm_id": 139496515, "alt_name": null, "old_name": null, "official_name": null}}, {"type": "Feature", "geometry": {"type": "LineString", "coordinates": [[473078.109, 5363105.565], [473070.737, 5363112.903], [473069.228, 5363114.4], [473066.547, 5363117.058], [473031.877, 5363151.459], [473022.103, 5363160.665], [473014.089, 5363168.206], [473003.572, 5363178.549], [472994.952, 5363189.261], [472981.842, 5363208.065], [472977.021, 5363214.768]]}, "properties": {"name": "Humboldt Street", "highway": "residential", "osm_id": 139496517, "alt_name": null, "old_name": null, "official_name": null}}, {"type": "Feature", "geometry": {"type": "LineString", "coordinates": [[473230.357, 5363812.265], [473243.885, 5363810.078], [473315.103, 5363798.537]]}, "properties": {"name": "Johnson Street", "highway": "secondary", "osm_id": 139496518, "alt_name": null, "old_name": null, "official_name": null}}, {"type": "Feature", "geometry": {"type": "LineString", "coordinates": [[473494.778, 5362857.457], [473495.745, 5362866.656], [473502.995, 5362910.606], [473509.072, 5362947.46], [473525.288, 5363040.466]]}, "properties": {"name": "Vancouver Street", "highway": "residential", "osm_id": 139496519, "alt_name": null, "old_name": null, "official_name": null}}, {"type": "Feature", "geometry": {"type": "LineString", "coordinates": [[473543.534, 5363132.352], [473542.602, 5363135.557], [473542.491, 5363140.293], [473546.525, 5363167.552], [473552.098, 5363204.496], [473553.516, 5363213.371], [473554.596, 5363219.769], [473560.121, 5363254.157], [473561.278, 5363261.076], [473567.306, 5363297.252], [473570.341, 5363310.243], [473571.465, 5363317.952], [473583.529, 5363387.124], [473583.957, 5363390.201]]}, "properties": {"name": "Vancouver Street", "highway": "residential", "osm_id": 139496520, "alt_name": null, "old_name": null, "official_name": null}}, {"type": "Feature", "geometry": {"type": "LineString", "coordinates": [[472919.618, 5363294.497], [472918.528, 5363289.333], [472916.818, 5363281.427], [472915.85, 5363277.074], [472912.361, 5363253.092], [472905.872, 5363195.756], [472899.582, 5363142.942], [472898.7, 5363134.865]]}, "properties": {"name": "Douglas Street", "highway": "primary", "osm_id": 139574651, "alt_name": null, "old_name": null, "official_name": null}}, {"type": "Feature", "geometry": {"type": "LineString", "coordinates": [[473174.253, 5363145.359], [473213.027, 5363119.609], [473225.322, 5363111.437], [473227.381, 5363110.216], [473272.159, 5363083.649], [473293.674, 5363070.887], [473304.221, 5363063.779], [473318.638, 5363050.406]]}, "properties": {"name": "Fairfield Road", "highway": "tertiary", "osm_id": 139574654, "alt_name": null, "old_name": null, "official_name": null}}, {"type": "Feature", "geometry": {"type": "LineString", "coordinates": [[472795.637, 5362484.917], [472798.154, 5362481.948], [472801.689, 5362480.042], [472809.172, 5362477.371], [472825.31, 5362471.125], [472839.425, 5362465.655], [472871.185, 5362453.353], [472879.184, 5362450.258]]}, "properties": {"name": "Avalon Road", "highway": "residential", "osm_id": 139617945, "alt_name": null, "old_name": null, "official_name": null}}, {"type": "Feature", "geometry": {"type": "LineString", "coordinates": [[474352.252, 5361813.57], [474267.637, 5361747.226], [474241.998, 5361727.124], [474204.651, 5361700.438]]}, "properties": {"name": "Bushby Street", "highway": "residential", "osm_id": 139617948, "alt_name": null, "old_name": null, "official_name": null}}, {"type": "Feature", "geometry": {"type": "LineString", "coordinates": [[473553.58, 5362180.597], [473552.899, 5362170.885], [473546.147, 5362075.045]]}, "properties": {"name": "Cook Street", "highway": "secondary", "osm_id": 139617950, "alt_name": null, "old_name": null, "official_name": null}}, {"type": "Feature", "geometry": {"type": "LineString", "coordinates": [[476051.182, 5361846.455], [476049.833, 5361810.935]]}, "properties": {"name": "Crescent Road", "highway": "residential", "osm_id": 139617951, "alt_name": null, "old_name": null, "official_name": null}}, {"type": "Feature", "geometry": {"type": "LineString", "coordinates": [[476049.833, 5361810.935], [476048.983, 5361748.202], [476047.756, 5361678.435], [476046.971, 5361596.05]]}, "properties": {"name": "Crescent Road", "highway": "residential", "osm_id": 139617955, "alt_name": null, "old_name": null, "official_name": null}}, {"type": "Feature", "geometry": {"type": "LineString", "coordinates": [[474014.147, 5361492.969], [474021.995, 5361488.931], [474031.527, 5361485.475], [474060.455, 5361476.85], [474098.286, 5361466.562], [474104.656, 5361466.155], [474110.83, 5361466.416], [474116.453, 5361467.557], [474121.42, 5361469.358]]}, "properties": {"name": "Dallas Road", "highway": "secondary", "osm_id": 139617957, "alt_name": null, "old_name": null, "official_name": null}}, {"type": "Feature", "geometry": {"type": "LineString", "coordinates": [[473769.371, 5361640.866], [473774.245, 5361638.665], [473789.384, 5361631.692], [473853.294, 5361592.459], [473936.189, 5361540.546], [474006.907, 5361497.382], [474014.147, 5361492.969]]}, "properties": {"name": "Dallas Road", "highway": "secondary", "osm_id": 139617961, "alt_name": null, "old_name": null, "official_name": null}}, {"type": "Feature", "geometry": {"type": "LineString", "coordinates": [[472928.271, 5362590.525], [472922.977, 5362568.252], [472911.249, 5362537.385], [472892.971, 5362487.663]]}, "properties": {"name": "Douglas Street", "highway": "primary", "osm_id": 139617964, "alt_name": null, "old_name": null, "official_name": null}}, {"type": "Feature", "geometry": {"type": "LineString", "coordinates": [[472681.159, 5361865.072], [472678.466, 5361846.711], [472674.252, 5361800.123]]}, "properties": {"name": "Douglas Street", "highway": "primary", "osm_id": 139617967, "alt_name": null, "old_name": null, "official_name": null}}, {"type": "Feature", "geometry": {"type": "LineString", "coordinates": [[472879.184, 5362450.258], [472871.847, 5362432.464], [472844.228, 5362360.756], [472829.122, 5362321.535], [472785.583, 5362220.136], [472780.336, 5362207.911]]}, "properties": {"name": "Douglas Street", "highway": "primary", "osm_id": 139617971, "alt_name": null, "old_name": null, "official_name": null}}, {"type": "Feature", "geometry": {"type": "LineString", "coordinates": [[474352.252, 5361813.57], [474404.61, 5361747.718], [474411.976, 5361738.592]]}, "properties": {"name": "Eberts Street", "highway": "residential", "osm_id": 139617973, "alt_name": null, "old_name": null, "official_name": null}}, {"type": "Feature", "geometry": {"type": "LineString", "coordinates": [[475116.215, 5362182.348], [475147.606, 5362192.592], [475206.455, 5362213.71], [475238.964, 5362234.354], [475255.103, 5362249.378], [475266.25, 5362261.879], [475276.185, 5362276.475], [475285.958, 5362291.172], [475289.266, 5362296.504], [475337.128, 5362371.114], [475395.095, 5362460.698], [475403.766, 5362469.042], [475413.609, 5362476.102], [475426.814, 5362482.247], [475465.973, 5362499.207], [475493.031, 5362510.672], [475545.977, 5362533.386]]}, "properties": {"name": "Fairfield Road", "highway": "tertiary", "osm_id": 139617975, "alt_name": null, "old_name": null, "official_name": null}}, {"type": "Feature", "geometry": {"type": "LineString", "coordinates": [[475055.687, 5362171.598], [475070.869, 5362172.799], [475090.728, 5362175.457], [475102.225, 5362178.152], [475116.215, 5362182.348]]}, "properties": {"name": "Fairfield Road", "highway": "tertiary", "osm_id": 139617978, "alt_name": null, "old_name": null, "official_name": null}}, {"type": "Feature", "geometry": {"type": "LineString", "coordinates": [[472785.599, 5363590.348], [472793.974, 5363588.807], [472796.391, 5363588.373], [472876.838, 5363575.705], [472888.874, 5363573.813], [472954.741, 5363563.094], [472957.942, 5363562.578], [472971.286, 5363560.425]]}, "properties": {"name": "Fort Street", "highway": "secondary", "osm_id": 139617983, "alt_name": null, "old_name": null, "official_name": null}}, {"type": "Feature", "geometry": {"type": "LineString", "coordinates": [[472785.599, 5363590.348], [472786.23, 5363596.948], [472786.687, 5363599.602], [472799.093, 5363676.474], [472800.276, 5363682.482]]}, "properties": {"name": "Government Street", "highway": "living_street", "osm_id": 139617984, "alt_name": null, "old_name": null, "official_name": null}}, {"type": "Feature", "geometry": {"type": "LineString", "coordinates": [[473850.125, 5362131.169], [473848.732, 5362122.716], [473848.366, 5362120.461], [473817.248, 5361931.418], [473816.083, 5361924.309], [473814.69, 5361915.845], [473770.959, 5361649.896], [473769.371, 5361640.866]]}, "properties": {"name": "Linden Avenue", "highway": "residential", "osm_id": 139617988, "alt_name": null, "old_name": null, "official_name": null}}, {"type": "Feature", "geometry": {"type": "LineString", "coordinates": [[474523.428, 5362016.402], [474535.072, 5362041.971], [474553.218, 5362081.661], [474572.718, 5362124.658]]}, "properties": {"name": "Memorial Crescent", "highway": "tertiary", "osm_id": 139617989, "alt_name": null, "old_name": null, "official_name": null}}, {"type": "Feature", "geometry": {"type": "LineString", "coordinates": [[472444.344, 5362833.399], [472446.768, 5362840.357], [472447.743, 5362843.12], [472462.284, 5362884.433]]}, "properties": {"name": "Menzies Street", "highway": "tertiary", "osm_id": 139617994, "alt_name": null, "old_name": null, "official_name": null}}, {"type": "Feature", "geometry": {"type": "LineString", "coordinates": [[474056.925, 5361725.967], [474040.949, 5361627.778], [474028.385, 5361555.695], [474018.5, 5361501.352], [474014.147, 5361492.969]]}, "properties": {"name": "Moss Street", "highway": "tertiary", "osm_id": 139617995, "alt_name": null, "old_name": null, "official_name": null}}, {"type": "Feature", "geometry": {"type": "LineString", "coordinates": [[472560.423, 5362110.265], [472481.807, 5362166.024], [472478.36, 5362167.697], [472473.274, 5362170.389], [472468.809, 5362172.957], [472466.051, 5362174.926], [472405.558, 5362218.027], [472330.455, 5362272.637], [472301.616, 5362293.631], [472259.5, 5362324.672], [472204.239, 5362364.158]]}, "properties": {"name": "Niagara Street", "highway": "residential", "osm_id": 139617996, "alt_name": null, "old_name": null, "official_name": null}}, {"type": "Feature", "geometry": {"type": "LineString", "coordinates": [[476072.608, 5361811.906], [476051.182, 5361846.455]]}, "properties": {"name": "Quimper Street", "highway": "residential", "osm_id": 139618000, "alt_name": null, "old_name": null, "official_name": null}}, {"type": "Feature", "geometry": {"type": "LineString", "coordinates": [[475114.762, 5362018.411], [475113.743, 5361944.641], [475113.589, 5361933.259]]}, "properties": {"name": "Saint Charles Street", "highway": "tertiary", "osm_id": 139618001, "alt_name": null, "old_name": null, "official_name": null}}, {"type": "Feature", "geometry": {"type": "LineString", "coordinates": [[472457.876, 5362831.677], [472572.416, 5362843.905], [472644.342, 5362849.515]]}, "properties": {"name": "Superior Street", "highway": "tertiary", "osm_id": 139618006, "alt_name": null, "old_name": null, "official_name": null}}, {"type": "Feature", "geometry": {"type": "LineString", "coordinates": [[472832.101, 5362583.271], [472800.638, 5362580.176], [472747.616, 5362574.817], [472703.954, 5362570.759], [472700.445, 5362570.476], [472692.392, 5362569.881]]}, "properties": {"name": "Toronto Street", "highway": "residential", "osm_id": 139618008, "alt_name": null, "old_name": null, "official_name": null}}, {"type": "Feature", "geometry": {"type": "LineString", "coordinates": [[475837.702, 5362135.031], [475857.828, 5362122.296], [475961.032, 5362058.41], [475973.995, 5362047.239], [476004.213, 5362019.945], [476013.743, 5362012.59], [476027.98, 5362003.738], [476036.92, 5362000.288], [476046.176, 5361998.192], [476054.404, 5361997.846]]}, "properties": {"name": "Crescent Road", "highway": "secondary", "osm_id": 140185022, "alt_name": null, "old_name": null, "official_name": null}}, {"type": "Feature", "geometry": {"type": "LineString", "coordinates": [[475130.421, 5363800.549], [475136.967, 5363805.289]]}, "properties": {"name": "Fort Street", "highway": "secondary", "osm_id": 140302310, "alt_name": null, "old_name": null, "official_name": null}}, {"type": "Feature", "geometry": {"type": "LineString", "coordinates": [[475155.097, 5363762.726], [475095.809, 5363764.286], [475079.039, 5363764.571]]}, "properties": {"name": "Oak Bay Avenue", "highway": "secondary", "osm_id": 140302311, "alt_name": null, "old_name": null, "official_name": null}}, {"type": "Feature", "geometry": {"type": "LineString", "coordinates": [[471695.878, 5364454.672], [471652.895, 5364403.121], [471633.354, 5364379.998], [471560.324, 5364293.629]]}, "properties": {"name": "Bay Street", "highway": "secondary", "osm_id": 143085987, "alt_name": null, "old_name": null, "official_name": null}}, {"type": "Feature", "geometry": {"type": "LineString", "coordinates": [[475907.361, 5364314.345], [475918.916, 5364317.775], [475968.106, 5364333.128], [475984.912, 5364336.558], [476038.4, 5364351.96]]}, "properties": {"name": "Fort Street", "highway": "secondary", "osm_id": 143085991, "alt_name": null, "old_name": null, "official_name": null}}, {"type": "Feature", "geometry": {"type": "LineString", "coordinates": [[475922.426, 5364557.101], [475923.779, 5364572.591], [475925.947, 5364595.446], [475926.427, 5364600.446]]}, "properties": {"name": "Lee Avenue", "highway": "unclassified", "osm_id": 143085995, "alt_name": null, "old_name": null, "official_name": null}}, {"type": "Feature", "geometry": {"type": "LineString", "coordinates": [[475907.361, 5364314.345], [475903.831, 5364324.386], [475907.591, 5364375.224], [475915.347, 5364471.886], [475915.824, 5364477.842], [475917.161, 5364494.865], [475918.068, 5364506.344], [475919.514, 5364524.623], [475920.89, 5364542.113], [475921.804, 5364551.724], [475922.426, 5364557.101]]}, "properties": {"name": "Lee Avenue", "highway": "unclassified", "osm_id": 143085996, "alt_name": null, "old_name": null, "official_name": null}}, {"type": "Feature", "geometry": {"type": "LineString", "coordinates": [[475652.929, 5364550.984], [475651.57, 5364541.141], [475632.24, 5364401.412], [475620.304, 5364333.403], [475618.355, 5364322.284]]}, "properties": {"name": "Richmond Road", "highway": "secondary", "osm_id": 143085998, "alt_name": null, "old_name": null, "official_name": null}}, {"type": "Feature", "geometry": {"type": "LineString", "coordinates": [[471720.478, 5364483.561], [471726.296, 5364482.976], [471733.852, 5364482.216], [471737.97, 5364481.795], [471753.795, 5364468.889], [471762.628, 5364461.675], [471806.462, 5364425.709], [471816.534, 5364417.7], [471830.58, 5364407.059], [471831.973, 5364405.996], [471878.773, 5364369.893], [471892.574, 5364358.887], [471954.243, 5364310.684]]}, "properties": {"name": "Wilson Street", "highway": "residential", "osm_id": 143086002, "alt_name": null, "old_name": null, "official_name": null}}, {"type": "Feature", "geometry": {"type": "LineString", "coordinates": [[471873.211, 5366213.535], [471865.596, 5366222.799], [471802.934, 5366269.107]]}, "properties": {"name": "Tolcross Avenue", "highway": "residential", "osm_id": 147335495, "alt_name": null, "old_name": null, "official_name": null}}, {"type": "Feature", "geometry": {"type": "LineString", "coordinates": [[474437.743, 5362187.768], [474428.742, 5362192.166], [474398.76, 5362232.073], [474392.596, 5362240.282]]}, "properties": {"name": "Masters Road", "highway": "residential", "osm_id": 149023441, "alt_name": null, "old_name": null, "official_name": null}}, {"type": "Feature", "geometry": {"type": "LineString", "coordinates": [[474454.01, 5362247.141], [474493.132, 5362284.713]]}, "properties": {"name": "Moss Rock Place", "highway": "residential", "osm_id": 149023453, "alt_name": null, "old_name": null, "official_name": null}}, {"type": "Feature", "geometry": {"type": "LineString", "coordinates": [[471794.292, 5363817.642], [471848.562, 5363900.829]]}, "properties": {"name": "Paul Kane Place", "highway": "residential", "osm_id": 149023466, "alt_name": null, "old_name": null, "official_name": null}}, {"type": "Feature", "geometry": {"type": "LineString", "coordinates": [[475465.081, 5362279.522], [475465.146, 5362286.069], [475468.953, 5362490.213], [475465.973, 5362499.207]]}, "properties": {"name": "Robertson Street", "highway": "tertiary", "osm_id": 149023472, "alt_name": null, "old_name": null, "official_name": null}}, {"type": "Feature", "geometry": {"type": "LineString", "coordinates": [[475463.35, 5362050.605], [475462.628, 5362059.912], [475465.005, 5362272.331], [475465.081, 5362279.522]]}, "properties": {"name": "Robertson Street", "highway": "tertiary", "osm_id": 149023477, "alt_name": null, "old_name": null, "official_name": null}}, {"type": "Feature", "geometry": {"type": "LineString", "coordinates": [[471932.208, 5363997.587], [471908.997, 5364053.336], [471901.724, 5364064.943], [471891.311, 5364074.588], [471880.574, 5364081.411], [471871.085, 5364084.759], [471860.132, 5364086.892]]}, "properties": {"name": "Saghalie Road", "highway": "residential", "osm_id": 149023490, "alt_name": null, "old_name": null, "official_name": null}}, {"type": "Feature", "geometry": {"type": "LineString", "coordinates": [[472354.873, 5365943.797], [472408.234, 5365964.623], [472450.267, 5365981.025], [472472.947, 5365989.885], [472480.778, 5365992.937], [472495.152, 5365998.548], [472503.02, 5366001.622], [472515.179, 5366006.365]]}, "properties": {"name": "Speed Avenue", "highway": "residential", "osm_id": 152775568, "alt_name": null, "old_name": null, "official_name": null}}, {"type": "Feature", "geometry": {"type": "LineString", "coordinates": [[469865.223, 5363958.25], [469870.322, 5363957.223], [470106.868, 5363908.161], [470111.073, 5363907.305], [470184.972, 5363892.243], [470210.741, 5363886.906], [470215.798, 5363886.412], [470221.041, 5363887.329], [470225.481, 5363889.029], [470229.533, 5363891.453], [470251.01, 5363908.503], [470358.986, 5363995.507], [470446.887, 5364066.655], [470448.27, 5364067.926], [470454.234, 5364073.975]]}, "properties": {"name": "Dunsmuir Road", "highway": "residential", "osm_id": 152947898, "alt_name": null, "old_name": null, "official_name": null}}, {"type": "Feature", "geometry": {"type": "LineString", "coordinates": [[470455.906, 5366243.074], [470448.855, 5366248.08], [470328.278, 5366341.838], [470243.917, 5366407.419], [470195.441, 5366444.667], [470179.425, 5366457.257], [470114.628, 5366507.986], [470091.407, 5366525.861], [470049.962, 5366558.126], [469970.124, 5366620.775], [469937.098, 5366645.283], [469877.451, 5366690.308]]}, "properties": {"name": "Vincent Avenue", "highway": "residential", "osm_id": 153732492, "alt_name": null, "old_name": null, "official_name": null}}, {"type": "Feature", "geometry": {"type": "LineString", "coordinates": [[470480.422, 5365473.261], [470483.779, 5365481.658], [470516.857, 5365564.786]]}, "properties": {"name": "Agnes Street", "highway": "residential", "osm_id": 153750860, "alt_name": null, "old_name": null, "official_name": null}}, {"type": "Feature", "geometry": {"type": "LineString", "coordinates": [[470796.57, 5365078.626], [470892.285, 5365079.989], [470901.591, 5365080.119]]}, "properties": {"name": "Anderson Avenue", "highway": "residential", "osm_id": 153750885, "alt_name": null, "old_name": null, "official_name": null}}, {"type": "Feature", "geometry": {"type": "LineString", "coordinates": [[470554.327, 5365349.236], [470557.328, 5365357.546], [470558.176, 5365359.876], [470578.745, 5365416.892], [470585.468, 5365435.576], [470615.566, 5365519.032], [470615.657, 5365519.321], [470618.245, 5365527.933]]}, "properties": {"name": "Arcadia Street", "highway": "residential", "osm_id": 153750893, "alt_name": null, "old_name": null, "official_name": null}}, {"type": "Feature", "geometry": {"type": "LineString", "coordinates": [[470920.999, 5365418.67], [470923.94, 5365426.725], [470943.367, 5365484.038], [470946.358, 5365487.491]]}, "properties": {"name": "Arm Street", "highway": "residential", "osm_id": 153750900, "alt_name": null, "old_name": null, "official_name": null}}, {"type": "Feature", "geometry": {"type": "LineString", "coordinates": [[470860.85, 5365258.035], [470863.654, 5365266.836], [470864.488, 5365269.299], [470920.999, 5365418.67]]}, "properties": {"name": "Arm Street", "highway": "residential", "osm_id": 153750901, "alt_name": null, "old_name": null, "official_name": null}}, {"type": "Feature", "geometry": {"type": "LineString", "coordinates": [[471043.205, 5364959.477], [471217.216, 5365014.858]]}, "properties": {"name": "Belton Avenue", "highway": "residential", "osm_id": 153750938, "alt_name": null, "old_name": null, "official_name": null}}, {"type": "Feature", "geometry": {"type": "LineString", "coordinates": [[470975.415, 5365301.21], [471008.2, 5365387.544]]}, "properties": {"name": "Burleith Crescent", "highway": "residential", "osm_id": 153750966, "alt_name": null, "old_name": null, "official_name": null}}, {"type": "Feature", "geometry": {"type": "LineString", "coordinates": [[470943.046, 5365215.34], [470946.825, 5365225.347], [470975.415, 5365301.21]]}, "properties": {"name": "Burleith Crescent", "highway": "residential", "osm_id": 153750967, "alt_name": null, "old_name": null, "official_name": null}}, {"type": "Feature", "geometry": {"type": "LineString", "coordinates": [[470726.41, 5365159.188], [470725.394, 5365297.428], [470725.354, 5365299.74], [470725.412, 5365300.851], [470725.998, 5365309.841]]}, "properties": {"name": "Carrie Street", "highway": "residential", "osm_id": 153750992, "alt_name": null, "old_name": null, "official_name": null}}, {"type": "Feature", "geometry": {"type": "LineString", "coordinates": [[470784.409, 5365160.189], [470726.41, 5365159.188], [470638.705, 5365157.685], [470632.44, 5365157.573], [470629.052, 5365157.513], [470559.477, 5365156.318], [470538.463, 5365155.961], [470484.709, 5365155.029], [470352.719, 5365152.75], [470347.319, 5365152.656], [470298.832, 5365151.821]]}, "properties": {"name": "Colville Road", "highway": "residential", "osm_id": 153751016, "alt_name": null, "old_name": null, "official_name": null}}, {"type": "Feature", "geometry": {"type": "LineString", "coordinates": [[471058.868, 5365064.585], [470921.647, 5365137.229], [470913.164, 5365141.685]]}, "properties": {"name": "Connaught Road", "highway": "residential", "osm_id": 153751029, "alt_name": null, "old_name": null, "official_name": null}}, {"type": "Feature", "geometry": {"type": "LineString", "coordinates": [[471118.841, 5365226.19], [471158.587, 5365266.749]]}, "properties": {"name": "Coventry Avenue", "highway": "residential", "osm_id": 153751037, "alt_name": null, "old_name": null, "official_name": null}}, {"type": "Feature", "geometry": {"type": "LineString", "coordinates": [[471054.407, 5365158.369], [471060.802, 5365165.061], [471118.841, 5365226.19]]}, "properties": {"name": "Coventry Avenue", "highway": "residential", "osm_id": 153751038, "alt_name": null, "old_name": null, "official_name": null}}, {"type": "Feature", "geometry": {"type": "LineString", "coordinates": [[471344.69, 5366139.665], [471348.889, 5366145.29], [471350.021, 5366146.808], [471443.117, 5366271.578], [471467.365, 5366304.08], [471512.482, 5366364.545]]}, "properties": {"name": "Davin Street", "highway": "residential", "osm_id": 153751056, "alt_name": null, "old_name": null, "official_name": null}}, {"type": "Feature", "geometry": {"type": "LineString", "coordinates": [[470737.877, 5365484.585], [470740.321, 5365490.975], [470759.77, 5365546.353]]}, "properties": {"name": "DeCosta Place", "highway": "residential", "osm_id": 153751060, "alt_name": null, "old_name": null, "official_name": null}}, {"type": "Feature", "geometry": {"type": "LineString", "coordinates": [[470822.297, 5365453.904], [470824.105, 5365458.852], [470848.078, 5365525.412]]}, "properties": {"name": "Dingley Dell", "highway": "residential", "osm_id": 153751062, "alt_name": null, "old_name": null, "official_name": null}}, {"type": "Feature", "geometry": {"type": "LineString", "coordinates": [[470867.729, 5364841.228], [470866.304, 5364844.581], [470863.272, 5364854.634], [470862.237, 5364863.488], [470868.549, 5364904.283], [470885.072, 5364991.879], [470887.758, 5365006.482], [470901.591, 5365080.119], [470913.164, 5365141.685], [470917.058, 5365162.474]]}, "properties": {"name": "Dominion Road", "highway": "residential", "osm_id": 153751065, "alt_name": null, "old_name": null, "official_name": null}}, {"type": "Feature", "geometry": {"type": "LineString", "coordinates": [[470917.058, 5365162.474], [470925.97, 5365208.458], [470928.795, 5365222.894]]}, "properties": {"name": "Dominion Road", "highway": "residential", "osm_id": 153751066, "alt_name": null, "old_name": null, "official_name": null}}, {"type": "Feature", "geometry": {"type": "LineString", "coordinates": [[470819.499, 5366208.197], [470974.014, 5366411.443]]}, "properties": {"name": "Donald Street", "highway": "residential", "osm_id": 153751068, "alt_name": null, "old_name": null, "official_name": null}}, {"type": "Feature", "geometry": {"type": "LineString", "coordinates": [[470865.263, 5365950.466], [470869.874, 5365956.789], [470892.592, 5365987.152], [470965.811, 5366085.027], [470968.119, 5366088.128], [470971.715, 5366092.811]]}, "properties": {"name": "Earl Grey Street", "highway": "residential", "osm_id": 153751084, "alt_name": null, "old_name": null, "official_name": null}}, {"type": "Feature", "geometry": {"type": "LineString", "coordinates": [[470971.715, 5366092.811], [471124.627, 5366298.315]]}, "properties": {"name": "Earl Grey Street", "highway": "residential", "osm_id": 153751085, "alt_name": null, "old_name": null, "official_name": null}}, {"type": "Feature", "geometry": {"type": "LineString", "coordinates": [[470484.709, 5365155.029], [470482.917, 5365275.166]]}, "properties": {"name": "Fleming Street", "highway": "residential", "osm_id": 153751109, "alt_name": null, "old_name": null, "official_name": null}}, {"type": "Feature", "geometry": {"type": "LineString", "coordinates": [[470585.468, 5365435.576], [470512.881, 5365461.698], [470480.422, 5365473.261], [470419.268, 5365494.922], [470404.658, 5365501.534], [470403.25, 5365502.342], [470392.269, 5365509.658], [470389.938, 5365510.948], [470387.194, 5365512.319], [470368.274, 5365520.521]]}, "properties": {"name": "Inskip Street", "highway": "residential", "osm_id": 153751211, "alt_name": null, "old_name": null, "official_name": null}}, {"type": "Feature", "geometry": {"type": "LineString", "coordinates": [[471305.149, 5365973.185], [471101.301, 5366118.07]]}, "properties": {"name": "Logan Avenue", "highway": "residential", "osm_id": 153751302, "alt_name": null, "old_name": null, "official_name": null}}, {"type": "Feature", "geometry": {"type": "LineString", "coordinates": [[470320.414, 5365776.822], [470330.101, 5365776.627], [470341.836, 5365776.388], [470420.06, 5365793.797], [470463.625, 5365803.452], [470509.664, 5365813.983]]}, "properties": {"name": "McNaughton Avenue", "highway": "residential", "osm_id": 153751366, "alt_name": null, "old_name": null, "official_name": null}}, {"type": "Feature", "geometry": {"type": "LineString", "coordinates": [[470902.967, 5366152.5], [471051.7, 5366350.398], [471056.272, 5366356.477]]}, "properties": {"name": "Millgrove Street", "highway": "residential", "osm_id": 153751379, "alt_name": null, "old_name": null, "official_name": null}}, {"type": "Feature", "geometry": {"type": "LineString", "coordinates": [[471056.272, 5366356.477], [471059.92, 5366361.338], [471062.31, 5366364.46], [471221.151, 5366574.716], [471226.913, 5366582.345]]}, "properties": {"name": "Millgrove Street", "highway": "residential", "osm_id": 153751380, "alt_name": null, "old_name": null, "official_name": null}}, {"type": "Feature", "geometry": {"type": "LineString", "coordinates": [[470798.278, 5366015.071], [470804.899, 5366021.317], [470806.731, 5366023.697], [470820.252, 5366041.502], [470897.7, 5366143.501]]}, "properties": {"name": "Millgrove Street", "highway": "residential", "osm_id": 153751381, "alt_name": null, "old_name": null, "official_name": null}}, {"type": "Feature", "geometry": {"type": "LineString", "coordinates": [[471118.841, 5365226.19], [470975.415, 5365301.21]]}, "properties": {"name": "Northcott Avenue", "highway": "residential", "osm_id": 153751412, "alt_name": null, "old_name": null, "official_name": null}}, {"type": "Feature", "geometry": {"type": "LineString", "coordinates": [[470610.334, 5366096.855], [470614.005, 5366104.472], [470643.212, 5366143.881], [470733.071, 5366263.11], [470734.903, 5366265.546], [470737.719, 5366269.556]]}, "properties": {"name": "Orillia Street", "highway": "residential", "osm_id": 153751424, "alt_name": null, "old_name": null, "official_name": null}}, {"type": "Feature", "geometry": {"type": "LineString", "coordinates": [[470632.44, 5365157.573], [470631.77, 5365316.353], [470631.753, 5365320.222], [470632.433, 5365328.666]]}, "properties": {"name": "Phoenix Street", "highway": "residential", "osm_id": 153751440, "alt_name": null, "old_name": null, "official_name": null}}, {"type": "Feature", "geometry": {"type": "LineString", "coordinates": [[471273.454, 5366193.459], [471277.758, 5366199.295], [471279.716, 5366201.953], [471381.934, 5366340.649], [471414.509, 5366384.847], [471435.163, 5366412.877], [471440.085, 5366419.554]]}, "properties": {"name": "Qu'Appelle Street", "highway": "residential", "osm_id": 153751459, "alt_name": null, "old_name": null, "official_name": null}}, {"type": "Feature", "geometry": {"type": "LineString", "coordinates": [[470991.326, 5365822.81], [470997.844, 5365830.447], [471024.219, 5365861.491], [471113.602, 5365980.895], [471116.267, 5365984.372]]}, "properties": {"name": "Qu'Appelle Street", "highway": "residential", "osm_id": 153751461, "alt_name": null, "old_name": null, "official_name": null}}, {"type": "Feature", "geometry": {"type": "LineString", "coordinates": [[471196.921, 5366140.37], [471145.339, 5366176.37]]}, "properties": {"name": "Schofield Place", "highway": "residential", "osm_id": 153751555, "alt_name": null, "old_name": null, "official_name": null}}, {"type": "Feature", "geometry": {"type": "LineString", "coordinates": [[471158.587, 5365266.749], [471110.966, 5365332.341], [471091.02, 5365355.83], [471069.289, 5365367.012]]}, "properties": {"name": "Selkirk Avenue", "highway": "residential", "osm_id": 153751576, "alt_name": null, "old_name": null, "official_name": null}}, {"type": "Feature", "geometry": {"type": "LineString", "coordinates": [[470618.245, 5365527.933], [470609.587, 5365531.08], [470516.857, 5365564.786], [470491.248, 5365573.901], [470464.348, 5365583.39], [470419.128, 5365599.788], [470361.05, 5365621.056], [470340.133, 5365627.668], [470324.548, 5365632.986], [470298.943, 5365642.557], [470291.628, 5365645.297]]}, "properties": {"name": "Selkirk Avenue", "highway": "residential", "osm_id": 153751580, "alt_name": null, "old_name": null, "official_name": null}}, {"type": "Feature", "geometry": {"type": "LineString", "coordinates": [[471069.289, 5365367.012], [471008.2, 5365387.544], [470920.999, 5365418.67]]}, "properties": {"name": "Selkirk Avenue", "highway": "residential", "osm_id": 153751587, "alt_name": null, "old_name": null, "official_name": null}}, {"type": "Feature", "geometry": {"type": "LineString", "coordinates": [[471192.234, 5365230.774], [471158.587, 5365266.749]]}, "properties": {"name": "Selkirk Avenue", "highway": "residential", "osm_id": 153751590, "alt_name": null, "old_name": null, "official_name": null}}, {"type": "Feature", "geometry": {"type": "LineString", "coordinates": [[471255.652, 5365168.737], [471241.866, 5365199.509], [471236.794, 5365205.693], [471229.016, 5365210.623], [471212.654, 5365218.976]]}, "properties": {"name": "Selkirk Avenue", "highway": "residential", "osm_id": 153751593, "alt_name": null, "old_name": null, "official_name": null}}, {"type": "Feature", "geometry": {"type": "LineString", "coordinates": [[471174.87, 5365072.697], [471179.375, 5365077.232], [471184.638, 5365082.507], [471253.874, 5365152.173], [471256.399, 5365155.584], [471257.599, 5365158.979]]}, "properties": {"name": "Styles Street", "highway": "residential", "osm_id": 153751609, "alt_name": null, "old_name": null, "official_name": null}}, {"type": "Feature", "geometry": {"type": "LineString", "coordinates": [[471119.715, 5365123.443], [471127.321, 5365131.263], [471208.253, 5365214.452], [471212.654, 5365218.976]]}, "properties": {"name": "Sunnyside Avenue", "highway": "residential", "osm_id": 153751610, "alt_name": null, "old_name": null, "official_name": null}}, {"type": "Feature", "geometry": {"type": "LineString", "coordinates": [[470361.05, 5365621.056], [470372.453, 5365653.332], [470379.776, 5365669.111], [470391.343, 5365682.012], [470442.167, 5365727.632], [470451.437, 5365736.776], [470459.429, 5365747.717], [470463.245, 5365756.101], [470465.765, 5365764.391], [470467.718, 5365777.23], [470466.799, 5365791.085], [470463.625, 5365803.452], [470454.383, 5365842.182]]}, "properties": {"name": "Uganda Avenue", "highway": "residential", "osm_id": 153751644, "alt_name": null, "old_name": null, "official_name": null}}, {"type": "Feature", "geometry": {"type": "LineString", "coordinates": [[470481.978, 5366343.458], [470394.581, 5366411.498], [470307.132, 5366479.061]]}, "properties": {"name": "Walter Avenue", "highway": "residential", "osm_id": 153751695, "alt_name": null, "old_name": null, "official_name": null}}, {"type": "Feature", "geometry": {"type": "LineString", "coordinates": [[470927.639, 5365886.43], [470933.088, 5365893.46], [470935.158, 5365896.218], [470946.007, 5365910.635], [471040.055, 5366035.582]]}, "properties": {"name": "Wascana Street", "highway": "residential", "osm_id": 153751705, "alt_name": null, "old_name": null, "official_name": null}}, {"type": "Feature", "geometry": {"type": "LineString", "coordinates": [[471199.63, 5366248.479], [471202.836, 5366252.287], [471203.677, 5366253.316], [471343.085, 5366436.162], [471345.006, 5366438.676], [471362.565, 5366465.865], [471368.251, 5366474.673]]}, "properties": {"name": "Wascana Street", "highway": "residential", "osm_id": 153751707, "alt_name": null, "old_name": null, "official_name": null}}, {"type": "Feature", "geometry": {"type": "LineString", "coordinates": [[473554.311, 5366315.989], [473587.227, 5366452.703], [473590.871, 5366461.845]]}, "properties": {"name": "Wicklow Street", "highway": "residential", "osm_id": 153751725, "alt_name": null, "old_name": null, "official_name": null}}, {"type": "Feature", "geometry": {"type": "LineString", "coordinates": [[473204.092, 5362807.147], [473191.633, 5362815.409], [473140.621, 5362849.253], [473122.267, 5362860.89]]}, "properties": {"name": "Academy Close", "highway": "residential", "osm_id": 153932523, "alt_name": null, "old_name": null, "official_name": null}}, {"type": "Feature", "geometry": {"type": "LineString", "coordinates": [[471649.224, 5364432.429], [471649.097, 5364483.795]]}, "properties": {"name": "Alston Street", "highway": "residential", "osm_id": 153932527, "alt_name": null, "old_name": null, "official_name": null}}, {"type": "Feature", "geometry": {"type": "LineString", "coordinates": [[472795.637, 5362484.917], [472790.483, 5362485.609], [472785.597, 5362486.655], [472695.701, 5362521.079]]}, "properties": {"name": "Avalon Road", "highway": "residential", "osm_id": 153932531, "alt_name": null, "old_name": null, "official_name": null}}, {"type": "Feature", "geometry": {"type": "LineString", "coordinates": [[470927.996, 5364222.608], [470929.554, 5364287.004], [470929.63, 5364290.317], [470935.69, 5364303.513], [470937.672, 5364307.827]]}, "properties": {"name": "Barnard Avenue", "highway": "residential", "osm_id": 153932532, "alt_name": null, "old_name": null, "official_name": null}}, {"type": "Feature", "geometry": {"type": "LineString", "coordinates": [[471447.876, 5364638.336], [471539.061, 5364639.1]]}, "properties": {"name": "Bella Street", "highway": "residential", "osm_id": 153932533, "alt_name": null, "old_name": null, "official_name": null}}, {"type": "Feature", "geometry": {"type": "LineString", "coordinates": [[472893.874, 5363074.063], [472882.62, 5363077.041], [472869.673, 5363080.448], [472859.61, 5363083.353], [472852.997, 5363085.319], [472828.312, 5363092.551]]}, "properties": {"name": "Belleville Street", "highway": "secondary", "osm_id": 153932534, "alt_name": null, "old_name": null, "official_name": null}}, {"type": "Feature", "geometry": {"type": "LineString", "coordinates": [[470868.549, 5364904.283], [470878.425, 5364907.411], [470884.544, 5364909.336], [471030.137, 5364955.32]]}, "properties": {"name": "Belton Avenue", "highway": "residential", "osm_id": 153932536, "alt_name": null, "old_name": null, "official_name": null}}, {"type": "Feature", "geometry": {"type": "LineString", "coordinates": [[473130.484, 5362326.39], [473132.832, 5362319.175], [473136.589, 5362307.631], [473142.495, 5362292.33], [473146.538, 5362284.986], [473153.62, 5362275.737], [473161.431, 5362268.753], [473178.348, 5362257.88], [473196.443, 5362245.945], [473213.071, 5362233.383], [473228.9, 5362219.336], [473239.581, 5362208.937], [473249.132, 5362199.11], [473260.851, 5362184.405], [473270.791, 5362170.575], [473275.294, 5362166.674], [473283.913, 5362161.553]]}, "properties": {"name": "Bridge Way", "highway": "unclassified", "osm_id": 153932546, "alt_name": null, "old_name": null, "official_name": null}}, {"type": "Feature", "geometry": {"type": "LineString", "coordinates": [[472107.301, 5362230.524], [472082.374, 5362249.155]]}, "properties": {"name": "Brotchy Lane", "highway": "unclassified", "osm_id": 153932547, "alt_name": null, "old_name": null, "official_name": null}}, {"type": "Feature", "geometry": {"type": "LineString", "coordinates": [[473031.423, 5363270.632], [473016.122, 5363273.517], [472954.42, 5363285.116], [472937.063, 5363289.811], [472919.618, 5363294.497]]}, "properties": {"name": "Burdett Avenue", "highway": "tertiary", "osm_id": 153932549, "alt_name": null, "old_name": null, "official_name": null}}, {"type": "Feature", "geometry": {"type": "LineString", "coordinates": [[473264.466, 5361985.93], [473267.805, 5361976.81], [473271.169, 5361965.09], [473273.93, 5361951.215], [473276.097, 5361938.2], [473277.731, 5361925.376], [473278.837, 5361912.065], [473279.486, 5361898.99], [473279.423, 5361885.685], [473279.071, 5361875.272], [473278.209, 5361868.162], [473276.539, 5361859.422], [473274.517, 5361851.15], [473271.896, 5361843.059], [473269.087, 5361835.792], [473265.329, 5361828.406], [473261.71, 5361821.943], [473257.602, 5361815.638], [473253.164, 5361809.812], [473247.478, 5361803.158], [473241.493, 5361797.251], [473235.226, 5361791.278], [473228.84, 5361786.573], [473222.011, 5361782.437], [473215.441, 5361779.589], [473202.798, 5361775.869], [473192.601, 5361772.905], [473184.13, 5361770.444]]}, "properties": {"name": "Camas Circle", "highway": "unclassified", "osm_id": 153932551, "alt_name": null, "old_name": null, "official_name": null}}, {"type": "Feature", "geometry": {"type": "LineString", "coordinates": [[470728.462, 5364989.429], [470727.124, 5365075.427], [470726.99, 5365083.865], [470726.669, 5365103.363], [470726.336, 5365126.252], [470726.41, 5365159.188]]}, "properties": {"name": "Carrie Street", "highway": "residential", "osm_id": 153932553, "alt_name": null, "old_name": null, "official_name": null}}, {"type": "Feature", "geometry": {"type": "LineString", "coordinates": [[471560.324, 5364293.629], [471556.17, 5364297.296], [471550.86, 5364301.991], [471542.354, 5364310.926], [471539.938, 5364317.463], [471539.311, 5364323.669], [471540.383, 5364404.641]]}, "properties": {"name": "Catherine Street", "highway": "tertiary", "osm_id": 153932555, "alt_name": null, "old_name": null, "official_name": null}}, {"type": "Feature", "geometry": {"type": "LineString", "coordinates": [[470590.51, 5364816.983], [470586.777, 5364986.862]]}, "properties": {"name": "Cave Street", "highway": "residential", "osm_id": 153932557, "alt_name": null, "old_name": null, "official_name": null}}, {"type": "Feature", "geometry": {"type": "LineString", "coordinates": [[471765.769, 5364873.606], [471760.203, 5364910.005], [471758.7, 5364915.648]]}, "properties": {"name": "Central Spur", "highway": "residential", "osm_id": 153932558, "alt_name": null, "old_name": null, "official_name": null}}, {"type": "Feature", "geometry": {"type": "LineString", "coordinates": [[471758.7, 5364915.648], [471757.19, 5364921.291], [471753.071, 5364946.611]]}, "properties": {"name": "Central Spur", "highway": "residential", "osm_id": 153932559, "alt_name": null, "old_name": null, "official_name": null}}, {"type": "Feature", "geometry": {"type": "LineString", "coordinates": [[471852.587, 5364674.96], [471856.043, 5364679.755], [471857.2, 5364683.351], [471856.86, 5364686.51], [471853.553, 5364692.24], [471845.271, 5364703.185], [471833.183, 5364728.122], [471823.444, 5364749.424], [471807.074, 5364786.432], [471781.61, 5364841.948]]}, "properties": {"name": "Central Spur", "highway": "residential", "osm_id": 153932560, "alt_name": null, "old_name": null, "official_name": null}}, {"type": "Feature", "geometry": {"type": "LineString", "coordinates": [[471781.61, 5364841.948], [471769.692, 5364868.307], [471765.769, 5364873.606]]}, "properties": {"name": "Central Spur", "highway": "residential", "osm_id": 153932561, "alt_name": null, "old_name": null, "official_name": null}}, {"type": "Feature", "geometry": {"type": "LineString", "coordinates": [[472741.325, 5362109.715], [472761.837, 5362121.899], [472782.364, 5362144.754], [472805.649, 5362164.05], [472820.917, 5362176.704]]}, "properties": {"name": "Circle Drive", "highway": "unclassified", "osm_id": 153932565, "alt_name": null, "old_name": null, "official_name": null}}, {"type": "Feature", "geometry": {"type": "LineString", "coordinates": [[472840.114, 5362194.075], [472862.924, 5362208.516], [472873.309, 5362215.213], [472884.627, 5362220.628], [472897.594, 5362225.768], [472910.562, 5362229.474], [472926.401, 5362231.733], [472938.572, 5362232.798], [472941.666, 5362233.005], [472955.422, 5362231.317]]}, "properties": {"name": "Circle Drive", "highway": "unclassified", "osm_id": 153932566, "alt_name": null, "old_name": null, "official_name": null}}, {"type": "Feature", "geometry": {"type": "LineString", "coordinates": [[473867.013, 5362888.841], [473767.503, 5362905.23], [473754.942, 5362907.289], [473721.937, 5362912.722]]}, "properties": {"name": "Collinson Street", "highway": "residential", "osm_id": 153932567, "alt_name": null, "old_name": null, "official_name": null}}, {"type": "Feature", "geometry": {"type": "LineString", "coordinates": [[472662.592, 5363721.326], [472668.315, 5363759.003], [472676.397, 5363808.873]]}, "properties": {"name": "Commercial Alley", "highway": "service", "osm_id": 153932568, "alt_name": null, "old_name": null, "official_name": null}}, {"type": "Feature", "geometry": {"type": "LineString", "coordinates": [[471656.182, 5363909.836], [471692.763, 5363948.058], [471754.644, 5364011.619]]}, "properties": {"name": "Cooperage Place", "highway": "residential", "osm_id": 153932569, "alt_name": null, "old_name": null, "official_name": null}}, {"type": "Feature", "geometry": {"type": "LineString", "coordinates": [[471596.425, 5362533.284], [471542.607, 5362583.274], [471534.729, 5362594.196], [471531.974, 5362598.011]]}, "properties": {"name": "Dallas Road", "highway": "tertiary", "osm_id": 153932570, "alt_name": null, "old_name": null, "official_name": null}}, {"type": "Feature", "geometry": {"type": "LineString", "coordinates": [[471600.394, 5362529.318], [471658.116, 5362471.183], [471662.902, 5362466.324], [471667.364, 5362461.933], [471696.56, 5362433.042], [471713.991, 5362416.148], [471716.857, 5362413.733], [471724.491, 5362407.292]]}, "properties": {"name": "Dallas Road", "highway": "secondary", "osm_id": 153932571, "alt_name": null, "old_name": null, "official_name": null}}, {"type": "Feature", "geometry": {"type": "LineString", "coordinates": [[471531.974, 5362598.011], [471528.558, 5362607.454], [471526.055, 5362618.816], [471520.443, 5362647.7], [471517.096, 5362664.902], [471498.707, 5362764.624], [471496.553, 5362776.317], [471492.397, 5362798.847], [471488.162, 5362821.822], [471486.206, 5362837.527], [471485.735, 5362843.821], [471486.024, 5362849.833], [471491.279, 5362878.107], [471492.722, 5362894.385], [471480.106, 5362948.626], [471455.169, 5363058.474], [471448.452, 5363088.053], [471444.037, 5363107.494], [471446.532, 5363119.52]]}, "properties": {"name": "Dallas Road", "highway": "tertiary", "osm_id": 153932573, "alt_name": null, "old_name": null, "official_name": null}}, {"type": "Feature", "geometry": {"type": "LineString", "coordinates": [[472034.671, 5362248.723], [472004.754, 5362269.835]]}, "properties": {"name": "Dunelm Wynd", "highway": "residential", "osm_id": 153932579, "alt_name": null, "old_name": null, "official_name": null}}, {"type": "Feature", "geometry": {"type": "LineString", "coordinates": [[472004.754, 5362269.835], [472000.61, 5362275.835], [471979.196, 5362321.215], [471975.797, 5362326.567], [471968.584, 5362333.039], [471940.328, 5362353.387]]}, "properties": {"name": "Dunelm Wynd", "highway": "residential", "osm_id": 153932580, "alt_name": null, "old_name": null, "official_name": null}}, {"type": "Feature", "geometry": {"type": "LineString", "coordinates": [[471981.907, 5362261.766], [471988.287, 5362257.533], [471992.524, 5362256.879], [471996.48, 5362259.349], [472004.754, 5362269.835]]}, "properties": {"name": "Dunelm Wynd", "highway": "residential", "osm_id": 153932581, "alt_name": null, "old_name": null, "official_name": null}}, {"type": "Feature", "geometry": {"type": "LineString", "coordinates": [[473037.936, 5363266.355], [473031.423, 5363270.632]]}, "properties": {"name": "Fairfield Road", "highway": "tertiary", "osm_id": 153932583, "alt_name": null, "old_name": null, "official_name": null}}, {"type": "Feature", "geometry": {"type": "LineString", "coordinates": [[473136.338, 5363174.339], [473127.785, 5363182.016], [473116.881, 5363191.694], [473097.647, 5363209.515], [473070.713, 5363241.733], [473044.475, 5363261.466], [473037.936, 5363266.355]]}, "properties": {"name": "Fairfield Road", "highway": "tertiary", "osm_id": 153932584, "alt_name": null, "old_name": null, "official_name": null}}, {"type": "Feature", "geometry": {"type": "LineString", "coordinates": [[470491.625, 5364812.996], [470490.532, 5364826.107], [470490.419, 5364828.453], [470489.534, 5364985.111]]}, "properties": {"name": "Fairview Road", "highway": "residential", "osm_id": 153932585, "alt_name": null, "old_name": null, "official_name": null}}, {"type": "Feature", "geometry": {"type": "LineString", "coordinates": [[470500.128, 5364690.223], [470499.049, 5364694.686], [470498.741, 5364699.479], [470498.908, 5364715.918], [470497.39, 5364797.971], [470496.296, 5364800.833], [470491.625, 5364812.996]]}, "properties": {"name": "Fairview Road", "highway": "residential", "osm_id": 153932586, "alt_name": null, "old_name": null, "official_name": null}}, {"type": "Feature", "geometry": {"type": "LineString", "coordinates": [[472783.568, 5363994.489], [472783.445, 5364001.248], [472783.421, 5364004.038], [472783.366, 5364006.328], [472783.167, 5364024.903], [472782.555, 5364077.795], [472782.478, 5364081.708], [472782.329, 5364089.234]]}, "properties": {"name": "Fan Tan Alley", "highway": "service", "osm_id": 153932587, "alt_name": null, "old_name": null, "official_name": null}}, {"type": "Feature", "geometry": {"type": "LineString", "coordinates": [[471191.352, 5364716.978], [471190.611, 5364841.8]]}, "properties": {"name": "Fullerton Avenue", "highway": "residential", "osm_id": 153932588, "alt_name": null, "old_name": null, "official_name": null}}, {"type": "Feature", "geometry": {"type": "LineString", "coordinates": [[471192.317, 5364660.972], [471189.444, 5364670.635], [471188.19, 5364680.045], [471188.15, 5364688.071], [471188.305, 5364702.665], [471188.802, 5364708.776], [471191.352, 5364716.978]]}, "properties": {"name": "Fullerton Avenue", "highway": "residential", "osm_id": 153932589, "alt_name": null, "old_name": null, "official_name": null}}, {"type": "Feature", "geometry": {"type": "LineString", "coordinates": [[472715.644, 5363160.542], [472718.594, 5363178.569]]}, "properties": {"name": "Government Street", "highway": "secondary", "osm_id": 153932590, "alt_name": null, "old_name": null, "official_name": null}}, {"type": "Feature", "geometry": {"type": "LineString", "coordinates": [[472670.971, 5363637.941], [472674.188, 5363656.1], [472679.93, 5363691.597]]}, "properties": {"name": "Helmcken Alley", "highway": "service", "osm_id": 153932591, "alt_name": null, "old_name": null, "official_name": null}}, {"type": "Feature", "geometry": {"type": "LineString", "coordinates": [[472603.586, 5364171.284], [472647.496, 5364172.583], [472655.405, 5364172.823]]}, "properties": {"name": "Herald Street", "highway": "tertiary", "osm_id": 153932592, "alt_name": null, "old_name": null, "official_name": null}}, {"type": "Feature", "geometry": {"type": "LineString", "coordinates": [[471242.916, 5364717.294], [471242.713, 5364725.387], [471241.254, 5364780.361], [471244.198, 5364797.832]]}, "properties": {"name": "Hudson Street", "highway": "residential", "osm_id": 153932593, "alt_name": null, "old_name": null, "official_name": null}}, {"type": "Feature", "geometry": {"type": "LineString", "coordinates": [[472654.188, 5362474.827], [472648.579, 5362476.465], [472610.985, 5362487.818], [472567.176, 5362501.046], [472560.437, 5362503.08]]}, "properties": {"name": "Marifield Avenue", "highway": "residential", "osm_id": 153932601, "alt_name": null, "old_name": null, "official_name": null}}, {"type": "Feature", "geometry": {"type": "LineString", "coordinates": [[472733.464, 5362395.513], [472734.762, 5362399.186], [472737.62, 5362407.175], [472737.597, 5362408.62], [472737.489, 5362413.778], [472736.417, 5362421.831], [472732.721, 5362430.175], [472723.34, 5362436.778], [472714.205, 5362440.624], [472656.303, 5362463.756], [472650.103, 5362465.665]]}, "properties": {"name": "Marifield Avenue", "highway": "residential", "osm_id": 153932602, "alt_name": null, "old_name": null, "official_name": null}}, {"type": "Feature", "geometry": {"type": "LineString", "coordinates": [[471447.876, 5364638.336], [471447.14, 5364687.493]]}, "properties": {"name": "Mary Street", "highway": "residential", "osm_id": 153932603, "alt_name": null, "old_name": null, "official_name": null}}, {"type": "Feature", "geometry": {"type": "LineString", "coordinates": [[471449.547, 5364209.729], [471449.509, 5364215.309], [471448.858, 5364307.751]]}, "properties": {"name": "Mary Street", "highway": "residential", "osm_id": 153932604, "alt_name": null, "old_name": null, "official_name": null}}, {"type": "Feature", "geometry": {"type": "LineString", "coordinates": [[471448.858, 5364307.751], [471448.16, 5364405.717]]}, "properties": {"name": "Mary Street", "highway": "residential", "osm_id": 153932605, "alt_name": null, "old_name": null, "official_name": null}}, {"type": "Feature", "geometry": {"type": "LineString", "coordinates": [[471447.14, 5364687.493], [471445.408, 5364787.154]]}, "properties": {"name": "Mary Street", "highway": "residential", "osm_id": 153932606, "alt_name": null, "old_name": null, "official_name": null}}, {"type": "Feature", "geometry": {"type": "LineString", "coordinates": [[471447.52, 5364586.817], [471447.876, 5364638.336]]}, "properties": {"name": "Mary Street", "highway": "residential", "osm_id": 153932607, "alt_name": null, "old_name": null, "official_name": null}}, {"type": "Feature", "geometry": {"type": "LineString", "coordinates": [[471445.408, 5364787.154], [471445.751, 5364888.961]]}, "properties": {"name": "Mary Street", "highway": "residential", "osm_id": 153932608, "alt_name": null, "old_name": null, "official_name": null}}, {"type": "Feature", "geometry": {"type": "LineString", "coordinates": [[471447.577, 5364486.742], [471447.52, 5364586.817]]}, "properties": {"name": "Mary Street", "highway": "residential", "osm_id": 153932609, "alt_name": null, "old_name": null, "official_name": null}}, {"type": "Feature", "geometry": {"type": "LineString", "coordinates": [[471448.16, 5364405.717], [471447.577, 5364486.742]]}, "properties": {"name": "Mary Street", "highway": "residential", "osm_id": 153932610, "alt_name": null, "old_name": null, "official_name": null}}, {"type": "Feature", "geometry": {"type": "LineString", "coordinates": [[471450.239, 5363996.16], [471452.351, 5364007.176], [471451.266, 5364089.983], [471451.103, 5364103.133]]}, "properties": {"name": "Mary Street", "highway": "residential", "osm_id": 153932611, "alt_name": null, "old_name": null, "official_name": null}}, {"type": "Feature", "geometry": {"type": "LineString", "coordinates": [[473585.846, 5363401.752], [473572.96, 5363403.735], [473561.509, 5363405.734], [473480.939, 5363419.827], [473439.104, 5363426.904], [473421.436, 5363429.899], [473407.403, 5363432.021], [473386.444, 5363435.165], [473378.4, 5363436.37]]}, "properties": {"name": "Meares Street", "highway": "residential", "osm_id": 153932612, "alt_name": null, "old_name": null, "official_name": null}}, {"type": "Feature", "geometry": {"type": "LineString", "coordinates": [[472332.216, 5362536.347], [472327.523, 5362530.034], [472326.317, 5362528.406], [472314.056, 5362511.914], [472284.426, 5362472.043], [472204.239, 5362364.158]]}, "properties": {"name": "Menzies Street", "highway": "tertiary", "osm_id": 153932613, "alt_name": null, "old_name": null, "official_name": null}}, {"type": "Feature", "geometry": {"type": "LineString", "coordinates": [[472204.239, 5362364.158], [472177.738, 5362327.629], [472168.231, 5362314.526], [472135.01, 5362268.726], [472107.301, 5362230.524], [472094.293, 5362212.592], [472064.132, 5362171.024], [472062.262, 5362168.443], [472058.03, 5362162.606]]}, "properties": {"name": "Menzies Street", "highway": "tertiary", "osm_id": 153932614, "alt_name": null, "old_name": null, "official_name": null}}, {"type": "Feature", "geometry": {"type": "LineString", "coordinates": [[471396.018, 5363989.853], [471437.312, 5363989.778], [471446.319, 5363992.001], [471450.239, 5363996.16]]}, "properties": {"name": "Milne Street", "highway": "residential", "osm_id": 153932615, "alt_name": null, "old_name": null, "official_name": null}}, {"type": "Feature", "geometry": {"type": "LineString", "coordinates": [[472047.052, 5363311.028], [472046.448, 5363319.012], [472046.301, 5363320.747], [472046.66, 5363323.068], [472047.504, 5363324.753], [472059.63, 5363339.689], [472066.772, 5363349.035], [472085.465, 5363374.053], [472089.154, 5363377.87], [472093.284, 5363381.229], [472097.781, 5363384.052], [472102.587, 5363386.329], [472108.108, 5363388.136], [472113.817, 5363389.197], [472119.619, 5363389.502], [472124.98, 5363390.31], [472131.122, 5363392.158], [472136.906, 5363394.897], [472141.488, 5363398.332], [472145.126, 5363402.382], [472151.143, 5363411.757]]}, "properties": {"name": "Montreal Street", "highway": "residential", "osm_id": 153932616, "alt_name": null, "old_name": null, "official_name": null}}, {"type": "Feature", "geometry": {"type": "LineString", "coordinates": [[471935.141, 5363166.266], [471937.607, 5363169.677], [471941.332, 5363174.817], [471981.672, 5363230.573]]}, "properties": {"name": "Montreal Street", "highway": "residential", "osm_id": 153932617, "alt_name": null, "old_name": null, "official_name": null}}, {"type": "Feature", "geometry": {"type": "LineString", "coordinates": [[474056.925, 5361725.967], [474082.705, 5361878.866], [474115.896, 5362076.661], [474116.17, 5362078.282], [474117.448, 5362085.913], [474118.823, 5362093.81], [474119.332, 5362096.731], [474132.327, 5362171.224], [474145.972, 5362253.917], [474152.744, 5362294.792], [474161.483, 5362343.383], [474170.213, 5362396.498], [474189.466, 5362514.88], [474209.341, 5362627.057], [474223.524, 5362712.927]]}, "properties": {"name": "Moss Street", "highway": "tertiary", "osm_id": 153932634, "alt_name": null, "old_name": null, "official_name": null}}, {"type": "Feature", "geometry": {"type": "LineString", "coordinates": [[473351.355, 5361973.716], [473362.163, 5361985.425], [473365.46, 5361989.378], [473368.514, 5361993.521], [473371.175, 5361997.599], [473373.714, 5362002.6], [473381.867, 5362024.248], [473383.569, 5362028.842], [473386.053, 5362033.066], [473389.245, 5362036.797], [473392.492, 5362039.516], [473395.914, 5362041.812], [473399.882, 5362043.594], [473403.995, 5362044.909], [473408.157, 5362045.578], [473457.347, 5362051.961], [473461.879, 5362052.552], [473463.838, 5362057.0], [473466.489, 5362062.034], [473477.443, 5362079.745], [473480.041, 5362084.58], [473482.18, 5362089.472], [473485.069, 5362096.539], [473488.475, 5362104.704], [473493.591, 5362119.63]]}, "properties": {"name": "Nursery Road", "highway": "service", "osm_id": 153932635, "alt_name": null, "old_name": null, "official_name": null}}, {"type": "Feature", "geometry": {"type": "LineString", "coordinates": [[474771.053, 5363442.014], [474770.157, 5363443.475], [474764.156, 5363453.305]]}, "properties": {"name": "Pemberton Road", "highway": "residential", "osm_id": 153932638, "alt_name": null, "old_name": null, "official_name": null}}, {"type": "Feature", "geometry": {"type": "LineString", "coordinates": [[474764.156, 5363453.305], [474722.11, 5363519.319], [474716.175, 5363529.094], [474697.617, 5363559.7], [474692.193, 5363567.928]]}, "properties": {"name": "Pemberton Road", "highway": "residential", "osm_id": 153932639, "alt_name": null, "old_name": null, "official_name": null}}, {"type": "Feature", "geometry": {"type": "LineString", "coordinates": [[474805.314, 5363217.227], [474796.229, 5363267.232], [474794.242, 5363387.789], [474792.852, 5363401.312], [474788.075, 5363414.994], [474781.842, 5363425.838], [474771.053, 5363442.014]]}, "properties": {"name": "Pemberton Road", "highway": "residential", "osm_id": 153932640, "alt_name": null, "old_name": null, "official_name": null}}, {"type": "Feature", "geometry": {"type": "LineString", "coordinates": [[471061.518, 5364798.584], [471190.611, 5364841.8]]}, "properties": {"name": "Raynor Avenue", "highway": "residential", "osm_id": 153932641, "alt_name": null, "old_name": null, "official_name": null}}, {"type": "Feature", "geometry": {"type": "LineString", "coordinates": [[471190.611, 5364841.8], [471262.918, 5364864.62], [471311.022, 5364879.993]]}, "properties": {"name": "Raynor Avenue", "highway": "residential", "osm_id": 153932642, "alt_name": null, "old_name": null, "official_name": null}}, {"type": "Feature", "geometry": {"type": "LineString", "coordinates": [[471699.985, 5364863.553], [471765.769, 5364873.606]]}, "properties": {"name": "Regatta Landing", "highway": "residential", "osm_id": 153932643, "alt_name": null, "old_name": null, "official_name": null}}, {"type": "Feature", "geometry": {"type": "LineString", "coordinates": [[471765.769, 5364873.606], [471828.437, 5364883.465]]}, "properties": {"name": "Regatta Landing", "highway": "residential", "osm_id": 153932644, "alt_name": null, "old_name": null, "official_name": null}}, {"type": "Feature", "geometry": {"type": "LineString", "coordinates": [[471030.137, 5364955.32], [471006.147, 5365031.341], [471004.156, 5365035.308], [471000.568, 5365038.094]]}, "properties": {"name": "Reno Street", "highway": "residential", "osm_id": 153932645, "alt_name": null, "old_name": null, "official_name": null}}, {"type": "Feature", "geometry": {"type": "LineString", "coordinates": [[471362.35, 5363945.739], [471361.994, 5363990.803]]}, "properties": {"name": "Russell Street", "highway": "residential", "osm_id": 153932648, "alt_name": null, "old_name": null, "official_name": null}}, {"type": "Feature", "geometry": {"type": "LineString", "coordinates": [[470524.713, 5364604.438], [470414.291, 5364605.814], [470348.585, 5364607.558], [470281.327, 5364608.099], [470269.636, 5364606.004]]}, "properties": {"name": "Shearwater Street", "highway": "residential", "osm_id": 153932651, "alt_name": null, "old_name": null, "official_name": null}}, {"type": "Feature", "geometry": {"type": "LineString", "coordinates": [[471860.132, 5364086.892], [471862.096, 5364095.052], [471867.942, 5364119.367], [471872.104, 5364136.686], [471873.056, 5364140.661], [471875.992, 5364144.848], [471879.128, 5364149.312]]}, "properties": {"name": "Sitkum Road", "highway": "residential", "osm_id": 153932653, "alt_name": null, "old_name": null, "official_name": null}}, {"type": "Feature", "geometry": {"type": "LineString", "coordinates": [[471987.93, 5364135.612], [471929.729, 5364180.985], [471919.168, 5364181.427], [471898.017, 5364166.192], [471885.99, 5364157.537], [471882.336, 5364153.153], [471879.128, 5364149.312]]}, "properties": {"name": "Sitkum Road", "highway": "residential", "osm_id": 153932655, "alt_name": null, "old_name": null, "official_name": null}}, {"type": "Feature", "geometry": {"type": "LineString", "coordinates": [[471754.644, 5364011.619], [471759.209, 5364016.187], [471769.768, 5364027.084], [471773.039, 5364030.202], [471782.215, 5364038.204], [471815.719, 5364073.974], [471828.962, 5364081.667], [471841.271, 5364086.03], [471853.697, 5364087.102], [471860.132, 5364086.892]]}, "properties": {"name": "Saghalie Road", "highway": "residential", "osm_id": 153932656, "alt_name": null, "old_name": null, "official_name": null}}, {"type": "Feature", "geometry": {"type": "LineString", "coordinates": [[472560.423, 5362110.265], [472564.493, 5362116.348], [472593.895, 5362158.056], [472624.914, 5362198.967]]}, "properties": {"name": "Saint Andrews Street", "highway": "residential", "osm_id": 153932657, "alt_name": null, "old_name": null, "official_name": null}}, {"type": "Feature", "geometry": {"type": "LineString", "coordinates": [[475113.396, 5361892.555], [475113.56, 5361926.668], [475113.567, 5361928.091], [475113.589, 5361933.259]]}, "properties": {"name": "Saint Charles Street", "highway": "residential", "osm_id": 153932661, "alt_name": null, "old_name": null, "official_name": null}}, {"type": "Feature", "geometry": {"type": "LineString", "coordinates": [[471633.707, 5363042.405], [471638.972, 5363049.103], [471690.503, 5363110.771], [471715.501, 5363144.215], [471717.038, 5363146.931], [471718.163, 5363149.838], [471718.882, 5363153.069], [471719.098, 5363156.358], [471719.032, 5363158.048], [471718.72, 5363166.564]]}, "properties": {"name": "Saint Lawrence Street", "highway": "residential", "osm_id": 153932663, "alt_name": null, "old_name": null, "official_name": null}}, {"type": "Feature", "geometry": {"type": "LineString", "coordinates": [[472654.622, 5364459.689], [472652.601, 5364463.889], [472652.177, 5364466.537], [472651.847, 5364468.617], [472650.872, 5364527.101]]}, "properties": {"name": "Store Street", "highway": "residential", "osm_id": 153932664, "alt_name": null, "old_name": null, "official_name": null}}, {"type": "Feature", "geometry": {"type": "LineString", "coordinates": [[472656.773, 5364120.595], [472648.747, 5364119.167], [472563.106, 5364103.963]]}, "properties": {"name": "Swift Street", "highway": "tertiary", "osm_id": 153932665, "alt_name": null, "old_name": null, "official_name": null}}, {"type": "Feature", "geometry": {"type": "LineString", "coordinates": [[472897.415, 5363696.822], [472889.705, 5363698.137], [472812.384, 5363711.313], [472808.688, 5363711.92], [472804.231, 5363712.697]]}, "properties": {"name": "Trounce Alley", "highway": "pedestrian", "osm_id": 153932667, "alt_name": null, "old_name": null, "official_name": null}}, {"type": "Feature", "geometry": {"type": "LineString", "coordinates": [[471699.985, 5364863.553], [471662.147, 5364939.573]]}, "properties": {"name": "Tyee Road", "highway": "residential", "osm_id": 153932670, "alt_name": null, "old_name": null, "official_name": null}}, {"type": "Feature", "geometry": {"type": "LineString", "coordinates": [[471930.524, 5364413.032], [471927.685, 5364420.838], [471869.366, 5364549.058], [471863.333, 5364560.081]]}, "properties": {"name": "Tyee Road", "highway": "tertiary", "osm_id": 153932671, "alt_name": null, "old_name": null, "official_name": null}}, {"type": "Feature", "geometry": {"type": "LineString", "coordinates": [[471765.854, 5364654.805], [471770.457, 5364665.542], [471773.136, 5364673.299], [471773.74, 5364680.232], [471773.643, 5364687.491], [471773.446, 5364695.451], [471771.673, 5364703.196], [471763.78, 5364722.388], [471699.985, 5364863.553]]}, "properties": {"name": "Tyee Road", "highway": "residential", "osm_id": 153932672, "alt_name": null, "old_name": null, "official_name": null}}, {"type": "Feature", "geometry": {"type": "LineString", "coordinates": [[472008.635, 5364249.279], [471986.884, 5364292.093], [471979.988, 5364306.766]]}, "properties": {"name": "Tyee Road", "highway": "tertiary", "osm_id": 153932673, "alt_name": null, "old_name": null, "official_name": null}}, {"type": "Feature", "geometry": {"type": "LineString", "coordinates": [[471979.988, 5364306.766], [471975.713, 5364315.78], [471972.558, 5364322.609], [471960.756, 5364347.256], [471949.847, 5364370.097], [471934.328, 5364403.076], [471930.524, 5364413.032]]}, "properties": {"name": "Tyee Road", "highway": "tertiary", "osm_id": 153932677, "alt_name": null, "old_name": null, "official_name": null}}, {"type": "Feature", "geometry": {"type": "LineString", "coordinates": [[473074.911, 5363637.808], [473064.984, 5363639.6], [472999.19, 5363650.073], [472986.919, 5363652.054]]}, "properties": {"name": "View Street", "highway": "tertiary", "osm_id": 153932681, "alt_name": null, "old_name": null, "official_name": null}}, {"type": "Feature", "geometry": {"type": "LineString", "coordinates": [[470533.112, 5364666.297], [470517.359, 5364675.205], [470515.059, 5364676.751], [470514.528, 5364677.109], [470509.655, 5364680.292], [470504.788, 5364684.485], [470500.128, 5364690.223]]}, "properties": {"name": "Viewfield Road", "highway": "residential", "osm_id": 153932682, "alt_name": null, "old_name": null, "official_name": null}}, {"type": "Feature", "geometry": {"type": "LineString", "coordinates": [[472656.375, 5363812.86], [472657.633, 5363820.591], [472657.778, 5363821.502], [472658.213, 5363824.19], [472661.66, 5363847.149]]}, "properties": {"name": "Waddington Alley", "highway": "service", "osm_id": 153932683, "alt_name": null, "old_name": null, "official_name": null}}, {"type": "Feature", "geometry": {"type": "LineString", "coordinates": [[470954.006, 5364775.247], [470954.399, 5364801.422], [470954.926, 5364804.643], [470955.706, 5364806.718], [470957.526, 5364808.309], [470960.44, 5364809.717]]}, "properties": {"name": "Walker Street", "highway": "residential", "osm_id": 153932684, "alt_name": null, "old_name": null, "official_name": null}}, {"type": "Feature", "geometry": {"type": "LineString", "coordinates": [[471311.286, 5364229.636], [471230.991, 5364345.635], [471230.298, 5364449.559]]}, "properties": {"name": "William Street", "highway": "residential", "osm_id": 153932686, "alt_name": null, "old_name": null, "official_name": null}}, {"type": "Feature", "geometry": {"type": "LineString", "coordinates": [[472887.688, 5365888.221], [472904.821, 5365890.973]]}, "properties": {"name": "Finlayson Street", "highway": "secondary", "osm_id": 156129401, "alt_name": null, "old_name": null, "official_name": null}}, {"type": "Feature", "geometry": {"type": "LineString", "coordinates": [[472631.42, 5365845.336], [472656.151, 5365850.018]]}, "properties": {"name": "Finlayson Street", "highway": "secondary", "osm_id": 156129402, "alt_name": null, "old_name": null, "official_name": null}}, {"type": "Feature", "geometry": {"type": "LineString", "coordinates": [[470368.685, 5363760.948], [470370.265, 5363767.265], [470371.37, 5363769.193], [470372.983, 5363772.075], [470444.982, 5363830.49], [470445.661, 5363831.542], [470446.916, 5363833.836], [470447.973, 5363837.977]]}, "properties": {"name": "Gore Street", "highway": "residential", "osm_id": 157279094, "alt_name": null, "old_name": null, "official_name": null}}, {"type": "Feature", "geometry": {"type": "LineString", "coordinates": [[470492.912, 5363313.094], [470504.955, 5363301.237], [470514.627, 5363287.515], [470521.038, 5363272.642], [470588.65, 5363049.288]]}, "properties": {"name": "Victoria View Road", "highway": "residential", "osm_id": 157613926, "alt_name": null, "old_name": null, "official_name": null}}, {"type": "Feature", "geometry": {"type": "LineString", "coordinates": [[473732.896, 5364725.508], [473773.651, 5364722.195]]}, "properties": {"name": "Bay Street", "highway": "secondary", "osm_id": 164977194, "alt_name": null, "old_name": null, "official_name": null}}, {"type": "Feature", "geometry": {"type": "LineString", "coordinates": [[473801.255, 5364720.344], [473861.194, 5364716.344], [473944.161, 5364709.225]]}, "properties": {"name": "Bay Street", "highway": "secondary", "osm_id": 164977195, "alt_name": null, "old_name": null, "official_name": null}}, {"type": "Feature", "geometry": {"type": "LineString", "coordinates": [[471985.309, 5364432.903], [471934.733, 5364414.556], [471930.524, 5364413.032]]}, "properties": {"name": "Harbour Road", "highway": "residential", "osm_id": 165350858, "alt_name": null, "old_name": null, "official_name": null}}, {"type": "Feature", "geometry": {"type": "LineString", "coordinates": [[473673.445, 5365028.729], [473715.142, 5365036.005]]}, "properties": {"name": "Kings Road", "highway": "residential", "osm_id": 165533538, "alt_name": null, "old_name": null, "official_name": null}}, {"type": "Feature", "geometry": {"type": "LineString", "coordinates": [[473715.142, 5365036.005], [473747.232, 5365041.737], [473773.0, 5365046.364]]}, "properties": {"name": "Kings Road", "highway": "residential", "osm_id": 165533539, "alt_name": null, "old_name": null, "official_name": null}}, {"type": "Feature", "geometry": {"type": "LineString", "coordinates": [[473546.793, 5365740.31], [473564.549, 5365743.507]]}, "properties": {"name": "Summit Avenue", "highway": "residential", "osm_id": 165533937, "alt_name": null, "old_name": null, "official_name": null}}, {"type": "Feature", "geometry": {"type": "LineString", "coordinates": [[473738.233, 5365779.147], [473773.391, 5365787.02], [473790.08, 5365791.356], [473804.321, 5365794.058], [473806.829, 5365794.28], [473818.289, 5365795.316], [473836.059, 5365795.067], [473840.2, 5365795.004], [473846.397, 5365794.919]]}, "properties": {"name": "Summit Avenue", "highway": "residential", "osm_id": 165533938, "alt_name": null, "old_name": null, "official_name": null}}, {"type": "Feature", "geometry": {"type": "LineString", "coordinates": [[473503.854, 5365393.98], [473527.651, 5365269.93], [473534.524, 5365233.872], [473536.718, 5365222.334], [473537.947, 5365214.714], [473543.697, 5365179.029], [473548.805, 5365151.482], [473561.921, 5365080.759], [473566.907, 5365053.891], [473575.264, 5365009.345]]}, "properties": {"name": "Fifth Street", "highway": "residential", "osm_id": 165534975, "alt_name": null, "old_name": null, "official_name": null}}, {"type": "Feature", "geometry": {"type": "LineString", "coordinates": [[473604.099, 5365411.586], [473570.814, 5365581.978]]}, "properties": {"name": "Graham Street", "highway": "residential", "osm_id": 165534978, "alt_name": null, "old_name": null, "official_name": null}}, {"type": "Feature", "geometry": {"type": "LineString", "coordinates": [[473800.308, 5365447.879], [474029.333, 5365491.176], [474039.926, 5365493.172], [474045.684, 5365494.235], [474118.971, 5365507.761], [474125.314, 5365508.666], [474130.1, 5365507.388], [474135.724, 5365503.238]]}, "properties": {"name": "Vista Heights", "highway": "residential", "osm_id": 165534980, "alt_name": null, "old_name": null, "official_name": null}}, {"type": "Feature", "geometry": {"type": "LineString", "coordinates": [[471255.49, 5364960.552], [471249.537, 5364968.13], [471247.395, 5364971.542], [471238.554, 5364984.293], [471230.728, 5364995.77], [471217.216, 5365014.858], [471174.87, 5365072.697], [471149.35, 5365104.095], [471136.088, 5365114.178], [471119.715, 5365123.443], [471098.259, 5365135.113], [471060.264, 5365155.349], [471054.407, 5365158.369]]}, "properties": {"name": "Craigflower Road", "highway": "secondary", "osm_id": 165554645, "alt_name": null, "old_name": null, "official_name": null}}, {"type": "Feature", "geometry": {"type": "LineString", "coordinates": [[471537.963, 5364787.033], [471448.233, 5364787.051], [471445.408, 5364787.154], [471395.068, 5364788.898], [471380.917, 5364790.203], [471370.225, 5364795.348]]}, "properties": {"name": "Skinner Street", "highway": "secondary", "osm_id": 165554646, "alt_name": null, "old_name": null, "official_name": null}}, {"type": "Feature", "geometry": {"type": "LineString", "coordinates": [[474538.224, 5365406.809], [474538.147, 5365410.889], [474537.531, 5365415.438], [474536.618, 5365419.71], [474535.198, 5365424.585], [474531.344, 5365434.229], [474527.114, 5365442.685], [474519.825, 5365451.443], [474511.113, 5365458.141], [474466.919, 5365490.108], [474452.673, 5365501.166], [474402.16, 5365543.511], [474348.792, 5365587.415], [474294.373, 5365650.554]]}, "properties": {"name": "Cedar Hill Road", "highway": "tertiary", "osm_id": 165555071, "alt_name": null, "old_name": null, "official_name": null}}, {"type": "Feature", "geometry": {"type": "LineString", "coordinates": [[472571.263, 5363921.527], [472573.229, 5363918.138], [472574.689, 5363912.651], [472579.041, 5363896.301], [472585.217, 5363873.118], [472587.015, 5363870.108], [472590.21, 5363868.314], [472593.689, 5363867.152], [472595.816, 5363866.575], [472599.297, 5363865.758], [472611.682, 5363862.852]]}, "properties": {"name": "Wharf Street", "highway": "unclassified", "osm_id": 169129992, "alt_name": null, "old_name": null, "official_name": null}}, {"type": "Feature", "geometry": {"type": "LineString", "coordinates": [[472978.308, 5362955.601], [472985.117, 5362951.278], [473024.346, 5362926.37], [473030.528, 5362922.417]]}, "properties": {"name": "Academy Close", "highway": "residential", "osm_id": 172237615, "alt_name": null, "old_name": null, "official_name": null}}, {"type": "Feature", "geometry": {"type": "LineString", "coordinates": [[474239.926, 5362811.515], [474395.626, 5362784.81], [474397.787, 5362785.067], [474400.358, 5362785.822], [474409.809, 5362789.592]]}, "properties": {"name": "Minto Street", "highway": "residential", "osm_id": 172237617, "alt_name": null, "old_name": null, "official_name": null}}, {"type": "Feature", "geometry": {"type": "LineString", "coordinates": [[472127.811, 5362794.175], [472183.508, 5362866.92]]}, "properties": {"name": "Alma Place", "highway": "residential", "osm_id": 172244010, "alt_name": null, "old_name": null, "official_name": null}}, {"type": "Feature", "geometry": {"type": "LineString", "coordinates": [[475518.825, 5362071.885], [475472.67, 5362058.145]]}, "properties": {"name": "Ross Street", "highway": "residential", "osm_id": 173988913, "alt_name": null, "old_name": null, "official_name": null}}, {"type": "Feature", "geometry": {"type": "LineString", "coordinates": [[473048.904, 5362188.654], [473030.202, 5362200.737], [473011.16, 5362211.176], [472997.859, 5362218.476], [472975.589, 5362226.996], [472955.422, 5362231.317]]}, "properties": {"name": "Circle Drive", "highway": "unclassified", "osm_id": 180755768, "alt_name": null, "old_name": null, "official_name": null}}, {"type": "Feature", "geometry": {"type": "LineString", "coordinates": [[473283.913, 5362161.553], [473287.982, 5362170.794], [473293.423, 5362185.329], [473296.048, 5362197.311], [473296.892, 5362206.966], [473296.547, 5362220.151], [473297.617, 5362228.872], [473300.068, 5362235.518], [473303.544, 5362241.249], [473306.955, 5362244.456], [473312.798, 5362248.475]]}, "properties": {"name": "Heywood Way", "highway": "unclassified", "osm_id": 180755770, "alt_name": null, "old_name": null, "official_name": null}}, {"type": "Feature", "geometry": {"type": "LineString", "coordinates": [[471727.798, 5362869.953], [471732.112, 5362867.03], [471765.363, 5362844.533]]}, "properties": {"name": "Dobinson Street", "highway": "service", "osm_id": 188000070, "alt_name": null, "old_name": null, "official_name": null}}, {"type": "Feature", "geometry": {"type": "LineString", "coordinates": [[472747.117, 5363729.389], [472741.883, 5363730.226], [472709.475, 5363735.44], [472696.191, 5363737.571]]}, "properties": {"name": "Chancery Lane", "highway": "pedestrian", "osm_id": 188002722, "alt_name": null, "old_name": null, "official_name": null}}, {"type": "Feature", "geometry": {"type": "LineString", "coordinates": [[476153.8, 5364512.783], [476153.626, 5364469.689], [476153.119, 5364424.861]]}, "properties": {"name": "Foul Bay Road", "highway": "secondary", "osm_id": 207542853, "alt_name": null, "old_name": null, "official_name": null}}, {"type": "Feature", "geometry": {"type": "LineString", "coordinates": [[471075.231, 5364265.461], [471044.293, 5364272.189], [470998.387, 5364282.672], [470974.8, 5364290.641], [470947.529, 5364302.808]]}, "properties": {"name": "Esquimalt Road", "highway": "secondary", "osm_id": 209294553, "alt_name": null, "old_name": null, "official_name": null}}, {"type": "Feature", "geometry": {"type": "LineString", "coordinates": [[472180.101, 5365531.038], [472246.072, 5365620.34]]}, "properties": {"name": "Jutland Road", "highway": "tertiary", "osm_id": 211848096, "alt_name": null, "old_name": null, "official_name": null}}, {"type": "Feature", "geometry": {"type": "LineString", "coordinates": [[476173.45, 5363593.719], [476115.571, 5363592.873], [476075.034, 5363592.399]]}, "properties": {"name": "Granite Street", "highway": "residential", "osm_id": 219811196, "alt_name": null, "old_name": null, "official_name": null}}, {"type": "Feature", "geometry": {"type": "LineString", "coordinates": [[471925.841, 5363992.083], [471924.438, 5363988.055], [471924.506, 5363983.797], [471926.025, 5363979.81], [471928.827, 5363976.584], [471932.56, 5363974.509], [471936.788, 5363973.832], [471940.987, 5363974.634], [471944.66, 5363976.828], [471947.354, 5363980.127], [471948.757, 5363984.166], [471948.69, 5363988.424], [471947.171, 5363992.411], [471944.368, 5363995.637], [471940.635, 5363997.712], [471936.407, 5363998.389], [471932.208, 5363997.587], [471928.536, 5363995.393], [471925.841, 5363992.083]]}, "properties": {"name": "Saghalie Road", "highway": "residential", "osm_id": 222412863, "alt_name": null, "old_name": null, "official_name": null}}, {"type": "Feature", "geometry": {"type": "LineString", "coordinates": [[472135.974, 5363978.607], [472115.79, 5363982.408], [472104.478, 5363985.287]]}, "properties": {"name": "Esquimalt Road", "highway": "secondary", "osm_id": 230267414, "alt_name": null, "old_name": null, "official_name": null}}, {"type": "Feature", "geometry": {"type": "LineString", "coordinates": [[472095.262, 5364021.714], [472096.723, 5364030.01], [472097.688, 5364039.698], [472097.005, 5364052.674], [472095.647, 5364062.229], [472092.968, 5364069.578], [472091.409, 5364073.009], [472085.559, 5364085.221], [472044.19, 5364173.45], [472042.206, 5364177.673], [472008.635, 5364249.279]]}, "properties": {"name": "Tyee Road", "highway": "tertiary", "osm_id": 230267415, "alt_name": null, "old_name": null, "official_name": null}}, {"type": "Feature", "geometry": {"type": "LineString", "coordinates": [[473865.324, 5363839.835], [473853.055, 5363840.603], [473825.957, 5363842.273]]}, "properties": {"name": "Pandora Avenue", "highway": "secondary", "osm_id": 230269880, "alt_name": null, "old_name": null, "official_name": null}}, {"type": "Feature", "geometry": {"type": "LineString", "coordinates": [[473855.195, 5363704.882], [473854.853, 5363702.772], [473853.847, 5363696.541], [473839.195, 5363605.96]]}, "properties": {"name": "Cook Street", "highway": "secondary", "osm_id": 230269881, "alt_name": null, "old_name": null, "official_name": null}}, {"type": "Feature", "geometry": {"type": "LineString", "coordinates": [[473863.503, 5363788.189], [473864.422, 5363770.933], [473862.507, 5363750.211], [473857.0, 5363716.078], [473855.195, 5363704.882]]}, "properties": {"name": "Cook Street", "highway": "secondary", "osm_id": 230269882, "alt_name": null, "old_name": null, "official_name": null}}, {"type": "Feature", "geometry": {"type": "LineString", "coordinates": [[473855.195, 5363704.882], [473866.041, 5363703.198], [473895.412, 5363698.617], [473913.724, 5363695.764], [473925.752, 5363693.931], [473932.036, 5363692.957], [473949.483, 5363690.253], [473967.817, 5363687.401], [473985.775, 5363684.618], [474055.785, 5363673.737], [474080.455, 5363671.501], [474290.608, 5363652.458], [474300.672, 5363651.434], [474308.142, 5363650.856], [474371.122, 5363646.013], [474394.996, 5363645.95], [474435.67, 5363645.833], [474442.994, 5363645.811], [474450.846, 5363646.287], [474512.378, 5363650.022], [474539.425, 5363653.113], [474563.128, 5363662.866], [474569.762, 5363665.727], [474574.099, 5363667.63], [474598.021, 5363685.041], [474620.231, 5363710.029], [474623.666, 5363717.084]]}, "properties": {"name": "Johnson Street", "highway": "secondary", "osm_id": 230269883, "alt_name": null, "old_name": null, "official_name": null}}, {"type": "Feature", "geometry": {"type": "LineString", "coordinates": [[474204.233, 5365601.144], [474193.671, 5365579.783], [474176.576, 5365554.673], [474164.408, 5365539.711], [474135.724, 5365503.238], [474133.702, 5365500.936], [474120.305, 5365484.023], [474062.052, 5365410.493], [474040.318, 5365383.537]]}, "properties": {"name": "Cook Street", "highway": "secondary", "osm_id": 230270251, "alt_name": null, "old_name": null, "official_name": null}}, {"type": "Feature", "geometry": {"type": "LineString", "coordinates": [[474277.812, 5365672.883], [474279.224, 5365676.033], [474280.644, 5365679.184]]}, "properties": {"name": "Cedar Hill Road", "highway": "tertiary", "osm_id": 230270252, "alt_name": null, "old_name": null, "official_name": null}}, {"type": "Feature", "geometry": {"type": "LineString", "coordinates": [[473443.205, 5363877.323], [473432.144, 5363878.564], [473424.454, 5363879.434], [473399.67, 5363882.229], [473346.323, 5363888.238], [473334.544, 5363889.561]]}, "properties": {"name": "Pandora Avenue", "highway": "secondary", "osm_id": 230486314, "alt_name": null, "old_name": null, "official_name": null}}, {"type": "Feature", "geometry": {"type": "LineString", "coordinates": [[472597.232, 5362343.026], [472606.308, 5362363.868], [472629.539, 5362418.134], [472644.977, 5362453.818], [472650.103, 5362465.665], [472654.188, 5362474.827], [472675.57, 5362524.755], [472677.145, 5362527.604], [472687.622, 5362550.63], [472691.104, 5362563.729], [472692.392, 5362569.881]]}, "properties": {"name": "Government Street", "highway": "tertiary", "osm_id": 230603399, "alt_name": null, "old_name": null, "official_name": null}}, {"type": "Feature", "geometry": {"type": "LineString", "coordinates": [[472770.007, 5362186.475], [472749.555, 5362136.219], [472746.639, 5362126.829], [472741.325, 5362109.715]]}, "properties": {"name": "Douglas Street", "highway": "primary", "osm_id": 230603400, "alt_name": null, "old_name": null, "official_name": null}}, {"type": "Feature", "geometry": {"type": "LineString", "coordinates": [[472692.392, 5362569.881], [472684.44, 5362568.897], [472641.514, 5362564.191], [472621.831, 5362562.552], [472557.915, 5362556.903], [472490.652, 5362550.571], [472446.36, 5362546.395], [472383.49, 5362541.243], [472346.899, 5362538.254], [472344.352, 5362538.044], [472332.216, 5362536.347]]}, "properties": {"name": "Toronto Street", "highway": "residential", "osm_id": 230603401, "alt_name": null, "old_name": null, "official_name": null}}, {"type": "Feature", "geometry": {"type": "LineString", "coordinates": [[472204.239, 5362364.158], [472193.511, 5362372.081], [472150.732, 5362403.692], [472088.246, 5362449.874], [472039.787, 5362484.749], [472007.554, 5362510.23], [471925.044, 5362569.339], [471869.147, 5362609.399]]}, "properties": {"name": "Niagara Street", "highway": "residential", "osm_id": 230603402, "alt_name": null, "old_name": null, "official_name": null}}, {"type": "Feature", "geometry": {"type": "LineString", "coordinates": [[472597.232, 5362343.026], [472602.223, 5362339.345], [472678.471, 5362283.865], [472683.227, 5362280.408], [472687.998, 5362276.85], [472772.189, 5362213.997], [472780.336, 5362207.911]]}, "properties": {"name": "Simcoe Street", "highway": "residential", "osm_id": 230603403, "alt_name": null, "old_name": null, "official_name": null}}, {"type": "Feature", "geometry": {"type": "LineString", "coordinates": [[473527.337, 5361699.837], [473528.987, 5361699.751], [473565.013, 5361697.938], [473611.486, 5361694.053], [473624.022, 5361692.394], [473634.828, 5361689.387], [473680.59, 5361672.601], [473690.668, 5361668.909], [473769.371, 5361640.866]]}, "properties": {"name": "Dallas Road", "highway": "secondary", "osm_id": 230603824, "alt_name": null, "old_name": null, "official_name": null}}, {"type": "Feature", "geometry": {"type": "LineString", "coordinates": [[472156.635, 5363002.674], [472159.98, 5363007.326], [472162.141, 5363010.439], [472164.324, 5363013.574], [472211.055, 5363078.282], [472221.864, 5363093.057], [472235.875, 5363112.219], [472260.299, 5363145.602], [472265.677, 5363152.956], [472270.403, 5363160.047], [472292.771, 5363193.674], [472312.852, 5363224.132], [472317.289, 5363231.314]]}, "properties": {"name": "Oswego Street", "highway": "tertiary", "osm_id": 230603825, "alt_name": null, "old_name": null, "official_name": null}}, {"type": "Feature", "geometry": {"type": "LineString", "coordinates": [[472156.635, 5363002.674], [472161.91, 5362999.558], [472165.097, 5362997.675], [472354.388, 5362885.881], [472425.719, 5362843.772], [472434.78, 5362838.726], [472444.344, 5362833.399]]}, "properties": {"name": "Superior Street", "highway": "tertiary", "osm_id": 230603826, "alt_name": null, "old_name": null, "official_name": null}}, {"type": "Feature", "geometry": {"type": "LineString", "coordinates": [[471690.503, 5363110.771], [471682.733, 5363116.412], [471579.45, 5363191.382], [471552.285, 5363211.093], [471534.069, 5363224.323], [471531.135, 5363226.461], [471526.211, 5363230.042]]}, "properties": {"name": "Ontario Street", "highway": "residential", "osm_id": 230603827, "alt_name": null, "old_name": null, "official_name": null}}, {"type": "Feature", "geometry": {"type": "LineString", "coordinates": [[472653.246, 5364274.086], [472661.302, 5364274.236], [472663.721, 5364274.302], [472670.357, 5364274.437], [472703.486, 5364275.122], [472727.715, 5364275.617], [472744.013, 5364275.95], [472754.17, 5364276.168], [472757.425, 5364276.23], [472763.381, 5364276.346], [472781.107, 5364276.716], [472790.776, 5364276.914], [472800.031, 5364277.137]]}, "properties": {"name": "Chatham Street", "highway": "tertiary", "osm_id": 231720815, "alt_name": null, "old_name": null, "official_name": null}}, {"type": "Feature", "geometry": {"type": "LineString", "coordinates": [[473472.776, 5364244.134], [473454.112, 5364245.555], [473423.657, 5364248.888], [473391.474, 5364252.663], [473373.753, 5364254.714], [473361.057, 5364255.885], [473342.786, 5364257.538], [473321.734, 5364259.449], [473297.718, 5364261.619], [473274.515, 5364263.718], [473272.801, 5364264.115], [473266.106, 5364265.614], [473264.857, 5364265.898], [473262.811, 5364266.619], [473254.178, 5364269.661], [473239.907, 5364275.553]]}, "properties": {"name": "Caledonia Avenue", "highway": "tertiary", "osm_id": 231720816, "alt_name": null, "old_name": null, "official_name": null}}, {"type": "Feature", "geometry": {"type": "LineString", "coordinates": [[475463.35, 5362050.605], [475445.738, 5362035.308], [475440.453, 5362031.53], [475434.475, 5362028.565], [475419.399, 5362022.94], [475407.823, 5362020.878], [475372.153, 5362020.699], [475290.785, 5362020.208], [475199.256, 5362019.574], [475114.762, 5362018.411]]}, "properties": {"name": "Ross Street", "highway": "residential", "osm_id": 255625630, "alt_name": null, "old_name": null, "official_name": null}}, {"type": "Feature", "geometry": {"type": "LineString", "coordinates": [[472337.179, 5363221.135], [472350.42, 5363215.946], [472359.976, 5363212.209], [472368.579, 5363208.876], [472408.739, 5363193.675]]}, "properties": {"name": "Belleville Street", "highway": "secondary", "osm_id": 257838720, "alt_name": null, "old_name": null, "official_name": null}}, {"type": "Feature", "geometry": {"type": "LineString", "coordinates": [[470452.273, 5366238.569], [470455.906, 5366243.074], [470485.244, 5366280.57], [470490.458, 5366287.735], [470507.889, 5366309.386], [470514.723, 5366318.21], [470524.268, 5366330.688], [470544.855, 5366357.592]]}, "properties": {"name": "Tillicum Road", "highway": "secondary", "osm_id": 258422055, "alt_name": null, "old_name": null, "official_name": null}}, {"type": "Feature", "geometry": {"type": "LineString", "coordinates": [[474997.809, 5365679.829], [475067.013, 5365721.029], [475106.415, 5365744.488]]}, "properties": {"name": "Hillside Avenue", "highway": "secondary", "osm_id": 258986181, "alt_name": null, "old_name": null, "official_name": null}}, {"type": "Feature", "geometry": {"type": "LineString", "coordinates": [[475358.621, 5366166.024], [475357.92, 5366158.012], [475357.43, 5366152.345], [475356.976, 5366136.308]]}, "properties": {"name": "Shelbourne Street", "highway": "secondary", "osm_id": 258986182, "alt_name": null, "old_name": null, "official_name": null}}, {"type": "Feature", "geometry": {"type": "LineString", "coordinates": [[475319.329, 5364587.086], [475320.935, 5364536.481], [475321.549, 5364504.254], [475334.929, 5364469.948], [475343.003, 5364455.574], [475362.55, 5364420.775]]}, "properties": {"name": "Shelbourne Street", "highway": "secondary", "osm_id": 258986184, "alt_name": null, "old_name": null, "official_name": null}}, {"type": "Feature", "geometry": {"type": "LineString", "coordinates": [[475714.201, 5364988.009], [475711.077, 5364966.78], [475707.428, 5364941.953], [475702.727, 5364909.982], [475697.014, 5364864.41], [475688.49, 5364805.212]]}, "properties": {"name": "Richmond Road", "highway": "secondary", "osm_id": 259278884, "alt_name": null, "old_name": null, "official_name": null}}, {"type": "Feature", "geometry": {"type": "LineString", "coordinates": [[476035.634, 5362331.526], [476040.226, 5362337.742], [476062.345, 5362357.223], [476070.329, 5362364.181], [476109.892, 5362400.184], [476104.736, 5362425.205], [476094.734, 5362483.448], [476093.386, 5362490.368], [476086.196, 5362531.126], [476086.856, 5362540.193]]}, "properties": {"name": "Denison Road", "highway": "residential", "osm_id": 259292246, "alt_name": null, "old_name": null, "official_name": null}}, {"type": "Feature", "geometry": {"type": "LineString", "coordinates": [[476105.511, 5363500.278], [476099.239, 5363502.483], [476093.938, 5363503.306], [476088.566, 5363503.284], [476084.41, 5363501.768], [476077.733, 5363492.147]]}, "properties": {"name": "Brighton Avenue", "highway": "residential", "osm_id": 259798452, "alt_name": null, "old_name": null, "official_name": null}}, {"type": "Feature", "geometry": {"type": "LineString", "coordinates": [[476105.511, 5363500.278], [476111.904, 5363500.484], [476191.163, 5363500.818]]}, "properties": {"name": "Brighton Avenue", "highway": "residential", "osm_id": 259798453, "alt_name": null, "old_name": null, "official_name": null}}, {"type": "Feature", "geometry": {"type": "LineString", "coordinates": [[474600.352, 5366188.816], [474666.482, 5366185.04], [474724.863, 5366183.134], [474728.626, 5366183.04], [474740.45, 5366182.809]]}, "properties": {"name": "North Dairy Road", "highway": "tertiary", "osm_id": 261966653, "alt_name": null, "old_name": null, "official_name": null}}, {"type": "Feature", "geometry": {"type": "LineString", "coordinates": [[472653.566, 5363992.636], [472643.091, 5363992.642], [472638.468, 5363992.754], [472619.56, 5363992.789], [472601.74, 5363993.053], [472573.81, 5363992.299]]}, "properties": {"name": "Pandora Avenue", "highway": "secondary", "osm_id": 265561087, "alt_name": null, "old_name": null, "official_name": null}}, {"type": "Feature", "geometry": {"type": "LineString", "coordinates": [[472828.312, 5363092.551], [472817.2, 5363095.773], [472769.935, 5363109.427], [472753.723, 5363113.985], [472738.873, 5363116.891]]}, "properties": {"name": "Belleville Street", "highway": "secondary", "osm_id": 275816359, "alt_name": null, "old_name": null, "official_name": null}}, {"type": "Feature", "geometry": {"type": "LineString", "coordinates": [[473226.371, 5363997.137], [473225.131, 5364004.045]]}, "properties": {"name": "Blanshard Street", "highway": "primary", "osm_id": 275824541, "alt_name": null, "old_name": null, "official_name": null}}, {"type": "Feature", "geometry": {"type": "LineString", "coordinates": [[473139.83, 5363207.058], [473137.831, 5363237.991], [473137.25, 5363251.066], [473137.324, 5363263.659]]}, "properties": {"name": "Blanshard Street", "highway": "primary", "osm_id": 275824542, "alt_name": null, "old_name": null, "official_name": null}}, {"type": "Feature", "geometry": {"type": "LineString", "coordinates": [[473223.271, 5364014.369], [473222.254, 5364021.377]]}, "properties": {"name": "Blanshard Street", "highway": "primary", "osm_id": 275824543, "alt_name": null, "old_name": null, "official_name": null}}, {"type": "Feature", "geometry": {"type": "LineString", "coordinates": [[473047.713, 5365485.559], [473037.97, 5365483.493], [472970.667, 5365470.731], [472958.44, 5365468.866], [472893.717, 5365457.637], [472842.833, 5365448.099], [472830.367, 5365445.758], [472802.215, 5365440.48], [472753.64, 5365431.388], [472751.271, 5365430.943], [472736.481, 5365428.169]]}, "properties": {"name": "Topaz Avenue", "highway": "tertiary", "osm_id": 275824545, "alt_name": null, "old_name": null, "official_name": null}}, {"type": "Feature", "geometry": {"type": "LineString", "coordinates": [[473136.338, 5363174.339], [473138.905, 5363185.02], [473139.403, 5363187.174], [473140.256, 5363195.307], [473139.83, 5363207.058]]}, "properties": {"name": "Blanshard Street", "highway": "primary", "osm_id": 275855352, "alt_name": null, "old_name": null, "official_name": null}}, {"type": "Feature", "geometry": {"type": "LineString", "coordinates": [[473230.357, 5363812.265], [473231.885, 5363820.861], [473243.883, 5363891.033], [473244.243, 5363895.289], [473244.595, 5363899.222], [473244.845, 5363903.667]]}, "properties": {"name": "Blanshard Street", "highway": "primary", "osm_id": 275855353, "alt_name": null, "old_name": null, "official_name": null}}, {"type": "Feature", "geometry": {"type": "LineString", "coordinates": [[473078.109, 5363105.565], [473084.178, 5363112.272], [473085.917, 5363113.931], [473089.762, 5363118.07], [473107.85, 5363134.702], [473120.99, 5363147.034], [473127.6, 5363155.573], [473132.79, 5363164.074], [473136.338, 5363174.339]]}, "properties": {"name": "Blanshard Street", "highway": "primary", "osm_id": 275855354, "alt_name": null, "old_name": null, "official_name": null}}, {"type": "Feature", "geometry": {"type": "LineString", "coordinates": [[472986.919, 5363652.054], [472985.678, 5363644.769], [472973.858, 5363575.508], [472973.333, 5363572.409], [472972.732, 5363568.922], [472972.496, 5363567.511], [472971.286, 5363560.425]]}, "properties": {"name": "Douglas Street", "highway": "primary", "osm_id": 275860480, "alt_name": null, "old_name": null, "official_name": null}}, {"type": "Feature", "geometry": {"type": "LineString", "coordinates": [[473309.098, 5365888.03], [473320.841, 5365823.671], [473331.67, 5365764.362]]}, "properties": {"name": "Quadra Street", "highway": "secondary", "osm_id": 275868702, "alt_name": null, "old_name": null, "official_name": null}}, {"type": "Feature", "geometry": {"type": "LineString", "coordinates": [[475096.439, 5366171.473], [475172.677, 5366169.337], [475185.411, 5366169.303]]}, "properties": {"name": "North Dairy Road", "highway": "tertiary", "osm_id": 275869224, "alt_name": null, "old_name": null, "official_name": null}}, {"type": "Feature", "geometry": {"type": "LineString", "coordinates": [[475185.411, 5366169.303], [475195.8, 5366169.124], [475274.002, 5366167.815], [475288.968, 5366167.517], [475323.018, 5366166.668]]}, "properties": {"name": "North Dairy Road", "highway": "tertiary", "osm_id": 275980193, "alt_name": null, "old_name": null, "official_name": null}}, {"type": "Feature", "geometry": {"type": "LineString", "coordinates": [[474096.62, 5366307.613], [474113.227, 5366216.711], [474127.165, 5366143.628]]}, "properties": {"name": "Cook Street", "highway": "secondary", "osm_id": 276017780, "alt_name": null, "old_name": null, "official_name": null}}, {"type": "Feature", "geometry": {"type": "LineString", "coordinates": [[474041.55, 5366407.139], [474049.942, 5366397.308], [474058.94, 5366385.762], [474069.996, 5366371.416], [474074.986, 5366363.101], [474077.621, 5366358.721]]}, "properties": {"name": "Cook Street", "highway": "secondary", "osm_id": 276017781, "alt_name": null, "old_name": null, "official_name": null}}, {"type": "Feature", "geometry": {"type": "LineString", "coordinates": [[470454.234, 5364073.975], [470459.09, 5364080.263], [470460.837, 5364081.877], [470552.516, 5364131.709], [470566.545, 5364139.473], [470660.016, 5364191.265], [470674.26, 5364199.15], [470722.482, 5364225.879], [470745.361, 5364238.555], [470789.583, 5364263.059], [470789.89, 5364278.063], [470790.506, 5364308.617], [470791.934, 5364356.04]]}, "properties": {"name": "Dunsmuir Road", "highway": "residential", "osm_id": 276017782, "alt_name": null, "old_name": null, "official_name": null}}, {"type": "Feature", "geometry": {"type": "LineString", "coordinates": [[470475.84, 5363961.238], [470459.918, 5363891.403], [470447.973, 5363837.977]]}, "properties": {"name": "Head Street", "highway": "residential", "osm_id": 276017784, "alt_name": null, "old_name": null, "official_name": null}}, {"type": "Feature", "geometry": {"type": "LineString", "coordinates": [[471526.211, 5363230.042], [471475.183, 5363156.891]]}, "properties": {"name": "Dallas Road", "highway": "tertiary", "osm_id": 276148850, "alt_name": null, "old_name": null, "official_name": null}}, {"type": "Feature", "geometry": {"type": "LineString", "coordinates": [[472796.557, 5366190.104], [472793.413, 5366203.536], [472790.051, 5366217.913], [472784.161, 5366246.409], [472778.662, 5366276.248], [472774.391, 5366293.876], [472768.698, 5366313.922], [472761.938, 5366333.685], [472752.183, 5366358.075], [472740.618, 5366382.652], [472726.256, 5366408.343], [472689.85, 5366469.099]]}, "properties": {"name": "Blanshard Street", "highway": "trunk", "osm_id": 276149817, "alt_name": null, "old_name": null, "official_name": null}}, {"type": "Feature", "geometry": {"type": "LineString", "coordinates": [[473159.96, 5364738.487], [473160.297, 5364712.752], [473161.497, 5364694.328], [473163.863, 5364672.33], [473167.248, 5364649.927], [473172.148, 5364627.239], [473180.557, 5364595.575], [473190.671, 5364557.0], [473206.592, 5364498.257], [473213.489, 5364472.325], [473215.175, 5364465.981], [473224.218, 5364432.258], [473232.401, 5364401.228], [473235.469, 5364386.886], [473238.984, 5364366.661], [473241.133, 5364348.744], [473242.133, 5364334.867], [473242.525, 5364316.168], [473241.863, 5364296.619], [473241.481, 5364292.53], [473240.959, 5364286.897], [473239.907, 5364275.553]]}, "properties": {"name": "Blanshard Street", "highway": "primary", "osm_id": 276149818, "alt_name": null, "old_name": null, "official_name": null}}, {"type": "Feature", "geometry": {"type": "LineString", "coordinates": [[472890.847, 5365000.253], [472891.41, 5364998.727], [472906.124, 5364959.096]]}, "properties": {"name": "Douglas Street", "highway": "primary", "osm_id": 276149820, "alt_name": null, "old_name": null, "official_name": null}}, {"type": "Feature", "geometry": {"type": "LineString", "coordinates": [[473090.023, 5365141.439], [473113.498, 5365146.04], [473121.494, 5365147.614]]}, "properties": {"name": "Hillside Avenue", "highway": "secondary", "osm_id": 276149822, "alt_name": null, "old_name": null, "official_name": null}}, {"type": "Feature", "geometry": {"type": "LineString", "coordinates": [[472861.513, 5365086.628], [472876.434, 5365087.113], [472880.31, 5365087.239], [472892.861, 5365088.646], [472915.571, 5365094.039]]}, "properties": {"name": "Hillside Avenue", "highway": "secondary", "osm_id": 276149823, "alt_name": null, "old_name": null, "official_name": null}}, {"type": "Feature", "geometry": {"type": "LineString", "coordinates": [[472977.021, 5363214.768], [472974.87, 5363218.391], [472973.248, 5363221.133], [472968.203, 5363230.617]]}, "properties": {"name": "Humboldt Street", "highway": "service", "osm_id": 277637262, "alt_name": null, "old_name": null, "official_name": null}}, {"type": "Feature", "geometry": {"type": "LineString", "coordinates": [[474983.913, 5363765.535], [474984.934, 5363760.54], [474985.76, 5363756.501], [474988.606, 5363742.605]]}, "properties": {"name": "Belmont Avenue", "highway": "residential", "osm_id": 288394644, "alt_name": null, "old_name": null, "official_name": null}}, {"type": "Feature", "geometry": {"type": "LineString", "coordinates": [[474983.913, 5363765.535], [474980.214, 5363765.518]]}, "properties": {"name": "Pandora Avenue", "highway": "secondary", "osm_id": 288394645, "alt_name": null, "old_name": null, "official_name": null}}, {"type": "Feature", "geometry": {"type": "LineString", "coordinates": [[475675.687, 5364726.079], [475713.364, 5364717.136], [475722.375, 5364715.73], [475759.936, 5364714.036], [475863.868, 5364710.835], [475889.421, 5364710.048]]}, "properties": {"name": "Adanac Street", "highway": "residential", "osm_id": 288394646, "alt_name": null, "old_name": null, "official_name": null}}, {"type": "Feature", "geometry": {"type": "LineString", "coordinates": [[475675.687, 5364726.079], [475663.641, 5364644.187], [475653.863, 5364563.351]]}, "properties": {"name": "Richmond Road", "highway": "secondary", "osm_id": 288394647, "alt_name": null, "old_name": null, "official_name": null}}, {"type": "Feature", "geometry": {"type": "LineString", "coordinates": [[474740.45, 5366182.809], [474749.485, 5366182.458], [474752.856, 5366182.398], [474834.448, 5366179.99], [474881.205, 5366178.304], [474912.518, 5366177.464], [474928.497, 5366177.005], [474994.103, 5366175.136]]}, "properties": {"name": "North Dairy Road", "highway": "tertiary", "osm_id": 288394648, "alt_name": null, "old_name": null, "official_name": null}}, {"type": "Feature", "geometry": {"type": "LineString", "coordinates": [[474807.755, 5366022.833], [474811.581, 5366014.991], [474829.579, 5365978.029], [474848.112, 5365941.776], [474851.331, 5365935.493], [474855.13, 5365928.373], [474874.17, 5365892.696], [474894.569, 5365855.135], [474897.415, 5365849.898], [474900.092, 5365844.906], [474919.346, 5365808.995], [474941.657, 5365767.157], [474943.22, 5365764.293], [474960.664, 5365730.569], [474981.194, 5365693.774], [474985.222, 5365686.554], [474991.166, 5365675.912]]}, "properties": {"name": "Doncaster Drive", "highway": "residential", "osm_id": 288394649, "alt_name": null, "old_name": null, "official_name": null}}, {"type": "Feature", "geometry": {"type": "LineString", "coordinates": [[472838.781, 5364371.856], [472838.896, 5364363.374], [472840.527, 5364290.159], [472840.6, 5364286.69], [472840.735, 5364277.942]]}, "properties": {"name": "Government Street", "highway": "secondary", "osm_id": 288394650, "alt_name": null, "old_name": null, "official_name": null}}, {"type": "Feature", "geometry": {"type": "LineString", "coordinates": [[472830.301, 5364804.474], [472845.111, 5364803.324], [472886.221, 5364800.137]]}, "properties": {"name": "Bay Street", "highway": "secondary", "osm_id": 288394651, "alt_name": null, "old_name": null, "official_name": null}}, {"type": "Feature", "geometry": {"type": "LineString", "coordinates": [[475324.849, 5364737.067], [475322.259, 5364643.252], [475319.329, 5364587.086]]}, "properties": {"name": "Shelbourne Street", "highway": "secondary", "osm_id": 288394652, "alt_name": null, "old_name": null, "official_name": null}}, {"type": "Feature", "geometry": {"type": "LineString", "coordinates": [[473214.625, 5363714.344], [473199.45, 5363717.217], [473139.464, 5363727.549], [473113.006, 5363731.598], [473100.705, 5363733.658], [473015.265, 5363747.592], [473003.858, 5363749.413]]}, "properties": {"name": "Yates Street", "highway": "secondary", "osm_id": 288396019, "alt_name": null, "old_name": null, "official_name": null}}, {"type": "Feature", "geometry": {"type": "LineString", "coordinates": [[473214.625, 5363714.344], [473216.584, 5363726.473], [473228.885, 5363802.734], [473229.854, 5363809.021], [473230.357, 5363812.265]]}, "properties": {"name": "Blanshard Street", "highway": "primary", "osm_id": 288396020, "alt_name": null, "old_name": null, "official_name": null}}, {"type": "Feature", "geometry": {"type": "LineString", "coordinates": [[473652.499, 5363858.317], [473652.344, 5363866.321], [473652.473, 5363868.754], [473652.595, 5363871.188], [473652.776, 5363875.033], [473654.25, 5363902.426], [473656.121, 5363922.982], [473656.76, 5363929.948], [473661.281, 5363968.432], [473664.379, 5364015.792], [473664.606, 5364018.381], [473665.195, 5364025.759]]}, "properties": {"name": "Vancouver Street", "highway": "tertiary", "osm_id": 288396021, "alt_name": null, "old_name": null, "official_name": null}}, {"type": "Feature", "geometry": {"type": "LineString", "coordinates": [[473652.499, 5363858.317], [473641.806, 5363859.289], [473631.542, 5363860.215], [473599.065, 5363863.278], [473580.134, 5363865.067], [473551.088, 5363867.815], [473541.017, 5363868.773], [473521.406, 5363870.621]]}, "properties": {"name": "Pandora Avenue", "highway": "secondary", "osm_id": 288396022, "alt_name": null, "old_name": null, "official_name": null}}, {"type": "Feature", "geometry": {"type": "LineString", "coordinates": [[473401.019, 5366293.742], [473339.083, 5366283.263], [473329.714, 5366281.673], [473249.335, 5366268.08], [473240.092, 5366266.511]]}, "properties": {"name": "Tolmie Avenue", "highway": "residential", "osm_id": 288396023, "alt_name": null, "old_name": null, "official_name": null}}, {"type": "Feature", "geometry": {"type": "LineString", "coordinates": [[473240.092, 5366266.511], [473240.47, 5366257.406], [473240.623, 5366253.637], [473268.872, 5366102.03]]}, "properties": {"name": "Quadra Street", "highway": "secondary", "osm_id": 288396024, "alt_name": null, "old_name": null, "official_name": null}}, {"type": "Feature", "geometry": {"type": "LineString", "coordinates": [[472947.984, 5366215.289], [472894.703, 5366205.862], [472891.41, 5366205.3], [472837.801, 5366196.709], [472807.088, 5366191.654]]}, "properties": {"name": "Tolmie Avenue", "highway": "tertiary", "osm_id": 288396025, "alt_name": null, "old_name": null, "official_name": null}}, {"type": "Feature", "geometry": {"type": "LineString", "coordinates": [[476072.613, 5363068.143], [476070.023, 5363006.796], [476068.479, 5362996.754], [476064.805, 5362987.099], [476029.845, 5362941.617], [475964.792, 5362862.917], [475956.263, 5362858.184], [475882.862, 5362833.486], [475866.234, 5362829.6], [475838.149, 5362825.017], [475818.325, 5362821.2], [475799.924, 5362810.919], [475783.418, 5362797.318], [475775.592, 5362782.345], [475770.753, 5362761.757], [475764.409, 5362721.29], [475763.331, 5362706.133], [475763.691, 5362674.419], [475764.892, 5362532.968]]}, "properties": {"name": "Foul Bay Road", "highway": "tertiary", "osm_id": 288396026, "alt_name": null, "old_name": null, "official_name": null}}, {"type": "Feature", "geometry": {"type": "LineString", "coordinates": [[474697.157, 5364634.483], [474778.415, 5364628.596], [474864.803, 5364621.987], [474879.236, 5364620.767], [474918.921, 5364617.568], [474955.888, 5364613.569], [474964.924, 5364613.007], [474976.83, 5364612.254], [475042.475, 5364608.263], [475077.531, 5364605.43], [475129.868, 5364601.309], [475177.442, 5364597.466], [475216.604, 5364594.738], [475269.498, 5364590.938], [475312.215, 5364587.639], [475319.329, 5364587.086]]}, "properties": {"name": "Bay Street", "highway": "secondary", "osm_id": 288396027, "alt_name": null, "old_name": null, "official_name": null}}, {"type": "Feature", "geometry": {"type": "LineString", "coordinates": [[474520.286, 5361814.669], [474525.68, 5361817.612], [474695.905, 5361911.777], [474725.014, 5361925.775], [474755.468, 5361937.722], [474779.865, 5361945.561], [474809.292, 5361952.989], [474830.296, 5361956.786], [474910.382, 5361966.713], [474951.596, 5361970.388], [474974.571, 5361969.686], [474992.723, 5361967.783], [475008.43, 5361965.213], [475034.213, 5361958.485], [475053.045, 5361951.422], [475056.872, 5361949.982]]}, "properties": {"name": "Dallas Road", "highway": "secondary", "osm_id": 288396514, "alt_name": null, "old_name": null, "official_name": null}}, {"type": "Feature", "geometry": {"type": "LineString", "coordinates": [[472285.94, 5363955.674], [472300.51, 5363953.357], [472302.158, 5363953.071], [472318.277, 5363951.303], [472337.884, 5363950.495], [472347.836, 5363950.847], [472356.36, 5363951.261], [472365.739, 5363952.327], [472389.446, 5363956.424]]}, "properties": {"name": "Esquimalt Road", "highway": "secondary", "osm_id": 308664933, "alt_name": null, "old_name": null, "official_name": null}}, {"type": "Feature", "geometry": {"type": "LineString", "coordinates": [[471053.48, 5365055.098], [471058.868, 5365064.585], [471092.877, 5365125.459], [471098.259, 5365135.113]]}, "properties": {"name": "Alderman Road", "highway": "residential", "osm_id": 312541087, "alt_name": null, "old_name": null, "official_name": null}}, {"type": "Feature", "geometry": {"type": "LineString", "coordinates": [[471060.468, 5364716.122], [471061.518, 5364798.584]]}, "properties": {"name": "Evans Street", "highway": "residential", "osm_id": 312541088, "alt_name": null, "old_name": null, "official_name": null}}, {"type": "Feature", "geometry": {"type": "LineString", "coordinates": [[471116.728, 5364627.654], [471114.041, 5364628.757], [471041.439, 5364628.428], [471028.406, 5364628.494], [471023.134, 5364630.411], [471019.161, 5364633.066]]}, "properties": {"name": "Griffiths Street", "highway": "residential", "osm_id": 312541089, "alt_name": null, "old_name": null, "official_name": null}}, {"type": "Feature", "geometry": {"type": "LineString", "coordinates": [[471242.916, 5364717.294], [471191.352, 5364716.978], [471060.468, 5364716.122], [471017.317, 5364716.409]]}, "properties": {"name": "Langford Street", "highway": "residential", "osm_id": 312541090, "alt_name": null, "old_name": null, "official_name": null}}, {"type": "Feature", "geometry": {"type": "LineString", "coordinates": [[471017.317, 5364716.409], [471018.141, 5364795.104], [471012.112, 5364810.897], [471001.748, 5364820.854], [470984.86, 5364875.408]]}, "properties": {"name": "McCaskill Street", "highway": "residential", "osm_id": 312541091, "alt_name": null, "old_name": null, "official_name": null}}, {"type": "Feature", "geometry": {"type": "LineString", "coordinates": [[471255.49, 5364960.552], [470984.86, 5364875.408], [470888.503, 5364844.8]]}, "properties": {"name": "Pine Street", "highway": "residential", "osm_id": 312541092, "alt_name": null, "old_name": null, "official_name": null}}, {"type": "Feature", "geometry": {"type": "LineString", "coordinates": [[471000.568, 5365038.094], [470995.734, 5365038.786], [470990.798, 5365038.189], [470902.426, 5365010.986], [470887.758, 5365006.482]]}, "properties": {"name": "Powderly Avenue", "highway": "residential", "osm_id": 312541093, "alt_name": null, "old_name": null, "official_name": null}}, {"type": "Feature", "geometry": {"type": "LineString", "coordinates": [[471120.722, 5364504.127], [471120.581, 5364560.729], [471118.272, 5364567.744]]}, "properties": {"name": "Sherk Street", "highway": "residential", "osm_id": 312541094, "alt_name": null, "old_name": null, "official_name": null}}, {"type": "Feature", "geometry": {"type": "LineString", "coordinates": [[471537.963, 5364787.033], [471535.949, 5364886.773]]}, "properties": {"name": "Catherine Street", "highway": "residential", "osm_id": 312703864, "alt_name": null, "old_name": null, "official_name": null}}, {"type": "Feature", "geometry": {"type": "LineString", "coordinates": [[471539.829, 5364485.666], [471539.691, 5364584.93], [471539.061, 5364639.1], [471538.977, 5364645.992], [471538.739, 5364666.346], [471538.51, 5364685.444], [471537.963, 5364787.033]]}, "properties": {"name": "Catherine Street", "highway": "tertiary", "osm_id": 312703865, "alt_name": null, "old_name": null, "official_name": null}}, {"type": "Feature", "geometry": {"type": "LineString", "coordinates": [[471535.949, 5364886.773], [471535.962, 5364996.862]]}, "properties": {"name": "Catherine Street", "highway": "residential", "osm_id": 312703866, "alt_name": null, "old_name": null, "official_name": null}}, {"type": "Feature", "geometry": {"type": "LineString", "coordinates": [[471647.613, 5364584.9], [471539.691, 5364584.93], [471447.52, 5364586.817], [471360.395, 5364587.679]]}, "properties": {"name": "Edward Street", "highway": "residential", "osm_id": 312703869, "alt_name": null, "old_name": null, "official_name": null}}, {"type": "Feature", "geometry": {"type": "LineString", "coordinates": [[471291.824, 5364450.191], [471298.751, 5364605.62], [471300.726, 5364609.934], [471318.528, 5364648.894], [471332.764, 5364667.285], [471349.873, 5364689.385], [471358.886, 5364690.006]]}, "properties": {"name": "Front Street", "highway": "residential", "osm_id": 312703870, "alt_name": null, "old_name": null, "official_name": null}}, {"type": "Feature", "geometry": {"type": "LineString", "coordinates": [[471646.779, 5364684.189], [471581.076, 5364684.952], [471538.51, 5364685.444], [471447.14, 5364687.493], [471358.886, 5364690.006]]}, "properties": {"name": "Langford Street", "highway": "residential", "osm_id": 312703871, "alt_name": null, "old_name": null, "official_name": null}}, {"type": "Feature", "geometry": {"type": "LineString", "coordinates": [[471361.818, 5364481.395], [471360.332, 5364531.234]]}, "properties": {"name": "Russell Street", "highway": "residential", "osm_id": 312703872, "alt_name": null, "old_name": null, "official_name": null}}, {"type": "Feature", "geometry": {"type": "LineString", "coordinates": [[471360.352, 5364567.426], [471360.395, 5364587.679], [471358.886, 5364690.006], [471356.041, 5364724.146], [471355.113, 5364777.572]]}, "properties": {"name": "Russell Street", "highway": "residential", "osm_id": 312703873, "alt_name": null, "old_name": null, "official_name": null}}, {"type": "Feature", "geometry": {"type": "LineString", "coordinates": [[471131.112, 5364123.407], [471126.057, 5364130.058], [471122.536, 5364140.313], [471120.214, 5364163.668]]}, "properties": {"name": "Maitland Street", "highway": "residential", "osm_id": 312705034, "alt_name": null, "old_name": null, "official_name": null}}, {"type": "Feature", "geometry": {"type": "LineString", "coordinates": [[471270.132, 5363962.334], [471259.977, 5363965.687], [471251.6, 5363971.043], [471245.366, 5363977.222], [471241.814, 5363984.309], [471239.31, 5363990.88], [471238.207, 5363993.776], [471238.071, 5364025.145], [471237.673, 5364118.652], [471237.848, 5364223.205], [471238.136, 5364225.972], [471238.704, 5364231.426]]}, "properties": {"name": "Robert Street", "highway": "residential", "osm_id": 312705035, "alt_name": null, "old_name": null, "official_name": null}}, {"type": "Feature", "geometry": {"type": "LineString", "coordinates": [[471237.673, 5364118.652], [471192.232, 5364117.849], [471167.508, 5364117.419], [471145.572, 5364117.031], [471131.112, 5364123.407]]}, "properties": {"name": "Seaforth Street", "highway": "residential", "osm_id": 312705036, "alt_name": null, "old_name": null, "official_name": null}}, {"type": "Feature", "geometry": {"type": "LineString", "coordinates": [[475287.741, 5361798.977], [475290.785, 5362020.208]]}, "properties": {"name": "Wildwood Avenue", "highway": "residential", "osm_id": 314202530, "alt_name": null, "old_name": null, "official_name": null}}, {"type": "Feature", "geometry": {"type": "LineString", "coordinates": [[474744.555, 5363779.569], [474729.414, 5363783.482], [474716.73, 5363786.107], [474704.933, 5363788.238], [474683.703, 5363790.523], [474664.705, 5363791.964], [474661.288, 5363792.223], [474654.956, 5363792.407]]}, "properties": {"name": "Pandora Avenue", "highway": "secondary", "osm_id": 315249213, "alt_name": null, "old_name": null, "official_name": null}}, {"type": "Feature", "geometry": {"type": "LineString", "coordinates": [[474661.795, 5363693.826], [474661.79, 5363686.134], [474661.788, 5363684.011], [474661.775, 5363666.215], [474661.783, 5363663.036], [474661.95, 5363616.149], [474661.964, 5363610.969], [474661.981, 5363606.467], [474662.047, 5363586.448], [474662.128, 5363563.316], [474662.164, 5363553.089]]}, "properties": {"name": "Stanley Avenue", "highway": "residential", "osm_id": 315249214, "alt_name": null, "old_name": null, "official_name": null}}, {"type": "Feature", "geometry": {"type": "LineString", "coordinates": [[474661.795, 5363693.826], [474661.9, 5363699.216], [474662.015, 5363704.974], [474659.074, 5363714.135], [474653.475, 5363720.896], [474646.013, 5363726.632], [474641.934, 5363732.43], [474641.649, 5363733.421], [474641.322, 5363734.567], [474640.622, 5363736.994]]}, "properties": {"name": "Stanley Avenue", "highway": "residential", "osm_id": 315249215, "alt_name": null, "old_name": null, "official_name": null}}, {"type": "Feature", "geometry": {"type": "LineString", "coordinates": [[474442.917, 5362682.088], [474231.694, 5362718.037], [474223.524, 5362712.927]]}, "properties": {"name": "Carnsew Street", "highway": "residential", "osm_id": 315253751, "alt_name": null, "old_name": null, "official_name": null}}, {"type": "Feature", "geometry": {"type": "LineString", "coordinates": [[476078.185, 5363545.045], [476080.265, 5363513.745], [476080.424, 5363504.141], [476077.733, 5363492.147]]}, "properties": {"name": "Amphion Street", "highway": "residential", "osm_id": 315254620, "alt_name": null, "old_name": null, "official_name": null}}, {"type": "Feature", "geometry": {"type": "LineString", "coordinates": [[473279.858, 5362127.07], [473283.913, 5362161.553]]}, "properties": {"name": "Heywood Way", "highway": "unclassified", "osm_id": 315979199, "alt_name": null, "old_name": null, "official_name": null}}, {"type": "Feature", "geometry": {"type": "LineString", "coordinates": [[473493.591, 5362119.63], [473497.886, 5362135.872], [473500.029, 5362144.799], [473505.477, 5362167.372], [473510.082, 5362193.205], [473512.974, 5362229.306]]}, "properties": {"name": "Nursery Road", "highway": "residential", "osm_id": 315980051, "alt_name": null, "old_name": null, "official_name": null}}, {"type": "Feature", "geometry": {"type": "LineString", "coordinates": [[472438.109, 5363227.946], [472438.522, 5363230.678], [472438.599, 5363232.901], [472438.021, 5363235.772], [472436.915, 5363238.045], [472435.195, 5363240.354], [472433.111, 5363242.331], [472421.444, 5363251.681], [472409.331, 5363260.455], [472396.8, 5363268.619], [472383.446, 5363276.209], [472377.28, 5363280.141]]}, "properties": {"name": "Customs Queue", "highway": "service", "osm_id": 320600136, "alt_name": null, "old_name": null, "official_name": null}}, {"type": "Feature", "geometry": {"type": "LineString", "coordinates": [[476261.664, 5361681.571], [476260.678, 5361677.684], [476260.026, 5361675.642], [476222.382, 5361605.894], [476213.935, 5361591.212]]}, "properties": {"name": "Maquinna Street", "highway": "residential", "osm_id": 322186111, "alt_name": null, "old_name": null, "official_name": null}}, {"type": "Feature", "geometry": {"type": "LineString", "coordinates": [[476186.743, 5365380.985], [476200.498, 5365380.749], [476231.943, 5365380.228], [476411.06, 5365372.243], [476417.315, 5365371.961], [476422.743, 5365371.705], [476524.764, 5365366.957], [476678.771, 5365360.407], [476680.567, 5365360.233], [476689.128, 5365359.375], [476698.577, 5365356.947], [476699.486, 5365356.709], [476757.554, 5365343.021], [476775.591, 5365340.835]]}, "properties": {"name": "Allenby Street", "highway": "residential", "osm_id": 323174948, "alt_name": null, "old_name": null, "official_name": null}}, {"type": "Feature", "geometry": {"type": "LineString", "coordinates": [[474869.836, 5364442.536], [474863.951, 5364288.2]]}, "properties": {"name": "Belmont Avenue", "highway": "residential", "osm_id": 323174949, "alt_name": null, "old_name": null, "official_name": null}}, {"type": "Feature", "geometry": {"type": "LineString", "coordinates": [[474873.197, 5365046.745], [474870.102, 5364844.265], [474869.859, 5364834.584], [474869.659, 5364822.736], [474864.803, 5364621.987]]}, "properties": {"name": "Belmont Avenue", "highway": "residential", "osm_id": 323174950, "alt_name": null, "old_name": null, "official_name": null}}, {"type": "Feature", "geometry": {"type": "LineString", "coordinates": [[475981.87, 5365300.628], [475983.474, 5365330.167]]}, "properties": {"name": "Dean Avenue", "highway": "residential", "osm_id": 323174956, "alt_name": null, "old_name": null, "official_name": null}}, {"type": "Feature", "geometry": {"type": "LineString", "coordinates": [[475973.944, 5365097.357], [475973.892, 5365095.59], [475971.646, 5365015.845], [475971.576, 5365013.255]]}, "properties": {"name": "Dean Avenue", "highway": "residential", "osm_id": 323174957, "alt_name": null, "old_name": null, "official_name": null}}, {"type": "Feature", "geometry": {"type": "LineString", "coordinates": [[475971.304, 5364999.795], [475971.219, 5364997.15], [475969.568, 5364944.569], [475968.454, 5364899.756], [475965.626, 5364798.082]]}, "properties": {"name": "Dean Avenue", "highway": "residential", "osm_id": 323174959, "alt_name": null, "old_name": null, "official_name": null}}, {"type": "Feature", "geometry": {"type": "LineString", "coordinates": [[475176.602, 5364437.682], [475261.331, 5364433.377], [475270.753, 5364432.846], [475320.271, 5364426.339], [475362.55, 5364420.775]]}, "properties": {"name": "Denman Street", "highway": "residential", "osm_id": 323174960, "alt_name": null, "old_name": null, "official_name": null}}, {"type": "Feature", "geometry": {"type": "LineString", "coordinates": [[474876.434, 5364449.276], [474970.012, 5364445.172], [475070.873, 5364440.659], [475117.746, 5364440.041], [475163.918, 5364438.26]]}, "properties": {"name": "Denman Street", "highway": "residential", "osm_id": 323174961, "alt_name": null, "old_name": null, "official_name": null}}, {"type": "Feature", "geometry": {"type": "LineString", "coordinates": [[471132.002, 5366307.47], [471132.583, 5366308.334], [471274.06, 5366495.07], [471292.061, 5366518.833], [471298.708, 5366527.614]]}, "properties": {"name": "Earl Grey Street", "highway": "residential", "osm_id": 323174963, "alt_name": null, "old_name": null, "official_name": null}}, {"type": "Feature", "geometry": {"type": "LineString", "coordinates": [[475177.69, 5365045.413], [475112.576, 5365046.277]]}, "properties": {"name": "Kings Road", "highway": "residential", "osm_id": 323174964, "alt_name": null, "old_name": null, "official_name": null}}, {"type": "Feature", "geometry": {"type": "LineString", "coordinates": [[474879.311, 5365052.864], [474957.284, 5365049.718], [474966.505, 5365049.344], [474972.281, 5365049.218], [475053.352, 5365047.415]]}, "properties": {"name": "Kings Road", "highway": "residential", "osm_id": 323174965, "alt_name": null, "old_name": null, "official_name": null}}, {"type": "Feature", "geometry": {"type": "LineString", "coordinates": [[475718.556, 5365017.213], [475675.872, 5365018.797], [475661.747, 5365019.325], [475658.338, 5365019.439], [475531.753, 5365023.753], [475435.76, 5365028.126], [475365.987, 5365037.532], [475358.706, 5365038.509], [475334.948, 5365039.891], [475329.966, 5365040.601]]}, "properties": {"name": "Kings Road", "highway": "residential", "osm_id": 323174966, "alt_name": null, "old_name": null, "official_name": null}}, {"type": "Feature", "geometry": {"type": "LineString", "coordinates": [[470980.488, 5366413.599], [471056.272, 5366356.477], [471123.901, 5366306.644]]}, "properties": {"name": "Maddock Avenue West", "highway": "residential", "osm_id": 323174967, "alt_name": null, "old_name": null, "official_name": null}}, {"type": "Feature", "geometry": {"type": "LineString", "coordinates": [[471133.271, 5366299.549], [471199.63, 5366248.479], [471255.714, 5366206.677], [471273.454, 5366193.459], [471344.69, 5366139.665], [471388.911, 5366107.317], [471397.288, 5366101.183]]}, "properties": {"name": "Maddock Avenue West", "highway": "residential", "osm_id": 323174968, "alt_name": null, "old_name": null, "official_name": null}}, {"type": "Feature", "geometry": {"type": "LineString", "coordinates": [[475177.563, 5365676.259], [475179.67, 5365676.194], [475234.618, 5365674.364], [475236.526, 5365674.3]]}, "properties": {"name": "Myrtle Avenue", "highway": "residential", "osm_id": 323174971, "alt_name": null, "old_name": null, "official_name": null}}, {"type": "Feature", "geometry": {"type": "LineString", "coordinates": [[475249.341, 5365673.966], [475251.966, 5365673.888], [475338.808, 5365671.486], [475347.053, 5365671.261]]}, "properties": {"name": "Myrtle Avenue", "highway": "residential", "osm_id": 323174972, "alt_name": null, "old_name": null, "official_name": null}}, {"type": "Feature", "geometry": {"type": "LineString", "coordinates": [[476175.598, 5365087.602], [476169.676, 5365088.082], [476167.192, 5365088.282], [475982.889, 5365103.133], [475981.743, 5365103.226], [475980.36, 5365103.332]]}, "properties": {"name": "Newton Street", "highway": "residential", "osm_id": 323174973, "alt_name": null, "old_name": null, "official_name": null}}, {"type": "Feature", "geometry": {"type": "LineString", "coordinates": [[475967.517, 5365104.343], [475966.467, 5365104.425], [475965.173, 5365104.531], [475740.063, 5365122.13], [475732.869, 5365122.695]]}, "properties": {"name": "Newton Street", "highway": "residential", "osm_id": 323174974, "alt_name": null, "old_name": null, "official_name": null}}, {"type": "Feature", "geometry": {"type": "LineString", "coordinates": [[471048.683, 5366036.616], [471055.638, 5366030.023], [471116.267, 5365984.372], [471245.593, 5365889.719]]}, "properties": {"name": "Obed Avenue", "highway": "residential", "osm_id": 323174976, "alt_name": null, "old_name": null, "official_name": null}}, {"type": "Feature", "geometry": {"type": "LineString", "coordinates": [[470903.328, 5366145.084], [470971.715, 5366092.811], [471038.553, 5366043.982]]}, "properties": {"name": "Obed Avenue", "highway": "residential", "osm_id": 323174977, "alt_name": null, "old_name": null, "official_name": null}}, {"type": "Feature", "geometry": {"type": "LineString", "coordinates": [[470662.563, 5366326.09], [470732.496, 5366273.484], [470737.719, 5366269.556], [470819.499, 5366208.197]]}, "properties": {"name": "Obed Avenue", "highway": "residential", "osm_id": 323174978, "alt_name": null, "old_name": null, "official_name": null}}, {"type": "Feature", "geometry": {"type": "LineString", "coordinates": [[475239.141, 5365262.532], [475285.263, 5365261.097], [475331.128, 5365259.841], [475337.118, 5365259.682], [475341.821, 5365259.494], [475398.38, 5365258.181], [475406.218, 5365257.647]]}, "properties": {"name": "Ryan Street", "highway": "residential", "osm_id": 323174979, "alt_name": null, "old_name": null, "official_name": null}}, {"type": "Feature", "geometry": {"type": "LineString", "coordinates": [[475231.8, 5365254.939], [475227.412, 5365051.476]]}, "properties": {"name": "Scott Street", "highway": "residential", "osm_id": 323174980, "alt_name": null, "old_name": null, "official_name": null}}, {"type": "Feature", "geometry": {"type": "LineString", "coordinates": [[475227.197, 5365037.771], [475222.205, 5364826.585], [475216.604, 5364594.738]]}, "properties": {"name": "Scott Street", "highway": "residential", "osm_id": 323174981, "alt_name": null, "old_name": null, "official_name": null}}, {"type": "Feature", "geometry": {"type": "LineString", "coordinates": [[475238.223, 5365484.015], [475232.58, 5365269.319]]}, "properties": {"name": "Scott Street", "highway": "residential", "osm_id": 323174982, "alt_name": null, "old_name": null, "official_name": null}}, {"type": "Feature", "geometry": {"type": "LineString", "coordinates": [[475170.248, 5364430.963], [475164.468, 5364276.948], [475159.729, 5364176.239]]}, "properties": {"name": "Shakespeare Street", "highway": "residential", "osm_id": 323174983, "alt_name": null, "old_name": null, "official_name": null}}, {"type": "Feature", "geometry": {"type": "LineString", "coordinates": [[475167.83, 5365483.779], [475165.805, 5365441.993], [475163.787, 5365400.196], [475162.678, 5365359.684], [475161.983, 5365317.615], [475160.597, 5365273.147], [475160.313, 5365263.978]]}, "properties": {"name": "Shakespeare Street", "highway": "residential", "osm_id": 323174984, "alt_name": null, "old_name": null, "official_name": null}}, {"type": "Feature", "geometry": {"type": "LineString", "coordinates": [[476183.185, 5365287.751], [476194.81, 5365287.324], [476413.579, 5365279.306], [476419.303, 5365279.093]]}, "properties": {"name": "Townley Street", "highway": "residential", "osm_id": 323174985, "alt_name": null, "old_name": null, "official_name": null}}, {"type": "Feature", "geometry": {"type": "LineString", "coordinates": [[476187.366, 5366215.01], [476188.667, 5366256.977]]}, "properties": {"name": "Argyle Place", "highway": "residential", "osm_id": 323384257, "alt_name": null, "old_name": null, "official_name": null}}, {"type": "Feature", "geometry": {"type": "LineString", "coordinates": [[474356.366, 5362209.377], [474365.585, 5362230.2], [474369.385, 5362232.839], [474374.616, 5362234.149], [474379.627, 5362234.46], [474392.596, 5362240.282]]}, "properties": {"name": "Lillooet Heights", "highway": "residential", "osm_id": 323384262, "alt_name": null, "old_name": null, "official_name": null}}, {"type": "Feature", "geometry": {"type": "LineString", "coordinates": [[472760.076, 5363441.276], [472768.621, 5363439.624], [472772.08, 5363438.951], [472809.563, 5363433.358], [472812.151, 5363432.967], [472820.491, 5363431.727], [472828.749, 5363430.498], [472831.203, 5363430.131], [472862.07, 5363425.525], [472929.609, 5363414.42], [472930.888, 5363414.236], [472945.446, 5363412.11]]}, "properties": {"name": "Courtney Street", "highway": "unclassified", "osm_id": 323733336, "alt_name": null, "old_name": null, "official_name": null}}, {"type": "Feature", "geometry": {"type": "LineString", "coordinates": [[471361.589, 5364308.78], [471361.045, 5364391.439]]}, "properties": {"name": "Russell Street", "highway": "residential", "osm_id": 323733337, "alt_name": null, "old_name": null, "official_name": null}}, {"type": "Feature", "geometry": {"type": "LineString", "coordinates": [[472131.611, 5363289.925], [472133.462, 5363294.685], [472136.665, 5363299.204], [472137.253, 5363302.947], [472134.431, 5363306.818], [472129.781, 5363310.587], [472124.327, 5363311.859], [472120.568, 5363310.176], [472118.506, 5363307.686], [472118.943, 5363304.627], [472123.918, 5363297.788], [472131.611, 5363289.925]]}, "properties": {"name": "Cross Street", "highway": "residential", "osm_id": 323737936, "alt_name": null, "old_name": null, "official_name": null}}, {"type": "Feature", "geometry": {"type": "LineString", "coordinates": [[473215.175, 5364465.981], [473207.697, 5364455.089], [473213.506, 5364432.119], [473218.897, 5364408.251], [473219.248, 5364401.057], [473220.196, 5364377.832], [473221.35, 5364296.549], [473219.191, 5364290.557], [473215.236, 5364284.74]]}, "properties": {"name": "Blanshard Street", "highway": "service", "osm_id": 325125158, "alt_name": null, "old_name": null, "official_name": null}}, {"type": "Feature", "geometry": {"type": "LineString", "coordinates": [[473036.585, 5364187.303], [473023.505, 5364187.076], [472937.791, 5364185.573], [472854.769, 5364184.036], [472843.206, 5364183.914]]}, "properties": {"name": "Herald Street", "highway": "tertiary", "osm_id": 326482636, "alt_name": null, "old_name": null, "official_name": null}}, {"type": "Feature", "geometry": {"type": "LineString", "coordinates": [[473480.946, 5363312.239], [473554.746, 5363299.434], [473567.306, 5363297.252]]}, "properties": {"name": "Rockland Avenue", "highway": "residential", "osm_id": 331165103, "alt_name": null, "old_name": null, "official_name": null}}, {"type": "Feature", "geometry": {"type": "LineString", "coordinates": [[472662.53, 5363852.569], [472666.717, 5363877.048], [472670.831, 5363900.371], [472671.136, 5363902.126], [472672.345, 5363908.978]]}, "properties": {"name": "Waddington Alley", "highway": "service", "osm_id": 334910594, "alt_name": null, "old_name": null, "official_name": null}}, {"type": "Feature", "geometry": {"type": "LineString", "coordinates": [[472568.565, 5363977.03], [472582.247, 5363970.094], [472593.059, 5363961.783], [472600.212, 5363954.089]]}, "properties": {"name": "Johnson Street", "highway": "secondary", "osm_id": 334910595, "alt_name": null, "old_name": null, "official_name": null}}, {"type": "Feature", "geometry": {"type": "LineString", "coordinates": [[472648.076, 5363977.001], [472639.021, 5363954.124], [472636.714, 5363948.288], [472628.768, 5363928.141]]}, "properties": {"name": "Wharf Street", "highway": "secondary", "osm_id": 334910603, "alt_name": null, "old_name": null, "official_name": null}}, {"type": "Feature", "geometry": {"type": "LineString", "coordinates": [[472734.776, 5363796.899], [472699.993, 5363803.435], [472676.397, 5363808.873], [472656.375, 5363812.86]]}, "properties": {"name": "Yates Street", "highway": "secondary", "osm_id": 334910609, "alt_name": null, "old_name": null, "official_name": null}}, {"type": "Feature", "geometry": {"type": "LineString", "coordinates": [[472695.492, 5363696.925], [472702.981, 5363694.287], [472712.87, 5363692.261], [472734.887, 5363687.742], [472736.143, 5363687.492], [472740.06, 5363686.684], [472745.693, 5363685.701], [472791.486, 5363677.755], [472795.626, 5363677.035], [472799.093, 5363676.474]]}, "properties": {"name": "Bastion Square", "highway": "pedestrian", "osm_id": 336026714, "alt_name": null, "old_name": null, "official_name": null}}, {"type": "Feature", "geometry": {"type": "LineString", "coordinates": [[472608.21, 5363811.893], [472609.514, 5363804.728], [472609.912, 5363802.758], [472611.118, 5363796.784], [472614.32, 5363779.55], [472619.771, 5363757.859], [472629.875, 5363719.25], [472632.889, 5363707.72], [472635.215, 5363696.037], [472638.263, 5363679.193], [472640.593, 5363669.923], [472641.553, 5363664.916]]}, "properties": {"name": "Wharf Street", "highway": "secondary", "osm_id": 336026726, "alt_name": null, "old_name": null, "official_name": null}}, {"type": "Feature", "geometry": {"type": "LineString", "coordinates": [[472609.397, 5363846.19], [472605.3, 5363834.316], [472605.637, 5363827.511], [472606.546, 5363819.604], [472608.21, 5363811.893]]}, "properties": {"name": "Wharf Street", "highway": "secondary", "osm_id": 336026727, "alt_name": null, "old_name": null, "official_name": null}}, {"type": "Feature", "geometry": {"type": "LineString", "coordinates": [[472661.66, 5363847.149], [472662.53, 5363852.569]]}, "properties": {"name": "Waddington Alley", "highway": "service", "osm_id": 336026736, "alt_name": null, "old_name": null, "official_name": null}}, {"type": "Feature", "geometry": {"type": "LineString", "coordinates": [[472696.191, 5363737.571], [472692.611, 5363714.835]]}, "properties": {"name": "Court Alley", "highway": "pedestrian", "osm_id": 336444238, "alt_name": null, "old_name": null, "official_name": null}}, {"type": "Feature", "geometry": {"type": "LineString", "coordinates": [[473321.146, 5364762.702], [473354.262, 5364759.845]]}, "properties": {"name": "Bay Street", "highway": "secondary", "osm_id": 336588948, "alt_name": null, "old_name": null, "official_name": null}}, {"type": "Feature", "geometry": {"type": "LineString", "coordinates": [[472610.51, 5365758.934], [472588.241, 5365818.311], [472587.161, 5365821.195], [472582.561, 5365833.467], [472578.408, 5365844.847], [472577.356, 5365847.387], [472562.287, 5365887.643], [472554.089, 5365909.647], [472549.643, 5365921.574]]}, "properties": {"name": "Douglas Street", "highway": "primary", "osm_id": 336588950, "alt_name": null, "old_name": null, "official_name": null}}, {"type": "Feature", "geometry": {"type": "LineString", "coordinates": [[472820.914, 5365197.513], [472820.688, 5365198.159], [472809.678, 5365229.524], [472805.991, 5365239.58], [472795.311, 5365268.709], [472786.3, 5365292.863], [472770.354, 5365335.779], [472751.566, 5365389.169], [472736.481, 5365428.169]]}, "properties": {"name": "Douglas Street", "highway": "primary", "osm_id": 336588953, "alt_name": null, "old_name": null, "official_name": null}}, {"type": "Feature", "geometry": {"type": "LineString", "coordinates": [[473575.264, 5365009.345], [473595.078, 5364901.22], [473624.87, 5364745.329], [473626.704, 5364735.716]]}, "properties": {"name": "Fifth Street", "highway": "residential", "osm_id": 336588954, "alt_name": null, "old_name": null, "official_name": null}}, {"type": "Feature", "geometry": {"type": "LineString", "coordinates": [[472700.952, 5365857.727], [472709.708, 5365859.308], [472712.432, 5365859.873], [472724.262, 5365862.339], [472745.296, 5365865.851], [472789.97, 5365873.305]]}, "properties": {"name": "Finlayson Street", "highway": "secondary", "osm_id": 336588955, "alt_name": null, "old_name": null, "official_name": null}}, {"type": "Feature", "geometry": {"type": "LineString", "coordinates": [[472789.97, 5365873.305], [472824.918, 5365879.218]]}, "properties": {"name": "Finlayson Street", "highway": "secondary", "osm_id": 336588957, "alt_name": null, "old_name": null, "official_name": null}}, {"type": "Feature", "geometry": {"type": "LineString", "coordinates": [[473575.264, 5365009.345], [473629.02, 5365020.377]]}, "properties": {"name": "Kings Road", "highway": "residential", "osm_id": 336588958, "alt_name": null, "old_name": null, "official_name": null}}, {"type": "Feature", "geometry": {"type": "LineString", "coordinates": [[473488.38, 5364407.628], [473473.162, 5364410.2], [473457.876, 5364412.773], [473396.434, 5364418.719], [473348.892, 5364423.322], [473288.657, 5364428.141], [473274.082, 5364429.065], [473267.183, 5364429.72]]}, "properties": {"name": "Pembroke Street", "highway": "residential", "osm_id": 336588960, "alt_name": null, "old_name": null, "official_name": null}}, {"type": "Feature", "geometry": {"type": "LineString", "coordinates": [[473701.294, 5364387.172], [473693.664, 5364308.342]]}, "properties": {"name": "Vancouver Street", "highway": "residential", "osm_id": 336588961, "alt_name": null, "old_name": null, "official_name": null}}, {"type": "Feature", "geometry": {"type": "LineString", "coordinates": [[473518.815, 5364745.268], [473626.704, 5364735.716]]}, "properties": {"name": "Bay Street", "highway": "secondary", "osm_id": 338060499, "alt_name": null, "old_name": null, "official_name": null}}, {"type": "Feature", "geometry": {"type": "LineString", "coordinates": [[470895.465, 5364331.353], [470882.668, 5364338.489], [470865.112, 5364348.261]]}, "properties": {"name": "Esquimalt Road", "highway": "secondary", "osm_id": 338060501, "alt_name": null, "old_name": null, "official_name": null}}, {"type": "Feature", "geometry": {"type": "LineString", "coordinates": [[473518.815, 5364745.268], [473514.501, 5364687.887]]}, "properties": {"name": "Quadra Street", "highway": "secondary", "osm_id": 338060503, "alt_name": null, "old_name": null, "official_name": null}}, {"type": "Feature", "geometry": {"type": "LineString", "coordinates": [[473418.539, 5365293.895], [473428.08, 5365248.32], [473434.692, 5365216.754], [473437.376, 5365203.958], [473438.836, 5365195.115], [473449.43, 5365130.983], [473462.06, 5365061.051], [473475.045, 5364989.194]]}, "properties": {"name": "Quadra Street", "highway": "secondary", "osm_id": 338060504, "alt_name": null, "old_name": null, "official_name": null}}, {"type": "Feature", "geometry": {"type": "LineString", "coordinates": [[475618.355, 5364322.284], [475617.058, 5364314.687], [475604.445, 5364240.656], [475603.951, 5364237.812], [475594.334, 5364169.015], [475589.825, 5364143.913]]}, "properties": {"name": "Richmond Road", "highway": "secondary", "osm_id": 338060510, "alt_name": null, "old_name": null, "official_name": null}}, {"type": "Feature", "geometry": {"type": "LineString", "coordinates": [[473030.809, 5363035.839], [473041.207, 5363051.952]]}, "properties": {"name": "Blanshard Street", "highway": "secondary", "osm_id": 351321436, "alt_name": null, "old_name": null, "official_name": null}}, {"type": "Feature", "geometry": {"type": "LineString", "coordinates": [[473166.469, 5363435.936], [473152.14, 5363437.793], [473112.175, 5363444.319], [473091.098, 5363447.754], [473087.306, 5363448.372], [473079.662, 5363449.542], [473066.267, 5363451.984], [473003.594, 5363462.553], [472969.474, 5363469.152], [472967.912, 5363470.493], [472956.55, 5363480.218]]}, "properties": {"name": "Broughton Street", "highway": "tertiary", "osm_id": 351321437, "alt_name": null, "old_name": null, "official_name": null}}, {"type": "Feature", "geometry": {"type": "LineString", "coordinates": [[473097.815, 5364282.617], [473094.479, 5364282.555], [473050.845, 5364281.773], [473047.605, 5364281.711], [473034.533, 5364281.473]]}, "properties": {"name": "Caledonia Avenue", "highway": "tertiary", "osm_id": 351321438, "alt_name": null, "old_name": null, "official_name": null}}, {"type": "Feature", "geometry": {"type": "LineString", "coordinates": [[473345.14, 5364004.891], [473373.622, 5364001.9], [473385.09, 5364000.702], [473428.715, 5363996.128], [473438.402, 5363995.105], [473449.596, 5363993.93]]}, "properties": {"name": "Cormorant Street", "highway": "tertiary", "osm_id": 351321439, "alt_name": null, "old_name": null, "official_name": null}}, {"type": "Feature", "geometry": {"type": "LineString", "coordinates": [[473150.495, 5363343.585], [473162.536, 5363341.261], [473172.013, 5363339.426], [473190.516, 5363336.259], [473270.977, 5363322.496], [473336.18, 5363311.34], [473342.242, 5363310.289], [473345.776, 5363309.65], [473356.236, 5363307.744]]}, "properties": {"name": "Courtney Street", "highway": "unclassified", "osm_id": 351321440, "alt_name": null, "old_name": null, "official_name": null}}, {"type": "Feature", "geometry": {"type": "LineString", "coordinates": [[473034.533, 5364281.473], [473034.625, 5364271.346], [473034.669, 5364268.178], [473035.264, 5364243.821], [473036.369, 5364196.419], [473036.585, 5364187.303]]}, "properties": {"name": "Douglas Street", "highway": "primary", "osm_id": 351321441, "alt_name": null, "old_name": null, "official_name": null}}, {"type": "Feature", "geometry": {"type": "LineString", "coordinates": [[472840.735, 5364277.942], [472841.024, 5364267.158], [472841.112, 5364263.979], [472843.028, 5364192.929], [472843.064, 5364191.195], [472843.206, 5364183.914]]}, "properties": {"name": "Government Street", "highway": "secondary", "osm_id": 351321442, "alt_name": null, "old_name": null, "official_name": null}}, {"type": "Feature", "geometry": {"type": "LineString", "coordinates": [[473436.514, 5363777.058], [473445.473, 5363775.571], [473479.344, 5363769.933], [473491.919, 5363767.84], [473581.21, 5363752.983], [473622.71, 5363746.076], [473626.383, 5363745.214], [473629.582, 5363744.399], [473632.857, 5363743.806], [473642.74, 5363742.059]]}, "properties": {"name": "Johnson Street", "highway": "secondary", "osm_id": 351321443, "alt_name": null, "old_name": null, "official_name": null}}, {"type": "Feature", "geometry": {"type": "LineString", "coordinates": [[473334.544, 5363889.561], [473318.976, 5363892.013], [473287.506, 5363896.963], [473257.679, 5363901.728], [473244.845, 5363903.667]]}, "properties": {"name": "Pandora Avenue", "highway": "secondary", "osm_id": 351321444, "alt_name": null, "old_name": null, "official_name": null}}, {"type": "Feature", "geometry": {"type": "LineString", "coordinates": [[475659.713, 5362953.077], [475714.744, 5362973.026], [475761.18, 5362988.567], [475795.386, 5363001.015], [475809.643, 5363005.967], [475841.521, 5363017.058], [475857.327, 5363022.748], [475885.396, 5363032.677]]}, "properties": {"name": "Richardson Street", "highway": "unclassified", "osm_id": 351321445, "alt_name": null, "old_name": null, "official_name": null}}, {"type": "Feature", "geometry": {"type": "LineString", "coordinates": [[475024.62, 5362616.425], [475032.882, 5362617.311], [475118.549, 5362626.494], [475182.915, 5362641.251], [475283.912, 5362685.884], [475292.601, 5362689.725], [475324.827, 5362703.768], [475351.249, 5362715.291], [475390.406, 5362732.361], [475419.689, 5362745.117], [475448.682, 5362757.763], [475462.479, 5362763.773], [475473.865, 5362768.737]]}, "properties": {"name": "Richardson Street", "highway": "residential", "osm_id": 351321446, "alt_name": null, "old_name": null, "official_name": null}}, {"type": "Feature", "geometry": {"type": "LineString", "coordinates": [[475524.691, 5362102.083], [475519.152, 5362108.098], [475519.268, 5362136.787], [475520.712, 5362279.26]]}, "properties": {"name": "Richmond Avenue", "highway": "residential", "osm_id": 351321447, "alt_name": null, "old_name": null, "official_name": null}}, {"type": "Feature", "geometry": {"type": "LineString", "coordinates": [[473283.653, 5363602.15], [473240.674, 5363609.545], [473210.389, 5363614.745], [473197.94, 5363616.872], [473182.978, 5363619.31], [473120.75, 5363630.009], [473112.501, 5363631.416], [473074.911, 5363637.808]]}, "properties": {"name": "View Street", "highway": "tertiary", "osm_id": 351321449, "alt_name": null, "old_name": null, "official_name": null}}, {"type": "Feature", "geometry": {"type": "LineString", "coordinates": [[473335.14, 5363694.045], [473308.588, 5363698.516], [473290.927, 5363701.467], [473272.321, 5363704.59], [473226.992, 5363712.173], [473214.625, 5363714.344]]}, "properties": {"name": "Yates Street", "highway": "secondary", "osm_id": 351321450, "alt_name": null, "old_name": null, "official_name": null}}, {"type": "Feature", "geometry": {"type": "LineString", "coordinates": [[472463.359, 5366135.103], [472460.246, 5366142.832], [472456.111, 5366153.09]]}, "properties": {"name": "Douglas Street", "highway": "trunk", "osm_id": 374384808, "alt_name": null, "old_name": null, "official_name": null}}, {"type": "Feature", "geometry": {"type": "LineString", "coordinates": [[472387.75, 5364940.847], [472390.319, 5364932.286], [472411.277, 5364858.587], [472412.635, 5364853.345]]}, "properties": {"name": "Bridge Street", "highway": "tertiary", "osm_id": 375332136, "alt_name": null, "old_name": null, "official_name": null}}, {"type": "Feature", "geometry": {"type": "LineString", "coordinates": [[472386.863, 5365282.313], [472405.475, 5365179.803], [472407.729, 5365165.797], [472407.234, 5365161.231], [472405.579, 5365155.514], [472400.979, 5365146.667], [472365.597, 5365083.269], [472361.685, 5365072.806], [472359.486, 5365063.19], [472358.743, 5365053.512], [472358.991, 5365048.153], [472360.18, 5365041.756], [472362.143, 5365034.799], [472364.317, 5365027.107]]}, "properties": {"name": "Bridge Street", "highway": "tertiary", "osm_id": 375332137, "alt_name": null, "old_name": null, "official_name": null}}, {"type": "Feature", "geometry": {"type": "LineString", "coordinates": [[473706.371, 5362822.057], [473717.76, 5362820.826], [473722.137, 5362820.15], [473746.539, 5362811.934], [473756.723, 5362807.751], [473765.484, 5362803.009], [473800.099, 5362782.485], [473845.043, 5362757.012], [473873.741, 5362740.117], [473894.581, 5362728.005], [473901.466, 5362723.938], [473928.793, 5362708.117], [473945.979, 5362698.001], [473987.307, 5362674.19], [474012.803, 5362659.212], [474025.298, 5362652.074], [474043.407, 5362641.476], [474081.658, 5362619.369], [474092.054, 5362612.842], [474100.399, 5362604.422], [474125.242, 5362579.188]]}, "properties": {"name": "Fairfield Road", "highway": "tertiary", "osm_id": 375485514, "alt_name": null, "old_name": null, "official_name": null}}, {"type": "Feature", "geometry": {"type": "LineString", "coordinates": [[474125.242, 5362579.188], [474134.597, 5362569.808], [474181.223, 5362522.999], [474187.292, 5362516.857]]}, "properties": {"name": "Fairfield Road", "highway": "tertiary", "osm_id": 375485515, "alt_name": null, "old_name": null, "official_name": null}}, {"type": "Feature", "geometry": {"type": "LineString", "coordinates": [[474432.942, 5362352.267], [474493.132, 5362284.713], [474542.952, 5362227.844], [474577.853, 5362188.85]]}, "properties": {"name": "Fairfield Road", "highway": "tertiary", "osm_id": 375485516, "alt_name": null, "old_name": null, "official_name": null}}, {"type": "Feature", "geometry": {"type": "LineString", "coordinates": [[472875.865, 5363500.645], [472877.338, 5363508.608], [472878.294, 5363513.528], [472887.673, 5363567.105], [472888.242, 5363570.114], [472888.874, 5363573.813]]}, "properties": {"name": "Broad Street", "highway": "pedestrian", "osm_id": 376755147, "alt_name": null, "old_name": null, "official_name": null}}, {"type": "Feature", "geometry": {"type": "LineString", "coordinates": [[472678.521, 5363406.944], [472674.034, 5363413.935], [472660.819, 5363409.186], [472663.302, 5363402.304], [472662.145, 5363401.887], [472666.015, 5363391.175], [472668.261, 5363391.976], [472671.242, 5363390.461], [472674.418, 5363389.39], [472677.596, 5363388.663], [472680.689, 5363388.604], [472683.696, 5363389.345], [472686.573, 5363390.743], [472688.528, 5363392.579], [472690.328, 5363393.115], [472692.64, 5363393.793], [472683.973, 5363400.748], [472678.521, 5363406.944]]}, "properties": {"name": "Ship Point Plaza", "highway": "pedestrian", "osm_id": 384127898, "alt_name": null, "old_name": null, "official_name": null}}, {"type": "Feature", "geometry": {"type": "LineString", "coordinates": [[472157.897, 5364689.724], [472164.667, 5364691.458], [472245.911, 5364712.212], [472284.741, 5364722.138], [472298.605, 5364725.682]]}, "properties": {"name": "Bay Street", "highway": "secondary", "osm_id": 399124887, "alt_name": null, "old_name": null, "official_name": null}}, {"type": "Feature", "geometry": {"type": "LineString", "coordinates": [[472198.98, 5365456.737], [472275.469, 5365411.755]]}, "properties": {"name": "Gorge Road East", "highway": "secondary", "osm_id": 399124888, "alt_name": null, "old_name": null, "official_name": null}}, {"type": "Feature", "geometry": {"type": "LineString", "coordinates": [[475473.03, 5361939.596], [475466.943, 5361952.316], [475463.836, 5361959.433], [475462.314, 5361970.166], [475463.118, 5362038.112], [475463.35, 5362050.605]]}, "properties": {"name": "Robertson Street", "highway": "secondary", "osm_id": 408081152, "alt_name": null, "old_name": null, "official_name": null}}, {"type": "Feature", "geometry": {"type": "LineString", "coordinates": [[473036.585, 5364187.303], [473036.788, 5364177.175], [473038.263, 5364103.172], [473038.481, 5364092.955]]}, "properties": {"name": "Douglas Street", "highway": "primary", "osm_id": 415301031, "alt_name": null, "old_name": null, "official_name": null}}, {"type": "Feature", "geometry": {"type": "LineString", "coordinates": [[472947.15, 5362879.519], [472946.901, 5362873.962], [472946.793, 5362871.439], [472945.894, 5362858.205], [472942.561, 5362838.835]]}, "properties": {"name": "Douglas Street", "highway": "primary", "osm_id": 415301032, "alt_name": null, "old_name": null, "official_name": null}}, {"type": "Feature", "geometry": {"type": "LineString", "coordinates": [[472893.874, 5363074.063], [472895.22, 5363063.175], [472896.703, 5363052.897], [472906.405, 5363006.965], [472911.213, 5362984.889], [472913.399, 5362979.432], [472929.448, 5362939.372]]}, "properties": {"name": "Douglas Street", "highway": "primary", "osm_id": 415301033, "alt_name": null, "old_name": null, "official_name": null}}, {"type": "Feature", "geometry": {"type": "LineString", "coordinates": [[472713.01, 5362000.184], [472709.343, 5361985.54], [472704.833, 5361965.02], [472704.233, 5361947.894]]}, "properties": {"name": "Douglas Street", "highway": "primary", "osm_id": 415301034, "alt_name": null, "old_name": null, "official_name": null}}, {"type": "Feature", "geometry": {"type": "LineString", "coordinates": [[472704.233, 5361947.894], [472697.84, 5361938.91], [472693.823, 5361925.368], [472688.426, 5361900.273]]}, "properties": {"name": "Douglas Street", "highway": "primary", "osm_id": 415301035, "alt_name": null, "old_name": null, "official_name": null}}, {"type": "Feature", "geometry": {"type": "LineString", "coordinates": [[472906.124, 5364959.096], [472915.93, 5364932.527], [472920.939, 5364918.886], [472934.301, 5364882.508], [472939.529, 5364868.266]]}, "properties": {"name": "Douglas Street", "highway": "primary", "osm_id": 415301036, "alt_name": null, "old_name": null, "official_name": null}}, {"type": "Feature", "geometry": {"type": "LineString", "coordinates": [[472942.561, 5362838.835], [472939.768, 5362822.731], [472938.715, 5362814.533]]}, "properties": {"name": "Douglas Street", "highway": "primary", "osm_id": 415301037, "alt_name": null, "old_name": null, "official_name": null}}, {"type": "Feature", "geometry": {"type": "LineString", "coordinates": [[472704.233, 5361947.894], [472712.218, 5361930.938]]}, "properties": {"name": "Douglas Street", "highway": "primary", "osm_id": 415301038, "alt_name": null, "old_name": null, "official_name": null}}, {"type": "Feature", "geometry": {"type": "LineString", "coordinates": [[472688.426, 5361900.273], [472693.641, 5361913.765], [472698.633, 5361920.654], [472707.011, 5361926.994], [472712.218, 5361930.938]]}, "properties": {"name": "Douglas Street", "highway": "primary", "osm_id": 415301039, "alt_name": null, "old_name": null, "official_name": null}}, {"type": "Feature", "geometry": {"type": "LineString", "coordinates": [[472549.643, 5365921.574], [472538.094, 5365949.43], [472536.354, 5365953.618], [472530.513, 5365967.697], [472524.084, 5365983.912], [472515.179, 5366006.365]]}, "properties": {"name": "Douglas Street", "highway": "primary", "osm_id": 415301040, "alt_name": null, "old_name": null, "official_name": null}}, {"type": "Feature", "geometry": {"type": "LineString", "coordinates": [[474175.218, 5365855.313], [474177.136, 5365844.433], [474197.543, 5365728.482], [474209.235, 5365660.178], [474210.534, 5365646.7], [474210.332, 5365633.107]]}, "properties": {"name": "Cook Street", "highway": "secondary", "osm_id": 418711633, "alt_name": null, "old_name": null, "official_name": null}}, {"type": "Feature", "geometry": {"type": "LineString", "coordinates": [[474146.804, 5366034.794], [474133.773, 5366031.219], [473933.885, 5365992.63]]}, "properties": {"name": "Lang Street", "highway": "residential", "osm_id": 418711634, "alt_name": null, "old_name": null, "official_name": null}}, {"type": "Feature", "geometry": {"type": "LineString", "coordinates": [[472280.527, 5366278.654], [472273.592, 5366277.498], [472249.666, 5366273.514], [472179.645, 5366261.608], [472152.055, 5366256.919], [472134.329, 5366253.939], [472099.922, 5366248.106]]}, "properties": {"name": "Kelvin Road", "highway": "unclassified", "osm_id": 418711637, "alt_name": null, "old_name": null, "official_name": null}}, {"type": "Feature", "geometry": {"type": "LineString", "coordinates": [[476153.119, 5364424.861], [476151.879, 5364397.267], [476151.601, 5364385.808]]}, "properties": {"name": "Foul Bay Road", "highway": "secondary", "osm_id": 418714904, "alt_name": null, "old_name": null, "official_name": null}}, {"type": "Feature", "geometry": {"type": "LineString", "coordinates": [[476164.632, 5364794.696], [476164.12, 5364783.805], [476153.853, 5364518.241], [476153.8, 5364512.783]]}, "properties": {"name": "Foul Bay Road", "highway": "secondary", "osm_id": 418714905, "alt_name": null, "old_name": null, "official_name": null}}, {"type": "Feature", "geometry": {"type": "LineString", "coordinates": [[472820.871, 5365094.449], [472828.148, 5365092.78], [472842.001, 5365089.612], [472844.211, 5365089.279], [472861.513, 5365086.628]]}, "properties": {"name": "Gorge Road East", "highway": "secondary", "osm_id": 419742935, "alt_name": null, "old_name": null, "official_name": null}}, {"type": "Feature", "geometry": {"type": "LineString", "coordinates": [[475354.884, 5366072.024], [475354.609, 5366051.316], [475353.387, 5365998.334]]}, "properties": {"name": "Shelbourne Street", "highway": "secondary", "osm_id": 424437275, "alt_name": null, "old_name": null, "official_name": null}}, {"type": "Feature", "geometry": {"type": "LineString", "coordinates": [[472628.768, 5363928.141], [472625.998, 5363919.762], [472624.879, 5363916.41], [472622.875, 5363910.418], [472621.404, 5363906.023], [472615.032, 5363882.5]]}, "properties": {"name": "Wharf Street", "highway": "secondary", "osm_id": 441681141, "alt_name": null, "old_name": null, "official_name": null}}, {"type": "Feature", "geometry": {"type": "LineString", "coordinates": [[472391.716, 5366301.798], [472403.52, 5366309.81], [472491.178, 5366369.286], [472532.984, 5366397.651], [472560.019, 5366415.994], [472568.973, 5366422.075], [472574.612, 5366425.883], [472591.69, 5366437.394], [472602.551, 5366444.711], [472613.753, 5366452.349], [472623.014, 5366458.929], [472633.609, 5366466.47]]}, "properties": {"name": "Cloverdale Avenue", "highway": "secondary", "osm_id": 442264623, "alt_name": null, "old_name": null, "official_name": null}}, {"type": "Feature", "geometry": {"type": "LineString", "coordinates": [[471290.462, 5364223.861], [471283.381, 5364224.975]]}, "properties": {"name": "Esquimalt Road", "highway": "secondary", "osm_id": 442694188, "alt_name": null, "old_name": null, "official_name": null}}, {"type": "Feature", "geometry": {"type": "LineString", "coordinates": [[471079.663, 5364458.229], [471106.311, 5364457.426], [471133.571, 5364454.953], [471137.897, 5364454.709], [471145.069, 5364454.072], [471227.747, 5364449.594], [471230.298, 5364449.559], [471236.053, 5364449.463], [471288.25, 5364448.587], [471291.824, 5364450.191], [471298.444, 5364453.137], [471361.818, 5364481.395], [471375.704, 5364487.583], [471447.577, 5364486.742], [471539.829, 5364485.666]]}, "properties": {"name": "Wilson Street", "highway": "residential", "osm_id": 442694190, "alt_name": null, "old_name": null, "official_name": null}}, {"type": "Feature", "geometry": {"type": "LineString", "coordinates": [[470875.24, 5364489.444], [470889.933, 5364486.89], [470946.272, 5364476.019], [470990.638, 5364465.354], [471014.66, 5364461.752], [471052.793, 5364457.677], [471079.663, 5364458.229]]}, "properties": {"name": "Wilson Street", "highway": "residential", "osm_id": 442694191, "alt_name": null, "old_name": null, "official_name": null}}, {"type": "Feature", "geometry": {"type": "LineString", "coordinates": [[471118.272, 5364567.744], [471118.135, 5364603.215], [471118.098, 5364613.352], [471117.964, 5364624.758], [471116.728, 5364627.654]]}, "properties": {"name": "Sherk Street", "highway": "residential", "osm_id": 445244343, "alt_name": null, "old_name": null, "official_name": null}}, {"type": "Feature", "geometry": {"type": "LineString", "coordinates": [[471539.829, 5364485.666], [471649.097, 5364483.795], [471697.839, 5364484.341], [471705.116, 5364484.093], [471711.403, 5364483.873], [471720.478, 5364483.561]]}, "properties": {"name": "Wilson Street", "highway": "residential", "osm_id": 445244344, "alt_name": null, "old_name": null, "official_name": null}}, {"type": "Feature", "geometry": {"type": "LineString", "coordinates": [[472891.41, 5366205.3], [472892.325, 5366200.194], [472892.735, 5366197.902], [472895.148, 5366184.44], [472895.53, 5366182.282], [472898.101, 5366167.942], [472898.634, 5366164.96], [472903.503, 5366137.77], [472904.799, 5366130.539], [472906.384, 5366121.672], [472909.056, 5366106.731], [472909.611, 5366103.671], [472912.211, 5366089.153], [472914.386, 5366076.971], [472914.717, 5366075.135], [472915.646, 5366069.94], [472919.881, 5366046.276], [472922.914, 5366029.366], [472925.607, 5366014.325], [472928.395, 5365998.76], [472930.066, 5365989.415], [472931.124, 5365983.308], [472935.802, 5365956.341], [472936.284, 5365953.537], [472937.183, 5365948.342], [472940.782, 5365927.616], [472943.577, 5365912.186]]}, "properties": {"name": "Alder Street", "highway": "residential", "osm_id": 466290441, "alt_name": null, "old_name": null, "official_name": null}}, {"type": "Feature", "geometry": {"type": "LineString", "coordinates": [[473865.324, 5363839.835], [473864.696, 5363831.957], [473863.962, 5363801.17], [473863.503, 5363788.189]]}, "properties": {"name": "Cook Street", "highway": "secondary", "osm_id": 467663406, "alt_name": null, "old_name": null, "official_name": null}}, {"type": "Feature", "geometry": {"type": "LineString", "coordinates": [[473863.503, 5363788.189], [473876.344, 5363794.165], [473882.876, 5363795.825], [473893.486, 5363794.498], [473901.708, 5363794.993]]}, "properties": {"name": "Pandora Avenue", "highway": "unclassified", "osm_id": 467663407, "alt_name": null, "old_name": null, "official_name": null}}, {"type": "Feature", "geometry": {"type": "LineString", "coordinates": [[473601.141, 5363843.605], [473608.147, 5363842.25], [473617.084, 5363840.541]]}, "properties": {"name": "Pandora Avenue", "highway": "unclassified", "osm_id": 467663409, "alt_name": null, "old_name": null, "official_name": null}}, {"type": "Feature", "geometry": {"type": "LineString", "coordinates": [[473445.414, 5363856.16], [473446.012, 5363844.719], [473445.441, 5363831.772], [473438.165, 5363786.754], [473436.514, 5363777.058], [473436.034, 5363774.115], [473434.975, 5363767.684], [473423.694, 5363701.565], [473422.204, 5363691.424], [473420.012, 5363679.885]]}, "properties": {"name": "Quadra Street", "highway": "secondary", "osm_id": 467663410, "alt_name": null, "old_name": null, "official_name": null}}, {"type": "Feature", "geometry": {"type": "LineString", "coordinates": [[473532.615, 5363855.04], [473585.456, 5363846.557], [473592.382, 5363845.258]]}, "properties": {"name": "Pandora Avenue", "highway": "unclassified", "osm_id": 467663411, "alt_name": null, "old_name": null, "official_name": null}}, {"type": "Feature", "geometry": {"type": "LineString", "coordinates": [[473299.441, 5363504.803], [473377.388, 5363491.786], [473387.708, 5363490.059]]}, "properties": {"name": "Fort Street", "highway": "secondary", "osm_id": 470480858, "alt_name": null, "old_name": null, "official_name": null}}, {"type": "Feature", "geometry": {"type": "LineString", "coordinates": [[473570.341, 5363310.243], [473582.895, 5363308.25], [473676.153, 5363292.221], [473723.223, 5363284.122], [473767.683, 5363276.479], [473783.725, 5363273.715]]}, "properties": {"name": "Rockland Avenue", "highway": "tertiary", "osm_id": 470484493, "alt_name": null, "old_name": null, "official_name": null}}, {"type": "Feature", "geometry": {"type": "LineString", "coordinates": [[475934.154, 5363049.788], [475976.445, 5363065.237], [475992.791, 5363069.203], [476014.48, 5363069.778], [476050.405, 5363069.004]]}, "properties": {"name": "Richardson Street", "highway": "unclassified", "osm_id": 470484690, "alt_name": null, "old_name": null, "official_name": null}}, {"type": "Feature", "geometry": {"type": "LineString", "coordinates": [[472929.448, 5362939.372], [472936.607, 5362923.087]]}, "properties": {"name": "Douglas Street", "highway": "primary", "osm_id": 475869067, "alt_name": null, "old_name": null, "official_name": null}}, {"type": "Feature", "geometry": {"type": "LineString", "coordinates": [[473899.826, 5363837.697], [473875.76, 5363839.198], [473865.324, 5363839.835]]}, "properties": {"name": "Pandora Avenue", "highway": "secondary", "osm_id": 475870214, "alt_name": null, "old_name": null, "official_name": null}}, {"type": "Feature", "geometry": {"type": "LineString", "coordinates": [[473901.708, 5363794.993], [474027.806, 5363774.017], [474047.233, 5363770.782]]}, "properties": {"name": "Pandora Avenue", "highway": "unclassified", "osm_id": 475870215, "alt_name": null, "old_name": null, "official_name": null}}, {"type": "Feature", "geometry": {"type": "LineString", "coordinates": [[473694.4, 5363855.009], [473664.677, 5363857.137], [473661.66, 5363857.351], [473652.499, 5363858.317]]}, "properties": {"name": "Pandora Avenue", "highway": "secondary", "osm_id": 475870216, "alt_name": null, "old_name": null, "official_name": null}}, {"type": "Feature", "geometry": {"type": "LineString", "coordinates": [[473825.957, 5363842.273], [473738.324, 5363850.971], [473694.4, 5363855.009]]}, "properties": {"name": "Pandora Avenue", "highway": "secondary", "osm_id": 475870217, "alt_name": null, "old_name": null, "official_name": null}}, {"type": "Feature", "geometry": {"type": "LineString", "coordinates": [[473693.099, 5363828.205], [473711.846, 5363825.205], [473747.101, 5363819.562], [473779.835, 5363814.33], [473782.902, 5363813.849], [473814.831, 5363808.733]]}, "properties": {"name": "Pandora Avenue", "highway": "unclassified", "osm_id": 475870218, "alt_name": null, "old_name": null, "official_name": null}}, {"type": "Feature", "geometry": {"type": "LineString", "coordinates": [[473653.664, 5363821.029], [473657.086, 5363825.048], [473663.054, 5363829.345], [473667.87, 5363830.912], [473671.917, 5363831.093], [473684.132, 5363829.68]]}, "properties": {"name": "Pandora Avenue", "highway": "unclassified", "osm_id": 475870219, "alt_name": null, "old_name": null, "official_name": null}}, {"type": "Feature", "geometry": {"type": "LineString", "coordinates": [[475885.396, 5363032.677], [475934.154, 5363049.788]]}, "properties": {"name": "Richardson Street", "highway": "unclassified", "osm_id": 475872045, "alt_name": null, "old_name": null, "official_name": null}}, {"type": "Feature", "geometry": {"type": "LineString", "coordinates": [[475934.154, 5363049.788], [475937.524, 5363041.837], [475941.401, 5363033.106], [475947.864, 5363025.276]]}, "properties": {"name": "Runnymede Avenue", "highway": "residential", "osm_id": 475872046, "alt_name": null, "old_name": null, "official_name": null}}, {"type": "Feature", "geometry": {"type": "LineString", "coordinates": [[472331.851, 5363254.274], [472332.842, 5363255.692], [472334.779, 5363258.462]]}, "properties": {"name": "Oswego Street", "highway": "service", "osm_id": 475872377, "alt_name": null, "old_name": null, "official_name": null}}, {"type": "Feature", "geometry": {"type": "LineString", "coordinates": [[472317.289, 5363231.314], [472325.072, 5363226.551], [472330.15, 5363224.081], [472337.179, 5363221.135]]}, "properties": {"name": "Belleville Street", "highway": "secondary", "osm_id": 475872378, "alt_name": null, "old_name": null, "official_name": null}}, {"type": "Feature", "geometry": {"type": "LineString", "coordinates": [[476151.601, 5364385.808], [476162.643, 5364388.862], [476186.868, 5364395.685], [476197.094, 5364398.21], [476210.346, 5364402.49], [476229.962, 5364407.576]]}, "properties": {"name": "Cadboro Bay Road", "highway": "secondary", "osm_id": 475872823, "alt_name": null, "old_name": null, "official_name": null}}, {"type": "Feature", "geometry": {"type": "LineString", "coordinates": [[473127.305, 5364779.358], [473152.585, 5364777.248], [473161.96, 5364776.47]]}, "properties": {"name": "Bay Street", "highway": "secondary", "osm_id": 476241178, "alt_name": null, "old_name": null, "official_name": null}}, {"type": "Feature", "geometry": {"type": "LineString", "coordinates": [[473205.535, 5364776.809], [473193.027, 5364778.246], [473185.117, 5364779.151], [473177.708, 5364775.106]]}, "properties": {"name": "Bay Street", "highway": "secondary", "osm_id": 476241179, "alt_name": null, "old_name": null, "official_name": null}}, {"type": "Feature", "geometry": {"type": "LineString", "coordinates": [[473161.96, 5364776.47], [473177.708, 5364775.106]]}, "properties": {"name": "Bay Street", "highway": "secondary", "osm_id": 476241180, "alt_name": null, "old_name": null, "official_name": null}}, {"type": "Feature", "geometry": {"type": "LineString", "coordinates": [[473161.96, 5364776.47], [473160.847, 5364758.591], [473159.96, 5364738.487]]}, "properties": {"name": "Blanshard Street", "highway": "primary", "osm_id": 476241181, "alt_name": null, "old_name": null, "official_name": null}}, {"type": "Feature", "geometry": {"type": "LineString", "coordinates": [[473165.112, 5364812.637], [473163.234, 5364790.859], [473161.96, 5364776.47]]}, "properties": {"name": "Blanshard Street", "highway": "primary", "osm_id": 476241182, "alt_name": null, "old_name": null, "official_name": null}}, {"type": "Feature", "geometry": {"type": "LineString", "coordinates": [[473129.008, 5365108.707], [473137.764, 5365061.635], [473142.979, 5365033.599], [473147.3, 5365010.658], [473157.805, 5364954.896]]}, "properties": {"name": "Blanshard Street", "highway": "primary", "osm_id": 476241183, "alt_name": null, "old_name": null, "official_name": null}}, {"type": "Feature", "geometry": {"type": "LineString", "coordinates": [[473176.748, 5364936.277], [473175.056, 5364945.967], [473170.901, 5364969.729], [473162.641, 5365012.275], [473143.39, 5365115.608]]}, "properties": {"name": "Blanshard Street", "highway": "primary", "osm_id": 476241184, "alt_name": null, "old_name": null, "official_name": null}}, {"type": "Feature", "geometry": {"type": "LineString", "coordinates": [[473177.708, 5364775.106], [473178.71, 5364786.629], [473179.226, 5364792.617], [473180.707, 5364811.552]]}, "properties": {"name": "Blanshard Street", "highway": "primary", "osm_id": 476241185, "alt_name": null, "old_name": null, "official_name": null}}, {"type": "Feature", "geometry": {"type": "LineString", "coordinates": [[473175.504, 5364740.647], [473176.457, 5364760.684], [473177.708, 5364775.106]]}, "properties": {"name": "Blanshard Street", "highway": "primary", "osm_id": 476241186, "alt_name": null, "old_name": null, "official_name": null}}, {"type": "Feature", "geometry": {"type": "LineString", "coordinates": [[473121.494, 5365147.614], [473137.187, 5365150.43]]}, "properties": {"name": "Hillside Avenue", "highway": "secondary", "osm_id": 476242419, "alt_name": null, "old_name": null, "official_name": null}}, {"type": "Feature", "geometry": {"type": "LineString", "coordinates": [[473137.187, 5365150.43], [473145.663, 5365151.935], [473180.484, 5365158.139]]}, "properties": {"name": "Hillside Avenue", "highway": "secondary", "osm_id": 476242420, "alt_name": null, "old_name": null, "official_name": null}}, {"type": "Feature", "geometry": {"type": "LineString", "coordinates": [[473137.187, 5365150.43], [473135.086, 5365161.188], [473130.428, 5365185.02]]}, "properties": {"name": "Blanshard Street", "highway": "primary", "osm_id": 476242421, "alt_name": null, "old_name": null, "official_name": null}}, {"type": "Feature", "geometry": {"type": "LineString", "coordinates": [[473143.39, 5365115.608], [473139.384, 5365138.081], [473137.187, 5365150.43]]}, "properties": {"name": "Blanshard Street", "highway": "primary", "osm_id": 476242422, "alt_name": null, "old_name": null, "official_name": null}}, {"type": "Feature", "geometry": {"type": "LineString", "coordinates": [[473121.494, 5365147.614], [473123.919, 5365135.075], [473129.008, 5365108.707]]}, "properties": {"name": "Blanshard Street", "highway": "primary", "osm_id": 476242423, "alt_name": null, "old_name": null, "official_name": null}}, {"type": "Feature", "geometry": {"type": "LineString", "coordinates": [[473114.454, 5365186.864], [473119.678, 5365157.727], [473121.494, 5365147.614]]}, "properties": {"name": "Blanshard Street", "highway": "primary", "osm_id": 476242424, "alt_name": null, "old_name": null, "official_name": null}}, {"type": "Feature", "geometry": {"type": "LineString", "coordinates": [[472843.657, 5365882.196], [472874.568, 5365886.427], [472877.898, 5365886.878], [472887.688, 5365888.221]]}, "properties": {"name": "Finlayson Street", "highway": "secondary", "osm_id": 476254555, "alt_name": null, "old_name": null, "official_name": null}}, {"type": "Feature", "geometry": {"type": "LineString", "coordinates": [[472904.821, 5365890.973], [472913.917, 5365892.542], [472917.07, 5365893.082], [472943.108, 5365897.571]]}, "properties": {"name": "Finlayson Street", "highway": "secondary", "osm_id": 476254558, "alt_name": null, "old_name": null, "official_name": null}}, {"type": "Feature", "geometry": {"type": "LineString", "coordinates": [[472904.821, 5365890.973], [472900.669, 5365902.665], [472892.088, 5365926.827]]}, "properties": {"name": "Blanshard Street", "highway": "primary", "osm_id": 476254561, "alt_name": null, "old_name": null, "official_name": null}}, {"type": "Feature", "geometry": {"type": "LineString", "coordinates": [[472919.6, 5365851.364], [472910.626, 5365875.417], [472909.18, 5365879.292], [472904.821, 5365890.973]]}, "properties": {"name": "Blanshard Street", "highway": "primary", "osm_id": 476254567, "alt_name": null, "old_name": null, "official_name": null}}, {"type": "Feature", "geometry": {"type": "LineString", "coordinates": [[473064.578, 5365487.668], [473033.194, 5365549.198], [473019.33, 5365580.844], [473002.946, 5365622.172], [472987.692, 5365663.062], [472964.251, 5365730.323], [472946.68, 5365778.405], [472919.6, 5365851.364]]}, "properties": {"name": "Blanshard Street", "highway": "primary", "osm_id": 476254570, "alt_name": null, "old_name": null, "official_name": null}}, {"type": "Feature", "geometry": {"type": "LineString", "coordinates": [[472900.692, 5365853.411], [472910.077, 5365827.122], [472929.328, 5365776.231], [472935.528, 5365759.728], [472952.513, 5365714.506], [472980.78, 5365638.863], [472998.242, 5365592.538], [473011.213, 5365561.319], [473024.192, 5365533.29], [473041.032, 5365499.118]]}, "properties": {"name": "Blanshard Street", "highway": "primary", "osm_id": 476254571, "alt_name": null, "old_name": null, "official_name": null}}, {"type": "Feature", "geometry": {"type": "LineString", "coordinates": [[472887.688, 5365888.221], [472891.93, 5365876.863], [472900.692, 5365853.411]]}, "properties": {"name": "Blanshard Street", "highway": "primary", "osm_id": 476254574, "alt_name": null, "old_name": null, "official_name": null}}, {"type": "Feature", "geometry": {"type": "LineString", "coordinates": [[472875.465, 5365920.815], [472881.671, 5365904.256], [472883.132, 5365900.359], [472887.688, 5365888.221]]}, "properties": {"name": "Blanshard Street", "highway": "primary", "osm_id": 476254575, "alt_name": null, "old_name": null, "official_name": null}}, {"type": "Feature", "geometry": {"type": "LineString", "coordinates": [[473238.849, 5364436.924], [473228.199, 5364476.357], [473224.717, 5364489.401], [473211.307, 5364539.485], [473198.319, 5364588.233], [473188.707, 5364625.138], [473183.507, 5364648.472], [473179.242, 5364672.602], [473177.015, 5364695.922]]}, "properties": {"name": "Blanshard Street", "highway": "primary", "osm_id": 476265027, "alt_name": null, "old_name": null, "official_name": null}}, {"type": "Feature", "geometry": {"type": "LineString", "coordinates": [[473248.146, 5364399.087], [473243.82, 5364418.004], [473238.849, 5364436.924]]}, "properties": {"name": "Blanshard Street", "highway": "primary", "osm_id": 476265033, "alt_name": null, "old_name": null, "official_name": null}}, {"type": "Feature", "geometry": {"type": "LineString", "coordinates": [[473157.805, 5364954.896], [473159.546, 5364944.417], [473161.502, 5364932.67]]}, "properties": {"name": "Blanshard Street", "highway": "primary", "osm_id": 476265036, "alt_name": null, "old_name": null, "official_name": null}}, {"type": "Feature", "geometry": {"type": "LineString", "coordinates": [[473164.367, 5364914.582], [473166.037, 5364896.989], [473167.364, 5364875.752], [473167.573, 5364857.432], [473166.962, 5364840.973], [473165.112, 5364812.637]]}, "properties": {"name": "Blanshard Street", "highway": "primary", "osm_id": 476265039, "alt_name": null, "old_name": null, "official_name": null}}, {"type": "Feature", "geometry": {"type": "LineString", "coordinates": [[472773.499, 5361845.82], [472789.354, 5361844.877], [472799.925, 5361844.059], [472810.576, 5361841.229], [472842.242, 5361828.828], [472851.897, 5361825.102], [472873.806, 5361816.627], [472886.252, 5361811.421], [472901.229, 5361806.47], [472916.336, 5361802.274], [472936.567, 5361797.286], [472981.367, 5361788.792], [473004.838, 5361784.889], [473040.378, 5361780.752], [473075.82, 5361776.193], [473106.124, 5361772.692], [473132.599, 5361771.811], [473139.991, 5361771.653], [473159.72, 5361771.393], [473184.13, 5361770.444]]}, "properties": {"name": "Dallas Road", "highway": "secondary", "osm_id": 476663987, "alt_name": null, "old_name": null, "official_name": null}}, {"type": "Feature", "geometry": {"type": "LineString", "coordinates": [[471892.916, 5362284.405], [471897.547, 5362281.114], [471974.038, 5362225.368], [471999.72, 5362205.155], [472002.131, 5362203.376], [472058.03, 5362162.606], [472061.886, 5362159.652], [472113.506, 5362122.861], [472149.257, 5362097.375], [472253.856, 5362022.832], [472260.25, 5362018.277], [472326.494, 5361968.978]]}, "properties": {"name": "Dallas Road", "highway": "secondary", "osm_id": 476663988, "alt_name": null, "old_name": null, "official_name": null}}, {"type": "Feature", "geometry": {"type": "LineString", "coordinates": [[472712.218, 5361930.938], [472720.291, 5361916.949], [472730.389, 5361902.372], [472739.026, 5361891.704], [472748.436, 5361881.866], [472761.091, 5361871.001], [472762.565, 5361869.76], [472765.527, 5361867.056], [472768.776, 5361864.094], [472772.042, 5361858.454], [472772.777, 5361852.693], [472773.499, 5361845.82]]}, "properties": {"name": "Douglas Street", "highway": "primary", "osm_id": 476663989, "alt_name": null, "old_name": null, "official_name": null}}, {"type": "Feature", "geometry": {"type": "LineString", "coordinates": [[473443.205, 5363877.323], [473443.991, 5363869.772], [473445.414, 5363856.16]]}, "properties": {"name": "Quadra Street", "highway": "secondary", "osm_id": 476664688, "alt_name": null, "old_name": null, "official_name": null}}, {"type": "Feature", "geometry": {"type": "LineString", "coordinates": [[472661.675, 5363911.497], [472671.296, 5363909.261], [472672.345, 5363908.978], [472740.577, 5363897.111], [472746.343, 5363896.094], [472786.583, 5363889.032], [472798.476, 5363886.94]]}, "properties": {"name": "Johnson Street", "highway": "secondary", "osm_id": 476667030, "alt_name": null, "old_name": null, "official_name": null}}, {"type": "Feature", "geometry": {"type": "LineString", "coordinates": [[472628.768, 5363928.141], [472635.856, 5363923.616], [472642.906, 5363919.08], [472661.675, 5363911.497]]}, "properties": {"name": "Johnson Street", "highway": "secondary", "osm_id": 476667031, "alt_name": null, "old_name": null, "official_name": null}}, {"type": "Feature", "geometry": {"type": "LineString", "coordinates": [[473184.13, 5361770.444], [473192.06, 5361769.573], [473200.697, 5361768.287], [473208.24, 5361767.095]]}, "properties": {"name": "Dallas Road", "highway": "secondary", "osm_id": 476667174, "alt_name": null, "old_name": null, "official_name": null}}, {"type": "Feature", "geometry": {"type": "LineString", "coordinates": [[473137.324, 5363263.659], [473138.709, 5363281.116], [473140.141, 5363292.869]]}, "properties": {"name": "Blanshard Street", "highway": "primary", "osm_id": 476668913, "alt_name": null, "old_name": null, "official_name": null}}, {"type": "Feature", "geometry": {"type": "LineString", "coordinates": [[474724.292, 5363856.024], [474703.566, 5363848.202], [474690.787, 5363842.712], [474678.5, 5363836.364]]}, "properties": {"name": "Begbie Street", "highway": "secondary", "osm_id": 476670912, "alt_name": null, "old_name": null, "official_name": null}}, {"type": "Feature", "geometry": {"type": "LineString", "coordinates": [[474654.956, 5363792.407], [474648.105, 5363792.394], [474622.071, 5363792.143]]}, "properties": {"name": "Pandora Avenue", "highway": "secondary", "osm_id": 476670915, "alt_name": null, "old_name": null, "official_name": null}}, {"type": "Feature", "geometry": {"type": "LineString", "coordinates": [[474641.666, 5363758.564], [474650.312, 5363781.146], [474652.041, 5363785.64], [474654.956, 5363792.407]]}, "properties": {"name": "Johnson Street", "highway": "secondary", "osm_id": 476670916, "alt_name": null, "old_name": null, "official_name": null}}, {"type": "Feature", "geometry": {"type": "LineString", "coordinates": [[474623.666, 5363717.084], [474633.507, 5363737.259], [474641.666, 5363758.564]]}, "properties": {"name": "Johnson Street", "highway": "secondary", "osm_id": 476670917, "alt_name": null, "old_name": null, "official_name": null}}, {"type": "Feature", "geometry": {"type": "LineString", "coordinates": [[472939.529, 5364868.266], [472941.318, 5364863.4], [472960.433, 5364809.798], [472962.368, 5364804.386], [472965.886, 5364794.543]]}, "properties": {"name": "Douglas Street", "highway": "primary", "osm_id": 476913203, "alt_name": null, "old_name": null, "official_name": null}}, {"type": "Feature", "geometry": {"type": "LineString", "coordinates": [[472965.886, 5364794.543], [472981.346, 5364793.136], [472984.613, 5364792.753], [473010.979, 5364790.427]]}, "properties": {"name": "Bay Street", "highway": "secondary", "osm_id": 476913204, "alt_name": null, "old_name": null, "official_name": null}}, {"type": "Feature", "geometry": {"type": "LineString", "coordinates": [[472965.886, 5364794.543], [472969.836, 5364783.809], [472972.655, 5364776.103], [472979.211, 5364758.154]]}, "properties": {"name": "Douglas Street", "highway": "primary", "osm_id": 476913205, "alt_name": null, "old_name": null, "official_name": null}}, {"type": "Feature", "geometry": {"type": "LineString", "coordinates": [[472830.314, 5365169.601], [472820.914, 5365197.513]]}, "properties": {"name": "Douglas Street", "highway": "primary", "osm_id": 476913206, "alt_name": null, "old_name": null, "official_name": null}}, {"type": "Feature", "geometry": {"type": "LineString", "coordinates": [[472780.449, 5365115.807], [472793.849, 5365107.595], [472808.62, 5365099.965], [472811.697, 5365098.583], [472820.871, 5365094.449]]}, "properties": {"name": "Gorge Road East", "highway": "secondary", "osm_id": 476913207, "alt_name": null, "old_name": null, "official_name": null}}, {"type": "Feature", "geometry": {"type": "LineString", "coordinates": [[472819.383, 5365137.351], [472820.271, 5365112.681], [472820.458, 5365106.978], [472820.871, 5365094.449]]}, "properties": {"name": "Government Street", "highway": "secondary", "osm_id": 476913208, "alt_name": null, "old_name": null, "official_name": null}}, {"type": "Feature", "geometry": {"type": "LineString", "coordinates": [[472871.365, 5365055.68], [472873.576, 5365049.433]]}, "properties": {"name": "Douglas Street", "highway": "primary", "osm_id": 476913209, "alt_name": null, "old_name": null, "official_name": null}}, {"type": "Feature", "geometry": {"type": "LineString", "coordinates": [[472827.28, 5365022.833], [472830.027, 5365040.327]]}, "properties": {"name": "Government Street", "highway": "secondary", "osm_id": 476913210, "alt_name": null, "old_name": null, "official_name": null}}, {"type": "Feature", "geometry": {"type": "LineString", "coordinates": [[472823.366, 5365062.646], [472824.681, 5365042.276], [472827.28, 5365022.833]]}, "properties": {"name": "Government Street", "highway": "secondary", "osm_id": 476913211, "alt_name": null, "old_name": null, "official_name": null}}, {"type": "Feature", "geometry": {"type": "LineString", "coordinates": [[472820.871, 5365094.449], [472821.387, 5365087.966], [472821.757, 5365083.251], [472821.938, 5365080.938], [472822.132, 5365078.258]]}, "properties": {"name": "Government Street", "highway": "secondary", "osm_id": 476913212, "alt_name": null, "old_name": null, "official_name": null}}, {"type": "Feature", "geometry": {"type": "LineString", "coordinates": [[473210.124, 5363909.344], [473140.3, 5363920.991], [473048.684, 5363936.332], [473036.732, 5363938.323]]}, "properties": {"name": "Pandora Avenue", "highway": "secondary", "osm_id": 476913213, "alt_name": null, "old_name": null, "official_name": null}}, {"type": "Feature", "geometry": {"type": "LineString", "coordinates": [[473239.204, 5363943.588], [473234.975, 5363961.192], [473226.371, 5363997.137]]}, "properties": {"name": "Blanshard Street", "highway": "primary", "osm_id": 476913214, "alt_name": null, "old_name": null, "official_name": null}}, {"type": "Feature", "geometry": {"type": "LineString", "coordinates": [[472324.24, 5365724.0], [472332.024, 5365729.42], [472340.297, 5365733.37], [472342.965, 5365734.613], [472352.28, 5365738.436]]}, "properties": {"name": "Jutland Road", "highway": "tertiary", "osm_id": 476913216, "alt_name": null, "old_name": null, "official_name": null}}, {"type": "Feature", "geometry": {"type": "LineString", "coordinates": [[472352.28, 5365738.436], [472364.587, 5365729.528], [472371.168, 5365724.772], [472416.984, 5365691.613], [472544.697, 5365598.598]]}, "properties": {"name": "Burnside Road East", "highway": "secondary", "osm_id": 476913218, "alt_name": null, "old_name": null, "official_name": null}}, {"type": "Feature", "geometry": {"type": "LineString", "coordinates": [[472320.585, 5365763.045], [472336.484, 5365750.696], [472340.301, 5365747.743], [472352.28, 5365738.436]]}, "properties": {"name": "Burnside Road East", "highway": "secondary", "osm_id": 476913219, "alt_name": null, "old_name": null, "official_name": null}}, {"type": "Feature", "geometry": {"type": "LineString", "coordinates": [[475547.098, 5364077.326], [475564.967, 5364090.176], [475576.123, 5364097.253]]}, "properties": {"name": "Fort Street", "highway": "secondary", "osm_id": 476928431, "alt_name": null, "old_name": null, "official_name": null}}, {"type": "Feature", "geometry": {"type": "LineString", "coordinates": [[475586.522, 5364131.011], [475580.888, 5364112.828], [475576.123, 5364097.253]]}, "properties": {"name": "Richmond Road", "highway": "secondary", "osm_id": 476928434, "alt_name": null, "old_name": null, "official_name": null}}, {"type": "Feature", "geometry": {"type": "LineString", "coordinates": [[475589.825, 5364143.913], [475586.522, 5364131.011]]}, "properties": {"name": "Richmond Road", "highway": "secondary", "osm_id": 476928437, "alt_name": null, "old_name": null, "official_name": null}}, {"type": "Feature", "geometry": {"type": "LineString", "coordinates": [[475576.123, 5364097.253], [475590.819, 5364106.849], [475620.598, 5364124.906], [475625.033, 5364127.599]]}, "properties": {"name": "Fort Street", "highway": "secondary", "osm_id": 476928441, "alt_name": null, "old_name": null, "official_name": null}}, {"type": "Feature", "geometry": {"type": "LineString", "coordinates": [[475576.123, 5364097.253], [475572.79, 5364080.816], [475571.813, 5364056.644]]}, "properties": {"name": "Richmond Avenue", "highway": "secondary", "osm_id": 476928444, "alt_name": null, "old_name": null, "official_name": null}}, {"type": "Feature", "geometry": {"type": "LineString", "coordinates": [[473416.679, 5366987.843], [473415.469, 5366983.692], [473411.466, 5366970.438], [473410.758, 5366967.596], [473404.256, 5366941.805], [473395.232, 5366906.499], [473392.535, 5366895.941], [473377.677, 5366837.042], [473337.438, 5366673.453], [473318.435, 5366590.453], [473316.148, 5366580.471], [473240.205, 5366279.538], [473240.204, 5366276.137], [473240.092, 5366266.511]]}, "properties": {"name": "Quadra Street", "highway": "secondary", "osm_id": 476941533, "alt_name": null, "old_name": null, "official_name": null}}, {"type": "Feature", "geometry": {"type": "LineString", "coordinates": [[474131.587, 5366121.032], [474133.55, 5366110.43], [474134.107, 5366107.704], [474138.675, 5366082.917], [474146.804, 5366034.794]]}, "properties": {"name": "Cook Street", "highway": "secondary", "osm_id": 476941536, "alt_name": null, "old_name": null, "official_name": null}}, {"type": "Feature", "geometry": {"type": "LineString", "coordinates": [[474127.165, 5366143.628], [474128.531, 5366136.797], [474130.003, 5366128.709], [474131.587, 5366121.032]]}, "properties": {"name": "Cook Street", "highway": "secondary", "osm_id": 476941537, "alt_name": null, "old_name": null, "official_name": null}}, {"type": "Feature", "geometry": {"type": "LineString", "coordinates": [[474131.587, 5366121.032], [474142.979, 5366123.492], [474145.541, 5366124.07], [474165.668, 5366128.524]]}, "properties": {"name": "Finlayson Street", "highway": "tertiary", "osm_id": 476941538, "alt_name": null, "old_name": null, "official_name": null}}, {"type": "Feature", "geometry": {"type": "LineString", "coordinates": [[474234.702, 5365636.742], [474249.376, 5365646.657], [474264.669, 5365659.615], [474277.812, 5365672.883]]}, "properties": {"name": "Kiwanis Way", "highway": "tertiary", "osm_id": 476941540, "alt_name": null, "old_name": null, "official_name": null}}, {"type": "Feature", "geometry": {"type": "LineString", "coordinates": [[474208.867, 5365623.232], [474207.204, 5365612.012], [474204.233, 5365601.144]]}, "properties": {"name": "Cook Street", "highway": "secondary", "osm_id": 476941541, "alt_name": null, "old_name": null, "official_name": null}}, {"type": "Feature", "geometry": {"type": "LineString", "coordinates": [[474216.264, 5365617.051], [474234.702, 5365636.742]]}, "properties": {"name": "Kiwanis Way", "highway": "tertiary", "osm_id": 476941542, "alt_name": null, "old_name": null, "official_name": null}}, {"type": "Feature", "geometry": {"type": "LineString", "coordinates": [[475351.531, 5365926.879], [475351.724, 5365911.694], [475351.902, 5365905.124]]}, "properties": {"name": "Shelbourne Street", "highway": "secondary", "osm_id": 476941543, "alt_name": null, "old_name": null, "official_name": null}}, {"type": "Feature", "geometry": {"type": "LineString", "coordinates": [[475352.324, 5365889.916], [475365.148, 5365896.808], [475374.243, 5365901.703], [475379.908, 5365905.136]]}, "properties": {"name": "Lansdowne Road", "highway": "tertiary", "osm_id": 476941544, "alt_name": null, "old_name": null, "official_name": null}}, {"type": "Feature", "geometry": {"type": "LineString", "coordinates": [[475323.018, 5366166.668], [475343.011, 5366166.225], [475346.59, 5366166.176], [475358.621, 5366166.024]]}, "properties": {"name": "North Dairy Road", "highway": "tertiary", "osm_id": 476941546, "alt_name": null, "old_name": null, "official_name": null}}, {"type": "Feature", "geometry": {"type": "LineString", "coordinates": [[475356.976, 5366136.308], [475354.884, 5366072.024]]}, "properties": {"name": "Shelbourne Street", "highway": "secondary", "osm_id": 476941547, "alt_name": null, "old_name": null, "official_name": null}}, {"type": "Feature", "geometry": {"type": "LineString", "coordinates": [[474623.786, 5366302.546], [474635.701, 5366317.855], [474668.559, 5366353.444], [474741.75, 5366432.728]]}, "properties": {"name": "Cedar Hill Road", "highway": "tertiary", "osm_id": 476941549, "alt_name": null, "old_name": null, "official_name": null}}, {"type": "Feature", "geometry": {"type": "LineString", "coordinates": [[474565.104, 5366191.164], [474569.168, 5366200.305], [474571.499, 5366205.563], [474579.709, 5366224.045]]}, "properties": {"name": "Cedar Hill Road", "highway": "tertiary", "osm_id": 476941550, "alt_name": null, "old_name": null, "official_name": null}}, {"type": "Feature", "geometry": {"type": "LineString", "coordinates": [[474565.104, 5366191.164], [474575.897, 5366190.493], [474582.706, 5366190.107], [474600.352, 5366188.816]]}, "properties": {"name": "North Dairy Road", "highway": "tertiary", "osm_id": 476941551, "alt_name": null, "old_name": null, "official_name": null}}, {"type": "Feature", "geometry": {"type": "LineString", "coordinates": [[472391.716, 5366301.798], [472386.17, 5366315.431], [472355.846, 5366389.976], [472337.835, 5366437.272], [472330.746, 5366455.881], [472317.356, 5366491.028]]}, "properties": {"name": "Douglas Street", "highway": "trunk", "osm_id": 476944852, "alt_name": null, "old_name": null, "official_name": null}}, {"type": "Feature", "geometry": {"type": "LineString", "coordinates": [[472490.685, 5366138.527], [472478.861, 5366137.039], [472463.359, 5366135.103]]}, "properties": {"name": "Tolmie Avenue", "highway": "tertiary", "osm_id": 476944854, "alt_name": null, "old_name": null, "official_name": null}}, {"type": "Feature", "geometry": {"type": "LineString", "coordinates": [[472482.616, 5366088.201], [472469.105, 5366121.38], [472463.359, 5366135.103]]}, "properties": {"name": "Douglas Street", "highway": "primary", "osm_id": 476944855, "alt_name": null, "old_name": null, "official_name": null}}, {"type": "Feature", "geometry": {"type": "LineString", "coordinates": [[472488.247, 5366073.634], [472482.616, 5366088.201]]}, "properties": {"name": "Douglas Street", "highway": "primary", "osm_id": 476944856, "alt_name": null, "old_name": null, "official_name": null}}, {"type": "Feature", "geometry": {"type": "LineString", "coordinates": [[472501.71, 5366041.0], [472501.082, 5366042.581]]}, "properties": {"name": "Douglas Street", "highway": "primary", "osm_id": 476944857, "alt_name": null, "old_name": null, "official_name": null}}, {"type": "Feature", "geometry": {"type": "LineString", "coordinates": [[472515.179, 5366006.365], [472501.71, 5366041.0]]}, "properties": {"name": "Douglas Street", "highway": "primary", "osm_id": 476944858, "alt_name": null, "old_name": null, "official_name": null}}, {"type": "Feature", "geometry": {"type": "LineString", "coordinates": [[472164.763, 5365510.138], [472168.836, 5365515.687], [472180.101, 5365531.038]]}, "properties": {"name": "Jutland Road", "highway": "tertiary", "osm_id": 476949268, "alt_name": null, "old_name": null, "official_name": null}}, {"type": "Feature", "geometry": {"type": "LineString", "coordinates": [[472148.417, 5365485.909], [472157.003, 5365481.131], [472160.808, 5365478.967], [472166.626, 5365475.348], [472176.392, 5365470.02]]}, "properties": {"name": "Gorge Road East", "highway": "secondary", "osm_id": 476949269, "alt_name": null, "old_name": null, "official_name": null}}, {"type": "Feature", "geometry": {"type": "LineString", "coordinates": [[471118.754, 5365715.137], [471125.001, 5365723.364], [471127.219, 5365726.276], [471137.509, 5365739.807]]}, "properties": {"name": "Harriet Road", "highway": "secondary", "osm_id": 476949271, "alt_name": null, "old_name": null, "official_name": null}}, {"type": "Feature", "geometry": {"type": "LineString", "coordinates": [[471118.754, 5365715.137], [471127.464, 5365713.403], [471134.409, 5365712.022], [471142.265, 5365710.926]]}, "properties": {"name": "Gorge Road East", "highway": "secondary", "osm_id": 476949272, "alt_name": null, "old_name": null, "official_name": null}}, {"type": "Feature", "geometry": {"type": "LineString", "coordinates": [[470440.677, 5366141.967], [470400.529, 5366140.554], [470390.333, 5366140.719]]}, "properties": {"name": "Gorge Road West", "highway": "secondary", "osm_id": 476951641, "alt_name": null, "old_name": null, "official_name": null}}, {"type": "Feature", "geometry": {"type": "LineString", "coordinates": [[474577.853, 5362188.85], [474598.051, 5362166.561], [474606.35, 5362157.387]]}, "properties": {"name": "Fairfield Road", "highway": "tertiary", "osm_id": 480189706, "alt_name": null, "old_name": null, "official_name": null}}, {"type": "Feature", "geometry": {"type": "LineString", "coordinates": [[474533.735, 5365373.86], [474535.615, 5365387.335], [474536.25, 5365392.056], [474538.224, 5365406.809]]}, "properties": {"name": "Cedar Hill Road", "highway": "tertiary", "osm_id": 480193274, "alt_name": null, "old_name": null, "official_name": null}}, {"type": "Feature", "geometry": {"type": "LineString", "coordinates": [[474504.502, 5365284.266], [474505.566, 5365287.34]]}, "properties": {"name": "Cedar Hill Road", "highway": "tertiary", "osm_id": 480193277, "alt_name": null, "old_name": null, "official_name": null}}, {"type": "Feature", "geometry": {"type": "LineString", "coordinates": [[474487.908, 5365388.194], [474494.53, 5365388.754], [474501.08, 5365389.869], [474507.514, 5365391.519], [474514.893, 5365394.142], [474521.978, 5365397.489], [474526.761, 5365400.236], [474538.224, 5365406.809]]}, "properties": {"name": "Hillside Avenue", "highway": "secondary", "osm_id": 480193279, "alt_name": null, "old_name": null, "official_name": null}}, {"type": "Feature", "geometry": {"type": "LineString", "coordinates": [[474597.088, 5365441.537], [474638.659, 5365466.094], [474650.575, 5365472.988], [474695.171, 5365499.477], [474706.976, 5365506.394], [474757.749, 5365536.524], [474763.57, 5365539.977], [474844.677, 5365587.88], [474867.003, 5365601.064], [474926.927, 5365637.191], [474944.754, 5365647.939]]}, "properties": {"name": "Hillside Avenue", "highway": "secondary", "osm_id": 480193282, "alt_name": null, "old_name": null, "official_name": null}}, {"type": "Feature", "geometry": {"type": "LineString", "coordinates": [[475853.04, 5365940.747], [475851.683, 5365931.227], [475851.113, 5365927.472], [475848.731, 5365911.853]]}, "properties": {"name": "Richmond Road", "highway": "secondary", "osm_id": 480193286, "alt_name": null, "old_name": null, "official_name": null}}, {"type": "Feature", "geometry": {"type": "LineString", "coordinates": [[475776.228, 5365941.086], [475793.783, 5365940.833], [475818.709, 5365939.96], [475835.674, 5365940.198], [475839.616, 5365940.248], [475843.543, 5365940.298], [475853.04, 5365940.747]]}, "properties": {"name": "Lansdowne Road", "highway": "tertiary", "osm_id": 480193289, "alt_name": null, "old_name": null, "official_name": null}}, {"type": "Feature", "geometry": {"type": "LineString", "coordinates": [[473136.338, 5363174.339], [473145.021, 5363167.306], [473153.318, 5363160.108], [473174.253, 5363145.359]]}, "properties": {"name": "Fairfield Road", "highway": "tertiary", "osm_id": 480206275, "alt_name": null, "old_name": null, "official_name": null}}, {"type": "Feature", "geometry": {"type": "LineString", "coordinates": [[473267.301, 5362922.607], [473264.083, 5362913.507], [473262.66, 5362909.857], [473260.307, 5362903.543], [473254.562, 5362890.198], [473247.469, 5362873.525], [473204.092, 5362807.147], [473190.05, 5362782.637], [473188.461, 5362779.81], [473184.641, 5362773.192]]}, "properties": {"name": "Quadra Street", "highway": "secondary", "osm_id": 480206276, "alt_name": null, "old_name": null, "official_name": null}}, {"type": "Feature", "geometry": {"type": "LineString", "coordinates": [[473387.708, 5363490.059], [473386.277, 5363481.663], [473378.4, 5363436.37], [473372.379, 5363400.506], [473368.702, 5363379.937], [473361.626, 5363338.465], [473360.684, 5363333.145], [473356.236, 5363307.744]]}, "properties": {"name": "Quadra Street", "highway": "secondary", "osm_id": 480206277, "alt_name": null, "old_name": null, "official_name": null}}, {"type": "Feature", "geometry": {"type": "LineString", "coordinates": [[471874.673, 5364600.275], [471857.401, 5364594.403], [471853.6, 5364593.11], [471845.482, 5364589.471]]}, "properties": {"name": "Bay Street", "highway": "secondary", "osm_id": 480206279, "alt_name": null, "old_name": null, "official_name": null}}, {"type": "Feature", "geometry": {"type": "LineString", "coordinates": [[471863.333, 5364560.081], [471853.46, 5364578.26], [471852.0, 5364580.813], [471845.482, 5364589.471]]}, "properties": {"name": "Tyee Road", "highway": "tertiary", "osm_id": 480206280, "alt_name": null, "old_name": null, "official_name": null}}, {"type": "Feature", "geometry": {"type": "LineString", "coordinates": [[471845.482, 5364589.471], [471835.066, 5364584.621], [471831.55, 5364582.76], [471816.205, 5364574.633]]}, "properties": {"name": "Bay Street", "highway": "secondary", "osm_id": 480206281, "alt_name": null, "old_name": null, "official_name": null}}, {"type": "Feature", "geometry": {"type": "LineString", "coordinates": [[471845.482, 5364589.471], [471838.465, 5364597.353], [471835.665, 5364599.657], [471815.819, 5364615.963]]}, "properties": {"name": "Tyee Road", "highway": "secondary", "osm_id": 480206282, "alt_name": null, "old_name": null, "official_name": null}}, {"type": "Feature", "geometry": {"type": "LineString", "coordinates": [[471140.699, 5364252.567], [471126.71, 5364255.428], [471119.225, 5364256.956]]}, "properties": {"name": "Esquimalt Road", "highway": "secondary", "osm_id": 480206285, "alt_name": null, "old_name": null, "official_name": null}}, {"type": "Feature", "geometry": {"type": "LineString", "coordinates": [[471204.373, 5364238.826], [471162.041, 5364248.212]]}, "properties": {"name": "Esquimalt Road", "highway": "secondary", "osm_id": 480206286, "alt_name": null, "old_name": null, "official_name": null}}, {"type": "Feature", "geometry": {"type": "LineString", "coordinates": [[471119.553, 5364225.674], [471119.32, 5364248.04], [471119.29, 5364250.975], [471119.225, 5364256.956]]}, "properties": {"name": "Maitland Street", "highway": "residential", "osm_id": 480206288, "alt_name": null, "old_name": null, "official_name": null}}, {"type": "Feature", "geometry": {"type": "LineString", "coordinates": [[472780.336, 5362207.911], [472786.658, 5362203.624], [472799.212, 5362195.105]]}, "properties": {"name": "Circle Drive", "highway": "unclassified", "osm_id": 480827112, "alt_name": null, "old_name": null, "official_name": null}}, {"type": "Feature", "geometry": {"type": "LineString", "coordinates": [[472780.336, 5362207.911], [472770.007, 5362186.475]]}, "properties": {"name": "Douglas Street", "highway": "primary", "osm_id": 480827113, "alt_name": null, "old_name": null, "official_name": null}}, {"type": "Feature", "geometry": {"type": "LineString", "coordinates": [[472802.442, 5362192.799], [472804.418, 5362191.234], [472814.561, 5362183.171], [472820.917, 5362176.704]]}, "properties": {"name": "Circle Drive", "highway": "unclassified", "osm_id": 480827787, "alt_name": null, "old_name": null, "official_name": null}}, {"type": "Feature", "geometry": {"type": "LineString", "coordinates": [[472820.917, 5362176.704], [472840.114, 5362194.075]]}, "properties": {"name": "Circle Drive", "highway": "unclassified", "osm_id": 480827788, "alt_name": null, "old_name": null, "official_name": null}}, {"type": "Feature", "geometry": {"type": "LineString", "coordinates": [[472840.114, 5362194.075], [472831.844, 5362191.613], [472823.314, 5362190.609], [472812.639, 5362191.116], [472802.442, 5362192.799]]}, "properties": {"name": "Circle Drive", "highway": "unclassified", "osm_id": 480827790, "alt_name": null, "old_name": null, "official_name": null}}, {"type": "Feature", "geometry": {"type": "LineString", "coordinates": [[473501.021, 5362243.034], [473512.974, 5362229.306]]}, "properties": {"name": "Nursery Road", "highway": "residential", "osm_id": 480841267, "alt_name": null, "old_name": null, "official_name": null}}, {"type": "Feature", "geometry": {"type": "LineString", "coordinates": [[473512.974, 5362229.306], [473524.513, 5362242.313]]}, "properties": {"name": "Nursery Road", "highway": "residential", "osm_id": 480841268, "alt_name": null, "old_name": null, "official_name": null}}, {"type": "Feature", "geometry": {"type": "LineString", "coordinates": [[472738.873, 5363116.891], [472723.708, 5363118.909], [472718.738, 5363119.455], [472715.854, 5363119.758], [472709.465, 5363120.445]]}, "properties": {"name": "Belleville Street", "highway": "secondary", "osm_id": 480872883, "alt_name": null, "old_name": null, "official_name": null}}, {"type": "Feature", "geometry": {"type": "LineString", "coordinates": [[472682.682, 5363123.831], [472698.869, 5363121.819], [472699.978, 5363121.68], [472703.963, 5363121.16], [472709.465, 5363120.445]]}, "properties": {"name": "Belleville Street", "highway": "secondary", "osm_id": 480872884, "alt_name": null, "old_name": null, "official_name": null}}, {"type": "Feature", "geometry": {"type": "LineString", "coordinates": [[472709.465, 5363120.445], [472710.969, 5363130.164], [472711.007, 5363130.397], [472712.46, 5363140.072]]}, "properties": {"name": "Government Street", "highway": "secondary", "osm_id": 480872885, "alt_name": null, "old_name": null, "official_name": null}}, {"type": "Feature", "geometry": {"type": "LineString", "coordinates": [[472943.469, 5362898.844], [472945.968, 5362887.672], [472947.15, 5362879.519]]}, "properties": {"name": "Douglas Street", "highway": "primary", "osm_id": 480999123, "alt_name": null, "old_name": null, "official_name": null}}, {"type": "Feature", "geometry": {"type": "LineString", "coordinates": [[472815.303, 5363781.428], [472804.372, 5363783.614], [472799.782, 5363784.537]]}, "properties": {"name": "Yates Street", "highway": "secondary", "osm_id": 481006156, "alt_name": null, "old_name": null, "official_name": null}}, {"type": "Feature", "geometry": {"type": "LineString", "coordinates": [[472818.191, 5363799.077], [472829.65, 5363868.305], [472830.122, 5363871.182], [472830.962, 5363876.514], [472831.725, 5363881.367]]}, "properties": {"name": "Government Street", "highway": "secondary", "osm_id": 481006157, "alt_name": null, "old_name": null, "official_name": null}}, {"type": "Feature", "geometry": {"type": "LineString", "coordinates": [[473036.732, 5363938.323], [473023.004, 5363940.522], [472944.7, 5363953.179], [472938.069, 5363954.244]]}, "properties": {"name": "Pandora Avenue", "highway": "secondary", "osm_id": 481012753, "alt_name": null, "old_name": null, "official_name": null}}, {"type": "Feature", "geometry": {"type": "LineString", "coordinates": [[473225.131, 5364004.045], [473223.271, 5364014.369]]}, "properties": {"name": "Blanshard Street", "highway": "primary", "osm_id": 481018211, "alt_name": null, "old_name": null, "official_name": null}}, {"type": "Feature", "geometry": {"type": "LineString", "coordinates": [[473021.897, 5363021.187], [473030.809, 5363035.839]]}, "properties": {"name": "Blanshard Street", "highway": "secondary", "osm_id": 481019248, "alt_name": null, "old_name": null, "official_name": null}}, {"type": "Feature", "geometry": {"type": "LineString", "coordinates": [[473041.207, 5363051.952], [473027.251, 5363043.782], [473022.899, 5363041.968], [473016.433, 5363040.632], [473010.979, 5363040.347]]}, "properties": {"name": "Belleville Street", "highway": "primary", "osm_id": 481019249, "alt_name": null, "old_name": null, "official_name": null}}, {"type": "Feature", "geometry": {"type": "LineString", "coordinates": [[472734.003, 5363271.933], [472744.549, 5363329.361], [472745.097, 5363332.571], [472749.571, 5363356.681]]}, "properties": {"name": "Government Street", "highway": "secondary", "osm_id": 481034590, "alt_name": null, "old_name": null, "official_name": null}}, {"type": "Feature", "geometry": {"type": "LineString", "coordinates": [[473491.691, 5362838.23], [473493.82, 5362852.026], [473494.778, 5362857.457]]}, "properties": {"name": "Vancouver Street", "highway": "residential", "osm_id": 481037144, "alt_name": null, "old_name": null, "official_name": null}}, {"type": "Feature", "geometry": {"type": "LineString", "coordinates": [[473460.58, 5362737.679], [473472.911, 5362751.105], [473476.277, 5362755.746], [473477.52, 5362758.897], [473479.392, 5362768.27], [473491.691, 5362838.23]]}, "properties": {"name": "Vancouver Street", "highway": "residential", "osm_id": 481037145, "alt_name": null, "old_name": null, "official_name": null}}, {"type": "Feature", "geometry": {"type": "LineString", "coordinates": [[473467.446, 5362867.144], [473471.714, 5362863.745], [473476.934, 5362861.253], [473484.094, 5362859.241], [473494.778, 5362857.457]]}, "properties": {"name": "Fairfield Road", "highway": "tertiary", "osm_id": 481037146, "alt_name": null, "old_name": null, "official_name": null}}, {"type": "Feature", "geometry": {"type": "LineString", "coordinates": [[473331.475, 5363022.134], [473333.967, 5363007.638], [473334.618, 5363004.512], [473336.678, 5362998.778], [473339.58, 5362992.739], [473343.25, 5362988.087], [473347.451, 5362983.121], [473366.712, 5362964.5], [473426.094, 5362907.109], [473438.55, 5362895.068], [473467.446, 5362867.144]]}, "properties": {"name": "Fairfield Road", "highway": "tertiary", "osm_id": 481037147, "alt_name": null, "old_name": null, "official_name": null}}, {"type": "Feature", "geometry": {"type": "LineString", "coordinates": [[473344.765, 5363053.84], [473342.91, 5363046.412], [473340.368, 5363039.143], [473338.609, 5363034.983], [473331.475, 5363022.134]]}, "properties": {"name": "Quadra Street", "highway": "secondary", "osm_id": 481050943, "alt_name": null, "old_name": null, "official_name": null}}, {"type": "Feature", "geometry": {"type": "LineString", "coordinates": [[473318.638, 5363050.406], [473323.119, 5363045.116], [473326.791, 5363039.34], [473328.33, 5363036.188], [473331.475, 5363022.134]]}, "properties": {"name": "Fairfield Road", "highway": "tertiary", "osm_id": 481050944, "alt_name": null, "old_name": null, "official_name": null}}, {"type": "Feature", "geometry": {"type": "LineString", "coordinates": [[474553.812, 5363514.215], [474544.687, 5363515.289], [474531.341, 5363518.662]]}, "properties": {"name": "Yates Street", "highway": "secondary", "osm_id": 481536167, "alt_name": null, "old_name": null, "official_name": null}}, {"type": "Feature", "geometry": {"type": "LineString", "coordinates": [[474528.73, 5363489.095], [474555.887, 5363503.423]]}, "properties": {"name": "Fort Street", "highway": "secondary", "osm_id": 481536168, "alt_name": null, "old_name": null, "official_name": null}}, {"type": "Feature", "geometry": {"type": "LineString", "coordinates": [[475065.107, 5363755.829], [475079.039, 5363764.571]]}, "properties": {"name": "Fort Street", "highway": "secondary", "osm_id": 481544015, "alt_name": null, "old_name": null, "official_name": null}}, {"type": "Feature", "geometry": {"type": "LineString", "coordinates": [[474994.343, 5363713.39], [475065.107, 5363755.829]]}, "properties": {"name": "Fort Street", "highway": "secondary", "osm_id": 481546829, "alt_name": null, "old_name": null, "official_name": null}}, {"type": "Feature", "geometry": {"type": "LineString", "coordinates": [[474974.599, 5363700.339], [474980.669, 5363704.358]]}, "properties": {"name": "Fort Street", "highway": "secondary", "osm_id": 481581812, "alt_name": null, "old_name": null, "official_name": null}}, {"type": "Feature", "geometry": {"type": "LineString", "coordinates": [[474994.343, 5363713.39], [474993.613, 5363700.444], [474993.054, 5363689.353]]}, "properties": {"name": "Belmont Avenue", "highway": "residential", "osm_id": 481581813, "alt_name": null, "old_name": null, "official_name": null}}, {"type": "Feature", "geometry": {"type": "LineString", "coordinates": [[474993.054, 5363689.353], [474992.919, 5363578.431], [474992.911, 5363568.316], [474992.902, 5363562.825]]}, "properties": {"name": "Belmont Avenue", "highway": "residential", "osm_id": 481581814, "alt_name": null, "old_name": null, "official_name": null}}, {"type": "Feature", "geometry": {"type": "LineString", "coordinates": [[474974.599, 5363700.339], [474980.403, 5363701.225], [474984.951, 5363699.126], [474988.467, 5363696.042], [474993.054, 5363689.353]]}, "properties": {"name": "Belmont Avenue", "highway": "residential", "osm_id": 481581815, "alt_name": null, "old_name": null, "official_name": null}}, {"type": "Feature", "geometry": {"type": "LineString", "coordinates": [[472830.301, 5364804.474], [472830.918, 5364795.934], [472831.407, 5364769.976]]}, "properties": {"name": "Government Street", "highway": "secondary", "osm_id": 481747934, "alt_name": null, "old_name": null, "official_name": null}}, {"type": "Feature", "geometry": {"type": "LineString", "coordinates": [[472789.026, 5364808.907], [472819.041, 5364805.673], [472830.301, 5364804.474]]}, "properties": {"name": "Bay Street", "highway": "secondary", "osm_id": 481747935, "alt_name": null, "old_name": null, "official_name": null}}, {"type": "Feature", "geometry": {"type": "LineString", "coordinates": [[473214.955, 5364776.053], [473205.535, 5364776.809]]}, "properties": {"name": "Bay Street", "highway": "secondary", "osm_id": 481782981, "alt_name": null, "old_name": null, "official_name": null}}, {"type": "Feature", "geometry": {"type": "LineString", "coordinates": [[473321.146, 5364762.702], [473316.851, 5364766.479], [473308.667, 5364767.251], [473297.111, 5364768.351]]}, "properties": {"name": "Bay Street", "highway": "secondary", "osm_id": 481782982, "alt_name": null, "old_name": null, "official_name": null}}, {"type": "Feature", "geometry": {"type": "LineString", "coordinates": [[473416.252, 5365306.21], [473418.539, 5365293.895]]}, "properties": {"name": "Quadra Street", "highway": "secondary", "osm_id": 481785125, "alt_name": null, "old_name": null, "official_name": null}}, {"type": "Feature", "geometry": {"type": "LineString", "coordinates": [[473416.252, 5365306.21], [473400.645, 5365298.08]]}, "properties": {"name": "Market Street", "highway": "residential", "osm_id": 481785126, "alt_name": null, "old_name": null, "official_name": null}}, {"type": "Feature", "geometry": {"type": "LineString", "coordinates": [[473400.645, 5365298.08], [473418.539, 5365293.895]]}, "properties": {"name": "Market Street", "highway": "residential", "osm_id": 481785127, "alt_name": null, "old_name": null, "official_name": null}}, {"type": "Feature", "geometry": {"type": "LineString", "coordinates": [[472431.67, 5364788.748], [472435.797, 5364775.156], [472436.649, 5364772.362], [472438.739, 5364765.482]]}, "properties": {"name": "Bridge Street", "highway": "tertiary", "osm_id": 481788845, "alt_name": null, "old_name": null, "official_name": null}}, {"type": "Feature", "geometry": {"type": "LineString", "coordinates": [[472438.739, 5364765.482], [472446.031, 5364768.448], [472455.204, 5364773.194], [472467.346, 5364783.095]]}, "properties": {"name": "Bay Street", "highway": "secondary", "osm_id": 481788846, "alt_name": null, "old_name": null, "official_name": null}}, {"type": "Feature", "geometry": {"type": "LineString", "coordinates": [[472298.605, 5364725.682], [472305.338, 5364727.528], [472307.827, 5364728.216], [472351.326, 5364740.175], [472396.492, 5364752.582]]}, "properties": {"name": "Bay Street", "highway": "secondary", "osm_id": 481788847, "alt_name": null, "old_name": null, "official_name": null}}, {"type": "Feature", "geometry": {"type": "LineString", "coordinates": [[473475.045, 5364989.194], [473492.101, 5364894.409], [473518.815, 5364745.268]]}, "properties": {"name": "Quadra Street", "highway": "secondary", "osm_id": 481792371, "alt_name": null, "old_name": null, "official_name": null}}, {"type": "Feature", "geometry": {"type": "LineString", "coordinates": [[473407.134, 5364756.773], [473518.815, 5364745.268]]}, "properties": {"name": "Bay Street", "highway": "secondary", "osm_id": 481792372, "alt_name": null, "old_name": null, "official_name": null}}, {"type": "Feature", "geometry": {"type": "LineString", "coordinates": [[471998.277, 5365284.31], [471999.937, 5365295.451]]}, "properties": {"name": "Jutland Road", "highway": "unclassified", "osm_id": 481807014, "alt_name": null, "old_name": null, "official_name": null}}, {"type": "Feature", "geometry": {"type": "LineString", "coordinates": [[471970.571, 5365287.204], [471978.415, 5365279.04]]}, "properties": {"name": "Waterfront Crescent", "highway": "unclassified", "osm_id": 481807016, "alt_name": null, "old_name": null, "official_name": null}}, {"type": "Feature", "geometry": {"type": "LineString", "coordinates": [[471981.31, 5365258.672], [471987.109, 5365264.769]]}, "properties": {"name": "Jutland Road", "highway": "unclassified", "osm_id": 481807018, "alt_name": null, "old_name": null, "official_name": null}}, {"type": "Feature", "geometry": {"type": "LineString", "coordinates": [[471981.672, 5365267.719], [471981.31, 5365258.672]]}, "properties": {"name": "Jutland Road", "highway": "unclassified", "osm_id": 481807019, "alt_name": null, "old_name": null, "official_name": null}}, {"type": "Feature", "geometry": {"type": "LineString", "coordinates": [[471982.068, 5365284.98], [471970.571, 5365287.204]]}, "properties": {"name": "Waterfront Crescent", "highway": "unclassified", "osm_id": 481807021, "alt_name": null, "old_name": null, "official_name": null}}, {"type": "Feature", "geometry": {"type": "LineString", "coordinates": [[471999.937, 5365295.451], [471992.428, 5365287.596]]}, "properties": {"name": "Jutland Road", "highway": "unclassified", "osm_id": 481807022, "alt_name": null, "old_name": null, "official_name": null}}, {"type": "Feature", "geometry": {"type": "LineString", "coordinates": [[472138.84, 5365473.795], [472142.412, 5365478.291], [472148.417, 5365485.909]]}, "properties": {"name": "Jutland Road", "highway": "unclassified", "osm_id": 481807024, "alt_name": null, "old_name": null, "official_name": null}}, {"type": "Feature", "geometry": {"type": "LineString", "coordinates": [[472086.666, 5365445.985], [472094.72, 5365438.565]]}, "properties": {"name": "Waterfront Crescent", "highway": "unclassified", "osm_id": 481807027, "alt_name": null, "old_name": null, "official_name": null}}, {"type": "Feature", "geometry": {"type": "LineString", "coordinates": [[472095.211, 5365430.203], [472088.297, 5365421.378]]}, "properties": {"name": "Jutland Road", "highway": "unclassified", "osm_id": 481807028, "alt_name": null, "old_name": null, "official_name": null}}, {"type": "Feature", "geometry": {"type": "LineString", "coordinates": [[472116.587, 5365418.482], [472114.667, 5365428.062]]}, "properties": {"name": "Dunedin Street", "highway": "unclassified", "osm_id": 481807030, "alt_name": null, "old_name": null, "official_name": null}}, {"type": "Feature", "geometry": {"type": "LineString", "coordinates": [[472109.552, 5365424.308], [472116.587, 5365418.482]]}, "properties": {"name": "Dunedin Street", "highway": "unclassified", "osm_id": 481807031, "alt_name": null, "old_name": null, "official_name": null}}, {"type": "Feature", "geometry": {"type": "LineString", "coordinates": [[472088.297, 5365421.378], [472098.976, 5365425.705]]}, "properties": {"name": "Jutland Road", "highway": "unclassified", "osm_id": 481807033, "alt_name": null, "old_name": null, "official_name": null}}, {"type": "Feature", "geometry": {"type": "LineString", "coordinates": [[471370.225, 5364795.348], [471358.718, 5364810.357]]}, "properties": {"name": "Skinner Street", "highway": "secondary", "osm_id": 481807525, "alt_name": null, "old_name": null, "official_name": null}}, {"type": "Feature", "geometry": {"type": "LineString", "coordinates": [[470875.24, 5364489.444], [470878.466, 5364649.171], [470880.456, 5364689.578]]}, "properties": {"name": "Hereward Road", "highway": "residential", "osm_id": 481812348, "alt_name": null, "old_name": null, "official_name": null}}, {"type": "Feature", "geometry": {"type": "LineString", "coordinates": [[470862.237, 5364863.488], [470857.282, 5364852.031], [470852.171, 5364824.735]]}, "properties": {"name": "Dominion Road", "highway": "residential", "osm_id": 481812350, "alt_name": null, "old_name": null, "official_name": null}}, {"type": "Feature", "geometry": {"type": "LineString", "coordinates": [[471954.243, 5364310.684], [471954.471, 5364305.881], [471959.184, 5364303.079], [471963.564, 5364301.756], [471969.567, 5364302.594], [471974.578, 5364304.603], [471979.988, 5364306.766]]}, "properties": {"name": "Wilson Street", "highway": "residential", "osm_id": 481812706, "alt_name": null, "old_name": null, "official_name": null}}, {"type": "Feature", "geometry": {"type": "LineString", "coordinates": [[470797.631, 5364387.813], [470794.347, 5364389.219], [470791.039, 5364390.493], [470787.17, 5364391.769], [470779.797, 5364393.685], [470772.288, 5364394.958], [470764.694, 5364395.597], [470760.796, 5364395.584], [470757.075, 5364395.57], [470749.489, 5364394.887], [470741.989, 5364393.558], [470699.347, 5364384.097]]}, "properties": {"name": "Esquimalt Road", "highway": "secondary", "osm_id": 481818181, "alt_name": null, "old_name": null, "official_name": null}}, {"type": "Feature", "geometry": {"type": "LineString", "coordinates": [[470838.834, 5364461.098], [470836.227, 5364380.078]]}, "properties": {"name": "Dominion Road", "highway": "residential", "osm_id": 481818185, "alt_name": null, "old_name": null, "official_name": null}}, {"type": "Feature", "geometry": {"type": "LineString", "coordinates": [[470953.943, 5364370.58], [470955.204, 5364385.836]]}, "properties": {"name": "Bowlsby Place", "highway": "residential", "osm_id": 481818187, "alt_name": null, "old_name": null, "official_name": null}}, {"type": "Feature", "geometry": {"type": "LineString", "coordinates": [[470947.529, 5364302.808], [470937.672, 5364307.827]]}, "properties": {"name": "Esquimalt Road", "highway": "secondary", "osm_id": 481818188, "alt_name": null, "old_name": null, "official_name": null}}, {"type": "Feature", "geometry": {"type": "LineString", "coordinates": [[473514.501, 5364687.887], [473505.286, 5364591.768]]}, "properties": {"name": "Quadra Street", "highway": "secondary", "osm_id": 484895086, "alt_name": null, "old_name": null, "official_name": null}}, {"type": "Feature", "geometry": {"type": "LineString", "coordinates": [[473626.704, 5364735.716], [473680.46, 5364730.319]]}, "properties": {"name": "Bay Street", "highway": "secondary", "osm_id": 484895087, "alt_name": null, "old_name": null, "official_name": null}}, {"type": "Feature", "geometry": {"type": "LineString", "coordinates": [[474367.328, 5362317.905], [474384.822, 5362409.718]]}, "properties": {"name": "Masters Road", "highway": "residential", "osm_id": 489029897, "alt_name": null, "old_name": null, "official_name": null}}, {"type": "Feature", "geometry": {"type": "LineString", "coordinates": [[472898.7, 5363134.865], [472895.737, 5363107.757], [472895.146, 5363097.111], [472894.454, 5363083.998], [472893.874, 5363074.063]]}, "properties": {"name": "Douglas Street", "highway": "primary", "osm_id": 493975289, "alt_name": null, "old_name": null, "official_name": null}}, {"type": "Feature", "geometry": {"type": "LineString", "coordinates": [[472948.093, 5363058.476], [472904.224, 5363070.779], [472893.874, 5363074.063]]}, "properties": {"name": "Belleville Street", "highway": "primary", "osm_id": 493975290, "alt_name": null, "old_name": null, "official_name": null}}, {"type": "Feature", "geometry": {"type": "LineString", "coordinates": [[472641.553, 5363664.916], [472644.787, 5363625.229], [472645.171, 5363620.647], [472645.649, 5363615.432], [472645.807, 5363612.919]]}, "properties": {"name": "Wharf Street", "highway": "secondary", "osm_id": 493975291, "alt_name": null, "old_name": null, "official_name": null}}, {"type": "Feature", "geometry": {"type": "LineString", "coordinates": [[472798.476, 5363886.94], [472819.691, 5363883.504], [472822.973, 5363882.977], [472831.725, 5363881.367]]}, "properties": {"name": "Johnson Street", "highway": "secondary", "osm_id": 493975292, "alt_name": null, "old_name": null, "official_name": null}}, {"type": "Feature", "geometry": {"type": "LineString", "coordinates": [[472841.165, 5363940.213], [472833.462, 5363891.886], [472832.943, 5363888.62], [472831.725, 5363881.367]]}, "properties": {"name": "Government Street", "highway": "secondary", "osm_id": 493975293, "alt_name": null, "old_name": null, "official_name": null}}, {"type": "Feature", "geometry": {"type": "LineString", "coordinates": [[472648.899, 5363571.265], [472651.471, 5363541.729], [472652.005, 5363532.867]]}, "properties": {"name": "Wharf Street", "highway": "secondary", "osm_id": 493975294, "alt_name": null, "old_name": null, "official_name": null}}, {"type": "Feature", "geometry": {"type": "LineString", "coordinates": [[473140.141, 5363292.869], [473145.368, 5363313.964]]}, "properties": {"name": "Blanshard Street", "highway": "primary", "osm_id": 493975295, "alt_name": null, "old_name": null, "official_name": null}}, {"type": "Feature", "geometry": {"type": "LineString", "coordinates": [[472656.375, 5363812.86], [472631.119, 5363817.64]]}, "properties": {"name": "Yates Street", "highway": "secondary", "osm_id": 493989768, "alt_name": null, "old_name": null, "official_name": null}}, {"type": "Feature", "geometry": {"type": "LineString", "coordinates": [[472692.74, 5363993.337], [472690.95, 5363993.301], [472667.549, 5363992.78], [472666.195, 5363992.753]]}, "properties": {"name": "Pandora Avenue", "highway": "secondary", "osm_id": 493989769, "alt_name": null, "old_name": null, "official_name": null}}, {"type": "Feature", "geometry": {"type": "LineString", "coordinates": [[472873.576, 5365049.433], [472885.732, 5365014.827]]}, "properties": {"name": "Douglas Street", "highway": "primary", "osm_id": 493997188, "alt_name": null, "old_name": null, "official_name": null}}, {"type": "Feature", "geometry": {"type": "LineString", "coordinates": [[473228.057, 5364155.204], [473225.597, 5364112.087], [473225.639, 5364099.037], [473225.731, 5364098.236], [473229.036, 5364086.738]]}, "properties": {"name": "Blanshard Street", "highway": "primary", "osm_id": 493997189, "alt_name": null, "old_name": null, "official_name": null}}, {"type": "Feature", "geometry": {"type": "LineString", "coordinates": [[473183.243, 5364095.847], [473171.199, 5364095.682], [473160.598, 5364095.532], [473141.444, 5364095.312], [473139.713, 5364095.287], [473127.602, 5364095.044], [473119.878, 5364094.836], [473082.138, 5364093.826]]}, "properties": {"name": "Fisgard Street", "highway": "tertiary", "osm_id": 493997190, "alt_name": null, "old_name": null, "official_name": null}}, {"type": "Feature", "geometry": {"type": "LineString", "coordinates": [[473223.541, 5364040.168], [473226.6, 5364066.075], [473227.835, 5364076.795], [473229.036, 5364086.738]]}, "properties": {"name": "Blanshard Street", "highway": "primary", "osm_id": 493997191, "alt_name": null, "old_name": null, "official_name": null}}, {"type": "Feature", "geometry": {"type": "LineString", "coordinates": [[472225.207, 5363965.319], [472184.253, 5363971.356], [472172.906, 5363973.023]]}, "properties": {"name": "Esquimalt Road", "highway": "secondary", "osm_id": 494031619, "alt_name": null, "old_name": null, "official_name": null}}, {"type": "Feature", "geometry": {"type": "LineString", "coordinates": [[472172.906, 5363973.023], [472135.974, 5363978.607]]}, "properties": {"name": "Esquimalt Road", "highway": "secondary", "osm_id": 494031623, "alt_name": null, "old_name": null, "official_name": null}}, {"type": "Feature", "geometry": {"type": "LineString", "coordinates": [[473082.138, 5364093.826], [473050.474, 5364093.187], [473038.481, 5364092.955]]}, "properties": {"name": "Fisgard Street", "highway": "tertiary", "osm_id": 494031626, "alt_name": null, "old_name": null, "official_name": null}}, {"type": "Feature", "geometry": {"type": "LineString", "coordinates": [[473038.481, 5364092.955], [473026.674, 5364092.767], [472994.04, 5364092.255]]}, "properties": {"name": "Fisgard Street", "highway": "tertiary", "osm_id": 494031628, "alt_name": null, "old_name": null, "official_name": null}}, {"type": "Feature", "geometry": {"type": "LineString", "coordinates": [[472840.735, 5364277.942], [472853.074, 5364277.983], [472855.53, 5364278.037], [472908.219, 5364279.052], [472966.826, 5364280.184]]}, "properties": {"name": "Chatham Street", "highway": "tertiary", "osm_id": 494031631, "alt_name": null, "old_name": null, "official_name": null}}, {"type": "Feature", "geometry": {"type": "LineString", "coordinates": [[472800.031, 5364277.137], [472810.951, 5364277.406], [472824.74, 5364277.596], [472827.811, 5364277.703], [472833.788, 5364277.808], [472840.735, 5364277.942]]}, "properties": {"name": "Chatham Street", "highway": "tertiary", "osm_id": 494031633, "alt_name": null, "old_name": null, "official_name": null}}, {"type": "Feature", "geometry": {"type": "LineString", "coordinates": [[472836.49, 5364534.111], [472836.686, 5364527.207], [472837.687, 5364492.177], [472838.086, 5364473.701], [472838.106, 5364470.188], [472838.23, 5364463.529]]}, "properties": {"name": "Government Street", "highway": "secondary", "osm_id": 494031635, "alt_name": null, "old_name": null, "official_name": null}}, {"type": "Feature", "geometry": {"type": "LineString", "coordinates": [[472835.877, 5364555.912], [472836.142, 5364546.418], [472836.49, 5364534.111]]}, "properties": {"name": "Government Street", "highway": "secondary", "osm_id": 494031638, "alt_name": null, "old_name": null, "official_name": null}}, {"type": "Feature", "geometry": {"type": "LineString", "coordinates": [[472834.694, 5364593.166], [472835.877, 5364555.912]]}, "properties": {"name": "Government Street", "highway": "secondary", "osm_id": 494031641, "alt_name": null, "old_name": null, "official_name": null}}, {"type": "Feature", "geometry": {"type": "LineString", "coordinates": [[472834.225, 5364607.997], [472834.694, 5364593.166]]}, "properties": {"name": "Government Street", "highway": "secondary", "osm_id": 494031644, "alt_name": null, "old_name": null, "official_name": null}}, {"type": "Feature", "geometry": {"type": "LineString", "coordinates": [[472833.338, 5364635.846], [472834.225, 5364607.997]]}, "properties": {"name": "Government Street", "highway": "secondary", "osm_id": 494031646, "alt_name": null, "old_name": null, "official_name": null}}, {"type": "Feature", "geometry": {"type": "LineString", "coordinates": [[472833.595, 5364677.006], [472833.338, 5364635.846]]}, "properties": {"name": "Government Street", "highway": "secondary", "osm_id": 494031649, "alt_name": null, "old_name": null, "official_name": null}}, {"type": "Feature", "geometry": {"type": "LineString", "coordinates": [[472833.144, 5364734.087], [472833.339, 5364713.066], [472833.484, 5364690.878], [472833.446, 5364689.156], [472833.595, 5364677.006]]}, "properties": {"name": "Government Street", "highway": "secondary", "osm_id": 494031652, "alt_name": null, "old_name": null, "official_name": null}}, {"type": "Feature", "geometry": {"type": "LineString", "coordinates": [[472831.407, 5364769.976], [472833.144, 5364734.087]]}, "properties": {"name": "Government Street", "highway": "secondary", "osm_id": 494031655, "alt_name": null, "old_name": null, "official_name": null}}, {"type": "Feature", "geometry": {"type": "LineString", "coordinates": [[472829.793, 5364848.161], [472830.16, 5364816.735], [472830.301, 5364804.474]]}, "properties": {"name": "Government Street", "highway": "secondary", "osm_id": 494031658, "alt_name": null, "old_name": null, "official_name": null}}, {"type": "Feature", "geometry": {"type": "LineString", "coordinates": [[471119.225, 5364256.956], [471103.543, 5364259.992]]}, "properties": {"name": "Esquimalt Road", "highway": "secondary", "osm_id": 494031660, "alt_name": null, "old_name": null, "official_name": null}}, {"type": "Feature", "geometry": {"type": "LineString", "coordinates": [[471162.041, 5364248.212], [471140.699, 5364252.567]]}, "properties": {"name": "Esquimalt Road", "highway": "secondary", "osm_id": 494031663, "alt_name": null, "old_name": null, "official_name": null}}, {"type": "Feature", "geometry": {"type": "LineString", "coordinates": [[471238.704, 5364231.426], [471229.857, 5364233.016], [471204.373, 5364238.826]]}, "properties": {"name": "Esquimalt Road", "highway": "secondary", "osm_id": 494031666, "alt_name": null, "old_name": null, "official_name": null}}, {"type": "Feature", "geometry": {"type": "LineString", "coordinates": [[471247.752, 5364230.213], [471238.704, 5364231.426]]}, "properties": {"name": "Esquimalt Road", "highway": "secondary", "osm_id": 494031668, "alt_name": null, "old_name": null, "official_name": null}}, {"type": "Feature", "geometry": {"type": "LineString", "coordinates": [[471389.14, 5364211.268], [471361.402, 5364214.732]]}, "properties": {"name": "Esquimalt Road", "highway": "secondary", "osm_id": 494031671, "alt_name": null, "old_name": null, "official_name": null}}, {"type": "Feature", "geometry": {"type": "LineString", "coordinates": [[471426.579, 5364210.001], [471389.14, 5364211.268]]}, "properties": {"name": "Esquimalt Road", "highway": "secondary", "osm_id": 494031673, "alt_name": null, "old_name": null, "official_name": null}}, {"type": "Feature", "geometry": {"type": "LineString", "coordinates": [[471449.547, 5364209.729], [471426.579, 5364210.001]]}, "properties": {"name": "Esquimalt Road", "highway": "secondary", "osm_id": 494031676, "alt_name": null, "old_name": null, "official_name": null}}, {"type": "Feature", "geometry": {"type": "LineString", "coordinates": [[471479.401, 5364209.379], [471449.547, 5364209.729]]}, "properties": {"name": "Esquimalt Road", "highway": "secondary", "osm_id": 494031679, "alt_name": null, "old_name": null, "official_name": null}}, {"type": "Feature", "geometry": {"type": "LineString", "coordinates": [[471541.818, 5364208.642], [471530.922, 5364208.775], [471479.401, 5364209.379]]}, "properties": {"name": "Esquimalt Road", "highway": "secondary", "osm_id": 494031681, "alt_name": null, "old_name": null, "official_name": null}}, {"type": "Feature", "geometry": {"type": "LineString", "coordinates": [[471586.648, 5364209.096], [471550.673, 5364208.731], [471545.709, 5364208.679], [471541.818, 5364208.642]]}, "properties": {"name": "Esquimalt Road", "highway": "secondary", "osm_id": 494031684, "alt_name": null, "old_name": null, "official_name": null}}, {"type": "Feature", "geometry": {"type": "LineString", "coordinates": [[471693.48, 5364210.161], [471586.648, 5364209.096]]}, "properties": {"name": "Esquimalt Road", "highway": "secondary", "osm_id": 494031687, "alt_name": null, "old_name": null, "official_name": null}}, {"type": "Feature", "geometry": {"type": "LineString", "coordinates": [[471748.054, 5364210.711], [471693.48, 5364210.161]]}, "properties": {"name": "Esquimalt Road", "highway": "secondary", "osm_id": 494031689, "alt_name": null, "old_name": null, "official_name": null}}, {"type": "Feature", "geometry": {"type": "LineString", "coordinates": [[471843.61, 5364177.111], [471815.859, 5364198.836]]}, "properties": {"name": "Esquimalt Road", "highway": "secondary", "osm_id": 494031692, "alt_name": null, "old_name": null, "official_name": null}}, {"type": "Feature", "geometry": {"type": "LineString", "coordinates": [[471879.128, 5364149.312], [471843.61, 5364177.111]]}, "properties": {"name": "Esquimalt Road", "highway": "secondary", "osm_id": 494031694, "alt_name": null, "old_name": null, "official_name": null}}, {"type": "Feature", "geometry": {"type": "LineString", "coordinates": [[471895.118, 5364136.672], [471879.128, 5364149.312]]}, "properties": {"name": "Esquimalt Road", "highway": "secondary", "osm_id": 494031697, "alt_name": null, "old_name": null, "official_name": null}}, {"type": "Feature", "geometry": {"type": "LineString", "coordinates": [[472033.784, 5364027.108], [472019.835, 5364038.137], [471992.143, 5364060.016], [471895.118, 5364136.672]]}, "properties": {"name": "Esquimalt Road", "highway": "secondary", "osm_id": 494031700, "alt_name": null, "old_name": null, "official_name": null}}, {"type": "Feature", "geometry": {"type": "LineString", "coordinates": [[472081.368, 5363992.871], [472074.585, 5363996.161], [472066.768, 5364001.046], [472052.671, 5364012.187], [472033.784, 5364027.108]]}, "properties": {"name": "Esquimalt Road", "highway": "secondary", "osm_id": 494031703, "alt_name": null, "old_name": null, "official_name": null}}, {"type": "Feature", "geometry": {"type": "LineString", "coordinates": [[472081.368, 5363992.871], [472077.739, 5363986.019], [472074.304, 5363979.544], [472069.794, 5363969.674], [472066.853, 5363959.773]]}, "properties": {"name": "Tyee Road", "highway": "residential", "osm_id": 494031705, "alt_name": null, "old_name": null, "official_name": null}}, {"type": "Feature", "geometry": {"type": "LineString", "coordinates": [[471542.19, 5364144.448], [471542.451, 5364162.465], [471542.561, 5364169.623], [471542.476, 5364185.029], [471542.484, 5364191.199]]}, "properties": {"name": "Catherine Street", "highway": "residential", "osm_id": 494031708, "alt_name": null, "old_name": null, "official_name": null}}, {"type": "Feature", "geometry": {"type": "LineString", "coordinates": [[471542.814, 5364247.931], [471542.046, 5364217.389], [471541.954, 5364213.799], [471541.818, 5364208.642]]}, "properties": {"name": "Catherine Street", "highway": "secondary", "osm_id": 494031710, "alt_name": null, "old_name": null, "official_name": null}}, {"type": "Feature", "geometry": {"type": "LineString", "coordinates": [[471720.478, 5364483.561], [471712.427, 5364474.097], [471697.426, 5364456.487], [471695.878, 5364454.672]]}, "properties": {"name": "Bay Street", "highway": "secondary", "osm_id": 494031713, "alt_name": null, "old_name": null, "official_name": null}}, {"type": "Feature", "geometry": {"type": "LineString", "coordinates": [[471759.707, 5364528.628], [471729.316, 5364493.71], [471720.478, 5364483.561]]}, "properties": {"name": "Bay Street", "highway": "secondary", "osm_id": 494031716, "alt_name": null, "old_name": null, "official_name": null}}, {"type": "Feature", "geometry": {"type": "LineString", "coordinates": [[471816.205, 5364574.633], [471787.625, 5364555.6]]}, "properties": {"name": "Bay Street", "highway": "secondary", "osm_id": 494031718, "alt_name": null, "old_name": null, "official_name": null}}, {"type": "Feature", "geometry": {"type": "LineString", "coordinates": [[472396.492, 5364752.582], [472417.75, 5364758.615], [472430.174, 5364762.678], [472438.739, 5364765.482]]}, "properties": {"name": "Bay Street", "highway": "secondary", "osm_id": 494031721, "alt_name": null, "old_name": null, "official_name": null}}, {"type": "Feature", "geometry": {"type": "LineString", "coordinates": [[472467.346, 5364783.095], [472490.243, 5364800.791]]}, "properties": {"name": "Bay Street", "highway": "secondary", "osm_id": 494031724, "alt_name": null, "old_name": null, "official_name": null}}, {"type": "Feature", "geometry": {"type": "LineString", "coordinates": [[472572.564, 5364827.391], [472603.239, 5364826.176]]}, "properties": {"name": "Bay Street", "highway": "secondary", "osm_id": 494031728, "alt_name": null, "old_name": null, "official_name": null}}, {"type": "Feature", "geometry": {"type": "LineString", "coordinates": [[472603.239, 5364826.176], [472645.894, 5364822.835], [472650.16, 5364822.459], [472668.962, 5364820.778]]}, "properties": {"name": "Bay Street", "highway": "secondary", "osm_id": 494031730, "alt_name": null, "old_name": null, "official_name": null}}, {"type": "Feature", "geometry": {"type": "LineString", "coordinates": [[472668.962, 5364820.778], [472697.65, 5364818.417], [472704.526, 5364817.85]]}, "properties": {"name": "Bay Street", "highway": "secondary", "osm_id": 494031733, "alt_name": null, "old_name": null, "official_name": null}}, {"type": "Feature", "geometry": {"type": "LineString", "coordinates": [[472758.353, 5364812.122], [472777.73, 5364810.062], [472789.026, 5364808.907]]}, "properties": {"name": "Bay Street", "highway": "secondary", "osm_id": 494031738, "alt_name": null, "old_name": null, "official_name": null}}, {"type": "Feature", "geometry": {"type": "LineString", "coordinates": [[472886.221, 5364800.137], [472904.433, 5364798.861], [472947.615, 5364795.875], [472951.149, 5364795.581], [472965.886, 5364794.543]]}, "properties": {"name": "Bay Street", "highway": "secondary", "osm_id": 494031740, "alt_name": null, "old_name": null, "official_name": null}}, {"type": "Feature", "geometry": {"type": "LineString", "coordinates": [[473093.755, 5364782.685], [473106.774, 5364781.39]]}, "properties": {"name": "Bay Street", "highway": "secondary", "osm_id": 494031743, "alt_name": null, "old_name": null, "official_name": null}}, {"type": "Feature", "geometry": {"type": "LineString", "coordinates": [[473106.774, 5364781.39], [473127.305, 5364779.358]]}, "properties": {"name": "Bay Street", "highway": "secondary", "osm_id": 494031745, "alt_name": null, "old_name": null, "official_name": null}}, {"type": "Feature", "geometry": {"type": "LineString", "coordinates": [[473177.015, 5364695.922], [473175.563, 5364717.137], [473175.504, 5364740.647]]}, "properties": {"name": "Blanshard Street", "highway": "primary", "osm_id": 494031748, "alt_name": null, "old_name": null, "official_name": null}}, {"type": "Feature", "geometry": {"type": "LineString", "coordinates": [[471596.425, 5362533.284], [471600.394, 5362529.318]]}, "properties": {"name": "Dallas Road", "highway": "secondary", "osm_id": 503128106, "alt_name": null, "old_name": null, "official_name": null}}, {"type": "Feature", "geometry": {"type": "LineString", "coordinates": [[471809.546, 5363276.29], [471808.339, 5363274.539], [471805.127, 5363269.898], [471801.058, 5363264.016]]}, "properties": {"name": "Saint Lawrence Street", "highway": "tertiary", "osm_id": 503128111, "alt_name": null, "old_name": null, "official_name": null}}, {"type": "Feature", "geometry": {"type": "LineString", "coordinates": [[471821.53, 5363278.831], [471819.009, 5363279.255], [471816.539, 5363279.545], [471813.571, 5363279.36], [471811.442, 5363278.248], [471809.546, 5363276.29]]}, "properties": {"name": "Saint Lawrence Street", "highway": "tertiary", "osm_id": 503128112, "alt_name": null, "old_name": null, "official_name": null}}, {"type": "Feature", "geometry": {"type": "LineString", "coordinates": [[472235.216, 5363288.905], [472237.53, 5363288.382], [472241.653, 5363287.44], [472245.644, 5363285.03]]}, "properties": {"name": "Pendray Street", "highway": "tertiary", "osm_id": 503128116, "alt_name": null, "old_name": null, "official_name": null}}, {"type": "Feature", "geometry": {"type": "LineString", "coordinates": [[472490.944, 5363159.506], [472491.963, 5363159.056], [472522.448, 5363147.337], [472533.816, 5363143.458], [472544.863, 5363140.548], [472556.403, 5363138.524]]}, "properties": {"name": "Belleville Street", "highway": "secondary", "osm_id": 503128117, "alt_name": null, "old_name": null, "official_name": null}}, {"type": "Feature", "geometry": {"type": "LineString", "coordinates": [[470955.5, 5365496.381], [470953.156, 5365497.949], [470950.311, 5365498.353], [470947.57, 5365497.467], [470945.504, 5365495.476], [470944.521, 5365492.78], [470944.824, 5365489.922], [470946.358, 5365487.491], [470948.739, 5365486.0], [470951.54, 5365485.675], [470954.2, 5365486.584], [470956.222, 5365488.541], [470957.189, 5365491.17], [470956.937, 5365493.973], [470955.5, 5365496.381]]}, "properties": {"name": "Arm Street", "highway": "residential", "osm_id": 543173149, "alt_name": null, "old_name": null, "official_name": null}}, {"type": "Feature", "geometry": {"type": "LineString", "coordinates": [[475376.437, 5364341.305], [475373.308, 5364274.969], [475372.938, 5364268.012], [475371.535, 5364258.537], [475369.343, 5364249.454], [475366.752, 5364240.384], [475363.374, 5364232.495], [475356.491, 5364216.496], [475348.227, 5364204.294], [475340.218, 5364194.714]]}, "properties": {"name": "Shelbourne Street", "highway": "secondary", "osm_id": 549612783, "alt_name": null, "old_name": null, "official_name": null}}, {"type": "Feature", "geometry": {"type": "LineString", "coordinates": [[470330.356, 5363400.623], [470477.263, 5363321.523], [470492.912, 5363313.094]]}, "properties": {"name": "Patricia Way", "highway": "residential", "osm_id": 554753839, "alt_name": null, "old_name": null, "official_name": null}}, {"type": "Feature", "geometry": {"type": "LineString", "coordinates": [[473033.51, 5364374.249], [473045.14, 5364374.516], [473049.016, 5364374.487], [473075.123, 5364374.996], [473156.071, 5364376.579], [473166.531, 5364376.786], [473179.884, 5364377.045], [473220.196, 5364377.832]]}, "properties": {"name": "Discovery Street", "highway": "unclassified", "osm_id": 575561345, "alt_name": null, "old_name": null, "official_name": null}}, {"type": "Feature", "geometry": {"type": "LineString", "coordinates": [[472600.212, 5363954.089], [472606.764, 5363947.422], [472615.307, 5363939.488], [472617.391, 5363937.555], [472618.562, 5363936.36], [472622.535, 5363933.351], [472628.768, 5363928.141]]}, "properties": {"name": "Johnson Street", "highway": "secondary", "osm_id": 575705005, "alt_name": null, "old_name": null, "official_name": null}}, {"type": "Feature", "geometry": {"type": "LineString", "coordinates": [[472553.786, 5363989.551], [472549.159, 5363988.851], [472536.671, 5363985.81]]}, "properties": {"name": "Pandora Avenue", "highway": "secondary", "osm_id": 575705006, "alt_name": null, "old_name": null, "official_name": null}}, {"type": "Feature", "geometry": {"type": "LineString", "coordinates": [[472573.81, 5363992.299], [472559.618, 5363990.223], [472553.786, 5363989.551]]}, "properties": {"name": "Pandora Avenue", "highway": "secondary", "osm_id": 575705015, "alt_name": null, "old_name": null, "official_name": null}}, {"type": "Feature", "geometry": {"type": "LineString", "coordinates": [[472572.226, 5363987.672], [472567.498, 5363988.973], [472553.786, 5363989.551]]}, "properties": {"name": "Johnson Street", "highway": "secondary", "osm_id": 575705016, "alt_name": null, "old_name": null, "official_name": null}}, {"type": "Feature", "geometry": {"type": "LineString", "coordinates": [[472536.671, 5363985.81], [472544.017, 5363984.274], [472554.882, 5363982.153], [472568.565, 5363977.03]]}, "properties": {"name": "Johnson Street", "highway": "secondary", "osm_id": 575705017, "alt_name": null, "old_name": null, "official_name": null}}, {"type": "Feature", "geometry": {"type": "LineString", "coordinates": [[472445.703, 5363968.011], [472491.675, 5363977.491]]}, "properties": {"name": "Johnson Street", "highway": "secondary", "osm_id": 575705018, "alt_name": null, "old_name": null, "official_name": null}}, {"type": "Feature", "geometry": {"type": "LineString", "coordinates": [[472491.675, 5363977.491], [472515.282, 5363982.368], [472536.671, 5363985.81]]}, "properties": {"name": "Johnson Street", "highway": "secondary", "osm_id": 575705021, "alt_name": null, "old_name": null, "official_name": null}}, {"type": "Feature", "geometry": {"type": "LineString", "coordinates": [[473188.971, 5364189.97], [473140.269, 5364189.122], [473132.841, 5364188.991], [473126.072, 5364188.867], [473118.747, 5364188.613], [473049.361, 5364187.509], [473036.585, 5364187.303]]}, "properties": {"name": "Herald Street", "highway": "tertiary", "osm_id": 575803170, "alt_name": null, "old_name": null, "official_name": null}}, {"type": "Feature", "geometry": {"type": "LineString", "coordinates": [[474538.224, 5365406.809], [474546.366, 5365411.574], [474552.803, 5365415.347], [474597.088, 5365441.537]]}, "properties": {"name": "Hillside Avenue", "highway": "secondary", "osm_id": 580269860, "alt_name": null, "old_name": null, "official_name": null}}, {"type": "Feature", "geometry": {"type": "LineString", "coordinates": [[475615.216, 5363118.345], [475612.304, 5363117.313], [475610.2, 5363115.055], [475609.396, 5363112.079], [475610.071, 5363109.064], [475612.073, 5363106.71], [475614.939, 5363105.553], [475618.018, 5363105.862], [475620.6, 5363107.551], [475622.099, 5363110.257], [475622.164, 5363113.336], [475620.785, 5363116.098], [475618.285, 5363117.91], [475615.216, 5363118.345]]}, "properties": {"name": "Bank Street", "highway": "residential", "osm_id": 593537031, "alt_name": null, "old_name": null, "official_name": null}}, {"type": "Feature", "geometry": {"type": "LineString", "coordinates": [[471392.372, 5363381.9], [471390.205, 5363383.59], [471387.493, 5363384.07], [471384.869, 5363383.25], [471382.928, 5363381.303], [471382.116, 5363378.684], [471382.62, 5363375.981], [471384.326, 5363373.827], [471386.836, 5363372.714], [471389.582, 5363372.889], [471391.934, 5363374.311], [471393.352, 5363376.66], [471393.506, 5363379.405], [471392.372, 5363381.9]]}, "properties": {"name": "Huron Street", "highway": "unclassified", "osm_id": 593537036, "alt_name": null, "old_name": null, "official_name": null}}, {"type": "Feature", "geometry": {"type": "LineString", "coordinates": [[472666.195, 5363992.753], [472663.412, 5363984.797], [472662.916, 5363928.02], [472664.241, 5363919.044], [472671.296, 5363909.261]]}, "properties": {"name": "Store Street", "highway": "unclassified", "osm_id": 596259292, "alt_name": null, "old_name": null, "official_name": null}}, {"type": "Feature", "geometry": {"type": "LineString", "coordinates": [[473989.126, 5365306.696], [473982.864, 5365296.143], [473980.606, 5365292.34], [473972.416, 5365201.608], [473967.09, 5365090.509], [473966.722, 5365082.741], [473959.226, 5364977.521], [473956.472, 5364941.475], [473959.974, 5364926.197]]}, "properties": {"name": "Cook Street", "highway": "secondary", "osm_id": 619791340, "alt_name": null, "old_name": null, "official_name": null}}, {"type": "Feature", "geometry": {"type": "LineString", "coordinates": [[474040.318, 5365383.537], [474011.467, 5365348.244], [474002.826, 5365336.29], [473996.709, 5365325.002], [473994.833, 5365320.598], [473989.126, 5365306.696]]}, "properties": {"name": "Cook Street", "highway": "secondary", "osm_id": 619791342, "alt_name": null, "old_name": null, "official_name": null}}, {"type": "Feature", "geometry": {"type": "LineString", "coordinates": [[473975.95, 5365091.813], [473981.384, 5365176.69], [473991.552, 5365292.334]]}, "properties": {"name": "Cook Street", "highway": "secondary", "osm_id": 619791344, "alt_name": null, "old_name": null, "official_name": null}}, {"type": "Feature", "geometry": {"type": "LineString", "coordinates": [[473040.712, 5364000.54], [473054.036, 5364000.799], [473056.426, 5364000.843], [473059.149, 5364000.897], [473119.105, 5364002.035], [473162.719, 5364003.118], [473200.467, 5364004.051]]}, "properties": {"name": "Cormorant Street", "highway": "tertiary", "osm_id": 625693217, "alt_name": null, "old_name": null, "official_name": null}}, {"type": "Feature", "geometry": {"type": "LineString", "coordinates": [[471397.288, 5366101.183], [471402.658, 5366108.659], [471537.038, 5366296.571]]}, "properties": {"name": "Harriet Road", "highway": "secondary", "osm_id": 640173874, "alt_name": null, "old_name": null, "official_name": null}}, {"type": "Feature", "geometry": {"type": "LineString", "coordinates": [[472298.605, 5364725.682], [472299.47, 5364722.388], [472300.486, 5364718.537], [472310.871, 5364679.17]]}, "properties": {"name": "Turner Street", "highway": "unclassified", "osm_id": 650483261, "alt_name": null, "old_name": null, "official_name": null}}, {"type": "Feature", "geometry": {"type": "LineString", "coordinates": [[473423.657, 5364248.888], [473422.233, 5364233.878], [473419.16, 5364201.524]]}, "properties": {"name": "Julia Street", "highway": "service", "osm_id": 650500842, "alt_name": null, "old_name": null, "official_name": null}}, {"type": "Feature", "geometry": {"type": "LineString", "coordinates": [[471549.081, 5364096.493], [471544.258, 5364106.966], [471542.42, 5364119.447]]}, "properties": {"name": "Catherine Street", "highway": "residential", "osm_id": 650550261, "alt_name": null, "old_name": null, "official_name": null}}, {"type": "Feature", "geometry": {"type": "LineString", "coordinates": [[472380.274, 5365317.271], [472367.778, 5365314.953], [472361.915, 5365313.87], [472323.228, 5365306.7], [472314.723, 5365305.13], [472298.814, 5365302.185], [472281.966, 5365299.177], [472266.11, 5365296.342], [472260.802, 5365295.39], [472214.033, 5365287.016], [472209.251, 5365286.172]]}, "properties": {"name": "Garbally Road", "highway": "unclassified", "osm_id": 650564365, "alt_name": null, "old_name": null, "official_name": null}}, {"type": "Feature", "geometry": {"type": "LineString", "coordinates": [[475603.951, 5364237.812], [475592.764, 5364238.883], [475486.33, 5364249.024], [475456.405, 5364251.677], [475437.393, 5364258.351], [475415.754, 5364264.703]]}, "properties": {"name": "Pembroke Street", "highway": "residential", "osm_id": 664759052, "alt_name": null, "old_name": null, "official_name": null}}, {"type": "Feature", "geometry": {"type": "LineString", "coordinates": [[475797.474, 5364594.471], [475804.077, 5364597.555], [475810.612, 5364600.051], [475817.364, 5364601.389], [475821.011, 5364601.54], [475826.56, 5364601.772], [475835.076, 5364600.68], [475842.945, 5364598.534], [475850.424, 5364595.246], [475857.446, 5364590.647], [475864.261, 5364584.36], [475870.847, 5364576.195], [475876.945, 5364569.845], [475885.199, 5364564.485], [475894.628, 5364560.554], [475903.821, 5364558.47], [475913.906, 5364557.505], [475922.426, 5364557.101]]}, "properties": {"name": "Bay Street", "highway": "unclassified", "osm_id": 669612350, "alt_name": null, "old_name": null, "official_name": null}}, {"type": "Feature", "geometry": {"type": "LineString", "coordinates": [[473408.24, 5362367.708], [473401.144, 5362367.841], [473398.599, 5362367.887], [473325.621, 5362369.274], [473323.571, 5362369.317], [473315.824, 5362369.365]]}, "properties": {"name": "Oliphant Avenue", "highway": "residential", "osm_id": 669764638, "alt_name": null, "old_name": null, "official_name": null}}, {"type": "Feature", "geometry": {"type": "LineString", "coordinates": [[473089.913, 5363274.467], [473084.975, 5363273.89], [473080.87, 5363272.498], [473075.649, 5363271.422], [473065.468, 5363271.481], [473060.705, 5363271.804], [473055.077, 5363272.264], [473050.326, 5363272.087], [473046.777, 5363270.892], [473044.811, 5363269.879], [473037.936, 5363266.355]]}, "properties": {"name": "Burdett Avenue", "highway": "unclassified", "osm_id": 669869638, "alt_name": null, "old_name": null, "official_name": null}}, {"type": "Feature", "geometry": {"type": "LineString", "coordinates": [[475652.929, 5364550.984], [475661.771, 5364548.189], [475662.975, 5364547.806], [475698.803, 5364545.24], [475709.968, 5364545.959], [475725.003, 5364550.419]]}, "properties": {"name": "Bay Street", "highway": "unclassified", "osm_id": 670629365, "alt_name": null, "old_name": null, "official_name": null}}, {"type": "Feature", "geometry": {"type": "LineString", "coordinates": [[471823.444, 5364749.424], [471770.949, 5364725.631], [471769.325, 5364724.905], [471763.78, 5364722.388]]}, "properties": {"name": "Gaudin Road", "highway": "residential", "osm_id": 674198234, "alt_name": null, "old_name": null, "official_name": null}}, {"type": "Feature", "geometry": {"type": "LineString", "coordinates": [[472075.286, 5363872.729], [472021.276, 5363862.547], [472002.608, 5363860.327], [471982.357, 5363859.749], [471960.472, 5363861.025], [471941.273, 5363863.532], [471922.171, 5363868.084], [471904.792, 5363873.639], [471887.46, 5363879.905]]}, "properties": {"name": "Kimta Road", "highway": "residential", "osm_id": 674811998, "alt_name": null, "old_name": null, "official_name": null}}, {"type": "Feature", "geometry": {"type": "LineString", "coordinates": [[470515.886, 5366136.795], [470520.114, 5366143.565], [470536.035, 5366169.059], [470560.066, 5366199.892], [470570.146, 5366214.245], [470608.634, 5366265.133], [470652.766, 5366323.473], [470653.741, 5366324.768]]}, "properties": {"name": "Albina Street", "highway": "residential", "osm_id": 682169150, "alt_name": null, "old_name": null, "official_name": null}}, {"type": "Feature", "geometry": {"type": "LineString", "coordinates": [[470426.129, 5364279.061], [470419.226, 5364273.328], [470407.6, 5364265.23]]}, "properties": {"name": "Esquimalt Road", "highway": "secondary", "osm_id": 682798856, "alt_name": null, "old_name": null, "official_name": null}}, {"type": "Feature", "geometry": {"type": "LineString", "coordinates": [[475718.556, 5365017.213], [475714.201, 5364988.009]]}, "properties": {"name": "Richmond Road", "highway": "secondary", "osm_id": 704407970, "alt_name": null, "old_name": null, "official_name": null}}, {"type": "Feature", "geometry": {"type": "LineString", "coordinates": [[475964.582, 5365007.094], [475962.505, 5365007.291], [475927.201, 5365010.598], [475902.159, 5365012.728], [475804.389, 5365016.757], [475786.986, 5365016.854]]}, "properties": {"name": "Kings Road", "highway": "residential", "osm_id": 704407971, "alt_name": null, "old_name": null, "official_name": null}}, {"type": "Feature", "geometry": {"type": "LineString", "coordinates": [[472475.992, 5365540.719], [472467.251, 5365547.009], [472436.622, 5365569.033], [472423.986, 5365569.706]]}, "properties": {"name": "Sumas Street", "highway": "residential", "osm_id": 712564276, "alt_name": null, "old_name": null, "official_name": null}}, {"type": "Feature", "geometry": {"type": "LineString", "coordinates": [[474632.156, 5364458.202], [474862.612, 5364449.827]]}, "properties": {"name": "Denman Street", "highway": "residential", "osm_id": 712564809, "alt_name": null, "old_name": null, "official_name": null}}, {"type": "Feature", "geometry": {"type": "LineString", "coordinates": [[474620.665, 5364299.077], [474620.971, 5364306.268], [474623.963, 5364376.338], [474626.064, 5364452.449]]}, "properties": {"name": "Oregon Avenue", "highway": "residential", "osm_id": 712564810, "alt_name": null, "old_name": null, "official_name": null}}, {"type": "Feature", "geometry": {"type": "LineString", "coordinates": [[472718.594, 5363178.569], [472727.355, 5363231.081]]}, "properties": {"name": "Government Street", "highway": "secondary", "osm_id": 715620660, "alt_name": null, "old_name": null, "official_name": null}}, {"type": "Feature", "geometry": {"type": "LineString", "coordinates": [[475724.084, 5363705.904], [475723.329, 5363742.077], [475723.114, 5363752.249]]}, "properties": {"name": "Clare Street", "highway": "residential", "osm_id": 719441977, "alt_name": null, "old_name": null, "official_name": null}}, {"type": "Feature", "geometry": {"type": "LineString", "coordinates": [[470764.328, 5365559.802], [470765.054, 5365564.222], [470763.016, 5365567.745], [470759.837, 5365569.351], [470754.482, 5365569.379], [470750.711, 5365566.675], [470748.751, 5365562.261], [470749.072, 5365558.502], [470752.471, 5365555.083], [470756.214, 5365552.341], [470759.77, 5365546.353], [470764.328, 5365559.802]]}, "properties": {"name": "DeCosta Place", "highway": "residential", "osm_id": 719461602, "alt_name": null, "old_name": null, "official_name": null}}, {"type": "Feature", "geometry": {"type": "LineString", "coordinates": [[471801.058, 5363264.016], [471793.791, 5363253.392], [471792.733, 5363251.841], [471785.958, 5363241.926]]}, "properties": {"name": "Saint Lawrence Street", "highway": "tertiary", "osm_id": 738407081, "alt_name": null, "old_name": null, "official_name": null}}, {"type": "Feature", "geometry": {"type": "LineString", "coordinates": [[472507.179, 5365802.731], [472541.74, 5365816.847], [472565.933, 5365826.7], [472569.29, 5365828.062], [472582.561, 5365833.467]]}, "properties": {"name": "Finlayson Street", "highway": "secondary", "osm_id": 774891277, "alt_name": null, "old_name": null, "official_name": null}}, {"type": "Feature", "geometry": {"type": "LineString", "coordinates": [[472502.185, 5365800.732], [472507.179, 5365802.731]]}, "properties": {"name": "Finlayson Street", "highway": "secondary", "osm_id": 774891278, "alt_name": null, "old_name": null, "official_name": null}}, {"type": "Feature", "geometry": {"type": "LineString", "coordinates": [[472756.422, 5363019.8], [472752.462, 5363019.419], [472725.184, 5363016.771], [472725.036, 5363018.306], [472724.853, 5363020.186], [472720.7, 5363019.794], [472720.019, 5363025.856], [472725.208, 5363026.42], [472726.178, 5363026.526], [472763.489, 5363030.66], [472763.75, 5363027.946], [472763.996, 5363025.399], [472763.211, 5363025.259], [472763.26, 5363024.692], [472759.382, 5363024.31], [472759.466, 5363023.454], [472758.385, 5363023.237], [472757.568, 5363022.651], [472756.862, 5363021.955], [472756.42, 5363020.801], [472756.422, 5363019.8]]}, "properties": {"name": "Colombo Place", "highway": "pedestrian", "osm_id": 802683933, "alt_name": null, "old_name": null, "official_name": null}}, {"type": "Feature", "geometry": {"type": "LineString", "coordinates": [[473806.859, 5363420.69], [473818.03, 5363418.827], [473952.433, 5363396.843], [474050.671, 5363380.975]]}, "properties": {"name": "Fort Street", "highway": "secondary", "osm_id": 814807371, "alt_name": null, "old_name": null, "official_name": null}}, {"type": "Feature", "geometry": {"type": "LineString", "coordinates": [[472275.784, 5364029.854], [472273.552, 5364039.491], [472270.427, 5364049.377], [472261.269, 5364066.106], [472241.955, 5364096.58], [472232.019, 5364109.934], [472181.263, 5364188.015], [472170.906, 5364204.361], [472151.298, 5364235.048], [472124.812, 5364276.484], [472058.724, 5364379.907], [472045.283, 5364400.915], [472031.665, 5364421.936], [472022.371, 5364433.264], [472018.083, 5364435.23]]}, "properties": {"name": "Harbour Road", "highway": "residential", "osm_id": 819278818, "alt_name": null, "old_name": null, "official_name": null}}, {"type": "Feature", "geometry": {"type": "LineString", "coordinates": [[472654.797, 5361792.669], [472661.646, 5361795.004], [472674.252, 5361800.123]]}, "properties": {"name": "Dallas Road", "highway": "secondary", "osm_id": 819310686, "alt_name": null, "old_name": null, "official_name": null}}, {"type": "Feature", "geometry": {"type": "LineString", "coordinates": [[472326.494, 5361968.978], [472330.844, 5361965.733], [472412.677, 5361907.744], [472458.933, 5361875.039], [472464.245, 5361871.534], [472483.248, 5361857.514], [472493.9, 5361850.438], [472508.417, 5361843.753], [472548.063, 5361827.366], [472554.873, 5361824.554], [472558.182, 5361823.271], [472634.804, 5361793.455], [472642.271, 5361791.796], [472647.649, 5361791.37], [472654.797, 5361792.669]]}, "properties": {"name": "Dallas Road", "highway": "secondary", "osm_id": 819310687, "alt_name": null, "old_name": null, "official_name": null}}, {"type": "Feature", "geometry": {"type": "LineString", "coordinates": [[472729.118, 5363242.311], [472734.003, 5363271.933]]}, "properties": {"name": "Government Street", "highway": "secondary", "osm_id": 820790324, "alt_name": null, "old_name": null, "official_name": null}}, {"type": "Feature", "geometry": {"type": "LineString", "coordinates": [[472674.252, 5361800.123], [472773.499, 5361845.82]]}, "properties": {"name": "Dallas Road", "highway": "secondary", "osm_id": 820790325, "alt_name": null, "old_name": null, "official_name": null}}, {"type": "Feature", "geometry": {"type": "LineString", "coordinates": [[475730.157, 5363501.918], [475718.364, 5363501.946], [475671.548, 5363502.058], [475666.891, 5363501.2], [475655.128, 5363501.317], [475576.812, 5363501.932]]}, "properties": {"name": "Brighton Avenue", "highway": "residential", "osm_id": 843353896, "alt_name": null, "old_name": null, "official_name": null}}, {"type": "Feature", "geometry": {"type": "LineString", "coordinates": [[475089.66, 5361935.71], [475098.637, 5361934.17], [475108.329, 5361933.527], [475113.589, 5361933.259]]}, "properties": {"name": "Dallas Road", "highway": "secondary", "osm_id": 852208635, "alt_name": null, "old_name": null, "official_name": null}}, {"type": "Feature", "geometry": {"type": "LineString", "coordinates": [[476301.577, 5361779.409], [476281.91, 5361804.924], [476254.487, 5361846.444], [476250.925, 5361856.33], [476247.881, 5361873.416], [476238.981, 5361939.469], [476235.227, 5361947.732], [476231.991, 5361954.348], [476228.071, 5361960.167], [476222.539, 5361966.282], [476213.506, 5361972.244], [476160.572, 5362002.356], [476152.013, 5362006.46]]}, "properties": {"name": "King George Terrace", "highway": "secondary", "osm_id": 855217906, "alt_name": null, "old_name": null, "official_name": null}}, {"type": "Feature", "geometry": {"type": "LineString", "coordinates": [[473593.461, 5363456.183], [473592.384, 5363447.274], [473591.953, 5363443.83], [473587.194, 5363411.628], [473587.091, 5363410.072], [473585.846, 5363401.752]]}, "properties": {"name": "Vancouver Street", "highway": "residential", "osm_id": 880817331, "alt_name": null, "old_name": null, "official_name": null}}, {"type": "Feature", "geometry": {"type": "LineString", "coordinates": [[473525.288, 5363040.466], [473533.7, 5363092.459], [473533.353, 5363097.34], [473532.037, 5363100.77]]}, "properties": {"name": "Vancouver Street", "highway": "residential", "osm_id": 880818626, "alt_name": null, "old_name": null, "official_name": null}}, {"type": "Feature", "geometry": {"type": "LineString", "coordinates": [[474276.77, 5365830.941], [474327.822, 5365824.974], [474339.702, 5365820.663], [474361.857, 5365807.312]]}, "properties": {"name": "Hibberson Crescent", "highway": "service", "osm_id": 882334959, "alt_name": null, "old_name": null, "official_name": null}}, {"type": "Feature", "geometry": {"type": "LineString", "coordinates": [[473625.313, 5363645.734], [473627.333, 5363656.818], [473631.683, 5363680.752], [473641.296, 5363733.874], [473642.299, 5363739.56], [473642.74, 5363742.059]]}, "properties": {"name": "Vancouver Street", "highway": "tertiary", "osm_id": 884485250, "alt_name": null, "old_name": null, "official_name": null}}, {"type": "Feature", "geometry": {"type": "LineString", "coordinates": [[473593.461, 5363456.183], [473594.428, 5363463.649], [473594.864, 5363466.792], [473595.392, 5363470.425], [473595.926, 5363473.935], [473605.475, 5363537.038], [473606.903, 5363546.502]]}, "properties": {"name": "Vancouver Street", "highway": "tertiary", "osm_id": 884485251, "alt_name": null, "old_name": null, "official_name": null}}, {"type": "Feature", "geometry": {"type": "LineString", "coordinates": [[472556.403, 5363138.524], [472565.098, 5363137.226]]}, "properties": {"name": "Belleville Street", "highway": "secondary", "osm_id": 886411145, "alt_name": null, "old_name": null, "official_name": null}}, {"type": "Feature", "geometry": {"type": "LineString", "coordinates": [[475459.218, 5361790.163], [475490.194, 5361797.954], [475499.832, 5361800.302], [475507.604, 5361804.048], [475515.675, 5361810.349], [475523.609, 5361818.996], [475529.39, 5361832.854], [475532.127, 5361841.257], [475532.918, 5361849.646], [475532.89, 5361856.893], [475531.977, 5361863.189], [475528.365, 5361876.587], [475523.006, 5361886.581], [475473.03, 5361939.596]]}, "properties": {"name": "Hollywood Crescent", "highway": "secondary", "osm_id": 886411151, "alt_name": null, "old_name": null, "official_name": null}}, {"type": "Feature", "geometry": {"type": "LineString", "coordinates": [[476152.013, 5362006.46], [476141.216, 5362008.318], [476132.08, 5362009.068], [476121.242, 5362008.046], [476078.173, 5361999.469], [476065.751, 5361998.398], [476054.404, 5361997.846]]}, "properties": {"name": "King George Terrace", "highway": "secondary", "osm_id": 886411152, "alt_name": null, "old_name": null, "official_name": null}}, {"type": "Feature", "geometry": {"type": "LineString", "coordinates": [[476152.013, 5362006.46], [476154.108, 5362011.965], [476155.649, 5362015.916], [476154.067, 5362019.913], [476143.588, 5362026.826], [476108.785, 5362044.435], [475955.13, 5362191.633], [475945.011, 5362204.77], [475939.947, 5362216.551], [475931.111, 5362232.028]]}, "properties": {"name": "Barkley Terrace", "highway": "residential", "osm_id": 886411153, "alt_name": null, "old_name": null, "official_name": null}}, {"type": "Feature", "geometry": {"type": "LineString", "coordinates": [[476278.765, 5362059.728], [476270.976, 5362062.262], [476261.746, 5362063.634], [476249.169, 5362064.398], [476223.704, 5362065.761], [476202.2, 5362066.14], [476194.131, 5362067.186], [476187.129, 5362070.305], [476166.107, 5362088.378], [476153.477, 5362099.558], [476148.108, 5362105.672], [476140.555, 5362118.42], [476128.753, 5362141.501], [476119.577, 5362157.435], [476107.246, 5362174.483], [476089.138, 5362209.418], [476081.302, 5362223.679], [476072.128, 5362246.86], [476062.974, 5362276.733], [476059.395, 5362287.774], [476051.522, 5362303.603], [476043.044, 5362316.299], [476035.992, 5362327.022], [476035.634, 5362331.526]]}, "properties": {"name": "Denison Road", "highway": "residential", "osm_id": 886411154, "alt_name": null, "old_name": null, "official_name": null}}, {"type": "Feature", "geometry": {"type": "LineString", "coordinates": [[476371.894, 5362000.527], [476353.178, 5362010.909], [476308.84, 5362042.195], [476287.17, 5362055.802], [476278.765, 5362059.728]]}, "properties": {"name": "Denison Road", "highway": "residential", "osm_id": 887724644, "alt_name": null, "old_name": null, "official_name": null}}, {"type": "Feature", "geometry": {"type": "LineString", "coordinates": [[473494.778, 5362857.457], [473502.119, 5362856.244], [473693.284, 5362824.252], [473706.371, 5362822.057]]}, "properties": {"name": "Fairfield Road", "highway": "tertiary", "osm_id": 920580836, "alt_name": null, "old_name": null, "official_name": null}}, {"type": "Feature", "geometry": {"type": "LineString", "coordinates": [[474387.657, 5362039.779], [474523.428, 5362016.402]]}, "properties": {"name": "May Street", "highway": "residential", "osm_id": 920615114, "alt_name": null, "old_name": null, "official_name": null}}, {"type": "Feature", "geometry": {"type": "LineString", "coordinates": [[472662.949, 5362037.463], [472632.048, 5362059.476], [472560.423, 5362110.265]]}, "properties": {"name": "Niagara Street", "highway": "residential", "osm_id": 920615115, "alt_name": null, "old_name": null, "official_name": null}}, {"type": "Feature", "geometry": {"type": "LineString", "coordinates": [[472624.914, 5362198.967], [472679.219, 5362274.814], [472683.227, 5362280.408], [472684.941, 5362284.323], [472733.464, 5362395.513]]}, "properties": {"name": "Saint Andrews Street", "highway": "residential", "osm_id": 920615116, "alt_name": null, "old_name": null, "official_name": null}}, {"type": "Feature", "geometry": {"type": "LineString", "coordinates": [[472694.129, 5362148.691], [472630.738, 5362194.382], [472624.914, 5362198.967]]}, "properties": {"name": "Beacon Street", "highway": "residential", "osm_id": 920615117, "alt_name": null, "old_name": null, "official_name": null}}, {"type": "Feature", "geometry": {"type": "LineString", "coordinates": [[472741.325, 5362109.715], [472713.01, 5362000.184]]}, "properties": {"name": "Douglas Street", "highway": "primary", "osm_id": 920615118, "alt_name": null, "old_name": null, "official_name": null}}, {"type": "Feature", "geometry": {"type": "LineString", "coordinates": [[472713.01, 5362000.184], [472703.822, 5362007.031], [472662.949, 5362037.463]]}, "properties": {"name": "Niagara Street", "highway": "residential", "osm_id": 920615119, "alt_name": null, "old_name": null, "official_name": null}}, {"type": "Feature", "geometry": {"type": "LineString", "coordinates": [[473239.907, 5364275.553], [473229.992, 5364279.701], [473225.813, 5364281.444], [473220.483, 5364283.67], [473215.236, 5364284.74]]}, "properties": {"name": "Caledonia Avenue", "highway": "tertiary", "osm_id": 940616487, "alt_name": null, "old_name": null, "official_name": null}}, {"type": "Feature", "geometry": {"type": "LineString", "coordinates": [[474113.038, 5364185.094], [474104.912, 5364185.909], [474058.063, 5364190.625], [473907.801, 5364205.499], [473898.388, 5364206.343]]}, "properties": {"name": "Caledonia Avenue", "highway": "residential", "osm_id": 940616488, "alt_name": null, "old_name": null, "official_name": null}}, {"type": "Feature", "geometry": {"type": "LineString", "coordinates": [[472727.789, 5363233.68], [472729.118, 5363242.311]]}, "properties": {"name": "Government Street", "highway": "secondary", "osm_id": 940931293, "alt_name": null, "old_name": null, "official_name": null}}, {"type": "Feature", "geometry": {"type": "LineString", "coordinates": [[470737.719, 5366269.556], [470742.058, 5366274.991], [470870.083, 5366442.923]]}, "properties": {"name": "Orillia Street", "highway": "residential", "osm_id": 942436685, "alt_name": null, "old_name": null, "official_name": null}}, {"type": "Feature", "geometry": {"type": "LineString", "coordinates": [[471537.038, 5366296.571], [471551.954, 5366317.427], [471554.68, 5366321.237], [471559.915, 5366328.558]]}, "properties": {"name": "Harriet Road", "highway": "secondary", "osm_id": 942436686, "alt_name": null, "old_name": null, "official_name": null}}, {"type": "Feature", "geometry": {"type": "LineString", "coordinates": [[471137.509, 5365739.807], [471141.359, 5365745.09], [471143.102, 5365747.482]]}, "properties": {"name": "Harriet Road", "highway": "secondary", "osm_id": 942436688, "alt_name": null, "old_name": null, "official_name": null}}, {"type": "Feature", "geometry": {"type": "LineString", "coordinates": [[470661.695, 5366334.265], [470663.646, 5366336.844], [470795.121, 5366512.582]]}, "properties": {"name": "Albina Street", "highway": "residential", "osm_id": 942458502, "alt_name": null, "old_name": null, "official_name": null}}, {"type": "Feature", "geometry": {"type": "LineString", "coordinates": [[471143.102, 5365747.482], [471245.593, 5365889.719]]}, "properties": {"name": "Harriet Road", "highway": "secondary", "osm_id": 942741320, "alt_name": null, "old_name": null, "official_name": null}}, {"type": "Feature", "geometry": {"type": "LineString", "coordinates": [[473583.957, 5363390.201], [473584.338, 5363392.522], [473585.846, 5363401.752]]}, "properties": {"name": "Vancouver Street", "highway": "residential", "osm_id": 943413320, "alt_name": null, "old_name": null, "official_name": null}}, {"type": "Feature", "geometry": {"type": "LineString", "coordinates": [[473683.097, 5364196.078], [473675.912, 5364131.975], [473675.125, 5364124.953]]}, "properties": {"name": "Vancouver Street", "highway": "residential", "osm_id": 943413321, "alt_name": null, "old_name": null, "official_name": null}}, {"type": "Feature", "geometry": {"type": "LineString", "coordinates": [[473667.164, 5364045.091], [473664.273, 5364042.237], [473663.784, 5364037.281], [473663.527, 5364034.459], [473663.183, 5364030.637], [473665.195, 5364025.759]]}, "properties": {"name": "Vancouver Street", "highway": "residential", "osm_id": 943413324, "alt_name": null, "old_name": null, "official_name": null}}, {"type": "Feature", "geometry": {"type": "LineString", "coordinates": [[473683.097, 5364196.078], [473684.771, 5364214.167], [473685.901, 5364226.367]]}, "properties": {"name": "Vancouver Street", "highway": "residential", "osm_id": 943413330, "alt_name": null, "old_name": null, "official_name": null}}, {"type": "Feature", "geometry": {"type": "LineString", "coordinates": [[473685.901, 5364226.367], [473677.671, 5364227.072], [473585.034, 5364235.284], [473561.512, 5364237.139], [473536.895, 5364239.077], [473472.776, 5364244.134]]}, "properties": {"name": "Caledonia Avenue", "highway": "tertiary", "osm_id": 943413331, "alt_name": null, "old_name": null, "official_name": null}}, {"type": "Feature", "geometry": {"type": "LineString", "coordinates": [[470514.723, 5366318.21], [470507.447, 5366323.939], [470506.247, 5366324.89], [470481.978, 5366343.458]]}, "properties": {"name": "Walter Avenue", "highway": "residential", "osm_id": 943424233, "alt_name": null, "old_name": null, "official_name": null}}, {"type": "Feature", "geometry": {"type": "LineString", "coordinates": [[470520.467, 5366434.262], [470563.606, 5366401.357], [470566.089, 5366399.566], [470573.159, 5366394.038]]}, "properties": {"name": "Obed Avenue", "highway": "residential", "osm_id": 943424235, "alt_name": null, "old_name": null, "official_name": null}}, {"type": "Feature", "geometry": {"type": "LineString", "coordinates": [[476003.673, 5365855.594], [476076.459, 5365852.519], [476194.664, 5365847.218], [476204.01, 5365846.801]]}, "properties": {"name": "Watson Street", "highway": "residential", "osm_id": 944727427, "alt_name": null, "old_name": null, "official_name": null}}, {"type": "Feature", "geometry": {"type": "LineString", "coordinates": [[472408.739, 5363193.675], [472426.145, 5363186.821], [472432.302, 5363184.045], [472461.323, 5363170.954], [472490.944, 5363159.506]]}, "properties": {"name": "Belleville Street", "highway": "secondary", "osm_id": 945628821, "alt_name": null, "old_name": null, "official_name": null}}, {"type": "Feature", "geometry": {"type": "LineString", "coordinates": [[472830.025, 5362868.074], [472840.24, 5362868.97], [472871.552, 5362871.732], [472898.167, 5362874.74], [472934.949, 5362878.043], [472947.15, 5362879.519]]}, "properties": {"name": "Superior Street", "highway": "tertiary", "osm_id": 945630993, "alt_name": null, "old_name": null, "official_name": null}}, {"type": "Feature", "geometry": {"type": "LineString", "coordinates": [[472658.318, 5362850.748], [472662.241, 5362851.096], [472663.921, 5362851.244], [472699.559, 5362855.04], [472705.111, 5362855.636], [472711.944, 5362856.359]]}, "properties": {"name": "Superior Street", "highway": "tertiary", "osm_id": 945630994, "alt_name": null, "old_name": null, "official_name": null}}, {"type": "Feature", "geometry": {"type": "LineString", "coordinates": [[475720.691, 5365941.091], [475737.367, 5365941.064], [475776.228, 5365941.086]]}, "properties": {"name": "Lansdowne Road", "highway": "tertiary", "osm_id": 945635933, "alt_name": null, "old_name": null, "official_name": null}}, {"type": "Feature", "geometry": {"type": "LineString", "coordinates": [[475410.74, 5365922.565], [475416.244, 5365924.708], [475421.562, 5365926.564], [475429.335, 5365928.531]]}, "properties": {"name": "Lansdowne Road", "highway": "tertiary", "osm_id": 945635934, "alt_name": null, "old_name": null, "official_name": null}}, {"type": "Feature", "geometry": {"type": "LineString", "coordinates": [[472412.635, 5364853.345], [472414.571, 5364846.911], [472431.67, 5364788.748]]}, "properties": {"name": "Bridge Street", "highway": "tertiary", "osm_id": 945953621, "alt_name": null, "old_name": null, "official_name": null}}, {"type": "Feature", "geometry": {"type": "LineString", "coordinates": [[472673.328, 5364927.023], [472679.995, 5364929.025], [472683.795, 5364930.163], [472708.175, 5364936.615], [472725.697, 5364941.221], [472777.317, 5364956.49], [472811.9, 5364966.717], [472815.863, 5364968.043], [472827.648, 5364971.532]]}, "properties": {"name": "John Street", "highway": "unclassified", "osm_id": 945953693, "alt_name": null, "old_name": null, "official_name": null}}, {"type": "Feature", "geometry": {"type": "LineString", "coordinates": [[472605.755, 5365217.702], [472601.389, 5365209.597], [472600.508, 5365207.957], [472599.236, 5365205.039], [472597.696, 5365200.022], [472597.406, 5365196.745], [472597.575, 5365193.454], [472598.211, 5365190.227]]}, "properties": {"name": "Rock Bay Avenue", "highway": "tertiary", "osm_id": 945975965, "alt_name": null, "old_name": null, "official_name": null}}, {"type": "Feature", "geometry": {"type": "LineString", "coordinates": [[473030.791, 5365129.982], [473037.669, 5365131.317], [473061.351, 5365135.895]]}, "properties": {"name": "Hillside Avenue", "highway": "secondary", "osm_id": 945975966, "alt_name": null, "old_name": null, "official_name": null}}, {"type": "Feature", "geometry": {"type": "LineString", "coordinates": [[474678.5, 5363836.364], [474668.473, 5363830.729], [474653.124, 5363821.038], [474642.555, 5363815.139]]}, "properties": {"name": "Begbie Street", "highway": "secondary", "osm_id": 948843033, "alt_name": null, "old_name": null, "official_name": null}}, {"type": "Feature", "geometry": {"type": "LineString", "coordinates": [[473915.408, 5363836.481], [473899.826, 5363837.697]]}, "properties": {"name": "Pandora Avenue", "highway": "secondary", "osm_id": 948843035, "alt_name": null, "old_name": null, "official_name": null}}, {"type": "Feature", "geometry": {"type": "LineString", "coordinates": [[473229.036, 5364086.738], [473234.255, 5364095.517], [473235.047, 5364097.136], [473239.104, 5364110.267], [473245.082, 5364173.042], [473246.154, 5364183.886], [473249.891, 5364223.473], [473252.533, 5364251.884], [473252.986, 5364256.795], [473254.178, 5364269.661]]}, "properties": {"name": "Blanshard Street", "highway": "primary", "osm_id": 948843042, "alt_name": null, "old_name": null, "official_name": null}}, {"type": "Feature", "geometry": {"type": "LineString", "coordinates": [[473239.907, 5364275.553], [473238.744, 5364262.786], [473238.644, 5364261.809], [473235.059, 5364226.511], [473233.352, 5364209.713], [473233.104, 5364207.246]]}, "properties": {"name": "Blanshard Street", "highway": "primary", "osm_id": 948843043, "alt_name": null, "old_name": null, "official_name": null}}, {"type": "Feature", "geometry": {"type": "LineString", "coordinates": [[473592.382, 5363845.258], [473601.141, 5363843.605]]}, "properties": {"name": "Pandora Avenue", "highway": "unclassified", "osm_id": 948866159, "alt_name": null, "old_name": null, "official_name": null}}, {"type": "Feature", "geometry": {"type": "LineString", "coordinates": [[473617.084, 5363840.541], [473644.742, 5363835.243], [473647.248, 5363833.242], [473649.368, 5363831.042], [473651.642, 5363826.852], [473653.664, 5363821.029]]}, "properties": {"name": "Pandora Avenue", "highway": "unclassified", "osm_id": 948866161, "alt_name": null, "old_name": null, "official_name": null}}, {"type": "Feature", "geometry": {"type": "LineString", "coordinates": [[473519.982, 5363857.067], [473524.994, 5363856.265], [473532.615, 5363855.04]]}, "properties": {"name": "Pandora Avenue", "highway": "unclassified", "osm_id": 948866167, "alt_name": null, "old_name": null, "official_name": null}}, {"type": "Feature", "geometry": {"type": "LineString", "coordinates": [[473515.399, 5363857.878], [473519.982, 5363857.067]]}, "properties": {"name": "Pandora Avenue", "highway": "unclassified", "osm_id": 948866168, "alt_name": null, "old_name": null, "official_name": null}}, {"type": "Feature", "geometry": {"type": "LineString", "coordinates": [[473814.831, 5363808.733], [473819.99, 5363807.898]]}, "properties": {"name": "Pandora Avenue", "highway": "unclassified", "osm_id": 948866172, "alt_name": null, "old_name": null, "official_name": null}}, {"type": "Feature", "geometry": {"type": "LineString", "coordinates": [[473684.132, 5363829.68], [473693.099, 5363828.205]]}, "properties": {"name": "Pandora Avenue", "highway": "unclassified", "osm_id": 948866177, "alt_name": null, "old_name": null, "official_name": null}}, {"type": "Feature", "geometry": {"type": "LineString", "coordinates": [[474053.546, 5363769.73], [474070.133, 5363768.321]]}, "properties": {"name": "Pandora Avenue", "highway": "unclassified", "osm_id": 948866182, "alt_name": null, "old_name": null, "official_name": null}}, {"type": "Feature", "geometry": {"type": "LineString", "coordinates": [[474047.233, 5363770.782], [474053.546, 5363769.73]]}, "properties": {"name": "Pandora Avenue", "highway": "unclassified", "osm_id": 948866189, "alt_name": null, "old_name": null, "official_name": null}}, {"type": "Feature", "geometry": {"type": "LineString", "coordinates": [[474078.372, 5363824.328], [474068.182, 5363823.563], [474046.854, 5363823.616], [474027.568, 5363825.439], [473974.859, 5363830.483], [473915.408, 5363836.481]]}, "properties": {"name": "Pandora Avenue", "highway": "secondary", "osm_id": 948866202, "alt_name": null, "old_name": null, "official_name": null}}, {"type": "Feature", "geometry": {"type": "LineString", "coordinates": [[474050.671, 5363380.975], [474060.016, 5363379.576]]}, "properties": {"name": "Fort Street", "highway": "secondary", "osm_id": 950205689, "alt_name": null, "old_name": null, "official_name": null}}, {"type": "Feature", "geometry": {"type": "LineString", "coordinates": [[473419.986, 5362691.74], [473417.61, 5362686.715], [473416.71, 5362682.662], [473416.113, 5362679.998], [473415.437, 5362673.076]]}, "properties": {"name": "Vancouver Street", "highway": "residential", "osm_id": 957929947, "alt_name": null, "old_name": null, "official_name": null}}, {"type": "Feature", "geometry": {"type": "LineString", "coordinates": [[473667.424, 5362612.453], [473673.173, 5362629.989]]}, "properties": {"name": "Cook Street", "highway": "secondary", "osm_id": 964476340, "alt_name": null, "old_name": null, "official_name": null}}, {"type": "Feature", "geometry": {"type": "LineString", "coordinates": [[473666.816, 5362631.252], [473667.424, 5362612.453]]}, "properties": {"name": "Cook Street", "highway": "secondary", "osm_id": 964476341, "alt_name": null, "old_name": null, "official_name": null}}, {"type": "Feature", "geometry": {"type": "LineString", "coordinates": [[473675.607, 5362640.871], [473675.77, 5362650.519], [473676.904, 5362663.685]]}, "properties": {"name": "Cook Street", "highway": "secondary", "osm_id": 964476342, "alt_name": null, "old_name": null, "official_name": null}}, {"type": "Feature", "geometry": {"type": "LineString", "coordinates": [[473676.904, 5362663.685], [473672.679, 5362650.989], [473669.391, 5362642.445]]}, "properties": {"name": "Cook Street", "highway": "secondary", "osm_id": 964476343, "alt_name": null, "old_name": null, "official_name": null}}, {"type": "Feature", "geometry": {"type": "LineString", "coordinates": [[473667.424, 5362612.453], [473664.213, 5362590.326]]}, "properties": {"name": "Cook Street", "highway": "secondary", "osm_id": 964479104, "alt_name": null, "old_name": null, "official_name": null}}, {"type": "Feature", "geometry": {"type": "LineString", "coordinates": [[473679.909, 5362681.401], [473676.904, 5362663.685]]}, "properties": {"name": "Cook Street", "highway": "secondary", "osm_id": 964479105, "alt_name": null, "old_name": null, "official_name": null}}, {"type": "Feature", "geometry": {"type": "LineString", "coordinates": [[473706.371, 5362822.057], [473705.099, 5362815.838], [473688.531, 5362734.327]]}, "properties": {"name": "Cook Street", "highway": "secondary", "osm_id": 964479106, "alt_name": null, "old_name": null, "official_name": null}}, {"type": "Feature", "geometry": {"type": "LineString", "coordinates": [[473664.213, 5362590.326], [473663.322, 5362584.905], [473660.449, 5362562.143], [473652.063, 5362536.038]]}, "properties": {"name": "Cook Street", "highway": "secondary", "osm_id": 964479107, "alt_name": null, "old_name": null, "official_name": null}}, {"type": "Feature", "geometry": {"type": "LineString", "coordinates": [[475364.281, 5366358.666], [475363.778, 5366328.167], [475362.664, 5366260.689], [475362.336, 5366241.36], [475361.354, 5366216.343], [475360.505, 5366194.505], [475359.796, 5366179.468], [475359.446, 5366175.491], [475358.621, 5366166.024]]}, "properties": {"name": "Shelbourne Street", "highway": "secondary", "osm_id": 966008258, "alt_name": null, "old_name": null, "official_name": null}}, {"type": "Feature", "geometry": {"type": "LineString", "coordinates": [[474027.508, 5365402.804], [474031.127, 5365401.764], [474033.072, 5365400.066], [474035.249, 5365397.544], [474037.442, 5365394.988], [474039.551, 5365390.51], [474040.318, 5365383.537]]}, "properties": {"name": "Basil Avenue", "highway": "residential", "osm_id": 966913090, "alt_name": null, "old_name": null, "official_name": null}}, {"type": "Feature", "geometry": {"type": "LineString", "coordinates": [[472667.668, 5363453.159], [472669.19, 5363448.106], [472672.93, 5363433.582], [472674.604, 5363427.893], [472677.865, 5363419.874]]}, "properties": {"name": "Wharf Street", "highway": "secondary", "osm_id": 978248841, "alt_name": null, "old_name": null, "official_name": null}}, {"type": "Feature", "geometry": {"type": "LineString", "coordinates": [[473665.195, 5364025.759], [473657.808, 5364026.371], [473654.835, 5364026.674], [473628.976, 5364029.029], [473624.466, 5364029.428], [473583.344, 5364033.11], [473537.697, 5364037.091], [473530.635, 5364037.702], [473526.835, 5364038.009], [473475.492, 5364042.195], [473464.7, 5364043.957], [473462.217, 5364044.491], [473454.63, 5364046.85]]}, "properties": {"name": "Balmoral Road", "highway": "residential", "osm_id": 1006289843, "alt_name": null, "old_name": null, "official_name": null}}, {"type": "Feature", "geometry": {"type": "LineString", "coordinates": [[473726.279, 5363727.71], [473747.087, 5363724.09], [473768.509, 5363720.278], [473798.026, 5363715.039]]}, "properties": {"name": "Johnson Street", "highway": "secondary", "osm_id": 1006534773, "alt_name": null, "old_name": null, "official_name": null}}, {"type": "Feature", "geometry": {"type": "LineString", "coordinates": [[473653.664, 5363821.029], [473652.796, 5363807.75], [473644.488, 5363751.955], [473642.74, 5363742.059]]}, "properties": {"name": "Vancouver Street", "highway": "unclassified", "osm_id": 1006534774, "alt_name": null, "old_name": null, "official_name": null}}, {"type": "Feature", "geometry": {"type": "LineString", "coordinates": [[473705.901, 5363964.489], [473694.514, 5363965.576]]}, "properties": {"name": "Mason Street", "highway": "unclassified", "osm_id": 1006536040, "alt_name": null, "old_name": null, "official_name": null}}, {"type": "Feature", "geometry": {"type": "LineString", "coordinates": [[473694.514, 5363965.576], [473669.571, 5363967.771], [473661.281, 5363968.432]]}, "properties": {"name": "Mason Street", "highway": "unclassified", "osm_id": 1006537491, "alt_name": null, "old_name": null, "official_name": null}}, {"type": "Feature", "geometry": {"type": "LineString", "coordinates": [[474764.054, 5366109.841], [474770.32, 5366113.714], [474773.42, 5366115.635], [474829.803, 5366141.483]]}, "properties": {"name": "Clawthorpe Avenue", "highway": "residential", "osm_id": 1009482525, "alt_name": null, "old_name": null, "official_name": null}}, {"type": "Feature", "geometry": {"type": "LineString", "coordinates": [[474740.45, 5366182.809], [474739.835, 5366174.242], [474740.214, 5366168.115], [474741.396, 5366161.163], [474742.557, 5366154.677], [474744.688, 5366148.187], [474761.012, 5366115.757], [474764.054, 5366109.841]]}, "properties": {"name": "Doncaster Drive", "highway": "residential", "osm_id": 1009482526, "alt_name": null, "old_name": null, "official_name": null}}, {"type": "Feature", "geometry": {"type": "LineString", "coordinates": [[474807.755, 5366022.833], [474815.101, 5366026.557], [474992.311, 5366117.721], [474997.87, 5366120.575]]}, "properties": {"name": "Burton Avenue", "highway": "residential", "osm_id": 1009482527, "alt_name": null, "old_name": null, "official_name": null}}, {"type": "Feature", "geometry": {"type": "LineString", "coordinates": [[474764.054, 5366109.841], [474767.463, 5366103.212], [474786.781, 5366065.622], [474804.568, 5366029.328], [474807.755, 5366022.833]]}, "properties": {"name": "Doncaster Drive", "highway": "residential", "osm_id": 1009482528, "alt_name": null, "old_name": null, "official_name": null}}, {"type": "Feature", "geometry": {"type": "LineString", "coordinates": [[474763.57, 5365539.977], [474758.18, 5365550.339], [474728.571, 5365607.283], [474707.314, 5365648.161]]}, "properties": {"name": "Gosworth Road", "highway": "residential", "osm_id": 1009482529, "alt_name": null, "old_name": null, "official_name": null}}, {"type": "Feature", "geometry": {"type": "LineString", "coordinates": [[474707.314, 5365648.161], [474702.262, 5365657.965], [474684.761, 5365691.88], [474665.216, 5365730.372], [474646.951, 5365775.149], [474640.227, 5365788.074], [474634.838, 5365798.435], [474623.752, 5365819.738]]}, "properties": {"name": "Gosworth Road", "highway": "residential", "osm_id": 1009482530, "alt_name": null, "old_name": null, "official_name": null}}, {"type": "Feature", "geometry": {"type": "LineString", "coordinates": [[474834.448, 5366179.99], [474834.764, 5366189.614], [474835.9, 5366223.846], [474838.07, 5366332.792]]}, "properties": {"name": "Wetherby Road", "highway": "residential", "osm_id": 1009487636, "alt_name": null, "old_name": null, "official_name": null}}, {"type": "Feature", "geometry": {"type": "LineString", "coordinates": [[475185.411, 5366169.303], [475185.137, 5366179.242], [475185.527, 5366209.33], [475185.631, 5366214.521], [475185.849, 5366225.458]]}, "properties": {"name": "Wordsworth Street", "highway": "residential", "osm_id": 1009487639, "alt_name": null, "old_name": null, "official_name": null}}, {"type": "Feature", "geometry": {"type": "LineString", "coordinates": [[475460.354, 5365990.922], [475457.747, 5365957.575]]}, "properties": {"name": "Kingsley Street", "highway": "residential", "osm_id": 1009490428, "alt_name": null, "old_name": null, "official_name": null}}, {"type": "Feature", "geometry": {"type": "LineString", "coordinates": [[475986.906, 5365295.427], [476003.767, 5365294.788], [476172.914, 5365288.15], [476176.397, 5365288.013], [476183.185, 5365287.751]]}, "properties": {"name": "Townley Street", "highway": "residential", "osm_id": 1009491909, "alt_name": null, "old_name": null, "official_name": null}}, {"type": "Feature", "geometry": {"type": "LineString", "coordinates": [[476200.36, 5365742.13], [476196.384, 5365660.046], [476193.945, 5365567.197], [476193.264, 5365545.946], [476190.449, 5365474.418]]}, "properties": {"name": "Foul Bay Road", "highway": "secondary", "osm_id": 1009491910, "alt_name": null, "old_name": null, "official_name": null}}, {"type": "Feature", "geometry": {"type": "LineString", "coordinates": [[476420.915, 5365184.937], [476414.807, 5365185.207], [476189.29, 5365195.176], [476179.721, 5365195.595]]}, "properties": {"name": "Carnarvon Street", "highway": "residential", "osm_id": 1009491911, "alt_name": null, "old_name": null, "official_name": null}}, {"type": "Feature", "geometry": {"type": "LineString", "coordinates": [[476183.185, 5365287.751], [476179.721, 5365195.595]]}, "properties": {"name": "Foul Bay Road", "highway": "secondary", "osm_id": 1009491912, "alt_name": null, "old_name": null, "official_name": null}}, {"type": "Feature", "geometry": {"type": "LineString", "coordinates": [[475933.323, 5366221.253], [475916.771, 5366190.911], [475903.462, 5366163.467], [475895.638, 5366147.883], [475884.178, 5366122.344], [475882.164, 5366116.583], [475879.433, 5366107.28], [475877.371, 5366097.14], [475872.725, 5366067.07], [475855.507, 5365957.299], [475855.104, 5365954.744], [475854.329, 5365949.778], [475853.04, 5365940.747]]}, "properties": {"name": "Richmond Road", "highway": "secondary", "osm_id": 1009495533, "alt_name": null, "old_name": null, "official_name": null}}, {"type": "Feature", "geometry": {"type": "LineString", "coordinates": [[475914.902, 5366433.139], [475930.794, 5366358.519], [475946.539, 5366278.976]]}, "properties": {"name": "Richmond Road", "highway": "secondary", "osm_id": 1009495534, "alt_name": null, "old_name": null, "official_name": null}}, {"type": "Feature", "geometry": {"type": "LineString", "coordinates": [[476172.402, 5365001.313], [476166.826, 5365001.47], [476161.257, 5365001.616], [475980.415, 5365006.448], [475978.063, 5365006.514]]}, "properties": {"name": "Kings Road", "highway": "residential", "osm_id": 1009497339, "alt_name": null, "old_name": null, "official_name": null}}, {"type": "Feature", "geometry": {"type": "LineString", "coordinates": [[476179.721, 5365195.595], [476179.412, 5365187.248], [476176.161, 5365098.27], [476175.598, 5365087.602], [476172.402, 5365001.313]]}, "properties": {"name": "Foul Bay Road", "highway": "secondary", "osm_id": 1009497340, "alt_name": null, "old_name": null, "official_name": null}}, {"type": "Feature", "geometry": {"type": "LineString", "coordinates": [[473996.214, 5365086.796], [474047.687, 5365096.864], [474064.048, 5365098.634], [474071.294, 5365098.201], [474073.511, 5365101.003], [474077.521, 5365102.741], [474165.85, 5365119.578]]}, "properties": {"name": "Kings Road", "highway": "residential", "osm_id": 1009497341, "alt_name": null, "old_name": null, "official_name": null}}, {"type": "Feature", "geometry": {"type": "LineString", "coordinates": [[474650.575, 5365472.988], [474655.317, 5365465.074], [474696.016, 5365397.131], [474706.9, 5365378.453]]}, "properties": {"name": "Hamilton Road", "highway": "residential", "osm_id": 1009705814, "alt_name": null, "old_name": null, "official_name": null}}, {"type": "Feature", "geometry": {"type": "LineString", "coordinates": [[475784.62, 5365487.566], [475883.891, 5365485.453], [475989.085, 5365481.36]]}, "properties": {"name": "Neil Street", "highway": "residential", "osm_id": 1009721375, "alt_name": null, "old_name": null, "official_name": null}}, {"type": "Feature", "geometry": {"type": "LineString", "coordinates": [[476190.449, 5365474.418], [476190.209, 5365463.092], [476187.718, 5365405.279], [476186.743, 5365380.985]]}, "properties": {"name": "Foul Bay Road", "highway": "secondary", "osm_id": 1009721376, "alt_name": null, "old_name": null, "official_name": null}}, {"type": "Feature", "geometry": {"type": "LineString", "coordinates": [[475989.085, 5365481.36], [475988.854, 5365477.326], [475984.169, 5365396.446]]}, "properties": {"name": "Dean Avenue", "highway": "residential", "osm_id": 1009721377, "alt_name": null, "old_name": null, "official_name": null}}, {"type": "Feature", "geometry": {"type": "LineString", "coordinates": [[475989.085, 5365481.36], [476093.64, 5365478.172], [476181.021, 5365474.78], [476183.912, 5365474.668], [476190.449, 5365474.418]]}, "properties": {"name": "Neil Street", "highway": "residential", "osm_id": 1009721378, "alt_name": null, "old_name": null, "official_name": null}}, {"type": "Feature", "geometry": {"type": "LineString", "coordinates": [[475991.321, 5365389.491], [475993.458, 5365389.393], [476176.76, 5365381.416], [476179.873, 5365381.28], [476186.743, 5365380.985]]}, "properties": {"name": "Allenby Street", "highway": "residential", "osm_id": 1009721379, "alt_name": null, "old_name": null, "official_name": null}}, {"type": "Feature", "geometry": {"type": "LineString", "coordinates": [[476186.743, 5365380.985], [476183.185, 5365287.751]]}, "properties": {"name": "Foul Bay Road", "highway": "secondary", "osm_id": 1009721380, "alt_name": null, "old_name": null, "official_name": null}}, {"type": "Feature", "geometry": {"type": "LineString", "coordinates": [[475638.875, 5366161.887], [475716.779, 5366161.764], [475723.396, 5366161.48], [475801.459, 5366160.423], [475812.868, 5366160.219]]}, "properties": {"name": "North Dairy Road", "highway": "residential", "osm_id": 1009792446, "alt_name": null, "old_name": null, "official_name": null}}, {"type": "Feature", "geometry": {"type": "LineString", "coordinates": [[473867.83, 5365067.634], [473869.338, 5365070.573], [473870.041, 5365073.904], [473869.196, 5365079.833], [473834.84, 5365265.59], [473834.198, 5365269.15], [473832.497, 5365278.628]]}, "properties": {"name": "Blackwood Street", "highway": "residential", "osm_id": 1009797590, "alt_name": null, "old_name": null, "official_name": null}}, {"type": "Feature", "geometry": {"type": "LineString", "coordinates": [[473180.484, 5365158.139], [473228.174, 5365165.961], [473329.583, 5365184.735], [473375.71, 5365193.499]]}, "properties": {"name": "Hillside Avenue", "highway": "secondary", "osm_id": 1009797591, "alt_name": null, "old_name": null, "official_name": null}}, {"type": "Feature", "geometry": {"type": "LineString", "coordinates": [[473769.013, 5365619.428], [473762.178, 5365654.273], [473751.796, 5365707.188], [473739.638, 5365771.103], [473738.233, 5365779.147]]}, "properties": {"name": "Blackwood Street", "highway": "residential", "osm_id": 1009797592, "alt_name": null, "old_name": null, "official_name": null}}, {"type": "Feature", "geometry": {"type": "LineString", "coordinates": [[473769.013, 5365619.428], [473822.848, 5365629.594], [474009.77, 5365664.881]]}, "properties": {"name": "Topaz Avenue", "highway": "residential", "osm_id": 1009797593, "alt_name": null, "old_name": null, "official_name": null}}, {"type": "Feature", "geometry": {"type": "LineString", "coordinates": [[473415.647, 5365854.616], [473440.633, 5365721.622]]}, "properties": {"name": "Fifth Street", "highway": "residential", "osm_id": 1009797594, "alt_name": null, "old_name": null, "official_name": null}}, {"type": "Feature", "geometry": {"type": "LineString", "coordinates": [[473342.644, 5365702.93], [473352.57, 5365704.828], [473440.633, 5365721.622]]}, "properties": {"name": "Summit Avenue", "highway": "residential", "osm_id": 1009797595, "alt_name": null, "old_name": null, "official_name": null}}, {"type": "Feature", "geometry": {"type": "LineString", "coordinates": [[473410.829, 5365885.418], [473412.437, 5365875.128], [473415.647, 5365854.616]]}, "properties": {"name": "Fifth Street", "highway": "residential", "osm_id": 1009797596, "alt_name": null, "old_name": null, "official_name": null}}, {"type": "Feature", "geometry": {"type": "LineString", "coordinates": [[473564.549, 5365743.507], [473639.153, 5365756.008]]}, "properties": {"name": "Summit Avenue", "highway": "residential", "osm_id": 1009797597, "alt_name": null, "old_name": null, "official_name": null}}, {"type": "Feature", "geometry": {"type": "LineString", "coordinates": [[473983.007, 5365749.005], [473983.556, 5365744.378], [473986.172, 5365739.264], [473995.596, 5365725.237], [473998.236, 5365718.656], [474000.965, 5365709.15], [474009.77, 5365664.881]]}, "properties": {"name": "The Rise", "highway": "residential", "osm_id": 1009801641, "alt_name": null, "old_name": null, "official_name": null}}, {"type": "Feature", "geometry": {"type": "LineString", "coordinates": [[474009.77, 5365664.881], [474136.459, 5365686.843]]}, "properties": {"name": "Topaz Avenue", "highway": "residential", "osm_id": 1009801642, "alt_name": null, "old_name": null, "official_name": null}}, {"type": "Feature", "geometry": {"type": "LineString", "coordinates": [[473639.153, 5365756.008], [473668.992, 5365601.295]]}, "properties": {"name": "Prior Street", "highway": "residential", "osm_id": 1009801643, "alt_name": null, "old_name": null, "official_name": null}}, {"type": "Feature", "geometry": {"type": "LineString", "coordinates": [[473668.992, 5365601.295], [473769.013, 5365619.428]]}, "properties": {"name": "Topaz Avenue", "highway": "residential", "osm_id": 1009801644, "alt_name": null, "old_name": null, "official_name": null}}, {"type": "Feature", "geometry": {"type": "LineString", "coordinates": [[473064.578, 5365487.668], [473071.447, 5365488.958], [473074.83, 5365489.587], [473087.725, 5365492.004], [473112.3, 5365496.567], [473149.446, 5365503.75], [473231.866, 5365519.755], [473260.69, 5365525.054], [473268.092, 5365526.298]]}, "properties": {"name": "Topaz Avenue", "highway": "residential", "osm_id": 1009801645, "alt_name": null, "old_name": null, "official_name": null}}, {"type": "Feature", "geometry": {"type": "LineString", "coordinates": [[473832.497, 5365278.628], [473830.693, 5365288.385], [473830.195, 5365291.088], [473816.4, 5365364.315], [473800.308, 5365447.879]]}, "properties": {"name": "Blackwood Street", "highway": "residential", "osm_id": 1009801646, "alt_name": null, "old_name": null, "official_name": null}}, {"type": "Feature", "geometry": {"type": "LineString", "coordinates": [[473604.099, 5365411.586], [473702.612, 5365429.324], [473800.308, 5365447.879]]}, "properties": {"name": "Vista Heights", "highway": "residential", "osm_id": 1009801647, "alt_name": null, "old_name": null, "official_name": null}}, {"type": "Feature", "geometry": {"type": "LineString", "coordinates": [[474009.77, 5365664.881], [474023.522, 5365594.822], [474026.657, 5365578.557]]}, "properties": {"name": "The Rise", "highway": "residential", "osm_id": 1009801648, "alt_name": null, "old_name": null, "official_name": null}}, {"type": "Feature", "geometry": {"type": "LineString", "coordinates": [[474111.242, 5365593.287], [474026.657, 5365578.557]]}, "properties": {"name": "Montrose Avenue", "highway": "residential", "osm_id": 1009801649, "alt_name": null, "old_name": null, "official_name": null}}, {"type": "Feature", "geometry": {"type": "LineString", "coordinates": [[475848.731, 5365911.853], [475840.573, 5365862.902], [475835.668, 5365827.92], [475825.378, 5365764.871], [475815.341, 5365688.161], [475813.529, 5365676.086], [475807.99, 5365637.938], [475801.391, 5365592.492], [475799.966, 5365582.694]]}, "properties": {"name": "Richmond Road", "highway": "secondary", "osm_id": 1009808209, "alt_name": null, "old_name": null, "official_name": null}}, {"type": "Feature", "geometry": {"type": "LineString", "coordinates": [[475464.743, 5365640.16], [475537.357, 5365641.313], [475551.091, 5365641.265], [475630.582, 5365642.356], [475653.798, 5365642.523], [475687.656, 5365642.922], [475694.205, 5365642.005], [475701.449, 5365639.595], [475710.302, 5365634.588], [475717.539, 5365625.22], [475720.82, 5365617.692], [475721.737, 5365608.907], [475720.704, 5365600.908], [475719.269, 5365594.011], [475791.684, 5365582.863], [475799.966, 5365582.694]]}, "properties": {"name": "Taylor Street", "highway": "residential", "osm_id": 1009808210, "alt_name": null, "old_name": null, "official_name": null}}, {"type": "Feature", "geometry": {"type": "LineString", "coordinates": [[475407.17, 5365669.421], [475421.767, 5365667.302], [475436.485, 5365660.635], [475449.184, 5365650.687], [475451.902, 5365648.152], [475454.24, 5365644.841]]}, "properties": {"name": "Myrtle Avenue", "highway": "residential", "osm_id": 1009808211, "alt_name": null, "old_name": null, "official_name": null}}, {"type": "Feature", "geometry": {"type": "LineString", "coordinates": [[474505.566, 5365287.34], [474511.751, 5365284.478], [474517.043, 5365282.031], [474523.742, 5365279.889], [474539.286, 5365277.841], [474575.111, 5365275.923], [474596.244, 5365274.795], [474694.355, 5365273.811], [474745.182, 5365272.383], [474778.386, 5365271.457], [474792.755, 5365271.227]]}, "properties": {"name": "Ryan Street", "highway": "residential", "osm_id": 1009816382, "alt_name": null, "old_name": null, "official_name": null}}, {"type": "Feature", "geometry": {"type": "LineString", "coordinates": [[473216.712, 5365880.786], [473206.772, 5365944.804], [473205.631, 5365952.167], [473204.364, 5365959.354], [473203.939, 5365961.902]]}, "properties": {"name": "Glasgow Street", "highway": "residential", "osm_id": 1010357574, "alt_name": null, "old_name": null, "official_name": null}}, {"type": "Feature", "geometry": {"type": "LineString", "coordinates": [[473102.175, 5366335.426], [473101.324, 5366322.848], [473086.038, 5366255.893], [473087.785, 5366240.667]]}, "properties": {"name": "Glasgow Avenue", "highway": "residential", "osm_id": 1010357575, "alt_name": null, "old_name": null, "official_name": null}}, {"type": "Feature", "geometry": {"type": "LineString", "coordinates": [[473149.65, 5366526.068], [473136.209, 5366475.1], [473134.48, 5366467.494], [473117.298, 5366399.459], [473102.175, 5366335.426]]}, "properties": {"name": "Glasgow Avenue", "highway": "residential", "osm_id": 1010357576, "alt_name": null, "old_name": null, "official_name": null}}, {"type": "Feature", "geometry": {"type": "LineString", "coordinates": [[473554.311, 5366315.989], [473547.614, 5366314.987], [473463.3, 5366302.354]]}, "properties": {"name": "Tolmie Avenue", "highway": "residential", "osm_id": 1010393495, "alt_name": null, "old_name": null, "official_name": null}}, {"type": "Feature", "geometry": {"type": "LineString", "coordinates": [[476168.341, 5364895.754], [476160.738, 5364895.842], [476158.312, 5364895.863], [476069.407, 5364897.739], [476026.814, 5364898.475], [475968.454, 5364899.756], [475960.26, 5364900.091], [475939.183, 5364900.958]]}, "properties": {"name": "Carrick Street", "highway": "residential", "osm_id": 1010454005, "alt_name": null, "old_name": null, "official_name": null}}, {"type": "Feature", "geometry": {"type": "LineString", "coordinates": [[476172.402, 5365001.313], [476168.341, 5364895.754]]}, "properties": {"name": "Foul Bay Road", "highway": "secondary", "osm_id": 1010454006, "alt_name": null, "old_name": null, "official_name": null}}, {"type": "Feature", "geometry": {"type": "LineString", "coordinates": [[471443.839, 5365703.606], [471439.707, 5365692.434], [471435.615, 5365677.181], [471435.17, 5365674.038], [471435.739, 5365663.642]]}, "properties": {"name": "Balfour Avenue", "highway": "residential", "osm_id": 1010458978, "alt_name": null, "old_name": null, "official_name": null}}, {"type": "Feature", "geometry": {"type": "LineString", "coordinates": [[471803.363, 5365621.772], [471817.18, 5365620.558], [471851.086, 5365614.02], [471871.512, 5365609.583], [471921.932, 5365598.306]]}, "properties": {"name": "Gorge Road East", "highway": "secondary", "osm_id": 1010458979, "alt_name": null, "old_name": null, "official_name": null}}, {"type": "Feature", "geometry": {"type": "LineString", "coordinates": [[471686.518, 5365437.879], [471740.154, 5365579.002], [471752.174, 5365607.687], [471753.724, 5365611.381], [471757.885, 5365621.32]]}, "properties": {"name": "Washington Avenue", "highway": "unclassified", "osm_id": 1010458980, "alt_name": null, "old_name": null, "official_name": null}}, {"type": "Feature", "geometry": {"type": "LineString", "coordinates": [[475053.352, 5365047.415], [475054.648, 5365099.92], [475058.183, 5365240.884], [475058.542, 5365255.266], [475058.636, 5365266.459]]}, "properties": {"name": "Victor Street", "highway": "residential", "osm_id": 1010734785, "alt_name": null, "old_name": null, "official_name": null}}, {"type": "Feature", "geometry": {"type": "LineString", "coordinates": [[474118.442, 5364234.667], [474123.062, 5364285.778], [474127.68, 5364336.266], [474129.865, 5364345.171], [474131.609, 5364356.023], [474140.168, 5364440.296]]}, "properties": {"name": "Chambers Street", "highway": "residential", "osm_id": 1010734786, "alt_name": null, "old_name": null, "official_name": null}}, {"type": "Feature", "geometry": {"type": "LineString", "coordinates": [[474155.158, 5364181.7], [474119.513, 5364185.609], [474113.038, 5364185.094]]}, "properties": {"name": "Caledonia Avenue", "highway": "residential", "osm_id": 1010734787, "alt_name": null, "old_name": null, "official_name": null}}, {"type": "Feature", "geometry": {"type": "LineString", "coordinates": [[475053.352, 5365047.415], [475094.244, 5365046.969]]}, "properties": {"name": "Kings Road", "highway": "residential", "osm_id": 1010735711, "alt_name": null, "old_name": null, "official_name": null}}, {"type": "Feature", "geometry": {"type": "LineString", "coordinates": [[475220.234, 5365043.982], [475177.69, 5365045.413]]}, "properties": {"name": "Kings Road", "highway": "residential", "osm_id": 1010735713, "alt_name": null, "old_name": null, "official_name": null}}, {"type": "Feature", "geometry": {"type": "LineString", "coordinates": [[474334.124, 5363912.2], [474097.26, 5363929.718], [474090.161, 5363930.25]]}, "properties": {"name": "Balmoral Road", "highway": "residential", "osm_id": 1010739008, "alt_name": null, "old_name": null, "official_name": null}}, {"type": "Feature", "geometry": {"type": "LineString", "coordinates": [[474334.124, 5363912.2], [474326.566, 5363819.752], [474325.971, 5363812.463]]}, "properties": {"name": "Camosun Street", "highway": "residential", "osm_id": 1010739009, "alt_name": null, "old_name": null, "official_name": null}}, {"type": "Feature", "geometry": {"type": "LineString", "coordinates": [[474055.785, 5363673.737], [474056.883, 5363680.868], [474057.249, 5363683.223], [474062.083, 5363714.636], [474062.5, 5363716.968], [474064.899, 5363730.196], [474068.065, 5363754.458], [474068.709, 5363759.335], [474070.133, 5363768.321]]}, "properties": {"name": "Chambers Street", "highway": "unclassified", "osm_id": 1010739934, "alt_name": null, "old_name": null, "official_name": null}}, {"type": "Feature", "geometry": {"type": "LineString", "coordinates": [[474070.133, 5363768.321], [474070.66, 5363771.797], [474072.509, 5363787.907], [474074.743, 5363812.195], [474078.372, 5363824.328]]}, "properties": {"name": "Chambers Street", "highway": "unclassified", "osm_id": 1010739935, "alt_name": null, "old_name": null, "official_name": null}}, {"type": "Feature", "geometry": {"type": "LineString", "coordinates": [[474294.245, 5363131.564], [474301.808, 5363128.64], [474302.488, 5363128.381], [474350.346, 5363119.105], [474357.383, 5363117.65]]}, "properties": {"name": "Rockland Avenue", "highway": "tertiary", "osm_id": 1010741503, "alt_name": null, "old_name": null, "official_name": null}}, {"type": "Feature", "geometry": {"type": "LineString", "coordinates": [[474440.014, 5363542.738], [474441.759, 5363603.155], [474442.74, 5363637.064], [474442.96, 5363644.655], [474442.994, 5363645.811], [474443.614, 5363655.29], [474447.936, 5363721.219], [474451.152, 5363788.01], [474451.577, 5363792.009], [474452.419, 5363799.864], [474452.671, 5363809.745], [474455.006, 5363901.049], [474458.902, 5364002.195]]}, "properties": {"name": "Fernwood Road", "highway": "tertiary", "osm_id": 1010741504, "alt_name": null, "old_name": null, "official_name": null}}, {"type": "Feature", "geometry": {"type": "LineString", "coordinates": [[474458.902, 5364002.195], [474452.657, 5364002.001], [474344.567, 5364011.315], [474343.614, 5364011.441], [474299.445, 5364016.866], [474295.111, 5364017.208], [474281.845, 5364018.28], [474212.961, 5364023.839], [474202.423, 5364024.732], [474152.249, 5364029.007]]}, "properties": {"name": "Grant Street", "highway": "residential", "osm_id": 1010741505, "alt_name": null, "old_name": null, "official_name": null}}, {"type": "Feature", "geometry": {"type": "LineString", "coordinates": [[474307.428, 5364568.354], [474307.056, 5364559.763], [474305.064, 5364515.299], [474303.362, 5364472.689]]}, "properties": {"name": "Spring Road", "highway": "residential", "osm_id": 1010752998, "alt_name": null, "old_name": null, "official_name": null}}, {"type": "Feature", "geometry": {"type": "LineString", "coordinates": [[475786.986, 5365016.854], [475765.885, 5365016.966], [475718.556, 5365017.213]]}, "properties": {"name": "Kings Road", "highway": "residential", "osm_id": 1010755580, "alt_name": null, "old_name": null, "official_name": null}}, {"type": "Feature", "geometry": {"type": "LineString", "coordinates": [[475243.167, 5365667.413], [475243.131, 5365666.012], [475238.223, 5365484.015]]}, "properties": {"name": "Scott Street", "highway": "residential", "osm_id": 1010756577, "alt_name": null, "old_name": null, "official_name": null}}, {"type": "Feature", "geometry": {"type": "LineString", "coordinates": [[475238.223, 5365484.015], [475334.843, 5365481.004], [475341.823, 5365480.784]]}, "properties": {"name": "Pearl Street", "highway": "residential", "osm_id": 1010756578, "alt_name": null, "old_name": null, "official_name": null}}, {"type": "Feature", "geometry": {"type": "LineString", "coordinates": [[474482.042, 5365218.985], [474489.21, 5365222.388], [474495.372, 5365224.327]]}, "properties": {"name": "Cedar Hill Road", "highway": "residential", "osm_id": 1010756579, "alt_name": null, "old_name": null, "official_name": null}}, {"type": "Feature", "geometry": {"type": "LineString", "coordinates": [[474415.746, 5365065.522], [474451.115, 5365152.364]]}, "properties": {"name": "Cedar Hill Road", "highway": "residential", "osm_id": 1010756580, "alt_name": null, "old_name": null, "official_name": null}}, {"type": "Feature", "geometry": {"type": "LineString", "coordinates": [[474165.85, 5365119.578], [474210.016, 5365125.245], [474270.199, 5365108.954], [474415.746, 5365065.522]]}, "properties": {"name": "Kings Road", "highway": "residential", "osm_id": 1010756581, "alt_name": null, "old_name": null, "official_name": null}}, {"type": "Feature", "geometry": {"type": "LineString", "coordinates": [[474451.115, 5365152.364], [474471.003, 5365203.295], [474474.737, 5365211.17], [474477.787, 5365215.247], [474482.042, 5365218.985]]}, "properties": {"name": "Cedar Hill Road", "highway": "residential", "osm_id": 1010756582, "alt_name": null, "old_name": null, "official_name": null}}, {"type": "Feature", "geometry": {"type": "LineString", "coordinates": [[474168.67, 5365303.34], [474169.597, 5365310.483], [474170.228, 5365323.819], [474169.744, 5365334.503], [474165.965, 5365347.581], [474163.868, 5365354.849]]}, "properties": {"name": "Hayward Heights", "highway": "service", "osm_id": 1010758506, "alt_name": null, "old_name": null, "official_name": null}}, {"type": "Feature", "geometry": {"type": "LineString", "coordinates": [[474853.049, 5363638.541], [474876.587, 5363648.007]]}, "properties": {"name": "Fort Street", "highway": "secondary", "osm_id": 1010762977, "alt_name": null, "old_name": null, "official_name": null}}, {"type": "Feature", "geometry": {"type": "LineString", "coordinates": [[474895.242, 5363655.516], [474897.907, 5363644.344], [474906.252, 5363605.969], [474913.259, 5363561.031]]}, "properties": {"name": "Saint Charles Street", "highway": "residential", "osm_id": 1010764750, "alt_name": null, "old_name": null, "official_name": null}}, {"type": "Feature", "geometry": {"type": "LineString", "coordinates": [[474992.902, 5363562.825], [474993.95, 5363461.701]]}, "properties": {"name": "Belmont Avenue", "highway": "residential", "osm_id": 1010764751, "alt_name": null, "old_name": null, "official_name": null}}, {"type": "Feature", "geometry": {"type": "LineString", "coordinates": [[474913.259, 5363561.031], [474922.547, 5363503.078], [474923.713, 5363460.7], [474923.49, 5363425.331], [474923.716, 5363414.593], [474923.742, 5363345.142], [474923.284, 5363305.195], [474923.939, 5363230.806], [474924.037, 5363216.222], [474924.19, 5363197.392], [474923.371, 5363080.87], [474923.646, 5363074.378], [474924.379, 5363069.528], [474926.753, 5363064.304], [474937.19, 5363045.284], [474947.335, 5363030.355]]}, "properties": {"name": "Saint Charles Street", "highway": "residential", "osm_id": 1010764752, "alt_name": null, "old_name": null, "official_name": null}}, {"type": "Feature", "geometry": {"type": "LineString", "coordinates": [[474357.383, 5363117.65], [474368.272, 5363113.911], [474378.208, 5363108.919], [474387.844, 5363103.018], [474395.617, 5363095.658], [474416.68, 5363075.721], [474445.288, 5363048.692], [474465.868, 5363024.857], [474476.004, 5363018.197], [474490.733, 5363011.095], [474493.585, 5363010.237], [474497.908, 5363008.928], [474535.482, 5362996.187], [474551.894, 5362991.501], [474557.241, 5362991.054], [474562.485, 5362990.642], [474566.963, 5362990.911], [474571.085, 5362991.181], [474577.239, 5362992.343], [474582.846, 5362993.618], [474609.789, 5363002.557], [474664.095, 5363020.21], [474669.585, 5363021.886], [474688.915, 5363027.791], [474704.792, 5363032.466], [474721.332, 5363034.76], [474738.123, 5363035.408], [474758.121, 5363035.174], [474859.218, 5363033.102], [474865.588, 5363032.896], [474897.11, 5363031.867], [474939.693, 5363030.589], [474947.335, 5363030.355]]}, "properties": {"name": "Rockland Avenue", "highway": "tertiary", "osm_id": 1010764753, "alt_name": null, "old_name": null, "official_name": null}}, {"type": "Feature", "geometry": {"type": "LineString", "coordinates": [[475221.247, 5363729.989], [475222.321, 5363760.575]]}, "properties": {"name": "Terrace Avenue", "highway": "residential", "osm_id": 1010766519, "alt_name": null, "old_name": null, "official_name": null}}, {"type": "Feature", "geometry": {"type": "LineString", "coordinates": [[476073.573, 5363122.116], [476072.613, 5363068.143]]}, "properties": {"name": "Foul Bay Road", "highway": "tertiary", "osm_id": 1010767485, "alt_name": null, "old_name": null, "official_name": null}}, {"type": "Feature", "geometry": {"type": "LineString", "coordinates": [[474526.597, 5363217.05], [474508.504, 5363127.473]]}, "properties": {"name": "Royal Terrace", "highway": "residential", "osm_id": 1010784786, "alt_name": null, "old_name": null, "official_name": null}}, {"type": "Feature", "geometry": {"type": "LineString", "coordinates": [[473736.96, 5363004.345], [473752.23, 5363002.351], [473777.559, 5362998.121], [473795.34, 5362995.149], [473881.583, 5362980.734], [473943.177, 5362970.457], [473991.16, 5362962.356], [473997.03, 5362961.362], [474047.585, 5362952.771], [474094.259, 5362944.832], [474184.704, 5362929.825], [474246.593, 5362919.139], [474257.35, 5362917.278], [474266.629, 5362915.691], [474299.677, 5362910.05], [474315.398, 5362906.311], [474326.818, 5362901.957], [474340.571, 5362895.003], [474349.503, 5362888.716], [474359.153, 5362880.991], [474368.084, 5362871.28], [474377.89, 5362857.008], [474384.818, 5362842.726], [474409.809, 5362789.592], [474412.741, 5362783.476], [474435.757, 5362735.098], [474445.254, 5362717.97], [474455.741, 5362705.195], [474464.77, 5362695.695], [474472.037, 5362689.416]]}, "properties": {"name": "Richardson Street", "highway": "residential", "osm_id": 1010788253, "alt_name": null, "old_name": null, "official_name": null}}, {"type": "Feature", "geometry": {"type": "LineString", "coordinates": [[474547.843, 5362664.52], [474763.809, 5362627.785], [474777.194, 5362625.835], [474812.089, 5362620.723], [474857.286, 5362615.776], [474916.635, 5362610.366], [474924.182, 5362610.277]]}, "properties": {"name": "Richardson Street", "highway": "residential", "osm_id": 1010788255, "alt_name": null, "old_name": null, "official_name": null}}, {"type": "Feature", "geometry": {"type": "LineString", "coordinates": [[474223.524, 5362712.927], [474239.926, 5362811.515], [474255.578, 5362906.538], [474257.35, 5362917.278], [474258.976, 5362926.519], [474274.295, 5363013.718], [474275.154, 5363018.616], [474291.076, 5363121.219], [474291.685, 5363125.14], [474294.245, 5363131.564], [474295.921, 5363142.317], [474304.571, 5363197.866], [474306.385, 5363207.851], [474315.802, 5363259.741], [474322.722, 5363306.061], [474325.729, 5363321.565], [474330.56, 5363355.768], [474330.945, 5363389.958], [474330.47, 5363402.688]]}, "properties": {"name": "Moss Street", "highway": "tertiary", "osm_id": 1010790888, "alt_name": null, "old_name": null, "official_name": null}}, {"type": "Feature", "geometry": {"type": "LineString", "coordinates": [[474223.524, 5362712.927], [474150.824, 5362725.519]]}, "properties": {"name": "Carnsew Street", "highway": "residential", "osm_id": 1010790889, "alt_name": null, "old_name": null, "official_name": null}}, {"type": "Feature", "geometry": {"type": "LineString", "coordinates": [[475846.899, 5363350.136], [475843.215, 5363357.099], [475842.48, 5363363.627], [475838.812, 5363500.998]]}, "properties": {"name": "Maddison Street", "highway": "residential", "osm_id": 1010793253, "alt_name": null, "old_name": null, "official_name": null}}, {"type": "Feature", "geometry": {"type": "LineString", "coordinates": [[475556.915, 5363307.361], [475596.899, 5363285.603], [475626.693, 5363268.312], [475637.358, 5363262.23], [475674.707, 5363241.684], [475684.811, 5363236.083], [475714.034, 5363220.196], [475723.918, 5363214.707], [475763.275, 5363193.163]]}, "properties": {"name": "Quamichan Street", "highway": "tertiary", "osm_id": 1010793254, "alt_name": null, "old_name": null, "official_name": null}}, {"type": "Feature", "geometry": {"type": "LineString", "coordinates": [[475763.275, 5363193.163], [475769.157, 5363203.52], [475771.479, 5363211.735], [475778.232, 5363221.766], [475795.748, 5363255.36], [475803.699, 5363270.321], [475846.899, 5363350.136]]}, "properties": {"name": "Maddison Street", "highway": "residential", "osm_id": 1010793255, "alt_name": null, "old_name": null, "official_name": null}}, {"type": "Feature", "geometry": {"type": "LineString", "coordinates": [[476008.643, 5363499.931], [476015.376, 5363375.864]]}, "properties": {"name": "Redfern Street", "highway": "residential", "osm_id": 1010796356, "alt_name": null, "old_name": null, "official_name": null}}, {"type": "Feature", "geometry": {"type": "LineString", "coordinates": [[475763.275, 5363193.163], [475806.542, 5363168.679], [475813.015, 5363165.017], [475853.559, 5363142.068]]}, "properties": {"name": "Quamichan Street", "highway": "tertiary", "osm_id": 1010798429, "alt_name": null, "old_name": null, "official_name": null}}, {"type": "Feature", "geometry": {"type": "LineString", "coordinates": [[475853.559, 5363142.068], [475790.335, 5363020.489], [475789.548, 5363018.225], [475790.018, 5363015.61], [475795.386, 5363001.015]]}, "properties": {"name": "Lawndale Avenue", "highway": "residential", "osm_id": 1010798430, "alt_name": null, "old_name": null, "official_name": null}}, {"type": "Feature", "geometry": {"type": "LineString", "coordinates": [[475606.288, 5362881.655], [475652.194, 5362859.771], [475661.237, 5362854.875], [475678.622, 5362847.208], [475783.418, 5362797.318]]}, "properties": {"name": "Gonzales Avenue", "highway": "residential", "osm_id": 1010799197, "alt_name": null, "old_name": null, "official_name": null}}, {"type": "Feature", "geometry": {"type": "LineString", "coordinates": [[475954.038, 5363500.274], [475989.445, 5363500.057], [475998.049, 5363499.999], [476008.643, 5363499.931], [476044.065, 5363499.715]]}, "properties": {"name": "Brighton Avenue", "highway": "residential", "osm_id": 1010800710, "alt_name": null, "old_name": null, "official_name": null}}, {"type": "Feature", "geometry": {"type": "LineString", "coordinates": [[470706.673, 5366056.139], [470711.048, 5366062.708], [470726.431, 5366084.448], [470743.795, 5366107.424], [470816.793, 5366204.009], [470819.499, 5366208.197]]}, "properties": {"name": "Donald Street", "highway": "residential", "osm_id": 1010819196, "alt_name": null, "old_name": null, "official_name": null}}, {"type": "Feature", "geometry": {"type": "LineString", "coordinates": [[470819.499, 5366208.197], [470894.969, 5366151.763]]}, "properties": {"name": "Obed Avenue", "highway": "residential", "osm_id": 1010819197, "alt_name": null, "old_name": null, "official_name": null}}, {"type": "Feature", "geometry": {"type": "LineString", "coordinates": [[471724.491, 5362407.292], [471727.927, 5362412.233], [471752.016, 5362446.771], [471869.147, 5362609.399]]}, "properties": {"name": "Oswego Street", "highway": "tertiary", "osm_id": 1010830077, "alt_name": null, "old_name": null, "official_name": null}}, {"type": "Feature", "geometry": {"type": "LineString", "coordinates": [[471869.147, 5362609.399], [471804.653, 5362655.605], [471727.213, 5362711.091]]}, "properties": {"name": "Niagara Street", "highway": "residential", "osm_id": 1010830078, "alt_name": null, "old_name": null, "official_name": null}}, {"type": "Feature", "geometry": {"type": "LineString", "coordinates": [[472002.131, 5362203.376], [472006.421, 5362208.846], [472034.671, 5362248.723]]}, "properties": {"name": "Lewis Street", "highway": "residential", "osm_id": 1010831025, "alt_name": null, "old_name": null, "official_name": null}}, {"type": "Feature", "geometry": {"type": "LineString", "coordinates": [[474207.139, 5362069.942], [474297.198, 5362054.85]]}, "properties": {"name": "May Street", "highway": "residential", "osm_id": 1010834100, "alt_name": null, "old_name": null, "official_name": null}}, {"type": "Feature", "geometry": {"type": "LineString", "coordinates": [[473001.324, 5366313.186], [473016.608, 5366227.8]]}, "properties": {"name": "Rutledge Street", "highway": "residential", "osm_id": 1011048896, "alt_name": null, "old_name": null, "official_name": null}}, {"type": "Feature", "geometry": {"type": "LineString", "coordinates": [[472606.534, 5366314.227], [472634.328, 5366234.248], [472654.395, 5366178.495], [472658.644, 5366167.181]]}, "properties": {"name": "Oak Street", "highway": "unclassified", "osm_id": 1011049727, "alt_name": null, "old_name": null, "official_name": null}}, {"type": "Feature", "geometry": {"type": "LineString", "coordinates": [[472417.581, 5366245.182], [472428.515, 5366249.175], [472431.685, 5366250.327], [472486.423, 5366270.313], [472494.431, 5366273.242]]}, "properties": {"name": "Roderick Street", "highway": "unclassified", "osm_id": 1011050191, "alt_name": null, "old_name": null, "official_name": null}}, {"type": "Feature", "geometry": {"type": "LineString", "coordinates": [[471921.171, 5366053.286], [471926.723, 5366060.484], [471928.801, 5366063.431], [471940.698, 5366089.938], [471944.009, 5366097.047], [471947.029, 5366102.123], [471951.406, 5366106.425], [471955.955, 5366109.66], [471960.364, 5366111.472], [471964.942, 5366112.983], [471969.49, 5366114.506], [471974.111, 5366115.828], [471983.737, 5366118.515]]}, "properties": {"name": "Dupplin Road", "highway": "unclassified", "osm_id": 1011056827, "alt_name": null, "old_name": null, "official_name": null}}, {"type": "Feature", "geometry": {"type": "LineString", "coordinates": [[473413.181, 5362577.003], [473413.337, 5362583.583], [473414.781, 5362643.611], [473414.974, 5362651.625], [473415.22, 5362661.661], [473415.304, 5362665.284], [473415.437, 5362673.076]]}, "properties": {"name": "Vancouver Street", "highway": "residential", "osm_id": 1011061673, "alt_name": null, "old_name": null, "official_name": null}}, {"type": "Feature", "geometry": {"type": "LineString", "coordinates": [[473320.87, 5362579.827], [473328.32, 5362579.591], [473331.169, 5362579.545], [473403.23, 5362577.316], [473406.899, 5362577.199], [473413.181, 5362577.003]]}, "properties": {"name": "Pendergast Street", "highway": "residential", "osm_id": 1011061674, "alt_name": null, "old_name": null, "official_name": null}}, {"type": "Feature", "geometry": {"type": "LineString", "coordinates": [[472947.15, 5362879.519], [472958.226, 5362880.922], [472966.979, 5362880.903], [472979.132, 5362880.111], [472988.475, 5362878.077], [472998.045, 5362873.985], [473010.772, 5362867.933], [473021.451, 5362860.568], [473031.646, 5362851.027], [473065.802, 5362812.404], [473073.689, 5362805.987], [473078.322, 5362803.052]]}, "properties": {"name": "Southgate Street", "highway": "tertiary", "osm_id": 1011061675, "alt_name": null, "old_name": null, "official_name": null}}, {"type": "Feature", "geometry": {"type": "LineString", "coordinates": [[473184.641, 5362773.192], [473192.717, 5362770.642], [473194.335, 5362770.134], [473254.191, 5362731.713], [473306.041, 5362697.6], [473326.255, 5362684.866], [473331.592, 5362682.206]]}, "properties": {"name": "Southgate Street", "highway": "tertiary", "osm_id": 1011061676, "alt_name": null, "old_name": null, "official_name": null}}, {"type": "Feature", "geometry": {"type": "LineString", "coordinates": [[473124.393, 5362341.847], [473128.485, 5362332.557], [473130.484, 5362326.39]]}, "properties": {"name": "Bridge Way", "highway": "unclassified", "osm_id": 1011066855, "alt_name": null, "old_name": null, "official_name": null}}, {"type": "Feature", "geometry": {"type": "LineString", "coordinates": [[476086.856, 5362540.193], [476095.692, 5362537.055]]}, "properties": {"name": "Fairfield Road", "highway": "tertiary", "osm_id": 1011135376, "alt_name": null, "old_name": null, "official_name": null}}, {"type": "Feature", "geometry": {"type": "LineString", "coordinates": [[470618.245, 5365527.933], [470620.332, 5365533.758], [470620.947, 5365535.456], [470638.563, 5365583.807]]}, "properties": {"name": "Arcadia Street", "highway": "residential", "osm_id": 1011315645, "alt_name": null, "old_name": null, "official_name": null}}, {"type": "Feature", "geometry": {"type": "LineString", "coordinates": [[470920.999, 5365418.67], [470882.86, 5365431.861], [470822.297, 5365453.904], [470782.721, 5365467.947], [470737.877, 5365484.585]]}, "properties": {"name": "Selkirk Avenue", "highway": "residential", "osm_id": 1011315646, "alt_name": null, "old_name": null, "official_name": null}}, {"type": "Feature", "geometry": {"type": "LineString", "coordinates": [[470737.877, 5365484.585], [470682.022, 5365504.238], [470626.69, 5365524.799], [470618.245, 5365527.933]]}, "properties": {"name": "Selkirk Avenue", "highway": "residential", "osm_id": 1011315647, "alt_name": null, "old_name": null, "official_name": null}}, {"type": "Feature", "geometry": {"type": "LineString", "coordinates": [[471212.654, 5365218.976], [471201.514, 5365224.569], [471192.234, 5365230.774]]}, "properties": {"name": "Selkirk Avenue", "highway": "residential", "osm_id": 1011315648, "alt_name": null, "old_name": null, "official_name": null}}, {"type": "Feature", "geometry": {"type": "LineString", "coordinates": [[471257.599, 5365158.979], [471257.489, 5365163.526], [471255.652, 5365168.737]]}, "properties": {"name": "Selkirk Avenue", "highway": "residential", "osm_id": 1011315649, "alt_name": null, "old_name": null, "official_name": null}}, {"type": "Feature", "geometry": {"type": "LineString", "coordinates": [[470638.563, 5365583.807], [470654.349, 5365627.321]]}, "properties": {"name": "Arcadia Street", "highway": "residential", "osm_id": 1011315650, "alt_name": null, "old_name": null, "official_name": null}}, {"type": "Feature", "geometry": {"type": "LineString", "coordinates": [[472628.768, 5363928.141], [472627.318, 5363940.286], [472626.314, 5363945.393]]}, "properties": {"name": "Johnson Street", "highway": "secondary", "osm_id": 1011318739, "alt_name": null, "old_name": null, "official_name": null}}, {"type": "Feature", "geometry": {"type": "LineString", "coordinates": [[471646.779, 5364684.189], [471644.382, 5364775.806], [471644.109, 5364786.211], [471644.256, 5364795.048], [471645.594, 5364874.518], [471646.639, 5364877.948], [471648.886, 5364880.571]]}, "properties": {"name": "Alston Street", "highway": "residential", "osm_id": 1011326618, "alt_name": null, "old_name": null, "official_name": null}}, {"type": "Feature", "geometry": {"type": "LineString", "coordinates": [[471765.854, 5364654.805], [471762.665, 5364648.718], [471759.519, 5364645.155], [471758.068, 5364643.517], [471756.384, 5364642.469], [471753.316, 5364641.395], [471749.535, 5364641.136], [471745.298, 5364641.391], [471646.779, 5364684.189]]}, "properties": {"name": "Langford Street", "highway": "residential", "osm_id": 1011326619, "alt_name": null, "old_name": null, "official_name": null}}, {"type": "Feature", "geometry": {"type": "LineString", "coordinates": [[471540.383, 5364404.641], [471539.829, 5364485.666]]}, "properties": {"name": "Catherine Street", "highway": "tertiary", "osm_id": 1011326620, "alt_name": null, "old_name": null, "official_name": null}}, {"type": "Feature", "geometry": {"type": "LineString", "coordinates": [[471540.383, 5364404.641], [471644.211, 5364403.365]]}, "properties": {"name": "Henry Street", "highway": "residential", "osm_id": 1011326621, "alt_name": null, "old_name": null, "official_name": null}}, {"type": "Feature", "geometry": {"type": "LineString", "coordinates": [[471365.464, 5364402.166], [471370.399, 5364405.431], [471376.219, 5364406.536], [471448.16, 5364405.717]]}, "properties": {"name": "Henry Street", "highway": "residential", "osm_id": 1011326622, "alt_name": null, "old_name": null, "official_name": null}}, {"type": "Feature", "geometry": {"type": "LineString", "coordinates": [[471361.045, 5364391.439], [471361.652, 5364394.449], [471362.177, 5364397.247], [471365.464, 5364402.166]]}, "properties": {"name": "Russell Street", "highway": "residential", "osm_id": 1011326623, "alt_name": null, "old_name": null, "official_name": null}}, {"type": "Feature", "geometry": {"type": "LineString", "coordinates": [[471361.402, 5364214.732], [471361.099, 5364208.875], [471360.91, 5364205.23], [471360.512, 5364199.708], [471360.499, 5364195.628], [471361.315, 5364090.659]]}, "properties": {"name": "Russell Street", "highway": "residential", "osm_id": 1011326624, "alt_name": null, "old_name": null, "official_name": null}}, {"type": "Feature", "geometry": {"type": "LineString", "coordinates": [[471361.315, 5364090.659], [471361.546, 5364054.51], [471361.696, 5364035.901]]}, "properties": {"name": "Russell Street", "highway": "residential", "osm_id": 1011326625, "alt_name": null, "old_name": null, "official_name": null}}, {"type": "Feature", "geometry": {"type": "LineString", "coordinates": [[471451.103, 5364103.133], [471450.551, 5364144.82], [471450.047, 5364182.693], [471449.964, 5364189.752]]}, "properties": {"name": "Mary Street", "highway": "residential", "osm_id": 1011326626, "alt_name": null, "old_name": null, "official_name": null}}, {"type": "Feature", "geometry": {"type": "LineString", "coordinates": [[472688.426, 5361900.273], [472684.589, 5361882.618], [472681.159, 5361865.072]]}, "properties": {"name": "Douglas Street", "highway": "primary", "osm_id": 1011343825, "alt_name": null, "old_name": null, "official_name": null}}, {"type": "Feature", "geometry": {"type": "LineString", "coordinates": [[471422.943, 5363346.654], [471422.361, 5363347.213], [471412.683, 5363355.943], [471400.67, 5363365.096], [471391.934, 5363374.311]]}, "properties": {"name": "Huron Street", "highway": "unclassified", "osm_id": 1011345657, "alt_name": null, "old_name": null, "official_name": null}}, {"type": "Feature", "geometry": {"type": "LineString", "coordinates": [[471452.868, 5363316.969], [471433.77, 5363335.528], [471422.943, 5363346.654]]}, "properties": {"name": "Huron Street", "highway": "unclassified", "osm_id": 1011345658, "alt_name": null, "old_name": null, "official_name": null}}, {"type": "Feature", "geometry": {"type": "LineString", "coordinates": [[472892.971, 5362487.663], [472882.82, 5362460.134], [472881.268, 5362455.928], [472879.184, 5362450.258]]}, "properties": {"name": "Douglas Street", "highway": "primary", "osm_id": 1011345659, "alt_name": null, "old_name": null, "official_name": null}}, {"type": "Feature", "geometry": {"type": "LineString", "coordinates": [[472938.715, 5362814.533], [472936.3, 5362762.645], [472935.922, 5362756.345]]}, "properties": {"name": "Douglas Street", "highway": "primary", "osm_id": 1011345660, "alt_name": null, "old_name": null, "official_name": null}}, {"type": "Feature", "geometry": {"type": "LineString", "coordinates": [[473447.635, 5363318.186], [473455.945, 5363316.736], [473456.536, 5363316.633], [473474.64, 5363313.369], [473480.946, 5363312.239]]}, "properties": {"name": "Rockland Avenue", "highway": "residential", "osm_id": 1011348596, "alt_name": null, "old_name": null, "official_name": null}}, {"type": "Feature", "geometry": {"type": "LineString", "coordinates": [[472569.249, 5364170.261], [472570.277, 5364170.3], [472590.653, 5364170.902], [472603.586, 5364171.284]]}, "properties": {"name": "Herald Street", "highway": "tertiary", "osm_id": 1011351839, "alt_name": null, "old_name": null, "official_name": null}}, {"type": "Feature", "geometry": {"type": "LineString", "coordinates": [[472649.474, 5364452.088], [472651.207, 5364369.702]]}, "properties": {"name": "Store Street", "highway": "tertiary", "osm_id": 1011352625, "alt_name": null, "old_name": null, "official_name": null}}, {"type": "Feature", "geometry": {"type": "LineString", "coordinates": [[473165.133, 5364532.845], [473183.589, 5364531.49]]}, "properties": {"name": "Princess Avenue", "highway": "residential", "osm_id": 1011352626, "alt_name": null, "old_name": null, "official_name": null}}, {"type": "Feature", "geometry": {"type": "LineString", "coordinates": [[473030.304, 5364466.969], [473030.612, 5364458.564], [473030.656, 5364456.986], [473033.51, 5364374.249]]}, "properties": {"name": "Douglas Street", "highway": "primary", "osm_id": 1011352627, "alt_name": null, "old_name": null, "official_name": null}}, {"type": "Feature", "geometry": {"type": "LineString", "coordinates": [[473029.149, 5364542.772], [473041.919, 5364541.844], [473047.613, 5364541.428], [473165.133, 5364532.845]]}, "properties": {"name": "Princess Avenue", "highway": "residential", "osm_id": 1011352628, "alt_name": null, "old_name": null, "official_name": null}}, {"type": "Feature", "geometry": {"type": "LineString", "coordinates": [[472972.98, 5364546.597], [473013.827, 5364543.812], [473016.12, 5364543.657], [473029.149, 5364542.772]]}, "properties": {"name": "Princess Avenue", "highway": "unclassified", "osm_id": 1011352629, "alt_name": null, "old_name": null, "official_name": null}}, {"type": "Feature", "geometry": {"type": "LineString", "coordinates": [[472651.207, 5364369.702], [472659.041, 5364369.786], [472754.899, 5364370.869], [472814.879, 5364371.548]]}, "properties": {"name": "Discovery Street", "highway": "unclassified", "osm_id": 1011358974, "alt_name": null, "old_name": null, "official_name": null}}, {"type": "Feature", "geometry": {"type": "LineString", "coordinates": [[472838.23, 5364463.529], [472838.554, 5364451.001], [472838.583, 5364447.699], [472838.739, 5364427.723], [472838.743, 5364379.215], [472838.781, 5364371.856]]}, "properties": {"name": "Government Street", "highway": "secondary", "osm_id": 1011358975, "alt_name": null, "old_name": null, "official_name": null}}, {"type": "Feature", "geometry": {"type": "LineString", "coordinates": [[473013.148, 5365228.573], [473090.193, 5365241.112], [473096.374, 5365242.094], [473103.702, 5365243.304]]}, "properties": {"name": "Market Street", "highway": "unclassified", "osm_id": 1011358976, "alt_name": null, "old_name": null, "official_name": null}}, {"type": "Feature", "geometry": {"type": "LineString", "coordinates": [[473013.148, 5365228.573], [473014.998, 5365217.927], [473015.401, 5365215.613], [473016.97, 5365206.579], [473019.756, 5365190.593], [473025.465, 5365157.763]]}, "properties": {"name": "Nanaimo Street", "highway": "unclassified", "osm_id": 1011358977, "alt_name": null, "old_name": null, "official_name": null}}, {"type": "Feature", "geometry": {"type": "LineString", "coordinates": [[473008.151, 5365257.164], [473011.873, 5365235.882], [473012.19, 5365234.047], [473013.148, 5365228.573]]}, "properties": {"name": "Nanaimo Street", "highway": "unclassified", "osm_id": 1011358978, "alt_name": null, "old_name": null, "official_name": null}}, {"type": "Feature", "geometry": {"type": "LineString", "coordinates": [[472951.86, 5365213.782], [472949.392, 5365220.619], [472948.531, 5365223.024], [472926.444, 5365284.388], [472922.225, 5365296.179], [472920.033, 5365309.506], [472919.114, 5365315.169]]}, "properties": {"name": "Quesnel Street", "highway": "unclassified", "osm_id": 1011358979, "alt_name": null, "old_name": null, "official_name": null}}, {"type": "Feature", "geometry": {"type": "LineString", "coordinates": [[472919.114, 5365315.169], [472911.186, 5365363.382]]}, "properties": {"name": "Quesnel Street", "highway": "unclassified", "osm_id": 1011358980, "alt_name": null, "old_name": null, "official_name": null}}, {"type": "Feature", "geometry": {"type": "LineString", "coordinates": [[472926.579, 5365618.946], [472931.484, 5365605.34], [472933.582, 5365597.115], [472951.6, 5365493.987], [472955.702, 5365477.916], [472958.44, 5365468.866]]}, "properties": {"name": "Nanaimo Street", "highway": "unclassified", "osm_id": 1011358981, "alt_name": null, "old_name": null, "official_name": null}}, {"type": "Feature", "geometry": {"type": "LineString", "coordinates": [[472809.439, 5365598.666], [472831.988, 5365603.226], [472872.983, 5365611.222], [472910.608, 5365616.644], [472926.579, 5365618.946]]}, "properties": {"name": "Summit Avenue", "highway": "unclassified", "osm_id": 1011358982, "alt_name": null, "old_name": null, "official_name": null}}, {"type": "Feature", "geometry": {"type": "LineString", "coordinates": [[473464.047, 5365895.317], [473461.307, 5365910.347]]}, "properties": {"name": "Josette Place", "highway": "residential", "osm_id": 1011359588, "alt_name": null, "old_name": null, "official_name": null}}, {"type": "Feature", "geometry": {"type": "LineString", "coordinates": [[473477.135, 5365822.281], [473480.326, 5365804.192]]}, "properties": {"name": "Josette Place", "highway": "residential", "osm_id": 1011359589, "alt_name": null, "old_name": null, "official_name": null}}, {"type": "Feature", "geometry": {"type": "LineString", "coordinates": [[475561.1, 5362083.362], [475526.932, 5362074.317], [475518.825, 5362071.885]]}, "properties": {"name": "Ross Street", "highway": "residential", "osm_id": 1011485958, "alt_name": null, "old_name": null, "official_name": null}}, {"type": "Feature", "geometry": {"type": "LineString", "coordinates": [[475514.241, 5362093.358], [475472.67, 5362058.145]]}, "properties": {"name": "Crescent Road", "highway": "secondary", "osm_id": 1011485959, "alt_name": null, "old_name": null, "official_name": null}}, {"type": "Feature", "geometry": {"type": "LineString", "coordinates": [[475907.129, 5362443.171], [475945.675, 5362431.002], [475961.359, 5362419.898]]}, "properties": {"name": "Fairfield Place", "highway": "residential", "osm_id": 1011485960, "alt_name": null, "old_name": null, "official_name": null}}, {"type": "Feature", "geometry": {"type": "LineString", "coordinates": [[475900.76, 5362448.833], [475907.129, 5362443.171]]}, "properties": {"name": "Fairfield Place", "highway": "residential", "osm_id": 1011485961, "alt_name": null, "old_name": null, "official_name": null}}, {"type": "Feature", "geometry": {"type": "LineString", "coordinates": [[475961.359, 5362419.898], [475985.413, 5362394.797]]}, "properties": {"name": "Fairfield Place", "highway": "residential", "osm_id": 1011485962, "alt_name": null, "old_name": null, "official_name": null}}, {"type": "Feature", "geometry": {"type": "LineString", "coordinates": [[476347.873, 5361754.039], [476342.705, 5361751.615], [476337.519, 5361750.392], [476332.717, 5361750.468], [476327.822, 5361751.533], [476324.38, 5361753.148], [476320.136, 5361755.778], [476315.854, 5361760.198], [476301.577, 5361779.409]]}, "properties": {"name": "King George Terrace", "highway": "secondary", "osm_id": 1011491786, "alt_name": null, "old_name": null, "official_name": null}}, {"type": "Feature", "geometry": {"type": "LineString", "coordinates": [[476167.157, 5363603.171], [476277.504, 5363605.665]]}, "properties": {"name": "Granite Street", "highway": "residential", "osm_id": 1011502311, "alt_name": null, "old_name": null, "official_name": null}}, {"type": "Feature", "geometry": {"type": "LineString", "coordinates": [[475947.864, 5363025.276], [476029.845, 5362941.617], [476042.08, 5362928.694]]}, "properties": {"name": "Runnymede Avenue", "highway": "residential", "osm_id": 1011502313, "alt_name": null, "old_name": null, "official_name": null}}, {"type": "Feature", "geometry": {"type": "LineString", "coordinates": [[476042.08, 5362928.694], [476065.512, 5362903.896]]}, "properties": {"name": "Runnymede Avenue", "highway": "residential", "osm_id": 1011502314, "alt_name": null, "old_name": null, "official_name": null}}, {"type": "Feature", "geometry": {"type": "LineString", "coordinates": [[471647.613, 5364584.9], [471646.779, 5364684.189]]}, "properties": {"name": "Alston Street", "highway": "residential", "osm_id": 1011523534, "alt_name": null, "old_name": null, "official_name": null}}, {"type": "Feature", "geometry": {"type": "LineString", "coordinates": [[471356.041, 5364724.146], [471349.074, 5364722.936], [471322.897, 5364721.512], [471245.061, 5364717.305], [471242.916, 5364717.294]]}, "properties": {"name": "Langford Street", "highway": "residential", "osm_id": 1011618739, "alt_name": null, "old_name": null, "official_name": null}}, {"type": "Feature", "geometry": {"type": "LineString", "coordinates": [[472145.265, 5364787.726], [472135.363, 5364863.439], [472135.602, 5364866.851], [472136.313, 5364870.093]]}, "properties": {"name": "Pleasant Street", "highway": "unclassified", "osm_id": 1011925528, "alt_name": null, "old_name": null, "official_name": null}}, {"type": "Feature", "geometry": {"type": "LineString", "coordinates": [[472247.782, 5364902.315], [472237.466, 5364899.664], [472140.76, 5364874.84], [472137.717, 5364872.72], [472136.313, 5364870.093]]}, "properties": {"name": "Hillside Avenue", "highway": "unclassified", "osm_id": 1011925529, "alt_name": null, "old_name": null, "official_name": null}}, {"type": "Feature", "geometry": {"type": "LineString", "coordinates": [[472226.191, 5364985.177], [472225.984, 5364982.087], [472247.782, 5364902.315]]}, "properties": {"name": "Turner Street", "highway": "unclassified", "osm_id": 1011925530, "alt_name": null, "old_name": null, "official_name": null}}, {"type": "Feature", "geometry": {"type": "LineString", "coordinates": [[472146.335, 5364779.829], [472156.853, 5364782.634], [472169.895, 5364786.104], [472189.841, 5364791.431], [472224.673, 5364800.708], [472262.697, 5364810.848], [472272.718, 5364813.523]]}, "properties": {"name": "John Street", "highway": "unclassified", "osm_id": 1011925531, "alt_name": null, "old_name": null, "official_name": null}}, {"type": "Feature", "geometry": {"type": "LineString", "coordinates": [[472272.718, 5364813.523], [472274.69, 5364806.955], [472282.273, 5364781.63], [472292.08, 5364748.023], [472295.403, 5364736.369], [472296.438, 5364733.107], [472298.605, 5364725.682]]}, "properties": {"name": "Turner Street", "highway": "unclassified", "osm_id": 1011925532, "alt_name": null, "old_name": null, "official_name": null}}, {"type": "Feature", "geometry": {"type": "LineString", "coordinates": [[472226.191, 5364985.177], [472228.458, 5364987.466], [472230.801, 5364988.5], [472354.363, 5365022.843], [472357.335, 5365024.118], [472364.317, 5365027.107]]}, "properties": {"name": "David Street", "highway": "unclassified", "osm_id": 1011926691, "alt_name": null, "old_name": null, "official_name": null}}, {"type": "Feature", "geometry": {"type": "LineString", "coordinates": [[472364.317, 5365027.107], [472365.981, 5365021.008], [472386.436, 5364945.955], [472387.75, 5364940.847]]}, "properties": {"name": "Bridge Street", "highway": "tertiary", "osm_id": 1011926692, "alt_name": null, "old_name": null, "official_name": null}}, {"type": "Feature", "geometry": {"type": "LineString", "coordinates": [[476095.692, 5362537.055], [476110.119, 5362531.314], [476154.987, 5362505.815], [476182.096, 5362487.538]]}, "properties": {"name": "Beach Drive", "highway": "tertiary", "osm_id": 1012829723, "alt_name": null, "old_name": null, "official_name": null}}, {"type": "Feature", "geometry": {"type": "LineString", "coordinates": [[473062.04, 5362179.655], [473071.866, 5362173.117], [473105.859, 5362150.591], [473125.989, 5362136.856], [473137.573, 5362128.109]]}, "properties": {"name": "Circle Drive", "highway": "unclassified", "osm_id": 1012904536, "alt_name": null, "old_name": null, "official_name": null}}, {"type": "Feature", "geometry": {"type": "LineString", "coordinates": [[473521.406, 5363870.621], [473461.737, 5363875.736]]}, "properties": {"name": "Pandora Avenue", "highway": "secondary", "osm_id": 1012904540, "alt_name": null, "old_name": null, "official_name": null}}, {"type": "Feature", "geometry": {"type": "LineString", "coordinates": [[473461.737, 5363875.736], [473453.595, 5363876.43], [473443.205, 5363877.323]]}, "properties": {"name": "Pandora Avenue", "highway": "secondary", "osm_id": 1012904541, "alt_name": null, "old_name": null, "official_name": null}}, {"type": "Feature", "geometry": {"type": "LineString", "coordinates": [[472433.955, 5365533.298], [472439.411, 5365534.261], [472444.074, 5365535.083], [472475.992, 5365540.719], [472581.404, 5365560.938], [472582.892, 5365561.22], [472587.293, 5365567.401]]}, "properties": {"name": "Manchester Road", "highway": "residential", "osm_id": 1013116141, "alt_name": null, "old_name": null, "official_name": null}}, {"type": "Feature", "geometry": {"type": "LineString", "coordinates": [[472423.986, 5365569.706], [472429.048, 5365558.299], [472432.454, 5365540.942], [472433.955, 5365533.298]]}, "properties": {"name": "Sumas Street", "highway": "residential", "osm_id": 1013116142, "alt_name": null, "old_name": null, "official_name": null}}, {"type": "Feature", "geometry": {"type": "LineString", "coordinates": [[472098.797, 5366030.221], [472064.637, 5366019.252], [472039.193, 5366015.32]]}, "properties": {"name": "Alpha Terrace", "highway": "residential", "osm_id": 1013120857, "alt_name": null, "old_name": null, "official_name": null}}, {"type": "Feature", "geometry": {"type": "LineString", "coordinates": [[471352.179, 5365917.157], [471360.621, 5365925.229], [471407.725, 5365893.711], [471415.11, 5365888.772]]}, "properties": {"name": "Chown Place", "highway": "residential", "osm_id": 1013898545, "alt_name": null, "old_name": null, "official_name": null}}, {"type": "Feature", "geometry": {"type": "LineString", "coordinates": [[471430.539, 5365859.949], [471462.136, 5365838.759]]}, "properties": {"name": "Chown Place", "highway": "residential", "osm_id": 1013898546, "alt_name": null, "old_name": null, "official_name": null}}, {"type": "Feature", "geometry": {"type": "LineString", "coordinates": [[471352.179, 5365917.157], [471332.438, 5365887.167]]}, "properties": {"name": "Chown Place", "highway": "residential", "osm_id": 1013898547, "alt_name": null, "old_name": null, "official_name": null}}, {"type": "Feature", "geometry": {"type": "LineString", "coordinates": [[471338.983, 5365926.772], [471352.179, 5365917.157]]}, "properties": {"name": "Chown Place", "highway": "residential", "osm_id": 1013898548, "alt_name": null, "old_name": null, "official_name": null}}, {"type": "Feature", "geometry": {"type": "LineString", "coordinates": [[475318.39, 5363189.625], [475329.85, 5363193.021], [475339.138, 5363200.328]]}, "properties": {"name": "Algoa Place", "highway": "residential", "osm_id": 1013904125, "alt_name": null, "old_name": null, "official_name": null}}, {"type": "Feature", "geometry": {"type": "LineString", "coordinates": [[471019.161, 5364633.066], [471017.158, 5364634.788], [471015.913, 5364637.351], [471017.317, 5364716.409]]}, "properties": {"name": "McCaskill Street", "highway": "residential", "osm_id": 1013913298, "alt_name": null, "old_name": null, "official_name": null}}, {"type": "Feature", "geometry": {"type": "LineString", "coordinates": [[470960.44, 5364809.717], [471001.748, 5364820.854]]}, "properties": {"name": "Walker Street", "highway": "residential", "osm_id": 1013913299, "alt_name": null, "old_name": null, "official_name": null}}, {"type": "Feature", "geometry": {"type": "LineString", "coordinates": [[471119.802, 5364204.731], [471119.553, 5364225.674]]}, "properties": {"name": "Maitland Street", "highway": "residential", "osm_id": 1013913300, "alt_name": null, "old_name": null, "official_name": null}}, {"type": "Feature", "geometry": {"type": "LineString", "coordinates": [[471120.214, 5364163.668], [471119.802, 5364204.731]]}, "properties": {"name": "Maitland Street", "highway": "residential", "osm_id": 1013913301, "alt_name": null, "old_name": null, "official_name": null}}, {"type": "Feature", "geometry": {"type": "LineString", "coordinates": [[473268.092, 5365526.298], [473266.893, 5365532.517], [473266.049, 5365536.901], [473262.014, 5365557.895], [473261.082, 5365562.712]]}, "properties": {"name": "Glasgow Street", "highway": "residential", "osm_id": 1013914148, "alt_name": null, "old_name": null, "official_name": null}}, {"type": "Feature", "geometry": {"type": "LineString", "coordinates": [[470447.973, 5363837.977], [470451.723, 5363836.39], [470454.881, 5363833.461], [470455.109, 5363833.193], [470500.931, 5363784.713]]}, "properties": {"name": "Head Street", "highway": "residential", "osm_id": 1014444471, "alt_name": null, "old_name": null, "official_name": null}}, {"type": "Feature", "geometry": {"type": "LineString", "coordinates": [[470500.931, 5363784.713], [470527.022, 5363757.366]]}, "properties": {"name": "Head Street", "highway": "residential", "osm_id": 1014444472, "alt_name": null, "old_name": null, "official_name": null}}, {"type": "Feature", "geometry": {"type": "LineString", "coordinates": [[470790.506, 5364308.617], [470715.967, 5364292.251], [470618.396, 5364270.825], [470593.001, 5364256.751], [470475.383, 5364191.591], [470435.143, 5364169.291], [470418.686, 5364159.885], [470410.296, 5364154.026]]}, "properties": {"name": "Wollaston Street", "highway": "residential", "osm_id": 1014485771, "alt_name": null, "old_name": null, "official_name": null}}, {"type": "Feature", "geometry": {"type": "LineString", "coordinates": [[470410.296, 5364154.026], [470450.209, 5364080.865], [470454.234, 5364073.975]]}, "properties": {"name": "Head Street", "highway": "residential", "osm_id": 1014485772, "alt_name": null, "old_name": null, "official_name": null}}, {"type": "Feature", "geometry": {"type": "LineString", "coordinates": [[470489.534, 5364985.111], [470243.289, 5364980.653], [470241.018, 5364980.62], [470234.162, 5364980.578]]}, "properties": {"name": "Ellery Street", "highway": "residential", "osm_id": 1014486940, "alt_name": null, "old_name": null, "official_name": null}}, {"type": "Feature", "geometry": {"type": "LineString", "coordinates": [[470885.072, 5364991.879], [470875.708, 5364991.749], [470766.172, 5364990.024]]}, "properties": {"name": "Ellery Street", "highway": "residential", "osm_id": 1014486941, "alt_name": null, "old_name": null, "official_name": null}}, {"type": "Feature", "geometry": {"type": "LineString", "coordinates": [[470917.058, 5365162.474], [470907.826, 5365162.31], [470784.409, 5365160.189]]}, "properties": {"name": "Colville Road", "highway": "residential", "osm_id": 1014487992, "alt_name": null, "old_name": null, "official_name": null}}, {"type": "Feature", "geometry": {"type": "LineString", "coordinates": [[474498.124, 5362673.892], [474520.273, 5362669.546], [474540.161, 5362665.844], [474547.843, 5362664.52]]}, "properties": {"name": "Richardson Street", "highway": "residential", "osm_id": 1015270657, "alt_name": null, "old_name": null, "official_name": null}}, {"type": "Feature", "geometry": {"type": "LineString", "coordinates": [[473208.24, 5361767.095], [473215.545, 5361765.549], [473225.242, 5361762.869], [473234.176, 5361760.07], [473258.275, 5361751.242], [473313.964, 5361729.015]]}, "properties": {"name": "Dallas Road", "highway": "secondary", "osm_id": 1017019136, "alt_name": null, "old_name": null, "official_name": null}}, {"type": "Feature", "geometry": {"type": "LineString", "coordinates": [[473313.964, 5361729.015], [473403.279, 5361693.514], [473422.224, 5361687.023], [473442.686, 5361683.737], [473458.88, 5361683.817], [473475.683, 5361686.261], [473500.769, 5361693.625], [473515.465, 5361697.947], [473527.337, 5361699.837]]}, "properties": {"name": "Dallas Road", "highway": "secondary", "osm_id": 1017019137, "alt_name": null, "old_name": null, "official_name": null}}, {"type": "Feature", "geometry": {"type": "LineString", "coordinates": [[474132.085, 5361477.557], [474157.589, 5361521.503], [474165.897, 5361535.304], [474176.813, 5361548.437], [474191.093, 5361562.044], [474199.858, 5361569.074], [474224.154, 5361588.582], [474226.998, 5361590.637], [474243.14, 5361603.802], [474298.818, 5361648.256], [474408.129, 5361735.519], [474411.976, 5361738.592], [474416.017, 5361741.764], [474459.516, 5361776.004], [474471.465, 5361785.165], [474482.018, 5361793.254], [474499.586, 5361803.068], [474507.971, 5361807.943]]}, "properties": {"name": "Dallas Road", "highway": "secondary", "osm_id": 1017019139, "alt_name": null, "old_name": null, "official_name": null}}, {"type": "Feature", "geometry": {"type": "LineString", "coordinates": [[475056.872, 5361949.982], [475081.671, 5361938.124], [475089.66, 5361935.71]]}, "properties": {"name": "Dallas Road", "highway": "secondary", "osm_id": 1017019140, "alt_name": null, "old_name": null, "official_name": null}}, {"type": "Feature", "geometry": {"type": "LineString", "coordinates": [[475410.844, 5362974.781], [475503.371, 5362930.741], [475606.288, 5362881.655]]}, "properties": {"name": "Gonzales Avenue", "highway": "residential", "osm_id": 1018398774, "alt_name": null, "old_name": null, "official_name": null}}, {"type": "Feature", "geometry": {"type": "LineString", "coordinates": [[475540.365, 5363278.377], [475474.272, 5363160.104], [475445.936, 5363110.94], [475440.793, 5363100.513], [475438.99, 5363096.064], [475437.091, 5363091.381], [475412.67, 5362991.291], [475410.844, 5362974.781]]}, "properties": {"name": "Richmond Avenue", "highway": "secondary", "osm_id": 1018398775, "alt_name": null, "old_name": null, "official_name": null}}, {"type": "Feature", "geometry": {"type": "LineString", "coordinates": [[475769.826, 5363268.176], [475771.479, 5363211.735]]}, "properties": {"name": "Wilmer Street", "highway": "residential", "osm_id": 1018399491, "alt_name": null, "old_name": null, "official_name": null}}, {"type": "Feature", "geometry": {"type": "LineString", "coordinates": [[474519.525, 5362820.788], [474521.192, 5362816.335], [474521.959, 5362812.43], [474521.206, 5362809.521], [474519.044, 5362805.885], [474511.821, 5362799.07], [474503.337, 5362791.405], [474499.692, 5362787.131]]}, "properties": {"name": "Lotbiniere Avenue", "highway": "service", "osm_id": 1019627863, "alt_name": null, "old_name": null, "official_name": null}}, {"type": "Feature", "geometry": {"type": "LineString", "coordinates": [[475630.797, 5362928.824], [475635.898, 5362933.037], [475641.277, 5362936.36], [475645.278, 5362939.411], [475649.317, 5362942.617], [475654.877, 5362946.839], [475659.713, 5362953.077]]}, "properties": {"name": "Richardson Street", "highway": "unclassified", "osm_id": 1019627865, "alt_name": null, "old_name": null, "official_name": null}}, {"type": "Feature", "geometry": {"type": "LineString", "coordinates": [[475606.288, 5362881.655], [475611.202, 5362890.627], [475628.516, 5362924.933], [475630.797, 5362928.824]]}, "properties": {"name": "Richardson Street", "highway": "unclassified", "osm_id": 1019627866, "alt_name": null, "old_name": null, "official_name": null}}, {"type": "Feature", "geometry": {"type": "LineString", "coordinates": [[476050.405, 5363069.004], [476061.71, 5363068.767], [476072.613, 5363068.143]]}, "properties": {"name": "Richardson Street", "highway": "unclassified", "osm_id": 1019627867, "alt_name": null, "old_name": null, "official_name": null}}, {"type": "Feature", "geometry": {"type": "LineString", "coordinates": [[473730.626, 5364703.431], [473731.772, 5364714.475], [473732.896, 5364725.508]]}, "properties": {"name": "Vancouver Street", "highway": "residential", "osm_id": 1019629885, "alt_name": null, "old_name": null, "official_name": null}}, {"type": "Feature", "geometry": {"type": "LineString", "coordinates": [[473667.164, 5364045.091], [473667.358, 5364047.024], [473671.073, 5364084.022], [473674.419, 5364117.831], [473675.125, 5364124.953]]}, "properties": {"name": "Vancouver Street", "highway": "residential", "osm_id": 1019629886, "alt_name": null, "old_name": null, "official_name": null}}, {"type": "Feature", "geometry": {"type": "LineString", "coordinates": [[474162.611, 5364686.983], [474227.119, 5364677.218], [474281.046, 5364671.704], [474286.739, 5364671.123]]}, "properties": {"name": "Bay Street", "highway": "secondary", "osm_id": 1024034877, "alt_name": null, "old_name": null, "official_name": null}}, {"type": "Feature", "geometry": {"type": "LineString", "coordinates": [[474482.797, 5364652.651], [474483.008, 5364661.843], [474485.866, 5364828.176], [474485.966, 5364835.678], [474485.855, 5364842.237], [474485.824, 5364843.504]]}, "properties": {"name": "Fernwood Road", "highway": "tertiary", "osm_id": 1024034878, "alt_name": null, "old_name": null, "official_name": null}}, {"type": "Feature", "geometry": {"type": "LineString", "coordinates": [[475319.329, 5364587.086], [475327.49, 5364585.995], [475489.854, 5364564.281], [475640.366, 5364552.005], [475652.929, 5364550.984]]}, "properties": {"name": "Bay Street", "highway": "secondary", "osm_id": 1024034879, "alt_name": null, "old_name": null, "official_name": null}}, {"type": "Feature", "geometry": {"type": "LineString", "coordinates": [[471103.543, 5364259.992], [471075.231, 5364265.461]]}, "properties": {"name": "Esquimalt Road", "highway": "secondary", "osm_id": 1028524511, "alt_name": null, "old_name": null, "official_name": null}}, {"type": "Feature", "geometry": {"type": "LineString", "coordinates": [[471330.432, 5364218.323], [471310.408, 5364221.348]]}, "properties": {"name": "Esquimalt Road", "highway": "secondary", "osm_id": 1028524512, "alt_name": null, "old_name": null, "official_name": null}}, {"type": "Feature", "geometry": {"type": "LineString", "coordinates": [[471283.381, 5364224.975], [471256.697, 5364229.012]]}, "properties": {"name": "Esquimalt Road", "highway": "secondary", "osm_id": 1028524513, "alt_name": null, "old_name": null, "official_name": null}}, {"type": "Feature", "geometry": {"type": "LineString", "coordinates": [[471361.402, 5364214.732], [471330.432, 5364218.323]]}, "properties": {"name": "Esquimalt Road", "highway": "secondary", "osm_id": 1028524515, "alt_name": null, "old_name": null, "official_name": null}}, {"type": "Feature", "geometry": {"type": "LineString", "coordinates": [[476202.762, 5365947.458], [476203.561, 5365935.317]]}, "properties": {"name": "Foul Bay Road", "highway": "secondary", "osm_id": 1030947359, "alt_name": null, "old_name": null, "official_name": null}}, {"type": "Feature", "geometry": {"type": "LineString", "coordinates": [[472692.392, 5362569.881], [472708.829, 5362727.188], [472709.376, 5362733.188]]}, "properties": {"name": "Government Street", "highway": "tertiary", "osm_id": 1034954538, "alt_name": null, "old_name": null, "official_name": null}}, {"type": "Feature", "geometry": {"type": "LineString", "coordinates": [[472709.376, 5362733.188], [472709.577, 5362742.769], [472710.564, 5362789.36], [472712.164, 5362848.166], [472712.07, 5362851.612], [472711.944, 5362856.359]]}, "properties": {"name": "Government Street", "highway": "tertiary", "osm_id": 1034954539, "alt_name": null, "old_name": null, "official_name": null}}, {"type": "Feature", "geometry": {"type": "LineString", "coordinates": [[472847.033, 5364000.654], [472847.051, 5363993.551]]}, "properties": {"name": "Government Street", "highway": "secondary", "osm_id": 1034954540, "alt_name": null, "old_name": null, "official_name": null}}, {"type": "Feature", "geometry": {"type": "LineString", "coordinates": [[472961.356, 5363054.678], [472948.093, 5363058.476]]}, "properties": {"name": "Belleville Street", "highway": "primary", "osm_id": 1038393165, "alt_name": null, "old_name": null, "official_name": null}}, {"type": "Feature", "geometry": {"type": "LineString", "coordinates": [[475091.974, 5365484.323], [475159.977, 5365482.413], [475167.83, 5365483.779]]}, "properties": {"name": "Pearl Street", "highway": "residential", "osm_id": 1067019855, "alt_name": null, "old_name": null, "official_name": null}}, {"type": "Feature", "geometry": {"type": "LineString", "coordinates": [[475171.101, 5365669.963], [475171.042, 5365666.606], [475167.83, 5365483.779]]}, "properties": {"name": "Shakespeare Street", "highway": "residential", "osm_id": 1067019856, "alt_name": null, "old_name": null, "official_name": null}}, {"type": "Feature", "geometry": {"type": "LineString", "coordinates": [[475167.83, 5365483.779], [475173.619, 5365485.076], [475238.223, 5365484.015]]}, "properties": {"name": "Pearl Street", "highway": "residential", "osm_id": 1067019857, "alt_name": null, "old_name": null, "official_name": null}}, {"type": "Feature", "geometry": {"type": "LineString", "coordinates": [[475326.709, 5364819.237], [475320.04, 5364819.922], [475268.331, 5364825.216], [475261.758, 5364825.645], [475222.205, 5364826.585], [475140.369, 5364828.411]]}, "properties": {"name": "Haultain Street", "highway": "residential", "osm_id": 1067019858, "alt_name": null, "old_name": null, "official_name": null}}, {"type": "Feature", "geometry": {"type": "LineString", "coordinates": [[475138.428, 5364977.613], [475135.231, 5364834.013]]}, "properties": {"name": "Shakespeare Street", "highway": "residential", "osm_id": 1067019859, "alt_name": null, "old_name": null, "official_name": null}}, {"type": "Feature", "geometry": {"type": "LineString", "coordinates": [[474620.665, 5364299.077], [474545.822, 5364301.225], [474476.811, 5364304.114], [474470.805, 5364304.364]]}, "properties": {"name": "Pembroke Street", "highway": "residential", "osm_id": 1067019860, "alt_name": null, "old_name": null, "official_name": null}}, {"type": "Feature", "geometry": {"type": "LineString", "coordinates": [[474692.56, 5364295.932], [474646.95, 5364297.926], [474620.665, 5364299.077]]}, "properties": {"name": "Pembroke Street", "highway": "residential", "osm_id": 1067019861, "alt_name": null, "old_name": null, "official_name": null}}, {"type": "Feature", "geometry": {"type": "LineString", "coordinates": [[474678.604, 5364839.249], [474585.971, 5364841.264], [474507.406, 5364843.351], [474498.479, 5364843.447], [474494.678, 5364843.498], [474485.824, 5364843.504]]}, "properties": {"name": "Haultain Street", "highway": "residential", "osm_id": 1067019862, "alt_name": null, "old_name": null, "official_name": null}}, {"type": "Feature", "geometry": {"type": "LineString", "coordinates": [[474684.299, 5364834.121], [474681.775, 5364747.842], [474679.518, 5364646.466], [474679.321, 5364638.831]]}, "properties": {"name": "Avebury Avenue", "highway": "residential", "osm_id": 1067019863, "alt_name": null, "old_name": null, "official_name": null}}, {"type": "Feature", "geometry": {"type": "LineString", "coordinates": [[474482.797, 5364652.651], [474579.305, 5364646.382], [474625.229, 5364640.862], [474633.376, 5364639.759]]}, "properties": {"name": "Bay Street", "highway": "secondary", "osm_id": 1067019864, "alt_name": null, "old_name": null, "official_name": null}}, {"type": "Feature", "geometry": {"type": "LineString", "coordinates": [[474633.376, 5364639.759], [474637.79, 5364639.372], [474671.883, 5364636.43], [474679.24, 5364635.785]]}, "properties": {"name": "Bay Street", "highway": "secondary", "osm_id": 1067019865, "alt_name": null, "old_name": null, "official_name": null}}, {"type": "Feature", "geometry": {"type": "LineString", "coordinates": [[475160.313, 5365263.978], [475224.718, 5365262.484]]}, "properties": {"name": "Ryan Street", "highway": "residential", "osm_id": 1067019866, "alt_name": null, "old_name": null, "official_name": null}}, {"type": "Feature", "geometry": {"type": "LineString", "coordinates": [[475153.406, 5365264.242], [475160.313, 5365263.978]]}, "properties": {"name": "Ryan Street", "highway": "residential", "osm_id": 1067019867, "alt_name": null, "old_name": null, "official_name": null}}, {"type": "Feature", "geometry": {"type": "LineString", "coordinates": [[474343.123, 5364847.117], [474346.04, 5364855.885], [474415.746, 5365065.522]]}, "properties": {"name": "Cedar Hill Road", "highway": "residential", "osm_id": 1067230835, "alt_name": null, "old_name": null, "official_name": null}}, {"type": "Feature", "geometry": {"type": "LineString", "coordinates": [[474286.739, 5364671.123], [474292.654, 5364670.562], [474372.291, 5364662.988], [474384.225, 5364662.055], [474390.199, 5364661.506], [474431.19, 5364657.786], [474450.281, 5364656.055], [474482.797, 5364652.651]]}, "properties": {"name": "Bay Street", "highway": "secondary", "osm_id": 1067230836, "alt_name": null, "old_name": null, "official_name": null}}, {"type": "Feature", "geometry": {"type": "LineString", "coordinates": [[474286.739, 5364671.123], [474290.033, 5364681.401], [474343.123, 5364847.117]]}, "properties": {"name": "Cedar Hill Road", "highway": "residential", "osm_id": 1067243386, "alt_name": null, "old_name": null, "official_name": null}}, {"type": "Feature", "geometry": {"type": "LineString", "coordinates": [[474485.824, 5364843.504], [474476.749, 5364843.678], [474473.272, 5364843.627], [474466.772, 5364843.835], [474425.69, 5364845.154], [474388.711, 5364846.032], [474343.123, 5364847.117]]}, "properties": {"name": "Haultain Street", "highway": "residential", "osm_id": 1067243387, "alt_name": null, "old_name": null, "official_name": null}}, {"type": "Feature", "geometry": {"type": "LineString", "coordinates": [[474266.242, 5364578.234], [474242.573, 5364581.709], [474161.755, 5364588.413], [474154.701, 5364589.001]]}, "properties": {"name": "Walnut Street", "highway": "residential", "osm_id": 1067243388, "alt_name": null, "old_name": null, "official_name": null}}, {"type": "Feature", "geometry": {"type": "LineString", "coordinates": [[474151.712, 5364558.08], [474154.701, 5364589.001]]}, "properties": {"name": "Chambers Street", "highway": "residential", "osm_id": 1067243389, "alt_name": null, "old_name": null, "official_name": null}}, {"type": "Feature", "geometry": {"type": "LineString", "coordinates": [[474140.168, 5364440.296], [474140.62, 5364445.374], [474141.254, 5364449.761], [474146.32, 5364517.622], [474148.73, 5364525.503], [474152.728, 5364529.497]]}, "properties": {"name": "Chambers Street", "highway": "residential", "osm_id": 1067243390, "alt_name": null, "old_name": null, "official_name": null}}, {"type": "Feature", "geometry": {"type": "LineString", "coordinates": [[474689.041, 5364198.609], [474692.56, 5364295.932]]}, "properties": {"name": "Stanley Avenue", "highway": "residential", "osm_id": 1067243394, "alt_name": null, "old_name": null, "official_name": null}}, {"type": "Feature", "geometry": {"type": "LineString", "coordinates": [[474509.603, 5364202.192], [474551.91, 5364200.835], [474685.321, 5364195.524]]}, "properties": {"name": "Gladstone Avenue", "highway": "residential", "osm_id": 1067243395, "alt_name": null, "old_name": null, "official_name": null}}, {"type": "Feature", "geometry": {"type": "LineString", "coordinates": [[474467.192, 5364203.55], [474472.569, 5364203.381], [474507.103, 5364202.27], [474509.603, 5364202.192]]}, "properties": {"name": "Gladstone Avenue", "highway": "residential", "osm_id": 1067243398, "alt_name": null, "old_name": null, "official_name": null}}, {"type": "Feature", "geometry": {"type": "LineString", "coordinates": [[473736.96, 5363004.345], [473735.604, 5362995.881], [473721.937, 5362912.722], [473707.968, 5362831.431], [473706.371, 5362822.057]]}, "properties": {"name": "Cook Street", "highway": "secondary", "osm_id": 1067247303, "alt_name": null, "old_name": null, "official_name": null}}, {"type": "Feature", "geometry": {"type": "LineString", "coordinates": [[472843.206, 5364183.914], [472835.793, 5364183.771], [472831.31, 5364183.693], [472811.668, 5364183.365], [472766.599, 5364182.57], [472756.893, 5364182.405], [472747.401, 5364182.239], [472745.115, 5364182.195], [472728.455, 5364181.897], [472704.603, 5364181.478], [472662.471, 5364180.748], [472655.273, 5364180.627]]}, "properties": {"name": "Herald Street", "highway": "tertiary", "osm_id": 1067250904, "alt_name": null, "old_name": null, "official_name": null}}, {"type": "Feature", "geometry": {"type": "LineString", "coordinates": [[472843.206, 5364183.914], [472843.28, 5364176.099], [472843.305, 5364173.609], [472844.424, 5364120.093], [472844.845, 5364099.894], [472845.046, 5364090.778]]}, "properties": {"name": "Government Street", "highway": "secondary", "osm_id": 1067250905, "alt_name": null, "old_name": null, "official_name": null}}, {"type": "Feature", "geometry": {"type": "LineString", "coordinates": [[472814.879, 5364371.548], [472824.171, 5364371.659], [472826.79, 5364371.691], [472831.68, 5364371.757], [472838.781, 5364371.856]]}, "properties": {"name": "Discovery Street", "highway": "unclassified", "osm_id": 1067250906, "alt_name": null, "old_name": null, "official_name": null}}, {"type": "Feature", "geometry": {"type": "LineString", "coordinates": [[473693.664, 5364308.342], [473687.415, 5364243.511]]}, "properties": {"name": "Vancouver Street", "highway": "residential", "osm_id": 1067281691, "alt_name": null, "old_name": null, "official_name": null}}, {"type": "Feature", "geometry": {"type": "LineString", "coordinates": [[472750.937, 5363374.715], [472751.291, 5363383.595], [472755.387, 5363410.675], [472758.68, 5363432.413], [472758.932, 5363434.012], [472760.076, 5363441.276]]}, "properties": {"name": "Government Street", "highway": "pedestrian", "osm_id": 1067290331, "alt_name": null, "old_name": null, "official_name": null}}, {"type": "Feature", "geometry": {"type": "LineString", "coordinates": [[472760.076, 5363441.276], [472761.339, 5363448.54], [472771.316, 5363506.149], [472771.795, 5363509.014], [472773.075, 5363516.7]]}, "properties": {"name": "Government Street", "highway": "living_street", "osm_id": 1067290332, "alt_name": null, "old_name": null, "official_name": null}}, {"type": "Feature", "geometry": {"type": "LineString", "coordinates": [[472773.075, 5363516.7], [472764.448, 5363517.976], [472760.588, 5363518.55], [472713.224, 5363526.114], [472669.409, 5363533.528], [472660.688, 5363533.77], [472657.868, 5363533.606], [472652.005, 5363532.867]]}, "properties": {"name": "Broughton Street", "highway": "tertiary", "osm_id": 1067290333, "alt_name": null, "old_name": null, "official_name": null}}, {"type": "Feature", "geometry": {"type": "LineString", "coordinates": [[472277.682, 5364020.207], [472277.141, 5364022.944], [472275.784, 5364029.854]]}, "properties": {"name": "Harbour Road", "highway": "residential", "osm_id": 1074101112, "alt_name": null, "old_name": null, "official_name": null}}, {"type": "Feature", "geometry": {"type": "LineString", "coordinates": [[472209.251, 5365286.172], [472198.806, 5365282.778], [472195.324, 5365281.65], [472185.231, 5365276.108], [472177.283, 5365269.022], [472171.098, 5365261.183], [472141.045, 5365218.579]]}, "properties": {"name": "Jutland Road", "highway": "unclassified", "osm_id": 1085758727, "alt_name": null, "old_name": null, "official_name": null}}, {"type": "Feature", "geometry": {"type": "LineString", "coordinates": [[475551.255, 5363007.209], [475508.521, 5362939.467], [475503.371, 5362930.741]]}, "properties": {"name": "Laurentian Place", "highway": "residential", "osm_id": 1087077289, "alt_name": null, "old_name": null, "official_name": null}}, {"type": "Feature", "geometry": {"type": "LineString", "coordinates": [[473751.796, 5365707.188], [473767.649, 5365711.327], [473788.729, 5365716.832]]}, "properties": {"name": "Arthur Avenue", "highway": "residential", "osm_id": 1095211536, "alt_name": null, "old_name": null, "official_name": null}}, {"type": "Feature", "geometry": {"type": "LineString", "coordinates": [[475977.464, 5365201.818], [475981.671, 5365290.447]]}, "properties": {"name": "Dean Avenue", "highway": "residential", "osm_id": 1108808179, "alt_name": null, "old_name": null, "official_name": null}}, {"type": "Feature", "geometry": {"type": "LineString", "coordinates": [[475163.787, 5365400.196], [475057.526, 5365402.464]]}, "properties": {"name": "Morley Street", "highway": "residential", "osm_id": 1108942637, "alt_name": null, "old_name": null, "official_name": null}}, {"type": "Feature", "geometry": {"type": "LineString", "coordinates": [[475024.62, 5362616.425], [475025.152, 5362607.753], [475030.569, 5362518.949], [475035.183, 5362452.624], [475036.586, 5362426.652], [475043.481, 5362330.549], [475046.747, 5362282.46]]}, "properties": {"name": "Saint Charles Street", "highway": "residential", "osm_id": 1126383207, "alt_name": null, "old_name": null, "official_name": null}}, {"type": "Feature", "geometry": {"type": "LineString", "coordinates": [[474924.182, 5362610.277], [475013.925, 5362615.772], [475024.62, 5362616.425]]}, "properties": {"name": "Richardson Street", "highway": "unclassified", "osm_id": 1126383208, "alt_name": null, "old_name": null, "official_name": null}}, {"type": "Feature", "geometry": {"type": "LineString", "coordinates": [[475961.156, 5363967.766], [476037.364, 5363967.132], [476043.199, 5363965.051]]}, "properties": {"name": "Leighton Road", "highway": "residential", "osm_id": 1154594652, "alt_name": null, "old_name": null, "official_name": null}}, {"type": "Feature", "geometry": {"type": "LineString", "coordinates": [[475753.964, 5363966.903], [475758.559, 5363966.984], [475771.261, 5363967.185]]}, "properties": {"name": "Leighton Road", "highway": "residential", "osm_id": 1154594653, "alt_name": null, "old_name": null, "official_name": null}}, {"type": "Feature", "geometry": {"type": "LineString", "coordinates": [[475736.936, 5363967.143], [475753.964, 5363966.903]]}, "properties": {"name": "Leighton Road", "highway": "residential", "osm_id": 1154594654, "alt_name": null, "old_name": null, "official_name": null}}, {"type": "Feature", "geometry": {"type": "LineString", "coordinates": [[475670.871, 5363968.093], [475670.066, 5363975.233], [475670.822, 5364058.208], [475671.625, 5364147.185], [475670.289, 5364158.15]]}, "properties": {"name": "Bank Street", "highway": "residential", "osm_id": 1154594655, "alt_name": null, "old_name": null, "official_name": null}}, {"type": "Feature", "geometry": {"type": "LineString", "coordinates": [[475670.871, 5363968.093], [475681.301, 5363967.893], [475682.499, 5363967.899], [475736.936, 5363967.143]]}, "properties": {"name": "Leighton Road", "highway": "residential", "osm_id": 1154594656, "alt_name": null, "old_name": null, "official_name": null}}, {"type": "Feature", "geometry": {"type": "LineString", "coordinates": [[476049.906, 5363969.668], [476047.473, 5363975.025], [476054.333, 5364164.695]]}, "properties": {"name": "Amphion Street", "highway": "residential", "osm_id": 1154595466, "alt_name": null, "old_name": null, "official_name": null}}, {"type": "Feature", "geometry": {"type": "LineString", "coordinates": [[476049.906, 5363969.668], [476056.042, 5363966.752], [476127.788, 5363965.761], [476133.646, 5363965.68]]}, "properties": {"name": "Leighton Road", "highway": "residential", "osm_id": 1154595467, "alt_name": null, "old_name": null, "official_name": null}}, {"type": "Feature", "geometry": {"type": "LineString", "coordinates": [[475829.208, 5363967.338], [475871.461, 5363966.702], [475892.618, 5363966.501]]}, "properties": {"name": "Leighton Road", "highway": "residential", "osm_id": 1154595652, "alt_name": null, "old_name": null, "official_name": null}}, {"type": "Feature", "geometry": {"type": "LineString", "coordinates": [[475810.063, 5363967.419], [475829.208, 5363967.338]]}, "properties": {"name": "Leighton Road", "highway": "residential", "osm_id": 1154595653, "alt_name": null, "old_name": null, "official_name": null}}, {"type": "Feature", "geometry": {"type": "LineString", "coordinates": [[471542.484, 5364191.199], [471542.237, 5364199.381], [471542.057, 5364203.372], [471541.818, 5364208.642]]}, "properties": {"name": "Catherine Street", "highway": "residential", "osm_id": 1156196837, "alt_name": null, "old_name": null, "official_name": null}}, {"type": "Feature", "geometry": {"type": "LineString", "coordinates": [[471449.964, 5364189.752], [471449.66, 5364204.293], [471449.547, 5364209.729]]}, "properties": {"name": "Mary Street", "highway": "residential", "osm_id": 1156196839, "alt_name": null, "old_name": null, "official_name": null}}, {"type": "Feature", "geometry": {"type": "LineString", "coordinates": [[471542.42, 5364119.447], [471542.19, 5364144.448]]}, "properties": {"name": "Catherine Street", "highway": "residential", "osm_id": 1156196840, "alt_name": null, "old_name": null, "official_name": null}}, {"type": "Feature", "geometry": {"type": "LineString", "coordinates": [[471256.697, 5364229.012], [471247.752, 5364230.213]]}, "properties": {"name": "Esquimalt Road", "highway": "secondary", "osm_id": 1159314861, "alt_name": null, "old_name": null, "official_name": null}}, {"type": "Feature", "geometry": {"type": "LineString", "coordinates": [[473463.3, 5366302.354], [473453.445, 5366302.867], [473401.019, 5366293.742]]}, "properties": {"name": "Tolmie Avenue", "highway": "residential", "osm_id": 1162328475, "alt_name": null, "old_name": null, "official_name": null}}, {"type": "Feature", "geometry": {"type": "LineString", "coordinates": [[471975.713, 5364315.78], [471970.176, 5364313.606], [471965.492, 5364311.773], [471961.42, 5364310.982], [471957.314, 5364312.38], [471954.243, 5364310.684]]}, "properties": {"name": "Wilson Street", "highway": "residential", "osm_id": 1164246513, "alt_name": null, "old_name": null, "official_name": null}}, {"type": "Feature", "geometry": {"type": "LineString", "coordinates": [[472312.565, 5365390.242], [472371.225, 5365355.953], [472373.496, 5365354.653]]}, "properties": {"name": "Gorge Road East", "highway": "secondary", "osm_id": 1172873266, "alt_name": null, "old_name": null, "official_name": null}}, {"type": "Feature", "geometry": {"type": "LineString", "coordinates": [[471782.074, 5362365.055], [471787.78, 5362360.847], [471887.113, 5362288.658], [471892.916, 5362284.405]]}, "properties": {"name": "Dallas Road", "highway": "secondary", "osm_id": 1186646170, "alt_name": null, "old_name": null, "official_name": null}}, {"type": "Feature", "geometry": {"type": "LineString", "coordinates": [[471724.491, 5362407.292], [471730.544, 5362402.76], [471740.762, 5362395.106], [471776.941, 5362368.715], [471782.074, 5362365.055]]}, "properties": {"name": "Dallas Road", "highway": "secondary", "osm_id": 1186646171, "alt_name": null, "old_name": null, "official_name": null}}, {"type": "Feature", "geometry": {"type": "LineString", "coordinates": [[471727.213, 5362711.091], [471689.193, 5362740.46], [471658.309, 5362762.756], [471654.181, 5362765.889]]}, "properties": {"name": "Niagara Street", "highway": "residential", "osm_id": 1202337611, "alt_name": null, "old_name": null, "official_name": null}}, {"type": "Feature", "geometry": {"type": "LineString", "coordinates": [[471531.974, 5362598.011], [471537.279, 5362605.321], [471565.817, 5362644.693], [471573.394, 5362655.149], [471574.989, 5362657.353], [471633.702, 5362738.347], [471654.181, 5362765.889]]}, "properties": {"name": "Montreal Street", "highway": "residential", "osm_id": 1202337612, "alt_name": null, "old_name": null, "official_name": null}}, {"type": "Feature", "geometry": {"type": "LineString", "coordinates": [[472935.922, 5362756.345], [472927.875, 5362755.638], [472881.363, 5362750.925], [472853.684, 5362748.268], [472823.718, 5362745.399], [472751.959, 5362737.785], [472745.451, 5362737.049], [472715.313, 5362733.826], [472709.376, 5362733.188]]}, "properties": {"name": "Michigan Street", "highway": "residential", "osm_id": 1204547872, "alt_name": null, "old_name": null, "official_name": null}}, {"type": "Feature", "geometry": {"type": "LineString", "coordinates": [[473048.904, 5362188.654], [473062.04, 5362179.655]]}, "properties": {"name": "Circle Drive", "highway": "unclassified", "osm_id": 1209506006, "alt_name": null, "old_name": null, "official_name": null}}, {"type": "Feature", "geometry": {"type": "LineString", "coordinates": [[475771.261, 5363967.185], [475790.903, 5363967.301], [475810.063, 5363967.419]]}, "properties": {"name": "Leighton Road", "highway": "residential", "osm_id": 1214620933, "alt_name": null, "old_name": null, "official_name": null}}, {"type": "Feature", "geometry": {"type": "LineString", "coordinates": [[475571.166, 5363968.489], [475592.856, 5363968.451], [475649.182, 5363968.364], [475662.232, 5363968.342], [475670.871, 5363968.093]]}, "properties": {"name": "Leighton Road", "highway": "residential", "osm_id": 1214621422, "alt_name": null, "old_name": null, "official_name": null}}, {"type": "Feature", "geometry": {"type": "LineString", "coordinates": [[472666.195, 5363992.753], [472661.482, 5363992.676], [472653.566, 5363992.636]]}, "properties": {"name": "Pandora Avenue", "highway": "secondary", "osm_id": 1221411114, "alt_name": null, "old_name": null, "official_name": null}}, {"type": "Feature", "geometry": {"type": "LineString", "coordinates": [[472736.481, 5365428.169], [472723.891, 5365464.644], [472715.979, 5365486.391]]}, "properties": {"name": "Douglas Street", "highway": "primary", "osm_id": 1227147435, "alt_name": null, "old_name": null, "official_name": null}}, {"type": "Feature", "geometry": {"type": "LineString", "coordinates": [[474433.781, 5363440.336], [474472.624, 5363460.202], [474482.983, 5363465.502]]}, "properties": {"name": "Fort Street", "highway": "secondary", "osm_id": 1230462620, "alt_name": null, "old_name": null, "official_name": null}}, {"type": "Feature", "geometry": {"type": "LineString", "coordinates": [[473294.41, 5365967.888], [473296.292, 5365957.675], [473309.098, 5365888.03]]}, "properties": {"name": "Quadra Street", "highway": "secondary", "osm_id": 1230750226, "alt_name": null, "old_name": null, "official_name": null}}, {"type": "Feature", "geometry": {"type": "LineString", "coordinates": [[474555.887, 5363503.423], [474574.36, 5363513.2]]}, "properties": {"name": "Fort Street", "highway": "secondary", "osm_id": 1232845834, "alt_name": null, "old_name": null, "official_name": null}}, {"type": "Feature", "geometry": {"type": "LineString", "coordinates": [[474524.37, 5363486.847], [474528.73, 5363489.095]]}, "properties": {"name": "Fort Street", "highway": "secondary", "osm_id": 1232845836, "alt_name": null, "old_name": null, "official_name": null}}, {"type": "Feature", "geometry": {"type": "LineString", "coordinates": [[471640.213, 5364888.64], [471637.95, 5364887.228], [471634.411, 5364886.534], [471535.949, 5364886.773]]}, "properties": {"name": "Raynor Avenue", "highway": "residential", "osm_id": 1252157822, "alt_name": null, "old_name": null, "official_name": null}}, {"type": "Feature", "geometry": {"type": "LineString", "coordinates": [[471640.213, 5364888.64], [471642.238, 5364891.219], [471643.203, 5364894.861], [471643.942, 5364931.694], [471646.659, 5364941.129]]}, "properties": {"name": "Arthur Currie Lane", "highway": "residential", "osm_id": 1252157823, "alt_name": null, "old_name": null, "official_name": null}}, {"type": "Feature", "geometry": {"type": "LineString", "coordinates": [[471801.058, 5363264.016], [471807.427, 5363259.349], [471811.165, 5363256.607], [471903.387, 5363189.021], [471917.86, 5363178.646], [471935.141, 5363166.266]]}, "properties": {"name": "Superior Street", "highway": "tertiary", "osm_id": 1255096173, "alt_name": null, "old_name": null, "official_name": null}}, {"type": "Feature", "geometry": {"type": "LineString", "coordinates": [[470888.503, 5364844.8], [470878.528, 5364844.096], [470874.599, 5364843.738], [470867.729, 5364841.228]]}, "properties": {"name": "Pine Street", "highway": "residential", "osm_id": 1257225300, "alt_name": null, "old_name": null, "official_name": null}}, {"type": "Feature", "geometry": {"type": "LineString", "coordinates": [[473629.02, 5365020.377], [473647.076, 5365023.75], [473673.445, 5365028.729]]}, "properties": {"name": "Kings Road", "highway": "residential", "osm_id": 1257322321, "alt_name": null, "old_name": null, "official_name": null}}, {"type": "Feature", "geometry": {"type": "LineString", "coordinates": [[476168.341, 5364895.754], [476164.632, 5364794.696]]}, "properties": {"name": "Foul Bay Road", "highway": "secondary", "osm_id": 1257885853, "alt_name": null, "old_name": null, "official_name": null}}, {"type": "Feature", "geometry": {"type": "LineString", "coordinates": [[476164.632, 5364794.696], [476155.461, 5364794.923], [476110.533, 5364794.624], [476090.246, 5364795.176], [476053.926, 5364796.174]]}, "properties": {"name": "Haultain Street", "highway": "residential", "osm_id": 1257885854, "alt_name": null, "old_name": null, "official_name": null}}, {"type": "Feature", "geometry": {"type": "LineString", "coordinates": [[471041.745, 5364591.389], [471041.439, 5364628.428]]}, "properties": {"name": "McCaskill Street", "highway": "residential", "osm_id": 1258802254, "alt_name": null, "old_name": null, "official_name": null}}, {"type": "Feature", "geometry": {"type": "LineString", "coordinates": [[474991.166, 5365675.912], [474997.809, 5365679.829]]}, "properties": {"name": "Hillside Avenue", "highway": "secondary", "osm_id": 1258939403, "alt_name": null, "old_name": null, "official_name": null}}, {"type": "Feature", "geometry": {"type": "LineString", "coordinates": [[475159.729, 5364176.239], [475294.519, 5364171.481]]}, "properties": {"name": "Gladstone Avenue", "highway": "residential", "osm_id": 1259446621, "alt_name": null, "old_name": null, "official_name": null}}, {"type": "Feature", "geometry": {"type": "LineString", "coordinates": [[475159.729, 5364176.239], [475157.666, 5364100.529], [475158.505, 5364096.245], [475159.887, 5364089.203]]}, "properties": {"name": "Shakespeare Street", "highway": "residential", "osm_id": 1259446622, "alt_name": null, "old_name": null, "official_name": null}}, {"type": "Feature", "geometry": {"type": "LineString", "coordinates": [[470873.019, 5364828.429], [470883.264, 5364840.148], [470888.503, 5364844.8]]}, "properties": {"name": "Pine Street", "highway": "residential", "osm_id": 1259548858, "alt_name": null, "old_name": null, "official_name": null}}, {"type": "Feature", "geometry": {"type": "LineString", "coordinates": [[474158.92, 5365960.808], [474161.888, 5365941.898], [474175.218, 5365855.313]]}, "properties": {"name": "Cook Street", "highway": "secondary", "osm_id": 1262822993, "alt_name": null, "old_name": null, "official_name": null}}, {"type": "Feature", "geometry": {"type": "LineString", "coordinates": [[474146.804, 5366034.794], [474158.92, 5365960.808]]}, "properties": {"name": "Cook Street", "highway": "secondary", "osm_id": 1262822994, "alt_name": null, "old_name": null, "official_name": null}}, {"type": "Feature", "geometry": {"type": "LineString", "coordinates": [[475046.747, 5362282.46], [475049.471, 5362233.84], [475053.441, 5362189.327], [475053.927, 5362183.811], [475055.687, 5362171.598]]}, "properties": {"name": "Saint Charles Street", "highway": "residential", "osm_id": 1263354463, "alt_name": null, "old_name": null, "official_name": null}}, {"type": "Feature", "geometry": {"type": "LineString", "coordinates": [[474886.497, 5362189.497], [474900.021, 5362190.404], [474918.216, 5362190.168], [474934.268, 5362188.63], [474942.616, 5362187.248], [474976.032, 5362179.964], [474988.298, 5362177.353], [475015.421, 5362172.81], [475046.147, 5362171.407], [475047.508, 5362171.345], [475055.687, 5362171.598]]}, "properties": {"name": "Fairfield Road", "highway": "tertiary", "osm_id": 1263354464, "alt_name": null, "old_name": null, "official_name": null}}, {"type": "Feature", "geometry": {"type": "LineString", "coordinates": [[474606.35, 5362157.387], [474615.496, 5362148.898], [474621.756, 5362143.801], [474625.791, 5362140.904], [474633.222, 5362136.347], [474643.558, 5362131.043], [474654.418, 5362126.926], [474665.063, 5362124.389], [474674.271, 5362123.125], [474687.929, 5362122.575], [474700.766, 5362123.874], [474715.303, 5362127.833], [474745.746, 5362139.135], [474804.984, 5362164.226], [474834.018, 5362176.68], [474840.66, 5362179.14], [474854.501, 5362183.247], [474870.836, 5362187.243], [474886.497, 5362189.497]]}, "properties": {"name": "Fairfield Road", "highway": "tertiary", "osm_id": 1263354465, "alt_name": null, "old_name": null, "official_name": null}}, {"type": "Feature", "geometry": {"type": "LineString", "coordinates": [[473233.104, 5364207.246], [473230.715, 5364183.748], [473229.244, 5364166.859], [473228.057, 5364155.204]]}, "properties": {"name": "Blanshard Street", "highway": "primary", "osm_id": 1267548955, "alt_name": null, "old_name": null, "official_name": null}}, {"type": "Feature", "geometry": {"type": "LineString", "coordinates": [[473839.195, 5363605.96], [473777.732, 5363617.393], [473682.88, 5363635.029]]}, "properties": {"name": "Yates Street", "highway": "secondary", "osm_id": 1267570737, "alt_name": null, "old_name": null, "official_name": null}}, {"type": "Feature", "geometry": {"type": "LineString", "coordinates": [[472151.776, 5364127.646], [472145.107, 5364117.752], [472138.597, 5364111.738], [472132.138, 5364108.546], [472126.754, 5364104.304], [472085.559, 5364085.221]]}, "properties": {"name": "Dockside Crescent", "highway": "service", "osm_id": 1268475806, "alt_name": null, "old_name": null, "official_name": null}}, {"type": "Feature", "geometry": {"type": "LineString", "coordinates": [[473639.153, 5365756.008], [473687.198, 5365764.8], [473697.641, 5365768.186], [473710.854, 5365773.938], [473723.322, 5365776.97], [473738.233, 5365779.147]]}, "properties": {"name": "Summit Avenue", "highway": "residential", "osm_id": 1272043953, "alt_name": null, "old_name": null, "official_name": null}}, {"type": "Feature", "geometry": {"type": "LineString", "coordinates": [[473077.921, 5364915.437], [473072.713, 5364929.301], [473048.77, 5364992.985], [473040.915, 5365014.565]]}, "properties": {"name": "Ross Lane", "highway": "unclassified", "osm_id": 1272616187, "alt_name": null, "old_name": null, "official_name": null}}, {"type": "Feature", "geometry": {"type": "LineString", "coordinates": [[472727.355, 5363231.081], [472727.789, 5363233.68]]}, "properties": {"name": "Government Street", "highway": "secondary", "osm_id": 1282713991, "alt_name": null, "old_name": null, "official_name": null}}, {"type": "Feature", "geometry": {"type": "LineString", "coordinates": [[472920.616, 5365095.716], [472936.382, 5365101.31], [472952.075, 5365107.17]]}, "properties": {"name": "Hillside Avenue", "highway": "secondary", "osm_id": 1286943299, "alt_name": null, "old_name": null, "official_name": null}}, {"type": "Feature", "geometry": {"type": "LineString", "coordinates": [[471430.622, 5365911.459], [471493.97, 5366014.393], [471496.333, 5366018.227], [471499.368, 5366023.159]]}, "properties": {"name": "Irma Street", "highway": "residential", "osm_id": 1290821780, "alt_name": null, "old_name": null, "official_name": null}}, {"type": "Feature", "geometry": {"type": "LineString", "coordinates": [[471725.193, 5365959.767], [471728.191, 5365966.199], [471728.557, 5365966.987], [471744.778, 5366001.787], [471774.296, 5366067.778], [471802.611, 5366128.507], [471803.531, 5366130.681], [471807.22, 5366139.388]]}, "properties": {"name": "Carroll Street", "highway": "residential", "osm_id": 1290821781, "alt_name": null, "old_name": null, "official_name": null}}, {"type": "Feature", "geometry": {"type": "LineString", "coordinates": [[471742.223, 5365950.512], [471725.193, 5365959.767]]}, "properties": {"name": "Doric Street", "highway": "residential", "osm_id": 1290821782, "alt_name": null, "old_name": null, "official_name": null}}, {"type": "Feature", "geometry": {"type": "LineString", "coordinates": [[471917.91, 5365858.067], [471916.414, 5365859.197]]}, "properties": {"name": "Cecelia Road", "highway": "residential", "osm_id": 1290828037, "alt_name": null, "old_name": null, "official_name": null}}, {"type": "Feature", "geometry": {"type": "LineString", "coordinates": [[472076.739, 5365840.107], [472078.949, 5365842.942], [472119.344, 5365898.888], [472124.154, 5365905.523]]}, "properties": {"name": "Napier Lane", "highway": "unclassified", "osm_id": 1290828042, "alt_name": null, "old_name": null, "official_name": null}}, {"type": "Feature", "geometry": {"type": "LineString", "coordinates": [[472371.813, 5365522.03], [472370.186, 5365529.585], [472363.134, 5365534.788], [472255.406, 5365612.936], [472253.078, 5365614.781], [472246.072, 5365620.34]]}, "properties": {"name": "Cecelia Road", "highway": "unclassified", "osm_id": 1290828043, "alt_name": null, "old_name": null, "official_name": null}}, {"type": "Feature", "geometry": {"type": "LineString", "coordinates": [[472582.561, 5365833.467], [472595.695, 5365837.961], [472598.584, 5365838.914], [472600.05, 5365839.407], [472631.42, 5365845.336]]}, "properties": {"name": "Finlayson Street", "highway": "secondary", "osm_id": 1291596194, "alt_name": null, "old_name": null, "official_name": null}}, {"type": "Feature", "geometry": {"type": "LineString", "coordinates": [[471238.585, 5365571.446], [471219.14, 5365544.856]]}, "properties": {"name": "Irma Street", "highway": "residential", "osm_id": 1292763511, "alt_name": null, "old_name": null, "official_name": null}}, {"type": "Feature", "geometry": {"type": "LineString", "coordinates": [[472408.328, 5365528.599], [472424.229, 5365531.511], [472425.665, 5365531.771], [472433.955, 5365533.298]]}, "properties": {"name": "Manchester Road", "highway": "residential", "osm_id": 1293795531, "alt_name": null, "old_name": null, "official_name": null}}, {"type": "Feature", "geometry": {"type": "LineString", "coordinates": [[475946.539, 5366278.976], [475947.817, 5366268.099], [475947.358, 5366261.043], [475946.514, 5366257.489], [475945.37, 5366252.681], [475942.655, 5366243.789], [475933.323, 5366221.253]]}, "properties": {"name": "Richmond Road", "highway": "secondary", "osm_id": 1295570117, "alt_name": null, "old_name": null, "official_name": null}}, {"type": "Feature", "geometry": {"type": "LineString", "coordinates": [[473475.045, 5364989.194], [473487.297, 5364991.66], [473496.566, 5364993.529], [473575.264, 5365009.345]]}, "properties": {"name": "Kings Road", "highway": "residential", "osm_id": 1295570118, "alt_name": null, "old_name": null, "official_name": null}}, {"type": "Feature", "geometry": {"type": "LineString", "coordinates": [[473018.281, 5365074.997], [473008.17, 5365101.3], [473005.043, 5365109.441], [473003.502, 5365113.594]]}, "properties": {"name": "Ross Lane", "highway": "unclassified", "osm_id": 1295570123, "alt_name": null, "old_name": null, "official_name": null}}, {"type": "Feature", "geometry": {"type": "LineString", "coordinates": [[474994.103, 5366175.136], [474996.151, 5366175.06], [475012.092, 5366174.568], [475027.759, 5366174.109], [475035.109, 5366173.855]]}, "properties": {"name": "North Dairy Road", "highway": "tertiary", "osm_id": 1296801575, "alt_name": null, "old_name": null, "official_name": null}}, {"type": "Feature", "geometry": {"type": "LineString", "coordinates": [[475052.137, 5366173.357], [475096.439, 5366171.473]]}, "properties": {"name": "North Dairy Road", "highway": "tertiary", "osm_id": 1296801576, "alt_name": null, "old_name": null, "official_name": null}}, {"type": "Feature", "geometry": {"type": "LineString", "coordinates": [[475035.109, 5366173.855], [475052.137, 5366173.357]]}, "properties": {"name": "North Dairy Road", "highway": "tertiary", "osm_id": 1296801577, "alt_name": null, "old_name": null, "official_name": null}}, {"type": "Feature", "geometry": {"type": "LineString", "coordinates": [[475247.434, 5365828.093], [475250.14, 5365829.726]]}, "properties": {"name": "Hillside Avenue", "highway": "secondary", "osm_id": 1296801601, "alt_name": null, "old_name": null, "official_name": null}}, {"type": "Feature", "geometry": {"type": "LineString", "coordinates": [[475334.913, 5365879.165], [475337.501, 5365880.766], [475352.324, 5365889.916]]}, "properties": {"name": "Hillside Avenue", "highway": "secondary", "osm_id": 1296801643, "alt_name": null, "old_name": null, "official_name": null}}, {"type": "Feature", "geometry": {"type": "LineString", "coordinates": [[475310.714, 5365865.165], [475318.966, 5365869.976]]}, "properties": {"name": "Hillside Avenue", "highway": "secondary", "osm_id": 1296801644, "alt_name": null, "old_name": null, "official_name": null}}, {"type": "Feature", "geometry": {"type": "LineString", "coordinates": [[475318.966, 5365869.976], [475331.095, 5365876.97], [475334.913, 5365879.165]]}, "properties": {"name": "Hillside Avenue", "highway": "secondary", "osm_id": 1296801645, "alt_name": null, "old_name": null, "official_name": null}}, {"type": "Feature", "geometry": {"type": "LineString", "coordinates": [[472116.587, 5365418.482], [472129.174, 5365386.751], [472133.603, 5365381.994], [472139.092, 5365379.211]]}, "properties": {"name": "Dunedin Street", "highway": "unclassified", "osm_id": 1297626495, "alt_name": null, "old_name": null, "official_name": null}}, {"type": "Feature", "geometry": {"type": "LineString", "coordinates": [[474574.36, 5363513.2], [474573.376, 5363513.226], [474563.841, 5363513.469], [474559.144, 5363513.59], [474553.812, 5363514.215]]}, "properties": {"name": "Yates Street", "highway": "secondary", "osm_id": 1297639178, "alt_name": null, "old_name": null, "official_name": null}}, {"type": "Feature", "geometry": {"type": "LineString", "coordinates": [[472622.929, 5365101.571], [472629.358, 5365103.396], [472633.268, 5365104.5], [472731.663, 5365132.526], [472733.167, 5365134.653], [472737.538, 5365140.835]]}, "properties": {"name": "David Street", "highway": "unclassified", "osm_id": 1297922486, "alt_name": null, "old_name": null, "official_name": null}}, {"type": "Feature", "geometry": {"type": "LineString", "coordinates": [[472598.211, 5365190.227], [472600.465, 5365182.235], [472616.431, 5365125.146], [472620.393, 5365110.843], [472622.929, 5365101.571]]}, "properties": {"name": "Rock Bay Avenue", "highway": "tertiary", "osm_id": 1297922487, "alt_name": null, "old_name": null, "official_name": null}}, {"type": "Feature", "geometry": {"type": "LineString", "coordinates": [[472823.366, 5365062.646], [472814.436, 5365060.499], [472780.07, 5365052.249], [472716.478, 5365034.27], [472681.698, 5365024.445], [472676.801, 5365022.946], [472657.683, 5365017.091], [472655.053, 5365016.181], [472648.365, 5365014.313]]}, "properties": {"name": "Hillside Avenue", "highway": "unclassified", "osm_id": 1297922488, "alt_name": null, "old_name": null, "official_name": null}}, {"type": "Feature", "geometry": {"type": "LineString", "coordinates": [[472622.929, 5365101.571], [472624.559, 5365095.972], [472645.782, 5365023.051], [472648.365, 5365014.313]]}, "properties": {"name": "Rock Bay Avenue", "highway": "tertiary", "osm_id": 1297922489, "alt_name": null, "old_name": null, "official_name": null}}, {"type": "Feature", "geometry": {"type": "LineString", "coordinates": [[472648.365, 5365014.313], [472650.408, 5365007.033], [472671.212, 5364934.425], [472673.328, 5364927.023]]}, "properties": {"name": "Rock Bay Avenue", "highway": "tertiary", "osm_id": 1297922490, "alt_name": null, "old_name": null, "official_name": null}}, {"type": "Feature", "geometry": {"type": "LineString", "coordinates": [[472272.718, 5364813.523], [472283.073, 5364816.473], [472406.035, 5364851.465], [472412.635, 5364853.345]]}, "properties": {"name": "John Street", "highway": "unclassified", "osm_id": 1297922502, "alt_name": null, "old_name": null, "official_name": null}}, {"type": "Feature", "geometry": {"type": "LineString", "coordinates": [[472915.571, 5365094.039], [472920.616, 5365095.716]]}, "properties": {"name": "Hillside Avenue", "highway": "secondary", "osm_id": 1298019652, "alt_name": null, "old_name": null, "official_name": null}}, {"type": "Feature", "geometry": {"type": "LineString", "coordinates": [[472845.848, 5365128.276], [472830.314, 5365169.601]]}, "properties": {"name": "Douglas Street", "highway": "primary", "osm_id": 1298019653, "alt_name": null, "old_name": null, "official_name": null}}, {"type": "Feature", "geometry": {"type": "LineString", "coordinates": [[472822.132, 5365078.258], [472823.366, 5365062.646]]}, "properties": {"name": "Government Street", "highway": "secondary", "osm_id": 1298019656, "alt_name": null, "old_name": null, "official_name": null}}, {"type": "Feature", "geometry": {"type": "LineString", "coordinates": [[472833.628, 5365054.015], [472836.806, 5365061.17], [472840.512, 5365065.921], [472841.591, 5365067.227], [472842.454, 5365068.434]]}, "properties": {"name": "Government Street", "highway": "secondary", "osm_id": 1298019658, "alt_name": null, "old_name": null, "official_name": null}}, {"type": "Feature", "geometry": {"type": "LineString", "coordinates": [[472275.469, 5365411.755], [472292.41, 5365402.024]]}, "properties": {"name": "Gorge Road East", "highway": "secondary", "osm_id": 1298025264, "alt_name": null, "old_name": null, "official_name": null}}, {"type": "Feature", "geometry": {"type": "LineString", "coordinates": [[471949.911, 5365592.588], [471961.761, 5365588.716], [471967.112, 5365586.355], [471979.413, 5365580.848]]}, "properties": {"name": "Gorge Road East", "highway": "secondary", "osm_id": 1298046468, "alt_name": null, "old_name": null, "official_name": null}}, {"type": "Feature", "geometry": {"type": "LineString", "coordinates": [[471435.739, 5365663.642], [471447.134, 5365662.017], [471479.237, 5365657.387], [471486.044, 5365656.407]]}, "properties": {"name": "Gorge Road East", "highway": "secondary", "osm_id": 1298046507, "alt_name": null, "old_name": null, "official_name": null}}, {"type": "Feature", "geometry": {"type": "LineString", "coordinates": [[474121.42, 5361469.358], [474126.584, 5361472.235], [474129.637, 5361474.856], [474132.085, 5361477.557]]}, "properties": {"name": "Dallas Road", "highway": "secondary", "osm_id": 1298211175, "alt_name": null, "old_name": null, "official_name": null}}, {"type": "Feature", "geometry": {"type": "LineString", "coordinates": [[474121.42, 5361469.358], [474125.491, 5361463.092], [474128.189, 5361457.555]]}, "properties": {"name": "Clover Point", "highway": "unclassified", "osm_id": 1298211176, "alt_name": null, "old_name": null, "official_name": null}}, {"type": "Feature", "geometry": {"type": "LineString", "coordinates": [[472679.961, 5363124.099], [472682.682, 5363123.831]]}, "properties": {"name": "Belleville Street", "highway": "secondary", "osm_id": 1298211177, "alt_name": null, "old_name": null, "official_name": null}}, {"type": "Feature", "geometry": {"type": "LineString", "coordinates": [[474743.257, 5366200.382], [474742.302, 5366195.184], [474741.938, 5366193.229], [474741.597, 5366191.419], [474740.45, 5366182.809]]}, "properties": {"name": "Doncaster Drive", "highway": "residential", "osm_id": 1298279064, "alt_name": null, "old_name": null, "official_name": null}}, {"type": "Feature", "geometry": {"type": "LineString", "coordinates": [[476151.601, 5364385.808], [476151.167, 5364373.916], [476150.317, 5364356.601], [476146.797, 5364281.274], [476145.534, 5364255.503], [476145.3, 5364247.267], [476144.031, 5364216.371], [476143.464, 5364206.558], [476143.041, 5364199.113]]}, "properties": {"name": "Foul Bay Road", "highway": "secondary", "osm_id": 1298618954, "alt_name": null, "old_name": null, "official_name": null}}, {"type": "Feature", "geometry": {"type": "LineString", "coordinates": [[476140.661, 5364164.52], [476135.401, 5364164.531], [476128.019, 5364164.551], [476062.345, 5364164.695], [476054.333, 5364164.695]]}, "properties": {"name": "Bourchier Street", "highway": "residential", "osm_id": 1298618955, "alt_name": null, "old_name": null, "official_name": null}}, {"type": "Feature", "geometry": {"type": "LineString", "coordinates": [[474679.321, 5364638.831], [474679.24, 5364635.785]]}, "properties": {"name": "Avebury Avenue", "highway": "residential", "osm_id": 1298669993, "alt_name": null, "old_name": null, "official_name": null}}, {"type": "Feature", "geometry": {"type": "LineString", "coordinates": [[472999.77, 5365123.405], [473020.18, 5365127.265]]}, "properties": {"name": "Hillside Avenue", "highway": "secondary", "osm_id": 1300181286, "alt_name": null, "old_name": null, "official_name": null}}, {"type": "Feature", "geometry": {"type": "LineString", "coordinates": [[473949.869, 5364785.953], [473946.482, 5364739.516], [473945.105, 5364718.369], [473944.161, 5364709.225]]}, "properties": {"name": "Cook Street", "highway": "secondary", "osm_id": 1301198559, "alt_name": null, "old_name": null, "official_name": null}}, {"type": "Feature", "geometry": {"type": "LineString", "coordinates": [[472824.918, 5365879.218], [472843.657, 5365882.196]]}, "properties": {"name": "Finlayson Street", "highway": "secondary", "osm_id": 1302989557, "alt_name": null, "old_name": null, "official_name": null}}, {"type": "Feature", "geometry": {"type": "LineString", "coordinates": [[472313.701, 5365711.847], [472324.24, 5365724.0]]}, "properties": {"name": "Jutland Road", "highway": "tertiary", "osm_id": 1303785072, "alt_name": null, "old_name": null, "official_name": null}}, {"type": "Feature", "geometry": {"type": "LineString", "coordinates": [[472551.772, 5365593.417], [472587.293, 5365567.401], [472591.685, 5365564.234], [472692.563, 5365490.661], [472695.4, 5365488.514], [472698.587, 5365486.875], [472701.153, 5365486.785], [472715.979, 5365486.391]]}, "properties": {"name": "Burnside Road East", "highway": "secondary", "osm_id": 1303785073, "alt_name": null, "old_name": null, "official_name": null}}, {"type": "Feature", "geometry": {"type": "LineString", "coordinates": [[472544.697, 5365598.598], [472551.772, 5365593.417]]}, "properties": {"name": "Burnside Road East", "highway": "secondary", "osm_id": 1303785074, "alt_name": null, "old_name": null, "official_name": null}}, {"type": "Feature", "geometry": {"type": "LineString", "coordinates": [[472452.976, 5365434.365], [472454.331, 5365427.066], [472461.171, 5365390.196], [472464.875, 5365370.259], [472469.574, 5365344.948], [472470.108, 5365342.066], [472470.446, 5365340.241], [472471.225, 5365336.047]]}, "properties": {"name": "Sumas Street", "highway": "residential", "osm_id": 1303785090, "alt_name": null, "old_name": null, "official_name": null}}, {"type": "Feature", "geometry": {"type": "LineString", "coordinates": [[471927.271, 5366048.799], [471932.127, 5366045.207], [471986.716, 5366006.065], [472017.489, 5365984.059], [472046.505, 5365962.585], [472076.011, 5365939.885], [472078.222, 5365938.307], [472101.089, 5365922.154]]}, "properties": {"name": "Burnside Road East", "highway": "secondary", "osm_id": 1304023221, "alt_name": null, "old_name": null, "official_name": null}}, {"type": "Feature", "geometry": {"type": "LineString", "coordinates": [[472654.622, 5364459.689], [472650.694, 5364456.529], [472649.474, 5364452.088]]}, "properties": {"name": "Store Street", "highway": "tertiary", "osm_id": 1304240228, "alt_name": null, "old_name": null, "official_name": null}}, {"type": "Feature", "geometry": {"type": "LineString", "coordinates": [[473158.896, 5363274.084], [473220.481, 5363262.866], [473270.742, 5363253.703], [473331.271, 5363242.846], [473342.005, 5363240.917], [473349.419, 5363239.549], [473419.18, 5363226.638], [473466.59, 5363218.457], [473520.269, 5363209.191], [473539.839, 5363206.277], [473552.098, 5363204.496]]}, "properties": {"name": "Burdett Avenue", "highway": "residential", "osm_id": 1304343909, "alt_name": null, "old_name": null, "official_name": null}}, {"type": "Feature", "geometry": {"type": "LineString", "coordinates": [[473606.903, 5363546.502], [473608.993, 5363558.353], [473611.919, 5363574.99], [473613.229, 5363581.553]]}, "properties": {"name": "Vancouver Street", "highway": "tertiary", "osm_id": 1304343910, "alt_name": null, "old_name": null, "official_name": null}}, {"type": "Feature", "geometry": {"type": "LineString", "coordinates": [[473613.229, 5363581.553], [473615.561, 5363593.025]]}, "properties": {"name": "Vancouver Street", "highway": "tertiary", "osm_id": 1304343911, "alt_name": null, "old_name": null, "official_name": null}}, {"type": "Feature", "geometry": {"type": "LineString", "coordinates": [[473642.74, 5363742.059], [473650.718, 5363741.01], [473654.791, 5363740.469], [473666.352, 5363738.415], [473707.267, 5363731.155], [473726.279, 5363727.71]]}, "properties": {"name": "Johnson Street", "highway": "secondary", "osm_id": 1304343913, "alt_name": null, "old_name": null, "official_name": null}}, {"type": "Feature", "geometry": {"type": "LineString", "coordinates": [[473798.026, 5363715.039], [473840.411, 5363707.507], [473855.195, 5363704.882]]}, "properties": {"name": "Johnson Street", "highway": "secondary", "osm_id": 1304343914, "alt_name": null, "old_name": null, "official_name": null}}, {"type": "Feature", "geometry": {"type": "LineString", "coordinates": [[473977.927, 5363238.706], [473982.904, 5363236.716], [473993.862, 5363230.363], [474031.413, 5363205.081], [474036.725, 5363201.866], [474088.41, 5363168.95], [474091.515, 5363166.746], [474134.12, 5363159.204], [474216.056, 5363144.891], [474283.488, 5363133.403], [474294.245, 5363131.564]]}, "properties": {"name": "Rockland Avenue", "highway": "tertiary", "osm_id": 1304343916, "alt_name": null, "old_name": null, "official_name": null}}, {"type": "Feature", "geometry": {"type": "LineString", "coordinates": [[473783.725, 5363273.715], [473793.691, 5363272.024], [473824.829, 5363266.722], [473845.995, 5363263.123], [473889.561, 5363255.708], [473962.189, 5363243.347], [473971.154, 5363241.361], [473977.927, 5363238.706]]}, "properties": {"name": "Rockland Avenue", "highway": "tertiary", "osm_id": 1304343917, "alt_name": null, "old_name": null, "official_name": null}}, {"type": "Feature", "geometry": {"type": "LineString", "coordinates": [[473245.082, 5364173.042], [473259.775, 5364167.282], [473265.102, 5364165.856], [473270.466, 5364164.397], [473283.391, 5364163.146], [473294.623, 5364162.071], [473424.486, 5364149.577], [473442.609, 5364147.825], [473449.907, 5364147.124], [473452.155, 5364146.913], [473463.468, 5364145.815], [473470.759, 5364145.081], [473473.672, 5364144.789], [473512.86, 5364140.871], [473526.059, 5364139.553], [473540.477, 5364138.108], [473582.542, 5364133.899], [473600.391, 5364132.115], [473622.625, 5364129.888], [473664.365, 5364125.703], [473666.577, 5364125.66], [473675.125, 5364124.953]]}, "properties": {"name": "North Park Street", "highway": "residential", "osm_id": 1304343919, "alt_name": null, "old_name": null, "official_name": null}}, {"type": "Feature", "geometry": {"type": "LineString", "coordinates": [[473879.805, 5364004.068], [473879.025, 5363995.346], [473878.354, 5363987.89], [473874.812, 5363949.702], [473871.752, 5363916.514], [473870.416, 5363904.326], [473869.042, 5363888.849], [473866.105, 5363851.936], [473865.779, 5363846.969], [473865.324, 5363839.835]]}, "properties": {"name": "Cook Street", "highway": "secondary", "osm_id": 1304343920, "alt_name": null, "old_name": null, "official_name": null}}, {"type": "Feature", "geometry": {"type": "LineString", "coordinates": [[473888.961, 5364104.778], [473896.614, 5364103.965], [473936.636, 5364100.957], [473943.786, 5364100.302], [474098.39, 5364086.343], [474104.513, 5364085.792], [474113.097, 5364084.853], [474145.966, 5364081.857]]}, "properties": {"name": "North Park Street", "highway": "residential", "osm_id": 1304343921, "alt_name": null, "old_name": null, "official_name": null}}, {"type": "Feature", "geometry": {"type": "LineString", "coordinates": [[471446.532, 5363119.52], [471475.183, 5363156.891]]}, "properties": {"name": "Dallas Road", "highway": "tertiary", "osm_id": 1304936925, "alt_name": null, "old_name": null, "official_name": null}}, {"type": "Feature", "geometry": {"type": "LineString", "coordinates": [[472838.23, 5364463.529], [472829.611, 5364463.348], [472826.837, 5364463.284], [472824.469, 5364463.195], [472820.697, 5364463.124], [472739.269, 5364461.459], [472659.793, 5364459.775], [472656.879, 5364459.722], [472654.622, 5364459.689]]}, "properties": {"name": "Pembroke Street", "highway": "tertiary", "osm_id": 1305153238, "alt_name": null, "old_name": null, "official_name": null}}, {"type": "Feature", "geometry": {"type": "LineString", "coordinates": [[473033.51, 5364374.249], [473033.872, 5364336.877], [473034.012, 5364322.837], [473034.24, 5364294.513], [473034.313, 5364291.312], [473034.533, 5364281.473]]}, "properties": {"name": "Douglas Street", "highway": "primary", "osm_id": 1305159014, "alt_name": null, "old_name": null, "official_name": null}}, {"type": "Feature", "geometry": {"type": "LineString", "coordinates": [[473026.814, 5364622.449], [473040.677, 5364621.149], [473044.292, 5364620.832], [473153.096, 5364610.578]]}, "properties": {"name": "Queens Avenue", "highway": "residential", "osm_id": 1305160041, "alt_name": null, "old_name": null, "official_name": null}}, {"type": "Feature", "geometry": {"type": "LineString", "coordinates": [[473029.149, 5364542.772], [473030.109, 5364480.353], [473030.153, 5364477.129], [473030.304, 5364466.969]]}, "properties": {"name": "Douglas Street", "highway": "primary", "osm_id": 1305160052, "alt_name": null, "old_name": null, "official_name": null}}, {"type": "Feature", "geometry": {"type": "LineString", "coordinates": [[473213.489, 5364472.325], [473204.593, 5364469.643], [473073.27, 5364467.532], [473045.513, 5364467.019], [473043.464, 5364467.04], [473030.304, 5364466.969]]}, "properties": {"name": "Pembroke Street", "highway": "unclassified", "osm_id": 1305160053, "alt_name": null, "old_name": null, "official_name": null}}, {"type": "Feature", "geometry": {"type": "LineString", "coordinates": [[472653.246, 5364274.086], [472655.035, 5364192.711], [472655.202, 5364184.384], [472655.273, 5364180.627], [472655.347, 5364176.18], [472655.405, 5364172.823], [472655.492, 5364169.488], [472656.773, 5364120.595], [472657.084, 5364112.902], [472657.374, 5364105.731], [472657.511, 5364092.658], [472657.568, 5364087.634]]}, "properties": {"name": "Store Street", "highway": "tertiary", "osm_id": 1305180772, "alt_name": null, "old_name": null, "official_name": null}}, {"type": "Feature", "geometry": {"type": "LineString", "coordinates": [[471721.334, 5366204.254], [471716.069, 5366196.811], [471714.11, 5366194.042], [471712.546, 5366191.837], [471662.504, 5366099.961], [471606.504, 5365997.321], [471588.278, 5365965.377], [471585.116, 5365960.28]]}, "properties": {"name": "Balfour Avenue", "highway": "residential", "osm_id": 1306983241, "alt_name": null, "old_name": null, "official_name": null}}, {"type": "Feature", "geometry": {"type": "LineString", "coordinates": [[471559.915, 5366328.558], [471569.618, 5366321.518], [471572.647, 5366319.324], [471591.752, 5366305.467], [471593.697, 5366304.056], [471607.983, 5366293.703], [471631.078, 5366276.135], [471650.449, 5366259.32], [471668.455, 5366244.546], [471710.048, 5366212.847], [471721.334, 5366204.254]]}, "properties": {"name": "Burnside Road East", "highway": "secondary", "osm_id": 1306983242, "alt_name": null, "old_name": null, "official_name": null}}, {"type": "Feature", "geometry": {"type": "LineString", "coordinates": [[471921.171, 5366053.286], [471927.271, 5366048.799]]}, "properties": {"name": "Burnside Road East", "highway": "secondary", "osm_id": 1306983250, "alt_name": null, "old_name": null, "official_name": null}}, {"type": "Feature", "geometry": {"type": "LineString", "coordinates": [[472675.071, 5365853.673], [472686.919, 5365855.439], [472690.553, 5365855.977], [472700.952, 5365857.727]]}, "properties": {"name": "Finlayson Street", "highway": "secondary", "osm_id": 1306983268, "alt_name": null, "old_name": null, "official_name": null}}, {"type": "Feature", "geometry": {"type": "LineString", "coordinates": [[472656.151, 5365850.018], [472675.071, 5365853.673]]}, "properties": {"name": "Finlayson Street", "highway": "secondary", "osm_id": 1306983269, "alt_name": null, "old_name": null, "official_name": null}}, {"type": "Feature", "geometry": {"type": "LineString", "coordinates": [[473146.202, 5366202.819], [473143.926, 5366207.943], [473142.69, 5366210.738], [473141.211, 5366220.138], [473139.467, 5366231.24], [473138.132, 5366239.761], [473137.787, 5366241.941], [473136.291, 5366249.24]]}, "properties": {"name": "Glasgow Street", "highway": "residential", "osm_id": 1308680082, "alt_name": null, "old_name": null, "official_name": null}}, {"type": "Feature", "geometry": {"type": "LineString", "coordinates": [[473246.282, 5365650.029], [473241.447, 5365678.541]]}, "properties": {"name": "Glasgow Street", "highway": "residential", "osm_id": 1308959398, "alt_name": null, "old_name": null, "official_name": null}}, {"type": "Feature", "geometry": {"type": "LineString", "coordinates": [[473394.774, 5364602.29], [473405.461, 5364735.895], [473407.134, 5364756.773]]}, "properties": {"name": "Wark Street", "highway": "residential", "osm_id": 1311398483, "alt_name": null, "old_name": null, "official_name": null}}, {"type": "Feature", "geometry": {"type": "LineString", "coordinates": [[470873.019, 5364828.429], [470867.729, 5364841.228]]}, "properties": {"name": "Dominion Road", "highway": "residential", "osm_id": 1311410974, "alt_name": null, "old_name": null, "official_name": null}}, {"type": "Feature", "geometry": {"type": "LineString", "coordinates": [[473331.475, 5363022.134], [473320.602, 5363008.624], [473312.083, 5362998.704], [473293.728, 5362978.616], [473291.08, 5362975.716], [473278.942, 5362957.688], [473274.278, 5362947.606], [473270.694, 5362937.675], [473269.49, 5362931.9], [473267.301, 5362922.607]]}, "properties": {"name": "Quadra Street", "highway": "secondary", "osm_id": 1312314633, "alt_name": null, "old_name": null, "official_name": null}}, {"type": "Feature", "geometry": {"type": "LineString", "coordinates": [[473182.252, 5363525.364], [473183.589, 5363532.739], [473184.327, 5363537.059], [473189.098, 5363564.97], [473196.296, 5363607.064], [473197.94, 5363616.872]]}, "properties": {"name": "Blanshard Street", "highway": "primary", "osm_id": 1318201599, "alt_name": null, "old_name": null, "official_name": null}}, {"type": "Feature", "geometry": {"type": "LineString", "coordinates": [[473898.388, 5364206.343], [473886.912, 5364207.429], [473696.992, 5364225.415], [473685.901, 5364226.367]]}, "properties": {"name": "Caledonia Avenue", "highway": "tertiary", "osm_id": 1318201600, "alt_name": null, "old_name": null, "official_name": null}}, {"type": "Feature", "geometry": {"type": "LineString", "coordinates": [[475718.293, 5365957.785], [475715.871, 5365953.527], [475715.899, 5365951.46], [475716.047, 5365941.155]]}, "properties": {"name": "Service Street", "highway": "residential", "osm_id": 1319117741, "alt_name": null, "old_name": null, "official_name": null}}, {"type": "Feature", "geometry": {"type": "LineString", "coordinates": [[475632.079, 5365957.433], [475631.704, 5365945.852], [475631.577, 5365942.063]]}, "properties": {"name": "Carman Street", "highway": "residential", "osm_id": 1319118188, "alt_name": null, "old_name": null, "official_name": null}}, {"type": "Feature", "geometry": {"type": "LineString", "coordinates": [[475542.197, 5365953.608], [475541.93, 5365943.205]]}, "properties": {"name": "Aldridge Street", "highway": "residential", "osm_id": 1319118189, "alt_name": null, "old_name": null, "official_name": null}}, {"type": "Feature", "geometry": {"type": "LineString", "coordinates": [[475343.003, 5364455.574], [475342.827, 5364445.56], [475340.65, 5364440.056], [475336.565, 5364434.527], [475332.639, 5364431.543], [475327.671, 5364428.863], [475320.271, 5364426.339]]}, "properties": {"name": "Denman Street", "highway": "residential", "osm_id": 1322010746, "alt_name": null, "old_name": null, "official_name": null}}, {"type": "Feature", "geometry": {"type": "LineString", "coordinates": [[472657.568, 5364087.634], [472657.85, 5364069.391], [472658.155, 5364049.904]]}, "properties": {"name": "Store Street", "highway": "tertiary", "osm_id": 1323655286, "alt_name": null, "old_name": null, "official_name": null}}, {"type": "Feature", "geometry": {"type": "LineString", "coordinates": [[472658.155, 5364049.904], [472658.354, 5364038.91]]}, "properties": {"name": "Store Street", "highway": "tertiary", "osm_id": 1323655287, "alt_name": null, "old_name": null, "official_name": null}}, {"type": "Feature", "geometry": {"type": "LineString", "coordinates": [[473215.236, 5364284.74], [473179.866, 5364284.096], [473172.438, 5364283.964]]}, "properties": {"name": "Caledonia Avenue", "highway": "tertiary", "osm_id": 1323961931, "alt_name": null, "old_name": null, "official_name": null}}, {"type": "Feature", "geometry": {"type": "LineString", "coordinates": [[475827.483, 5362142.189], [475837.702, 5362135.031]]}, "properties": {"name": "Crescent Road", "highway": "secondary", "osm_id": 1324275874, "alt_name": null, "old_name": null, "official_name": null}}, {"type": "Feature", "geometry": {"type": "LineString", "coordinates": [[475365.918, 5366434.101], [475364.281, 5366358.666]]}, "properties": {"name": "Shelbourne Street", "highway": "secondary", "osm_id": 1324725126, "alt_name": null, "old_name": null, "official_name": null}}, {"type": "Feature", "geometry": {"type": "LineString", "coordinates": [[476142.702, 5364194.145], [476140.661, 5364164.52]]}, "properties": {"name": "Foul Bay Road", "highway": "secondary", "osm_id": 1327131589, "alt_name": null, "old_name": null, "official_name": null}}, {"type": "Feature", "geometry": {"type": "LineString", "coordinates": [[475205.931, 5364113.167], [475277.176, 5364148.626], [475315.365, 5364169.823], [475321.46, 5364174.743]]}, "properties": {"name": "Begbie Street", "highway": "secondary", "osm_id": 1333096109, "alt_name": null, "old_name": null, "official_name": null}}, {"type": "Feature", "geometry": {"type": "LineString", "coordinates": [[475321.46, 5364174.743], [475340.218, 5364194.714]]}, "properties": {"name": "Begbie Street", "highway": "secondary", "osm_id": 1333096110, "alt_name": null, "old_name": null, "official_name": null}}, {"type": "Feature", "geometry": {"type": "LineString", "coordinates": [[475352.324, 5365889.916], [475352.784, 5365873.274], [475352.807, 5365866.649], [475352.577, 5365858.102]]}, "properties": {"name": "Shelbourne Street", "highway": "secondary", "osm_id": 1334138736, "alt_name": null, "old_name": null, "official_name": null}}, {"type": "Feature", "geometry": {"type": "LineString", "coordinates": [[474113.038, 5364185.094], [474118.442, 5364234.667]]}, "properties": {"name": "Chambers Street", "highway": "residential", "osm_id": 1334655226, "alt_name": null, "old_name": null, "official_name": null}}, {"type": "Feature", "geometry": {"type": "LineString", "coordinates": [[471669.312, 5365626.609], [471677.41, 5365625.112], [471690.329, 5365623.258], [471705.37, 5365621.593], [471721.497, 5365620.935]]}, "properties": {"name": "Gorge Road East", "highway": "secondary", "osm_id": 1335269838, "alt_name": null, "old_name": null, "official_name": null}}, {"type": "Feature", "geometry": {"type": "LineString", "coordinates": [[472678.454, 5365175.3], [472693.706, 5365166.401], [472712.742, 5365155.293]]}, "properties": {"name": "Gorge Road East", "highway": "secondary", "osm_id": 1335269839, "alt_name": null, "old_name": null, "official_name": null}}, {"type": "Feature", "geometry": {"type": "LineString", "coordinates": [[473061.351, 5365135.895], [473090.023, 5365141.439]]}, "properties": {"name": "Hillside Avenue", "highway": "secondary", "osm_id": 1335269840, "alt_name": null, "old_name": null, "official_name": null}}, {"type": "Feature", "geometry": {"type": "LineString", "coordinates": [[473025.465, 5365157.763], [473028.129, 5365142.456], [473028.766, 5365139.485], [473030.791, 5365129.982]]}, "properties": {"name": "Nanaimo Street", "highway": "unclassified", "osm_id": 1335269841, "alt_name": null, "old_name": null, "official_name": null}}, {"type": "Feature", "geometry": {"type": "LineString", "coordinates": [[472104.478, 5363985.287], [472098.353, 5363986.84], [472081.368, 5363992.871]]}, "properties": {"name": "Esquimalt Road", "highway": "secondary", "osm_id": 1335312991, "alt_name": null, "old_name": null, "official_name": null}}, {"type": "Feature", "geometry": {"type": "LineString", "coordinates": [[475764.892, 5362532.968], [475758.996, 5362502.259], [475754.134, 5362477.814], [475751.966, 5362465.774]]}, "properties": {"name": "Foul Bay Road", "highway": "tertiary", "osm_id": 1336340368, "alt_name": null, "old_name": null, "official_name": null}}, {"type": "Feature", "geometry": {"type": "LineString", "coordinates": [[476127.21, 5363749.542], [476117.355, 5363749.495], [476072.007, 5363749.931]]}, "properties": {"name": "Oak Bay Avenue", "highway": "secondary", "osm_id": 1336343035, "alt_name": null, "old_name": null, "official_name": null}}, {"type": "Feature", "geometry": {"type": "LineString", "coordinates": [[473773.651, 5364722.195], [473801.255, 5364720.344]]}, "properties": {"name": "Bay Street", "highway": "secondary", "osm_id": 1336345390, "alt_name": null, "old_name": null, "official_name": null}}, {"type": "Feature", "geometry": {"type": "LineString", "coordinates": [[474679.24, 5364635.785], [474697.157, 5364634.483]]}, "properties": {"name": "Bay Street", "highway": "secondary", "osm_id": 1336345391, "alt_name": null, "old_name": null, "official_name": null}}, {"type": "Feature", "geometry": {"type": "LineString", "coordinates": [[473976.53, 5364865.574], [473966.296, 5364866.232], [473964.788, 5364866.361], [473955.671, 5364867.115]]}, "properties": {"name": "Haultain Street", "highway": "residential", "osm_id": 1336345392, "alt_name": null, "old_name": null, "official_name": null}}, {"type": "Feature", "geometry": {"type": "LineString", "coordinates": [[476143.041, 5364199.113], [476142.702, 5364194.145]]}, "properties": {"name": "Foul Bay Road", "highway": "secondary", "osm_id": 1336351590, "alt_name": null, "old_name": null, "official_name": null}}, {"type": "Feature", "geometry": {"type": "LineString", "coordinates": [[472644.342, 5362849.515], [472658.318, 5362850.748]]}, "properties": {"name": "Superior Street", "highway": "tertiary", "osm_id": 1336365591, "alt_name": null, "old_name": null, "official_name": null}}, {"type": "Feature", "geometry": {"type": "LineString", "coordinates": [[472444.344, 5362833.399], [472450.882, 5362832.723], [472457.876, 5362831.677]]}, "properties": {"name": "Superior Street", "highway": "tertiary", "osm_id": 1336365592, "alt_name": null, "old_name": null, "official_name": null}}, {"type": "Feature", "geometry": {"type": "LineString", "coordinates": [[473505.286, 5364591.768], [473504.325, 5364582.336], [473496.643, 5364499.371], [473494.62, 5364479.55], [473491.296, 5364444.329], [473489.542, 5364423.407], [473488.38, 5364407.628]]}, "properties": {"name": "Quadra Street", "highway": "secondary", "osm_id": 1336674402, "alt_name": null, "old_name": null, "official_name": null}}, {"type": "Feature", "geometry": {"type": "LineString", "coordinates": [[473701.294, 5364387.172], [473693.542, 5364388.686], [473692.307, 5364388.847], [473644.511, 5364394.705], [473633.96, 5364395.733], [473614.123, 5364397.648], [473576.189, 5364400.659], [473561.689, 5364401.816], [473497.69, 5364406.895], [473488.38, 5364407.628]]}, "properties": {"name": "Pembroke Street", "highway": "residential", "osm_id": 1336674403, "alt_name": null, "old_name": null, "official_name": null}}, {"type": "Feature", "geometry": {"type": "LineString", "coordinates": [[474553.848, 5366161.313], [474558.843, 5366175.141], [474560.765, 5366180.068], [474565.104, 5366191.164]]}, "properties": {"name": "Cedar Hill Road", "highway": "tertiary", "osm_id": 1337820084, "alt_name": null, "old_name": null, "official_name": null}}, {"type": "Feature", "geometry": {"type": "LineString", "coordinates": [[474579.709, 5366224.045], [474592.768, 5366250.509], [474599.356, 5366265.174], [474606.578, 5366277.713], [474613.348, 5366288.465], [474623.786, 5366302.546]]}, "properties": {"name": "Cedar Hill Road", "highway": "tertiary", "osm_id": 1337820085, "alt_name": null, "old_name": null, "official_name": null}}, {"type": "Feature", "geometry": {"type": "LineString", "coordinates": [[475968.467, 5364165.47], [475922.555, 5364166.276], [475921.312, 5364166.248], [475913.745, 5364166.436]]}, "properties": {"name": "Bourchier Street", "highway": "residential", "osm_id": 1339150563, "alt_name": null, "old_name": null, "official_name": null}}, {"type": "Feature", "geometry": {"type": "LineString", "coordinates": [[474131.693, 5363460.548], [474043.785, 5363475.1], [473907.633, 5363497.634], [473894.563, 5363499.795], [473884.309, 5363501.499], [473860.741, 5363505.398], [473844.144, 5363508.142], [473836.19, 5363509.457], [473831.488, 5363510.235], [473823.504, 5363511.561]]}, "properties": {"name": "View Street", "highway": "tertiary", "osm_id": 1339177960, "alt_name": null, "old_name": null, "official_name": null}}, {"type": "Feature", "geometry": {"type": "LineString", "coordinates": [[471866.662, 5365897.037], [471874.718, 5365916.861], [471892.673, 5365962.935], [471896.448, 5365972.62], [471905.272, 5365995.264], [471907.694, 5366002.043], [471920.99, 5366039.326], [471922.276, 5366042.087], [471927.271, 5366048.799]]}, "properties": {"name": "Washington Avenue", "highway": "residential", "osm_id": 1339181943, "alt_name": null, "old_name": null, "official_name": null}}, {"type": "Feature", "geometry": {"type": "LineString", "coordinates": [[470880.456, 5364689.578], [470880.876, 5364703.67], [470883.534, 5364794.894], [470881.22, 5364806.511], [470874.569, 5364823.552], [470874.059, 5364824.978], [470873.019, 5364828.429]]}, "properties": {"name": "Hereward Road", "highway": "residential", "osm_id": 1339186910, "alt_name": null, "old_name": null, "official_name": null}}, {"type": "Feature", "geometry": {"type": "LineString", "coordinates": [[470454.234, 5364073.975], [470457.443, 5364067.9], [470480.541, 5364025.762], [470484.318, 5364018.195], [470485.6, 5364012.953], [470485.697, 5364005.961], [470475.84, 5363961.238]]}, "properties": {"name": "Head Street", "highway": "residential", "osm_id": 1339186912, "alt_name": null, "old_name": null, "official_name": null}}, {"type": "Feature", "geometry": {"type": "LineString", "coordinates": [[472018.083, 5364435.23], [472014.174, 5364436.117], [472007.406, 5364437.662], [472002.443, 5364437.831], [471996.173, 5364436.739], [471985.309, 5364432.903]]}, "properties": {"name": "Harbour Road", "highway": "residential", "osm_id": 1339925513, "alt_name": null, "old_name": null, "official_name": null}}, {"type": "Feature", "geometry": {"type": "LineString", "coordinates": [[471047.723, 5366045.503], [471055.587, 5366057.579], [471101.301, 5366118.07], [471145.339, 5366176.37], [471195.959, 5366243.607], [471199.63, 5366248.479]]}, "properties": {"name": "Wascana Street", "highway": "residential", "osm_id": 1340476200, "alt_name": null, "old_name": null, "official_name": null}}, {"type": "Feature", "geometry": {"type": "LineString", "coordinates": [[475026.407, 5365592.567], [475032.102, 5365595.932], [475035.112, 5365597.709], [475157.027, 5365669.813], [475163.296, 5365672.62], [475166.268, 5365674.008]]}, "properties": {"name": "Myrtle Avenue", "highway": "residential", "osm_id": 1340485259, "alt_name": null, "old_name": null, "official_name": null}}, {"type": "Feature", "geometry": {"type": "LineString", "coordinates": [[475799.966, 5365582.694], [475993.668, 5365574.889]]}, "properties": {"name": "Taylor Street", "highway": "residential", "osm_id": 1340485260, "alt_name": null, "old_name": null, "official_name": null}}, {"type": "Feature", "geometry": {"type": "LineString", "coordinates": [[471979.413, 5365580.848], [471990.605, 5365575.39], [472007.806, 5365566.101], [472023.235, 5365557.488]]}, "properties": {"name": "Gorge Road East", "highway": "secondary", "osm_id": 1347680699, "alt_name": null, "old_name": null, "official_name": null}}, {"type": "Feature", "geometry": {"type": "LineString", "coordinates": [[473570.814, 5365581.978], [473668.992, 5365601.295]]}, "properties": {"name": "Topaz Avenue", "highway": "residential", "osm_id": 1347806703, "alt_name": null, "old_name": null, "official_name": null}}, {"type": "Feature", "geometry": {"type": "LineString", "coordinates": [[473570.814, 5365581.978], [473546.793, 5365740.31]]}, "properties": {"name": "Graham Street", "highway": "residential", "osm_id": 1347806704, "alt_name": null, "old_name": null, "official_name": null}}, {"type": "Feature", "geometry": {"type": "LineString", "coordinates": [[472943.108, 5365897.571], [473005.372, 5365910.69], [473032.126, 5365916.554], [473089.536, 5365929.142], [473118.118, 5365935.32]]}, "properties": {"name": "Finlayson Street", "highway": "secondary", "osm_id": 1347806706, "alt_name": null, "old_name": null, "official_name": null}}, {"type": "Feature", "geometry": {"type": "LineString", "coordinates": [[473118.118, 5365935.32], [473127.446, 5365937.332], [473143.996, 5365940.455]]}, "properties": {"name": "Finlayson Street", "highway": "secondary", "osm_id": 1347806707, "alt_name": null, "old_name": null, "official_name": null}}, {"type": "Feature", "geometry": {"type": "LineString", "coordinates": [[473240.092, 5366266.511], [473227.422, 5366264.415], [473216.122, 5366262.568], [473136.291, 5366249.24], [473087.785, 5366240.667], [473068.632, 5366237.401]]}, "properties": {"name": "Tolmie Avenue", "highway": "tertiary", "osm_id": 1347806708, "alt_name": null, "old_name": null, "official_name": null}}, {"type": "Feature", "geometry": {"type": "LineString", "coordinates": [[473068.632, 5366237.401], [473016.608, 5366227.8]]}, "properties": {"name": "Tolmie Avenue", "highway": "tertiary", "osm_id": 1347806709, "alt_name": null, "old_name": null, "official_name": null}}, {"type": "Feature", "geometry": {"type": "LineString", "coordinates": [[474515.064, 5361933.829], [474514.103, 5361922.429]]}, "properties": {"name": "Memorial Crescent", "highway": "residential", "osm_id": 1349106959, "alt_name": null, "old_name": null, "official_name": null}}, {"type": "Feature", "geometry": {"type": "LineString", "coordinates": [[475145.379, 5363812.155], [475153.6, 5363819.488], [475159.928, 5363825.13], [475162.631, 5363827.541]]}, "properties": {"name": "Fort Street", "highway": "secondary", "osm_id": 1349139865, "alt_name": null, "old_name": null, "official_name": null}}, {"type": "Feature", "geometry": {"type": "LineString", "coordinates": [[475136.967, 5363805.289], [475145.379, 5363812.155]]}, "properties": {"name": "Fort Street", "highway": "secondary", "osm_id": 1349139866, "alt_name": null, "old_name": null, "official_name": null}}, {"type": "Feature", "geometry": {"type": "LineString", "coordinates": [[475162.631, 5363827.541], [475168.901, 5363833.327], [475188.777, 5363854.982], [475194.471, 5363861.182], [475206.937, 5363873.088], [475217.382, 5363881.334], [475246.42, 5363902.004], [475264.199, 5363914.487], [475323.78, 5363948.119], [475329.319, 5363951.252], [475337.178, 5363955.075], [475361.598, 5363966.962], [475381.432, 5363977.491], [475422.397, 5364000.467], [475425.882, 5364002.464], [475431.763, 5364005.829], [475445.928, 5364013.915], [475458.352, 5364021.576], [475521.125, 5364060.142], [475522.289, 5364060.859], [475523.187, 5364061.456], [475547.098, 5364077.326]]}, "properties": {"name": "Fort Street", "highway": "secondary", "osm_id": 1349139867, "alt_name": null, "old_name": null, "official_name": null}}, {"type": "Feature", "geometry": {"type": "LineString", "coordinates": [[472299.483, 5366282.407], [472284.938, 5366279.521], [472280.527, 5366278.654]]}, "properties": {"name": "Kelvin Road", "highway": "unclassified", "osm_id": 1349707212, "alt_name": null, "old_name": null, "official_name": null}}, {"type": "Feature", "geometry": {"type": "LineString", "coordinates": [[474626.534, 5364464.763], [474629.114, 5364540.493]]}, "properties": {"name": "Oregon Avenue", "highway": "residential", "osm_id": 1350502240, "alt_name": null, "old_name": null, "official_name": null}}, {"type": "Feature", "geometry": {"type": "LineString", "coordinates": [[474875.264, 5364537.384], [474635.875, 5364547.132]]}, "properties": {"name": "Walnut Street", "highway": "residential", "osm_id": 1350502241, "alt_name": null, "old_name": null, "official_name": null}}, {"type": "Feature", "geometry": {"type": "LineString", "coordinates": [[472371.813, 5365522.03], [472380.288, 5365523.467], [472408.328, 5365528.599]]}, "properties": {"name": "Manchester Road", "highway": "residential", "osm_id": 1351984198, "alt_name": null, "old_name": null, "official_name": null}}, {"type": "Feature", "geometry": {"type": "LineString", "coordinates": [[472749.28, 5365133.975], [472780.449, 5365115.807]]}, "properties": {"name": "Gorge Road East", "highway": "secondary", "osm_id": 1355903247, "alt_name": null, "old_name": null, "official_name": null}}, {"type": "Feature", "geometry": {"type": "LineString", "coordinates": [[472456.111, 5366153.09], [472450.323, 5366167.391]]}, "properties": {"name": "Douglas Street", "highway": "trunk", "osm_id": 1356487147, "alt_name": null, "old_name": null, "official_name": null}}, {"type": "Feature", "geometry": {"type": "LineString", "coordinates": [[472440.868, 5366190.768], [472417.581, 5366245.182], [472395.916, 5366292.596], [472391.716, 5366301.798]]}, "properties": {"name": "Douglas Street", "highway": "trunk", "osm_id": 1356487148, "alt_name": null, "old_name": null, "official_name": null}}, {"type": "Feature", "geometry": {"type": "LineString", "coordinates": [[472443.915, 5366183.228], [472440.868, 5366190.768]]}, "properties": {"name": "Douglas Street", "highway": "trunk", "osm_id": 1356487149, "alt_name": null, "old_name": null, "official_name": null}}, {"type": "Feature", "geometry": {"type": "LineString", "coordinates": [[472450.323, 5366167.391], [472443.915, 5366183.228]]}, "properties": {"name": "Douglas Street", "highway": "trunk", "osm_id": 1356487150, "alt_name": null, "old_name": null, "official_name": null}}, {"type": "Feature", "geometry": {"type": "LineString", "coordinates": [[472501.082, 5366042.581], [472494.497, 5366058.564], [472489.183, 5366071.451], [472488.247, 5366073.634]]}, "properties": {"name": "Douglas Street", "highway": "primary", "osm_id": 1356487152, "alt_name": null, "old_name": null, "official_name": null}}, {"type": "Feature", "geometry": {"type": "LineString", "coordinates": [[475892.618, 5363966.501], [475898.733, 5363965.886], [475912.736, 5363965.693], [475961.156, 5363967.766]]}, "properties": {"name": "Leighton Road", "highway": "residential", "osm_id": 1361547382, "alt_name": null, "old_name": null, "official_name": null}}, {"type": "Feature", "geometry": {"type": "LineString", "coordinates": [[475901.504, 5363500.608], [475918.882, 5363500.501], [475954.038, 5363500.274]]}, "properties": {"name": "Brighton Avenue", "highway": "residential", "osm_id": 1361547383, "alt_name": null, "old_name": null, "official_name": null}}, {"type": "Feature", "geometry": {"type": "LineString", "coordinates": [[471310.408, 5364221.348], [471290.462, 5364223.861]]}, "properties": {"name": "Esquimalt Road", "highway": "secondary", "osm_id": 1364092349, "alt_name": null, "old_name": null, "official_name": null}}, {"type": "Feature", "geometry": {"type": "LineString", "coordinates": [[472445.703, 5363968.011], [472389.446, 5363956.424]]}, "properties": {"name": "Esquimalt Road", "highway": "secondary", "osm_id": 1364117199, "alt_name": null, "old_name": null, "official_name": null}}, {"type": "Feature", "geometry": {"type": "LineString", "coordinates": [[470573.159, 5366394.038], [470581.25, 5366404.367], [470607.304, 5366437.623]]}, "properties": {"name": "Tillicum Road", "highway": "secondary", "osm_id": 1364423218, "alt_name": null, "old_name": null, "official_name": null}}, {"type": "Feature", "geometry": {"type": "LineString", "coordinates": [[470544.855, 5366357.592], [470564.41, 5366382.589], [470567.44, 5366386.464], [470573.159, 5366394.038]]}, "properties": {"name": "Tillicum Road", "highway": "secondary", "osm_id": 1364423219, "alt_name": null, "old_name": null, "official_name": null}}, {"type": "Feature", "geometry": {"type": "LineString", "coordinates": [[470414.203, 5366187.224], [470420.739, 5366197.016], [470433.3, 5366213.491], [470445.364, 5366229.668], [470452.273, 5366238.569]]}, "properties": {"name": "Tillicum Road", "highway": "secondary", "osm_id": 1364423412, "alt_name": null, "old_name": null, "official_name": null}}, {"type": "Feature", "geometry": {"type": "LineString", "coordinates": [[474640.622, 5363736.994], [474639.442, 5363741.089]]}, "properties": {"name": "Stanley Avenue", "highway": "residential", "osm_id": 1365140390, "alt_name": null, "old_name": null, "official_name": null}}, {"type": "Feature", "geometry": {"type": "LineString", "coordinates": [[472827.487, 5365001.212], [472827.557, 5364988.106], [472827.648, 5364971.532]]}, "properties": {"name": "Government Street", "highway": "secondary", "osm_id": 1374843171, "alt_name": null, "old_name": null, "official_name": null}}, {"type": "Feature", "geometry": {"type": "LineString", "coordinates": [[472827.648, 5364971.532], [472828.906, 5364899.208], [472829.404, 5364870.416], [472829.552, 5364862.79], [472829.793, 5364848.161]]}, "properties": {"name": "Government Street", "highway": "secondary", "osm_id": 1374843172, "alt_name": null, "old_name": null, "official_name": null}}, {"type": "Feature", "geometry": {"type": "LineString", "coordinates": [[472885.732, 5365014.827], [472890.847, 5365000.253]]}, "properties": {"name": "Douglas Street", "highway": "primary", "osm_id": 1374843173, "alt_name": null, "old_name": null, "official_name": null}}, {"type": "Feature", "geometry": {"type": "LineString", "coordinates": [[472830.027, 5365040.327], [472833.628, 5365054.015]]}, "properties": {"name": "Government Street", "highway": "secondary", "osm_id": 1374843175, "alt_name": null, "old_name": null, "official_name": null}}, {"type": "Feature", "geometry": {"type": "LineString", "coordinates": [[474553.814, 5363796.295], [474533.105, 5363797.4], [474525.93, 5363797.655], [474502.556, 5363798.493], [474457.922, 5363799.717], [474452.419, 5363799.864], [474442.858, 5363800.819], [474325.971, 5363812.463], [474314.198, 5363813.461], [474133.289, 5363828.079], [474119.3, 5363828.031], [474106.35, 5363827.301], [474085.847, 5363824.894], [474078.372, 5363824.328]]}, "properties": {"name": "Pandora Avenue", "highway": "secondary", "osm_id": 1374854505, "alt_name": null, "old_name": null, "official_name": null}}, {"type": "Feature", "geometry": {"type": "LineString", "coordinates": [[474598.186, 5363799.52], [474587.793, 5363798.077], [474573.674, 5363795.595]]}, "properties": {"name": "Begbie Street", "highway": "secondary", "osm_id": 1374854506, "alt_name": null, "old_name": null, "official_name": null}}, {"type": "Feature", "geometry": {"type": "LineString", "coordinates": [[474573.364, 5363775.944], [474572.744, 5363756.439], [474572.562, 5363750.582], [474571.742, 5363724.519], [474570.155, 5363677.463], [474570.035, 5363673.851], [474569.762, 5363665.727], [474569.662, 5363663.193], [474569.37, 5363655.88], [474569.37, 5363655.802], [474566.867, 5363592.543], [474564.296, 5363527.573], [474564.185, 5363524.105], [474563.841, 5363513.469]]}, "properties": {"name": "Harrison Street", "highway": "residential", "osm_id": 1374854507, "alt_name": null, "old_name": null, "official_name": null}}, {"type": "Feature", "geometry": {"type": "LineString", "coordinates": [[476370.057, 5364787.221], [476356.161, 5364787.768], [476332.237, 5364788.702], [476324.908, 5364788.988], [476319.82, 5364789.143], [476318.355, 5364789.182], [476272.043, 5364790.599], [476270.453, 5364790.65]]}, "properties": {"name": "Haultain Street", "highway": "residential", "osm_id": 1375352403, "alt_name": null, "old_name": null, "official_name": null}}, {"type": "Feature", "geometry": {"type": "LineString", "coordinates": [[476143.041, 5364199.113], [476153.218, 5364198.77], [476160.208, 5364198.54], [476231.013, 5364196.164]]}, "properties": {"name": "Goldsmith Street", "highway": "residential", "osm_id": 1375352404, "alt_name": null, "old_name": null, "official_name": null}}, {"type": "Feature", "geometry": {"type": "LineString", "coordinates": [[474498.124, 5362673.892], [474495.662, 5362679.15], [474494.366, 5362680.523], [474486.831, 5362685.058], [474478.574, 5362690.02], [474477.036, 5362690.271], [474472.037, 5362689.416]]}, "properties": {"name": "Richardson Street", "highway": "busway", "osm_id": 1375360821, "alt_name": null, "old_name": null, "official_name": null}}, {"type": "Feature", "geometry": {"type": "LineString", "coordinates": [[474458.615, 5362679.717], [474454.771, 5362673.776], [474426.291, 5362500.201]]}, "properties": {"name": "Durban Street", "highway": "residential", "osm_id": 1375360822, "alt_name": null, "old_name": null, "official_name": null}}, {"type": "Feature", "geometry": {"type": "LineString", "coordinates": [[474472.037, 5362689.416], [474471.659, 5362685.849], [474472.06, 5362684.591], [474481.722, 5362677.767], [474489.618, 5362672.919], [474491.532, 5362672.31], [474498.124, 5362673.892]]}, "properties": {"name": "Richardson Street", "highway": "busway", "osm_id": 1375361329, "alt_name": null, "old_name": null, "official_name": null}}, {"type": "Feature", "geometry": {"type": "LineString", "coordinates": [[476229.962, 5364407.576], [476234.787, 5364408.112], [476248.923, 5364409.953], [476259.994, 5364411.163], [476268.866, 5364411.737], [476298.894, 5364414.368]]}, "properties": {"name": "Cadboro Bay Road", "highway": "secondary", "osm_id": 1375433047, "alt_name": null, "old_name": null, "official_name": null}}, {"type": "Feature", "geometry": {"type": "LineString", "coordinates": [[473888.961, 5364104.778], [473884.087, 5364052.012], [473879.805, 5364004.068]]}, "properties": {"name": "Cook Street", "highway": "secondary", "osm_id": 1376623464, "alt_name": null, "old_name": null, "official_name": null}}, {"type": "Feature", "geometry": {"type": "LineString", "coordinates": [[471372.391, 5365673.01], [471402.292, 5365668.646], [471418.86, 5365666.228], [471426.073, 5365665.18], [471435.739, 5365663.642]]}, "properties": {"name": "Gorge Road East", "highway": "secondary", "osm_id": 1376656898, "alt_name": null, "old_name": null, "official_name": null}}, {"type": "Feature", "geometry": {"type": "LineString", "coordinates": [[471332.98, 5365678.734], [471372.391, 5365673.01]]}, "properties": {"name": "Gorge Road East", "highway": "secondary", "osm_id": 1376656899, "alt_name": null, "old_name": null, "official_name": null}}, {"type": "Feature", "geometry": {"type": "LineString", "coordinates": [[471318.569, 5365680.852], [471332.98, 5365678.734]]}, "properties": {"name": "Gorge Road East", "highway": "secondary", "osm_id": 1376656900, "alt_name": null, "old_name": null, "official_name": null}}, {"type": "Feature", "geometry": {"type": "LineString", "coordinates": [[471260.29, 5365690.551], [471291.288, 5365685.414]]}, "properties": {"name": "Gorge Road East", "highway": "secondary", "osm_id": 1376656901, "alt_name": null, "old_name": null, "official_name": null}}, {"type": "Feature", "geometry": {"type": "LineString", "coordinates": [[471630.009, 5365633.364], [471669.312, 5365626.609]]}, "properties": {"name": "Gorge Road East", "highway": "secondary", "osm_id": 1376656902, "alt_name": null, "old_name": null, "official_name": null}}, {"type": "Feature", "geometry": {"type": "LineString", "coordinates": [[471613.368, 5365636.226], [471621.171, 5365634.887], [471630.009, 5365633.364]]}, "properties": {"name": "Gorge Road East", "highway": "secondary", "osm_id": 1376656903, "alt_name": null, "old_name": null, "official_name": null}}, {"type": "Feature", "geometry": {"type": "LineString", "coordinates": [[471586.877, 5365640.583], [471613.368, 5365636.226]]}, "properties": {"name": "Gorge Road East", "highway": "secondary", "osm_id": 1376656904, "alt_name": null, "old_name": null, "official_name": null}}, {"type": "Feature", "geometry": {"type": "LineString", "coordinates": [[472729.175, 5365145.71], [472737.538, 5365140.835]]}, "properties": {"name": "Gorge Road East", "highway": "secondary", "osm_id": 1376657868, "alt_name": null, "old_name": null, "official_name": null}}, {"type": "Feature", "geometry": {"type": "LineString", "coordinates": [[474596.451, 5363791.969], [474573.674, 5363795.595]]}, "properties": {"name": "Pandora Avenue", "highway": "secondary", "osm_id": 1380463497, "alt_name": null, "old_name": null, "official_name": null}}, {"type": "Feature", "geometry": {"type": "LineString", "coordinates": [[472422.156, 5365326.226], [472447.747, 5365311.062]]}, "properties": {"name": "Gorge Road East", "highway": "secondary", "osm_id": 1382488680, "alt_name": null, "old_name": null, "official_name": null}}, {"type": "Feature", "geometry": {"type": "LineString", "coordinates": [[472447.747, 5365311.062], [472492.959, 5365283.853]]}, "properties": {"name": "Gorge Road East", "highway": "secondary", "osm_id": 1382488681, "alt_name": null, "old_name": null, "official_name": null}}, {"type": "Feature", "geometry": {"type": "LineString", "coordinates": [[475838.812, 5363500.998], [475901.504, 5363500.608]]}, "properties": {"name": "Brighton Avenue", "highway": "residential", "osm_id": 1385220598, "alt_name": null, "old_name": null, "official_name": null}}, {"type": "Feature", "geometry": {"type": "LineString", "coordinates": [[476072.007, 5363749.931], [476045.782, 5363750.131], [476040.9, 5363750.151], [476011.331, 5363750.299], [475982.946, 5363750.586], [475971.08, 5363750.692], [475961.16, 5363750.778], [475896.614, 5363751.086]]}, "properties": {"name": "Oak Bay Avenue", "highway": "secondary", "osm_id": 1385220599, "alt_name": null, "old_name": null, "official_name": null}}, {"type": "Feature", "geometry": {"type": "LineString", "coordinates": [[475896.614, 5363751.086], [475870.374, 5363751.275]]}, "properties": {"name": "Oak Bay Avenue", "highway": "secondary", "osm_id": 1385220600, "alt_name": null, "old_name": null, "official_name": null}}, {"type": "Feature", "geometry": {"type": "LineString", "coordinates": [[473020.18, 5365127.265], [473025.356, 5365128.574], [473030.791, 5365129.982]]}, "properties": {"name": "Hillside Avenue", "highway": "secondary", "osm_id": 1385614077, "alt_name": null, "old_name": null, "official_name": null}}, {"type": "Feature", "geometry": {"type": "LineString", "coordinates": [[472285.728, 5365676.325], [472299.473, 5365695.299], [472313.701, 5365711.847]]}, "properties": {"name": "Jutland Road", "highway": "tertiary", "osm_id": 1385616142, "alt_name": null, "old_name": null, "official_name": null}}, {"type": "Feature", "geometry": {"type": "LineString", "coordinates": [[472246.072, 5365620.34], [472250.622, 5365626.654], [472285.728, 5365676.325]]}, "properties": {"name": "Jutland Road", "highway": "tertiary", "osm_id": 1385616143, "alt_name": null, "old_name": null, "official_name": null}}, {"type": "Feature", "geometry": {"type": "LineString", "coordinates": [[472388.306, 5365346.21], [472397.738, 5365340.429], [472400.297, 5365338.927], [472413.262, 5365331.327], [472422.156, 5365326.226]]}, "properties": {"name": "Gorge Road East", "highway": "secondary", "osm_id": 1385616431, "alt_name": null, "old_name": null, "official_name": null}}, {"type": "Feature", "geometry": {"type": "LineString", "coordinates": [[472462.284, 5362884.433], [472487.882, 5362953.948], [472491.136, 5362962.769], [472505.885, 5363006.049], [472507.4, 5363010.221], [472523.011, 5363051.328], [472525.291, 5363057.698], [472535.612, 5363086.559], [472553.458, 5363130.68], [472554.378, 5363132.91], [472556.403, 5363138.524]]}, "properties": {"name": "Menzies Street", "highway": "tertiary", "osm_id": 1386064486, "alt_name": null, "old_name": null, "official_name": null}}, {"type": "Feature", "geometry": {"type": "LineString", "coordinates": [[473077.921, 5364915.437], [473125.881, 5364924.969], [473142.687, 5364928.313]]}, "properties": {"name": "Kings Road", "highway": "unclassified", "osm_id": 1388918351, "alt_name": null, "old_name": null, "official_name": null}}, {"type": "Feature", "geometry": {"type": "LineString", "coordinates": [[472737.538, 5365140.835], [472749.28, 5365133.975]]}, "properties": {"name": "Gorge Road East", "highway": "secondary", "osm_id": 1389431480, "alt_name": null, "old_name": null, "official_name": null}}, {"type": "Feature", "geometry": {"type": "LineString", "coordinates": [[472471.225, 5365336.047], [472457.521, 5365333.301], [472437.918, 5365329.384], [472434.823, 5365328.765], [472422.156, 5365326.226]]}, "properties": {"name": "Garbally Road", "highway": "unclassified", "osm_id": 1389684404, "alt_name": null, "old_name": null, "official_name": null}}, {"type": "Feature", "geometry": {"type": "LineString", "coordinates": [[472373.496, 5365354.653], [472388.306, 5365346.21]]}, "properties": {"name": "Gorge Road East", "highway": "secondary", "osm_id": 1389684407, "alt_name": null, "old_name": null, "official_name": null}}, {"type": "Feature", "geometry": {"type": "LineString", "coordinates": [[472712.742, 5365155.293], [472729.175, 5365145.71]]}, "properties": {"name": "Gorge Road East", "highway": "secondary", "osm_id": 1389684412, "alt_name": null, "old_name": null, "official_name": null}}, {"type": "Feature", "geometry": {"type": "LineString", "coordinates": [[472605.755, 5365217.702], [472615.786, 5365212.007], [472619.893, 5365209.452], [472624.694, 5365206.65], [472651.319, 5365191.115]]}, "properties": {"name": "Gorge Road East", "highway": "secondary", "osm_id": 1389684413, "alt_name": null, "old_name": null, "official_name": null}}, {"type": "Feature", "geometry": {"type": "LineString", "coordinates": [[472573.385, 5365236.677], [472590.06, 5365226.904], [472594.19, 5365224.483], [472605.755, 5365217.702]]}, "properties": {"name": "Gorge Road East", "highway": "secondary", "osm_id": 1389684414, "alt_name": null, "old_name": null, "official_name": null}}, {"type": "Feature", "geometry": {"type": "LineString", "coordinates": [[472292.41, 5365402.024], [472312.565, 5365390.242]]}, "properties": {"name": "Gorge Road East", "highway": "secondary", "osm_id": 1389684416, "alt_name": null, "old_name": null, "official_name": null}}, {"type": "Feature", "geometry": {"type": "LineString", "coordinates": [[472176.392, 5365470.02], [472193.781, 5365459.797], [472198.98, 5365456.737]]}, "properties": {"name": "Gorge Road East", "highway": "secondary", "osm_id": 1389684417, "alt_name": null, "old_name": null, "official_name": null}}, {"type": "Feature", "geometry": {"type": "LineString", "coordinates": [[472034.489, 5365551.086], [472083.201, 5365523.378]]}, "properties": {"name": "Gorge Road East", "highway": "secondary", "osm_id": 1389684418, "alt_name": null, "old_name": null, "official_name": null}}, {"type": "Feature", "geometry": {"type": "LineString", "coordinates": [[472023.235, 5365557.488], [472034.489, 5365551.086]]}, "properties": {"name": "Gorge Road East", "highway": "secondary", "osm_id": 1389684419, "alt_name": null, "old_name": null, "official_name": null}}, {"type": "Feature", "geometry": {"type": "LineString", "coordinates": [[471757.885, 5365621.32], [471766.347, 5365621.567], [471772.56, 5365621.747], [471789.292, 5365622.231], [471803.363, 5365621.772]]}, "properties": {"name": "Gorge Road East", "highway": "secondary", "osm_id": 1389684420, "alt_name": null, "old_name": null, "official_name": null}}, {"type": "Feature", "geometry": {"type": "LineString", "coordinates": [[471721.497, 5365620.935], [471742.886, 5365621.162], [471748.988, 5365621.231], [471757.885, 5365621.32]]}, "properties": {"name": "Gorge Road East", "highway": "secondary", "osm_id": 1389684421, "alt_name": null, "old_name": null, "official_name": null}}, {"type": "Feature", "geometry": {"type": "LineString", "coordinates": [[471519.566, 5365651.57], [471530.214, 5365649.771], [471557.244, 5365645.223]]}, "properties": {"name": "Gorge Road East", "highway": "secondary", "osm_id": 1389684422, "alt_name": null, "old_name": null, "official_name": null}}, {"type": "Feature", "geometry": {"type": "LineString", "coordinates": [[471557.244, 5365645.223], [471586.877, 5365640.583]]}, "properties": {"name": "Gorge Road East", "highway": "secondary", "osm_id": 1389684423, "alt_name": null, "old_name": null, "official_name": null}}, {"type": "Feature", "geometry": {"type": "LineString", "coordinates": [[471486.044, 5365656.407], [471491.32, 5365655.647], [471519.566, 5365651.57]]}, "properties": {"name": "Gorge Road East", "highway": "secondary", "osm_id": 1389684424, "alt_name": null, "old_name": null, "official_name": null}}, {"type": "Feature", "geometry": {"type": "LineString", "coordinates": [[471305.956, 5365682.961], [471318.569, 5365680.852]]}, "properties": {"name": "Gorge Road East", "highway": "secondary", "osm_id": 1389684425, "alt_name": null, "old_name": null, "official_name": null}}, {"type": "Feature", "geometry": {"type": "LineString", "coordinates": [[471291.288, 5365685.414], [471305.956, 5365682.961]]}, "properties": {"name": "Gorge Road East", "highway": "secondary", "osm_id": 1389684426, "alt_name": null, "old_name": null, "official_name": null}}, {"type": "Feature", "geometry": {"type": "LineString", "coordinates": [[471228.545, 5365695.804], [471260.29, 5365690.551]]}, "properties": {"name": "Gorge Road East", "highway": "secondary", "osm_id": 1389684427, "alt_name": null, "old_name": null, "official_name": null}}, {"type": "Feature", "geometry": {"type": "LineString", "coordinates": [[473297.111, 5364768.351], [473221.106, 5364775.412], [473214.955, 5364776.053]]}, "properties": {"name": "Bay Street", "highway": "secondary", "osm_id": 1390597678, "alt_name": null, "old_name": null, "official_name": null}}, {"type": "Feature", "geometry": {"type": "LineString", "coordinates": [[473296.835, 5364761.56], [473308.339, 5364760.506], [473316.42, 5364759.756], [473321.146, 5364762.702]]}, "properties": {"name": "Bay Street", "highway": "secondary", "osm_id": 1390597679, "alt_name": null, "old_name": null, "official_name": null}}, {"type": "Feature", "geometry": {"type": "LineString", "coordinates": [[473354.262, 5364759.845], [473407.134, 5364756.773]]}, "properties": {"name": "Bay Street", "highway": "secondary", "osm_id": 1390597680, "alt_name": null, "old_name": null, "official_name": null}}, {"type": "Feature", "geometry": {"type": "LineString", "coordinates": [[473384.127, 5365195.094], [473425.57, 5365201.991], [473437.376, 5365203.958], [473445.571, 5365205.476], [473536.718, 5365222.334], [473626.463, 5365239.968], [473635.221, 5365241.694], [473733.801, 5365260.299], [473782.901, 5365269.487], [473832.497, 5365278.628]]}, "properties": {"name": "Hillside Avenue", "highway": "secondary", "osm_id": 1391070437, "alt_name": null, "old_name": null, "official_name": null}}, {"type": "Feature", "geometry": {"type": "LineString", "coordinates": [[473375.71, 5365193.499], [473384.127, 5365195.094]]}, "properties": {"name": "Hillside Avenue", "highway": "secondary", "osm_id": 1391070438, "alt_name": null, "old_name": null, "official_name": null}}, {"type": "Feature", "geometry": {"type": "LineString", "coordinates": [[473003.502, 5365113.594], [472999.77, 5365123.405]]}, "properties": {"name": "Ross Lane", "highway": "unclassified", "osm_id": 1391275568, "alt_name": null, "old_name": null, "official_name": null}}, {"type": "Feature", "geometry": {"type": "LineString", "coordinates": [[473223.231, 5364767.944], [473296.835, 5364761.56]]}, "properties": {"name": "Bay Street", "highway": "secondary", "osm_id": 1392352709, "alt_name": null, "old_name": null, "official_name": null}}, {"type": "Feature", "geometry": {"type": "LineString", "coordinates": [[473214.342, 5364768.453], [473223.231, 5364767.944]]}, "properties": {"name": "Bay Street", "highway": "secondary", "osm_id": 1392352710, "alt_name": null, "old_name": null, "official_name": null}}, {"type": "Feature", "geometry": {"type": "LineString", "coordinates": [[473177.708, 5364775.106], [473184.535, 5364770.328], [473194.171, 5364769.815], [473202.911, 5364769.318]]}, "properties": {"name": "Bay Street", "highway": "secondary", "osm_id": 1392352711, "alt_name": null, "old_name": null, "official_name": null}}, {"type": "Feature", "geometry": {"type": "LineString", "coordinates": [[473202.911, 5364769.318], [473214.342, 5364768.453]]}, "properties": {"name": "Bay Street", "highway": "secondary", "osm_id": 1392352712, "alt_name": null, "old_name": null, "official_name": null}}, {"type": "Feature", "geometry": {"type": "LineString", "coordinates": [[474980.673, 5365669.589], [474991.166, 5365675.912]]}, "properties": {"name": "Hillside Avenue", "highway": "secondary", "osm_id": 1395647583, "alt_name": null, "old_name": null, "official_name": null}}, {"type": "Feature", "geometry": {"type": "LineString", "coordinates": [[475542.322, 5365958.532], [475542.197, 5365953.608]]}, "properties": {"name": "Aldridge Street", "highway": "residential", "osm_id": 1413182359, "alt_name": null, "old_name": null, "official_name": null}}, {"type": "Feature", "geometry": {"type": "LineString", "coordinates": [[475351.731, 5365932.147], [475351.531, 5365926.879]]}, "properties": {"name": "Shelbourne Street", "highway": "secondary", "osm_id": 1413183548, "alt_name": null, "old_name": null, "official_name": null}}, {"type": "Feature", "geometry": {"type": "LineString", "coordinates": [[475352.399, 5365852.845], [475352.017, 5365841.587]]}, "properties": {"name": "Shelbourne Street", "highway": "secondary", "osm_id": 1413183549, "alt_name": null, "old_name": null, "official_name": null}}, {"type": "Feature", "geometry": {"type": "LineString", "coordinates": [[475352.017, 5365841.587], [475351.602, 5365829.461], [475351.424, 5365824.293], [475351.229, 5365818.503]]}, "properties": {"name": "Shelbourne Street", "highway": "secondary", "osm_id": 1413183550, "alt_name": null, "old_name": null, "official_name": null}}, {"type": "Feature", "geometry": {"type": "LineString", "coordinates": [[475352.577, 5365858.102], [475352.399, 5365852.845]]}, "properties": {"name": "Shelbourne Street", "highway": "secondary", "osm_id": 1413183551, "alt_name": null, "old_name": null, "official_name": null}}, {"type": "Feature", "geometry": {"type": "LineString", "coordinates": [[475390.702, 5365911.436], [475410.74, 5365922.565]]}, "properties": {"name": "Lansdowne Road", "highway": "tertiary", "osm_id": 1413183554, "alt_name": null, "old_name": null, "official_name": null}}, {"type": "Feature", "geometry": {"type": "LineString", "coordinates": [[475385.965, 5365908.8], [475390.702, 5365911.436]]}, "properties": {"name": "Lansdowne Road", "highway": "tertiary", "osm_id": 1413183555, "alt_name": null, "old_name": null, "official_name": null}}, {"type": "Feature", "geometry": {"type": "LineString", "coordinates": [[475352.349, 5365956.955], [475351.731, 5365932.147]]}, "properties": {"name": "Shelbourne Street", "highway": "secondary", "osm_id": 1413183556, "alt_name": null, "old_name": null, "official_name": null}}, {"type": "Feature", "geometry": {"type": "LineString", "coordinates": [[475429.335, 5365928.531], [475440.344, 5365931.306], [475451.486, 5365934.248]]}, "properties": {"name": "Lansdowne Road", "highway": "tertiary", "osm_id": 1413183557, "alt_name": null, "old_name": null, "official_name": null}}, {"type": "Feature", "geometry": {"type": "LineString", "coordinates": [[474944.754, 5365647.939], [474980.673, 5365669.589]]}, "properties": {"name": "Hillside Avenue", "highway": "secondary", "osm_id": 1415307082, "alt_name": null, "old_name": null, "official_name": null}}, {"type": "Feature", "geometry": {"type": "LineString", "coordinates": [[474495.372, 5365224.327], [474496.306, 5365247.822]]}, "properties": {"name": "Cedar Hill Road", "highway": "tertiary", "osm_id": 1416827653, "alt_name": null, "old_name": null, "official_name": null}}, {"type": "Feature", "geometry": {"type": "LineString", "coordinates": [[474504.502, 5365284.266], [474499.654, 5365278.463], [474498.541, 5365276.067], [474495.96, 5365267.976], [474494.627, 5365257.7], [474496.306, 5365247.822]]}, "properties": {"name": "Cedar Hill Road", "highway": "tertiary", "osm_id": 1416827654, "alt_name": null, "old_name": null, "official_name": null}}, {"type": "Feature", "geometry": {"type": "LineString", "coordinates": [[474507.213, 5365291.624], [474511.317, 5365299.82], [474520.023, 5365316.298], [474523.229, 5365323.709], [474525.94, 5365331.233], [474526.633, 5365334.02], [474528.4, 5365340.482], [474533.735, 5365373.86]]}, "properties": {"name": "Cedar Hill Road", "highway": "tertiary", "osm_id": 1416827742, "alt_name": null, "old_name": null, "official_name": null}}, {"type": "Feature", "geometry": {"type": "LineString", "coordinates": [[474505.566, 5365287.34], [474507.213, 5365291.624]]}, "properties": {"name": "Cedar Hill Road", "highway": "tertiary", "osm_id": 1416827743, "alt_name": null, "old_name": null, "official_name": null}}, {"type": "Feature", "geometry": {"type": "LineString", "coordinates": [[473505.286, 5364591.768], [473449.075, 5364597.789], [473394.774, 5364602.29], [473338.476, 5364607.135], [473283.745, 5364612.995]]}, "properties": {"name": "Queens Avenue", "highway": "residential", "osm_id": 1427557016, "alt_name": null, "old_name": null, "official_name": null}}, {"type": "Feature", "geometry": {"type": "LineString", "coordinates": [[473403.383, 5363581.167], [473393.226, 5363582.916], [473363.672, 5363587.979], [473348.555, 5363590.573], [473329.852, 5363593.773], [473283.653, 5363602.15]]}, "properties": {"name": "View Street", "highway": "tertiary", "osm_id": 1427559805, "alt_name": null, "old_name": null, "official_name": null}}, {"type": "Feature", "geometry": {"type": "LineString", "coordinates": [[472222.818, 5366093.138], [472212.922, 5366091.386], [472145.155, 5366079.425], [472138.165, 5366080.726]]}, "properties": {"name": "Tolmie Lane", "highway": "unclassified", "osm_id": 1427849109, "alt_name": null, "old_name": null, "official_name": null}}, {"type": "Feature", "geometry": {"type": "LineString", "coordinates": [[470839.15, 5364496.589], [470875.24, 5364489.444]]}, "properties": {"name": "Wilson Street", "highway": "residential", "osm_id": 1427849732, "alt_name": null, "old_name": null, "official_name": null}}, {"type": "Feature", "geometry": {"type": "LineString", "coordinates": [[470839.15, 5364496.589], [470838.834, 5364461.098]]}, "properties": {"name": "Dominion Road", "highway": "residential", "osm_id": 1427849734, "alt_name": null, "old_name": null, "official_name": null}}, {"type": "Feature", "geometry": {"type": "LineString", "coordinates": [[474507.971, 5361807.943], [474520.286, 5361814.669]]}, "properties": {"name": "Dallas Road", "highway": "secondary", "osm_id": 1429769214, "alt_name": null, "old_name": null, "official_name": null}}, {"type": "Feature", "geometry": {"type": "LineString", "coordinates": [[472977.342, 5365116.62], [472988.298, 5365120.27], [472999.77, 5365123.405]]}, "properties": {"name": "Hillside Avenue", "highway": "secondary", "osm_id": 1429770229, "alt_name": null, "old_name": null, "official_name": null}}, {"type": "Feature", "geometry": {"type": "LineString", "coordinates": [[473151.245, 5364867.57], [473151.406, 5364848.45], [473151.625, 5364832.342], [473151.684, 5364827.618], [473150.864, 5364824.654], [473149.413, 5364822.904], [473147.632, 5364821.512], [473145.017, 5364820.869], [473126.471, 5364821.813]]}, "properties": {"name": "Wendy's Drive-Though", "highway": "service", "osm_id": 1429841690, "alt_name": null, "old_name": null, "official_name": null}}, {"type": "Feature", "geometry": {"type": "LineString", "coordinates": [[471992.356, 5362779.892], [471997.583, 5362776.087], [472053.074, 5362736.253], [472063.106, 5362728.544], [472099.993, 5362701.641], [472120.381, 5362687.157], [472129.034, 5362680.289], [472153.301, 5362663.063], [472167.094, 5362652.48], [472209.291, 5362620.338]]}, "properties": {"name": "Simcoe Street", "highway": "residential", "osm_id": 1433617722, "alt_name": null, "old_name": null, "official_name": null}}, {"type": "Feature", "geometry": {"type": "LineString", "coordinates": [[472332.216, 5362536.347], [472322.464, 5362540.93], [472320.131, 5362542.008], [472311.273, 5362547.932], [472286.607, 5362565.47], [472274.476, 5362574.044], [472272.875, 5362574.975], [472269.713, 5362577.469], [472209.291, 5362620.338]]}, "properties": {"name": "Simcoe Street", "highway": "residential", "osm_id": 1433617723, "alt_name": null, "old_name": null, "official_name": null}}, {"type": "Feature", "geometry": {"type": "LineString", "coordinates": [[472658.644, 5366167.181], [472645.307, 5366164.9], [472545.815, 5366147.919], [472510.527, 5366141.976], [472505.184, 5366141.08], [472490.685, 5366138.527]]}, "properties": {"name": "Tolmie Avenue", "highway": "tertiary", "osm_id": 1442024663, "alt_name": null, "old_name": null, "official_name": null}}, {"type": "Feature", "geometry": {"type": "LineString", "coordinates": [[472736.144, 5366181.413], [472722.587, 5366179.489], [472696.958, 5366175.177], [472666.786, 5366168.876], [472658.644, 5366167.181]]}, "properties": {"name": "Tolmie Avenue", "highway": "tertiary", "osm_id": 1442024664, "alt_name": null, "old_name": null, "official_name": null}}, {"type": "Feature", "geometry": {"type": "LineString", "coordinates": [[476238.565, 5363497.506], [476279.439, 5363491.877]]}, "properties": {"name": "Brighton Avenue", "highway": "residential", "osm_id": 1442037197, "alt_name": null, "old_name": null, "official_name": null}}, {"type": "Feature", "geometry": {"type": "LineString", "coordinates": [[476277.504, 5363605.665], [476329.463, 5363611.472], [476342.919, 5363612.972], [476386.012, 5363617.794]]}, "properties": {"name": "Granite Street", "highway": "residential", "osm_id": 1442037198, "alt_name": null, "old_name": null, "official_name": null}}, {"type": "Feature", "geometry": {"type": "LineString", "coordinates": [[476277.504, 5363605.665], [476279.439, 5363491.877]]}, "properties": {"name": "Mitchell Street", "highway": "residential", "osm_id": 1442037199, "alt_name": null, "old_name": null, "official_name": null}}, {"type": "Feature", "geometry": {"type": "LineString", "coordinates": [[475351.902, 5365905.124], [475352.324, 5365889.916]]}, "properties": {"name": "Shelbourne Street", "highway": "secondary", "osm_id": 1448321265, "alt_name": null, "old_name": null, "official_name": null}}, {"type": "Feature", "geometry": {"type": "LineString", "coordinates": [[470836.227, 5364380.078], [470834.995, 5364374.882], [470831.761, 5364367.473]]}, "properties": {"name": "Dominion Road", "highway": "residential", "osm_id": 1448529459, "alt_name": null, "old_name": null, "official_name": null}}, {"type": "Feature", "geometry": {"type": "LineString", "coordinates": [[470512.613, 5364326.308], [470494.889, 5364317.708], [470483.082, 5364311.823]]}, "properties": {"name": "Esquimalt Road", "highway": "secondary", "osm_id": 1448529460, "alt_name": null, "old_name": null, "official_name": null}}, {"type": "Feature", "geometry": {"type": "LineString", "coordinates": [[470442.453, 5364291.448], [470433.531, 5364285.648], [470426.129, 5364279.061]]}, "properties": {"name": "Esquimalt Road", "highway": "secondary", "osm_id": 1448529462, "alt_name": null, "old_name": null, "official_name": null}}, {"type": "Feature", "geometry": {"type": "LineString", "coordinates": [[470791.934, 5364356.04], [470792.478, 5364373.945], [470794.209, 5364379.727], [470797.631, 5364387.813]]}, "properties": {"name": "Dunsmuir Road", "highway": "residential", "osm_id": 1454556877, "alt_name": null, "old_name": null, "official_name": null}}, {"type": "Feature", "geometry": {"type": "LineString", "coordinates": [[470530.414, 5364335.33], [470512.613, 5364326.308]]}, "properties": {"name": "Esquimalt Road", "highway": "secondary", "osm_id": 1454557981, "alt_name": null, "old_name": null, "official_name": null}}, {"type": "Feature", "geometry": {"type": "LineString", "coordinates": [[470567.733, 5364352.443], [470559.268, 5364349.119], [470530.414, 5364335.33]]}, "properties": {"name": "Esquimalt Road", "highway": "secondary", "osm_id": 1454557982, "alt_name": null, "old_name": null, "official_name": null}}, {"type": "Feature", "geometry": {"type": "LineString", "coordinates": [[470839.901, 5364362.296], [470837.342, 5364363.921]]}, "properties": {"name": "Esquimalt Road", "highway": "secondary", "osm_id": 1454557983, "alt_name": null, "old_name": null, "official_name": null}}, {"type": "Feature", "geometry": {"type": "LineString", "coordinates": [[470865.112, 5364348.261], [470839.901, 5364362.296]]}, "properties": {"name": "Esquimalt Road", "highway": "secondary", "osm_id": 1454557984, "alt_name": null, "old_name": null, "official_name": null}}, {"type": "Feature", "geometry": {"type": "LineString", "coordinates": [[470937.672, 5364307.827], [470921.791, 5364316.679]]}, "properties": {"name": "Esquimalt Road", "highway": "secondary", "osm_id": 1454557985, "alt_name": null, "old_name": null, "official_name": null}}, {"type": "Feature", "geometry": {"type": "LineString", "coordinates": [[470921.791, 5364316.679], [470895.465, 5364331.353]]}, "properties": {"name": "Esquimalt Road", "highway": "secondary", "osm_id": 1454557986, "alt_name": null, "old_name": null, "official_name": null}}, {"type": "Feature", "geometry": {"type": "LineString", "coordinates": [[471785.958, 5363241.926], [471784.193, 5363239.512], [471779.978, 5363234.019], [471775.763, 5363228.527]]}, "properties": {"name": "Saint Lawrence Street", "highway": "tertiary", "osm_id": 1455667368, "alt_name": null, "old_name": null, "official_name": null}}, {"type": "Feature", "geometry": {"type": "LineString", "coordinates": [[472892.088, 5365926.827], [472853.863, 5366028.763], [472818.423, 5366123.638], [472807.428, 5366154.715], [472801.855, 5366172.249], [472800.029, 5366178.405], [472796.557, 5366190.104]]}, "properties": {"name": "Blanshard Street", "highway": "primary", "osm_id": 1457033809, "alt_name": null, "old_name": null, "official_name": null}}, {"type": "Feature", "geometry": {"type": "LineString", "coordinates": [[472780.433, 5366187.714], [472783.236, 5366175.629], [472784.575, 5366169.553], [472789.742, 5366152.266], [472805.473, 5366107.905], [472815.461, 5366081.235], [472842.537, 5366010.832], [472875.465, 5365920.815]]}, "properties": {"name": "Blanshard Street", "highway": "primary", "osm_id": 1457033810, "alt_name": null, "old_name": null, "official_name": null}}, {"type": "Feature", "geometry": {"type": "LineString", "coordinates": [[472780.433, 5366187.714], [472736.144, 5366181.413]]}, "properties": {"name": "Tolmie Avenue", "highway": "tertiary", "osm_id": 1458389471, "alt_name": null, "old_name": null, "official_name": null}}, {"type": "Feature", "geometry": {"type": "LineString", "coordinates": [[473016.608, 5366227.8], [472978.484, 5366220.69], [472947.984, 5366215.289]]}, "properties": {"name": "Tolmie Avenue", "highway": "tertiary", "osm_id": 1458389472, "alt_name": null, "old_name": null, "official_name": null}}, {"type": "Feature", "geometry": {"type": "LineString", "coordinates": [[472712.46, 5363140.072], [472713.041, 5363144.015], [472713.921, 5363150.002]]}, "properties": {"name": "Government Street", "highway": "secondary", "osm_id": 1463563119, "alt_name": null, "old_name": null, "official_name": null}}, {"type": "Feature", "geometry": {"type": "LineString", "coordinates": [[472713.921, 5363150.002], [472715.644, 5363160.542]]}, "properties": {"name": "Government Street", "highway": "secondary", "osm_id": 1463563120, "alt_name": null, "old_name": null, "official_name": null}}, {"type": "Feature", "geometry": {"type": "LineString", "coordinates": [[473222.254, 5364021.377], [473222.032, 5364027.725], [473223.541, 5364040.168]]}, "properties": {"name": "Blanshard Street", "highway": "primary", "osm_id": 1465276257, "alt_name": null, "old_name": null, "official_name": null}}, {"type": "Feature", "geometry": {"type": "LineString", "coordinates": [[472807.088, 5366191.654], [472796.557, 5366190.104], [472786.767, 5366188.651], [472780.433, 5366187.714]]}, "properties": {"name": "Tolmie Avenue", "highway": "tertiary", "osm_id": 1465759493, "alt_name": null, "old_name": null, "official_name": null}}, {"type": "Feature", "geometry": {"type": "LineString", "coordinates": [[472651.319, 5365191.115], [472668.6, 5365181.039], [472669.515, 5365180.501], [472673.335, 5365178.282], [472678.454, 5365175.3]]}, "properties": {"name": "Gorge Road East", "highway": "secondary", "osm_id": 1465760170, "alt_name": null, "old_name": null, "official_name": null}}, {"type": "Feature", "geometry": {"type": "LineString", "coordinates": [[472492.959, 5365283.853], [472504.863, 5365276.87], [472510.497, 5365273.564]]}, "properties": {"name": "Gorge Road East", "highway": "secondary", "osm_id": 1465760260, "alt_name": null, "old_name": null, "official_name": null}}, {"type": "Feature", "geometry": {"type": "LineString", "coordinates": [[470538.002, 5363746.137], [470554.466, 5363728.344], [470559.213, 5363723.518], [470561.229, 5363721.44], [470571.252, 5363711.028]]}, "properties": {"name": "Head Street", "highway": "residential", "osm_id": 1473253031, "alt_name": null, "old_name": null, "official_name": null}}, {"type": "Feature", "geometry": {"type": "LineString", "coordinates": [[470837.342, 5364363.921], [470831.761, 5364367.473]]}, "properties": {"name": "Esquimalt Road", "highway": "secondary", "osm_id": 1473253034, "alt_name": null, "old_name": null, "official_name": null}}, {"type": "Feature", "geometry": {"type": "LineString", "coordinates": [[472952.075, 5365107.17], [472977.342, 5365116.62]]}, "properties": {"name": "Hillside Avenue", "highway": "secondary", "osm_id": 1473762813, "alt_name": null, "old_name": null, "official_name": null}}, {"type": "Feature", "geometry": {"type": "LineString", "coordinates": [[474980.669, 5363704.358], [474994.343, 5363713.39]]}, "properties": {"name": "Fort Street", "highway": "secondary", "osm_id": 1475992938, "alt_name": null, "old_name": null, "official_name": null}}, {"type": "Feature", "geometry": {"type": "LineString", "coordinates": [[474876.587, 5363648.007], [474895.242, 5363655.516]]}, "properties": {"name": "Fort Street", "highway": "secondary", "osm_id": 1475992939, "alt_name": null, "old_name": null, "official_name": null}}, {"type": "Feature", "geometry": {"type": "LineString", "coordinates": [[474895.242, 5363655.516], [474918.097, 5363666.086], [474944.96, 5363681.373], [474974.599, 5363700.339]]}, "properties": {"name": "Fort Street", "highway": "secondary", "osm_id": 1475992940, "alt_name": null, "old_name": null, "official_name": null}}, {"type": "Feature", "geometry": {"type": "LineString", "coordinates": [[474662.164, 5363553.089], [474692.193, 5363567.928], [474696.768, 5363570.231], [474716.625, 5363580.213], [474753.032, 5363598.513], [474778.953, 5363609.58], [474812.333, 5363622.86], [474816.988, 5363624.706], [474830.009, 5363629.706], [474853.049, 5363638.541]]}, "properties": {"name": "Fort Street", "highway": "secondary", "osm_id": 1477325605, "alt_name": null, "old_name": null, "official_name": null}}, {"type": "Feature", "geometry": {"type": "LineString", "coordinates": [[472804.418, 5362191.234], [472805.962, 5362187.78], [472806.963, 5362183.385], [472807.215, 5362178.848], [472807.018, 5362173.303], [472806.975, 5362170.546], [472805.649, 5362164.05]]}, "properties": {"name": "Circle Drive", "highway": "unclassified", "osm_id": 1477343929, "alt_name": null, "old_name": null, "official_name": null}}, {"type": "Feature", "geometry": {"type": "LineString", "coordinates": [[472652.257, 5363520.583], [472653.019, 5363509.809], [472654.085, 5363503.812], [472655.494, 5363493.812], [472667.668, 5363453.159]]}, "properties": {"name": "Wharf Street", "highway": "secondary", "osm_id": 1479479748, "alt_name": null, "old_name": null, "official_name": null}}, {"type": "Feature", "geometry": {"type": "LineString", "coordinates": [[472647.928, 5363584.753], [472648.899, 5363571.265]]}, "properties": {"name": "Wharf Street", "highway": "secondary", "osm_id": 1479479749, "alt_name": null, "old_name": null, "official_name": null}}, {"type": "Feature", "geometry": {"type": "LineString", "coordinates": [[474980.214, 5363765.518], [474904.634, 5363765.074], [474866.248, 5363765.567], [474857.817, 5363766.049], [474856.116, 5363766.179], [474850.147, 5363766.55], [474843.389, 5363767.347], [474752.91, 5363778.665], [474744.555, 5363779.569]]}, "properties": {"name": "Pandora Avenue", "highway": "secondary", "osm_id": 1481620046, "alt_name": null, "old_name": null, "official_name": null}}, {"type": "Feature", "geometry": {"type": "LineString", "coordinates": [[474988.606, 5363742.605], [474992.06, 5363725.728], [474994.343, 5363713.39]]}, "properties": {"name": "Belmont Avenue", "highway": "residential", "osm_id": 1481620048, "alt_name": null, "old_name": null, "official_name": null}}, {"type": "Feature", "geometry": {"type": "LineString", "coordinates": [[472132.415, 5364125.851], [472138.597, 5364111.738]]}, "properties": {"name": "Dockside Crescent", "highway": "service", "osm_id": 1501242733, "alt_name": null, "old_name": null, "official_name": null}}, {"type": "Feature", "geometry": {"type": "LineString", "coordinates": [[473959.974, 5364926.197], [473956.387, 5364876.382], [473955.962, 5364870.882], [473955.671, 5364867.115]]}, "properties": {"name": "Cook Street", "highway": "secondary", "osm_id": 1503063393, "alt_name": null, "old_name": null, "official_name": null}}, {"type": "Feature", "geometry": {"type": "LineString", "coordinates": [[475813.529, 5365676.086], [475990.065, 5365668.798]]}, "properties": {"name": "Forrester Street", "highway": "residential", "osm_id": 1511167851, "alt_name": null, "old_name": null, "official_name": null}}, {"type": "Feature", "geometry": {"type": "LineString", "coordinates": [[475995.273, 5365663.874], [475995.383, 5365609.707], [475993.668, 5365574.889], [475991.354, 5365528.058], [475989.085, 5365481.36]]}, "properties": {"name": "Dean Avenue", "highway": "residential", "osm_id": 1511167852, "alt_name": null, "old_name": null, "official_name": null}}, {"type": "Feature", "geometry": {"type": "LineString", "coordinates": [[473180.707, 5364811.552], [473182.76, 5364840.631], [473183.263, 5364864.061], [473182.492, 5364888.608], [473179.584, 5364918.189], [473178.471, 5364925.286], [473176.748, 5364936.277]]}, "properties": {"name": "Blanshard Street", "highway": "primary", "osm_id": 1512141895, "alt_name": null, "old_name": null, "official_name": null}}, {"type": "Feature", "geometry": {"type": "LineString", "coordinates": [[473161.502, 5364932.67], [473163.132, 5364922.391], [473164.367, 5364914.582]]}, "properties": {"name": "Blanshard Street", "highway": "primary", "osm_id": 1512141896, "alt_name": null, "old_name": null, "official_name": null}}, {"type": "Feature", "geometry": {"type": "LineString", "coordinates": [[473959.974, 5364926.197], [473965.357, 5364940.344], [473971.687, 5365028.485], [473975.95, 5365091.813]]}, "properties": {"name": "Cook Street", "highway": "secondary", "osm_id": 1517861539, "alt_name": null, "old_name": null, "official_name": null}}, {"type": "Feature", "geometry": {"type": "LineString", "coordinates": [[473991.552, 5365292.334], [473990.602, 5365297.974], [473989.126, 5365306.696]]}, "properties": {"name": "Cook Street", "highway": "secondary", "osm_id": 1517861541, "alt_name": null, "old_name": null, "official_name": null}}, {"type": "Feature", "geometry": {"type": "LineString", "coordinates": [[471928.972, 5365413.295], [471910.228, 5365379.808], [471907.574, 5365372.64], [471906.534, 5365367.243], [471907.188, 5365360.459], [471920.726, 5365322.388], [471923.65, 5365316.971], [471929.056, 5365310.83], [471937.387, 5365305.454], [471970.571, 5365287.204]]}, "properties": {"name": "Waterfront Crescent", "highway": "unclassified", "osm_id": 1525304085, "alt_name": null, "old_name": null, "official_name": null}}, {"type": "Feature", "geometry": {"type": "LineString", "coordinates": [[472148.417, 5365485.909], [472153.46, 5365493.231]]}, "properties": {"name": "Jutland Road", "highway": "tertiary", "osm_id": 1527337692, "alt_name": null, "old_name": null, "official_name": null}}, {"type": "Feature", "geometry": {"type": "LineString", "coordinates": [[473342.005, 5363240.917], [473338.626, 5363227.283], [473335.8, 5363214.78], [473333.14, 5363199.776]]}, "properties": {"name": "Quadra Street", "highway": "secondary", "osm_id": 1527743344, "alt_name": null, "old_name": null, "official_name": null}}, {"type": "Feature", "geometry": {"type": "LineString", "coordinates": [[473356.236, 5363307.744], [473355.88, 5363305.934], [473353.272, 5363292.697], [473350.976, 5363281.047], [473348.258, 5363267.999], [473345.037, 5363253.33], [473342.005, 5363240.917]]}, "properties": {"name": "Quadra Street", "highway": "secondary", "osm_id": 1527743350, "alt_name": null, "old_name": null, "official_name": null}}, {"type": "Feature", "geometry": {"type": "LineString", "coordinates": [[473078.322, 5362803.052], [473087.39, 5362797.718], [473096.852, 5362794.161], [473121.824, 5362787.862], [473169.36, 5362777.599], [473184.641, 5362773.192]]}, "properties": {"name": "Southgate Street", "highway": "tertiary", "osm_id": 1527775915, "alt_name": null, "old_name": null, "official_name": null}}, {"type": "Feature", "geometry": {"type": "LineString", "coordinates": [[471869.147, 5362609.399], [471873.825, 5362615.768], [471895.661, 5362645.527], [471917.371, 5362675.298], [471924.277, 5362684.768], [471937.732, 5362703.22], [471944.139, 5362712.003], [471963.309, 5362737.174], [471988.246, 5362774.788], [471992.356, 5362779.892]]}, "properties": {"name": "Oswego Street", "highway": "tertiary", "osm_id": 1527789696, "alt_name": null, "old_name": null, "official_name": null}}, {"type": "Feature", "geometry": {"type": "LineString", "coordinates": [[473041.032, 5365499.118], [473047.713, 5365485.559], [473052.444, 5365475.799], [473058.499, 5365461.509], [473064.299, 5365444.763], [473068.969, 5365426.711], [473074.615, 5365399.406], [473103.702, 5365243.304], [473114.454, 5365186.864]]}, "properties": {"name": "Blanshard Street", "highway": "primary", "osm_id": 1527921909, "alt_name": null, "old_name": null, "official_name": null}}, {"type": "Feature", "geometry": {"type": "LineString", "coordinates": [[473130.428, 5365185.02], [473118.906, 5365246.011], [473104.899, 5365321.042], [473093.217, 5365382.456], [473089.53, 5365401.825], [473084.301, 5365429.828], [473079.923, 5365447.034], [473072.876, 5365467.587], [473064.578, 5365487.668]]}, "properties": {"name": "Blanshard Street", "highway": "primary", "osm_id": 1527921910, "alt_name": null, "old_name": null, "official_name": null}}, {"type": "Feature", "geometry": {"type": "LineString", "coordinates": [[473213.489, 5364472.325], [473219.532, 5364478.376], [473224.717, 5364489.401]]}, "properties": {"name": "Pembroke Street", "highway": "primary_link", "osm_id": 1531099003, "alt_name": null, "old_name": null, "official_name": null}}, {"type": "Feature", "geometry": {"type": "LineString", "coordinates": [[475725.003, 5364550.419], [475737.621, 5364555.467], [475749.58, 5364561.829], [475752.235, 5364563.474], [475759.985, 5364568.265], [475770.861, 5364575.711], [475778.896, 5364581.323], [475786.033, 5364586.283], [475791.85, 5364590.494], [475797.474, 5364594.471]]}, "properties": {"name": "Bay Street", "highway": "unclassified", "osm_id": 1536462865, "alt_name": null, "old_name": null, "official_name": null}}, {"type": "Feature", "geometry": {"type": "LineString", "coordinates": [[472568.973, 5366422.075], [472572.751, 5366411.23], [472581.204, 5366386.946], [472606.534, 5366314.227]]}, "properties": {"name": "Oak Street", "highway": "unclassified", "osm_id": 1539324885, "alt_name": null, "old_name": null, "official_name": null}}, {"type": "Feature", "geometry": {"type": "LineString", "coordinates": [[475097.023, 5366185.02], [475096.768, 5366179.096], [475096.439, 5366171.473]]}, "properties": {"name": "Keats Street", "highway": "residential", "osm_id": 1539601011, "alt_name": null, "old_name": null, "official_name": null}}, {"type": "Feature", "geometry": {"type": "LineString", "coordinates": [[473172.438, 5364283.964], [473168.673, 5364283.893], [473150.807, 5364283.578], [473144.06, 5364283.454], [473137.964, 5364283.338], [473131.624, 5364283.224]]}, "properties": {"name": "Caledonia Avenue", "highway": "tertiary", "osm_id": 1549451793, "alt_name": null, "old_name": null, "official_name": null}}, {"type": "Feature", "geometry": {"type": "LineString", "coordinates": [[473131.624, 5364283.224], [473097.815, 5364282.617]]}, "properties": {"name": "Caledonia Avenue", "highway": "tertiary", "osm_id": 1549451794, "alt_name": null, "old_name": null, "official_name": null}}, {"type": "Feature", "geometry": {"type": "LineString", "coordinates": [[472966.826, 5364280.184], [472990.589, 5364280.649], [473017.562, 5364281.165], [473020.817, 5364281.227], [473034.533, 5364281.473]]}, "properties": {"name": "Chatham Street", "highway": "tertiary", "osm_id": 1549451795, "alt_name": null, "old_name": null, "official_name": null}}, {"type": "Feature", "geometry": {"type": "LineString", "coordinates": [[473495.099, 5363565.309], [473492.933, 5363565.686], [473458.049, 5363571.718], [473412.505, 5363579.591], [473403.383, 5363581.167]]}, "properties": {"name": "View Street", "highway": "tertiary", "osm_id": 1551838490, "alt_name": null, "old_name": null, "official_name": null}}, {"type": "Feature", "geometry": {"type": "LineString", "coordinates": [[473315.103, 5363798.537], [473348.388, 5363792.712], [473359.587, 5363790.736], [473379.043, 5363787.321], [473426.779, 5363778.805], [473436.514, 5363777.058]]}, "properties": {"name": "Johnson Street", "highway": "secondary", "osm_id": 1551838836, "alt_name": null, "old_name": null, "official_name": null}}, {"type": "Feature", "geometry": {"type": "LineString", "coordinates": [[474210.332, 5365633.107], [474208.867, 5365623.232]]}, "properties": {"name": "Cook Street", "highway": "secondary", "osm_id": 1552089311, "alt_name": null, "old_name": null, "official_name": null}}, {"type": "Feature", "geometry": {"type": "LineString", "coordinates": [[474096.62, 5366307.613], [474094.317, 5366324.586], [474092.138, 5366338.168], [474091.089, 5366344.72], [474089.96, 5366351.75], [474089.695, 5366353.608]]}, "properties": {"name": "Maplewood Road", "highway": "tertiary", "osm_id": 1552090505, "alt_name": null, "old_name": null, "official_name": null}}, {"type": "Feature", "geometry": {"type": "LineString", "coordinates": [[474204.233, 5365601.144], [474216.264, 5365617.051]]}, "properties": {"name": "Kiwanis Way", "highway": "tertiary", "osm_id": 1552090506, "alt_name": null, "old_name": null, "official_name": null}}, {"type": "Feature", "geometry": {"type": "LineString", "coordinates": [[473959.031, 5365081.364], [473966.722, 5365082.741]]}, "properties": {"name": "Kings Road", "highway": "residential", "osm_id": 1552314670, "alt_name": null, "old_name": null, "official_name": null}}, {"type": "Feature", "geometry": {"type": "LineString", "coordinates": [[474077.621, 5366358.721], [474078.832, 5366356.714], [474079.952, 5366354.386], [474085.102, 5366343.736], [474092.72, 5366321.514], [474096.62, 5366307.613]]}, "properties": {"name": "Cook Street", "highway": "secondary", "osm_id": 1552316598, "alt_name": null, "old_name": null, "official_name": null}}, {"type": "Feature", "geometry": {"type": "LineString", "coordinates": [[475457.747, 5365957.575], [475455.063, 5365947.271], [475457.194, 5365935.657]]}, "properties": {"name": "Kingsley Street", "highway": "residential", "osm_id": 1553017992, "alt_name": null, "old_name": null, "official_name": null}}, {"type": "Feature", "geometry": {"type": "LineString", "coordinates": [[475716.047, 5365941.155], [475720.691, 5365941.091]]}, "properties": {"name": "Lansdowne Road", "highway": "tertiary", "osm_id": 1553019388, "alt_name": null, "old_name": null, "official_name": null}}, {"type": "Feature", "geometry": {"type": "LineString", "coordinates": [[473955.671, 5364867.115], [473955.512, 5364864.714], [473955.13, 5364858.903], [473950.84, 5364799.265]]}, "properties": {"name": "Cook Street", "highway": "secondary", "osm_id": 1553348512, "alt_name": null, "old_name": null, "official_name": null}}, {"type": "Feature", "geometry": {"type": "LineString", "coordinates": [[473950.84, 5364799.265], [473949.869, 5364785.953]]}, "properties": {"name": "Cook Street", "highway": "secondary", "osm_id": 1553348513, "alt_name": null, "old_name": null, "official_name": null}}, {"type": "Feature", "geometry": {"type": "LineString", "coordinates": [[474280.644, 5365679.184], [474284.026, 5365684.571]]}, "properties": {"name": "Cedar Hill Road", "highway": "tertiary", "osm_id": 1554564601, "alt_name": null, "old_name": null, "official_name": null}}, {"type": "Feature", "geometry": {"type": "LineString", "coordinates": [[474294.373, 5365650.554], [474283.751, 5365664.875], [474282.318, 5365666.804], [474277.812, 5365672.883]]}, "properties": {"name": "Cedar Hill Road", "highway": "tertiary", "osm_id": 1554564602, "alt_name": null, "old_name": null, "official_name": null}}, {"type": "Feature", "geometry": {"type": "LineString", "coordinates": [[474284.026, 5365684.571], [474303.104, 5365714.963], [474318.686, 5365739.558], [474327.876, 5365753.689], [474361.857, 5365807.312], [474382.36, 5365835.876], [474448.635, 5365945.343], [474477.964, 5365989.529], [474509.843, 5366038.606], [474514.39, 5366044.81], [474521.145, 5366063.698], [474544.241, 5366134.701], [474553.848, 5366161.313]]}, "properties": {"name": "Cedar Hill Road", "highway": "tertiary", "osm_id": 1554564604, "alt_name": null, "old_name": null, "official_name": null}}]}